model,cost_bps,period,months,strategy_total_return,benchmark_total_return,strategy_cagr,benchmark_cagr,excess_cagr,strategy_volatility,strategy_sharpe_rf0,strategy_max_drawdown,benchmark_max_drawdown,active_hit_rate,information_ratio,beta_to_benchmark,annualized_alpha_rf0,average_monthly_turnover
cap500_composite,25.0,2015-02-28_2016-01-31,12,-0.0033252026600650852,-0.12464244015822579,-0.0033252026600650852,-0.12464244015822579,0.1213172374981607,0.0033252026600650644,-1.0,-0.0033252026600650852,-0.2346154234110902,0.5,0.7431381089190269,-0.006439638019553677,-0.0040958444586303155,0.08333333333333333
cap500_composite,25.0,2015-03-31_2016-02-29,12,0.04492941155693031,-0.12200466014015787,0.04492941155693031,-0.12200466014015787,0.16693407169708818,0.04883030910884061,0.9234101540912801,-0.0033252026600650852,-0.1902603904171294,0.5833333333333334,1.0331141360203349,0.04765970687747436,0.0519007095897559,0.1111111111111111
cap500_composite,25.0,2015-04-30_2016-03-31,12,0.07227777874362662,-0.048726200591690305,0.07227777874362662,-0.048726200591690305,0.12100397933531692,0.053430590397867975,1.3337463978494897,-0.0033252026600650852,-0.19026039041712928,0.5833333333333334,0.787747120130398,0.04807193540677611,0.07573716240941519,0.1111111111111111
cap500_composite,25.0,2015-05-31_2016-04-30,12,0.1291312132678335,-0.08042168629585977,0.1291312132678335,-0.08042168629585977,0.20955289956369327,0.07056262754338985,1.7613295184377222,-0.0033252026600650852,-0.13984875260474772,0.6666666666666666,1.3679998489797394,0.055303730601662465,0.13627218871282554,0.13888888888888887
cap500_composite,25.0,2015-06-30_2016-05-31,12,0.2869380564161301,0.021583559353247406,0.2869380564161301,0.021583559353247406,0.2653544970628827,0.14612888082511347,1.806922514502853,-0.0033252026600650852,-0.12048239811387595,0.6666666666666666,1.4633092761651127,0.37343959344421895,0.284599732398201,0.19444444444444442
cap500_composite,25.0,2015-07-31_2016-06-30,12,0.41444265700210847,0.08609325121736311,0.41444265700210847,0.08609325121736311,0.32834940578474536,0.16252157441928647,2.2342849455658103,-0.0033252026600650852,-0.06335332759593715,0.6666666666666666,1.645799803805401,0.4746489692211393,0.3711938049259884,0.24999999999999997
cap500_composite,25.0,2015-08-31_2016-07-31,12,0.5237760776760259,0.19435729107699262,0.5237760776760259,0.19435729107699262,0.32941878659903323,0.1651813696283938,2.666265507987099,-0.0033252026600650852,-0.010009943632593221,0.6666666666666666,1.579200980913155,0.5426363697007354,0.39856850054389326,0.27777777777777773
cap500_composite,25.0,2015-09-30_2016-08-31,12,0.6928802210673857,0.27010420996995776,0.6928802210673857,0.27010420996995776,0.4227760110974279,0.17525467679204632,3.1462465278157685,-0.0033252026600650852,-0.010009943632593332,0.6666666666666666,1.6761111021126187,0.25262280733444104,0.61606547298428,0.3333333333333333
cap500_composite,25.0,2015-10-31_2016-09-30,12,0.8821373120748,0.2171792753369357,0.8821373120748,0.2171792753369357,0.6649580367378642,0.17889827555048687,3.707080629736187,-0.0033252026600650852,-0.010009943632593221,0.75,2.6487206156902507,0.661418504527726,0.6810007911315363,0.38888888888888884
cap500_composite,25.0,2015-11-30_2016-10-31,12,1.1922886743920311,0.15802517726789156,1.1922886743920311,0.15802517726789156,1.0342634971241396,0.19821523064593924,4.177161953365723,-0.0033252026600650852,-0.05046191183613391,0.75,2.7841792667610394,-0.6195386593499667,1.4308487549389177,0.4166666666666667
cap500_composite,25.0,2015-12-31_2016-11-30,12,1.2304265093240736,0.15325670090751609,1.2304265093240736,0.15325670090751609,1.0771698084165575,0.19228375093220446,4.396489418640866,-0.0033252026600650852,-0.05046191183613402,0.75,2.9692129144296286,-0.558606072910301,1.4439262216030664,0.4166666666666666
cap500_composite,25.0,2016-01-31_2016-12-31,12,1.3520937463028422,0.1471553785298949,1.3520937463028422,0.1471553785298949,1.2049383677729473,0.17766323792051267,5.06532669882879,0.0,-0.05046191183613402,0.8333333333333334,3.368520986996137,-0.5884667498102507,1.5736131098600383,0.44444444444444436
cap500_composite,25.0,2016-02-29_2017-01-31,12,1.6042281763079056,0.12910312615333996,1.6042281763079056,0.12910312615333996,1.4751250501545656,0.15723376861914873,6.4029606607842755,0.0,-0.05046191183613391,0.9166666666666666,4.469638998592066,-0.3572965000065746,1.7405521618899673,0.4166666666666667
cap500_composite,25.0,2016-03-31_2017-02-28,12,1.4096643963223108,0.1492046756740173,1.4096643963223108,0.1492046756740173,1.2604597206482935,0.19214930274467262,4.831835087476861,-0.02991228606075913,-0.05046191183613402,0.8333333333333334,3.295310151817344,-0.6269912274362884,1.6584114012529336,0.4166666666666667
cap500_composite,25.0,2016-04-30_2017-03-31,12,1.5254464673890125,0.17503808646495478,1.5254464673890125,0.17503808646495478,1.3504083809240577,0.18396961685689409,5.314683833895594,-0.02991228606075913,-0.05046191183613402,0.8333333333333334,3.453950935741621,-0.7387560864590444,1.8663856653640964,0.47222222222222227
cap500_composite,25.0,2016-05-31_2017-04-30,12,1.411735401673834,0.19627580709932912,1.411735401673834,0.19627580709932912,1.2154595945745048,0.1975770282824934,4.708679417206498,-0.02991228606075913,-0.05046191183613402,0.75,3.0380438153127214,-0.8200718029230407,1.8164006445619512,0.5277777777777778
cap500_composite,25.0,2016-06-30_2017-05-31,12,1.0975648566478347,0.16211773486732262,1.0975648566478347,0.16211773486732262,0.935447121780512,0.20229039771903962,3.8650047850633644,-0.02991228606075902,-0.05046191183613402,0.6666666666666666,2.4395152902781763,-1.3117867190554773,1.5756844805655938,0.49999999999999994
cap500_composite,25.0,2016-07-31_2017-06-30,12,0.8419085755676758,0.11985678631409691,0.8419085755676758,0.11985678631409691,0.7220517892535789,0.2212506592556798,2.928331701246658,-0.043292135957323286,-0.05046191183613402,0.5833333333333334,1.9541774722650969,-1.5211623234153082,1.221380124170992,0.5
cap500_composite,25.0,2016-08-31_2017-07-31,12,0.6386797309090475,0.08878533946639733,0.6386797309090475,0.08878533946639733,0.5498943914426502,0.23882277660317786,2.215159609869471,-0.08305948681918707,-0.05046191183613402,0.5,1.5405640847301725,-1.7402646937433444,0.9414051541531376,0.5277777777777778
cap500_composite,25.0,2016-09-30_2017-08-31,12,0.6813972732179132,0.09996258200034913,0.6813972732179132,0.09996258200034913,0.5814346912175641,0.2492023316369005,2.239111535936612,-0.08305948681918718,-0.05046191183613402,0.5,1.5723501126355763,-1.6609201519759063,1.014207204695428,0.5277777777777778
cap500_composite,25.0,2016-10-31_2017-09-30,12,0.6978564117707238,0.1075588143605537,0.6978564117707238,0.1075588143605537,0.5902975974101701,0.2525287033018031,2.25271479663035,-0.08305948681918718,-0.0004923640702735321,0.5,1.5806311816584167,-1.5244531157031378,1.029702451099964,0.5
cap500_composite,25.0,2016-11-30_2017-10-31,12,0.38682123545835956,0.1559996199134983,0.38682123545835956,0.1559996199134983,0.23082161554486125,0.23378328950342306,1.5206156148551793,-0.08305948681918729,-0.008932388259170088,0.4166666666666667,0.9084950185748286,0.9904000344825716,0.2316983824858021,0.5
cap500_composite,25.0,2016-12-31_2017-11-30,12,0.3266323094858212,0.19992461049678534,0.3266323094858212,0.19992461049678534,0.1267076989890359,0.24037971337366001,1.2951961107700183,-0.08305948681918718,-0.008932388259169977,0.4166666666666667,0.4926127870900208,-0.2487764481505455,0.42238117553518606,0.5277777777777777
cap500_composite,25.0,2017-01-31_2017-12-31,12,0.4549139794239445,0.24773371905633135,0.4549139794239445,0.24773371905633135,0.20718026036761317,0.2730286013927018,1.5138004674810228,-0.08305948681918729,-0.008932388259170088,0.4166666666666667,0.685988778415608,0.46685697849077196,0.3554067550095339,0.5277777777777777
cap500_composite,25.0,2017-02-28_2018-01-31,12,0.5107351113326357,0.22472528642954592,0.5107351113326357,0.22472528642954592,0.2860098249030898,0.28760689666197603,1.5842794245729614,-0.08305948681918729,-0.008932388259170088,0.4166666666666667,0.8387818359572999,0.011860035361831583,0.5602535282564922,0.5277777777777777
cap500_composite,25.0,2017-03-31_2018-02-28,12,0.5300317837318909,0.11150665310004948,0.5300317837318909,0.11150665310004948,0.4185251306318414,0.284668324602978,1.6441613364903314,-0.08305948681918718,-0.06307407298992962,0.5,1.2630402101917886,0.5563482890325328,0.49094270448507427,0.5277777777777777
cap500_composite,25.0,2017-04-30_2018-03-31,12,0.7450422160309493,0.054403018339003184,0.7450422160309493,0.054403018339003184,0.6906391976919461,0.3404484246761871,1.8187020766512205,-0.08305948681918729,-0.09250223900477905,0.5,1.5411114679526847,-0.15150759701980918,0.8444872380746518,0.5277777777777778
cap500_composite,25.0,2017-05-31_2018-04-30,12,1.0995561764555695,0.042771960341875914,1.0995561764555695,0.042771960341875914,1.0567842161136936,0.37032679224655607,2.2236264238324206,-0.07499902346371701,-0.09416874157139277,0.5833333333333334,1.970905488191112,-0.21008437949365097,1.2385219524683415,0.5
cap500_composite,25.0,2017-06-30_2018-05-31,12,1.288737047204986,-0.005226881237519021,1.288737047204986,-0.005226881237519021,1.2939639284425049,0.36062263183348126,2.5311457333510803,-0.07405279545679522,-0.12207676452647664,0.6666666666666666,2.3788691414093543,-0.12570504394159437,1.4105295905473478,0.5
cap500_composite,25.0,2017-07-31_2018-06-30,12,1.3197097486689975,0.0163507796990916,1.3197097486689975,0.0163507796990916,1.3033589689699059,0.35645154900624443,2.597405037180484,-0.07405279545679544,-0.12207676452647676,0.6666666666666666,2.338726607228268,-0.2858155004319016,1.4543953457175984,0.4444444444444444
cap500_composite,25.0,2017-08-31_2018-07-31,12,1.3110182780305242,0.02633003466478856,1.3110182780305242,0.02633003466478856,1.2846882433657356,0.35777197102667346,2.5777815863372577,-0.07405279545679533,-0.12207676452647653,0.6666666666666666,2.2756579365391953,-0.3759774364389376,1.4593149731557111,0.4166666666666666
cap500_composite,25.0,2017-09-30_2018-08-31,12,0.9315163478064858,0.012828519177035869,0.9315163478064858,0.012828519177035869,0.91868782862945,0.3705099628077932,1.9839250324702693,-0.11013112513249435,-0.12207676452647664,0.5833333333333334,1.7864614380505128,-0.3152586178246552,1.052698947104484,0.4166666666666667
cap500_composite,25.0,2017-10-31_2018-09-30,12,0.7415746097619058,-0.028994428060318933,0.7415746097619058,-0.028994428060318933,0.7705690378222247,0.3669749826921879,1.7021917655321361,-0.11013112513249423,-0.12207676452647676,0.5833333333333334,1.6263565984540114,-0.3176766441033159,0.825904295865102,0.4166666666666667
cap500_composite,25.0,2017-11-30_2018-10-31,12,0.870177240104806,0.017470333624036494,0.870177240104806,0.017470333624036494,0.8527069064807695,0.35238984815461283,1.9720097764364357,-0.11013112513249446,-0.12207676452647676,0.5833333333333334,1.7061508253607283,-0.4378714854147816,0.9852578728836985,0.47222222222222215
cap500_composite,25.0,2017-12-31_2018-11-30,12,1.335042927160972,-0.025356283802123625,1.335042927160972,-0.025356283802123625,1.3603992109630956,0.3715000918278822,2.5217556243953085,-0.11013112513249435,-0.12207676452647687,0.6666666666666666,2.5356482988922884,0.30837828501346154,1.4790073160750477,0.5277777777777778
cap500_composite,25.0,2018-01-31_2018-12-31,12,1.0938036569284608,-0.01099995180484914,1.0938036569284608,-0.01099995180484914,1.10480360873331,0.3630936402135696,2.2510703163325636,-0.11013112513249423,-0.12095719505337177,0.5833333333333334,2.125776817573882,-0.1717388685590915,1.2032175108907488,0.5555555555555556
cap500_composite,25.0,2018-02-28_2019-01-31,12,0.8210271775652587,-0.023323412109537922,0.8210271775652587,-0.023323412109537922,0.8443505896747966,0.35888884848081565,1.8614953554225713,-0.11013112513249435,-0.06297476655901424,0.5833333333333334,1.800807327173628,-0.0992657520600011,0.9126684458252419,0.5555555555555556
cap500_composite,25.0,2018-03-31_2019-02-28,12,1.0046790581389593,0.045204178762284775,1.0046790581389593,0.045204178762284775,0.9594748793766745,0.3504219647358428,2.1892280515690716,-0.11013112513249446,-0.032589089243883484,0.5833333333333334,1.8870165392948728,-0.7266627964520437,1.1741838946357461,0.5833333333333334
cap500_composite,25.0,2018-04-30_2019-03-31,12,0.33679869166945764,0.07686204312787948,0.33679869166945764,0.07686204312787948,0.25993664854157816,0.38045536535801483,0.9422771764857556,-0.18204652390073928,-0.031039511736595693,0.5,0.7307888144151808,0.315479252543267,0.3901357349346508,0.5555555555555556
cap500_composite,25.0,2018-05-31_2019-04-30,12,0.056783211270674316,0.03769148450195714,0.056783211270674316,0.03769148450195714,0.019091726768717177,0.330801432168408,0.31759125574308833,-0.2176543800263796,-0.04957195403333192,0.4166666666666667,0.19584695368787397,0.7037386440743527,0.0785874582982855,0.5833333333333334
cap500_composite,25.0,2018-06-30_2019-05-31,12,0.06005578950689494,0.09645960452265201,0.06005578950689494,0.09645960452265201,-0.03640381501575707,0.331610282109011,0.32690781672593866,-0.2176543800263795,-0.04957195403333203,0.4166666666666667,0.03890952181357896,1.30291834637066,-0.016978947827035684,0.5833333333333333
cap500_composite,25.0,2018-07-31_2019-06-30,12,0.06186084330427022,0.07648721996967378,0.06186084330427022,0.07648721996967378,-0.014626376665403562,0.33144535284812177,0.3320958531323364,-0.2176543800263795,-0.04957195403333203,0.4166666666666667,0.10529603542830421,1.4238919580318048,-0.0005506039208355018,0.6388888888888888
cap500_composite,25.0,2018-08-31_2019-07-31,12,0.20249052046170402,0.051509897202665744,0.20249052046170402,0.051509897202665744,0.15098062325903827,0.33295222253596324,0.7103963969305364,-0.2176543800263796,-0.04957195403333203,0.5,0.5858691127982982,1.326935576312264,0.1776637765134157,0.6666666666666666
cap500_composite,25.0,2018-09-30_2019-08-31,12,0.22773880863851348,0.032217370272061396,0.22773880863851348,0.032217370272061396,0.19552143836645208,0.3291421272814161,0.779397373534666,-0.2176543800263795,-0.05569706120271434,0.5,0.7205442641293816,1.291226759490091,0.23158024792374987,0.6388888888888888
cap500_composite,25.0,2018-10-31_2019-09-30,12,0.34540678113125756,0.0680196854801034,0.34540678113125756,0.0680196854801034,0.27738709565115416,0.3403242852830812,1.0388631713069214,-0.2176543800263797,-0.05569706120271445,0.5,0.8963795224485152,1.4325361029449868,0.2852201455768417,0.6666666666666666
cap500_composite,25.0,2018-11-30_2019-10-31,12,0.324353136569032,-0.007313909877188718,0.324353136569032,-0.007313909877188718,0.3316670464462207,0.34109876078074836,0.9896338361259444,-0.2176543800263797,-0.07977064350808971,0.5833333333333334,1.086958322831041,1.552275950483995,0.4023151222797485,0.638888888888889
cap500_composite,25.0,2018-12-31_2019-11-30,12,0.17784246592632758,0.01695714726683817,0.17784246592632758,0.01695714726683817,0.1608853186594894,0.28207171523154007,0.7201444269972539,-0.2176543800263796,-0.07977064350808971,0.5833333333333334,0.702347530293702,1.1116272203630952,0.19465036980189976,0.6111111111111112
cap500_composite,25.0,2019-01-31_2019-12-31,12,0.05683244284180966,-0.0907583313333864,0.05683244284180966,-0.0907583313333864,0.14759077417519606,0.2936686936375493,0.3289027896873695,-0.2176543800263796,-0.08173242622854304,0.5833333333333334,0.7241728924769402,1.4871305365249805,0.25668375332367654,0.5833333333333334
cap500_composite,25.0,2019-02-28_2020-01-31,12,-0.019739678060918364,-0.15374678206850467,-0.019739678060918364,-0.15374678206850467,0.1340071040075863,0.30538971134286047,0.07984011732179407,-0.2176543800263796,-0.157070533612218,0.5833333333333334,0.7088063950035186,1.3562717220764273,0.26740780933383546,0.5833333333333334
cap500_composite,25.0,2019-03-31_2020-02-29,12,-0.10753897576961424,-0.2983301643039218,-0.10753897576961424,-0.2983301643039218,0.19079118853430754,0.29298078624399737,-0.24742338946826153,-0.15305050502456996,-0.2968733323797681,0.5833333333333334,0.8976907858385716,0.5459240059431003,0.11314467491791458,0.5555555555555555
cap500_composite,25.0,2019-04-30_2020-03-31,12,-0.13021875155819596,-0.26938100433105683,-0.13021875155819596,-0.26938100433105683,0.13916225277286087,0.30700492838424237,-0.3038278349794307,-0.32483969966574844,-0.2897384073692094,0.5833333333333334,0.5808255540294353,0.2755723962416929,-0.013595850647223795,0.5833333333333334
cap500_composite,25.0,2019-05-31_2020-04-30,12,-0.1089095009633142,-0.23441422140073764,-0.1089095009633142,-0.23441422140073764,0.12550472043742344,0.30491450531290143,-0.22905970523199956,-0.33841031799120735,-0.2897384073692094,0.5833333333333334,0.5101572924141756,0.24619875671624675,-0.010019572280508093,0.5555555555555556
cap500_composite,25.0,2019-06-30_2020-05-31,12,-0.23329578551420727,-0.22854562482453433,-0.23329578551420727,-0.22854562482453433,-0.004750160689672933,0.2936504654266323,-0.7531105757428751,-0.38297189168885293,-0.2897384073692095,0.5,0.03911668179583794,0.06626049734037076,-0.1872767078385189,0.5833333333333334
cap500_composite,25.0,2019-07-31_2020-06-30,12,-0.07278530001838501,-0.1941752572672133,-0.07278530001838501,-0.1941752572672133,0.12138995724882828,0.35712298046769403,-0.044857580938564304,-0.38297189168885293,-0.2827760862119635,0.5833333333333334,0.46381223762735496,0.36130054083753443,0.053982575831532875,0.5833333333333334
cap500_composite,25.0,2019-08-31_2020-07-31,12,-0.20020350504633422,-0.1722348942847023,-0.20020350504633422,-0.1722348942847023,-0.02796861076163193,0.35046629456636474,-0.46969462716024174,-0.38297189168885293,-0.27948217627529803,0.5,-0.0037041957507186712,0.30152824903700587,-0.1094865083954073,0.5555555555555556
cap500_composite,25.0,2019-09-30_2020-08-31,12,-0.16469764124016628,-0.21057570090232802,-0.16469764124016628,-0.21057570090232802,0.04587805966216174,0.35130661980762834,-0.3456476171314304,-0.38297189168885304,-0.27948217627529803,0.5833333333333334,0.2245160851800698,0.24870946817015108,-0.06742752156232545,0.5833333333333334
cap500_composite,25.0,2019-10-31_2020-09-30,12,-0.06575732203046791,-0.1766274605970889,-0.06575732203046791,-0.1766274605970889,0.11087013856662098,0.4182274749207292,0.023829213661270585,-0.38297189168885293,-0.2794821762752979,0.5833333333333334,0.41761832614102307,0.4955192888908792,0.0956556485192408,0.5555555555555555
cap500_composite,25.0,2019-11-30_2020-10-31,12,-0.08091055827561877,-0.06643817837031618,-0.08091055827561877,-0.06643817837031618,-0.01447237990530259,0.41833951639557176,-0.015168999981746839,-0.38297189168885293,-0.2794821762752979,0.5,0.06780167252732712,0.4016001967568514,0.008050640050691449,0.49999999999999994
cap500_composite,25.0,2019-12-31_2020-11-30,12,0.020078190666201978,-0.050871312509224054,0.020078190666201978,-0.050871312509224054,0.07094950317542603,0.45843397458333573,0.24519013475734044,-0.3368809884880939,-0.2358764964179022,0.5,0.288422559273126,0.5341582148925212,0.12925883219689838,0.5
cap500_composite,25.0,2020-01-31_2020-12-31,12,0.2737248809380697,-0.013079995771551722,0.2737248809380697,-0.013079995771551722,0.2868048767096214,0.47315786089004946,0.7265537934899233,-0.28262402189386937,-0.16758179221927783,0.5833333333333334,0.6722288387141717,0.43151942529924747,0.39217489676437567,0.5555555555555555
cap500_composite,25.0,2020-02-29_2021-01-31,12,0.8354989197517901,0.14471568274700242,0.8354989197517901,0.14471568274700242,0.6907832370047877,0.5452814265044399,1.3781236391176495,-0.2714700085758397,-0.07033476780972703,0.5833333333333334,1.0882848130913185,0.5641344211349745,0.8972679479416097,0.5277777777777778
cap500_composite,25.0,2020-03-31_2021-02-28,12,1.3035959664811325,0.3187076559568369,1.3035959664811325,0.3187076559568369,0.9848883105242956,0.5636435396595878,1.778757445686697,-0.08610131844885571,-0.07033476780972703,0.5833333333333334,1.2303526599283787,0.2233725569550662,1.4656127278398556,0.5555555555555556
cap500_composite,25.0,2020-04-30_2021-03-31,12,1.840496235215877,0.2712264885896778,1.840496235215877,0.2712264885896778,1.5692697466261991,0.4859246347994147,2.445608231579584,-0.06735530330875605,-0.07033476780972714,0.5833333333333334,1.9201065067281013,0.4979066798643938,1.7649252576579584,0.5277777777777778
cap500_composite,25.0,2020-05-31_2021-04-30,12,2.059429407570975,0.2511461011810818,2.059429407570975,0.2511461011810818,1.808283306389893,0.4713765919784236,2.681312090431181,-0.06729394984227277,-0.07033476780972703,0.6666666666666666,2.167501450063597,0.47724975034024847,1.9980192805160448,0.5277777777777778
cap500_composite,25.0,2020-06-30_2021-05-31,12,2.6627289376448466,0.22018559574957508,2.6627289376448466,0.22018559574957508,2.442543341895272,0.43212165268500646,3.3504898425532224,-0.06729394984227277,-0.07033476780972703,0.75,2.8851713678660778,0.5654602477820355,2.5205746754204834,0.5
cap500_composite,25.0,2020-07-31_2021-06-30,12,3.3178516265302305,0.1787337447456181,3.3178516265302305,0.1787337447456181,3.139117881784612,0.5112690806516714,3.24636535939971,-0.01703672352811758,-0.07033476780972703,0.75,2.8961973298181594,0.4933938114050961,3.3805478022475945,0.5
cap500_composite,25.0,2020-08-31_2021-07-31,12,3.7240018014705107,0.17406019021811336,3.7240018014705107,0.17406019021811336,3.5499416112523976,0.4793080313143793,3.645879619838346,-0.01703672352811736,-0.0471551797914731,0.8333333333333334,3.2915816031662106,0.5220017591711904,3.7202959641217443,0.49999999999999994
cap500_composite,25.0,2020-09-30_2021-08-31,12,2.6660581225743045,0.29094300690606567,2.6660581225743045,0.29094300690606567,2.3751151156682386,0.5881164272623876,2.5844891739599545,-0.2115862860692197,-0.0471551797914731,0.75,2.0824511528511285,0.0651162944794258,3.1194928887650333,0.5
cap500_composite,25.0,2020-10-31_2021-09-30,12,1.8503240777811096,0.285307502281577,1.8503240777811096,0.285307502281577,1.5650165754995327,0.5944859353645452,2.0924211819787204,-0.23947747988704016,-0.04715517979147299,0.6666666666666666,1.5791238294189662,-0.3953815650607015,2.5860356187072417,0.5
cap500_composite,25.0,2020-11-30_2021-10-31,12,2.1460632676659777,0.164192612882329,2.1460632676659777,0.164192612882329,1.9818706547836487,0.5816801322743129,2.3149621116438066,-0.23947747988704005,-0.04715517979147299,0.75,2.0217709631159906,0.23660744604610992,2.463921589196885,0.5833333333333333
cap500_composite,25.0,2020-12-31_2021-11-30,12,1.0596428383466057,0.10075285366229347,1.0596428383466057,0.10075285366229347,0.9588899846843122,0.6565526487917901,1.4200783190860078,-0.34783705636872564,-0.04715517979147321,0.6666666666666666,1.2471032917072775,-0.20385468391647169,1.5016505613497118,0.5555555555555555
cap500_composite,25.0,2021-01-31_2021-12-31,12,0.9104488162155022,0.1311417024200292,0.9104488162155022,0.1311417024200292,0.779307113795473,0.6501454238785058,1.3046225129471407,-0.34783705636872564,-0.04715517979147299,0.6666666666666666,1.0987767223049811,0.09145382590213257,1.244846709648332,0.5277777777777778
cap500_composite,25.0,2021-02-28_2022-01-31,12,0.6684779500237878,0.1035559333431273,0.6684779500237878,0.1035559333431273,0.5649220166806606,0.5957687913747414,1.1405103504852632,-0.34783705636872575,-0.008710521467504728,0.6666666666666666,0.9301528265340744,-1.9143805390995101,1.3257970420699534,0.5555555555555556
cap500_composite,25.0,2021-03-31_2022-02-28,12,0.36481424819791264,0.1814244316261513,0.36481424819791264,0.1814244316261513,0.18338981657176134,0.5635569657214307,0.8065956427841638,-0.34783705636872564,-0.008710521467504728,0.5833333333333334,0.49982494348912,-0.5548850122523143,0.7099274462242002,0.5833333333333334
cap500_composite,25.0,2021-04-30_2022-03-31,12,0.4546615310052997,0.2056999327796627,0.4546615310052997,0.2056999327796627,0.24896159822563702,0.560384118939092,0.9266361627724272,-0.34783705636872564,-0.008710521467504728,0.6666666666666666,0.5791109784933447,-0.7997230429248982,0.9216627763238996,0.638888888888889
cap500_composite,25.0,2021-05-31_2022-04-30,12,0.6388026787985002,0.20202014645819677,0.6388026787985002,0.20202014645819677,0.4367825323403034,0.5791571724936282,1.1272853797293627,-0.34783705636872564,-0.011058901373715124,0.6666666666666666,0.7845542999540316,-1.8365750553022167,1.604457324109612,0.638888888888889
cap500_composite,25.0,2021-06-30_2022-05-31,12,0.2593354075953087,0.1547230806668567,0.2593354075953087,0.1547230806668567,0.10461232692845202,0.6059769993094457,0.6507427284938464,-0.34783705636872575,-0.04389760737316839,0.5833333333333334,0.40785791463334503,0.5703173449944389,0.3583754084511048,0.6666666666666666
cap500_composite,25.0,2021-07-31_2022-06-30,12,-0.1595545464272976,0.14515293481688385,-0.1595545464272976,0.14515293481688385,-0.30470748124418146,0.46263324701417335,-0.1519999069362997,-0.34783705636872564,-0.04389760737316839,0.5,-0.4526759739630955,0.5067555128387279,-0.13205197599371876,0.638888888888889
cap500_composite,25.0,2021-08-31_2022-07-31,12,0.05871734381379046,0.16719366722844042,0.05871734381379046,0.16719366722844042,-0.10847632341464997,0.5472392876798715,0.35578186289976044,-0.2147355806638549,-0.04389760737316839,0.5,0.06739675634557736,1.4248026604244866,-0.03078183528365719,0.6666666666666666
cap500_composite,25.0,2021-09-30_2022-08-31,12,0.42734342955705573,0.11990803732841937,0.42734342955705573,0.11990803732841937,0.30743539222863636,0.48824536197352136,0.9610108716255656,-0.214735580663855,-0.04389760737316817,0.5833333333333334,0.7438354144410502,1.470117761581538,0.3409343762026025,0.6666666666666666
cap500_composite,25.0,2021-10-31_2022-09-30,12,0.3766454297733941,0.07700156092153554,0.3766454297733941,0.07700156092153554,0.29964386885185856,0.4951009757693805,0.8785006030815135,-0.214735580663855,-0.04389760737316828,0.5833333333333334,0.7587246230710424,2.5004639253743495,0.2712913623260873,0.6666666666666666
cap500_composite,25.0,2021-11-30_2022-10-31,12,0.38563098419824593,0.0837751064100245,0.38563098419824593,0.0837751064100245,0.3018558777882214,0.4960272722454272,0.8912296863030136,-0.20009974872380853,-0.04389760737316839,0.5833333333333334,0.7603805984759128,2.6328203898296523,0.24723336494258596,0.6666666666666666
cap500_composite,25.0,2021-12-31_2022-11-30,12,1.502794435788048,0.04089310124175727,1.502794435788048,0.04089310124175727,1.4619013345462908,0.5471462455972124,1.9650921672773423,-0.20009974872380842,-0.052330809109684795,0.6666666666666666,1.8661147219276697,0.04716371813653165,1.7950335591297617,0.6388888888888888
cap500_composite,25.0,2022-01-31_2022-12-31,12,1.2543909086367555,0.03139589518781816,1.2543909086367555,0.03139589518781816,1.2229950134489374,0.5599877439294335,1.7290204510602647,-0.20009974872380842,-0.0538908420070876,0.5833333333333334,1.6546517429394174,0.1386878692244049,1.5263224183168451,0.6666666666666666
cap500_composite,25.0,2022-02-28_2023-01-31,12,1.060409796539823,-0.006523085673795559,1.060409796539823,-0.006523085673795559,1.0669328822136186,0.5527691461716943,1.5705096117425053,-0.20009974872380842,-0.053890842007087936,0.5833333333333334,1.5510289119741585,-0.46716357599746233,1.3080731510017949,0.6944444444444443
cap500_composite,25.0,2022-03-31_2023-02-28,12,1.0153487764225453,-0.03763942955797195,1.0153487764225453,-0.03763942955797195,1.0529882059805171,0.5558837200974135,1.5219390206447738,-0.20009974872380853,-0.05860315994470999,0.5833333333333334,1.573470773553324,-0.0756191176065121,1.2591173532128184,0.6388888888888888
cap500_composite,25.0,2022-04-30_2023-03-31,12,0.9326986710374598,-0.0433257664262765,0.9326986710374598,-0.0433257664262765,0.9760244374637363,0.5594575744991255,1.4354184439750943,-0.2000997487238083,-0.052003665957635614,0.5,1.4952021297857618,-0.25925428492398905,1.153436033007662,0.6388888888888888
cap500_composite,25.0,2022-05-31_2023-04-30,12,0.27588180186708255,-0.07213752035282106,0.27588180186708255,-0.07213752035282106,0.3480193222199036,0.6071423102228217,0.6571285674061638,-0.22020591064884654,-0.07596598010903766,0.4166666666666667,0.7917823131412649,1.7946968802207888,0.6768034338349704,0.6388888888888888
cap500_composite,25.0,2022-06-30_2023-05-31,12,0.5004712122900057,-0.0361282154897381,0.5004712122900057,-0.0361282154897381,0.5365994277797438,0.5776583733243948,0.9521273848866574,-0.22020591064884665,-0.07596598010903755,0.5,1.017397717959232,0.8728716649419505,0.7621114205577395,0.638888888888889
cap500_composite,25.0,2022-07-31_2023-06-30,12,0.7202332531131341,-0.0028433046031512976,0.7202332531131341,-0.0028433046031512976,0.7230765577162854,0.5643584015147705,1.2165073196482914,-0.22020591064884665,-0.07596598010903743,0.5833333333333334,1.226179641561972,0.887408313978213,0.949187001526741,0.6666666666666666
cap500_composite,25.0,2022-08-31_2023-07-31,12,0.308644958116461,-0.031389184091800915,0.308644958116461,-0.031389184091800915,0.3400341422082619,0.5098355511328955,0.7433449460760583,-0.22020591064884676,-0.0655917893195096,0.5,0.7829514370885298,-0.5873381243880703,0.4282107030823523,0.6111111111111112
cap500_composite,25.0,2022-09-30_2023-08-31,12,0.47130956920901945,-0.014331580574544756,0.47130956920901945,-0.014331580574544756,0.4856411497835642,0.5351854989165201,0.9550058694767524,-0.22020591064884665,-0.06559178931950937,0.5,0.9596387627467762,-0.5367561676488937,0.6393847376279311,0.638888888888889
cap500_composite,25.0,2022-10-31_2023-09-30,12,0.4750623310140605,-0.04883569016310929,0.4750623310140605,-0.04883569016310929,0.5238980211771698,0.5346476197341293,0.9604050925284988,-0.22020591064884676,-0.06327241269436523,0.5,1.0438882426052551,0.2578797338711701,0.6727947987972327,0.6666666666666666
cap500_composite,25.0,2022-11-30_2023-10-31,12,0.347130464672996,-8.074453772832779e-05,0.347130464672996,-8.074453772832779e-05,0.34721120921072435,0.5321795183416453,0.7857310459966715,-0.22020591064884676,-0.04084242285001627,0.4166666666666667,0.7660947322655681,-0.04797939138098078,0.5086355325506859,0.638888888888889
cap500_composite,25.0,2022-12-31_2023-11-30,12,-0.35341920263848925,0.06162621592425688,-0.35341920263848925,0.06162621592425688,-0.4150454185627461,0.4583023020914063,-0.6970360437126805,-0.37354910758489324,-0.04084242285001627,0.3333333333333333,-0.8482606123045573,0.9002089486665663,-0.3179504441585055,0.6666666666666666
cap500_composite,25.0,2023-01-31_2023-12-31,12,-0.3382405044148781,0.05389394652891433,-0.3382405044148781,0.05389394652891433,-0.3921344509437924,0.45872555485493777,-0.6467151535823248,-0.37760286481893424,-0.04084242285001627,0.4166666666666667,-0.7794127937718863,0.8418051894045103,-0.2946245253338692,0.638888888888889
cap500_composite,25.0,2023-02-28_2024-01-31,12,-0.42547192200643347,0.06910062416905749,-0.42547192200643347,0.06910062416905749,-0.49457254617549096,0.4507475355816895,-0.9690984069479675,-0.4216771259900475,-0.04084242285001627,0.3333333333333333,-1.1409495558601348,0.8324527103544033,-0.3972009530264151,0.5833333333333334
cap500_composite,25.0,2023-03-31_2024-02-29,12,-0.36230921631815427,0.07105311702696282,-0.36230921631815427,0.07105311702696282,-0.4333623333451171,0.4700675271926014,-0.6980133668158551,-0.4216771259900475,-0.04084242285001627,0.4166666666666667,-0.8583645195494115,0.6978861219346192,-0.3194144354973508,0.6388888888888888
cap500_composite,25.0,2023-04-30_2024-03-31,12,-0.36169615242154685,0.04605177038880415,-0.36169615242154685,0.04605177038880415,-0.407747922810351,0.4701403586830246,-0.6958507271830198,-0.4154231433878066,-0.028914327222309355,0.5,-0.8021819345048399,0.5898127011378488,-0.3032241769093821,0.611111111111111
cap500_composite,25.0,2023-05-31_2024-04-30,12,-0.26776819011941444,0.05087612226469651,-0.26776819011941444,0.05087612226469651,-0.31864431238411095,0.432489536744705,-0.4893551755621835,-0.41902306607182527,-0.04720745865673304,0.5,-0.5962028361561257,-0.17442465713155786,-0.18461114656600652,0.5833333333333333
cap500_composite,25.0,2023-06-30_2024-05-31,12,-0.22528162389522977,0.06029804021364593,-0.22528162389522977,0.06029804021364593,-0.2855796641088757,0.4403227250358736,-0.34768252962440066,-0.41902306607182516,-0.04720745865673304,0.5,-0.4782211096377008,-0.0708450445261032,-0.13896112516704473,0.5833333333333334
cap500_composite,25.0,2023-07-31_2024-06-30,12,-0.2651325349605842,0.046802268590376395,-0.2651325349605842,0.046802268590376395,-0.3119348035509606,0.4325766046581907,-0.48100436222794724,-0.4190230660718254,-0.04720745865673304,0.4166666666666667,-0.5744490447727247,-0.45484298809909385,-0.17077392308648476,0.5277777777777778
cap500_composite,25.0,2023-08-31_2024-07-31,12,-0.271185083248358,0.10318514893952901,-0.271185083248358,0.10318514893952901,-0.374370232187887,0.4327483560384274,-0.4994251544499511,-0.41902306607182527,-0.04720745865673315,0.4166666666666667,-0.7055465608028442,-0.39570312667766533,-0.1619446528695896,0.5833333333333334
cap500_composite,25.0,2023-09-30_2024-08-31,12,-0.3175676312121213,0.08473288946892565,-0.3175676312121213,0.08473288946892565,-0.40230052068104694,0.3971164892089602,-0.7357524709102612,-0.37949089580294637,-0.04720745865673315,0.4166666666666667,-0.8942222065462414,-0.5390031057996502,-0.219813442240699,0.5555555555555556
cap500_composite,25.0,2023-10-31_2024-09-30,12,-0.20033102627721788,0.12170948346779942,-0.20033102627721788,0.12170948346779942,-0.3220405097450173,0.410332714026673,-0.3215511029605167,-0.37949089580294637,-0.047207458656732815,0.5,-0.5724357145947203,-0.8709459803643225,-0.027554662002713726,0.5555555555555556
cap500_composite,25.0,2023-11-30_2024-10-31,12,-0.31836191346290155,0.004734660022875703,-0.31836191346290155,0.004734660022875703,-0.32309657348577725,0.4307412672549934,-0.6502869946110377,-0.1443493273418508,-0.07254414974326939,0.5,-0.654835648630229,0.03441665753508759,-0.24706925209085662,0.5555555555555556
cap500_composite,25.0,2023-12-31_2024-11-30,12,-0.01764427580052441,-0.026522408525777696,-0.01764427580052441,-0.026522408525777696,0.008878132725253285,0.286106726439354,0.0707202631873772,-0.1605050518914154,-0.07702368625268241,0.5,0.1555379757195888,0.8970747572742135,0.040579929816111804,0.5833333333333334
cap500_composite,25.0,2024-01-31_2024-12-31,12,0.18024649348889632,-0.013699490369203038,0.18024649348889632,-0.013699490369203038,0.19394598385809936,0.34402284644219555,0.6405827943188983,-0.1605050518914155,-0.07702368625268208,0.5,0.6979825830309443,0.9873069211172075,0.25471725687296276,0.5555555555555556
cap500_composite,25.0,2024-02-29_2025-01-31,12,0.09935753459521313,-0.14290566323586873,0.09935753459521313,-0.14290566323586873,0.24226319783108186,0.3681102268492412,0.42680313487064686,-0.1605050518914155,-0.18252959118595857,0.5,0.9657107172021271,1.3299530353632245,0.40603918620168566,0.5833333333333334
cap500_composite,25.0,2024-03-31_2025-02-28,12,-0.03746343710954836,-0.10676537761977256,-0.03746343710954836,-0.10676537761977256,0.0693019405102242,0.35918029417331526,0.0571361742404506,-0.17379402925667942,-0.1825295911859588,0.4166666666666667,0.38434216767388,1.0875693842858125,0.13693226164547934,0.5833333333333334
cap500_composite,25.0,2024-04-30_2025-03-31,12,0.05529661343541492,-0.06461005552580057,0.05529661343541492,-0.06461005552580057,0.11990666896121549,0.37315072017073,0.31472363526144653,-0.17379402925667942,-0.18252959118595868,0.4166666666666667,0.5365956864298903,1.169473360088719,0.19483150169595143,0.5555555555555555
cap500_composite,25.0,2024-05-31_2025-04-30,12,0.13186211999825637,0.02942056800377868,0.13186211999825637,0.02942056800377868,0.10244155199447769,0.3576659028754565,0.5110083824057785,-0.1737940292566793,-0.18252959118595857,0.4166666666666667,0.4241886934070495,0.8321439925393521,0.1564112789213694,0.5833333333333334
cap500_composite,25.0,2024-06-30_2025-05-31,12,0.14738911493417528,-0.019239253194651806,0.14738911493417528,-0.019239253194651806,0.1666283681288271,0.3602953110298422,0.5479274466520677,-0.1737940292566793,-0.18252959118595835,0.4166666666666667,0.5890896289793855,0.6986767951397147,0.21960794889752777,0.5833333333333334
cap500_composite,25.0,2024-07-31_2025-06-30,12,0.19633290265604209,0.03150250800801424,0.19633290265604209,0.03150250800801424,0.16483039464802784,0.3625406066216276,0.663821675280481,-0.17379402925667942,-0.1825295911859589,0.4166666666666667,0.5583466444353633,0.679038166975212,0.22813012497315865,0.611111111111111
cap500_composite,25.0,2024-08-31_2025-07-31,12,0.760384920647686,0.02082724764079913,0.760384920647686,0.02082724764079913,0.7395576730068869,0.5389146552177424,1.2950599671610499,-0.17379402925667953,-0.1720911800730176,0.5,1.3716989180230614,1.288906377229117,0.8808207854995032,0.638888888888889
cap500_composite,25.0,2024-09-30_2025-08-31,12,0.319499369796153,0.07082064647411035,0.319499369796153,0.07082064647411035,0.24867872332204266,0.5759973954570843,0.7251368112519505,-0.17379402925667942,-0.1720911800730176,0.4166666666666667,0.6263615118116271,1.1917497342844758,0.36446291222903304,0.638888888888889
cap500_composite,25.0,2024-10-31_2025-09-30,12,-0.06306339013804607,0.07787885846139209,-0.06306339013804607,0.07787885846139209,-0.14094224859943816,0.6260793537633498,0.1609887030455522,-0.349064065788693,-0.11858833109117162,0.3333333333333333,0.013412596291262627,1.155921337770641,-0.006618884102078226,0.6666666666666666
cap500_composite,25.0,2024-11-30_2025-10-31,12,0.4138159323520818,0.1960061542824556,0.4138159323520818,0.1960061542824556,0.2178097780696262,0.6606816178265031,0.8117349216122441,-0.34906406578869287,-0.11795970406671652,0.4166666666666667,0.5435998051955474,1.1766722625975263,0.3525350565702172,0.6666666666666666
cap500_composite,25.0,2024-12-31_2025-11-30,12,0.6302502792077427,0.22133541890163522,0.6302502792077427,0.22133541890163522,0.40891486030610746,0.6619864300282893,1.0370199624153156,-0.34906406578869287,-0.11795970406671652,0.5,0.7453108242045471,1.1412964036006155,0.5388685864962732,0.6666666666666666
cap500_composite,25.0,2025-01-31_2025-12-31,12,0.13329884942547232,0.17166648362633885,0.13329884942547232,0.17166648362633885,-0.03836763420086653,0.679918427795622,0.47450530464407864,-0.34906406578869287,-0.03669877287899381,0.4166666666666667,0.23303890634506053,1.4541259306349088,0.0685914551209923,0.6944444444444445
cap500_composite,25.0,2025-02-28_2026-01-31,12,0.04758717032547399,0.31334945156909844,0.04758717032547399,0.31334945156909844,-0.26576228124362444,0.7001575093828966,0.3679117029458779,-0.3729088104885425,-0.04758367670999886,0.4166666666666667,-0.03806920819644184,2.180924719092282,-0.30553128814481356,0.6944444444444445
cap500_composite,25.0,2025-03-31_2026-02-28,12,-0.18600931315898317,0.08257309459079365,-0.18600931315898317,0.08257309459079365,-0.2685824077497768,0.7512953533356742,0.05767306741047657,-0.5317924833400742,-0.18488813271044613,0.4166666666666667,-0.08557016502942245,1.899743188887468,-0.13773933363443402,0.6944444444444445
cap500_composite,25.0,2025-04-30_2026-03-31,12,0.016413660924794238,0.028079656548997578,0.016413660924794238,0.028079656548997578,-0.01166599562420334,0.8359660540760219,0.37982572376938517,-0.5317924833400745,-0.19546042589812018,0.4166666666666667,0.3482471710808003,1.6819966485999598,0.2642089205559217,0.75
cap500_composite,25.0,2025-05-31_2026-04-30,12,-0.20017346364541888,-0.14610708694572017,-0.20017346364541888,-0.14610708694572017,-0.054066376699698715,0.8766055890239723,0.12744995018206137,-0.5317924833400742,-0.29138146686445754,0.4166666666666667,0.3125707620533407,2.0465679459038983,0.45532137777683857,0.7222222222222222
cap500_composite,25.0,2025-06-30_2026-05-31,12,-0.16294798896259433,-0.18541351506394133,-0.16294798896259433,-0.18541351506394133,0.022465526101347,0.8826039055918229,0.1836532182654569,-0.5317924833400743,-0.34737666250868915,0.4166666666666667,0.4243211309612986,1.7679340351300383,0.5909161878266371,0.6944444444444443
cap500_composite,25.0,2025-07-31_2026-06-30,12,-0.18621788242055048,-0.1667764227923394,-0.18621788242055048,-0.1667764227923394,-0.01944145962821109,0.8815099122250536,0.15054453106009452,-0.5317924833400745,-0.34737666250868904,0.4166666666666667,0.3539372946828361,1.563909368663831,0.4388833895698754,0.6944444444444443
cap500_composite,25.0,2025-08-31_2026-07-31,11,-0.42976720572526816,-0.20361006057922837,-0.4581549422170891,-0.2199234939209873,-0.23823144829610177,0.7925713427979925,-0.40521537187580975,-0.5075774040509162,-0.34737666250868904,0.36363636363636365,-0.14345106656018763,1.1746748818402497,-0.06583977834064625,0.6666666666666665
mlp_rank,25.0,2015-02-28_2016-01-31,12,0.0,-0.12464244015822579,0.0,-0.12464244015822579,0.12464244015822579,0.0,,0.0,-0.2346154234110902,0.5,0.7692360062999882,0.0,0.0,0.0
mlp_rank,25.0,2015-03-31_2016-02-29,12,0.0,-0.12200466014015787,0.0,-0.12200466014015787,0.12200466014015787,0.0,,0.0,-0.1902603904171294,0.5,0.7474014716436923,0.0,0.0,0.0
mlp_rank,25.0,2015-04-30_2016-03-31,12,0.0,-0.048726200591690305,0.0,-0.048726200591690305,0.048726200591690305,0.0,,0.0,-0.19026039041712928,0.5,0.2945970850581079,0.0,0.0,0.0
mlp_rank,25.0,2015-05-31_2016-04-30,12,0.0,-0.08042168629585977,0.0,-0.08042168629585977,0.08042168629585977,0.0,,0.0,-0.13984875260474772,0.5833333333333334,0.5552293857372526,0.0,0.0,0.0
mlp_rank,25.0,2015-06-30_2016-05-31,12,0.0,0.021583559353247406,0.0,0.021583559353247406,-0.021583559353247406,0.0,,0.0,-0.12048239811387595,0.5,-0.22352456975877635,0.0,0.0,0.0
mlp_rank,25.0,2015-07-31_2016-06-30,12,0.0,0.08609325121736311,0.0,0.08609325121736311,-0.08609325121736311,0.0,,0.0,-0.06335332759593715,0.4166666666666667,-0.6835017174473557,0.0,0.0,0.0
mlp_rank,25.0,2015-08-31_2016-07-31,12,0.0,0.19435729107699262,0.0,0.19435729107699262,-0.19435729107699262,0.0,,0.0,-0.010009943632593221,0.3333333333333333,-1.6504690257800025,0.0,0.0,0.0
mlp_rank,25.0,2015-09-30_2016-08-31,12,0.0,0.27010420996995776,0.0,0.27010420996995776,-0.27010420996995776,0.0,,0.0,-0.010009943632593332,0.3333333333333333,-3.1921321538999887,0.0,0.0,0.0
mlp_rank,25.0,2015-10-31_2016-09-30,12,0.0,0.2171792753369357,0.0,0.2171792753369357,-0.2171792753369357,0.0,,0.0,-0.010009943632593221,0.3333333333333333,-2.990399217122224,0.0,0.0,0.0
mlp_rank,25.0,2015-11-30_2016-10-31,12,0.0,0.15802517726789156,0.0,0.15802517726789156,-0.15802517726789156,0.0,,0.0,-0.05046191183613391,0.3333333333333333,-1.616240233019667,0.0,0.0,0.0
mlp_rank,25.0,2015-12-31_2016-11-30,12,0.0,0.15325670090751609,0.0,0.15325670090751609,-0.15325670090751609,0.0,,0.0,-0.05046191183613402,0.3333333333333333,-1.5863439736306586,0.0,0.0,0.0
mlp_rank,25.0,2016-01-31_2016-12-31,12,0.0,0.1471553785298949,0.0,0.1471553785298949,-0.1471553785298949,0.0,,0.0,-0.05046191183613402,0.4166666666666667,-1.5190734285942011,0.0,0.0,0.0
mlp_rank,25.0,2016-02-29_2017-01-31,12,0.0,0.12910312615333996,0.0,0.12910312615333996,-0.12910312615333996,0.0,,0.0,-0.05046191183613391,0.4166666666666667,-1.3864377865559228,0.0,0.0,0.0
mlp_rank,25.0,2016-03-31_2017-02-28,12,0.0,0.1492046756740173,0.0,0.1492046756740173,-0.1492046756740173,0.0,,0.0,-0.05046191183613402,0.4166666666666667,-1.537107484845639,0.0,0.0,0.0
mlp_rank,25.0,2016-04-30_2017-03-31,12,0.0,0.17503808646495478,0.0,0.17503808646495478,-0.17503808646495478,0.0,,0.0,-0.05046191183613402,0.3333333333333333,-1.7924897036559229,0.0,0.0,0.0
mlp_rank,25.0,2016-05-31_2017-04-30,12,0.0,0.19627580709932912,0.0,0.19627580709932912,-0.19627580709932912,0.0,,0.0,-0.05046191183613402,0.25,-2.0531682735968855,0.0,0.0,0.0
mlp_rank,25.0,2016-06-30_2017-05-31,12,0.0,0.16211773486732262,0.0,0.16211773486732262,-0.16211773486732262,0.0,,0.0,-0.05046191183613402,0.25,-1.8505590970176535,0.0,0.0,0.0
mlp_rank,25.0,2016-07-31_2017-06-30,12,0.0,0.11985678631409691,0.0,0.11985678631409691,-0.11985678631409691,0.0,,0.0,-0.05046191183613402,0.25,-1.483791488963511,0.0,0.0,0.0
mlp_rank,25.0,2016-08-31_2017-07-31,12,0.0,0.08878533946639733,0.0,0.08878533946639733,-0.08878533946639733,0.0,,0.0,-0.05046191183613402,0.25,-1.178963154453938,0.0,0.0,0.0
mlp_rank,25.0,2016-09-30_2017-08-31,12,0.0,0.09996258200034913,0.0,0.09996258200034913,-0.09996258200034913,0.0,,0.0,-0.05046191183613402,0.16666666666666666,-1.3337702635233109,0.0,0.0,0.0
mlp_rank,25.0,2016-10-31_2017-09-30,12,0.0,0.1075588143605537,0.0,0.1075588143605537,-0.1075588143605537,0.0,,0.0,-0.0004923640702735321,0.16666666666666666,-1.4170583545789386,0.0,0.0,0.0
mlp_rank,25.0,2016-11-30_2017-10-31,12,0.0,0.1559996199134983,0.0,0.1559996199134983,-0.1559996199134983,0.0,,0.0,-0.008932388259170088,0.16666666666666666,-3.396369689056473,0.0,0.0,0.0
mlp_rank,25.0,2016-12-31_2017-11-30,12,0.0,0.19992461049678534,0.0,0.19992461049678534,-0.19992461049678534,0.0,,0.0,-0.008932388259169977,0.16666666666666666,-2.6817886502407284,0.0,0.0,0.0
mlp_rank,25.0,2017-01-31_2017-12-31,12,0.0,0.24773371905633135,0.0,0.24773371905633135,-0.24773371905633135,0.0,,0.0,-0.008932388259170088,0.08333333333333333,-3.1914908218284626,0.0,0.0,0.0
mlp_rank,25.0,2017-02-28_2018-01-31,12,0.1450196209056125,0.22472528642954592,0.1450196209056125,0.22472528642954592,-0.07970566552393343,0.14501962090561243,0.9999999999999999,0.0,-0.008932388259170088,0.16666666666666666,-0.3440200034079298,-0.5420357526057218,0.2897095313246585,0.08333333333333333
mlp_rank,25.0,2017-03-31_2018-02-28,12,0.12211428959503534,0.11150665310004948,0.12211428959503534,0.11150665310004948,0.010607636494985861,0.14818340260802354,0.8436525638908304,-0.02000431336928621,-0.06307407298992962,0.25,0.07527106768458676,-0.010428133213785246,0.13373446744759176,0.08333333333333333
mlp_rank,25.0,2017-04-30_2018-03-31,12,0.34320075583973586,0.054403018339003184,0.34320075583973586,0.054403018339003184,0.2887977375007327,0.23727496781204693,1.357252314714348,-0.02000431336928621,-0.09250223900477905,0.3333333333333333,0.9111314179701203,-0.5854778229803932,0.4208991523154664,0.1111111111111111
mlp_rank,25.0,2017-05-31_2018-04-30,12,0.3563593321815026,0.042771960341875914,0.3563593321815026,0.042771960341875914,0.3135873718396267,0.23626630952200964,1.4045101608266335,-0.02000431336928621,-0.09416874157139277,0.4166666666666667,0.9894557004127599,-0.5636119651516712,0.42398661539921956,0.13888888888888887
mlp_rank,25.0,2017-06-30_2018-05-31,12,0.24418556454869456,-0.005226881237519021,0.24418556454869456,-0.005226881237519021,0.24941244578621358,0.26009839833526416,0.957854151086912,-0.08270210184818294,-0.12207676452647664,0.4166666666666667,0.842144587875939,-0.21221493211429432,0.279894868451966,0.19444444444444442
mlp_rank,25.0,2017-07-31_2018-06-30,12,0.17437544817798867,0.0163507796990916,0.17437544817798867,0.0163507796990916,0.15802466847889707,0.2708154513439925,0.7127630360425742,-0.13417084963084225,-0.12207676452647676,0.4166666666666667,0.5476727706371726,-0.33362283998886827,0.2200951192521039,0.24999999999999997
mlp_rank,25.0,2017-08-31_2018-07-31,12,0.10944564055940353,0.02633003466478856,0.10944564055940353,0.02633003466478856,0.08311560589461497,0.2798897425848933,0.49211680088443144,-0.18204150313543765,-0.12207676452647653,0.4166666666666667,0.32691878679522784,-0.38967543947089656,0.1612239402009621,0.27777777777777773
mlp_rank,25.0,2017-09-30_2018-08-31,12,0.08528715725879565,0.012828519177035869,0.08528715725879565,0.012828519177035869,0.07245863808175979,0.2817050877752714,0.41164741182347175,-0.1998527738860525,-0.12207676452647664,0.4166666666666667,0.29988227044729704,-0.36181193590140814,0.1301078370172235,0.3611111111111111
mlp_rank,25.0,2017-10-31_2018-09-30,12,0.09817871760081687,-0.028994428060318933,0.09817871760081687,-0.028994428060318933,0.1271731456611358,0.281510934711623,0.4541267609208398,-0.1998527738860525,-0.12207676452647676,0.5,0.467380227062297,-0.3442254211071513,0.1268373364794555,0.4444444444444444
mlp_rank,25.0,2017-11-30_2018-10-31,12,0.17767291531582585,0.017470333624036494,0.17767291531582585,0.017470333624036494,0.16020258169178936,0.2877599040582633,0.6958195046130632,-0.1998527738860525,-0.12207676452647676,0.5,0.5437404983238608,-0.1668931883079454,0.22461541551203879,0.5277777777777778
mlp_rank,25.0,2017-12-31_2018-11-30,12,0.28070600552288494,-0.025356283802123625,0.28070600552288494,-0.025356283802123625,0.30606228932500856,0.29542340438369485,0.9739163003074369,-0.1998527738860525,-0.12207676452647687,0.5833333333333334,0.9840153231579793,0.041062796725668343,0.329942049091815,0.611111111111111
mlp_rank,25.0,2018-01-31_2018-12-31,12,0.3141620251314925,-0.01099995180484914,0.3141620251314925,-0.01099995180484914,0.32516197693634163,0.29426322345197087,1.0665307476090424,-0.1998527738860525,-0.12095719505337177,0.5833333333333334,1.0260112474139176,0.12429081036000275,0.36398100309006565,0.6388888888888888
mlp_rank,25.0,2018-02-28_2019-01-31,12,0.21767712517320148,-0.023323412109537922,0.21767712517320148,-0.023323412109537922,0.2410005372827394,0.2680593791968389,0.857176492060132,-0.19985277388605238,-0.06297476655901424,0.5833333333333334,0.8581430277990393,0.08624611294921435,0.25743606386386353,0.611111111111111
mlp_rank,25.0,2018-03-31_2019-02-28,12,0.23121634118822643,0.045204178762284775,0.23121634118822643,0.045204178762284775,0.18601216242594165,0.2665403463230783,0.9029427037148715,-0.19985277388605238,-0.032589089243883484,0.5,0.6655826751979284,-0.18220341226744333,0.28009518637167274,0.6944444444444443
mlp_rank,25.0,2018-04-30_2019-03-31,12,-0.009019814594444564,0.07686204312787948,-0.009019814594444564,0.07686204312787948,-0.08588185772232404,0.18818259915210392,0.03775919545837832,-0.19985277388605227,-0.031039511736595693,0.4166666666666667,-0.4031648336254036,0.8065583578459248,-0.05421322032552667,0.75
mlp_rank,25.0,2018-05-31_2019-04-30,12,-0.08655888864099581,0.03769148450195714,-0.08655888864099581,0.03769148450195714,-0.12425037314295295,0.20017185021936684,-0.35921996268044626,-0.1277127880418194,-0.04957195403333192,0.3333333333333333,-0.6448477085853102,0.9751026806654287,-0.10671582893634968,0.8055555555555557
mlp_rank,25.0,2018-06-30_2019-05-31,12,-0.06365193552182447,0.09645960452265201,-0.06365193552182447,0.09645960452265201,-0.16011154004447647,0.19169736245119567,-0.25510028769257354,-0.1644404661563299,-0.04957195403333203,0.3333333333333333,-0.7777855716170803,0.6097408830752366,-0.10248730590807487,0.7777777777777778
mlp_rank,25.0,2018-07-31_2019-06-30,12,-0.011872058995534118,0.07648721996967378,-0.011872058995534118,0.07648721996967378,-0.0883592789652079,0.18315718985132112,0.017989696977151037,-0.16770925240338552,-0.04957195403333203,0.3333333333333333,-0.4336656402478707,0.7489057154311849,-0.05352768751520354,0.8055555555555555
mlp_rank,25.0,2018-08-31_2019-07-31,12,0.1251726426250097,0.051509897202665744,0.1251726426250097,0.051509897202665744,0.07366274542234397,0.18662742650758243,0.719712662237909,-0.16770925240338563,-0.04957195403333203,0.4166666666666667,0.44734077576362546,0.6614139102353944,0.10306133911404425,0.8055555555555557
mlp_rank,25.0,2018-09-30_2019-08-31,12,0.27430451365091235,0.032217370272061396,0.27430451365091235,0.032217370272061396,0.24208714337885096,0.20570371259774067,1.2832696030735862,-0.16770925240338563,-0.05569706120271434,0.5,1.0514050756888011,0.24436500222098598,0.28725692489589294,0.75
mlp_rank,25.0,2018-10-31_2019-09-30,12,0.39698544270926406,0.0680196854801034,0.39698544270926406,0.0680196854801034,0.32896575722916066,0.22282991717979841,1.6218187960718335,-0.16770925240338552,-0.05569706120271445,0.5,1.2612550045201203,0.27304422596505273,0.401497882527978,0.7222222222222222
mlp_rank,25.0,2018-11-30_2019-10-31,12,0.31007769149840847,-0.007313909877188718,0.31007769149840847,-0.007313909877188718,0.3173916013755972,0.21897714920832678,1.3456908495458941,-0.16770925240338563,-0.07977064350808971,0.5,1.28736749352277,0.16633966133822173,0.3386709776283614,0.6944444444444443
mlp_rank,25.0,2018-12-31_2019-11-30,12,-0.0038023143754126743,0.01695714726683817,-0.0038023143754126743,0.01695714726683817,-0.020759461642250843,0.28295228417581475,0.12060470466236634,-0.1730614541504526,-0.07977064350808971,0.4166666666666667,0.03785411663534942,-0.9575825634915954,0.05615568626467926,0.6666666666666666
mlp_rank,25.0,2019-01-31_2019-12-31,12,-0.12462219732666757,-0.0907583313333864,-0.12462219732666757,-0.0907583313333864,-0.03386386599328117,0.29871170227088534,-0.30237815101845467,-0.254371147744322,-0.08173242622854304,0.4166666666666667,-0.0004969634258221317,-0.6069150742621102,-0.1357782169449092,0.6944444444444445
mlp_rank,25.0,2019-02-28_2020-01-31,12,-0.3046100045326072,-0.15374678206850467,-0.3046100045326072,-0.15374678206850467,-0.15086322246410255,0.32283500491813716,-0.9554977371019225,-0.3715774275502325,-0.157070533612218,0.3333333333333333,-0.45346208930000165,0.33402396290589936,-0.22762936246119592,0.6944444444444445
mlp_rank,25.0,2019-03-31_2020-02-29,12,-0.27490870236750453,-0.2983301643039218,-0.27490870236750453,-0.2983301643039218,0.023421461936417254,0.3279425295144087,-0.8115611289980006,-0.3715774275502325,-0.2968733323797681,0.4166666666666667,0.16227935929861892,-0.1130950585248821,-0.26462217759150286,0.6666666666666666
mlp_rank,25.0,2019-04-30_2020-03-31,12,-0.23669865496258924,-0.26938100433105683,-0.23669865496258924,-0.26938100433105683,0.03268234936846759,0.3294440371960455,-0.6537498459586133,-0.3715774275502326,-0.2897384073692094,0.4166666666666667,0.18712020618734773,-0.035493406803410406,-0.20369569060665205,0.638888888888889
mlp_rank,25.0,2019-05-31_2020-04-30,12,-0.18383596811836644,-0.23441422140073764,-0.18383596811836644,-0.23441422140073764,0.0505782532823712,0.324774219959603,-0.4646679160577945,-0.3715774275502326,-0.2897384073692094,0.4166666666666667,0.23494243954346075,-0.048706315166538235,-0.15113214842367528,0.6111111111111112
mlp_rank,25.0,2019-06-30_2020-05-31,12,-0.1327421745810572,-0.22854562482453433,-0.1327421745810572,-0.22854562482453433,0.09580345024347714,0.32076677380158547,-0.2869594709777547,-0.3715774275502324,-0.2897384073692095,0.4166666666666667,0.3747721259305971,0.0180528864282354,-0.08435661394912286,0.6111111111111112
mlp_rank,25.0,2019-07-31_2020-06-30,12,-0.12494937814560814,-0.1941752572672133,-0.12494937814560814,-0.1941752572672133,0.06922587912160516,0.3210059648501119,-0.2588632800216435,-0.3715774275502325,-0.2827760862119635,0.4166666666666667,0.2780484319365731,0.03340921034737235,-0.07410037916045809,0.5833333333333334
mlp_rank,25.0,2019-08-31_2020-07-31,12,-0.3026345147881959,-0.1722348942847023,-0.3026345147881959,-0.1722348942847023,-0.13039962050349363,0.33371342331527887,-0.903565786166088,-0.43575995852527927,-0.27948217627529803,0.3333333333333333,-0.337901598231003,-0.06655668939929274,-0.2713292205284926,0.6111111111111112
mlp_rank,25.0,2019-09-30_2020-08-31,12,-0.39905300003464994,-0.21057570090232802,-0.39905300003464994,-0.21057570090232802,-0.18847729913232192,0.30062620974914506,-1.5125383626235862,-0.46131818066251085,-0.27948217627529803,0.3333333333333333,-0.6465842310391156,-0.018966237752702588,-0.37353097363943344,0.638888888888889
mlp_rank,25.0,2019-10-31_2020-09-30,12,-0.4576257919600041,-0.1766274605970889,-0.4576257919600041,-0.1766274605970889,-0.2809983313629152,0.25950880137329674,-2.168823774598498,-0.46131818066251085,-0.2794821762752979,0.25,-1.1105111756384476,-0.03327893230693466,-0.44134128299185016,0.6111111111111112
mlp_rank,25.0,2019-11-30_2020-10-31,12,-0.45721374926409464,-0.06643817837031618,-0.45721374926409464,-0.06643817837031618,-0.39077557089377846,0.25967872774135936,-2.164462415907476,-0.34858300892954563,-0.2794821762752979,0.16666666666666666,-1.4931183590205752,0.08217154415904013,-0.4359263299337569,0.6111111111111112
mlp_rank,25.0,2019-12-31_2020-11-30,12,-0.1698114370929844,-0.050871312509224054,-0.1698114370929844,-0.050871312509224054,-0.11894012458376035,0.3722493584558639,-0.3336620081333778,-0.2775469756731278,-0.2358764964179022,0.25,-0.2845037169412868,0.5000416041722572,-0.10917664857120435,0.5833333333333334
mlp_rank,25.0,2020-01-31_2020-12-31,12,-0.23198329934032802,-0.013079995771551722,-0.23198329934032802,-0.013079995771551722,-0.2189033035687763,0.3950829449457545,-0.48529247543727894,-0.1820022094869732,-0.16758179221927783,0.25,-0.5323846220476871,0.49293172207172176,-0.18365849692822678,0.611111111111111
mlp_rank,25.0,2020-02-29_2021-01-31,12,0.2635895991718742,0.14471568274700242,0.2635895991718742,0.14471568274700242,0.11887391642487177,0.5331875680212649,0.6603730834091285,-0.1820022094869732,-0.07033476780972703,0.3333333333333333,0.36161091995457534,0.6573552085720955,0.2719439170100544,0.6388888888888888
mlp_rank,25.0,2020-03-31_2021-02-28,12,-0.052634308028941756,0.3187076559568369,-0.052634308028941756,0.3187076559568369,-0.3713419639857787,0.590730765720491,0.1583327470340702,-0.22535583701314854,-0.07033476780972703,0.25,-0.3922122064567281,2.148029566758447,-0.42139246613068726,0.5833333333333333
mlp_rank,25.0,2020-04-30_2021-03-31,12,-0.05877219252038823,0.2712264885896778,-0.05877219252038823,0.2712264885896778,-0.32999868111006603,0.5906891780382416,0.14721941211098166,-0.22535583701314854,-0.07033476780972714,0.3333333333333333,-0.3311723126061423,2.1284385279772313,-0.3718301142247632,0.611111111111111
mlp_rank,25.0,2020-05-31_2021-04-30,12,-0.03637814038217968,0.2511461011810818,-0.03637814038217968,0.2511461011810818,-0.2875242415632615,0.5906390233453471,0.18732289018827786,-0.22535583701314854,-0.07033476780972703,0.4166666666666667,-0.2523614568202022,2.057242614610737,-0.3213511169862111,0.611111111111111
mlp_rank,25.0,2020-06-30_2021-05-31,12,-0.0418176435709976,0.22018559574957508,-0.0418176435709976,0.22018559574957508,-0.2620032393205727,0.5907706674144432,0.177734045245632,-0.22535583701314854,-0.07033476780972703,0.4166666666666667,-0.21353817611628004,2.0706295930166707,-0.2898355899740024,0.638888888888889
mlp_rank,25.0,2020-07-31_2021-06-30,12,-0.0279735676449816,0.1787337447456181,-0.0279735676449816,0.1787337447456181,-0.2067073123905997,0.5908495982742563,0.2022868836061694,-0.22535583701314854,-0.07033476780972703,0.5,-0.115231741476717,2.167272164405142,-0.23605442992499615,0.638888888888889
mlp_rank,25.0,2020-08-31_2021-07-31,12,-0.03413340857289893,0.17406019021811336,-0.03413340857289893,0.17406019021811336,-0.2081935987910123,0.5924038431353703,0.1925853873555916,-0.31368541459667987,-0.0471551797914731,0.5,-0.11788050498035689,2.1924217233411283,-0.23688747234539576,0.638888888888889
mlp_rank,25.0,2020-09-30_2021-08-31,12,-0.15974240884629443,0.29094300690606567,-0.15974240884629443,0.29094300690606567,-0.4506854157523601,0.6174164943133519,-0.016308133795130936,-0.42998413379612765,-0.0471551797914731,0.4166666666666667,-0.5128969457095313,2.8938527641042704,-0.5542260961814328,0.638888888888889
mlp_rank,25.0,2020-10-31_2021-09-30,12,-0.12833720519958114,0.285307502281577,-0.12833720519958114,0.285307502281577,-0.4136447074811581,0.6186822813731733,0.044207959046870804,-0.42998413379612765,-0.04715517979147299,0.4166666666666667,-0.435638810248905,2.9964977224254645,-0.542726406390401,0.6944444444444445
mlp_rank,25.0,2020-11-30_2021-10-31,12,-0.050904295609524364,0.164192612882329,-0.050904295609524364,0.164192612882329,-0.21509690849185337,0.6257572643999834,0.18658364813190711,-0.42998413379612777,-0.04715517979147299,0.5,-0.07698109365711016,4.118392191244449,-0.4228391598527793,0.6944444444444445
mlp_rank,25.0,2020-12-31_2021-11-30,12,-0.3080056180984625,0.10075285366229347,-0.3080056180984625,0.10075285366229347,-0.40875847176075597,0.5641706897129133,-0.4003506197836114,-0.42998413379612765,-0.04715517979147321,0.4166666666666667,-0.6490540354727216,3.865998683776584,-0.46830584821806664,0.7222222222222222
mlp_rank,25.0,2021-01-31_2021-12-31,12,-0.22779766774359678,0.1311417024200292,-0.22779766774359678,0.1311417024200292,-0.358939370163626,0.5446291248682676,-0.2371912774493365,-0.4431135395501894,-0.04715517979147299,0.4166666666666667,-0.5246149666067565,3.7371088427981003,-0.46351556970588914,0.6666666666666666
mlp_rank,25.0,2021-02-28_2022-01-31,12,-0.48424061531295837,0.1035559333431273,-0.48424061531295837,0.1035559333431273,-0.5877965486560857,0.33074875619130667,-1.782849971283426,-0.3598300260673356,-0.008710521467504728,0.3333333333333333,-2.1516744231808884,0.979892037499756,-0.5083930564096083,0.638888888888889
mlp_rank,25.0,2021-03-31_2022-02-28,12,-0.24998535008914058,0.1814244316261513,-0.24998535008914058,0.1814244316261513,-0.4314097817152919,0.31291115926071733,-0.7600751865847944,-0.3598300260673356,-0.008710521467504728,0.4166666666666667,-1.2540767625744993,-0.5477613914126597,-0.135727056714657,0.6666666666666666
mlp_rank,25.0,2021-04-30_2022-03-31,12,-0.2462791518977906,0.2056999327796627,-0.2462791518977906,0.2056999327796627,-0.4519790846774533,0.31342742356547526,-0.7429364107415354,-0.3598300260673355,-0.008710521467504728,0.3333333333333333,-1.3090515048623923,-0.3820905944125488,-0.14896543105642646,0.611111111111111
mlp_rank,25.0,2021-05-31_2022-04-30,12,-0.27332799999561297,0.20202014645819677,-0.27332799999561297,0.20202014645819677,-0.47534814645380974,0.3106698627125698,-0.8672323074936253,-0.3598300260673355,-0.011058901373715124,0.25,-1.4366328274066893,-0.1085161145879077,-0.22255737074366488,0.611111111111111
mlp_rank,25.0,2021-06-30_2022-05-31,12,-0.241636292046145,0.1547230806668567,-0.241636292046145,0.1547230806668567,-0.3963593727130017,0.3160756236988063,-0.7153134414307658,-0.3598300260673356,-0.04389760737316839,0.3333333333333333,-1.1142521551042885,-0.5379238112331686,-0.13728570867356005,0.611111111111111
mlp_rank,25.0,2021-07-31_2022-06-30,12,-0.24163129747159917,0.14515293481688385,-0.24163129747159917,0.14515293481688385,-0.386784232288483,0.31607651372298223,-0.715290182972386,-0.24850878058499937,-0.04389760737316839,0.3333333333333333,-1.0855856987172605,-0.5927930328924248,-0.1345604583764357,0.638888888888889
mlp_rank,25.0,2021-08-31_2022-07-31,12,-0.026126030110964038,0.16719366722844042,-0.026126030110964038,0.16719366722844042,-0.19331969733940446,0.300360701444042,0.05322926830110691,-0.2050018612249117,-0.04389760737316839,0.4166666666666667,-0.4529132953196853,-0.18262143198464245,0.04588272109106151,0.638888888888889
mlp_rank,25.0,2021-09-30_2022-08-31,12,0.10914699844382003,0.11990803732841937,0.10914699844382003,0.11990803732841937,-0.010761038884599339,0.24604444004406917,0.5338567122832972,-0.2050018612249117,-0.04389760737316817,0.4166666666666667,0.05694933532654948,0.3892782412512348,0.08919936088293712,0.611111111111111
mlp_rank,25.0,2021-10-31_2022-09-30,12,0.07518772663879303,0.07700156092153554,0.07518772663879303,0.07700156092153554,-0.0018138342827425102,0.24419421797576124,0.4076810227745783,-0.2050018612249116,-0.04389760737316828,0.4166666666666667,0.09060494699998956,0.2855030391013414,0.08039252424129151,0.5555555555555555
mlp_rank,25.0,2021-11-30_2022-10-31,12,0.0464406875351977,0.0837751064100245,0.0464406875351977,0.0837751064100245,-0.0373344188748268,0.23429212331984264,0.29985671939235414,-0.13791039764477142,-0.04389760737316839,0.4166666666666667,-0.055106934491728106,0.4581984290814754,0.0326005417714057,0.5555555555555555
mlp_rank,25.0,2021-12-31_2022-11-30,12,0.09167286893056836,0.04089310124175727,0.09167286893056836,0.04089310124175727,0.050779767688811095,0.22182023979154836,0.4964151310937595,-0.0738518148377133,-0.052330809109684795,0.4166666666666667,0.3076034597674509,0.6504305128770016,0.08505602312968397,0.5555555555555555
mlp_rank,25.0,2022-01-31_2022-12-31,12,0.16789104252278486,0.03139589518781816,0.16789104252278486,0.03139589518781816,0.1364951473349667,0.2057163866158282,0.851189547706917,-0.054089457091537785,-0.0538908420070876,0.4166666666666667,0.711117467344908,0.7163537718327324,0.1614716424139484,0.5833333333333334
mlp_rank,25.0,2022-02-28_2023-01-31,12,0.2625149650388723,-0.006523085673795559,0.2625149650388723,-0.006523085673795559,0.26903805071266784,0.1829480718636766,1.3672801466266875,-0.054089457091537896,-0.053890842007087936,0.5,1.738346821823409,1.6001889291201947,0.28900174071224605,0.5555555555555556
mlp_rank,25.0,2022-03-31_2023-02-28,12,0.18830426218066343,-0.03763942955797195,0.18830426218066343,-0.03763942955797195,0.22594369173863538,0.1503095257743589,1.2236516365705172,-0.054089457091537896,-0.05860315994470999,0.5,1.7037620902242299,1.136273024989345,0.2497518673910042,0.5555555555555555
mlp_rank,25.0,2022-04-30_2023-03-31,12,0.243324369630052,-0.0433257664262765,0.243324369630052,-0.0433257664262765,0.2866501360563285,0.15657762579739,1.474113367511998,-0.054089457091537896,-0.052003665957635614,0.5833333333333334,2.1411310578810436,1.4505331656796123,0.3344882593514018,0.5555555555555555
mlp_rank,25.0,2022-05-31_2023-04-30,12,0.39573913563251506,-0.07213752035282106,0.39573913563251506,-0.07213752035282106,0.4678766559853361,0.17125994557657365,2.0509011615472934,-0.054089457091537896,-0.07596598010903766,0.6666666666666666,2.4764040065118684,0.5105645436460197,0.4650007190173615,0.5277777777777777
mlp_rank,25.0,2022-06-30_2023-05-31,12,0.40393773652709664,-0.0361282154897381,0.40393773652709664,-0.0361282154897381,0.44006595201683474,0.17166209957542322,2.0815761773057293,-0.054089457091537896,-0.07596598010903755,0.6666666666666666,2.3494193712470675,0.6690364102235569,0.454248391705681,0.5277777777777777
mlp_rank,25.0,2022-07-31_2023-06-30,12,0.3058675714787906,-0.0028433046031512976,0.3058675714787906,-0.0028433046031512976,0.3087108760819419,0.19007089118960066,1.5052664281544796,-0.054089457091537896,-0.07596598010903743,0.5833333333333334,1.3724009533541028,-0.036886823322311114,0.32678536449083984,0.5
mlp_rank,25.0,2022-08-31_2023-07-31,12,0.41526284554782,-0.031389184091800915,0.41526284554782,-0.031389184091800915,0.4466520296396209,0.24195246630296655,1.5612531013281201,-0.051654313180122036,-0.0655917893195096,0.5833333333333334,1.561418749774149,-0.35308570237217857,0.4360378203980839,0.5277777777777778
mlp_rank,25.0,2022-09-30_2023-08-31,12,0.5618766929163339,-0.014331580574544756,0.5618766929163339,-0.014331580574544756,0.5762082734908787,0.22326846073433254,2.130799998585273,-0.05165431318012215,-0.06559178931950937,0.6666666666666666,1.9533069299430785,-0.7053501270104082,0.5815128863896886,0.5277777777777778
mlp_rank,25.0,2022-10-31_2023-09-30,12,0.6614533665393736,-0.04883569016310929,0.6614533665393736,-0.04883569016310929,0.7102890567024829,0.222189967057147,2.4300294498087966,-0.051654313180122036,-0.06327241269436523,0.75,2.337519780255414,-0.7012694469048542,0.6426779546913817,0.5555555555555555
mlp_rank,25.0,2022-11-30_2023-10-31,12,0.6570527565306574,-8.074453772832779e-05,0.6570527565306574,-8.074453772832779e-05,0.6571335010683858,0.22190886572001056,2.4203776669692147,-0.051654313180122036,-0.04084242285001627,0.75,2.113610146909601,-0.34821849046890485,0.6933286721798964,0.5277777777777778
mlp_rank,25.0,2022-12-31_2023-11-30,12,0.5944390658732503,0.06162621592425688,0.5944390658732503,0.06162621592425688,0.5328128499489935,0.23901025019845565,2.0951050221602947,-0.07431506595485604,-0.04084242285001627,0.75,1.5146809748800243,-1.1841755767980597,0.7551458999632703,0.5277777777777778
mlp_rank,25.0,2023-01-31_2023-12-31,12,0.2864208775402459,0.05389394652891433,0.2864208775402459,0.05389394652891433,0.2325269310113316,0.33675346470215883,0.9157319095351159,-0.25626180392755227,-0.04084242285001627,0.75,0.690528396211904,-0.7546498775415988,0.41308980030662146,0.5277777777777778
mlp_rank,25.0,2023-02-28_2024-01-31,12,0.18748004629246795,0.06910062416905749,0.18748004629246795,0.06910062416905749,0.11837942212341046,0.3513552995002366,0.6585156941382493,-0.3126498776552019,-0.04084242285001627,0.6666666666666666,0.4209275805515364,-0.890840438899532,0.3374613310421193,0.5555555555555556
mlp_rank,25.0,2023-03-31_2024-02-29,12,0.2889789338868889,0.07105311702696282,0.2889789338868889,0.07105311702696282,0.21792581685992607,0.37385557539079856,0.861291391620292,-0.3126498776552019,-0.04084242285001627,0.6666666666666666,0.6164927019302111,-1.0064073664552777,0.4748919957110733,0.5833333333333334
mlp_rank,25.0,2023-04-30_2024-03-31,12,0.12955925500442245,0.04605177038880415,0.12955925500442245,0.04605177038880415,0.0835074846156183,0.3841772038796851,0.49705495133726346,-0.312649877655202,-0.028914327222309355,0.5833333333333334,0.3448186437771889,-0.9014128468951547,0.2619278132068614,0.6111111111111112
mlp_rank,25.0,2023-05-31_2024-04-30,12,0.05637313034107905,0.05087612226469651,0.05637313034107905,0.05087612226469651,0.005497008076382537,0.3730345662625329,0.3203613972835777,-0.312649877655202,-0.04720745865673304,0.5833333333333334,0.16900379131607504,-0.47646971166792107,0.15486001927759263,0.638888888888889
mlp_rank,25.0,2023-06-30_2024-05-31,12,0.04084311053208012,0.06029804021364593,0.04084311053208012,0.06029804021364593,-0.019454929681565813,0.37186869809456435,0.2801344644824438,-0.312649877655202,-0.04720745865673304,0.5833333333333334,0.10739449587303827,-0.4471128501881721,0.1402618535701443,0.6666666666666666
mlp_rank,25.0,2023-07-31_2024-06-30,12,0.27411707098286486,0.046802268590376395,0.27411707098286486,0.046802268590376395,0.22731480239248847,0.39431158372440894,0.8032141877701287,-0.31264987765520214,-0.04720745865673304,0.6666666666666666,0.6764025594549171,0.4095963266838083,0.3405246566192912,0.6666666666666666
mlp_rank,25.0,2023-08-31_2024-07-31,12,0.17980700900500324,0.10318514893952901,0.17980700900500324,0.10318514893952901,0.07662186006547422,0.3642842619282897,0.6285199686401111,-0.31264987765520214,-0.04720745865673315,0.6666666666666666,0.3531111807458685,0.7804626046588001,0.15913906791109245,0.638888888888889
mlp_rank,25.0,2023-09-30_2024-08-31,12,0.1425142114533402,0.08473288946892565,0.1425142114533402,0.08473288946892565,0.057781321984414546,0.3633246580923417,0.539360558892553,-0.312649877655202,-0.04720745865673315,0.6666666666666666,0.3086203034599476,0.7766602374557988,0.13685126583934193,0.638888888888889
mlp_rank,25.0,2023-10-31_2024-09-30,12,0.1810587209883503,0.12170948346779942,0.1810587209883503,0.12170948346779942,0.05934923752055088,0.370969878567501,0.6256418459832026,-0.312649877655202,-0.047207458656732815,0.6666666666666666,0.31623317589519984,1.1008897543032827,0.10536357089501514,0.611111111111111
mlp_rank,25.0,2023-11-30_2024-10-31,12,0.03750993879662268,0.004734660022875703,0.03750993879662268,0.004734660022875703,0.032775278773746974,0.3765844330391966,0.27299943591589126,-0.25746860830806484,-0.07254414974326939,0.5833333333333334,0.2601274591095963,1.134003946886532,0.0952863965387265,0.6388888888888888
mlp_rank,25.0,2023-12-31_2024-11-30,12,0.1206913141898418,-0.026522408525777696,0.1206913141898418,-0.026522408525777696,0.1472137227156195,0.3659276722837277,0.4837656807397672,-0.07581710072902714,-0.07702368625268241,0.6666666666666666,0.5915933391760585,1.4627623033880441,0.23022983184787527,0.611111111111111
mlp_rank,25.0,2024-01-31_2024-12-31,12,0.6619773178700639,-0.013699490369203038,0.6619773178700639,-0.013699490369203038,0.6756768082392669,0.3249397710049754,1.7390366773054518,-0.07151340680804119,-0.07702368625268208,0.75,1.9505458576399715,1.3794541269046425,0.7572957076516633,0.611111111111111
mlp_rank,25.0,2024-02-29_2025-01-31,12,0.45236521247413997,-0.14290566323586873,0.45236521247413997,-0.14290566323586873,0.5952708757100087,0.3878516835719065,1.15642729084314,-0.19237700873990327,-0.18252959118595857,0.75,2.0630229453534077,1.932610512425617,1.0169729928220268,0.5833333333333334
mlp_rank,25.0,2024-03-31_2025-02-28,12,0.13866983766785101,-0.10676537761977256,0.13866983766785101,-0.10676537761977256,0.24543521528762358,0.3881419890937872,0.5151243023622963,-0.27127086730312333,-0.1825295911859588,0.6666666666666666,0.9502896810505251,1.468245901261935,0.4070751654034819,0.611111111111111
mlp_rank,25.0,2024-04-30_2025-03-31,12,0.4094192159033869,-0.06461005552580057,0.4094192159033869,-0.06461005552580057,0.4740292714291875,0.3961338595509825,1.0620501636628807,-0.27127086730312344,-0.18252959118595868,0.75,1.5290882871217315,1.561888376694166,0.6373893829706767,0.611111111111111
mlp_rank,25.0,2024-05-31_2025-04-30,12,0.07393466898833556,0.02942056800377868,0.07393466898833556,0.02942056800377868,0.04451410098455688,0.46816959016229537,0.3742779598652254,-0.34185651863012734,-0.18252959118595857,0.6666666666666666,0.29959374728027033,0.9334012948761088,0.14278233581160182,0.611111111111111
mlp_rank,25.0,2024-06-30_2025-05-31,12,0.0561676919979095,-0.019239253194651806,0.0561676919979095,-0.019239253194651806,0.0754069451925613,0.4679627543286448,0.33811430067010995,-0.3418565186301272,-0.18252959118595835,0.6666666666666666,0.36897091918275304,0.895252305373568,0.17431771393475404,0.5833333333333334
mlp_rank,25.0,2024-07-31_2025-06-30,12,0.023487642806882425,0.03150250800801424,0.023487642806882425,0.03150250800801424,-0.008014865201131816,0.45684091879217154,0.26771802706384806,-0.34185651863012745,-0.1825295911859589,0.6666666666666666,0.17340765348439532,0.9001215395413393,0.08088215203599369,0.5833333333333334
mlp_rank,25.0,2024-08-31_2025-07-31,12,0.12569355443670704,0.02082724764079913,0.12569355443670704,0.02082724764079913,0.10486630679590792,0.4916130542500866,0.471781370810028,-0.3418565186301272,-0.1720911800730176,0.6666666666666666,0.43157783528427035,1.0371752867487058,0.21014722323020996,0.6111111111111112
mlp_rank,25.0,2024-09-30_2025-08-31,12,0.09133956722380909,0.07082064647411035,0.09133956722380909,0.07082064647411035,0.020518920749698744,0.4931552690699874,0.40774788484617375,-0.34185651863012734,-0.1720911800730176,0.5833333333333334,0.2532887914176555,1.0047831201407598,0.12055146793647764,0.6666666666666666
mlp_rank,25.0,2024-10-31_2025-09-30,12,0.015987677022840874,0.07787885846139209,0.015987677022840874,0.07787885846139209,-0.06189118143855121,0.4837101638740182,0.25767902390487973,-0.34185651863012734,-0.11858833109117162,0.5833333333333334,0.07166969193821493,1.0103068292883879,0.031181501073588525,0.6944444444444445
mlp_rank,25.0,2024-11-30_2025-10-31,12,0.22200800432563939,0.1960061542824556,0.22200800432563939,0.1960061542824556,0.026001850043183783,0.48834200146265244,0.6432468162814156,-0.34185651863012734,-0.11795970406671652,0.6666666666666666,0.26326270598523055,1.0607536776910642,0.1116841557364674,0.6944444444444445
mlp_rank,25.0,2024-12-31_2025-11-30,12,0.20350725923845725,0.22133541890163522,0.20350725923845725,0.22133541890163522,-0.017828159663177967,0.48946393127892157,0.6108444217972373,-0.34185651863012734,-0.11795970406671652,0.5833333333333334,0.1818631759292207,1.0603429322013767,0.0711597432455473,0.75
mlp_rank,25.0,2025-01-31_2025-12-31,12,0.5396201982666708,0.17166648362633885,0.5396201982666708,0.17166648362633885,0.367953714640332,0.6864787340008658,0.9202723072603659,-0.21415581557679286,-0.03669877287899381,0.5833333333333334,0.6507748913216793,0.23064345221613805,0.7807384133451507,0.7777777777777778
mlp_rank,25.0,2025-02-28_2026-01-31,12,0.7679236922404666,0.31334945156909844,0.7679236922404666,0.31334945156909844,0.4545742406713682,0.6492863567903732,1.1574341808983517,-0.21415581557679286,-0.04758367670999886,0.5833333333333334,0.6715697683585079,-1.594743402371137,2.145474270889754,0.8333333333333334
mlp_rank,25.0,2025-03-31_2026-02-28,12,0.7559997958688347,0.08257309459079365,0.7559997958688347,0.08257309459079365,0.673426701278041,0.6509519355265254,1.1451237172838105,-0.21415581557679286,-0.18488813271044613,0.6666666666666666,0.9606727554349356,0.18475637377258358,1.0253004152193892,0.8333333333333334
mlp_rank,25.0,2025-04-30_2026-03-31,12,0.4550601937006644,0.028079656548997578,0.4550601937006644,0.028079656548997578,0.42698053715166684,0.651984708438895,0.8412203945826168,-0.20849894067092323,-0.19546042589812018,0.5833333333333334,0.7426411913688423,0.1568703797038667,0.6973911444237944,0.8333333333333331
mlp_rank,25.0,2025-05-31_2026-04-30,12,0.7219571325233964,-0.14610708694572017,0.7219571325233964,-0.14610708694572017,0.8680642194691166,0.6034368729058309,1.1477715347246669,-0.2639127083130549,-0.29138146686445754,0.6666666666666666,1.4230733530315662,0.7732144837456312,1.1580664733881472,0.8333333333333331
mlp_rank,25.0,2025-06-30_2026-05-31,12,0.8472887667723532,-0.18541351506394133,0.8472887667723532,-0.18541351506394133,1.0327022818362945,0.6016536365635168,1.273431305714618,-0.2639127083130549,-0.34737666250868915,0.6666666666666666,1.6080314295176357,0.6642741185447038,1.3446853276996293,0.861111111111111
mlp_rank,25.0,2025-07-31_2026-06-30,12,0.738887583116961,-0.1667764227923394,0.738887583116961,-0.1667764227923394,0.9056640059093004,0.5979477843465021,1.1709216756332013,-0.2639127083130549,-0.34737666250868904,0.5833333333333334,1.4225621014136849,0.49390259712243595,1.1189499097111058,0.861111111111111
mlp_rank,25.0,2025-08-31_2026-07-31,11,0.4401262898802196,-0.20361006057922837,0.48867752319072033,-0.2199234939209873,0.7086010171117076,0.6034815720486426,0.890641211697755,-0.2639127083130549,-0.34737666250868904,0.5454545454545454,1.216106114465028,0.3496930641305648,0.818002416371312,0.8484848484848485
baseline_mlp_blend_50,25.0,2015-02-28_2016-01-31,12,-0.0033252026600650852,-0.12464244015822579,-0.0033252026600650852,-0.12464244015822579,0.1213172374981607,0.0033252026600650644,-1.0,-0.0033252026600650852,-0.2346154234110902,0.5,0.7431381089190269,-0.006439638019553677,-0.0040958444586303155,0.08333333333333333
baseline_mlp_blend_50,25.0,2015-03-31_2016-02-29,12,0.04492941155693031,-0.12200466014015787,0.04492941155693031,-0.12200466014015787,0.16693407169708818,0.04883030910884061,0.9234101540912801,-0.0033252026600650852,-0.1902603904171294,0.5833333333333334,1.0331141360203349,0.04765970687747436,0.0519007095897559,0.1111111111111111
baseline_mlp_blend_50,25.0,2015-04-30_2016-03-31,12,0.07227777874362662,-0.048726200591690305,0.07227777874362662,-0.048726200591690305,0.12100397933531692,0.053430590397867975,1.3337463978494897,-0.0033252026600650852,-0.19026039041712928,0.5833333333333334,0.787747120130398,0.04807193540677611,0.07573716240941519,0.1111111111111111
baseline_mlp_blend_50,25.0,2015-05-31_2016-04-30,12,0.1291312132678335,-0.08042168629585977,0.1291312132678335,-0.08042168629585977,0.20955289956369327,0.07056262754338985,1.7613295184377222,-0.0033252026600650852,-0.13984875260474772,0.6666666666666666,1.3679998489797394,0.055303730601662465,0.13627218871282554,0.13888888888888887
baseline_mlp_blend_50,25.0,2015-06-30_2016-05-31,12,0.2869380564161301,0.021583559353247406,0.2869380564161301,0.021583559353247406,0.2653544970628827,0.14612888082511347,1.806922514502853,-0.0033252026600650852,-0.12048239811387595,0.6666666666666666,1.4633092761651127,0.37343959344421895,0.284599732398201,0.19444444444444442
baseline_mlp_blend_50,25.0,2015-07-31_2016-06-30,12,0.41444265700210847,0.08609325121736311,0.41444265700210847,0.08609325121736311,0.32834940578474536,0.16252157441928647,2.2342849455658103,-0.0033252026600650852,-0.06335332759593715,0.6666666666666666,1.645799803805401,0.4746489692211393,0.3711938049259884,0.24999999999999997
baseline_mlp_blend_50,25.0,2015-08-31_2016-07-31,12,0.5237760776760259,0.19435729107699262,0.5237760776760259,0.19435729107699262,0.32941878659903323,0.1651813696283938,2.666265507987099,-0.0033252026600650852,-0.010009943632593221,0.6666666666666666,1.579200980913155,0.5426363697007354,0.39856850054389326,0.27777777777777773
baseline_mlp_blend_50,25.0,2015-09-30_2016-08-31,12,0.6928802210673857,0.27010420996995776,0.6928802210673857,0.27010420996995776,0.4227760110974279,0.17525467679204632,3.1462465278157685,-0.0033252026600650852,-0.010009943632593332,0.6666666666666666,1.6761111021126187,0.25262280733444104,0.61606547298428,0.3333333333333333
baseline_mlp_blend_50,25.0,2015-10-31_2016-09-30,12,0.8821373120748,0.2171792753369357,0.8821373120748,0.2171792753369357,0.6649580367378642,0.17889827555048687,3.707080629736187,-0.0033252026600650852,-0.010009943632593221,0.75,2.6487206156902507,0.661418504527726,0.6810007911315363,0.38888888888888884
baseline_mlp_blend_50,25.0,2015-11-30_2016-10-31,12,1.1922886743920311,0.15802517726789156,1.1922886743920311,0.15802517726789156,1.0342634971241396,0.19821523064593924,4.177161953365723,-0.0033252026600650852,-0.05046191183613391,0.75,2.7841792667610394,-0.6195386593499667,1.4308487549389177,0.4166666666666667
baseline_mlp_blend_50,25.0,2015-12-31_2016-11-30,12,1.2304265093240736,0.15325670090751609,1.2304265093240736,0.15325670090751609,1.0771698084165575,0.19228375093220446,4.396489418640866,-0.0033252026600650852,-0.05046191183613402,0.75,2.9692129144296286,-0.558606072910301,1.4439262216030664,0.4166666666666666
baseline_mlp_blend_50,25.0,2016-01-31_2016-12-31,12,1.3520937463028422,0.1471553785298949,1.3520937463028422,0.1471553785298949,1.2049383677729473,0.17766323792051267,5.06532669882879,0.0,-0.05046191183613402,0.8333333333333334,3.368520986996137,-0.5884667498102507,1.5736131098600383,0.44444444444444436
baseline_mlp_blend_50,25.0,2016-02-29_2017-01-31,12,1.6042281763079056,0.12910312615333996,1.6042281763079056,0.12910312615333996,1.4751250501545656,0.15723376861914873,6.4029606607842755,0.0,-0.05046191183613391,0.9166666666666666,4.469638998592066,-0.3572965000065746,1.7405521618899673,0.4166666666666667
baseline_mlp_blend_50,25.0,2016-03-31_2017-02-28,12,1.4096643963223108,0.1492046756740173,1.4096643963223108,0.1492046756740173,1.2604597206482935,0.19214930274467262,4.831835087476861,-0.02991228606075913,-0.05046191183613402,0.8333333333333334,3.295310151817344,-0.6269912274362884,1.6584114012529336,0.4166666666666667
baseline_mlp_blend_50,25.0,2016-04-30_2017-03-31,12,1.5254464673890125,0.17503808646495478,1.5254464673890125,0.17503808646495478,1.3504083809240577,0.18396961685689409,5.314683833895594,-0.02991228606075913,-0.05046191183613402,0.8333333333333334,3.453950935741621,-0.7387560864590444,1.8663856653640964,0.47222222222222227
baseline_mlp_blend_50,25.0,2016-05-31_2017-04-30,12,1.411735401673834,0.19627580709932912,1.411735401673834,0.19627580709932912,1.2154595945745048,0.1975770282824934,4.708679417206498,-0.02991228606075913,-0.05046191183613402,0.75,3.0380438153127214,-0.8200718029230407,1.8164006445619512,0.5277777777777778
baseline_mlp_blend_50,25.0,2016-06-30_2017-05-31,12,1.0975648566478347,0.16211773486732262,1.0975648566478347,0.16211773486732262,0.935447121780512,0.20229039771903962,3.8650047850633644,-0.02991228606075902,-0.05046191183613402,0.6666666666666666,2.4395152902781763,-1.3117867190554773,1.5756844805655938,0.49999999999999994
baseline_mlp_blend_50,25.0,2016-07-31_2017-06-30,12,0.8419085755676758,0.11985678631409691,0.8419085755676758,0.11985678631409691,0.7220517892535789,0.2212506592556798,2.928331701246658,-0.043292135957323286,-0.05046191183613402,0.5833333333333334,1.9541774722650969,-1.5211623234153082,1.221380124170992,0.5
baseline_mlp_blend_50,25.0,2016-08-31_2017-07-31,12,0.6386797309090475,0.08878533946639733,0.6386797309090475,0.08878533946639733,0.5498943914426502,0.23882277660317786,2.215159609869471,-0.08305948681918707,-0.05046191183613402,0.5,1.5405640847301725,-1.7402646937433444,0.9414051541531376,0.5277777777777778
baseline_mlp_blend_50,25.0,2016-09-30_2017-08-31,12,0.6813972732179132,0.09996258200034913,0.6813972732179132,0.09996258200034913,0.5814346912175641,0.2492023316369005,2.239111535936612,-0.08305948681918718,-0.05046191183613402,0.5,1.5723501126355763,-1.6609201519759063,1.014207204695428,0.5277777777777778
baseline_mlp_blend_50,25.0,2016-10-31_2017-09-30,12,0.6978564117707238,0.1075588143605537,0.6978564117707238,0.1075588143605537,0.5902975974101701,0.2525287033018031,2.25271479663035,-0.08305948681918718,-0.0004923640702735321,0.5,1.5806311816584167,-1.5244531157031378,1.029702451099964,0.5
baseline_mlp_blend_50,25.0,2016-11-30_2017-10-31,12,0.38682123545835956,0.1559996199134983,0.38682123545835956,0.1559996199134983,0.23082161554486125,0.23378328950342306,1.5206156148551793,-0.08305948681918729,-0.008932388259170088,0.4166666666666667,0.9084950185748286,0.9904000344825716,0.2316983824858021,0.5
baseline_mlp_blend_50,25.0,2016-12-31_2017-11-30,12,0.3266323094858212,0.19992461049678534,0.3266323094858212,0.19992461049678534,0.1267076989890359,0.24037971337366001,1.2951961107700183,-0.08305948681918718,-0.008932388259169977,0.4166666666666667,0.4926127870900208,-0.2487764481505455,0.42238117553518606,0.5277777777777777
baseline_mlp_blend_50,25.0,2017-01-31_2017-12-31,12,0.4549139794239445,0.24773371905633135,0.4549139794239445,0.24773371905633135,0.20718026036761317,0.2730286013927018,1.5138004674810228,-0.08305948681918729,-0.008932388259170088,0.4166666666666667,0.685988778415608,0.46685697849077196,0.3554067550095339,0.5277777777777777
baseline_mlp_blend_50,25.0,2017-02-28_2018-01-31,12,0.5107351113326357,0.22472528642954592,0.5107351113326357,0.22472528642954592,0.2860098249030898,0.28760689666197603,1.5842794245729614,-0.08305948681918729,-0.008932388259170088,0.4166666666666667,0.8387818359572999,0.011860035361831583,0.5602535282564922,0.5277777777777777
baseline_mlp_blend_50,25.0,2017-03-31_2018-02-28,12,0.526164976088217,0.11150665310004948,0.526164976088217,0.11150665310004948,0.4146583229881675,0.2852164779388059,1.6322958084427726,-0.08305948681918718,-0.06307407298992962,0.5,1.2548244853772534,0.5737024455660105,0.4845893177013285,0.49999999999999994
baseline_mlp_blend_50,25.0,2017-04-30_2018-03-31,12,0.6986478683240984,0.054403018339003184,0.6986478683240984,0.054403018339003184,0.6442448499850952,0.32534642910946354,1.8045542868710893,-0.08305948681918729,-0.09250223900477905,0.5,1.5285530122070252,-0.04336530393020087,0.7782446192256942,0.47222222222222215
baseline_mlp_blend_50,25.0,2017-05-31_2018-04-30,12,0.9449072907597649,0.042771960341875914,0.9449072907597649,0.042771960341875914,0.902135330417889,0.33663863308449943,2.1770883833711867,-0.07499902346371701,-0.09416874157139277,0.5833333333333334,1.9171908449178459,-0.07507642124411328,1.043689891742682,0.38888888888888884
baseline_mlp_blend_50,25.0,2017-06-30_2018-05-31,12,1.1161073141684676,-0.005226881237519021,1.1161073141684676,-0.005226881237519021,1.1213341954059866,0.3281053806140513,2.4996535592837055,-0.07405279545679522,-0.12207676452647664,0.6666666666666666,2.3474958069268377,-0.023739265946327564,1.210808760898535,0.38888888888888884
baseline_mlp_blend_50,25.0,2017-07-31_2018-06-30,12,1.341284593624216,0.0163507796990916,1.341284593624216,0.0163507796990916,1.3249338139251243,0.30833405053598534,2.993016912537227,-0.07405279545679544,-0.12207676452647676,0.75,2.7169099529978364,-0.023380214882173064,1.4340973241286656,0.3611111111111111
baseline_mlp_blend_50,25.0,2017-08-31_2018-07-31,12,1.3181348718364965,0.02633003466478856,1.3181348718364965,0.02633003466478856,1.291804837171708,0.3124247574188954,2.923495619406348,-0.07405279545679533,-0.12207676452647653,0.75,2.5948259748584914,-0.12099668987952605,1.420408954162987,0.3055555555555556
baseline_mlp_blend_50,25.0,2017-09-30_2018-08-31,12,1.025320416727466,0.012828519177035869,1.025320416727466,0.012828519177035869,1.0124918975504302,0.3135148620058811,2.4540510480460127,-0.07405279545679533,-0.12207676452647664,0.75,2.2105571355482043,-0.09063139723210474,1.111428835739948,0.3333333333333333
baseline_mlp_blend_50,25.0,2017-10-31_2018-09-30,12,0.7759264252915254,-0.028994428060318933,0.7759264252915254,-0.028994428060318933,0.8049208533518444,0.31581442050883823,1.998442471991601,-0.06960019592883937,-0.12207676452647676,0.75,1.9240063544578903,-0.04174825189611842,0.8481725463675942,0.3333333333333333
baseline_mlp_blend_50,25.0,2017-11-30_2018-10-31,12,0.799849503864188,0.017470333624036494,0.799849503864188,0.017470333624036494,0.7823791702401515,0.311566224851049,2.0668258106243167,-0.10288773673103258,-0.12207676452647676,0.75,1.759981484424298,-0.33187042031606306,0.8870956641771299,0.3333333333333333
baseline_mlp_blend_50,25.0,2017-12-31_2018-11-30,12,1.2037806232732584,-0.025356283802123625,1.2037806232732584,-0.025356283802123625,1.229136907075382,0.3262749239498576,2.6430857545761084,-0.10288773673103246,-0.12207676452647687,0.8333333333333334,2.6711745742792736,0.3827725646439793,1.3164375223980396,0.3333333333333333
baseline_mlp_blend_50,25.0,2018-01-31_2018-12-31,12,0.9761023981207229,-0.01099995180484914,0.9761023981207229,-0.01099995180484914,0.987102349925572,0.31410574399619,2.365093562503745,-0.10288773673103258,-0.12095719505337177,0.75,2.209891391562689,-0.09853260778943465,1.0551342115957931,0.36111111111111116
baseline_mlp_blend_50,25.0,2018-02-28_2019-01-31,12,0.726180556546947,-0.023323412109537922,0.726180556546947,-0.023323412109537922,0.7495039686564849,0.30515800470608634,1.959545618947158,-0.10288773673103258,-0.06297476655901424,0.75,1.8763638331598735,-0.03765243751697645,0.791270685304498,0.3333333333333333
baseline_mlp_blend_50,25.0,2018-03-31_2019-02-28,12,0.8450442126992497,0.045204178762284775,0.8450442126992497,0.045204178762284775,0.7998400339369649,0.2956233212895703,2.251016211440865,-0.10288773673103258,-0.032589089243883484,0.75,1.8816977262092447,-0.6086552456143909,0.965105575355923,0.3888888888888889
baseline_mlp_blend_50,25.0,2018-04-30_2019-03-31,12,0.3324911353363855,0.07686204312787948,0.3324911353363855,0.07686204312787948,0.25562909220850605,0.30863766447911334,1.078672647577042,-0.13550719026678748,-0.031039511736595693,0.6666666666666666,0.8121232260460112,0.2745213391349481,0.3601529737240412,0.4166666666666667
baseline_mlp_blend_50,25.0,2018-05-31_2019-04-30,12,0.0210560215120279,0.03769148450195714,0.0210560215120279,0.03769148450195714,-0.01663546298992924,0.30834280400378766,0.20694668382940581,-0.23727009923872788,-0.04957195403333192,0.5833333333333334,0.076308140008189,0.9762931336314891,0.02359677237724811,0.5
baseline_mlp_blend_50,25.0,2018-06-30_2019-05-31,12,0.0215124206777777,0.09645960452265201,0.0215124206777777,0.09645960452265201,-0.07494718384487431,0.3084680530543646,0.2084255260036167,-0.23727009923872788,-0.04957195403333203,0.5833333333333334,-0.11617112872102382,1.6139598736262484,-0.08747408647714794,0.5277777777777778
baseline_mlp_blend_50,25.0,2018-07-31_2019-06-30,12,-0.01395911705549413,0.07648721996967378,-0.01395911705549413,0.07648721996967378,-0.09044633702516791,0.3024473816816338,0.08997653852817128,-0.23727009923872788,-0.04957195403333203,0.5833333333333334,-0.18488333322126319,1.5237380331021921,-0.08745175632056756,0.5555555555555556
baseline_mlp_blend_50,25.0,2018-08-31_2019-07-31,12,0.12460917256179793,0.051509897202665744,0.12460917256179793,0.051509897202665744,0.07309927535913219,0.30618132069959575,0.524427788338718,-0.23727009923872788,-0.04957195403333203,0.6666666666666666,0.3800323458649606,1.4089253445585495,0.08758364395489449,0.5833333333333334
baseline_mlp_blend_50,25.0,2018-09-30_2019-08-31,12,0.21816292770948498,0.032217370272061396,0.21816292770948498,0.032217370272061396,0.18594555743742358,0.31218562916863946,0.7797304923044946,-0.23727009923872788,-0.05569706120271434,0.6666666666666666,0.70221991622203,1.0504352238997443,0.22619750644916792,0.5555555555555556
baseline_mlp_blend_50,25.0,2018-10-31_2019-09-30,12,0.3726678891058892,0.0680196854801034,0.3726678891058892,0.0680196854801034,0.3046482036257858,0.32137751180738233,1.1459446467871168,-0.23727009923872788,-0.05569706120271445,0.6666666666666666,0.974254816853131,1.0625508947318774,0.3371994381781991,0.5833333333333334
baseline_mlp_blend_50,25.0,2018-11-30_2019-10-31,12,0.43167725733441165,-0.007313909877188718,0.43167725733441165,-0.007313909877188718,0.43899116721160036,0.31462749130911966,1.3022753172336305,-0.237270099238728,-0.07977064350808971,0.75,1.441065518656705,1.48549877624706,0.5035974228325188,0.6111111111111112
baseline_mlp_blend_50,25.0,2018-12-31_2019-11-30,12,0.29839987216175556,0.01695714726683817,0.29839987216175556,0.01695714726683817,0.2814427248949174,0.2705033008040433,1.1045996326155547,-0.23727009923872788,-0.07977064350808971,0.75,1.1240673155179324,1.0930815087206291,0.312762956576089,0.638888888888889
baseline_mlp_blend_50,25.0,2019-01-31_2019-12-31,12,0.16500393590667972,-0.0907583313333864,0.16500393590667972,-0.0907583313333864,0.2557622672400661,0.285835757417085,0.6726027816477627,-0.23727009923872788,-0.08173242622854304,0.75,1.1490860245865118,1.5649962814408223,0.38930665960156774,0.6111111111111112
baseline_mlp_blend_50,25.0,2019-02-28_2020-01-31,12,0.07588630130193108,-0.15374678206850467,0.07588630130193108,-0.15374678206850467,0.22963308337043575,0.3001414655854755,0.3854411585455854,-0.23727009923872788,-0.157070533612218,0.75,1.1134563665790014,1.444470192787875,0.404604974756682,0.638888888888889
baseline_mlp_blend_50,25.0,2019-03-31_2020-02-29,12,0.06123679362980905,-0.2983301643039218,0.06123679362980905,-0.2983301643039218,0.35956695793373084,0.2985144726429227,0.33976304606678265,-0.1398818372200049,-0.2968733323797681,0.75,1.4188450694084687,0.4566069770569779,0.2833791566673547,0.638888888888889
baseline_mlp_blend_50,25.0,2019-04-30_2020-03-31,12,0.1732328096573703,-0.26938100433105683,0.1732328096573703,-0.26938100433105683,0.44261381398842714,0.26225699085237336,0.7346119692494267,-0.15065908236105796,-0.2897384073692094,0.75,1.7412379087014533,0.4097282977231951,0.35939503949450646,0.638888888888889
baseline_mlp_blend_50,25.0,2019-05-31_2020-04-30,12,0.44990933889438667,-0.23441422140073764,0.44990933889438667,-0.23441422140073764,0.6843235602951243,0.22659217770294762,1.7684696712859587,-0.15065908236105807,-0.2897384073692094,0.8333333333333334,2.618358296182046,0.3953241880201465,0.6269424225479145,0.5833333333333334
baseline_mlp_blend_50,25.0,2019-06-30_2020-05-31,12,0.16370329121704819,-0.22854562482453433,0.16370329121704819,-0.22854562482453433,0.3922489160415825,0.2747814399143934,0.6831837147115123,-0.19798714062134493,-0.2897384073692095,0.75,1.2829575159273052,0.1254401531877555,0.24017992926204146,0.5833333333333334
baseline_mlp_blend_50,25.0,2019-07-31_2020-06-30,12,0.16644374308562093,-0.1941752572672133,0.16644374308562093,-0.1941752572672133,0.36061900035283423,0.2749375718879151,0.6916243909038351,-0.19798714062134481,-0.2827760862119635,0.6666666666666666,1.1404691020401654,0.13282495398388852,0.23800734699807036,0.5833333333333334
baseline_mlp_blend_50,25.0,2019-08-31_2020-07-31,12,0.010577493470828703,-0.1722348942847023,0.010577493470828703,-0.1722348942847023,0.182812387755531,0.2748336473761924,0.16566101645853296,-0.22301995719329526,-0.27948217627529803,0.5833333333333334,0.6074931919893398,0.07117142689616156,0.05866612383026837,0.6111111111111112
baseline_mlp_blend_50,25.0,2019-09-30_2020-08-31,12,-0.23072086779670165,-0.21057570090232802,-0.23072086779670165,-0.21057570090232802,-0.020145166894373623,0.3158037362949871,-0.6714877440926874,-0.36193587371748315,-0.27948217627529803,0.5,-0.01052576285566176,0.27892282697247295,-0.14353025681012377,0.638888888888889
baseline_mlp_blend_50,25.0,2019-10-31_2020-09-30,12,-0.10933904069743638,-0.1766274605970889,-0.10933904069743638,-0.1766274605970889,0.06728841989965251,0.42291249285483345,-0.08755151143124995,-0.36193587371748315,-0.2794821762752979,0.5,0.31107603357837793,0.5851872272773881,0.06114926442599922,0.638888888888889
baseline_mlp_blend_50,25.0,2019-11-30_2020-10-31,12,-0.20363656100694782,-0.06643817837031618,-0.20363656100694782,-0.06643817837031618,-0.13719838263663164,0.43377073029278396,-0.3308220053916496,-0.36193587371748315,-0.2794821762752979,0.4166666666666667,-0.23545463619985077,0.34426310704741186,-0.12357797519322644,0.638888888888889
baseline_mlp_blend_50,25.0,2019-12-31_2020-11-30,12,-0.12210602850023944,-0.050871312509224054,-0.12210602850023944,-0.050871312509224054,-0.07123471599101538,0.47198876453560773,-0.06961543003393814,-0.3142736173563282,-0.2358764964179022,0.4166666666666667,-0.030584418596259676,0.4733363713370119,-0.023928482042926524,0.6666666666666666
baseline_mlp_blend_50,25.0,2020-01-31_2020-12-31,12,0.09618596354314768,-0.013079995771551722,0.09618596354314768,-0.013079995771551722,0.1092659593146994,0.4925452451875157,0.4030359685106746,-0.31100471985042133,-0.16758179221927783,0.5,0.35202543836599814,0.37524141693517243,0.2089882893716839,0.7222222222222223
baseline_mlp_blend_50,25.0,2020-02-29_2021-01-31,12,0.6463634711371231,0.14471568274700242,0.6463634711371231,0.14471568274700242,0.5016477883901207,0.6037709559482521,1.097195826960259,-0.31100471985042144,-0.07033476780972703,0.5,0.8343442199490123,0.5849276700476388,0.7374806596467796,0.6944444444444445
baseline_mlp_blend_50,25.0,2020-03-31_2021-02-28,12,0.6124093242572854,0.3187076559568369,0.6124093242572854,0.3187076559568369,0.2937016683004485,0.6049923729523281,1.0597592023988345,-0.31100471985042144,-0.07033476780972703,0.5,0.6120025369170181,1.2481737917428477,0.31374694668693537,0.6944444444444443
baseline_mlp_blend_50,25.0,2020-04-30_2021-03-31,12,0.658361884859979,0.2712264885896778,0.658361884859979,0.2712264885896778,0.38713539627030125,0.6007923260956223,1.1125038292688096,-0.31100471985042144,-0.07033476780972714,0.5,0.7389209740841418,1.3611394643554366,0.3728711115929437,0.6666666666666666
baseline_mlp_blend_50,25.0,2020-05-31_2021-04-30,12,0.6204770656445648,0.2511461011810818,0.6204770656445648,0.2511461011810818,0.369330964463483,0.5997405066962068,1.0729223814389475,-0.22995997708453242,-0.07033476780972703,0.5,0.7238469755590106,1.3325803847429383,0.37768289416912904,0.6944444444444443
baseline_mlp_blend_50,25.0,2020-06-30_2021-05-31,12,0.9677862658529481,0.22018559574957508,0.9677862658529481,0.22018559574957508,0.747600670103373,0.5640664170386044,1.4698397985185403,-0.22995997708453242,-0.07033476780972703,0.5833333333333334,1.1964824073449631,1.435028553309823,0.6676502822810049,0.6944444444444445
baseline_mlp_blend_50,25.0,2020-07-31_2021-06-30,12,1.3212425438644253,0.1787337447456181,1.3212425438644253,0.1787337447456181,1.1425087991188072,0.5814327697800031,1.7451126622280064,-0.1787895555494302,-0.07033476780972703,0.6666666666666666,1.5790802798194052,1.5443430015849797,1.050043719552364,0.6944444444444445
baseline_mlp_blend_50,25.0,2020-08-31_2021-07-31,12,1.121101909543167,0.17406019021811336,1.121101909543167,0.17406019021811336,0.9470417193250535,0.608693232622963,1.5341338421886552,-0.14315977373838495,-0.0471551797914731,0.6666666666666666,1.361101119075545,1.572271877285546,0.9017280834533188,0.6666666666666666
baseline_mlp_blend_50,25.0,2020-09-30_2021-08-31,12,0.6284482691429039,0.29094300690606567,0.6284482691429039,0.29094300690606567,0.3375052622368382,0.7167119874753255,1.0367902896354166,-0.4597848700464392,-0.0471551797914731,0.6666666666666666,0.6752539154147968,0.9131089116743581,0.6316496244656093,0.6666666666666666
baseline_mlp_blend_50,25.0,2020-10-31_2021-09-30,12,0.21994568580244045,0.285307502281577,0.21994568580244045,0.285307502281577,-0.06536181647913653,0.6790728990208875,0.6198181400785691,-0.4802329377067547,-0.04715517979147299,0.5833333333333334,0.23283997718624527,0.36455542422211207,0.3786176397689469,0.6666666666666666
baseline_mlp_blend_50,25.0,2020-11-30_2021-10-31,12,0.41079173833165883,0.164192612882329,0.41079173833165883,0.164192612882329,0.24659912544932983,0.662740825645113,0.8473458783909926,-0.4802329377067547,-0.04715517979147299,0.6666666666666666,0.6254309050762825,1.45005809714825,0.386542495651361,0.6944444444444443
baseline_mlp_blend_50,25.0,2020-12-31_2021-11-30,12,0.09849899619370106,0.10075285366229347,0.09849899619370106,0.10075285366229347,-0.002253857468592413,0.6523716455116213,0.4565637200632745,-0.49861633619035295,-0.04715517979147321,0.5833333333333334,0.30576931244940575,1.0204150525961542,0.21346352226657306,0.6666666666666666
baseline_mlp_blend_50,25.0,2021-01-31_2021-12-31,12,-0.1653624254684397,0.1311417024200292,-0.1653624254684397,0.1311417024200292,-0.2965041278884689,0.6480960604677128,0.02895742894563414,-0.5573870802548407,-0.04715517979147299,0.5,-0.1726192586684052,1.6978122946975904,-0.18118140919621795,0.6666666666666666
baseline_mlp_blend_50,25.0,2021-02-28_2022-01-31,12,-0.4004245659560989,0.1035559333431273,-0.4004245659560989,0.1035559333431273,-0.5039804992992262,0.49293117435783285,-0.7551308172245056,-0.5585758198069608,-0.008710521467504728,0.4166666666666667,-0.9168401583177205,-1.4171431839430897,-0.20553481615963343,0.6944444444444445
baseline_mlp_blend_50,25.0,2021-03-31_2022-02-28,12,-0.3463402863398035,0.1814244316261513,-0.3463402863398035,0.1814244316261513,-0.5277647179659548,0.5097661306292157,-0.5511335987295202,-0.5585758198069608,-0.008710521467504728,0.4166666666666667,-0.8626291230512217,-1.2697649823350365,-0.06376518320535707,0.6666666666666666
baseline_mlp_blend_50,25.0,2021-04-30_2022-03-31,12,-0.27420608910251887,0.2056999327796627,-0.27420608910251887,0.2056999327796627,-0.47990602188218157,0.5226252240572004,-0.33001652820511485,-0.5585758198069608,-0.008710521467504728,0.5,-0.6803235309313446,-1.0598621344843961,0.029387719630269205,0.6944444444444443
baseline_mlp_blend_50,25.0,2021-05-31_2022-04-30,12,-0.24967511913300178,0.20202014645819677,-0.24967511913300178,0.20202014645819677,-0.45169526559119855,0.5298158247119958,-0.25756933075884303,-0.5585758198069608,-0.011058901373715124,0.5,-0.5962993898745824,-1.3699397182840642,0.1266091023315037,0.6944444444444445
baseline_mlp_blend_50,25.0,2021-06-30_2022-05-31,12,-0.27754855502191256,0.1547230806668567,-0.27754855502191256,0.1547230806668567,-0.43227163568876925,0.5261747185886286,-0.3335987945860784,-0.5585758198069608,-0.04389760737316839,0.5,-0.5952326165660196,-0.9623080035944431,-0.033108677006470244,0.6944444444444445
baseline_mlp_blend_50,25.0,2021-07-31_2022-06-30,12,-0.3516641437880089,0.14515293481688385,-0.3516641437880089,0.14515293481688385,-0.49681707860489277,0.4783622961363052,-0.6283123807654853,-0.4848232299748947,-0.04389760737316839,0.5,-0.8807493182960306,-1.177635174248487,-0.12853667566738192,0.7222222222222223
baseline_mlp_blend_50,25.0,2021-08-31_2022-07-31,12,-0.2735749351933945,0.16719366722844042,-0.2735749351933945,0.16719366722844042,-0.4407686024218349,0.4613955265043782,-0.4277421363923024,-0.18328746733303047,-0.04389760737316839,0.5,-0.7353304314060946,-1.144818001233996,-0.01571681333054098,0.7222222222222223
baseline_mlp_blend_50,25.0,2021-09-30_2022-08-31,12,0.22469105841694503,0.11990803732841937,0.22469105841694503,0.11990803732841937,0.10478302108852566,0.25837659339362873,0.9098854676291508,-0.18328746733303058,-0.04389760737316817,0.5833333333333334,0.4057786319396877,-0.6963087155588886,0.3669210507138485,0.6944444444444443
baseline_mlp_blend_50,25.0,2021-10-31_2022-09-30,12,0.24460336830600404,0.07700156092153554,0.24460336830600404,0.07700156092153554,0.1676018073844685,0.25503446101360533,0.9831483990871103,-0.18328746733303047,-0.04389760737316828,0.5833333333333334,0.6307109939479059,-0.4631993916935919,0.32714714398065126,0.6666666666666666
baseline_mlp_blend_50,25.0,2021-11-30_2022-10-31,12,0.309002239197951,0.0837751064100245,0.309002239197951,0.0837751064100245,0.2252271327879265,0.26488659949790744,1.1497073398148046,-0.11958802798044843,-0.04389760737316839,0.5833333333333334,0.7743358059107324,-0.5548008826489874,0.41295704313490567,0.6666666666666666
baseline_mlp_blend_50,25.0,2021-12-31_2022-11-30,12,0.9921939418435797,0.04089310124175727,0.9921939418435797,0.04089310124175727,0.9513008406018224,0.4487043006860526,1.7577238289397406,-0.03995712881337288,-0.052330809109684795,0.6666666666666666,1.5084022222169688,-2.548109315181559,1.3799932598426712,0.6666666666666666
baseline_mlp_blend_50,25.0,2022-01-31_2022-12-31,12,1.1553278925347565,0.03139589518781816,1.1553278925347565,0.03139589518781816,1.1239319973469384,0.4215538073276517,2.042411429271222,-0.044929037307887776,-0.0538908420070876,0.6666666666666666,1.7725789928493731,-2.33549789450319,1.47374687419389,0.6666666666666666
baseline_mlp_blend_50,25.0,2022-02-28_2023-01-31,12,1.1402265128345146,-0.006523085673795559,1.1402265128345146,-0.006523085673795559,1.1467495985083103,0.42295539373218927,2.019122133804584,-0.05416786731644918,-0.053890842007087936,0.6666666666666666,1.867750572290986,-2.4243106068449456,1.261164498739519,0.6944444444444443
baseline_mlp_blend_50,25.0,2022-03-31_2023-02-28,12,0.987307151545886,-0.03763942955797195,0.987307151545886,-0.03763942955797195,1.0249465811038578,0.423789982191293,1.8291512620805361,-0.05416786731644918,-0.05860315994470999,0.6666666666666666,1.7592512790964348,-3.066784871741856,0.9088644215244694,0.6944444444444445
baseline_mlp_blend_50,25.0,2022-04-30_2023-03-31,12,0.9556718591784086,-0.0433257664262765,0.9556718591784086,-0.0433257664262765,0.9989976256046851,0.4229449072138801,1.7917268430819835,-0.05416786731644918,-0.052003665957635614,0.6666666666666666,1.7343091304960863,-3.4032046065791373,0.8201922483846145,0.7222222222222222
baseline_mlp_blend_50,25.0,2022-05-31_2023-04-30,12,0.5669136346035062,-0.07213752035282106,0.5669136346035062,-0.07213752035282106,0.6390511549563272,0.4566454192573368,1.1800174802523538,-0.11749999570585823,-0.07596598010903766,0.5833333333333334,1.2746731112143723,-1.3465350966288732,0.5433587704807903,0.6944444444444443
baseline_mlp_blend_50,25.0,2022-06-30_2023-05-31,12,0.613911167790469,-0.0361282154897381,0.613911167790469,-0.0361282154897381,0.650039383280207,0.45530785426426473,1.2501881261105325,-0.11749999570585823,-0.07596598010903755,0.5833333333333334,1.259395262957526,-1.793086178320351,0.6437276688475111,0.6944444444444443
baseline_mlp_blend_50,25.0,2022-07-31_2023-06-30,12,0.5109626049052285,-0.0028433046031512976,0.5109626049052285,-0.0028433046031512976,0.5138059095083798,0.45291074879599197,1.1027655947444417,-0.11749999570585823,-0.07596598010903743,0.5,1.0361670177676239,-1.4961449863673735,0.631833297342876,0.6944444444444443
baseline_mlp_blend_50,25.0,2022-08-31_2023-07-31,12,0.6238002913658951,-0.031389184091800915,0.6238002913658951,-0.031389184091800915,0.655189475457696,0.4444180235950086,1.2851633521119763,-0.11749999570585823,-0.0655917893195096,0.5833333333333334,1.2886660681960764,-1.2750824014205064,0.6858087088831144,0.7222222222222222
baseline_mlp_blend_50,25.0,2022-09-30_2023-08-31,12,0.9701160467040892,-0.014331580574544756,0.9701160467040892,-0.014331580574544756,0.984447627278634,0.5064385561088574,1.5754031998623992,-0.11749999570585823,-0.06559178931950937,0.5833333333333334,1.5426186491244418,-1.3450435662770452,1.132402908724877,0.7222222222222222
baseline_mlp_blend_50,25.0,2022-10-31_2023-09-30,12,0.8793307109780748,-0.04883569016310929,0.8793307109780748,-0.04883569016310929,0.9281664011411841,0.5169426133412107,1.4562295044048976,-0.11749999570585834,-0.06327241269436523,0.5833333333333334,1.5180260282280205,-0.42461222516679553,1.0364164651457206,0.75
baseline_mlp_blend_50,25.0,2022-11-30_2023-10-31,12,0.8432030559983692,-8.074453772832779e-05,0.8432030559983692,-8.074453772832779e-05,0.8432838005360975,0.5159964983101293,1.4181543153624219,-0.11749999570585823,-0.04084242285001627,0.5833333333333334,1.3797226514075538,-0.21324496793483128,1.0361932552849762,0.6944444444444445
baseline_mlp_blend_50,25.0,2022-12-31_2023-11-30,12,0.20854234302715446,0.06162621592425688,0.20854234302715446,0.06162621592425688,0.1469161271028976,0.36120900601353945,0.6800585587795374,-0.11749999570585823,-0.04084242285001627,0.5,0.5272633056148756,1.2156112532925765,0.18208614363394982,0.6944444444444445
baseline_mlp_blend_50,25.0,2023-01-31_2023-12-31,12,0.25720697723111763,0.05389394652891433,0.25720697723111763,0.05389394652891433,0.2033130307022033,0.35561694496004875,0.798897037228506,-0.11749999570585823,-0.04084242285001627,0.5833333333333334,0.6702306211920009,1.1841376232074914,0.24057035753681721,0.6666666666666666
baseline_mlp_blend_50,25.0,2023-02-28_2024-01-31,12,0.1908088740338385,0.06910062416905749,0.1908088740338385,0.06910062416905749,0.12170824986478102,0.3646979882446891,0.6355895707370129,-0.1373046624857419,-0.04084242285001627,0.5833333333333334,0.4570232760722912,1.0421849733592154,0.17013422700116498,0.638888888888889
baseline_mlp_blend_50,25.0,2023-03-31_2024-02-29,12,0.3224486157309978,0.07105311702696282,0.3224486157309978,0.07105311702696282,0.251395498704035,0.3835027417827754,0.8997010967938932,-0.1373046624857419,-0.04084242285001627,0.5833333333333334,0.7265517144057034,0.8976658837213294,0.31884620948883624,0.6666666666666666
baseline_mlp_blend_50,25.0,2023-04-30_2024-03-31,12,0.1699333295843395,0.04605177038880415,0.1699333295843395,0.04605177038880415,0.12388155919553534,0.38752090323138777,0.5707261625359916,-0.1373046624857419,-0.028914327222309355,0.5,0.45578931169162523,0.9422421090106432,0.1900048521084634,0.638888888888889
baseline_mlp_blend_50,25.0,2023-05-31_2024-04-30,12,0.09804498274375728,0.05087612226469651,0.09804498274375728,0.05087612226469651,0.04716886047906077,0.41133352815907637,0.4058549595813582,-0.227615610706833,-0.04720745865673304,0.5,0.28603491117109586,1.2251391041636934,0.10666936115572323,0.6666666666666666
baseline_mlp_blend_50,25.0,2023-06-30_2024-05-31,12,0.12399859646183509,0.06029804021364593,0.12399859646183509,0.06029804021364593,0.06370055624818916,0.41396207176721966,0.46282755889075217,-0.22761561070683278,-0.04720745865673304,0.5,0.32410958699442066,1.2781966809346135,0.11804743618522417,0.6666666666666666
baseline_mlp_blend_50,25.0,2023-07-31_2024-06-30,12,0.11289286547139832,0.046802268590376395,0.11289286547139832,0.046802268590376395,0.06609059688102192,0.4138728911315364,0.43848216892527014,-0.2276156107068329,-0.04720745865673304,0.5,0.332122720384196,1.3817221881586628,0.1199798112078343,0.5833333333333334
baseline_mlp_blend_50,25.0,2023-08-31_2024-07-31,12,0.0957602779103035,0.10318514893952901,0.0957602779103035,0.10318514893952901,-0.0074248710292255105,0.41348187008120624,0.4004834404128368,-0.227615610706833,-0.04720745865673315,0.4166666666666667,0.15583492722608452,0.993344488630891,0.06516989149323993,0.5833333333333334
baseline_mlp_blend_50,25.0,2023-09-30_2024-08-31,12,-0.20082228822786463,0.08473288946892565,-0.20082228822786463,0.08473288946892565,-0.2855551776967903,0.287660236381126,-0.6377689439466422,-0.2276156107068329,-0.04720745865673315,0.3333333333333333,-1.0639100744422785,1.3955818058403349,-0.26493009535791423,0.5833333333333334
baseline_mlp_blend_50,25.0,2023-10-31_2024-09-30,12,-0.021140858093382286,0.12170948346779942,-0.021140858093382286,0.12170948346779942,-0.1428503415611817,0.3208491917820856,0.08180954172352413,-0.227615610706833,-0.047207458656732815,0.4166666666666667,-0.3130872726664866,1.3020879115991406,-0.12189285723072651,0.5555555555555556
baseline_mlp_blend_50,25.0,2023-11-30_2024-10-31,12,-0.19255928219571783,0.004734660022875703,-0.19255928219571783,0.004734660022875703,-0.19729394221859353,0.33068313988059855,-0.4886683800701597,-0.21297971399390847,-0.07254414974326939,0.3333333333333333,-0.5744110833522349,1.358469895518323,-0.16188373252280186,0.5555555555555555
baseline_mlp_blend_50,25.0,2023-12-31_2024-11-30,12,0.0013181926341365724,-0.026522408525777696,0.0013181926341365724,-0.026522408525777696,0.02784060115991427,0.35950843836564844,0.16877245479676703,-0.21297971399390847,-0.07702368625268241,0.4166666666666667,0.25394157419662455,1.5884055678078473,0.09968249908756777,0.5555555555555555
baseline_mlp_blend_50,25.0,2024-01-31_2024-12-31,12,0.1883192283502808,-0.013699490369203038,0.1883192283502808,-0.013699490369203038,0.20201871871948385,0.39875708574365054,0.61747238748072,-0.21297971399390858,-0.07702368625268208,0.4166666666666667,0.6974032653781574,1.6690532084800123,0.29449771536655134,0.5277777777777777
baseline_mlp_blend_50,25.0,2024-02-29_2025-01-31,12,0.2531138758441438,-0.14290566323586873,0.2531138758441438,-0.14290566323586873,0.39601953908001253,0.3904066239888459,0.7616890129461098,-0.21297971399390858,-0.18252959118595857,0.5,1.2266745477249534,1.006909008471172,0.5407071894281388,0.5277777777777778
baseline_mlp_blend_50,25.0,2024-03-31_2025-02-28,12,-0.10439341914557365,-0.10676537761977256,-0.10439341914557365,-0.10676537761977256,0.0023719584741989097,0.42173635226358697,-0.06445663335093253,-0.19575575058887462,-0.1825295911859588,0.4166666666666667,0.17166534861880073,0.48300311238413846,0.021205913061942416,0.5277777777777778
baseline_mlp_blend_50,25.0,2024-04-30_2025-03-31,12,0.039248355006189284,-0.06461005552580057,0.039248355006189284,-0.06461005552580057,0.10385841053198985,0.43044032887583866,0.290895220796006,-0.19575575058887473,-0.18252959118595868,0.5,0.4213203791563972,0.6134486743049635,0.16958843924499045,0.5
baseline_mlp_blend_50,25.0,2024-05-31_2025-04-30,12,0.36062355329008966,0.02942056800377868,0.36062355329008966,0.02942056800377868,0.331202985286311,0.386115299788195,0.9876499284031544,-0.19575575058887462,-0.18252959118595857,0.5833333333333334,0.865559315590572,0.454218105234579,0.4276832785127713,0.5277777777777778
baseline_mlp_blend_50,25.0,2024-06-30_2025-05-31,12,0.3613910265892708,-0.019239253194651806,0.3613910265892708,-0.019239253194651806,0.3806302797839226,0.38617670710186913,0.9890522409933716,-0.19575575058887473,-0.18252959118595835,0.5833333333333334,0.9737094144973463,0.3782429382329753,0.45855622367162496,0.49999999999999994
baseline_mlp_blend_50,25.0,2024-07-31_2025-06-30,12,0.4466878523322817,0.03150250800801424,0.4466878523322817,0.03150250800801424,0.41518534432426746,0.38816606552563643,1.1476264568321384,-0.19575575058887462,-0.1825295911859589,0.5833333333333334,1.0028410734878763,0.4290947818627985,0.5174518345372074,0.5555555555555555
baseline_mlp_blend_50,25.0,2024-08-31_2025-07-31,12,0.6916188347794523,0.02082724764079913,0.6916188347794523,0.02082724764079913,0.6707915871386532,0.41505723766164254,1.487646922627968,-0.19575575058887484,-0.1720911800730176,0.6666666666666666,1.4483214195059442,0.6645581172558507,0.7822924598251415,0.5555555555555556
baseline_mlp_blend_50,25.0,2024-09-30_2025-08-31,12,1.5731102474229797,0.07082064647411035,1.5731102474229797,0.07082064647411035,1.5022896009488693,0.5421382827169702,2.042987535887959,-0.19575575058887462,-0.1720911800730176,0.75,1.9675108550314788,0.8263513126124364,1.7018529363648747,0.5555555555555556
baseline_mlp_blend_50,25.0,2024-10-31_2025-09-30,12,1.7827385800432158,0.07787885846139209,1.7827385800432158,0.07787885846139209,1.7048597215818238,0.5592490505442624,2.146906283580767,-0.19575575058887473,-0.11858833109117162,0.75,2.069271871308697,0.8489389332316097,1.9223234190546545,0.5555555555555556
baseline_mlp_blend_50,25.0,2024-11-30_2025-10-31,12,2.9309426695626164,0.1960061542824556,2.9309426695626164,0.1960061542824556,2.734936515280161,0.524013825494365,2.987976244911446,-0.19575575058887462,-0.11795970406671652,0.8333333333333334,2.629878691847848,0.5499160278948847,2.9591365027581227,0.5833333333333334
baseline_mlp_blend_50,25.0,2024-12-31_2025-11-30,12,2.6382501643503082,0.22133541890163522,2.6382501643503082,0.22133541890163522,2.416914745448673,0.5278611113885961,2.804271321313466,-0.19575575058887462,-0.11795970406671652,0.8333333333333334,2.414784551553337,0.5767042865538893,2.6108462210531456,0.5277777777777778
baseline_mlp_blend_50,25.0,2025-01-31_2025-12-31,12,1.3513645057312043,0.17166648362633885,1.3513645057312043,0.17166648362633885,1.1796980221048654,0.6339302657867548,1.6771796821018394,-0.23797543619967476,-0.03669877287899381,0.75,1.4825145951551624,1.1234613919161274,1.306136270854784,0.5555555555555556
baseline_mlp_blend_50,25.0,2025-02-28_2026-01-31,12,0.8525004612561526,0.31334945156909844,0.8525004612561526,0.31334945156909844,0.5391510096870542,0.701025653683139,1.2172923661473518,-0.4061476836718302,-0.04758367670999886,0.6666666666666666,0.8647994569305152,2.29323740262551,0.2252481313899921,0.5833333333333334
baseline_mlp_blend_50,25.0,2025-03-31_2026-02-28,12,0.7327091200359745,0.08257309459079365,0.7327091200359745,0.08257309459079365,0.6501360254451809,0.7237428465492661,1.1064394147289167,-0.5483909478906939,-0.18488813271044613,0.6666666666666666,1.1439973488058297,2.2284633337872726,0.757210785115628,0.611111111111111
baseline_mlp_blend_50,25.0,2025-04-30_2026-03-31,12,0.6252133645983398,0.028079656548997578,0.6252133645983398,0.028079656548997578,0.5971337080493422,0.7232779618401742,1.0125759380265371,-0.548390947890694,-0.19546042589812018,0.6666666666666666,1.117593764646333,2.2521680733866156,0.8377294327239537,0.6666666666666666
baseline_mlp_blend_50,25.0,2025-05-31_2026-04-30,12,0.4604638601489337,-0.14610708694572017,0.4604638601489337,-0.14610708694572017,0.6065709470946539,0.727742064965914,0.8553118651099243,-0.5483909478906939,-0.29138146686445754,0.6666666666666666,1.2317642637789483,1.9761974406123803,1.343542459470561,0.638888888888889
baseline_mlp_blend_50,25.0,2025-06-30_2026-05-31,12,0.4740070993594767,-0.18541351506394133,0.4740070993594767,-0.18541351506394133,0.659420614423418,0.7280518948884445,0.8685536164266394,-0.5483909478906939,-0.34737666250868915,0.6666666666666666,1.30719381828646,1.8013502197067166,1.493919301821958,0.6388888888888888
baseline_mlp_blend_50,25.0,2025-07-31_2026-06-30,12,0.46456732010525714,-0.1667764227923394,0.46456732010525714,-0.1667764227923394,0.6313437428975965,0.7278296625311471,0.8593392211683493,-0.5483909478906939,-0.34737666250868904,0.6666666666666666,1.2465678764864654,1.6323265129987004,1.3216523329372651,0.611111111111111
baseline_mlp_blend_50,25.0,2025-08-31_2026-07-31,11,0.23296270810317998,-0.20361006057922837,0.25666094379906546,-0.2199234939209873,0.47658443772005277,0.7473922884126518,0.6387424802422218,-0.548390947890694,-0.34737666250868904,0.6363636363636364,1.0700009525537784,1.5847084824235538,1.208463446904434,0.606060606060606
online_best,25.0,2015-02-28_2016-01-31,12,-0.0033252026600650852,-0.12464244015822579,-0.0033252026600650852,-0.12464244015822579,0.1213172374981607,0.0033252026600650644,-1.0,-0.0033252026600650852,-0.2346154234110902,0.5,0.7431381089190269,-0.006439638019553677,-0.0040958444586303155,0.08333333333333333
online_best,25.0,2015-03-31_2016-02-29,12,0.04492941155693031,-0.12200466014015787,0.04492941155693031,-0.12200466014015787,0.16693407169708818,0.04883030910884061,0.9234101540912801,-0.0033252026600650852,-0.1902603904171294,0.5833333333333334,1.0331141360203349,0.04765970687747436,0.0519007095897559,0.1111111111111111
online_best,25.0,2015-04-30_2016-03-31,12,0.07227777874362662,-0.048726200591690305,0.07227777874362662,-0.048726200591690305,0.12100397933531692,0.053430590397867975,1.3337463978494897,-0.0033252026600650852,-0.19026039041712928,0.5833333333333334,0.787747120130398,0.04807193540677611,0.07573716240941519,0.1111111111111111
online_best,25.0,2015-05-31_2016-04-30,12,0.1291312132678335,-0.08042168629585977,0.1291312132678335,-0.08042168629585977,0.20955289956369327,0.07056262754338985,1.7613295184377222,-0.0033252026600650852,-0.13984875260474772,0.6666666666666666,1.3679998489797394,0.055303730601662465,0.13627218871282554,0.13888888888888887
online_best,25.0,2015-06-30_2016-05-31,12,0.2869380564161301,0.021583559353247406,0.2869380564161301,0.021583559353247406,0.2653544970628827,0.14612888082511347,1.806922514502853,-0.0033252026600650852,-0.12048239811387595,0.6666666666666666,1.4633092761651127,0.37343959344421895,0.284599732398201,0.19444444444444442
online_best,25.0,2015-07-31_2016-06-30,12,0.41444265700210847,0.08609325121736311,0.41444265700210847,0.08609325121736311,0.32834940578474536,0.16252157441928647,2.2342849455658103,-0.0033252026600650852,-0.06335332759593715,0.6666666666666666,1.645799803805401,0.4746489692211393,0.3711938049259884,0.24999999999999997
online_best,25.0,2015-08-31_2016-07-31,12,0.5237760776760259,0.19435729107699262,0.5237760776760259,0.19435729107699262,0.32941878659903323,0.1651813696283938,2.666265507987099,-0.0033252026600650852,-0.010009943632593221,0.6666666666666666,1.579200980913155,0.5426363697007354,0.39856850054389326,0.27777777777777773
online_best,25.0,2015-09-30_2016-08-31,12,0.6928802210673857,0.27010420996995776,0.6928802210673857,0.27010420996995776,0.4227760110974279,0.17525467679204632,3.1462465278157685,-0.0033252026600650852,-0.010009943632593332,0.6666666666666666,1.6761111021126187,0.25262280733444104,0.61606547298428,0.3333333333333333
online_best,25.0,2015-10-31_2016-09-30,12,0.8821373120748,0.2171792753369357,0.8821373120748,0.2171792753369357,0.6649580367378642,0.17889827555048687,3.707080629736187,-0.0033252026600650852,-0.010009943632593221,0.75,2.6487206156902507,0.661418504527726,0.6810007911315363,0.38888888888888884
online_best,25.0,2015-11-30_2016-10-31,12,1.1922886743920311,0.15802517726789156,1.1922886743920311,0.15802517726789156,1.0342634971241396,0.19821523064593924,4.177161953365723,-0.0033252026600650852,-0.05046191183613391,0.75,2.7841792667610394,-0.6195386593499667,1.4308487549389177,0.4166666666666667
online_best,25.0,2015-12-31_2016-11-30,12,1.2304265093240736,0.15325670090751609,1.2304265093240736,0.15325670090751609,1.0771698084165575,0.19228375093220446,4.396489418640866,-0.0033252026600650852,-0.05046191183613402,0.75,2.9692129144296286,-0.558606072910301,1.4439262216030664,0.4166666666666666
online_best,25.0,2016-01-31_2016-12-31,12,1.3520937463028422,0.1471553785298949,1.3520937463028422,0.1471553785298949,1.2049383677729473,0.17766323792051267,5.06532669882879,0.0,-0.05046191183613402,0.8333333333333334,3.368520986996137,-0.5884667498102507,1.5736131098600383,0.44444444444444436
online_best,25.0,2016-02-29_2017-01-31,12,1.6042281763079056,0.12910312615333996,1.6042281763079056,0.12910312615333996,1.4751250501545656,0.15723376861914873,6.4029606607842755,0.0,-0.05046191183613391,0.9166666666666666,4.469638998592066,-0.3572965000065746,1.7405521618899673,0.4166666666666667
online_best,25.0,2016-03-31_2017-02-28,12,1.4096643963223108,0.1492046756740173,1.4096643963223108,0.1492046756740173,1.2604597206482935,0.19214930274467262,4.831835087476861,-0.02991228606075913,-0.05046191183613402,0.8333333333333334,3.295310151817344,-0.6269912274362884,1.6584114012529336,0.4166666666666667
online_best,25.0,2016-04-30_2017-03-31,12,1.5254464673890125,0.17503808646495478,1.5254464673890125,0.17503808646495478,1.3504083809240577,0.18396961685689409,5.314683833895594,-0.02991228606075913,-0.05046191183613402,0.8333333333333334,3.453950935741621,-0.7387560864590444,1.8663856653640964,0.47222222222222227
online_best,25.0,2016-05-31_2017-04-30,12,1.411735401673834,0.19627580709932912,1.411735401673834,0.19627580709932912,1.2154595945745048,0.1975770282824934,4.708679417206498,-0.02991228606075913,-0.05046191183613402,0.75,3.0380438153127214,-0.8200718029230407,1.8164006445619512,0.5277777777777778
online_best,25.0,2016-06-30_2017-05-31,12,1.0975648566478347,0.16211773486732262,1.0975648566478347,0.16211773486732262,0.935447121780512,0.20229039771903962,3.8650047850633644,-0.02991228606075902,-0.05046191183613402,0.6666666666666666,2.4395152902781763,-1.3117867190554773,1.5756844805655938,0.49999999999999994
online_best,25.0,2016-07-31_2017-06-30,12,0.8419085755676758,0.11985678631409691,0.8419085755676758,0.11985678631409691,0.7220517892535789,0.2212506592556798,2.928331701246658,-0.043292135957323286,-0.05046191183613402,0.5833333333333334,1.9541774722650969,-1.5211623234153082,1.221380124170992,0.5
online_best,25.0,2016-08-31_2017-07-31,12,0.6386797309090475,0.08878533946639733,0.6386797309090475,0.08878533946639733,0.5498943914426502,0.23882277660317786,2.215159609869471,-0.08305948681918707,-0.05046191183613402,0.5,1.5405640847301725,-1.7402646937433444,0.9414051541531376,0.5277777777777778
online_best,25.0,2016-09-30_2017-08-31,12,0.6813972732179132,0.09996258200034913,0.6813972732179132,0.09996258200034913,0.5814346912175641,0.2492023316369005,2.239111535936612,-0.08305948681918718,-0.05046191183613402,0.5,1.5723501126355763,-1.6609201519759063,1.014207204695428,0.5277777777777778
online_best,25.0,2016-10-31_2017-09-30,12,0.6978564117707238,0.1075588143605537,0.6978564117707238,0.1075588143605537,0.5902975974101701,0.2525287033018031,2.25271479663035,-0.08305948681918718,-0.0004923640702735321,0.5,1.5806311816584167,-1.5244531157031378,1.029702451099964,0.5
online_best,25.0,2016-11-30_2017-10-31,12,0.38682123545835956,0.1559996199134983,0.38682123545835956,0.1559996199134983,0.23082161554486125,0.23378328950342306,1.5206156148551793,-0.08305948681918729,-0.008932388259170088,0.4166666666666667,0.9084950185748286,0.9904000344825716,0.2316983824858021,0.5
online_best,25.0,2016-12-31_2017-11-30,12,0.3266323094858212,0.19992461049678534,0.3266323094858212,0.19992461049678534,0.1267076989890359,0.24037971337366001,1.2951961107700183,-0.08305948681918718,-0.008932388259169977,0.4166666666666667,0.4926127870900208,-0.2487764481505455,0.42238117553518606,0.5277777777777777
online_best,25.0,2017-01-31_2017-12-31,12,0.4549139794239445,0.24773371905633135,0.4549139794239445,0.24773371905633135,0.20718026036761317,0.2730286013927018,1.5138004674810228,-0.08305948681918729,-0.008932388259170088,0.4166666666666667,0.685988778415608,0.46685697849077196,0.3554067550095339,0.5277777777777777
online_best,25.0,2017-02-28_2018-01-31,12,0.5107351113326357,0.22472528642954592,0.5107351113326357,0.22472528642954592,0.2860098249030898,0.28760689666197603,1.5842794245729614,-0.08305948681918729,-0.008932388259170088,0.4166666666666667,0.8387818359572999,0.011860035361831583,0.5602535282564922,0.5277777777777777
online_best,25.0,2017-03-31_2018-02-28,12,0.5300317837318909,0.11150665310004948,0.5300317837318909,0.11150665310004948,0.4185251306318414,0.284668324602978,1.6441613364903314,-0.08305948681918718,-0.06307407298992962,0.5,1.2630402101917886,0.5563482890325328,0.49094270448507427,0.5277777777777777
online_best,25.0,2017-04-30_2018-03-31,12,0.7450422160309493,0.054403018339003184,0.7450422160309493,0.054403018339003184,0.6906391976919461,0.3404484246761871,1.8187020766512205,-0.08305948681918729,-0.09250223900477905,0.5,1.5411114679526847,-0.15150759701980918,0.8444872380746518,0.5277777777777778
online_best,25.0,2017-05-31_2018-04-30,12,1.0995561764555695,0.042771960341875914,1.0995561764555695,0.042771960341875914,1.0567842161136936,0.37032679224655607,2.2236264238324206,-0.07499902346371701,-0.09416874157139277,0.5833333333333334,1.970905488191112,-0.21008437949365097,1.2385219524683415,0.5
online_best,25.0,2017-06-30_2018-05-31,12,1.288737047204986,-0.005226881237519021,1.288737047204986,-0.005226881237519021,1.2939639284425049,0.36062263183348126,2.5311457333510803,-0.07405279545679522,-0.12207676452647664,0.6666666666666666,2.3788691414093543,-0.12570504394159437,1.4105295905473478,0.5
online_best,25.0,2017-07-31_2018-06-30,12,1.3197097486689975,0.0163507796990916,1.3197097486689975,0.0163507796990916,1.3033589689699059,0.35645154900624443,2.597405037180484,-0.07405279545679544,-0.12207676452647676,0.6666666666666666,2.338726607228268,-0.2858155004319016,1.4543953457175984,0.4444444444444444
online_best,25.0,2017-08-31_2018-07-31,12,1.3110182780305242,0.02633003466478856,1.3110182780305242,0.02633003466478856,1.2846882433657356,0.35777197102667346,2.5777815863372577,-0.07405279545679533,-0.12207676452647653,0.6666666666666666,2.2756579365391953,-0.3759774364389376,1.4593149731557111,0.4166666666666666
online_best,25.0,2017-09-30_2018-08-31,12,0.9315163478064858,0.012828519177035869,0.9315163478064858,0.012828519177035869,0.91868782862945,0.3705099628077932,1.9839250324702693,-0.11013112513249435,-0.12207676452647664,0.5833333333333334,1.7864614380505128,-0.3152586178246552,1.052698947104484,0.4166666666666667
online_best,25.0,2017-10-31_2018-09-30,12,0.7415746097619058,-0.028994428060318933,0.7415746097619058,-0.028994428060318933,0.7705690378222247,0.3669749826921879,1.7021917655321361,-0.11013112513249423,-0.12207676452647676,0.5833333333333334,1.6263565984540114,-0.3176766441033159,0.825904295865102,0.4166666666666667
online_best,25.0,2017-11-30_2018-10-31,12,0.870177240104806,0.017470333624036494,0.870177240104806,0.017470333624036494,0.8527069064807695,0.35238984815461283,1.9720097764364357,-0.11013112513249446,-0.12207676452647676,0.5833333333333334,1.7061508253607283,-0.4378714854147816,0.9852578728836985,0.47222222222222215
online_best,25.0,2017-12-31_2018-11-30,12,1.335042927160972,-0.025356283802123625,1.335042927160972,-0.025356283802123625,1.3603992109630956,0.3715000918278822,2.5217556243953085,-0.11013112513249435,-0.12207676452647687,0.6666666666666666,2.5356482988922884,0.30837828501346154,1.4790073160750477,0.5277777777777778
online_best,25.0,2018-01-31_2018-12-31,12,1.0938036569284608,-0.01099995180484914,1.0938036569284608,-0.01099995180484914,1.10480360873331,0.3630936402135696,2.2510703163325636,-0.11013112513249423,-0.12095719505337177,0.5833333333333334,2.125776817573882,-0.1717388685590915,1.2032175108907488,0.5555555555555556
online_best,25.0,2018-02-28_2019-01-31,12,0.8210271775652587,-0.023323412109537922,0.8210271775652587,-0.023323412109537922,0.8443505896747966,0.35888884848081565,1.8614953554225713,-0.11013112513249435,-0.06297476655901424,0.5833333333333334,1.800807327173628,-0.0992657520600011,0.9126684458252419,0.5555555555555556
online_best,25.0,2018-03-31_2019-02-28,12,1.0046790581389593,0.045204178762284775,1.0046790581389593,0.045204178762284775,0.9594748793766745,0.3504219647358428,2.1892280515690716,-0.11013112513249446,-0.032589089243883484,0.5833333333333334,1.8870165392948728,-0.7266627964520437,1.1741838946357461,0.5833333333333334
online_best,25.0,2018-04-30_2019-03-31,12,0.33679869166945764,0.07686204312787948,0.33679869166945764,0.07686204312787948,0.25993664854157816,0.38045536535801483,0.9422771764857556,-0.18204652390073928,-0.031039511736595693,0.5,0.7307888144151808,0.315479252543267,0.3901357349346508,0.5555555555555556
online_best,25.0,2018-05-31_2019-04-30,12,0.056783211270674316,0.03769148450195714,0.056783211270674316,0.03769148450195714,0.019091726768717177,0.330801432168408,0.31759125574308833,-0.2176543800263796,-0.04957195403333192,0.4166666666666667,0.19584695368787397,0.7037386440743527,0.0785874582982855,0.5833333333333334
online_best,25.0,2018-06-30_2019-05-31,12,0.06005578950689494,0.09645960452265201,0.06005578950689494,0.09645960452265201,-0.03640381501575707,0.331610282109011,0.32690781672593866,-0.2176543800263795,-0.04957195403333203,0.4166666666666667,0.03890952181357896,1.30291834637066,-0.016978947827035684,0.5833333333333333
online_best,25.0,2018-07-31_2019-06-30,12,0.06186084330427022,0.07648721996967378,0.06186084330427022,0.07648721996967378,-0.014626376665403562,0.33144535284812177,0.3320958531323364,-0.2176543800263795,-0.04957195403333203,0.4166666666666667,0.10529603542830421,1.4238919580318048,-0.0005506039208355018,0.6388888888888888
online_best,25.0,2018-08-31_2019-07-31,12,0.20249052046170402,0.051509897202665744,0.20249052046170402,0.051509897202665744,0.15098062325903827,0.33295222253596324,0.7103963969305364,-0.2176543800263796,-0.04957195403333203,0.5,0.5858691127982982,1.326935576312264,0.1776637765134157,0.6666666666666666
online_best,25.0,2018-09-30_2019-08-31,12,0.3972406629944847,0.032217370272061396,0.3972406629944847,0.032217370272061396,0.3650232927224233,0.3348454955750447,1.167196179889972,-0.2176543800263795,-0.05569706120271434,0.5833333333333334,1.0912331083028401,0.8442196057929278,0.4264296150047726,0.6666666666666666
online_best,25.0,2018-10-31_2019-09-30,12,0.5311538982381434,0.0680196854801034,0.5311538982381434,0.0680196854801034,0.46313421275804,0.3424012601451514,1.4247851770199151,-0.2176543800263797,-0.05569706120271445,0.5833333333333334,1.2564287757156474,0.8899009009865103,0.519471697042377,0.6944444444444445
online_best,25.0,2018-11-30_2019-10-31,12,0.5071935834874872,-0.007313909877188718,0.5071935834874872,-0.007313909877188718,0.5145074933646759,0.3437393601072183,1.372728304224121,-0.2176543800263797,-0.07977064350808971,0.6666666666666666,1.449472924258692,1.1238337668601577,0.5945000333937922,0.6666666666666666
online_best,25.0,2018-12-31_2019-11-30,12,0.025675321059750456,0.01695714726683817,0.025675321059750456,0.01695714726683817,0.008718173792912287,0.34631487435463737,0.2415211557729023,-0.2176543800263796,-0.07977064350808971,0.5833333333333334,0.1655847596404333,-0.49454022457904345,0.09848345711645545,0.638888888888889
online_best,25.0,2019-01-31_2019-12-31,12,-0.0805254477450591,-0.0907583313333864,-0.0805254477450591,-0.0907583313333864,0.010232883588327302,0.35273180399937876,-0.06728876019983224,-0.23122795120358308,-0.08173242622854304,0.5833333333333334,0.17725442904378932,-0.3003167866945217,-0.04964410510431849,0.638888888888889
online_best,25.0,2019-02-28_2020-01-31,12,-0.14714539025262063,-0.15374678206850467,-0.14714539025262063,-0.15374678206850467,0.006601391815884039,0.36036321808458327,-0.2662341303390238,-0.2893721331153306,-0.157070533612218,0.5833333333333334,0.16691368129939868,0.16207877010175092,-0.06803557324329745,0.638888888888889
online_best,25.0,2019-03-31_2020-02-29,12,-0.22353329875770145,-0.2983301643039218,-0.22353329875770145,-0.2983301643039218,0.07479686554622034,0.3468677473546936,-0.5558707576804656,-0.30025205952151723,-0.2968733323797681,0.5833333333333334,0.34540627288367326,0.014849363323108298,-0.17254460208301514,0.6111111111111112
online_best,25.0,2019-04-30_2020-03-31,12,-0.24326535451516285,-0.26938100433105683,-0.24326535451516285,-0.26938100433105683,0.026115649815893982,0.3581574749636298,-0.596385657164056,-0.4421839407727235,-0.2897384073692094,0.5833333333333334,0.1737601850742198,-0.19528549163349887,-0.23897533013300787,0.638888888888889
online_best,25.0,2019-05-31_2020-04-30,12,-0.22472569500496564,-0.23441422140073764,-0.22472569500496564,-0.23441422140073764,0.009688526395772001,0.3570857736915602,-0.5325526220139993,-0.45339595787716125,-0.2897384073692094,0.5833333333333334,0.12121322293328929,-0.20534969371704684,-0.2153044500846879,0.6111111111111112
online_best,25.0,2019-06-30_2020-05-31,12,-0.3329453319670447,-0.22854562482453433,-0.3329453319670447,-0.22854562482453433,-0.10439970714251035,0.34272122370646735,-0.9963625997451593,-0.490212638924137,-0.2897384073692095,0.5,-0.24145437903687172,-0.37493885303953195,-0.35431579851189277,0.638888888888889
online_best,25.0,2019-07-31_2020-06-30,12,-0.31636105823604055,-0.1941752572672133,-0.31636105823604055,-0.1941752572672133,-0.12218580096882725,0.34422733657039584,-0.9212335811852539,-0.49021263892413713,-0.2827760862119635,0.5,-0.28688897327508883,-0.2965546049396954,-0.3157610052113198,0.6666666666666666
online_best,25.0,2019-08-31_2020-07-31,12,-0.4113607191854285,-0.1722348942847023,-0.4113607191854285,-0.1722348942847023,-0.2391258249007262,0.3251984269455747,-1.4371930258836187,-0.5233720707008673,-0.27948217627529803,0.4166666666666667,-0.7016772607344716,-0.32814269148474057,-0.4129090914394199,0.6944444444444445
online_best,25.0,2019-09-30_2020-08-31,12,-0.4598079118991262,-0.21057570090232802,-0.4598079118991262,-0.21057570090232802,-0.24923221099679815,0.291604096247591,-1.9152232518247745,-0.5233720707008673,-0.27948217627529803,0.4166666666666667,-0.8388433346421239,-0.344867460111838,-0.47664998064223807,0.6944444444444445
online_best,25.0,2019-10-31_2020-09-30,12,-0.39582296432803854,-0.1766274605970889,-0.39582296432803854,-0.1766274605970889,-0.21919550373094965,0.3833694123572225,-1.1140498010959419,-0.5233720707008672,-0.2794821762752979,0.4166666666666667,-0.5766085174345228,-0.02185450935981155,-0.3550720988549183,0.6666666666666666
online_best,25.0,2019-11-30_2020-10-31,12,-0.405622599445683,-0.06643817837031618,-0.405622599445683,-0.06643817837031618,-0.33918442107536684,0.3817978706454828,-1.1613591265154586,-0.423623518710845,-0.2794821762752979,0.3333333333333333,-0.8936031859450757,0.041649374943628366,-0.3625356631812129,0.611111111111111
online_best,25.0,2019-12-31_2020-11-30,12,-0.13785461446771496,-0.050871312509224054,-0.13785461446771496,-0.050871312509224054,-0.08698330195849091,0.4170387555444322,-0.16992972884715785,-0.38001397157279915,-0.2358764964179022,0.4166666666666667,-0.12080764107235901,0.3902868215486823,-0.06189584711486762,0.611111111111111
online_best,25.0,2020-01-31_2020-12-31,12,0.07748640335826407,-0.013079995771551722,0.07748640335826407,-0.013079995771551722,0.09056639912981579,0.441810141681307,0.36517315065415934,-0.3292861826702237,-0.16758179221927783,0.5,0.30060043007077203,0.2894432178223606,0.16738365403390265,0.6388888888888888
online_best,25.0,2020-02-29_2021-01-31,12,0.5527098190582453,0.14471568274700242,0.5527098190582453,0.14471568274700242,0.4079941363112429,0.5311995401318194,1.0712128748752976,-0.31885768899409994,-0.07033476780972703,0.5,0.7504088920755002,0.4493724961680572,0.6233826065393755,0.611111111111111
online_best,25.0,2020-03-31_2021-02-28,12,0.9486887395073527,0.3187076559568369,0.9486887395073527,0.3187076559568369,0.6299810835505157,0.5575526128930286,1.4709781401733473,-0.1455464190841168,-0.07033476780972703,0.5,0.9099137296654051,0.043359981487068426,1.1846531621195218,0.638888888888889
online_best,25.0,2020-04-30_2021-03-31,12,1.4028706026229028,0.2712264885896778,1.4028706026229028,0.2712264885896778,1.131644114033225,0.48523867063302467,2.073090852713604,-0.12801975000393473,-0.07033476780972714,0.5,1.511311568216491,0.296979058326367,1.449508543925854,0.611111111111111
online_best,25.0,2020-05-31_2021-04-30,12,1.5880734827636878,0.2511461011810818,1.5880734827636878,0.2511461011810818,1.336927381582606,0.47332330881239293,2.2848448359979803,-0.06896061650893937,-0.07033476780972703,0.5833333333333334,1.7297345986026282,0.2721453581246272,1.6528010729146323,0.611111111111111
online_best,25.0,2020-06-30_2021-05-31,12,2.098424697955686,0.22018559574957508,2.098424697955686,0.22018559574957508,1.8782391022061111,0.44121265882836963,2.8679634308501005,-0.06896061650893937,-0.07033476780972703,0.6666666666666666,2.3312337564337597,0.34546502962044606,2.114453798984626,0.5833333333333334
online_best,25.0,2020-07-31_2021-06-30,12,3.310135991602878,0.1787337447456181,3.310135991602878,0.1787337447456181,3.1314022468572595,0.5120024563855231,3.2384601780983533,-0.01703672352811758,-0.07033476780972703,0.75,2.8887532437821752,0.49323338127112515,3.374207318544425,0.5555555555555555
online_best,25.0,2020-08-31_2021-07-31,12,3.7240018014705107,0.17406019021811336,3.7240018014705107,0.17406019021811336,3.5499416112523976,0.4793080313143793,3.645879619838346,-0.01703672352811736,-0.0471551797914731,0.8333333333333334,3.2915816031662106,0.5220017591711904,3.7202959641217443,0.49999999999999994
online_best,25.0,2020-09-30_2021-08-31,12,2.6660581225743045,0.29094300690606567,2.6660581225743045,0.29094300690606567,2.3751151156682386,0.5881164272623876,2.5844891739599545,-0.2115862860692197,-0.0471551797914731,0.75,2.0824511528511285,0.0651162944794258,3.1194928887650333,0.5
online_best,25.0,2020-10-31_2021-09-30,12,1.8503240777811096,0.285307502281577,1.8503240777811096,0.285307502281577,1.5650165754995327,0.5944859353645452,2.0924211819787204,-0.23947747988704016,-0.04715517979147299,0.6666666666666666,1.5791238294189662,-0.3953815650607015,2.5860356187072417,0.5
online_best,25.0,2020-11-30_2021-10-31,12,2.1460632676659777,0.164192612882329,2.1460632676659777,0.164192612882329,1.9818706547836487,0.5816801322743129,2.3149621116438066,-0.23947747988704005,-0.04715517979147299,0.75,2.0217709631159906,0.23660744604610992,2.463921589196885,0.5833333333333333
online_best,25.0,2020-12-31_2021-11-30,12,1.0596428383466057,0.10075285366229347,1.0596428383466057,0.10075285366229347,0.9588899846843122,0.6565526487917901,1.4200783190860078,-0.34783705636872564,-0.04715517979147321,0.6666666666666666,1.2471032917072775,-0.20385468391647169,1.5016505613497118,0.5555555555555555
online_best,25.0,2021-01-31_2021-12-31,12,0.9104488162155022,0.1311417024200292,0.9104488162155022,0.1311417024200292,0.779307113795473,0.6501454238785058,1.3046225129471407,-0.34783705636872564,-0.04715517979147299,0.6666666666666666,1.0987767223049811,0.09145382590213257,1.244846709648332,0.5277777777777778
online_best,25.0,2021-02-28_2022-01-31,12,0.6684779500237878,0.1035559333431273,0.6684779500237878,0.1035559333431273,0.5649220166806606,0.5957687913747414,1.1405103504852632,-0.34783705636872575,-0.008710521467504728,0.6666666666666666,0.9301528265340744,-1.9143805390995101,1.3257970420699534,0.5555555555555556
online_best,25.0,2021-03-31_2022-02-28,12,0.36481424819791264,0.1814244316261513,0.36481424819791264,0.1814244316261513,0.18338981657176134,0.5635569657214307,0.8065956427841638,-0.34783705636872564,-0.008710521467504728,0.5833333333333334,0.49982494348912,-0.5548850122523143,0.7099274462242002,0.5833333333333334
online_best,25.0,2021-04-30_2022-03-31,12,0.4546615310052997,0.2056999327796627,0.4546615310052997,0.2056999327796627,0.24896159822563702,0.560384118939092,0.9266361627724272,-0.34783705636872564,-0.008710521467504728,0.6666666666666666,0.5791109784933447,-0.7997230429248982,0.9216627763238996,0.638888888888889
online_best,25.0,2021-05-31_2022-04-30,12,0.6388026787985002,0.20202014645819677,0.6388026787985002,0.20202014645819677,0.4367825323403034,0.5791571724936282,1.1272853797293627,-0.34783705636872564,-0.011058901373715124,0.6666666666666666,0.7845542999540316,-1.8365750553022167,1.604457324109612,0.638888888888889
online_best,25.0,2021-06-30_2022-05-31,12,0.2593354075953087,0.1547230806668567,0.2593354075953087,0.1547230806668567,0.10461232692845202,0.6059769993094457,0.6507427284938464,-0.34783705636872575,-0.04389760737316839,0.5833333333333334,0.40785791463334503,0.5703173449944389,0.3583754084511048,0.6666666666666666
online_best,25.0,2021-07-31_2022-06-30,12,-0.1595545464272976,0.14515293481688385,-0.1595545464272976,0.14515293481688385,-0.30470748124418146,0.46263324701417335,-0.1519999069362997,-0.34783705636872564,-0.04389760737316839,0.5,-0.4526759739630955,0.5067555128387279,-0.13205197599371876,0.638888888888889
online_best,25.0,2021-08-31_2022-07-31,12,0.05871734381379046,0.16719366722844042,0.05871734381379046,0.16719366722844042,-0.10847632341464997,0.5472392876798715,0.35578186289976044,-0.2147355806638549,-0.04389760737316839,0.5,0.06739675634557736,1.4248026604244866,-0.03078183528365719,0.6666666666666666
online_best,25.0,2021-09-30_2022-08-31,12,0.42734342955705573,0.11990803732841937,0.42734342955705573,0.11990803732841937,0.30743539222863636,0.48824536197352136,0.9610108716255656,-0.214735580663855,-0.04389760737316817,0.5833333333333334,0.7438354144410502,1.470117761581538,0.3409343762026025,0.6666666666666666
online_best,25.0,2021-10-31_2022-09-30,12,0.3766454297733941,0.07700156092153554,0.3766454297733941,0.07700156092153554,0.29964386885185856,0.4951009757693805,0.8785006030815135,-0.214735580663855,-0.04389760737316828,0.5833333333333334,0.7587246230710424,2.5004639253743495,0.2712913623260873,0.6666666666666666
online_best,25.0,2021-11-30_2022-10-31,12,0.38563098419824593,0.0837751064100245,0.38563098419824593,0.0837751064100245,0.3018558777882214,0.4960272722454272,0.8912296863030136,-0.20009974872380853,-0.04389760737316839,0.5833333333333334,0.7603805984759128,2.6328203898296523,0.24723336494258596,0.6666666666666666
online_best,25.0,2021-12-31_2022-11-30,12,1.502794435788048,0.04089310124175727,1.502794435788048,0.04089310124175727,1.4619013345462908,0.5471462455972124,1.9650921672773423,-0.20009974872380842,-0.052330809109684795,0.6666666666666666,1.8661147219276697,0.04716371813653165,1.7950335591297617,0.6388888888888888
online_best,25.0,2022-01-31_2022-12-31,12,1.2543909086367555,0.03139589518781816,1.2543909086367555,0.03139589518781816,1.2229950134489374,0.5599877439294335,1.7290204510602647,-0.20009974872380842,-0.0538908420070876,0.5833333333333334,1.6546517429394174,0.1386878692244049,1.5263224183168451,0.6666666666666666
online_best,25.0,2022-02-28_2023-01-31,12,1.060409796539823,-0.006523085673795559,1.060409796539823,-0.006523085673795559,1.0669328822136186,0.5527691461716943,1.5705096117425053,-0.20009974872380842,-0.053890842007087936,0.5833333333333334,1.5510289119741585,-0.46716357599746233,1.3080731510017949,0.6944444444444443
online_best,25.0,2022-03-31_2023-02-28,12,1.0153487764225453,-0.03763942955797195,1.0153487764225453,-0.03763942955797195,1.0529882059805171,0.5558837200974135,1.5219390206447738,-0.20009974872380853,-0.05860315994470999,0.5833333333333334,1.573470773553324,-0.0756191176065121,1.2591173532128184,0.6388888888888888
online_best,25.0,2022-04-30_2023-03-31,12,0.9326986710374598,-0.0433257664262765,0.9326986710374598,-0.0433257664262765,0.9760244374637363,0.5594575744991255,1.4354184439750943,-0.2000997487238083,-0.052003665957635614,0.5,1.4952021297857618,-0.25925428492398905,1.153436033007662,0.6388888888888888
online_best,25.0,2022-05-31_2023-04-30,12,0.7898019480411311,-0.07213752035282106,0.7898019480411311,-0.07213752035282106,0.8619394683939522,0.5452521009821079,1.3115826052093036,-0.06963893788474951,-0.07596598010903766,0.5,1.42173938619717,-0.3062547673896241,0.9617104948521513,0.6666666666666666
online_best,25.0,2022-06-30_2023-05-31,12,1.1755638289139938,-0.0361282154897381,1.1755638289139938,-0.0361282154897381,1.211692044403732,0.5001648732991346,1.7995548879209373,-0.06963893788474951,-0.07596598010903755,0.5833333333333334,1.791356111391687,-1.7451768840566257,1.2519942778905384,0.6666666666666666
online_best,25.0,2022-07-31_2023-06-30,12,1.213084449329874,-0.0028433046031512976,1.213084449329874,-0.0028433046031512976,1.2159277539330253,0.4953949559925461,1.84933733880074,-0.06963893788474951,-0.07596598010903743,0.5833333333333334,1.7349887897736684,-1.9608251165241102,1.418930830076651,0.6944444444444445
online_best,25.0,2022-08-31_2023-07-31,12,1.0411366072408166,-0.031389184091800915,1.0411366072408166,-0.031389184091800915,1.0725257913326174,0.45806546817388316,1.7820105264403798,-0.06963893788474951,-0.0655917893195096,0.5833333333333334,1.6694185985359882,-3.7311325734472867,0.9874982206328675,0.7222222222222222
online_best,25.0,2022-09-30_2023-08-31,12,1.0046065918207159,-0.014331580574544756,1.0046065918207159,-0.014331580574544756,1.0189381723952606,0.458691014570539,1.7381077882712803,-0.051654313180122036,-0.06559178931950937,0.5833333333333334,1.5965348128307248,-3.985357328620555,1.0684827582678404,0.6944444444444445
online_best,25.0,2022-10-31_2023-09-30,12,1.3075980891625938,-0.04883569016310929,1.3075980891625938,-0.04883569016310929,1.356433779325703,0.43407608588712415,2.1606264598092517,-0.051654313180122036,-0.06327241269436523,0.6666666666666666,2.044902544060517,-3.317793724129136,1.1307668071624937,0.7222222222222222
online_best,25.0,2022-11-30_2023-10-31,12,1.2332287140137002,-8.074453772832779e-05,1.2332287140137002,-8.074453772832779e-05,1.2333094585514286,0.43365305489969047,2.0810486275752766,-0.051654313180122036,-0.04084242285001627,0.6666666666666666,1.8501434615165617,-2.3155557188916567,1.4068213062807802,0.6666666666666666
online_best,25.0,2022-12-31_2023-11-30,12,0.4574809402205433,0.06162621592425688,0.4574809402205433,0.06162621592425688,0.39585472429628643,0.24879124416949824,1.6469833553925617,-0.07431506595485604,-0.04084242285001627,0.5833333333333334,1.168458878108488,-1.1655076682714265,0.6068372109035753,0.7222222222222222
online_best,25.0,2023-01-31_2023-12-31,12,0.20630353708848737,0.05389394652891433,0.20630353708848737,0.05389394652891433,0.15240959055957304,0.336196159554353,0.7211886347004263,-0.25626180392755227,-0.04084242285001627,0.5833333333333334,0.5103946772894757,-0.7657475652228455,0.32600923281842675,0.6944444444444445
online_best,25.0,2023-02-28_2024-01-31,12,0.04853258809436811,0.06910062416905749,0.04853258809436811,0.06910062416905749,-0.020568036074689378,0.34540943355252846,0.2993565909177545,-0.312649877655202,-0.04084242285001627,0.5,0.08720598587828962,-0.8461591089309636,0.17597223468824175,0.6666666666666666
online_best,25.0,2023-03-31_2024-02-29,12,0.22043921800130994,0.07105311702696282,0.22043921800130994,0.07105311702696282,0.14938610097434712,0.37225353041061937,0.7132541922184727,-0.3126498776552019,-0.04084242285001627,0.5833333333333334,0.4771415520534861,-1.072076552275765,0.40270260549781933,0.6944444444444445
online_best,25.0,2023-04-30_2024-03-31,12,0.12785212212722152,0.04605177038880415,0.12785212212722152,0.04605177038880415,0.08180035173841738,0.3837694720903994,0.4932401571223663,-0.312649877655202,-0.028914327222309355,0.5833333333333334,0.34125542132978226,-0.8912270118775266,0.2592528642900056,0.6666666666666666
online_best,25.0,2023-05-31_2024-04-30,12,0.05637313034107905,0.05087612226469651,0.05637313034107905,0.05087612226469651,0.005497008076382537,0.3730345662625329,0.3203613972835777,-0.312649877655202,-0.04720745865673304,0.5833333333333334,0.16900379131607504,-0.47646971166792107,0.15486001927759263,0.638888888888889
online_best,25.0,2023-06-30_2024-05-31,12,0.04084311053208012,0.06029804021364593,0.04084311053208012,0.06029804021364593,-0.019454929681565813,0.37186869809456435,0.2801344644824438,-0.312649877655202,-0.04720745865673304,0.5833333333333334,0.10739449587303827,-0.4471128501881721,0.1402618535701443,0.6666666666666666
online_best,25.0,2023-07-31_2024-06-30,12,0.27411707098286486,0.046802268590376395,0.27411707098286486,0.046802268590376395,0.22731480239248847,0.39431158372440894,0.8032141877701287,-0.31264987765520214,-0.04720745865673304,0.6666666666666666,0.6764025594549171,0.4095963266838083,0.3405246566192912,0.6666666666666666
online_best,25.0,2023-08-31_2024-07-31,12,0.17980700900500324,0.10318514893952901,0.17980700900500324,0.10318514893952901,0.07662186006547422,0.3642842619282897,0.6285199686401111,-0.31264987765520214,-0.04720745865673315,0.6666666666666666,0.3531111807458685,0.7804626046588001,0.15913906791109245,0.638888888888889
online_best,25.0,2023-09-30_2024-08-31,12,0.1425142114533402,0.08473288946892565,0.1425142114533402,0.08473288946892565,0.057781321984414546,0.3633246580923417,0.539360558892553,-0.312649877655202,-0.04720745865673315,0.6666666666666666,0.3086203034599476,0.7766602374557988,0.13685126583934193,0.638888888888889
online_best,25.0,2023-10-31_2024-09-30,12,0.1810587209883503,0.12170948346779942,0.1810587209883503,0.12170948346779942,0.05934923752055088,0.370969878567501,0.6256418459832026,-0.312649877655202,-0.047207458656732815,0.6666666666666666,0.31623317589519984,1.1008897543032827,0.10536357089501514,0.611111111111111
online_best,25.0,2023-11-30_2024-10-31,12,0.03750993879662268,0.004734660022875703,0.03750993879662268,0.004734660022875703,0.032775278773746974,0.3765844330391966,0.27299943591589126,-0.25746860830806484,-0.07254414974326939,0.5833333333333334,0.2601274591095963,1.134003946886532,0.0952863965387265,0.6388888888888888
online_best,25.0,2023-12-31_2024-11-30,12,0.1206913141898418,-0.026522408525777696,0.1206913141898418,-0.026522408525777696,0.1472137227156195,0.3659276722837277,0.4837656807397672,-0.07581710072902714,-0.07702368625268241,0.6666666666666666,0.5915933391760585,1.4627623033880441,0.23022983184787527,0.611111111111111
online_best,25.0,2024-01-31_2024-12-31,12,0.6619773178700639,-0.013699490369203038,0.6619773178700639,-0.013699490369203038,0.6756768082392669,0.3249397710049754,1.7390366773054518,-0.07151340680804119,-0.07702368625268208,0.75,1.9505458576399715,1.3794541269046425,0.7572957076516633,0.611111111111111
online_best,25.0,2024-02-29_2025-01-31,12,0.45236521247413997,-0.14290566323586873,0.45236521247413997,-0.14290566323586873,0.5952708757100087,0.3878516835719065,1.15642729084314,-0.19237700873990327,-0.18252959118595857,0.75,2.0630229453534077,1.932610512425617,1.0169729928220268,0.5833333333333334
online_best,25.0,2024-03-31_2025-02-28,12,0.13866983766785101,-0.10676537761977256,0.13866983766785101,-0.10676537761977256,0.24543521528762358,0.3881419890937872,0.5151243023622963,-0.27127086730312333,-0.1825295911859588,0.6666666666666666,0.9502896810505251,1.468245901261935,0.4070751654034819,0.611111111111111
online_best,25.0,2024-04-30_2025-03-31,12,0.4094192159033869,-0.06461005552580057,0.4094192159033869,-0.06461005552580057,0.4740292714291875,0.3961338595509825,1.0620501636628807,-0.27127086730312344,-0.18252959118595868,0.75,1.5290882871217315,1.561888376694166,0.6373893829706767,0.611111111111111
online_best,25.0,2024-05-31_2025-04-30,12,0.07393466898833556,0.02942056800377868,0.07393466898833556,0.02942056800377868,0.04451410098455688,0.46816959016229537,0.3742779598652254,-0.34185651863012734,-0.18252959118595857,0.6666666666666666,0.29959374728027033,0.9334012948761088,0.14278233581160182,0.611111111111111
online_best,25.0,2024-06-30_2025-05-31,12,0.13015558550061046,-0.019239253194651806,0.13015558550061046,-0.019239253194651806,0.14939483869526227,0.4728678929816943,0.4843246570009247,-0.3418565186301272,-0.18252959118595835,0.6666666666666666,0.5169499493485522,0.8141454970294237,0.258631312345879,0.6111111111111112
online_best,25.0,2024-07-31_2025-06-30,12,0.02909192804842564,0.03150250800801424,0.02909192804842564,0.03150250800801424,-0.002410579959588599,0.44973606821336876,0.27840682590552335,-0.34185651863012745,-0.1825295911859589,0.5833333333333334,0.1750453320400535,0.6766025244642307,0.09590344699070785,0.5833333333333334
online_best,25.0,2024-08-31_2025-07-31,12,0.3377555825613905,0.02082724764079913,0.3377555825613905,0.02082724764079913,0.31692833492059136,0.6111235399681205,0.7436942723057527,-0.3418565186301272,-0.1720911800730176,0.5833333333333334,0.7247755965881001,1.0821761039887365,0.5010257631342596,0.611111111111111
online_best,25.0,2024-09-30_2025-08-31,12,0.10992896849241296,0.07082064647411035,0.10992896849241296,0.07082064647411035,0.03910832201830261,0.6428391312438912,0.4391873081272079,-0.34185651863012734,-0.1720911800730176,0.5,0.3176473937954484,0.9323704098848998,0.22161904214703765,0.6388888888888888
online_best,25.0,2024-10-31_2025-09-30,12,-0.221941497688127,0.07787885846139209,-0.221941497688127,0.07787885846139209,-0.2998203561495191,0.6800382304278437,-0.07161664916305069,-0.349064065788693,-0.11858833109117162,0.4166666666666667,-0.21538743335157462,0.8995798148997463,-0.12457286940544732,0.6944444444444443
online_best,25.0,2024-11-30_2025-10-31,12,-0.064861939883044,0.1960061542824556,-0.064861939883044,0.1960061542824556,-0.2608680941654996,0.6875485776572124,0.20354501000487246,-0.34906406578869287,-0.11795970406671652,0.5,-0.08421623933497444,0.9826818033400355,-0.05129317819811108,0.7222222222222223
online_best,25.0,2024-12-31_2025-11-30,12,0.0572599425521505,0.22133541890163522,0.0572599425521505,0.22133541890163522,-0.16407547634948472,0.6974404605579407,0.3878847078793572,-0.34906406578869287,-0.11795970406671652,0.5,0.07939006439837895,0.9823014769678348,0.058945919579604045,0.7777777777777777
online_best,25.0,2025-01-31_2025-12-31,12,-0.26369040995926807,0.17166648362633885,-0.26369040995926807,0.17166648362633885,-0.4353568935856069,0.6956385009859191,-0.13106874465406262,-0.34906406578869287,-0.03669877287899381,0.4166666666666667,-0.40750759658901364,1.2636445077655494,-0.2723264627704075,0.7777777777777777
online_best,25.0,2025-02-28_2026-01-31,12,-0.15450630582633718,0.31334945156909844,-0.15450630582633718,0.31334945156909844,-0.4678557573954356,0.6708008886317482,0.042609348829323754,-0.3640172012408208,-0.04758367670999886,0.4166666666666667,-0.3881330718814596,1.172473116362272,-0.26424582189959445,0.8333333333333331
online_best,25.0,2025-03-31_2026-02-28,12,-0.1602088026232541,0.08257309459079365,-0.1602088026232541,0.08257309459079365,-0.24278189721404775,0.6718181077140124,0.03348624641625868,-0.43001454589060006,-0.18488813271044613,0.5,-0.12070765957986052,0.9117866954999708,-0.06684967428802835,0.8333333333333334
online_best,25.0,2025-04-30_2026-03-31,12,-0.30413047587028597,0.028079656548997578,-0.30413047587028597,0.028079656548997578,-0.33221013241928354,0.6532969880251944,-0.26704699850825303,-0.4572019482127958,-0.19546042589812018,0.4166666666666667,-0.35175243589625066,0.8163313456170167,-0.19393131648361084,0.8333333333333331
online_best,25.0,2025-05-31_2026-04-30,12,-0.17648940190351403,-0.14610708694572017,-0.17648940190351403,-0.14610708694572017,-0.030382314957793866,0.620318830358601,-0.04887191275380964,-0.4952037736858207,-0.29138146686445754,0.5,0.1780274140314118,1.0797665570267843,0.11774987356353672,0.8333333333333331
online_best,25.0,2025-06-30_2026-05-31,12,-0.17438744438194964,-0.18541351506394133,-0.17438744438194964,-0.18541351506394133,0.011026070681991684,0.6207322796131626,-0.04439262955227026,-0.4952037736858208,-0.34737666250868915,0.5,0.25575301495866304,0.9233754318564303,0.1437217693496906,0.8333333333333331
online_best,25.0,2025-07-31_2026-06-30,12,-0.1729213786871533,-0.1667764227923394,-0.1729213786871533,-0.1667764227923394,-0.006144955894813897,0.6209309525183416,-0.04135540928429276,-0.4952037736858207,-0.34737666250868904,0.5,0.21569163912643474,0.8680500426370908,0.11099669929752132,0.861111111111111
online_best,25.0,2025-08-31_2026-07-31,11,-0.4204500896149611,-0.20361006057922837,-0.4484896756296681,-0.2199234939209873,-0.22856618170868082,0.4276787664522275,-1.1549465355325355,-0.39815127967390984,-0.34737666250868904,0.45454545454545453,-0.6320182708042504,0.4137474007900318,-0.3374967190862347,0.8484848484848485
online_soft,25.0,2015-02-28_2016-01-31,12,-0.0033252026600650852,-0.12464244015822579,-0.0033252026600650852,-0.12464244015822579,0.1213172374981607,0.0033252026600650644,-1.0,-0.0033252026600650852,-0.2346154234110902,0.5,0.7431381089190269,-0.006439638019553677,-0.0040958444586303155,0.08333333333333333
online_soft,25.0,2015-03-31_2016-02-29,12,0.04492941155693031,-0.12200466014015787,0.04492941155693031,-0.12200466014015787,0.16693407169708818,0.04883030910884061,0.9234101540912801,-0.0033252026600650852,-0.1902603904171294,0.5833333333333334,1.0331141360203349,0.04765970687747436,0.0519007095897559,0.1111111111111111
online_soft,25.0,2015-04-30_2016-03-31,12,0.07227777874362662,-0.048726200591690305,0.07227777874362662,-0.048726200591690305,0.12100397933531692,0.053430590397867975,1.3337463978494897,-0.0033252026600650852,-0.19026039041712928,0.5833333333333334,0.787747120130398,0.04807193540677611,0.07573716240941519,0.1111111111111111
online_soft,25.0,2015-05-31_2016-04-30,12,0.1291312132678335,-0.08042168629585977,0.1291312132678335,-0.08042168629585977,0.20955289956369327,0.07056262754338985,1.7613295184377222,-0.0033252026600650852,-0.13984875260474772,0.6666666666666666,1.3679998489797394,0.055303730601662465,0.13627218871282554,0.13888888888888887
online_soft,25.0,2015-06-30_2016-05-31,12,0.2869380564161301,0.021583559353247406,0.2869380564161301,0.021583559353247406,0.2653544970628827,0.14612888082511347,1.806922514502853,-0.0033252026600650852,-0.12048239811387595,0.6666666666666666,1.4633092761651127,0.37343959344421895,0.284599732398201,0.19444444444444442
online_soft,25.0,2015-07-31_2016-06-30,12,0.41444265700210847,0.08609325121736311,0.41444265700210847,0.08609325121736311,0.32834940578474536,0.16252157441928647,2.2342849455658103,-0.0033252026600650852,-0.06335332759593715,0.6666666666666666,1.645799803805401,0.4746489692211393,0.3711938049259884,0.24999999999999997
online_soft,25.0,2015-08-31_2016-07-31,12,0.5237760776760259,0.19435729107699262,0.5237760776760259,0.19435729107699262,0.32941878659903323,0.1651813696283938,2.666265507987099,-0.0033252026600650852,-0.010009943632593221,0.6666666666666666,1.579200980913155,0.5426363697007354,0.39856850054389326,0.27777777777777773
online_soft,25.0,2015-09-30_2016-08-31,12,0.6928802210673857,0.27010420996995776,0.6928802210673857,0.27010420996995776,0.4227760110974279,0.17525467679204632,3.1462465278157685,-0.0033252026600650852,-0.010009943632593332,0.6666666666666666,1.6761111021126187,0.25262280733444104,0.61606547298428,0.3333333333333333
online_soft,25.0,2015-10-31_2016-09-30,12,0.8821373120748,0.2171792753369357,0.8821373120748,0.2171792753369357,0.6649580367378642,0.17889827555048687,3.707080629736187,-0.0033252026600650852,-0.010009943632593221,0.75,2.6487206156902507,0.661418504527726,0.6810007911315363,0.38888888888888884
online_soft,25.0,2015-11-30_2016-10-31,12,1.1922886743920311,0.15802517726789156,1.1922886743920311,0.15802517726789156,1.0342634971241396,0.19821523064593924,4.177161953365723,-0.0033252026600650852,-0.05046191183613391,0.75,2.7841792667610394,-0.6195386593499667,1.4308487549389177,0.4166666666666667
online_soft,25.0,2015-12-31_2016-11-30,12,1.2304265093240736,0.15325670090751609,1.2304265093240736,0.15325670090751609,1.0771698084165575,0.19228375093220446,4.396489418640866,-0.0033252026600650852,-0.05046191183613402,0.75,2.9692129144296286,-0.558606072910301,1.4439262216030664,0.4166666666666666
online_soft,25.0,2016-01-31_2016-12-31,12,1.3520937463028422,0.1471553785298949,1.3520937463028422,0.1471553785298949,1.2049383677729473,0.17766323792051267,5.06532669882879,0.0,-0.05046191183613402,0.8333333333333334,3.368520986996137,-0.5884667498102507,1.5736131098600383,0.44444444444444436
online_soft,25.0,2016-02-29_2017-01-31,12,1.6042281763079056,0.12910312615333996,1.6042281763079056,0.12910312615333996,1.4751250501545656,0.15723376861914873,6.4029606607842755,0.0,-0.05046191183613391,0.9166666666666666,4.469638998592066,-0.3572965000065746,1.7405521618899673,0.4166666666666667
online_soft,25.0,2016-03-31_2017-02-28,12,1.4096643963223108,0.1492046756740173,1.4096643963223108,0.1492046756740173,1.2604597206482935,0.19214930274467262,4.831835087476861,-0.02991228606075913,-0.05046191183613402,0.8333333333333334,3.295310151817344,-0.6269912274362884,1.6584114012529336,0.4166666666666667
online_soft,25.0,2016-04-30_2017-03-31,12,1.5254464673890125,0.17503808646495478,1.5254464673890125,0.17503808646495478,1.3504083809240577,0.18396961685689409,5.314683833895594,-0.02991228606075913,-0.05046191183613402,0.8333333333333334,3.453950935741621,-0.7387560864590444,1.8663856653640964,0.47222222222222227
online_soft,25.0,2016-05-31_2017-04-30,12,1.411735401673834,0.19627580709932912,1.411735401673834,0.19627580709932912,1.2154595945745048,0.1975770282824934,4.708679417206498,-0.02991228606075913,-0.05046191183613402,0.75,3.0380438153127214,-0.8200718029230407,1.8164006445619512,0.5277777777777778
online_soft,25.0,2016-06-30_2017-05-31,12,1.0975648566478347,0.16211773486732262,1.0975648566478347,0.16211773486732262,0.935447121780512,0.20229039771903962,3.8650047850633644,-0.02991228606075902,-0.05046191183613402,0.6666666666666666,2.4395152902781763,-1.3117867190554773,1.5756844805655938,0.49999999999999994
online_soft,25.0,2016-07-31_2017-06-30,12,0.8419085755676758,0.11985678631409691,0.8419085755676758,0.11985678631409691,0.7220517892535789,0.2212506592556798,2.928331701246658,-0.043292135957323286,-0.05046191183613402,0.5833333333333334,1.9541774722650969,-1.5211623234153082,1.221380124170992,0.5
online_soft,25.0,2016-08-31_2017-07-31,12,0.6386797309090475,0.08878533946639733,0.6386797309090475,0.08878533946639733,0.5498943914426502,0.23882277660317786,2.215159609869471,-0.08305948681918707,-0.05046191183613402,0.5,1.5405640847301725,-1.7402646937433444,0.9414051541531376,0.5277777777777778
online_soft,25.0,2016-09-30_2017-08-31,12,0.6813972732179132,0.09996258200034913,0.6813972732179132,0.09996258200034913,0.5814346912175641,0.2492023316369005,2.239111535936612,-0.08305948681918718,-0.05046191183613402,0.5,1.5723501126355763,-1.6609201519759063,1.014207204695428,0.5277777777777778
online_soft,25.0,2016-10-31_2017-09-30,12,0.6978564117707238,0.1075588143605537,0.6978564117707238,0.1075588143605537,0.5902975974101701,0.2525287033018031,2.25271479663035,-0.08305948681918718,-0.0004923640702735321,0.5,1.5806311816584167,-1.5244531157031378,1.029702451099964,0.5
online_soft,25.0,2016-11-30_2017-10-31,12,0.38682123545835956,0.1559996199134983,0.38682123545835956,0.1559996199134983,0.23082161554486125,0.23378328950342306,1.5206156148551793,-0.08305948681918729,-0.008932388259170088,0.4166666666666667,0.9084950185748286,0.9904000344825716,0.2316983824858021,0.5
online_soft,25.0,2016-12-31_2017-11-30,12,0.3266323094858212,0.19992461049678534,0.3266323094858212,0.19992461049678534,0.1267076989890359,0.24037971337366001,1.2951961107700183,-0.08305948681918718,-0.008932388259169977,0.4166666666666667,0.4926127870900208,-0.2487764481505455,0.42238117553518606,0.5277777777777777
online_soft,25.0,2017-01-31_2017-12-31,12,0.4549139794239445,0.24773371905633135,0.4549139794239445,0.24773371905633135,0.20718026036761317,0.2730286013927018,1.5138004674810228,-0.08305948681918729,-0.008932388259170088,0.4166666666666667,0.685988778415608,0.46685697849077196,0.3554067550095339,0.5277777777777777
online_soft,25.0,2017-02-28_2018-01-31,12,0.5107351113326357,0.22472528642954592,0.5107351113326357,0.22472528642954592,0.2860098249030898,0.28760689666197603,1.5842794245729614,-0.08305948681918729,-0.008932388259170088,0.4166666666666667,0.8387818359572999,0.011860035361831583,0.5602535282564922,0.5277777777777777
online_soft,25.0,2017-03-31_2018-02-28,12,0.5300317837318909,0.11150665310004948,0.5300317837318909,0.11150665310004948,0.4185251306318414,0.284668324602978,1.6441613364903314,-0.08305948681918718,-0.06307407298992962,0.5,1.2630402101917886,0.5563482890325328,0.49094270448507427,0.5277777777777777
online_soft,25.0,2017-04-30_2018-03-31,12,0.7450422160309493,0.054403018339003184,0.7450422160309493,0.054403018339003184,0.6906391976919461,0.3404484246761871,1.8187020766512205,-0.08305948681918729,-0.09250223900477905,0.5,1.5411114679526847,-0.15150759701980918,0.8444872380746518,0.5277777777777778
online_soft,25.0,2017-05-31_2018-04-30,12,1.0995561764555695,0.042771960341875914,1.0995561764555695,0.042771960341875914,1.0567842161136936,0.37032679224655607,2.2236264238324206,-0.07499902346371701,-0.09416874157139277,0.5833333333333334,1.970905488191112,-0.21008437949365097,1.2385219524683415,0.5
online_soft,25.0,2017-06-30_2018-05-31,12,1.288737047204986,-0.005226881237519021,1.288737047204986,-0.005226881237519021,1.2939639284425049,0.36062263183348126,2.5311457333510803,-0.07405279545679522,-0.12207676452647664,0.6666666666666666,2.3788691414093543,-0.12570504394159437,1.4105295905473478,0.5
online_soft,25.0,2017-07-31_2018-06-30,12,1.3197097486689975,0.0163507796990916,1.3197097486689975,0.0163507796990916,1.3033589689699059,0.35645154900624443,2.597405037180484,-0.07405279545679544,-0.12207676452647676,0.6666666666666666,2.338726607228268,-0.2858155004319016,1.4543953457175984,0.4444444444444444
online_soft,25.0,2017-08-31_2018-07-31,12,1.2947564217757357,0.02633003466478856,1.2947564217757357,0.02633003466478856,1.2684263871109471,0.36032563510137566,2.540865839455496,-0.07405279545679533,-0.12207676452647653,0.6666666666666666,2.2438672563121718,-0.38171284489473806,1.4444517346908885,0.4166666666666666
online_soft,25.0,2017-09-30_2018-08-31,12,0.9250648384533853,0.012828519177035869,0.9250648384533853,0.012828519177035869,0.9122363192763494,0.3715641708768022,1.9697590803724794,-0.11310339993397889,-0.12207676452647664,0.5833333333333334,1.772879496767661,-0.3238560869522076,1.0468943414227896,0.4444444444444444
online_soft,25.0,2017-10-31_2018-09-30,12,0.6880161226701198,-0.028994428060318933,0.6880161226701198,-0.028994428060318933,0.7170105507304387,0.37224292912831464,1.594784826254585,-0.12690819373324103,-0.12207676452647676,0.5833333333333334,1.5349150722803244,-0.2802804847896507,0.7742066678261985,0.4444444444444444
online_soft,25.0,2017-11-30_2018-10-31,12,0.7090487851249541,0.017470333624036494,0.7090487851249541,0.017470333624036494,0.6915784515009176,0.36901077331095045,1.6408786117844039,-0.15898499958992285,-0.12207676452647676,0.5833333333333334,1.4103748417409114,-0.5401460178591461,0.8283292112097835,0.47222222222222215
online_soft,25.0,2017-12-31_2018-11-30,12,1.133863139974601,-0.025356283802123625,1.133863139974601,-0.025356283802123625,1.1592194237767246,0.392346190139527,2.159873415605461,-0.15898499958992296,-0.12207676452647687,0.6666666666666666,2.153025162008048,0.1358475724744411,1.2736946927809276,0.5277777777777778
online_soft,25.0,2018-01-31_2018-12-31,12,0.9134082692414944,-0.01099995180484914,0.9134082692414944,-0.01099995180484914,0.9244082210463436,0.3818609049726404,1.9062830622898452,-0.15898499958992274,-0.12095719505337177,0.5833333333333334,1.791360823524763,-0.31398035202408736,1.0243369526335937,0.5555555555555556
online_soft,25.0,2018-02-28_2019-01-31,12,0.671415486485855,-0.023323412109537922,0.671415486485855,-0.023323412109537922,0.694738898595393,0.3740089664521909,1.5588303643307762,-0.15898499958992285,-0.06297476655901424,0.5833333333333334,1.5007588478623646,-0.25150028398622454,0.7596612124985673,0.5277777777777778
online_soft,25.0,2018-03-31_2019-02-28,12,0.7670806499986931,0.045204178762284775,0.7670806499986931,0.045204178762284775,0.7218764712364083,0.3673340316780785,1.7402408806385106,-0.15898499958992296,-0.032589089243883484,0.5833333333333334,1.4758193754099924,-0.8952332739335327,0.9423286114806275,0.5277777777777778
online_soft,25.0,2018-04-30_2019-03-31,12,0.24540416164390289,0.07686204312787948,0.24540416164390289,0.07686204312787948,0.1685421185160234,0.35932047187812904,0.7712609396401192,-0.15898499958992285,-0.031039511736595693,0.5,0.5422459900598973,0.10384581619730726,0.30484375083611703,0.5277777777777778
online_soft,25.0,2018-05-31_2019-04-30,12,-0.09182500647002101,0.03769148450195714,-0.09182500647002101,0.03769148450195714,-0.12951649097197815,0.32080136261785497,-0.1573748326895553,-0.23727009923872788,-0.04957195403333192,0.4166666666666667,-0.296663373181822,0.8564961170402695,-0.08267683823946115,0.5555555555555555
online_soft,25.0,2018-06-30_2019-05-31,12,-0.09315303467249936,0.09645960452265201,-0.09315303467249936,0.09645960452265201,-0.18961263919515137,0.3203491919235064,-0.16252962976681598,-0.23727009923872788,-0.04957195403333203,0.4166666666666667,-0.5103653660826933,1.5557428447717143,-0.18425987752685613,0.5833333333333334
online_soft,25.0,2018-07-31_2019-06-30,12,-0.04442661482956134,0.07648721996967378,-0.04442661482956134,0.07648721996967378,-0.12091383479923512,0.321529562585694,0.0015331381129509987,-0.237270099238728,-0.04957195403333203,0.5,-0.26560227589671165,1.642829655814467,-0.11998561752905623,0.638888888888889
online_soft,25.0,2018-08-31_2019-07-31,12,0.0908179884882776,0.051509897202665744,0.0908179884882776,0.051509897202665744,0.03930809128561186,0.3258647139145602,0.4133098834075717,-0.23727009923872788,-0.04957195403333203,0.5833333333333334,0.2699523894811547,1.5197647638885632,0.05363718050913047,0.638888888888889
online_soft,25.0,2018-09-30_2019-08-31,12,0.23055866022324945,0.032217370272061396,0.23055866022324945,0.032217370272061396,0.19834128995118805,0.32636324223414714,0.7880484039496236,-0.23727009923872788,-0.05569706120271434,0.6666666666666666,0.7162220568539628,1.100523552900103,0.24070445428729847,0.6111111111111112
online_soft,25.0,2018-10-31_2019-09-30,12,0.3866358268887147,0.0680196854801034,0.3866358268887147,0.0680196854801034,0.3186161414086113,0.3346998857824014,1.141471011227676,-0.23727009923872788,-0.05569706120271445,0.6666666666666666,0.9788387709737628,1.1127606910193066,0.3506593329954555,0.638888888888889
online_soft,25.0,2018-11-30_2019-10-31,12,0.44768949308398276,-0.007313909877188718,0.44768949308398276,-0.007313909877188718,0.4550034029611715,0.32783682874340714,1.2947375349787287,-0.237270099238728,-0.07977064350808971,0.75,1.4296419131416713,1.5504136145095493,0.5254777799115109,0.638888888888889
online_soft,25.0,2018-12-31_2019-11-30,12,0.2875343557135843,0.01695714726683817,0.2875343557135843,0.01695714726683817,0.27057720844674615,0.2698463832755216,1.0748046448139457,-0.237270099238728,-0.07977064350808971,0.75,1.0913472060745446,1.0911071662349938,0.30161194257553126,0.6111111111111112
online_soft,25.0,2019-01-31_2019-12-31,12,0.15525472867154444,-0.0907583313333864,0.15525472867154444,-0.0907583313333864,0.24601306000493084,0.2849163196469427,0.6440074236598018,-0.237270099238728,-0.08173242622854304,0.75,1.1162478268479243,1.5540405102302315,0.37617956819815324,0.5833333333333334
online_soft,25.0,2019-02-28_2020-01-31,12,0.06688286518506303,-0.15374678206850467,0.06688286518506303,-0.15374678206850467,0.2206296472535677,0.29906203128591574,0.35752172619314604,-0.237270099238728,-0.157070533612218,0.75,1.0807022032531062,1.4339526073283462,0.3904264370641446,0.6111111111111112
online_soft,25.0,2019-03-31_2020-02-29,12,0.011395580108809922,-0.2983301643039218,0.011395580108809922,-0.2983301643039218,0.3097257444127317,0.298066877173368,0.17747369244488725,-0.15305050502456985,-0.2968733323797681,0.75,1.3766650324631693,0.6487386970437472,0.30220823629330007,0.611111111111111
online_soft,25.0,2019-04-30_2020-03-31,12,-0.06737071100700098,-0.26938100433105683,-0.06737071100700098,-0.26938100433105683,0.20201029332405585,0.33753388477272156,-0.04274133215876953,-0.32483969966574855,-0.2897384073692094,0.75,0.766175831222642,0.33152155112539544,0.08442996301810357,0.611111111111111
online_soft,25.0,2019-05-31_2020-04-30,12,0.15256571816490916,-0.23441422140073764,0.15256571816490916,-0.23441422140073764,0.3869799395656468,0.3229990104016875,0.5994991173319336,-0.32483969966574855,-0.2897384073692094,0.8333333333333334,1.2688336012655215,0.33841562077530046,0.31348522928308076,0.5555555555555555
online_soft,25.0,2019-06-30_2020-05-31,12,-0.0749459406922659,-0.22854562482453433,-0.0749459406922659,-0.22854562482453433,0.15359968413226843,0.3470872755531438,-0.055771469864628435,-0.36246184333696163,-0.2897384073692095,0.75,0.5421536015352211,0.07294153294995757,-0.0022174997173693978,0.5555555555555555
online_soft,25.0,2019-07-31_2020-06-30,12,-0.18439049729449974,-0.1941752572672133,-0.18439049729449974,-0.1941752572672133,0.009784759972713553,0.35599632555441435,-0.3969302692500633,-0.4206119826411683,-0.2827760862119635,0.6666666666666666,0.11420704008535314,-0.08111960376421942,-0.1459498156744402,0.5833333333333334
online_soft,25.0,2019-08-31_2020-07-31,12,-0.2940044432406167,-0.1722348942847023,-0.2940044432406167,-0.1722348942847023,-0.12176954895591441,0.34355652159024014,-0.834690486073542,-0.4571970368860354,-0.27948217627529803,0.5833333333333334,-0.29140734484290204,-0.12226289561730906,-0.2670708855189985,0.6388888888888888
online_soft,25.0,2019-09-30_2020-08-31,12,-0.4625769396684868,-0.21057570090232802,-0.4625769396684868,-0.21057570090232802,-0.25200123876615876,0.35590297143275085,-1.5294924840065822,-0.5542445374120951,-0.27948217627529803,0.5,-0.8103265282188405,0.0712980531029758,-0.418143914279833,0.6666666666666666
online_soft,25.0,2019-10-31_2020-09-30,12,-0.3777788601970181,-0.1766274605970889,-0.3777788601970181,-0.1766274605970889,-0.20115139959992923,0.46515025900151236,-0.7939782945120029,-0.554244537412095,-0.2794821762752979,0.5,-0.42998210783890817,0.4165941057048133,-0.26245744317098074,0.6666666666666666
online_soft,25.0,2019-11-30_2020-10-31,12,-0.44365567892894486,-0.06643817837031618,-0.44365567892894486,-0.06643817837031618,-0.3772175005586287,0.46822429967986057,-1.0161657235265509,-0.554244537412095,-0.2794821762752979,0.4166666666666667,-0.8767212012981389,0.2597679435336246,-0.37861859910012596,0.6666666666666666
online_soft,25.0,2019-12-31_2020-11-30,12,-0.38669795518994476,-0.050871312509224054,-0.38669795518994476,-0.050871312509224054,-0.3358266426807207,0.5104263453809427,-0.7153829058785212,-0.5209473964867282,-0.2358764964179022,0.4166666666666667,-0.6617614721479961,0.39905694030980177,-0.3046160212305953,0.6944444444444445
online_soft,25.0,2020-01-31_2020-12-31,12,-0.23419784762324625,-0.013079995771551722,-0.23419784762324625,-0.013079995771551722,-0.22111785185169452,0.542532202674124,-0.24658284023025318,-0.4817509013561869,-0.16758179221927783,0.5,-0.2708283444442339,0.31439200031456455,-0.131206769906409,0.75
online_soft,25.0,2020-02-29_2021-01-31,12,0.1501594909280608,0.14471568274700242,0.1501594909280608,0.14471568274700242,0.005443808181058385,0.6665655385315641,0.495318723875725,-0.4736929826012397,-0.07033476780972703,0.5,0.24942791048016025,0.5906155751282521,0.2584697271225751,0.7222222222222222
online_soft,25.0,2020-03-31_2021-02-28,12,0.1819494265016699,0.3187076559568369,0.1819494265016699,0.3187076559568369,-0.13675822945516702,0.6652123094819316,0.5372402244737924,-0.394486622821964,-0.07033476780972703,0.5,0.10090588001274131,1.0325184591502876,0.05675425418177982,0.75
online_soft,25.0,2020-04-30_2021-03-31,12,0.45742697289145307,0.2712264885896778,0.45742697289145307,0.2712264885896778,0.18620048430177527,0.6186533102180564,0.8779957132814912,-0.3944866228219641,-0.07033476780972714,0.5,0.4923392987756464,1.2228465385913672,0.2573416998184175,0.7222222222222222
online_soft,25.0,2020-05-31_2021-04-30,12,0.424132456241173,0.2511461011810818,0.424132456241173,0.2511461011810818,0.1729863550600912,0.6171726831956638,0.8397426162942321,-0.3008175935365972,-0.07033476780972703,0.5,0.4777210193725878,1.1914307601446414,0.2599031881057141,0.75
online_soft,25.0,2020-06-30_2021-05-31,12,0.8262292494225565,0.22018559574957508,0.8262292494225565,0.22018559574957508,0.6060436536729814,0.588369363699635,1.2964401916299828,-0.23064431912157457,-0.07033476780972703,0.5833333333333334,0.9980405562469364,1.2580758053033572,0.6226824002301166,0.7222222222222222
online_soft,25.0,2020-07-31_2021-06-30,12,1.2382853542483128,0.1787337447456181,1.2382853542483128,0.1787337447456181,1.0595516095026947,0.5647833530811299,1.7136444668374993,-0.1787895555494302,-0.07033476780972703,0.6666666666666666,1.5413777584302375,1.5274539479853801,0.9670069264623362,0.6944444444444443
online_soft,25.0,2020-08-31_2021-07-31,12,1.4359876274347316,0.17406019021811336,1.4359876274347316,0.17406019021811336,1.2619274372166183,0.5476000316780796,1.9185317389062213,-0.10080117203816064,-0.0471551797914731,0.75,1.780432391914224,1.5465947407724359,1.1321510567627446,0.6666666666666666
online_soft,25.0,2020-09-30_2021-08-31,12,1.4090760109640152,0.29094300690606567,1.4090760109640152,0.29094300690606567,1.1181330040579496,0.5524672460380956,1.8852080580986517,-0.18786189248328988,-0.0471551797914731,0.75,1.4317572549731068,0.8238192517263839,1.2144905793999121,0.611111111111111
online_soft,25.0,2020-10-31_2021-09-30,12,0.7470788275843012,0.285307502281577,0.7470788275843012,0.285307502281577,0.46177132530272424,0.5269452801088893,1.3067614194369077,-0.24357239524552032,-0.04715517979147299,0.6666666666666666,0.7955801899991093,0.23261867789970003,0.8437450288260555,0.5833333333333334
online_soft,25.0,2020-11-30_2021-10-31,12,1.0332365861137176,0.164192612882329,1.0332365861137176,0.164192612882329,0.8690439732313886,0.49852997949148165,1.6766764004079644,-0.24357239524552032,-0.04715517979147299,0.75,1.4298306567379233,1.4421821094999012,0.8076203835353788,0.611111111111111
online_soft,25.0,2020-12-31_2021-11-30,12,0.6856520256430072,0.10075285366229347,0.6856520256430072,0.10075285366229347,0.5848991719807137,0.4857233139181417,1.301578851447743,-0.24357239524552032,-0.04715517979147321,0.6666666666666666,1.1246217268685053,1.1521065542784148,0.6575588018938705,0.5833333333333333
online_soft,25.0,2021-01-31_2021-12-31,12,0.2819644103908918,0.1311417024200292,0.2819644103908918,0.1311417024200292,0.1508227079708626,0.4970583472995327,0.7121065335481719,-0.30914209300636997,-0.04715517979147299,0.5833333333333334,0.4765291420858872,1.7489291397361035,0.13850632758029557,0.5555555555555556
online_soft,25.0,2021-02-28_2022-01-31,12,-0.19968380644744477,0.1035559333431273,-0.19968380644744477,0.1035559333431273,-0.30323973979057206,0.3328554443015394,-0.5036557354188781,-0.4012293523275655,-0.008710521467504728,0.5,-0.7168568746472023,-1.900600923409931,0.026238185615652165,0.5833333333333334
online_soft,25.0,2021-03-31_2022-02-28,12,-0.15397623059196164,0.1814244316261513,-0.15397623059196164,0.1814244316261513,-0.33540066221811293,0.3426301955632001,-0.3206158629351365,-0.40122935232756574,-0.008710521467504728,0.5,-0.7471655797731935,-2.5912687649119968,0.38397450961977553,0.5833333333333334
online_soft,25.0,2021-04-30_2022-03-31,12,-0.10507975656589297,0.2056999327796627,-0.10507975656589297,0.2056999327796627,-0.31077968934555567,0.34589870375545534,-0.15334459647897583,-0.4012293523275656,-0.008710521467504728,0.5833333333333334,-0.646415765395742,-2.628079733738991,0.5502782032966722,0.6111111111111112
online_soft,25.0,2021-05-31_2022-04-30,12,-0.07553247833885424,0.20202014645819677,-0.07553247833885424,0.20202014645819677,-0.277552624797051,0.3553101119768926,-0.05027826476610943,-0.4012293523275655,-0.011058901373715124,0.5833333333333334,-0.5278189085177742,-2.8509660331021958,0.6564789468303798,0.638888888888889
online_soft,25.0,2021-06-30_2022-05-31,12,-0.21899998881176985,0.1547230806668567,-0.21899998881176985,0.1547230806668567,-0.37372306947862655,0.3373702485924165,-0.5638017070992193,-0.4012293523275656,-0.04389760737316839,0.5,-0.9250382977615346,-1.114760270816641,-0.025515532737897195,0.6666666666666666
online_soft,25.0,2021-07-31_2022-06-30,12,-0.31977249552489007,0.14515293481688385,-0.31977249552489007,0.14515293481688385,-0.4649254303417739,0.3062781505632151,-1.09028028108393,-0.40122935232756574,-0.04389760737316839,0.4166666666666667,-1.4019976727387657,-1.1524133029633385,-0.1604928648688243,0.6666666666666666
online_soft,25.0,2021-08-31_2022-07-31,12,-0.3595097992714261,0.16719366722844042,-0.3595097992714261,0.16719366722844042,-0.5267034664998665,0.3019765446874737,-1.3030549255577022,-0.26272312291402444,-0.04389760737316839,0.3333333333333333,-1.6483404038000837,-1.1124811515806512,-0.19674261237612678,0.638888888888889
online_soft,25.0,2021-09-30_2022-08-31,12,-0.16172749274562015,0.11990803732841937,-0.16172749274562015,0.11990803732841937,-0.2816355300740395,0.26312267617673735,-0.542352076844009,-0.24358177187837204,-0.04389760737316817,0.4166666666666667,-0.8523449541624618,-1.1008516838240323,-0.013652129048312811,0.6666666666666666
online_soft,25.0,2021-10-31_2022-09-30,12,-0.11997668393183458,0.07700156092153554,-0.11997668393183458,0.07700156092153554,-0.19697824485337012,0.2562151525391081,-0.3759180530364486,-0.24358177187837193,-0.04389760737316828,0.4166666666666667,-0.603607820712337,-0.9899872168674803,-0.019918209689240962,0.6666666666666666
online_soft,25.0,2021-11-30_2022-10-31,12,-0.07569215292808118,0.0837751064100245,-0.07569215292808118,0.0837751064100245,-0.15946725933810568,0.27328015083058144,-0.15974417213272754,-0.23416457567708104,-0.04389760737316839,0.4166666666666667,-0.4191123771238074,-1.0513058930190384,0.04472496028440531,0.6666666666666666
online_soft,25.0,2021-12-31_2022-11-30,12,0.30449740440557727,0.04089310124175727,0.30449740440557727,0.04089310124175727,0.26360430316382,0.48172474295514944,0.7527342535520969,-0.13329406581148795,-0.052330809109684795,0.5,0.6012816821278965,-3.047969499343567,0.6239367744079838,0.6666666666666666
online_soft,25.0,2022-01-31_2022-12-31,12,0.409987230803845,0.03139589518781816,0.409987230803845,0.03139589518781816,0.37859133561602687,0.4629353910201444,0.9376372223157081,-0.1261944410301996,-0.0538908420070876,0.5,0.7813812629795699,-2.8862205119573394,0.6840555687318168,0.6944444444444443
online_soft,25.0,2022-02-28_2023-01-31,12,0.7297207933914363,-0.006523085673795559,0.7297207933914363,-0.006523085673795559,0.7362438790652318,0.4245792236322155,1.4852414883538603,-0.1261944410301994,-0.053890842007087936,0.5833333333333334,1.3788494877307989,-2.3718072552974614,0.8322269820559169,0.7222222222222223
online_soft,25.0,2022-03-31_2023-02-28,12,0.6550638068247983,-0.03763942955797195,0.6550638068247983,-0.03763942955797195,0.6927032363827702,0.42505504139502,1.3749587045014908,-0.1261944410301995,-0.05860315994470999,0.5833333333333334,1.3468221297637815,-2.9116207101134557,0.5996641749096907,0.7222222222222222
online_soft,25.0,2022-04-30_2023-03-31,12,0.6634885222707725,-0.0433257664262765,0.6634885222707725,-0.0433257664262765,0.706814288697049,0.42496670087883515,1.3876989788674305,-0.1261944410301995,-0.052003665957635614,0.5833333333333334,1.373739812265837,-3.0707445029410034,0.5706635144469572,0.75
online_soft,25.0,2022-05-31_2023-04-30,12,0.33382109974477103,-0.07213752035282106,0.33382109974477103,-0.07213752035282106,0.4059586200975921,0.45130453880861987,0.8234063516787097,-0.11749999570585823,-0.07596598010903766,0.5,0.939736852348912,-1.1744743134986178,0.3279934735967256,0.6944444444444445
online_soft,25.0,2022-06-30_2023-05-31,12,0.48273046420061605,-0.0361282154897381,0.48273046420061605,-0.0361282154897381,0.5188586796903542,0.43982701631370713,1.0830378151707996,-0.11749999570585823,-0.07596598010903755,0.5833333333333334,1.0947315853987452,-1.9780186358542764,0.49386399773092693,0.6944444444444443
online_soft,25.0,2022-07-31_2023-06-30,12,0.46206688750433256,-0.0028433046031512976,0.46206688750433256,-0.0028433046031512976,0.46491019210748386,0.4423605298377934,1.0462721477284942,-0.11954218927224503,-0.07596598010903743,0.5833333333333334,0.9681369828520917,-1.9126589924160307,0.5755331964827715,0.6944444444444443
online_soft,25.0,2022-08-31_2023-07-31,12,0.914509968092243,-0.031389184091800915,0.914509968092243,-0.031389184091800915,0.945899152184044,0.4827470067026491,1.5741558498077148,-0.11954218927224514,-0.0655917893195096,0.6666666666666666,1.5606968212544745,-1.5531677058113897,1.0015815781168795,0.75
online_soft,25.0,2022-09-30_2023-08-31,12,1.3243277607067725,-0.014331580574544756,1.3243277607067725,-0.014331580574544756,1.3386593412813172,0.5334927679162885,1.8509107942615282,-0.11954218927224514,-0.06559178931950937,0.6666666666666666,1.8026132756382598,-1.6982457819757053,1.5345483710668502,0.7222222222222223
online_soft,25.0,2022-10-31_2023-09-30,12,1.545853890250593,-0.04883569016310929,1.545853890250593,-0.04883569016310929,1.5946895804137022,0.521586507191275,2.0718299258664565,-0.11954218927224503,-0.06327241269436523,0.75,2.0872180042455803,-1.2473569761956813,1.6656077103293243,0.75
online_soft,25.0,2022-11-30_2023-10-31,12,1.4638059964134889,-8.074453772832779e-05,1.4638059964134889,-8.074453772832779e-05,1.4638867409512173,0.5221157723180141,2.001884271550198,-0.11954218927224503,-0.04084242285001627,0.75,1.9073925166701917,-0.9998130378438098,1.7337386662334886,0.6944444444444445
online_soft,25.0,2022-12-31_2023-11-30,12,0.6361254090204802,0.06162621592425688,0.6361254090204802,0.06162621592425688,0.5744991930962233,0.4223325939376385,1.3660591210748625,-0.11954218927224514,-0.04084242285001627,0.6666666666666666,1.192163144577988,0.0428578309495071,0.7522395796202339,0.6944444444444443
online_soft,25.0,2023-01-31_2023-12-31,12,0.6952775943530336,0.05389394652891433,0.6952775943530336,0.05389394652891433,0.6413836478241193,0.4153916957845927,1.4720100642416551,-0.11954218927224525,-0.04084242285001627,0.6666666666666666,1.3109689108867728,0.07034839566313661,0.8087348674486685,0.6388888888888888
online_soft,25.0,2023-02-28_2024-01-31,12,0.49562228703892686,0.06910062416905749,0.49562228703892686,0.06910062416905749,0.42652166286986937,0.4299686543121036,1.1308756096066066,-0.14071590680420043,-0.04084242285001627,0.5833333333333334,0.9438028360839616,-0.0614823331773762,0.6174047395315934,0.611111111111111
online_soft,25.0,2023-03-31_2024-02-29,12,0.6817347185996867,0.07105311702696282,0.6817347185996867,0.07105311702696282,0.6106816015727239,0.4431403104112369,1.384678868865375,-0.14071590680420043,-0.04084242285001627,0.5833333333333334,1.186145425627746,-0.23615269844504685,0.849114940660675,0.6111111111111112
online_soft,25.0,2023-04-30_2024-03-31,12,0.5176657122436306,0.04605177038880415,0.5176657122436306,0.04605177038880415,0.4716139418548264,0.45619948201708677,1.1215508804380547,-0.14071590680420043,-0.028914327222309355,0.5,0.9936432453483796,-0.05516687048698656,0.654705897163512,0.5833333333333334
online_soft,25.0,2023-05-31_2024-04-30,12,0.7714147947599637,0.05087612226469651,0.7714147947599637,0.05087612226469651,0.7205386724952672,0.42229876445930103,1.5609854865538588,-0.14071590680420032,-0.04720745865673304,0.5833333333333334,1.3499808174482573,-1.0248164748977167,1.0002808550947981,0.5833333333333334
online_soft,25.0,2023-06-30_2024-05-31,12,0.6967157002059712,0.06029804021364593,0.6967157002059712,0.06029804021364593,0.6364176599923252,0.4259350995059129,1.4444032411583119,-0.14071590680420043,-0.04720745865673304,0.5,1.219371105709711,-1.0804619139211247,0.9419954257487106,0.5833333333333334
online_soft,25.0,2023-07-31_2024-06-30,12,0.7967416803534075,0.046802268590376395,0.7967416803534075,0.046802268590376395,0.7499394117630311,0.41587637642139685,1.614942327001008,-0.14071590680420043,-0.04720745865673304,0.5,1.4254843303143954,-0.8056314104015689,0.9952687018872002,0.5555555555555555
online_soft,25.0,2023-08-31_2024-07-31,12,0.5032336013398835,0.10318514893952901,0.5032336013398835,0.10318514893952901,0.40004845240035447,0.35354286379906635,1.318811973722757,-0.14071590680420043,-0.04720745865673315,0.4166666666666667,0.9582497340896426,-0.47063620132236816,0.6553098005790075,0.5277777777777778
online_soft,25.0,2023-09-30_2024-08-31,12,0.17662020868651407,0.08473288946892565,0.17662020868651407,0.08473288946892565,0.09188731921758841,0.22291913006840675,0.8338213365034021,-0.14071590680420054,-0.04720745865673315,0.4166666666666667,0.3984914132209864,-0.11923337589201917,0.2147964051833,0.5555555555555556
online_soft,25.0,2023-10-31_2024-09-30,12,0.22857547658597488,0.12170948346779942,0.22857547658597488,0.12170948346779942,0.10686599311817546,0.24011484527388602,0.9710579784132681,-0.14071590680420043,-0.047207458656732815,0.4166666666666667,0.44457833941623115,0.06503870028510679,0.25020297693122595,0.5277777777777778
online_soft,25.0,2023-11-30_2024-10-31,12,0.021934777873095834,0.004734660022875703,0.021934777873095834,0.004734660022875703,0.01720011785022013,0.2690294534783075,0.20166173375903665,-0.11519416509671765,-0.07254414974326939,0.3333333333333333,0.16761030731173082,0.6270159456037377,0.048991339484016905,0.5277777777777778
online_soft,25.0,2023-12-31_2024-11-30,12,0.2673151876121913,-0.026522408525777696,0.2673151876121913,-0.026522408525777696,0.293837596137969,0.2890482042742681,0.956665559158387,-0.11519416509671765,-0.07702368625268241,0.4166666666666667,1.0842132668415139,0.8600471497315286,0.33876586963537725,0.5277777777777778
online_soft,25.0,2024-01-31_2024-12-31,12,0.5099631053751663,-0.013699490369203038,0.5099631053751663,-0.013699490369203038,0.5236625957443694,0.3249988352554129,1.4338433325241895,-0.11519416509671754,-0.07702368625268208,0.5,1.526694693428478,0.9116289135723397,0.5918582743221226,0.5277777777777777
online_soft,25.0,2024-02-29_2025-01-31,12,0.5922958025220004,-0.14290566323586873,0.5922958025220004,-0.14290566323586873,0.7352014657578692,0.3114330866779396,1.6605312070088223,-0.11519416509671765,-0.18252959118595857,0.5833333333333334,2.276181398830445,0.7756200341253404,0.8427693153663833,0.5277777777777778
online_soft,25.0,2024-03-31_2025-02-28,12,0.12487721014271758,-0.10676537761977256,0.12487721014271758,-0.10676537761977256,0.23164258776249014,0.3628628488447786,0.4941238587032027,-0.19575575058887473,-0.1825295911859588,0.5,0.7317261068535658,0.23937159271875277,0.22321044574965088,0.5277777777777778
online_soft,25.0,2024-04-30_2025-03-31,12,0.31509346731292176,-0.06461005552580057,0.31509346731292176,-0.06461005552580057,0.37970352283872233,0.3634684418642241,0.9320722292684811,-0.19575575058887462,-0.18252959118595868,0.5833333333333334,1.0458198279007673,0.3576926611186341,0.42259309575253634,0.5
online_soft,25.0,2024-05-31_2025-04-30,12,0.3166430824776063,0.02942056800377868,0.3166430824776063,0.02942056800377868,0.28722251447382763,0.3634770974653593,0.9353892843881014,-0.19575575058887473,-0.18252959118595857,0.5,0.7846168324715416,0.33633966257891457,0.37834660562277067,0.5277777777777778
online_soft,25.0,2024-06-30_2025-05-31,12,0.407893445004865,-0.019239253194651806,0.407893445004865,-0.019239253194651806,0.4271326981995168,0.3639684067698226,1.1243456042624178,-0.19575575058887473,-0.18252959118595835,0.5833333333333334,1.0809169146014115,0.2908200441401347,0.49707942698030494,0.5
online_soft,25.0,2024-07-31_2025-06-30,12,0.49733459806376623,0.03150250800801424,0.49733459806376623,0.03150250800801424,0.465832090055752,0.3655832487371719,1.2954103397088705,-0.19575575058887462,-0.1825295911859589,0.5833333333333334,1.1143054717597367,0.35242170150513297,0.5648439610745171,0.5277777777777778
online_soft,25.0,2024-08-31_2025-07-31,12,0.8604502817427375,0.02082724764079913,0.8604502817427375,0.02082724764079913,0.8396230341019384,0.4533845919820106,1.6071204160009702,-0.19575575058887462,-0.1720911800730176,0.6666666666666666,1.5750310487110828,0.6789630340084343,0.9795555407899852,0.5277777777777778
online_soft,25.0,2024-09-30_2025-08-31,12,1.154408937920361,0.07082064647411035,1.154408937920361,0.07082064647411035,1.0835882914462507,0.4619437323695807,1.9228294986643162,-0.19575575058887462,-0.1720911800730176,0.6666666666666666,1.8042050112986572,0.7110299820334847,1.2247132114309407,0.5277777777777778
online_soft,25.0,2024-10-31_2025-09-30,12,1.3802838619361584,0.07787885846139209,1.3802838619361584,0.07787885846139209,1.3024050034747663,0.48832187300479635,2.0590564760759564,-0.19575575058887473,-0.11858833109117162,0.6666666666666666,1.9423076190815107,0.7360884783220086,1.4652242627040994,0.5277777777777778
online_soft,25.0,2024-11-30_2025-10-31,12,2.362428460100203,0.1960061542824556,2.362428460100203,0.1960061542824556,2.166422305817747,0.4617842198775269,2.9679833521938987,-0.19575575058887462,-0.11795970406671652,0.75,2.53461767749182,0.47636595183863145,2.366089127334605,0.5555555555555556
online_soft,25.0,2024-12-31_2025-11-30,12,2.1120667295147513,0.22133541890163522,2.1120667295147513,0.22133541890163522,1.890731310613116,0.46288050363557476,2.7762949195964777,-0.19575575058887462,-0.11795970406671652,0.75,2.3123060052092,0.5135502456104789,2.0641393084440804,0.5
online_soft,25.0,2025-01-31_2025-12-31,12,1.0112974415421219,0.17166648362633885,1.0112974415421219,0.17166648362633885,0.839630957915783,0.568057325880871,1.5280886917899124,-0.23797543619967476,-0.03669877287899381,0.6666666666666666,1.2974766160198021,1.0449183396344093,0.9449328199187124,0.5277777777777778
online_soft,25.0,2025-02-28_2026-01-31,12,1.03791999392506,0.31334945156909844,1.03791999392506,0.31334945156909844,0.7245705423559616,0.5661137251815874,1.5564631234193118,-0.23797543619967487,-0.04758367670999886,0.6666666666666666,1.1246834264390548,1.6960029321297554,0.4843371791276019,0.5555555555555556
online_soft,25.0,2025-03-31_2026-02-28,12,0.9061385587905384,0.08257309459079365,0.9061385587905384,0.08257309459079365,0.8235654641997447,0.5942365385823202,1.3943261949722108,-0.41918864173859505,-0.18488813271044613,0.6666666666666666,1.5456820287938111,2.0221788855662015,0.8402365384264487,0.5833333333333334
online_soft,25.0,2025-04-30_2026-03-31,12,0.7883843061238127,0.028079656548997578,0.7883843061238127,0.028079656548997578,0.7603046495748151,0.5939457393785824,1.2803283526668336,-0.41918864173859516,-0.19546042589812018,0.6666666666666666,1.511604111718045,2.044979676184594,0.9052579447656346,0.6388888888888888
online_soft,25.0,2025-05-31_2026-04-30,12,0.5238755575632419,-0.14610708694572017,0.5238755575632419,-0.14610708694572017,0.669982644508962,0.6218686574642077,0.977565908355344,-0.472023367453812,-0.29138146686445754,0.6666666666666666,1.5853610608371154,2.112471843946003,1.351001120377385,0.611111111111111
online_soft,25.0,2025-06-30_2026-05-31,12,0.5356291920015366,-0.18541351506394133,0.5356291920015366,-0.18541351506394133,0.7210427070654779,0.6221766772106511,0.990324192886966,-0.4720233674538121,-0.34737666250868915,0.6666666666666666,1.669739293319017,1.928404200701698,1.5082333807546102,0.6666666666666666
online_soft,25.0,2025-07-31_2026-06-30,12,0.5094065709535374,-0.1667764227923394,0.5094065709535374,-0.1667764227923394,0.6761829937458768,0.6216095737514559,0.9616319303351422,-0.47202336745381224,-0.34737666250868904,0.6666666666666666,1.550375091140918,1.724649327023835,1.2921365773613585,0.6666666666666666
online_soft,25.0,2025-08-31_2026-07-31,11,0.1550084928173563,-0.20361006057922837,0.17023946261064338,-0.2199234939209873,0.3901629565316307,0.5818581886054234,0.5454444461274619,-0.4720233674538121,-0.34737666250868904,0.6363636363636364,1.1759059596330437,1.5378319790585697,0.8813216803714212,0.6666666666666666
