model,cost_bps,period,months,strategy_total_return,benchmark_total_return,strategy_cagr,benchmark_cagr,excess_cagr,strategy_volatility,strategy_sharpe_rf0,strategy_max_drawdown,benchmark_max_drawdown,active_hit_rate,information_ratio,beta_to_benchmark,annualized_alpha_rf0,average_monthly_turnover
cap300_composite,25.0,2015-02-28_2016-01-31,12,0.016054624861049138,-0.12464244015822579,0.016054624861049138,-0.12464244015822579,0.14069706501927493,0.016054624861049124,0.9999999999999999,0.0,-0.2346154234110902,0.5,0.894870625059392,0.031091630560304142,0.019993539340658062,0.08333333333333333
cap300_composite,25.0,2015-03-31_2016-02-29,12,0.1456100266047473,-0.12200466014015787,0.1456100266047473,-0.12200466014015787,0.2676146867449052,0.1270587221478781,1.1298943212581853,0.0,-0.1902603904171294,0.5833333333333334,1.452200099992954,0.17298260723207676,0.1768407554146263,0.1111111111111111
cap300_composite,25.0,2015-04-30_2016-03-31,12,0.20085260995707177,-0.048726200591690305,0.20085260995707177,-0.048726200591690305,0.24957881054876208,0.13118883249120883,1.4618929957623228,0.0,-0.19026039041712928,0.5833333333333334,1.3506094577540857,0.17645712401822078,0.21819221520111554,0.16666666666666666
cap300_composite,25.0,2015-05-31_2016-04-30,12,0.1767108811095901,-0.08042168629585977,0.1767108811095901,-0.08042168629585977,0.2571325674054499,0.13533547311983932,1.2685529369641124,-0.020103823439534874,-0.13984875260474772,0.5833333333333334,1.4616447767646,0.22146061847523127,0.2054364904706265,0.16666666666666666
cap300_composite,25.0,2015-06-30_2016-05-31,12,0.3411674360822743,0.021583559353247406,0.3411674360822743,0.021583559353247406,0.3195838767290269,0.1829914750159937,1.70193577523588,-0.020103823439534874,-0.12048239811387595,0.5833333333333334,1.560391839351061,0.5233731003101492,0.3397451638808946,0.2222222222222222
cap300_composite,25.0,2015-07-31_2016-06-30,12,0.47098445075845286,0.08609325121736311,0.47098445075845286,0.08609325121736311,0.38489119954108975,0.19332347046120305,2.1116617505573845,-0.020103823439534874,-0.06335332759593715,0.5833333333333334,1.725057385692606,0.6007429535701245,0.41678328872435344,0.25
cap300_composite,25.0,2015-08-31_2016-07-31,12,0.5846884322973278,0.19435729107699262,0.5846884322973278,0.19435729107699262,0.3903311412203352,0.19393695820481208,2.5035540615871867,-0.020103823439534874,-0.010009943632593221,0.5833333333333334,1.66021163022344,0.6908874973632205,0.4228721545091976,0.2777777777777778
cap300_composite,25.0,2015-09-30_2016-08-31,12,0.7605524478911019,0.27010420996995776,0.7605524478911019,0.27010420996995776,0.4904482379211441,0.2003261366427811,2.9776877812374747,-0.020103823439534874,-0.010009943632593332,0.5833333333333334,1.7664091468312033,0.5284760194668172,0.5818884089966856,0.3333333333333333
cap300_composite,25.0,2015-10-31_2016-09-30,12,0.9573750173247304,0.2171792753369357,0.9573750173247304,0.2171792753369357,0.7401957419877947,0.2012558960820926,3.519422867992727,-0.020103823439534874,-0.010009943632593221,0.6666666666666666,2.698026603104783,1.0617186027749512,0.6254932935289161,0.3888888888888889
cap300_composite,25.0,2015-11-30_2016-10-31,12,1.2799245594300053,0.15802517726789156,1.2799245594300053,0.15802517726789156,1.1218993821621137,0.2154923226800612,4.051612513042354,-0.020103823439534874,-0.05046191183613391,0.6666666666666666,2.8933756278977714,-0.39326232396769845,1.4553313003157884,0.4166666666666667
cap300_composite,25.0,2015-12-31_2016-11-30,12,1.3195869394444277,0.15325670090751609,1.3195869394444277,0.15325670090751609,1.1663302385369116,0.20970934429815744,4.246295034365354,-0.020103823439534874,-0.05046191183613402,0.6666666666666666,3.0790616132125517,-0.3258423283829032,1.4685434619730313,0.4166666666666666
cap300_composite,25.0,2016-01-31_2016-12-31,12,1.4461177767862807,0.1471553785298949,1.4461177767862807,0.1471553785298949,1.2989623982563858,0.1952479246507167,4.840187751716228,-0.020103823439534874,-0.05046191183613402,0.75,3.4842426044426853,-0.35626499346825463,1.6025885046636277,0.4444444444444444
cap300_composite,25.0,2016-02-29_2017-01-31,12,1.656673535290437,0.12910312615333996,1.656673535290437,0.12910312615333996,1.527570409137097,0.18386613497555282,5.615477143927034,-0.020103823439534985,-0.05046191183613391,0.8333333333333334,4.2875858385306485,-0.1622567178702969,1.7435588446442245,0.4166666666666667
cap300_composite,25.0,2016-03-31_2017-02-28,12,1.2857537704493893,0.1492046756740173,1.2857537704493893,0.1492046756740173,1.136549094775372,0.21058401059143572,4.155469763439339,-0.02991228606075913,-0.05046191183613402,0.75,2.9460318487787993,-0.48402263464998013,1.482798996274131,0.4166666666666667
cap300_composite,25.0,2016-04-30_2017-03-31,12,1.424319896561435,0.17503808646495478,1.424319896561435,0.17503808646495478,1.2492818100964802,0.21203497118359024,4.426724321138702,-0.029912286060758908,-0.05046191183613402,0.75,3.0947111723886738,-0.5049810485592773,1.668140690906033,0.38888888888888884
cap300_composite,25.0,2016-05-31_2017-04-30,12,1.2825531478231524,0.19627580709932912,1.2825531478231524,0.19627580709932912,1.0862773407238233,0.24603782176979436,3.582047069099809,-0.07740512895168505,-0.05046191183613402,0.75,2.4586521918330244,-0.731523561330062,1.6521876775091608,0.4444444444444444
cap300_composite,25.0,2016-06-30_2017-05-31,12,0.8916674345329729,0.16211773486732262,0.8916674345329729,0.16211773486732262,0.7295496996656503,0.2653111220588186,2.5861561695539175,-0.12853860011071683,-0.05046191183613402,0.6666666666666666,1.727191460712181,-1.251042052109147,1.3363521655644228,0.4444444444444445
cap300_composite,25.0,2016-07-31_2017-06-30,12,0.7695135229433749,0.11985678631409691,0.7695135229433749,0.11985678631409691,0.649656736629278,0.2632193443119769,2.3376352489005616,-0.12853860011071672,-0.05046191183613402,0.6666666666666666,1.6184837443663975,-1.5775931698328196,1.1679301340134782,0.47222222222222227
cap300_composite,25.0,2016-08-31_2017-07-31,12,0.5462153224345121,0.08878533946639733,0.5462153224345121,0.08878533946639733,0.45742998296811477,0.28292652869835994,1.6943076975069777,-0.1583447664327441,-0.05046191183613402,0.5833333333333334,1.2037725948563074,-1.8068438320547755,0.8624380733711887,0.5
cap300_composite,25.0,2016-09-30_2017-08-31,12,0.6273583288167432,0.09996258200034913,0.6273583288167432,0.09996258200034913,0.5273957468163941,0.3041084798140024,1.7680104306800806,-0.1583447664327441,-0.05046191183613402,0.5833333333333334,1.2866698261517426,-1.7320509843871434,0.9890039047162666,0.5
cap300_composite,25.0,2016-10-31_2017-09-30,12,0.5472519369025977,0.1075588143605537,0.5472519369025977,0.1075588143605537,0.43969312254204396,0.2957668670183821,1.6328368192636327,-0.1583447664327441,-0.0004923640702735321,0.5833333333333334,1.1297835297791408,-1.709317561433855,0.9060597664493959,0.47222222222222215
cap300_composite,25.0,2016-11-30_2017-10-31,12,0.2868513956271568,0.1559996199134983,0.2868513956271568,0.1559996199134983,0.13085177571365847,0.26951674239933143,1.0645234380969135,-0.1583447664327442,-0.008932388259170088,0.5,0.5189788437067805,0.40391262304318787,0.25298024454462253,0.5
cap300_composite,25.0,2016-12-31_2017-11-30,12,0.25770215283572684,0.19992461049678534,0.25770215283572684,0.19992461049678534,0.0577775423389415,0.2711048450879333,0.9732811454403053,-0.1583447664327441,-0.008932388259169977,0.5,0.2761123727298053,-0.1749229408600242,0.34011779904575024,0.5555555555555556
cap300_composite,25.0,2017-01-31_2017-12-31,12,0.6684682359252672,0.24773371905633135,0.6684682359252672,0.24773371905633135,0.4207345168689358,0.465390107273873,1.307026844450583,-0.1583447664327442,-0.008932388259170088,0.5,0.8451789152977262,1.6589221059172146,0.26083067655683534,0.5277777777777778
cap300_composite,25.0,2017-02-28_2018-01-31,12,0.7337428356088773,0.22472528642954592,0.7337428356088773,0.22472528642954592,0.5090175491793314,0.4726812007981944,1.378200698282137,-0.1583447664327442,-0.008932388259170088,0.5,0.9563035486685628,1.1728468324829526,0.49488505713891584,0.5
cap300_composite,25.0,2017-03-31_2018-02-28,12,0.7558879934676814,0.11150665310004948,0.7558879934676814,0.11150665310004948,0.644381340367632,0.4704303642111807,1.4111345180851282,-0.1583447664327442,-0.06307407298992962,0.5833333333333334,1.2230684156190688,1.2742752152666357,0.6669611706259082,0.49999999999999994
cap300_composite,25.0,2017-04-30_2018-03-31,12,0.8892299189571076,0.054403018339003184,0.8892299189571076,0.054403018339003184,0.8348269006181044,0.4887027153168501,1.5311310503193387,-0.08773042211809612,-0.09250223900477905,0.5833333333333334,1.4186398201927246,0.6057077889554011,0.998264864591466,0.5277777777777778
cap300_composite,25.0,2017-05-31_2018-04-30,12,1.1513541960619,0.042771960341875914,1.1513541960619,0.042771960341875914,1.1085822357200241,0.4649544373878458,1.884646659782777,-0.05864834070602176,-0.09416874157139277,0.6666666666666666,1.8004919209382524,0.6756081187506421,1.2607407275884635,0.49999999999999994
cap300_composite,25.0,2017-06-30_2018-05-31,12,1.454578166275879,-0.005226881237519021,1.454578166275879,-0.005226881237519021,1.459805047513398,0.44339250946949393,2.2765579693774507,-0.05864834070602176,-0.12207676452647664,0.75,2.3195596785854704,0.7805115428155085,1.634062861307679,0.5
cap300_composite,25.0,2017-07-31_2018-06-30,12,1.4078016079087141,0.0163507796990916,1.4078016079087141,0.0163507796990916,1.3914508282096225,0.4466091235543167,2.2163833010794183,-0.03671813752604358,-0.12207676452647676,0.6666666666666666,2.1839169362084427,0.6182487141994537,1.5553715913001191,0.47222222222222215
cap300_composite,25.0,2017-08-31_2018-07-31,12,1.3568727460360437,0.02633003466478856,1.3568727460360437,0.02633003466478856,1.3305427113712551,0.4538584192305196,2.1371111928225974,-0.07855943656720954,-0.12207676452647653,0.6666666666666666,2.0637814035962836,0.4881470652614733,1.5043851833331687,0.47222222222222215
cap300_composite,25.0,2017-09-30_2018-08-31,12,0.9851471542551233,0.012828519177035869,0.9851471542551233,0.012828519177035869,0.9723186350780875,0.4521150408860262,1.7374501559470001,-0.09250927314440394,-0.12207676452647664,0.5833333333333334,1.6968215737382062,0.5169900599099054,1.1202375605388166,0.47222222222222227
cap300_composite,25.0,2017-10-31_2018-09-30,12,0.9010309085219201,-0.028994428060318933,0.9010309085219201,-0.028994428060318933,0.9300253365822391,0.45523006641465524,1.6271693624351764,-0.09250927314440383,-0.12207676452647676,0.5833333333333334,1.6900567359359242,0.6084420730966429,1.0788253374391652,0.47222222222222227
cap300_composite,25.0,2017-11-30_2018-10-31,12,1.0048506332258742,0.017470333624036494,1.0048506332258742,0.017470333624036494,0.9873802996018377,0.4464318837691505,1.7777457052643475,-0.09250927314440394,-0.12207676452647676,0.5833333333333334,1.7063659129569355,0.38238958553127184,1.1375207535980683,0.49999999999999994
cap300_composite,25.0,2017-12-31_2018-11-30,12,1.6023270574862782,-0.025356283802123625,1.6023270574862782,-0.025356283802123625,1.6276833412884018,0.4906130944167731,2.2216574091100125,-0.09250927314440383,-0.12207676452647687,0.6666666666666666,2.382523472175956,1.5113102182873301,1.919253934725302,0.5277777777777778
cap300_composite,25.0,2018-01-31_2018-12-31,12,0.9290770318166388,-0.01099995180484914,0.9290770318166388,-0.01099995180484914,0.940076983621488,0.3582900623094652,2.032004199043186,-0.09250927314440383,-0.12095719505337177,0.5833333333333334,1.9617933706464514,0.0759457816509879,1.0282452602898524,0.5833333333333334
cap300_composite,25.0,2018-02-28_2019-01-31,12,0.6851564909925376,-0.023323412109537922,0.6851564909925376,-0.023323412109537922,0.7084799031020755,0.3495478304481232,1.6680267087848177,-0.09250927314440383,-0.06297476655901424,0.5833333333333334,1.6523822718063546,0.13248961967176565,0.7709779869712814,0.6111111111111112
cap300_composite,25.0,2018-03-31_2019-02-28,12,0.8551057165969245,0.045204178762284775,0.8551057165969245,0.045204178762284775,0.8099015378346397,0.3430883172368036,1.9882308823710189,-0.09250927314440394,-0.032589089243883484,0.5833333333333334,1.7393477188340665,-0.3279705202857688,0.9708634947717396,0.638888888888889
cap300_composite,25.0,2018-04-30_2019-03-31,12,0.26851579533103864,0.07686204312787948,0.26851579533103864,0.07686204312787948,0.19165375220315917,0.38180832225768396,0.7959462580495117,-0.18204652390073917,-0.031039511736595693,0.5,0.5971235282898902,0.6530156967254565,0.28465543122366754,0.6111111111111112
cap300_composite,25.0,2018-05-31_2019-04-30,12,0.04996400459327366,0.03769148450195714,0.04996400459327366,0.03769148450195714,0.012272520091316519,0.410559168846297,0.2993268452814326,-0.2887123423852267,-0.04957195403333192,0.4166666666666667,0.20769809825313565,1.2667164741383135,0.07270465623734479,0.6666666666666666
cap300_composite,25.0,2018-06-30_2019-05-31,12,0.05604525590502085,0.09645960452265201,0.05604525590502085,0.09645960452265201,-0.04041434861763116,0.411723993214662,0.31364053975613565,-0.2887123423852268,-0.04957195403333203,0.4166666666666667,0.08603078073888532,1.912896036040126,-0.05377546110431308,0.6388888888888888
cap300_composite,25.0,2018-07-31_2019-06-30,12,0.028161936336028592,0.07648721996967378,0.028161936336028592,0.07648721996967378,-0.04832528363364519,0.4128857255457934,0.24839893343939434,-0.2887123423852268,-0.04957195403333203,0.4166666666666667,0.06514660957317003,1.9953669372293883,-0.051216814957891876,0.6666666666666666
cap300_composite,25.0,2018-08-31_2019-07-31,12,0.20653465531026383,0.051509897202665744,0.20653465531026383,0.051509897202665744,0.15502475810759808,0.4069990459081219,0.6447639761773084,-0.2887123423852268,-0.04957195403333203,0.5,0.5534633234688224,1.924690470697356,0.17014823511055277,0.6666666666666666
cap300_composite,25.0,2018-09-30_2019-08-31,12,0.19169632116163715,0.032217370272061396,0.19169632116163715,0.032217370272061396,0.15947895088957575,0.4083783781319507,0.6129271654351789,-0.2887123423852268,-0.05569706120271434,0.5,0.5703056512241376,1.880390004055969,0.1988158916413285,0.6388888888888888
cap300_composite,25.0,2018-10-31_2019-09-30,12,0.305909938057606,0.0680196854801034,0.305909938057606,0.0680196854801034,0.23789025257750263,0.41757491372318034,0.8317646656400334,-0.2887123423852267,-0.05569706120271445,0.5,0.7218059838345908,2.0849569737399594,0.22156672330400484,0.6666666666666666
cap300_composite,25.0,2018-11-30_2019-10-31,12,0.28547436121071024,-0.007313909877188718,0.28547436121071024,-0.007313909877188718,0.29278827108789895,0.41818471431769455,0.7923210868205609,-0.2887123423852267,-0.07977064350808971,0.5833333333333334,0.8758262487981487,2.1888408289116157,0.39683882401898685,0.638888888888889
cap300_composite,25.0,2018-12-31_2019-11-30,12,0.10720014744546802,0.01695714726683817,0.10720014744546802,0.01695714726683817,0.09024300017862985,0.3227676555381585,0.4719805721336381,-0.2887123423852268,-0.07977064350808971,0.5833333333333334,0.4597007719240934,1.6168058570575066,0.12403876662395952,0.5833333333333334
cap300_composite,25.0,2019-01-31_2019-12-31,12,-0.055757476712644305,-0.0907583313333864,-0.055757476712644305,-0.0907583313333864,0.035000854620742095,0.3454978712508579,-0.000842427458364982,-0.2887123423852269,-0.08173242622854304,0.5833333333333334,0.30793735298400576,2.210143808632671,0.21815770701231085,0.5833333333333334
cap300_composite,25.0,2019-02-28_2020-01-31,12,-0.1278638964548271,-0.15374678206850467,-0.1278638964548271,-0.15374678206850467,0.025882885613677575,0.35345892825032216,-0.2172381287503049,-0.2887123423852268,-0.157070533612218,0.5833333333333334,0.2800706678197294,1.777506749619248,0.2253061524777391,0.5555555555555555
cap300_composite,25.0,2019-03-31_2020-02-29,12,-0.2059787968378124,-0.2983301643039218,-0.2059787968378124,-0.2983301643039218,0.09235136746610939,0.3401855403764972,-0.5104785039806321,-0.19427404807531323,-0.2968733323797681,0.5833333333333334,0.48907508994093374,0.6752327061848844,0.05029867377491026,0.5277777777777777
cap300_composite,25.0,2019-04-30_2020-03-31,12,-0.19836228550525603,-0.26938100433105683,-0.19836228550525603,-0.26938100433105683,0.0710187188258008,0.33603436276091236,-0.4934356321039094,-0.3346318685533467,-0.2897384073692094,0.5833333333333334,0.3591393908056407,0.4480338300825387,-0.03580159954350237,0.5555555555555555
cap300_composite,25.0,2019-05-31_2020-04-30,12,-0.08072911125012783,-0.23441422140073764,-0.08072911125012783,-0.23441422140073764,0.15368511015060982,0.31103492637117636,-0.12283551743148946,-0.336495255877569,-0.2897384073692094,0.5833333333333334,0.6291466560675375,0.395906347147676,0.05948367682398392,0.49999999999999994
cap300_composite,25.0,2019-06-30_2020-05-31,12,-0.20975579120265075,-0.22854562482453433,-0.20975579120265075,-0.22854562482453433,0.018789833621883578,0.3016044971782506,-0.6311149721271746,-0.3817387397848361,-0.2897384073692095,0.5,0.13074024570875215,0.21160870201395987,-0.13190974833718916,0.5555555555555555
cap300_composite,25.0,2019-07-31_2020-06-30,12,-0.04431717847845418,-0.1941752572672133,-0.04431717847845418,-0.1941752572672133,0.14985807878875912,0.3621085583772435,0.040828872754172275,-0.3817387397848361,-0.2827760862119635,0.5833333333333334,0.5641165887008527,0.4908576763106171,0.1136577462509949,0.5555555555555555
cap300_composite,25.0,2019-08-31_2020-07-31,12,-0.1756474838508083,-0.1722348942847023,-0.1756474838508083,-0.1722348942847023,-0.003412589566106017,0.3567136647299575,-0.3751131272342607,-0.3817387397848361,-0.27948217627529803,0.5,0.0801770164453626,0.4267202331327287,-0.06230777723835146,0.5277777777777778
cap300_composite,25.0,2019-09-30_2020-08-31,12,-0.18473620002671376,-0.21057570090232802,-0.18473620002671376,-0.21057570090232802,0.025839500875614263,0.3574023066579328,-0.40439807259465066,-0.3817387397848361,-0.27948217627529803,0.5833333333333334,0.173500698529797,0.42778119890821564,-0.05401266497178758,0.5555555555555556
cap300_composite,25.0,2019-10-31_2020-09-30,12,-0.08878186718392012,-0.1766274605970889,-0.08878186718392012,-0.1766274605970889,0.08784559341316878,0.42349420221828604,-0.032991737160968426,-0.38173873978483597,-0.2794821762752979,0.5833333333333334,0.37638924194380463,0.6612307551831719,0.09935413619683842,0.5555555555555556
cap300_composite,25.0,2019-11-30_2020-10-31,12,-0.10356164974259896,-0.06643817837031618,-0.10356164974259896,-0.06643817837031618,-0.03712347137228278,0.42352104433341536,-0.07150443594110327,-0.3817387397848361,-0.2794821762752979,0.5,0.013191802003733042,0.54520755934231,-0.010726237222881907,0.5
cap300_composite,25.0,2019-12-31_2020-11-30,12,-0.04448814043579086,-0.050871312509224054,-0.04448814043579086,-0.050871312509224054,0.0063831720734331965,0.45054583553179917,0.09538268684019847,-0.30093095096843037,-0.2358764964179022,0.5,0.14283063798207957,0.6348759945496003,0.0559803389305531,0.5277777777777778
cap300_composite,25.0,2020-01-31_2020-12-31,12,0.25617787895868416,-0.013079995771551722,0.25617787895868416,-0.013079995771551722,0.2692578747302359,0.45615473757672803,0.7042916107500867,-0.24441369563975535,-0.16758179221927783,0.5833333333333334,0.6613016764184405,0.49622621217008356,0.3603432628636618,0.5277777777777778
cap300_composite,25.0,2020-02-29_2021-01-31,12,0.8085823760605169,0.14471568274700242,0.8085823760605169,0.14471568274700242,0.6638666933135144,0.5323966821464986,1.367632877985942,-0.23266557476734417,-0.07033476780972703,0.5833333333333334,1.0897670865412121,0.6405953556115404,0.8334573352682573,0.5277777777777778
cap300_composite,25.0,2020-03-31_2021-02-28,12,1.2698150468567206,0.3187076559568369,1.2698150468567206,0.3187076559568369,0.9511073908998837,0.5521541330025291,1.7734959627203086,-0.10271449511728681,-0.07033476780972703,0.5833333333333334,1.2328792320153963,0.4033296141954773,1.2973386065674566,0.5555555555555556
cap300_composite,25.0,2020-04-30_2021-03-31,12,1.7017995173753877,0.2712264885896778,1.7017995173753877,0.2712264885896778,1.43057302878571,0.4917913526101882,2.3107499603048636,-0.10271449511728681,-0.07033476780972714,0.5833333333333334,1.8247345104941868,0.6538234141625247,1.5406487661305963,0.5277777777777778
cap300_composite,25.0,2020-05-31_2021-04-30,12,1.8595594368377517,0.2511461011810818,1.8595594368377517,0.2511461011810818,1.6084133356566699,0.48255827765890125,2.475626389067591,-0.10271449511728692,-0.07033476780972703,0.6666666666666666,2.013585914569501,0.6345659069958792,1.7182713554212117,0.5555555555555555
cap300_composite,25.0,2020-06-30_2021-05-31,12,2.426507552639431,0.22018559574957508,2.426507552639431,0.22018559574957508,2.206321956889856,0.44651984690281726,3.08917689143471,-0.10271449511728692,-0.07033476780972703,0.75,2.6964240049242902,0.7177035852297381,2.213504730315788,0.49999999999999994
cap300_composite,25.0,2020-07-31_2021-06-30,12,3.039379233723926,0.1787337447456181,3.039379233723926,0.1787337447456181,2.8606454889783075,0.52600791961965,3.0252887037539535,-0.037976107551810356,-0.07033476780972703,0.75,2.7261953343789798,0.6443022130353445,3.025351174553177,0.5
cap300_composite,25.0,2020-08-31_2021-07-31,12,3.4193354536984097,0.17406019021811336,3.4193354536984097,0.17406019021811336,3.2452752634802966,0.49610097117445273,3.3845105434277016,-0.01703672352811747,-0.0471551797914731,0.8333333333333334,3.0937605933045202,0.6720235027962316,3.3427661823797816,0.5
cap300_composite,25.0,2020-09-30_2021-08-31,12,2.6218068028325816,0.29094300690606567,2.6218068028325816,0.29094300690606567,2.3308637959265157,0.5862096840337515,2.5681063108138122,-0.2115862860692197,-0.0471551797914731,0.75,2.060414223453482,0.025416186459961233,3.105052060657381,0.5
cap300_composite,25.0,2020-10-31_2021-09-30,12,1.817811751281719,0.285307502281577,1.817811751281719,0.285307502281577,1.532504249000142,0.592195501479114,2.077382458234579,-0.23947747988704005,-0.04715517979147299,0.6666666666666666,1.5596457335255665,-0.4344978971899613,2.574919382524945,0.47222222222222215
cap300_composite,25.0,2020-11-30_2021-10-31,12,1.941259279071113,0.164192612882329,1.941259279071113,0.164192612882329,1.777066666188784,0.5846992230041315,2.1781458423158515,-0.23947747988704016,-0.04715517979147299,0.75,1.890956554587996,0.2803585658452553,2.222292132403996,0.5555555555555555
cap300_composite,25.0,2020-12-31_2021-11-30,12,1.2358416557197018,0.10075285366229347,1.2358416557197018,0.10075285366229347,1.1350888020574084,0.611366506133916,1.6182909182220842,-0.29255307274529363,-0.04715517979147321,0.6666666666666666,1.4312284396091985,-0.10654492851293788,1.6132832631352816,0.5277777777777778
cap300_composite,25.0,2021-01-31_2021-12-31,12,1.0670028778544984,0.1311417024200292,1.0670028778544984,0.1311417024200292,0.9358611754344692,0.6050658650050618,1.490033030526503,-0.2925530727452934,-0.04715517979147299,0.6666666666666666,1.2693377873304885,0.18713783207332133,1.3327283344894254,0.49999999999999994
cap300_composite,25.0,2021-02-28_2022-01-31,12,0.8064965271101017,0.1035559333431273,0.8064965271101017,0.1035559333431273,0.7029405937669744,0.5478868319687962,1.3391224818746497,-0.2925530727452935,-0.008710521467504728,0.6666666666666666,1.1017137004347854,-1.7586135538703243,1.4102920748403371,0.49999999999999994
cap300_composite,25.0,2021-03-31_2022-02-28,12,0.4518613241287941,0.1814244316261513,0.4518613241287941,0.1814244316261513,0.2704368925026428,0.5163149978565122,0.9511335347968464,-0.2925530727452934,-0.008710521467504728,0.5833333333333334,0.6150123802698736,-0.4399741680471376,0.7380049446950767,0.49999999999999994
cap300_composite,25.0,2021-04-30_2022-03-31,12,0.678387053224204,0.2056999327796627,0.678387053224204,0.2056999327796627,0.4726871204445413,0.520295891843253,1.2386235062416364,-0.2925530727452935,-0.008710521467504728,0.6666666666666666,0.8619868558231151,-0.5217800655634539,1.0575305587681498,0.5277777777777778
cap300_composite,25.0,2021-05-31_2022-04-30,12,0.8921741339172411,0.20202014645819677,0.8921741339172411,0.20202014645819677,0.6901539874590443,0.537853334247537,1.4481406529275318,-0.2925530727452935,-0.011058901373715124,0.6666666666666666,1.0726542591634298,-1.5685199935451377,1.7928747753194187,0.5
cap300_composite,25.0,2021-06-30_2022-05-31,12,0.2613238538352207,0.1547230806668567,0.2613238538352207,0.1547230806668567,0.10660077316836403,0.6212197543660518,0.6545635349039718,-0.29255307274529363,-0.04389760737316839,0.5833333333333334,0.425532367020382,1.746296662338861,0.1597295649608843,0.5
cap300_composite,25.0,2021-07-31_2022-06-30,12,-0.1589799545548347,0.14515293481688385,-0.1589799545548347,0.14515293481688385,-0.30413288937171856,0.483620670063695,-0.1217087586072282,-0.30673669693645433,-0.04389760737316839,0.5,-0.42233699343753905,1.6779896503253189,-0.2560810546524026,0.49999999999999994
cap300_composite,25.0,2021-08-31_2022-07-31,12,-0.34301868307699446,0.16719366722844042,-0.34301868307699446,0.16719366722844042,-0.5102123503054349,0.5209648469713146,-0.5416133835424722,-0.44737310393378693,-0.04389760737316839,0.4166666666666667,-0.854506866939344,0.9142548898523131,-0.35268135191435146,0.5277777777777778
cap300_composite,25.0,2021-09-30_2022-08-31,12,-0.1142697609223966,0.11990803732841937,-0.1142697609223966,0.11990803732841937,-0.23417779825081597,0.48385706818454244,-0.0158109622101691,-0.44737310393378693,-0.04389760737316817,0.5,-0.26024173797067923,0.7793241000815994,-0.09458305612287898,0.5277777777777778
cap300_composite,25.0,2021-10-31_2022-09-30,12,-0.14573013026257342,0.07700156092153554,-0.14573013026257342,0.07700156092153554,-0.22273169118410896,0.487738126387723,-0.08593308300146635,-0.453505033501615,-0.04389760737316828,0.5,-0.24842092101352914,1.2829037525642957,-0.1319512564478338,0.5277777777777778
cap300_composite,25.0,2021-11-30_2022-10-31,12,-0.13871758662040157,0.0837751064100245,-0.13871758662040157,0.0837751064100245,-0.22249269303042607,0.4884975456680511,-0.06844570094188254,-0.453505033501615,-0.04389760737316839,0.5,-0.24359868477835156,1.3511954414507537,-0.1365112447625466,0.5277777777777778
cap300_composite,25.0,2021-12-31_2022-11-30,12,0.38906088456278765,0.04089310124175727,0.38906088456278765,0.04089310124175727,0.3481677833210304,0.6535506756113494,0.7934037582463475,-0.45350503350161486,-0.052330809109684795,0.5833333333333334,0.704758467127614,-1.4540494538704194,0.764607997730895,0.5277777777777778
cap300_composite,25.0,2022-01-31_2022-12-31,12,0.21956331478200708,0.03139589518781816,0.21956331478200708,0.03139589518781816,0.18816741959418892,0.6597455476949037,0.5871463546096647,-0.4535050335016151,-0.0538908420070876,0.5,0.5195917828158665,-1.4066241663425596,0.5337542184551487,0.5833333333333333
cap300_composite,25.0,2022-02-28_2023-01-31,12,0.37345604352710104,-0.006523085673795559,0.37345604352710104,-0.006523085673795559,0.3799791292008966,0.7064843565138395,0.7562389184422835,-0.453505033501615,-0.053890842007087936,0.5,0.7358711511581608,-2.772637939312908,0.668701773057462,0.6388888888888888
cap300_composite,25.0,2022-03-31_2023-02-28,12,0.2544350158961102,-0.03763942955797195,0.2544350158961102,-0.03763942955797195,0.2920744454540821,0.7184459586387519,0.6238487577681767,-0.453505033501615,-0.05860315994470999,0.5,0.6547963325957116,-2.845063796909976,0.405527535202757,0.611111111111111
cap300_composite,25.0,2022-04-30_2023-03-31,12,0.10913273170251125,-0.0433257664262765,0.10913273170251125,-0.0433257664262765,0.15245849812878776,0.710678917795121,0.44546079977349273,-0.453505033501615,-0.052003665957635614,0.4166666666666667,0.48700176002801987,-3.8424498919216887,0.16578229783292597,0.6388888888888888
cap300_composite,25.0,2022-05-31_2023-04-30,12,-0.29961627620435827,-0.07213752035282106,-0.29961627620435827,-0.07213752035282106,-0.2274787558515372,0.7354861284477155,-0.16576930444755233,-0.3152025111583945,-0.07596598010903766,0.3333333333333333,-0.0668739082512161,-0.93217835051406,-0.1734870498512855,0.6666666666666666
cap300_composite,25.0,2022-06-30_2023-05-31,12,0.04005187324104953,-0.0361282154897381,0.04005187324104953,-0.0361282154897381,0.07618008873078763,0.6912709318211591,0.34580331271801495,-0.3152025111583946,-0.07596598010903755,0.4166666666666667,0.38381096837173584,-2.5613025370679887,0.16160154537453764,0.7222222222222222
cap300_composite,25.0,2022-07-31_2023-06-30,12,0.22015094346261033,-0.0028433046031512976,0.22015094346261033,-0.0028433046031512976,0.22299424806576162,0.6875545374094643,0.5822581177304261,-0.3152025111583947,-0.07596598010903743,0.5,0.5674639350842919,-1.3008106443285339,0.48307891843338857,0.75
cap300_composite,25.0,2022-08-31_2023-07-31,12,0.47113707873410093,-0.031389184091800915,0.47113707873410093,-0.031389184091800915,0.5025262628259018,0.6442885316642579,0.8758596343301046,-0.3152025111583946,-0.0655917893195096,0.5,0.9149136671643835,-0.03084986133172048,0.7342518276461549,0.7222222222222222
cap300_composite,25.0,2022-09-30_2023-08-31,12,0.6551528373862152,-0.014331580574544756,0.6551528373862152,-0.014331580574544756,0.66948441796076,0.6613598909214465,1.0542841698004775,-0.3152025111583946,-0.06559178931950937,0.5,1.0661700560027234,-0.000795416501249859,0.9694356170960867,0.7222222222222222
cap300_composite,25.0,2022-10-31_2023-09-30,12,0.6593745147813999,-0.04883569016310929,0.6593745147813999,-0.04883569016310929,0.7082102049445091,0.6608639393869977,1.058666127501515,-0.3152025111583946,-0.06327241269436523,0.5,1.1354829392521342,0.848285832616867,1.0500794677325387,0.7499999999999999
cap300_composite,25.0,2022-11-30_2023-10-31,12,0.5998179876222696,-8.074453772832779e-05,0.5998179876222696,-8.074453772832779e-05,0.5998987321599979,0.6629732107992531,0.9989321421884502,-0.3152025111583946,-0.04084242285001627,0.4166666666666667,0.9879983375760217,0.22691969614564922,0.9037379718393828,0.7222222222222222
cap300_composite,25.0,2022-12-31_2023-11-30,12,-0.25028536285194336,0.06162621592425688,-0.25028536285194336,0.06162621592425688,-0.31191157877620024,0.6048901826451183,-0.18131011631504265,-0.3940786586387902,-0.04084242285001627,0.3333333333333333,-0.290726802634084,1.2125844012228242,-0.17150026286089493,0.7222222222222223
cap300_composite,25.0,2023-01-31_2023-12-31,12,-0.20393863881622398,0.05389394652891433,-0.20393863881622398,0.05389394652891433,-0.2578325853451383,0.6027414284042594,-0.0851638853272663,-0.3940786586387902,-0.04084242285001627,0.4166666666666667,-0.18094462384790969,1.1257797751902037,-0.1087975135036855,0.6944444444444445
cap300_composite,25.0,2023-02-28_2024-01-31,12,-0.4400253561765902,0.06910062416905749,-0.4400253561765902,0.06910062416905749,-0.5091259803456477,0.49693947369687785,-0.8857360296169583,-0.41092647460770215,-0.04084242285001627,0.3333333333333333,-1.0539991911669615,1.2517294848167106,-0.41760596346751544,0.6666666666666666
cap300_composite,25.0,2023-03-31_2024-02-29,12,-0.30984265745273953,0.07105311702696282,-0.30984265745273953,0.07105311702696282,-0.38089577447970235,0.5153373360599843,-0.44488581971348584,-0.41092647460770204,-0.04084242285001627,0.4166666666666667,-0.5938496663507915,0.9626755333179895,-0.26127675669596795,0.7222222222222223
cap300_composite,25.0,2023-04-30_2024-03-31,12,-0.30860671680375773,0.04605177038880415,-0.30860671680375773,0.04605177038880415,-0.3546584871925619,0.5154311669269551,-0.4413140834808496,-0.41092647460770215,-0.028914327222309355,0.5,-0.5421455716979128,0.8787151240793921,-0.23921496841447054,0.6666666666666666
cap300_composite,25.0,2023-05-31_2024-04-30,12,-0.17141743952305033,0.05087612226469651,-0.17141743952305033,0.05087612226469651,-0.22229356178774684,0.46171940203883033,-0.16975329651377294,-0.41092647460770215,-0.04720745865673304,0.5,-0.2790967217952741,-0.09325446116834221,-0.0709978989423895,0.6388888888888888
cap300_composite,25.0,2023-06-30_2024-05-31,12,-0.19965255249851932,0.06029804021364593,-0.19965255249851932,0.06029804021364593,-0.25995059271216525,0.45322929443806315,-0.25603315350444894,-0.41092647460770215,-0.04720745865673304,0.5,-0.3861923631956878,0.007152556628632712,-0.11046426287777755,0.611111111111111
cap300_composite,25.0,2023-07-31_2024-06-30,12,-0.2574371492946541,0.046802268590376395,-0.2574371492946541,0.046802268590376395,-0.3042394178850305,0.44047203645462646,-0.4425610562731242,-0.41092647460770215,-0.04720745865673304,0.4166666666666667,-0.5351527010554507,-0.4994905105533221,-0.15777731733799716,0.5277777777777778
cap300_composite,25.0,2023-08-31_2024-07-31,12,-0.25069230872042414,0.10318514893952901,-0.25069230872042414,0.10318514893952901,-0.35387745765995315,0.44006875532752676,-0.42312892113707873,-0.41092647460770226,-0.04720745865673315,0.4166666666666667,-0.628240100370224,-0.4443186755201647,-0.13175337625021877,0.5555555555555556
cap300_composite,25.0,2023-09-30_2024-08-31,12,-0.2988679538219873,0.08473288946892565,-0.2988679538219873,0.08473288946892565,-0.38360084329091293,0.40510420489476034,-0.6494456770494412,-0.3708433774195855,-0.04720745865673315,0.4166666666666667,-0.809307325606856,-0.5792921879777901,-0.19347877466891705,0.5555555555555556
cap300_composite,25.0,2023-10-31_2024-09-30,12,-0.17841888888245183,0.12170948346779942,-0.17841888888245183,0.12170948346779942,-0.30012837235025125,0.4170532945041536,-0.2466271687101788,-0.3708433774195855,-0.047207458656732815,0.5,-0.4978009078082958,-0.9272656963697872,0.007933417139672105,0.5555555555555556
cap300_composite,25.0,2023-11-30_2024-10-31,12,-0.29968400060581946,0.004734660022875703,-0.29968400060581946,0.004734660022875703,-0.30441866062869516,0.43804348858147474,-0.5730462548360957,-0.1443493273418508,-0.07254414974326939,0.5,-0.57929938030691,0.01606779890600457,-0.22418986330007928,0.5555555555555557
cap300_composite,25.0,2023-12-31_2024-11-30,12,0.12691400000601027,-0.026522408525777696,0.12691400000601027,-0.026522408525777696,0.15343640853178797,0.30651941242886876,0.5339900895224593,-0.1443493273418507,-0.07702368625268241,0.5833333333333334,0.631397733843719,0.8505413958806197,0.19829688900622133,0.6111111111111112
cap300_composite,25.0,2024-01-31_2024-12-31,12,0.30413354070174137,-0.013699490369203038,0.30413354070174137,-0.013699490369203038,0.3178330310709444,0.3388391816783131,0.9481363283947091,-0.1443493273418509,-0.07702368625268208,0.5833333333333334,1.014615314385736,0.9152403466932907,0.3838746055297366,0.5833333333333334
cap300_composite,25.0,2024-02-29_2025-01-31,12,0.20236838555403103,-0.14290566323586873,0.20236838555403103,-0.14290566323586873,0.34527404878989976,0.3693263689748098,0.675011524546373,-0.14971030852461764,-0.18252959118595857,0.5833333333333334,1.27862192201826,1.395513628849126,0.5511796294736935,0.5833333333333334
cap300_composite,25.0,2024-03-31_2025-02-28,12,-0.08824278677221775,-0.10676537761977256,-0.08824278677221775,-0.10676537761977256,0.01852259084755481,0.38998105037573644,-0.05366072491159898,-0.2791227771085303,-0.1825295911859588,0.5,0.21841038788951425,0.9122421284712721,0.07237765132738705,0.5555555555555556
cap300_composite,25.0,2024-04-30_2025-03-31,12,-0.0012039978805543639,-0.06461005552580057,-0.0012039978805543639,-0.06461005552580057,0.0634060576452462,0.4037907334930886,0.18612899665252078,-0.2791227771085302,-0.18252959118595868,0.5,0.35052508687457545,1.0143011629903875,0.13672441666261426,0.5555555555555555
cap300_composite,25.0,2024-05-31_2025-04-30,12,0.010759541729550737,0.02942056800377868,0.010759541729550737,0.02942056800377868,-0.018661026274227943,0.4008407456124082,0.2144061810166716,-0.2791227771085303,-0.18252959118595857,0.5,0.10675835067735999,0.5939724560500763,0.061511915571998754,0.5833333333333334
cap300_composite,25.0,2024-06-30_2025-05-31,12,-0.15106311330135258,-0.019239253194651806,-0.15106311330135258,-0.019239253194651806,-0.13182386010670077,0.4090841168523327,-0.2077318087713288,-0.35055532261051414,-0.18252959118595835,0.4166666666666667,-0.20494536061605312,0.669554198446733,-0.07929321432407943,0.5833333333333334
cap300_composite,25.0,2024-07-31_2025-06-30,12,-0.15546958111821219,0.03150250800801424,-0.15546958111821219,0.03150250800801424,-0.18697208912622643,0.4088244171467589,-0.22073569891721334,-0.35055532261051425,-0.1825295911859589,0.4166666666666667,-0.3479802950098062,0.5853138316233365,-0.11274812002753754,0.638888888888889
cap300_composite,25.0,2024-08-31_2025-07-31,12,-0.21040748428951206,0.02082724764079913,-0.21040748428951206,0.02082724764079913,-0.2312347319303112,0.4174134348466856,-0.36733760559539785,-0.4060696882162753,-0.1720911800730176,0.4166666666666667,-0.46209350808972055,0.5313743351908942,-0.16047865015794416,0.638888888888889
cap300_composite,25.0,2024-09-30_2025-08-31,12,0.48010825606559004,0.07082064647411035,0.48010825606559004,0.07082064647411035,0.4092876095914797,1.1887811015474712,0.6941997820656634,-0.4060696882162753,-0.1720911800730176,0.4166666666666667,0.6360893189940021,1.3486003501553046,0.9911452241655889,0.6666666666666666
cap300_composite,25.0,2024-10-31_2025-09-30,12,0.4266196003618039,0.07787885846139209,0.4266196003618039,0.07787885846139209,0.3487407419004118,1.188560113327787,0.6610969277874289,-0.4060696882162753,-0.11858833109117162,0.4166666666666667,0.5964720849868841,1.346490196907968,0.902309420510103,0.6666666666666666
cap300_composite,25.0,2024-11-30_2025-10-31,12,1.1735775253844274,0.1960061542824556,1.1735775253844274,0.1960061542824556,0.9775713711019718,1.1867114040087268,1.0396462638979522,-0.4060696882162753,-0.11795970406671652,0.5,0.8894014596852641,1.2101457177482169,1.6051284890136244,0.6944444444444445
cap300_composite,25.0,2024-12-31_2025-11-30,12,1.2293802905577715,0.22133541890163522,1.2293802905577715,0.22133541890163522,1.0080448716561363,1.186854997061421,1.063217095803025,-0.4060696882162752,-0.11795970406671652,0.5,0.8953554416315241,1.22301048097049,1.604715847489584,0.6388888888888888
cap300_composite,25.0,2025-01-31_2025-12-31,12,0.5952429718540904,0.17166648362633885,0.5952429718540904,0.17166648362633885,0.4235764882277515,1.2158145573183088,0.7665835208161306,-0.30149651614243955,-0.03669877287899381,0.4166666666666667,0.6383110276945163,1.5787325220644923,0.890383577000134,0.6666666666666666
cap300_composite,25.0,2025-02-28_2026-01-31,12,0.4911301816946687,0.31334945156909844,0.4911301816946687,0.31334945156909844,0.17778073012557027,1.228338316969228,0.7135897585344044,-0.3404764758180552,-0.04758367670999886,0.4166666666666667,0.4910209169476672,1.989103392715551,0.3634424641099516,0.6666666666666666
cap300_composite,25.0,2025-03-31_2026-02-28,12,0.3131938907606693,0.08257309459079365,0.3131938907606693,0.08257309459079365,0.23062079616987563,1.2525046008951612,0.6190489011696845,-0.5075774040509162,-0.18488813271044613,0.4166666666666667,0.5652234349072297,2.154019256483319,0.7273572758634341,0.6944444444444443
cap300_composite,25.0,2025-04-30_2026-03-31,12,0.19541033470829983,0.028079656548997578,0.19541033470829983,0.028079656548997578,0.16733067815930225,1.2531374773156814,0.5398191181728245,-0.5075774040509162,-0.19546042589812018,0.4166666666666667,0.5259542592875195,2.186808696369182,0.7476414534960234,0.75
cap300_composite,25.0,2025-05-31_2026-04-30,12,-0.004104484183201418,-0.14610708694572017,-0.004104484183201418,-0.14610708694572017,0.14200260276251875,1.281266238106675,0.409268191166362,-0.6247951934077713,-0.29138146686445754,0.4166666666666667,0.5512395309975464,2.6483487574390194,1.3227236691616429,0.7499999999999999
cap300_composite,25.0,2025-06-30_2026-05-31,12,0.24197652941188474,-0.18541351506394133,0.24197652941188474,-0.18541351506394133,0.42739004447582607,1.2726590867954113,0.5861316480493814,-0.6247951934077713,-0.34737666250868915,0.5,0.7749907603216366,2.3005846172125435,2.0016016622678023,0.6944444444444443
cap300_composite,25.0,2025-07-31_2026-06-30,12,0.26552437948430874,-0.1667764227923394,0.26552437948430874,-0.1667764227923394,0.43230080227664813,1.2719240492061992,0.6015046260210807,-0.6247951934077713,-0.34737666250868904,0.5,0.7697862017844935,2.1054114791540965,1.822410351925623,0.6666666666666666
cap300_composite,25.0,2025-08-31_2026-07-31,11,0.3956689931221944,-0.20361006057922837,0.43861461891941533,-0.2199234939209873,0.6585381128404026,1.3218548314084513,0.7083576172358431,-0.6247951934077713,-0.34737666250868904,0.5454545454545454,0.9411625684194496,2.4429304046999145,2.9767978804973185,0.6666666666666666
mlp_rank,25.0,2015-02-28_2016-01-31,12,0.0,-0.12464244015822579,0.0,-0.12464244015822579,0.12464244015822579,0.0,,0.0,-0.2346154234110902,0.5,0.7692360062999882,0.0,0.0,0.0
mlp_rank,25.0,2015-03-31_2016-02-29,12,0.0,-0.12200466014015787,0.0,-0.12200466014015787,0.12200466014015787,0.0,,0.0,-0.1902603904171294,0.5,0.7474014716436923,0.0,0.0,0.0
mlp_rank,25.0,2015-04-30_2016-03-31,12,0.0,-0.048726200591690305,0.0,-0.048726200591690305,0.048726200591690305,0.0,,0.0,-0.19026039041712928,0.5,0.2945970850581079,0.0,0.0,0.0
mlp_rank,25.0,2015-05-31_2016-04-30,12,0.0,-0.08042168629585977,0.0,-0.08042168629585977,0.08042168629585977,0.0,,0.0,-0.13984875260474772,0.5833333333333334,0.5552293857372526,0.0,0.0,0.0
mlp_rank,25.0,2015-06-30_2016-05-31,12,0.0,0.021583559353247406,0.0,0.021583559353247406,-0.021583559353247406,0.0,,0.0,-0.12048239811387595,0.5,-0.22352456975877635,0.0,0.0,0.0
mlp_rank,25.0,2015-07-31_2016-06-30,12,0.0,0.08609325121736311,0.0,0.08609325121736311,-0.08609325121736311,0.0,,0.0,-0.06335332759593715,0.4166666666666667,-0.6835017174473557,0.0,0.0,0.0
mlp_rank,25.0,2015-08-31_2016-07-31,12,0.0,0.19435729107699262,0.0,0.19435729107699262,-0.19435729107699262,0.0,,0.0,-0.010009943632593221,0.3333333333333333,-1.6504690257800025,0.0,0.0,0.0
mlp_rank,25.0,2015-09-30_2016-08-31,12,0.0,0.27010420996995776,0.0,0.27010420996995776,-0.27010420996995776,0.0,,0.0,-0.010009943632593332,0.3333333333333333,-3.1921321538999887,0.0,0.0,0.0
mlp_rank,25.0,2015-10-31_2016-09-30,12,0.0,0.2171792753369357,0.0,0.2171792753369357,-0.2171792753369357,0.0,,0.0,-0.010009943632593221,0.3333333333333333,-2.990399217122224,0.0,0.0,0.0
mlp_rank,25.0,2015-11-30_2016-10-31,12,0.0,0.15802517726789156,0.0,0.15802517726789156,-0.15802517726789156,0.0,,0.0,-0.05046191183613391,0.3333333333333333,-1.616240233019667,0.0,0.0,0.0
mlp_rank,25.0,2015-12-31_2016-11-30,12,0.0,0.15325670090751609,0.0,0.15325670090751609,-0.15325670090751609,0.0,,0.0,-0.05046191183613402,0.3333333333333333,-1.5863439736306586,0.0,0.0,0.0
mlp_rank,25.0,2016-01-31_2016-12-31,12,0.0,0.1471553785298949,0.0,0.1471553785298949,-0.1471553785298949,0.0,,0.0,-0.05046191183613402,0.4166666666666667,-1.5190734285942011,0.0,0.0,0.0
mlp_rank,25.0,2016-02-29_2017-01-31,12,0.0,0.12910312615333996,0.0,0.12910312615333996,-0.12910312615333996,0.0,,0.0,-0.05046191183613391,0.4166666666666667,-1.3864377865559228,0.0,0.0,0.0
mlp_rank,25.0,2016-03-31_2017-02-28,12,0.0,0.1492046756740173,0.0,0.1492046756740173,-0.1492046756740173,0.0,,0.0,-0.05046191183613402,0.4166666666666667,-1.537107484845639,0.0,0.0,0.0
mlp_rank,25.0,2016-04-30_2017-03-31,12,0.0,0.17503808646495478,0.0,0.17503808646495478,-0.17503808646495478,0.0,,0.0,-0.05046191183613402,0.3333333333333333,-1.7924897036559229,0.0,0.0,0.0
mlp_rank,25.0,2016-05-31_2017-04-30,12,0.0,0.19627580709932912,0.0,0.19627580709932912,-0.19627580709932912,0.0,,0.0,-0.05046191183613402,0.25,-2.0531682735968855,0.0,0.0,0.0
mlp_rank,25.0,2016-06-30_2017-05-31,12,0.0,0.16211773486732262,0.0,0.16211773486732262,-0.16211773486732262,0.0,,0.0,-0.05046191183613402,0.25,-1.8505590970176535,0.0,0.0,0.0
mlp_rank,25.0,2016-07-31_2017-06-30,12,0.0,0.11985678631409691,0.0,0.11985678631409691,-0.11985678631409691,0.0,,0.0,-0.05046191183613402,0.25,-1.483791488963511,0.0,0.0,0.0
mlp_rank,25.0,2016-08-31_2017-07-31,12,0.0,0.08878533946639733,0.0,0.08878533946639733,-0.08878533946639733,0.0,,0.0,-0.05046191183613402,0.25,-1.178963154453938,0.0,0.0,0.0
mlp_rank,25.0,2016-09-30_2017-08-31,12,0.0,0.09996258200034913,0.0,0.09996258200034913,-0.09996258200034913,0.0,,0.0,-0.05046191183613402,0.16666666666666666,-1.3337702635233109,0.0,0.0,0.0
mlp_rank,25.0,2016-10-31_2017-09-30,12,0.0,0.1075588143605537,0.0,0.1075588143605537,-0.1075588143605537,0.0,,0.0,-0.0004923640702735321,0.16666666666666666,-1.4170583545789386,0.0,0.0,0.0
mlp_rank,25.0,2016-11-30_2017-10-31,12,0.0,0.1559996199134983,0.0,0.1559996199134983,-0.1559996199134983,0.0,,0.0,-0.008932388259170088,0.16666666666666666,-3.396369689056473,0.0,0.0,0.0
mlp_rank,25.0,2016-12-31_2017-11-30,12,0.0,0.19992461049678534,0.0,0.19992461049678534,-0.19992461049678534,0.0,,0.0,-0.008932388259169977,0.16666666666666666,-2.6817886502407284,0.0,0.0,0.0
mlp_rank,25.0,2017-01-31_2017-12-31,12,0.0,0.24773371905633135,0.0,0.24773371905633135,-0.24773371905633135,0.0,,0.0,-0.008932388259170088,0.08333333333333333,-3.1914908218284626,0.0,0.0,0.0
mlp_rank,25.0,2017-02-28_2018-01-31,12,0.1252570523688632,0.22472528642954592,0.1252570523688632,0.22472528642954592,-0.09946823406068273,0.12525705236886317,0.9999999999999999,0.0,-0.008932388259170088,0.16666666666666666,-0.5044857774103514,-0.46816975679532674,0.24615415046240563,0.08333333333333333
mlp_rank,25.0,2017-03-31_2018-02-28,12,0.10554106147819309,0.11150665310004948,0.10554106147819309,0.11150665310004948,-0.005965591621856392,0.12804435416540572,0.8413938380897138,-0.01752132177191379,-0.06307407298992962,0.25,-0.021312472430200593,-0.007307967842895898,0.1141156513335686,0.1111111111111111
mlp_rank,25.0,2017-04-30_2018-03-31,12,0.3477806476004517,0.054403018339003184,0.3477806476004517,0.054403018339003184,0.2933776292614485,0.24518207748900345,1.333090044774652,-0.01752132177191379,-0.09250223900477905,0.3333333333333333,0.897827307884632,-0.6592333251711161,0.4335718353241875,0.13888888888888887
mlp_rank,25.0,2017-05-31_2018-04-30,12,0.3057826927026168,0.042771960341875914,0.3057826927026168,0.042771960341875914,0.2630107323607409,0.2508725764063678,1.1786420316544894,-0.031160823515760327,-0.09416874157139277,0.3333333333333333,0.8225510157519207,-0.6161531931816348,0.3781591420039292,0.19444444444444442
mlp_rank,25.0,2017-06-30_2018-05-31,12,0.25008175173422664,-0.005226881237519021,0.25008175173422664,-0.005226881237519021,0.25530863297174566,0.25894014180949704,0.977182727331386,-0.0724887213955514,-0.12207676452647664,0.3333333333333333,0.8376095877257069,-0.37240005982844027,0.2849744714128568,0.24999999999999997
mlp_rank,25.0,2017-07-31_2018-06-30,12,0.3492754301019605,0.0163507796990916,0.3492754301019605,0.0163507796990916,0.3329246504028689,0.26399968265074863,1.2590226767012478,-0.0724887213955514,-0.12207676452647676,0.4166666666666667,1.0265689204049655,-0.2590182561007521,0.3959444430501111,0.3055555555555555
mlp_rank,25.0,2017-08-31_2018-07-31,12,0.3292062261789981,0.02633003466478856,0.3292062261789981,0.02633003466478856,0.3028761915142095,0.266112672412932,1.1931319318914648,-0.0724887213955514,-0.12207676452647653,0.4166666666666667,0.9332945125993288,-0.29011526179587954,0.38066686151786566,0.3611111111111111
mlp_rank,25.0,2017-09-30_2018-08-31,12,0.3225526210763361,0.012828519177035869,0.3225526210763361,0.012828519177035869,0.3097241018993002,0.2667020502043568,1.1717263837342602,-0.0724887213955514,-0.12207676452647664,0.5,0.9626897711426466,-0.2585807046852962,0.3680135502772892,0.4166666666666667
mlp_rank,25.0,2017-10-31_2018-09-30,12,0.3285756258078518,-0.028994428060318933,0.3285756258078518,-0.028994428060318933,0.35757005386817076,0.26625545510667176,1.1907959007890763,-0.0724887213955514,-0.12207676452647676,0.5833333333333334,1.1285979123059913,-0.17911453367928948,0.3620206503442285,0.47222222222222227
mlp_rank,25.0,2017-11-30_2018-10-31,12,0.3287073887379306,0.017470333624036494,0.3287073887379306,0.017470333624036494,0.3112370551138941,0.26624473713662117,1.1912163372704532,-0.0724887213955514,-0.12207676452647676,0.5,0.9494577292887092,-0.24697879977556944,0.3757134510361628,0.5
mlp_rank,25.0,2017-12-31_2018-11-30,12,0.513956638673736,-0.025356283802123625,0.513956638673736,-0.025356283802123625,0.5393129224758596,0.2868531812673236,1.5916704503030514,-0.0724887213955514,-0.12207676452647687,0.5833333333333334,1.5737334554129083,0.09095553146019797,0.5681238276208183,0.5277777777777778
mlp_rank,25.0,2018-01-31_2018-12-31,12,0.5960483344490615,-0.01099995180484914,0.5960483344490615,-0.01099995180484914,0.6070482862539106,0.28411904696414025,1.7978344582992924,-0.0724887213955514,-0.12095719505337177,0.5833333333333334,1.752504140809366,0.27779153071424245,0.6512752299934599,0.5833333333333334
mlp_rank,25.0,2018-02-28_2019-01-31,12,0.48689519557668226,-0.023323412109537922,0.48689519557668226,-0.023323412109537922,0.5102186076862202,0.2697439546071218,1.6083515623770723,-0.07248872139555163,-0.06297476655901424,0.5833333333333334,1.6053325862270498,0.2672004738791273,0.5382907813587938,0.5555555555555555
mlp_rank,25.0,2018-03-31_2019-02-28,12,0.6528170780287665,0.045204178762284775,0.6528170780287665,0.045204178762284775,0.6076128992664818,0.2682206701916747,2.0262323890987495,-0.0724887213955514,-0.032589089243883484,0.5833333333333334,1.7332854046922241,-0.030578266989571414,0.7039449904506823,0.5555555555555555
mlp_rank,25.0,2018-04-30_2019-03-31,12,0.17429798120444895,0.07686204312787948,0.17429798120444895,0.07686204312787948,0.09743593807656947,0.2503201853776066,0.7611165253006382,-0.13384052360012078,-0.031039511736595693,0.5,0.48901662053419603,1.1180515584422395,0.10865039045045544,0.5277777777777778
mlp_rank,25.0,2018-05-31_2019-04-30,12,0.2727138312583035,0.03769148450195714,0.2727138312583035,0.03769148450195714,0.23502234675634637,0.24681990176579865,1.1008818027791478,-0.13384052360012066,-0.04957195403333192,0.5833333333333334,0.9640256760762964,0.70020182214706,0.27160016058313396,0.5555555555555555
mlp_rank,25.0,2018-06-30_2019-05-31,12,0.24805034517938362,0.09645960452265201,0.24805034517938362,0.09645960452265201,0.15159074065673162,0.25279916024211985,1.0014571175157558,-0.14617109889317126,-0.04957195403333203,0.5833333333333334,0.6039870940788061,0.2946181936064658,0.24945271795866875,0.5555555555555555
mlp_rank,25.0,2018-07-31_2019-06-30,12,0.1874000391329922,0.07648721996967378,0.1874000391329922,0.07648721996967378,0.11091281916331841,0.24493299301698462,0.8194706263843473,-0.14617109889317104,-0.04957195403333203,0.5833333333333334,0.4809847844191938,0.17172590634096974,0.20433332847880448,0.5555555555555556
mlp_rank,25.0,2018-08-31_2019-07-31,12,0.2710703573284352,0.051509897202665744,0.2710703573284352,0.051509897202665744,0.21956046012576946,0.24499970506249136,1.102582703983002,-0.14617109889317115,-0.04957195403333203,0.6666666666666666,0.839604669349612,0.13664469755034145,0.2967951710045613,0.5833333333333334
mlp_rank,25.0,2018-09-30_2019-08-31,12,0.30577220016570705,0.032217370272061396,0.30577220016570705,0.032217370272061396,0.27355482989364566,0.2431705226079558,1.2225867194029312,-0.14617109889317115,-0.05569706120271434,0.6666666666666666,1.0124435009310906,0.0937861181371921,0.3369404248767396,0.5555555555555556
mlp_rank,25.0,2018-10-31_2019-09-30,12,0.35962325227340375,0.0680196854801034,0.35962325227340375,0.0680196854801034,0.29160356679330035,0.2429413320938823,1.3942692790359532,-0.14617109889317115,-0.05569706120271445,0.6666666666666666,1.0404705290184653,0.034716536772939614,0.3933020190231402,0.5277777777777778
mlp_rank,25.0,2018-11-30_2019-10-31,12,0.3374893685464342,-0.007313909877188718,0.3374893685464342,-0.007313909877188718,0.3448032784236229,0.2455294930552352,1.313262179492751,-0.14617109889317115,-0.07977064350808971,0.75,1.3036541148328717,0.3700928499483656,0.3763504582545729,0.5833333333333333
mlp_rank,25.0,2018-12-31_2019-11-30,12,0.265715111496325,0.01695714726683817,0.265715111496325,0.01695714726683817,0.24875796422948682,0.22137839214163438,1.1803292220125323,-0.14617109889317115,-0.07977064350808971,0.75,1.0403138147742346,0.30273491201899805,0.28673611463628923,0.611111111111111
mlp_rank,25.0,2019-01-31_2019-12-31,12,0.06183081091362164,-0.0907583313333864,0.06183081091362164,-0.0907583313333864,0.15258914224700804,0.25656130363137497,0.3565723821395229,-0.14617109889317115,-0.08173242622854304,0.75,0.7473315791338002,0.8374811775114941,0.18038083937765537,0.611111111111111
mlp_rank,25.0,2019-02-28_2020-01-31,12,0.10134575340644814,-0.15374678206850467,0.10134575340644814,-0.15374678206850467,0.2550925354749528,0.2660975486961169,0.4903995768343791,-0.14617109889317126,-0.157070533612218,0.75,1.0117783438896428,0.15473812946286536,0.16651986159832521,0.638888888888889
mlp_rank,25.0,2019-03-31_2020-02-29,12,-0.021484304876847937,-0.2983301643039218,-0.021484304876847937,-0.2983301643039218,0.27684585942707385,0.25308973829027526,0.034350555659278456,-0.11559342947359741,-0.2968733323797681,0.75,1.1227831128341859,0.15091499505682596,0.06009112517403414,0.6944444444444445
mlp_rank,25.0,2019-04-30_2020-03-31,12,0.04921910960028053,-0.26938100433105683,0.04921910960028053,-0.26938100433105683,0.31860011393133736,0.2227028603957469,0.32006235262092114,-0.13340870857099085,-0.2897384073692094,0.75,1.2426313272876224,0.09614929878154402,0.10367294770623392,0.7777777777777777
mlp_rank,25.0,2019-05-31_2020-04-30,12,-0.0033554791124925654,-0.23441422140073764,-0.0033554791124925654,-0.23441422140073764,0.23105874228824508,0.21749217956122352,0.08581129454791818,-0.13564419411988926,-0.2897384073692094,0.6666666666666666,0.9175906037827306,0.10845014345569855,0.04593490956184931,0.7499999999999999
mlp_rank,25.0,2019-06-30_2020-05-31,12,0.17366141754401565,-0.22854562482453433,0.17366141754401565,-0.22854562482453433,0.40220704236855,0.22863042292702215,0.81093593408415,-0.13564419411988926,-0.2897384073692095,0.75,1.5965592670683255,0.30669893839570095,0.29012776720282707,0.7777777777777777
mlp_rank,25.0,2019-07-31_2020-06-30,12,0.1635531626981721,-0.1941752572672133,0.1635531626981721,-0.1941752572672133,0.3577284199653854,0.22831819657003427,0.7733084288109751,-0.13564419411988937,-0.2827760862119635,0.6666666666666666,1.3505785445080696,0.2773045614976383,0.2549980778460066,0.7777777777777777
mlp_rank,25.0,2019-08-31_2020-07-31,12,0.06248889252628187,-0.1722348942847023,0.06248889252628187,-0.1722348942847023,0.23472378681098416,0.22925799221846094,0.37060673696590374,-0.13564419411988937,-0.27948217627529803,0.5833333333333334,0.8825538133987242,0.2326741788026154,0.13010968195203754,0.7777777777777778
mlp_rank,25.0,2019-09-30_2020-08-31,12,-0.011245376683226449,-0.21057570090232802,-0.011245376683226449,-0.21057570090232802,0.19933032421910157,0.2350688997636986,0.059680775357602966,-0.13564419411988937,-0.27948217627529803,0.5833333333333334,0.7950734319705391,0.2822527539840564,0.07532262331047512,0.8055555555555555
mlp_rank,25.0,2019-10-31_2020-09-30,12,-0.034050063041707435,-0.1766274605970889,-0.034050063041707435,-0.1766274605970889,0.14257739755538146,0.23125872940158174,-0.04365457902334137,-0.13564419411988937,-0.2794821762752979,0.5,0.5469017837281291,0.2667427598714996,0.034435334055807454,0.861111111111111
mlp_rank,25.0,2019-11-30_2020-10-31,12,-0.026475719377888285,-0.06643817837031618,-0.026475719377888285,-0.06643817837031618,0.039962458992427896,0.2308287403014598,-0.0103152152688412,-0.13564419411988937,-0.2794821762752979,0.4166666666666667,0.10925252870003871,0.20476324431489826,0.004955388129281202,0.8333333333333331
mlp_rank,25.0,2019-12-31_2020-11-30,12,-0.10836924214012622,-0.050871312509224054,-0.10836924214012622,-0.050871312509224054,-0.05749792963090217,0.21442758071275778,-0.43411537431295405,-0.10115217438942103,-0.2358764964179022,0.3333333333333333,-0.2381616800030908,0.1253169220962287,-0.08710832459422269,0.8333333333333334
mlp_rank,25.0,2020-01-31_2020-12-31,12,-0.007784964548667728,-0.013079995771551722,-0.007784964548667728,-0.013079995771551722,0.005295031222883995,0.18016512546953406,0.037093817699513344,-0.10115217438942103,-0.16758179221927783,0.4166666666666667,-0.040670926436860544,0.03106773291575868,0.00610216777430983,0.8055555555555555
mlp_rank,25.0,2020-02-29_2021-01-31,12,-0.07955545098888694,0.14471568274700242,-0.07955545098888694,0.14471568274700242,-0.22427113373588936,0.15413644679331318,-0.4668994577972981,-0.0979652592309378,-0.07033476780972703,0.3333333333333333,-0.9528348257100101,0.18772134364165086,-0.09839253707853635,0.7777777777777778
mlp_rank,25.0,2020-03-31_2021-02-28,12,-0.04194455056736568,0.3187076559568369,-0.04194455056736568,0.3187076559568369,-0.3606522065242026,0.1525801791833611,-0.21180752565982303,-0.0979652592309379,-0.07033476780972703,0.3333333333333333,-1.6236555421965146,0.19837787932348408,-0.08670128717094217,0.7777777777777777
mlp_rank,25.0,2020-04-30_2021-03-31,12,0.005255694507695585,0.2712264885896778,0.005255694507695585,0.2712264885896778,-0.2659707940819822,0.13612363465164565,0.09872320058137399,-0.1045190273574369,-0.07033476780972714,0.3333333333333333,-1.3545609536282606,0.262104221892398,-0.05214102322797176,0.7499999999999999
mlp_rank,25.0,2020-05-31_2021-04-30,12,0.014877927546384395,0.2511461011810818,0.014877927546384395,0.2511461011810818,-0.23626817363469743,0.1361753706065517,0.16879553674716444,-0.1045190273574369,-0.07033476780972703,0.4166666666666667,-1.1898597858334583,0.24762897799381778,-0.03565143965026041,0.75
mlp_rank,25.0,2020-06-30_2021-05-31,12,-0.1149870898054769,0.22018559574957508,-0.1149870898054769,0.22018559574957508,-0.335172685555052,0.08108452841035112,-1.4611844576940847,-0.1306812389343791,-0.07033476780972703,0.3333333333333333,-2.1766125404206464,0.2085124224856311,-0.15138456842721992,0.7222222222222222
mlp_rank,25.0,2020-07-31_2021-06-30,12,-0.11016504867359256,0.1787337447456181,-0.11016504867359256,0.1787337447456181,-0.28889879341921065,0.08332735456972692,-1.355287634171825,-0.09723108165505312,-0.07033476780972703,0.4166666666666667,-1.854202488757373,0.17801705740975857,-0.13540896081740506,0.7222222222222222
mlp_rank,25.0,2020-08-31_2021-07-31,12,-0.07851841279273997,0.17406019021811336,-0.07851841279273997,0.17406019021811336,-0.25257860301085333,0.07778745569682138,-1.0115472915750208,-0.07124006599846344,-0.0471551797914731,0.4166666666666667,-1.645555671224274,0.18074552015558717,-0.10473762659591157,0.638888888888889
mlp_rank,25.0,2020-09-30_2021-08-31,12,-0.027179976753550328,0.29094300690606567,-0.027179976753550328,0.29094300690606567,-0.318122983659616,0.06306921992330841,-0.4073341589758421,-0.07124006599846355,-0.0471551797914731,0.3333333333333333,-1.994683036207525,0.03697326611717219,-0.03497106040257825,0.611111111111111
mlp_rank,25.0,2020-10-31_2021-09-30,12,0.010487043622588343,0.285307502281577,0.010487043622588343,0.285307502281577,-0.27482045865898863,0.08726332245537995,0.1590072033575939,-0.0633087184190737,-0.04715517979147299,0.4166666666666667,-1.6443549904236185,0.09280746953165876,-0.010383383742627261,0.611111111111111
mlp_rank,25.0,2020-11-30_2021-10-31,12,0.05971345049813581,0.164192612882329,0.05971345049813581,0.164192612882329,-0.10447916238419319,0.09451901191849946,0.6578414902261879,-0.053970141847146214,-0.04715517979147299,0.5,-0.7099025349729409,0.12810995834267974,0.04264645802421674,0.5833333333333333
mlp_rank,25.0,2020-12-31_2021-11-30,12,-0.009563899328571823,0.10075285366229347,-0.009563899328571823,0.10075285366229347,-0.1103167529908653,0.12483077772298393,-0.019086256397449427,-0.07699090140612574,-0.04715517979147321,0.5,-0.737454798217664,0.2944458507655036,-0.031580150618017666,0.5555555555555555
mlp_rank,25.0,2021-01-31_2021-12-31,12,-0.03550993290823978,0.1311417024200292,-0.03550993290823978,0.1311417024200292,-0.166651635328269,0.1308678769652486,-0.215213927550066,-0.11539375203058322,-0.04715517979147299,0.4166666666666667,-1.0781013817864724,0.28251651282112894,-0.0624141151978308,0.5555555555555555
mlp_rank,25.0,2021-02-28_2022-01-31,12,-0.03276408107565576,0.1035559333431273,-0.03276408107565576,0.1035559333431273,-0.13632001441878305,0.13116261386802677,-0.19283680150019525,-0.11539375203058322,-0.008710521467504728,0.4166666666666667,-0.9210671266054878,0.35452144284295084,-0.059701497293047856,0.5555555555555555
mlp_rank,25.0,2021-03-31_2022-02-28,12,0.007193114699172165,0.1814244316261513,0.007193114699172165,0.1814244316261513,-0.17423131692697913,0.1415733561546035,0.11604746415912191,-0.11539375203058322,-0.008710521467504728,0.4166666666666667,-1.2012642741697297,1.02474146354408,-0.1464207302806898,0.49999999999999994
mlp_rank,25.0,2021-04-30_2022-03-31,12,0.05112937656688432,0.2056999327796627,0.05112937656688432,0.2056999327796627,-0.15457055621277838,0.13913338425323257,0.4236177158825319,-0.11539375203058322,-0.008710521467504728,0.4166666666666667,-1.0358964640756447,0.9769108265401237,-0.11965418720382093,0.5
mlp_rank,25.0,2021-05-31_2022-04-30,12,0.05860212034948242,0.20202014645819677,0.05860212034948242,0.20202014645819677,-0.14341802610871435,0.1394326349412518,0.47405080645538966,-0.11539375203058333,-0.011058901373715124,0.4166666666666667,-0.9358003179286548,0.8735427085808041,-0.09308788817266245,0.47222222222222215
mlp_rank,25.0,2021-06-30_2022-05-31,12,0.13553156483927142,0.1547230806668567,0.13553156483927142,0.1547230806668567,-0.01919151582758527,0.13422073761613654,1.0144308149506431,-0.11539375203058322,-0.04389760737316839,0.5,-0.07800849407996459,0.2503451642683025,0.10388054535115487,0.4166666666666667
mlp_rank,25.0,2021-07-31_2022-06-30,12,0.17080545043696937,0.14515293481688385,0.17080545043696937,0.14515293481688385,0.025652515620085525,0.1409835379692742,1.1913059779936177,-0.11539375203058322,-0.04389760737316839,0.5,0.18826859458936346,0.19665127620448875,0.15003258720843426,0.38888888888888884
mlp_rank,25.0,2021-08-31_2022-07-31,12,0.1828397981056611,0.16719366722844042,0.1828397981056611,0.16719366722844042,0.015646130877220665,0.14002022827296645,1.2727045437448639,-0.11539375203058322,-0.04389760737316839,0.5,0.12675610500571913,0.16163970521390417,0.16370898466847805,0.4444444444444444
mlp_rank,25.0,2021-09-30_2022-08-31,12,0.10397394624954304,0.11990803732841937,0.10397394624954304,0.11990803732841937,-0.015934091078876333,0.1601309604984599,0.6947318520890634,-0.11539375203058311,-0.04389760737316817,0.5,-0.036787650421335964,0.4923864756861394,0.05489885985521137,0.4444444444444444
mlp_rank,25.0,2021-10-31_2022-09-30,12,0.031175296608917158,0.07700156092153554,0.031175296608917158,0.07700156092153554,-0.04582626431261838,0.1502548821957131,0.2745686871741497,-0.11539375203058333,-0.04389760737316828,0.4166666666666667,-0.2225863582814476,0.2168704938720941,0.024838005905938987,0.38888888888888884
mlp_rank,25.0,2021-11-30_2022-10-31,12,0.09543366983560664,0.0837751064100245,0.09543366983560664,0.0837751064100245,0.011658563425582136,0.17866485921047656,0.5935880922280842,-0.07076879478110654,-0.04389760737316839,0.4166666666666667,0.1207195165226724,0.14706807471135352,0.09795536088312184,0.4166666666666667
mlp_rank,25.0,2021-12-31_2022-11-30,12,0.7002400958263344,0.04089310124175727,0.7002400958263344,0.04089310124175727,0.6593469945845771,0.4429345272929237,1.3899602788631145,-0.07076879478110643,-0.052330809109684795,0.5,1.1821093454192333,-2.218713832721057,0.9968228134732291,0.4166666666666667
mlp_rank,25.0,2022-01-31_2022-12-31,12,0.6889444386833168,0.03139589518781816,0.6889444386833168,0.03139589518781816,0.6575485434954986,0.44443476071227417,1.3709419248708488,-0.07076879478110654,-0.0538908420070876,0.5,1.189441871397899,-2.0799526279477436,0.938238321121103,0.47222222222222215
mlp_rank,25.0,2022-02-28_2023-01-31,12,0.7341795330996028,-0.006523085673795559,0.7341795330996028,-0.006523085673795559,0.7407026187733984,0.44264747900480533,1.4376818460938152,-0.07076879478110643,-0.053890842007087936,0.5833333333333334,1.3430881813881221,-2.358118483880145,0.8424240905467293,0.47222222222222227
mlp_rank,25.0,2022-03-31_2023-02-28,12,0.7591746669548394,-0.03763942955797195,0.7591746669548394,-0.03763942955797195,0.7968140965128113,0.44285658370880265,1.4712311550054842,-0.07076879478110643,-0.05860315994470999,0.5833333333333334,1.4444811964465283,-2.7920944275048307,0.7130752590847382,0.5277777777777778
mlp_rank,25.0,2022-04-30_2023-03-31,12,0.5807079803130104,-0.0433257664262765,0.5807079803130104,-0.0433257664262765,0.6240337467392869,0.46385350488084726,1.1822042168346045,-0.08616400042515471,-0.052003665957635614,0.5833333333333334,1.1826658258673546,-3.438021512009072,0.4867791805727988,0.5277777777777778
mlp_rank,25.0,2022-05-31_2023-04-30,12,0.33456848326271804,-0.07213752035282106,0.33456848326271804,-0.07213752035282106,0.4067060036155391,0.5009735996242634,0.7793926969096798,-0.2175626646963218,-0.07596598010903766,0.5,0.8858949219552507,-1.381676545925304,0.33309983708274404,0.5555555555555556
mlp_rank,25.0,2022-06-30_2023-05-31,12,0.33007540180331874,-0.0361282154897381,0.33007540180331874,-0.0361282154897381,0.36620361729305684,0.5009736543205253,0.7724429738070858,-0.2175626646963218,-0.07596598010903755,0.5,0.808678750000117,-1.6049919160667543,0.3869940404934826,0.6111111111111112
mlp_rank,25.0,2022-07-31_2023-06-30,12,0.30565399321197306,-0.0028433046031512976,0.30565399321197306,-0.0028433046031512976,0.30849729781512436,0.5003712313240297,0.7346455842748209,-0.2175626646963218,-0.07596598010903743,0.4166666666666667,0.7032920455118605,-1.1605681812234574,0.43672036392414104,0.638888888888889
mlp_rank,25.0,2022-08-31_2023-07-31,12,0.23328039483023977,-0.031389184091800915,0.23328039483023977,-0.031389184091800915,0.2646695789220407,0.5062758551334126,0.6157749297803601,-0.2175626646963219,-0.0655917893195096,0.4166666666666667,0.6483665950013906,-1.3465556612972014,0.3089697571968566,0.638888888888889
mlp_rank,25.0,2022-09-30_2023-08-31,12,0.4686881402694889,-0.014331580574544756,0.4686881402694889,-0.014331580574544756,0.48301972084403366,0.503679021616045,0.9741442897423611,-0.2175626646963218,-0.06559178931950937,0.5,0.9543451709269193,-1.7896274578468816,0.5843507430594013,0.6944444444444445
mlp_rank,25.0,2022-10-31_2023-09-30,12,0.45807115572926116,-0.04883569016310929,0.45807115572926116,-0.04883569016310929,0.5069068458923705,0.5044970559494677,0.9583586100972833,-0.2175626646963218,-0.06327241269436523,0.5833333333333334,1.012890083206461,-1.2586191137910894,0.5167942870429842,0.7222222222222222
mlp_rank,25.0,2022-11-30_2023-10-31,12,0.40406457844480537,-8.074453772832779e-05,0.40406457844480537,-8.074453772832779e-05,0.4041453229825337,0.5004472632526604,0.8843564254028236,-0.2175626646963219,-0.04084242285001627,0.5833333333333334,0.843656138493568,-0.6789120950491582,0.5482023033626351,0.6944444444444445
mlp_rank,25.0,2022-12-31_2023-11-30,12,-0.1226223228212926,0.06162621592425688,-0.1226223228212926,0.06162621592425688,-0.18424853874554947,0.27430202414939914,-0.3456907650713214,-0.2175626646963218,-0.04084242285001627,0.5,-0.6044132072409881,0.925802500304098,-0.14324529792786955,0.6944444444444445
mlp_rank,25.0,2023-01-31_2023-12-31,12,-0.0887627684726513,0.05389394652891433,-0.0887627684726513,0.05389394652891433,-0.14265671500156563,0.27088614799602884,-0.21441954467937221,-0.2175626646963218,-0.04084242285001627,0.5,-0.440406973392941,0.8781898040809615,-0.1023244206257371,0.6666666666666666
mlp_rank,25.0,2023-02-28_2024-01-31,12,-0.16283662723476955,0.06910062416905749,-0.16283662723476955,0.06910062416905749,-0.23193725140382704,0.26925923555653736,-0.5292764389510767,-0.2175626646963218,-0.04084242285001627,0.4166666666666667,-0.8243088820809569,0.8502149450348809,-0.18480116560920934,0.6666666666666666
mlp_rank,25.0,2023-03-31_2024-02-29,12,-0.11436294058151941,0.07105311702696282,-0.11436294058151941,0.07105311702696282,-0.18541605760848223,0.29483161057041707,-0.27385118347226267,-0.1553787320471307,-0.04084242285001627,0.4166666666666667,-0.5341962658270997,0.7917223863200545,-0.1297080546940299,0.638888888888889
mlp_rank,25.0,2023-04-30_2024-03-31,12,-0.09166843469142016,0.04605177038880415,-0.09166843469142016,0.04605177038880415,-0.1377202050802243,0.28881745593867125,-0.19847443005498366,-0.1553787320471307,-0.028914327222309355,0.4166666666666667,-0.3866550536522057,1.0078462057776172,-0.10142112220848953,0.6111111111111112
mlp_rank,25.0,2023-05-31_2024-04-30,12,0.09186883312675787,0.05087612226469651,0.09186883312675787,0.05087612226469651,0.040992710862061355,0.24672738872469854,0.46887018925463364,-0.1553787320471307,-0.04720745865673304,0.5,0.23779194593943234,-0.039745661802890325,0.1243696056932968,0.6111111111111112
mlp_rank,25.0,2023-06-30_2024-05-31,12,0.13868167864932124,0.06029804021364593,0.13868167864932124,0.06029804021364593,0.0783836384356753,0.25466061869368223,0.6277807837281194,-0.15537873204713082,-0.04720745865673304,0.5,0.3641942438753136,0.03859055370427999,0.16934866632460177,0.638888888888889
mlp_rank,25.0,2023-07-31_2024-06-30,12,0.2768413520182149,0.046802268590376395,0.2768413520182149,0.046802268590376395,0.23003908342783852,0.29475099161877055,0.968866492784377,-0.15537873204713082,-0.04720745865673304,0.5833333333333334,0.8002515655099809,0.45929963944291474,0.29725598846148227,0.611111111111111
mlp_rank,25.0,2023-08-31_2024-07-31,12,0.4511154503250967,0.10318514893952901,0.4511154503250967,0.10318514893952901,0.3479303013855677,0.2885970606615065,1.4395739542972334,-0.15537873204713093,-0.04720745865673315,0.6666666666666666,1.0952940924638503,0.5982731335488325,0.4172686891734767,0.611111111111111
mlp_rank,25.0,2023-09-30_2024-08-31,12,0.31426597546565915,0.08473288946892565,0.31426597546565915,0.08473288946892565,0.2295330859967335,0.2750280888955843,1.1278671686382635,-0.1553787320471307,-0.04720745865673315,0.6666666666666666,0.8376837625594221,0.7032953377241468,0.28012023707208455,0.5555555555555555
mlp_rank,25.0,2023-10-31_2024-09-30,12,0.3290014842798199,0.12170948346779942,0.3290014842798199,0.12170948346779942,0.20729200081202048,0.27342449729690543,1.1748423894344477,-0.1553787320471307,-0.047207458656732815,0.5833333333333334,0.7504662731767544,0.6381234073220974,0.2744816354045234,0.5277777777777777
mlp_rank,25.0,2023-11-30_2024-10-31,12,0.16747137471869822,0.004734660022875703,0.16747137471869822,0.004734660022875703,0.16273671469582252,0.2846988662865819,0.6741992000216339,-0.06996081113020447,-0.07254414974326939,0.5,0.6741372856718384,0.8554311141813989,0.19952294589957398,0.5555555555555555
mlp_rank,25.0,2023-12-31_2024-11-30,12,0.3012524299530914,-0.026522408525777696,0.3012524299530914,-0.026522408525777696,0.3277748384788691,0.25405707609623845,1.1592960655667532,-0.07200377597626217,-0.07702368625268241,0.5833333333333334,1.448636300824633,1.276557325230005,0.3746209213138678,0.5833333333333334
mlp_rank,25.0,2024-01-31_2024-12-31,12,0.5088507127435562,-0.013699490369203038,0.5088507127435562,-0.013699490369203038,0.5225502031127592,0.27769620638308046,1.6286595867376903,-0.07200377597626206,-0.07702368625268208,0.6666666666666666,1.888945644966494,1.310694585381361,0.5762921352421422,0.5833333333333334
mlp_rank,25.0,2024-02-29_2025-01-31,12,0.8141172986957719,-0.14290566323586873,0.8141172986957719,-0.14290566323586873,0.9570229619316406,0.2814550141678209,2.2928114477525647,-0.07200377597626206,-0.18252959118595857,0.75,2.5498733136750276,0.16426574156158127,0.9167846830157038,0.5833333333333334
mlp_rank,25.0,2024-03-31_2025-02-28,12,0.5835182297820356,-0.10676537761977256,0.5835182297820356,-0.10676537761977256,0.6902836074018082,0.2763578334124955,1.8159825886046472,-0.07200377597626195,-0.1825295911859588,0.6666666666666666,1.8776030243207316,0.002587232983221122,0.6354174990533903,0.6111111111111112
mlp_rank,25.0,2024-04-30_2025-03-31,12,0.8600450754330997,-0.06461005552580057,0.8600450754330997,-0.06461005552580057,0.9246551309589003,0.2565547188892452,2.594112415985663,-0.07200377597626195,-0.18252959118595868,0.75,2.402128704051326,0.08839710158109655,0.9196888001838996,0.6666666666666666
mlp_rank,25.0,2024-05-31_2025-04-30,12,0.7557914072176586,0.02942056800377868,0.7557914072176586,0.02942056800377868,0.7263708392138799,0.2691673498737071,2.258242473482409,-0.07200377597626217,-0.18252959118595857,0.6666666666666666,1.6895370069606437,-0.12156720201442806,0.8185407396727322,0.6666666666666666
mlp_rank,25.0,2024-06-30_2025-05-31,12,0.5575484231626135,-0.019239253194651806,0.5575484231626135,-0.019239253194651806,0.5767876763572654,0.28421214077781926,1.7117068505760697,-0.07366865851654958,-0.18252959118595835,0.5833333333333334,1.44961402289724,-0.016485254490489015,0.6109475899455254,0.638888888888889
mlp_rank,25.0,2024-07-31_2025-06-30,12,0.6224576645404702,0.03150250800801424,0.6224576645404702,0.03150250800801424,0.590955156532456,0.30971084724929016,1.7270995527785862,-0.07366865851654947,-0.1825295911859589,0.5833333333333334,1.4415883425222695,0.2721947216912819,0.6661217842837941,0.6944444444444445
mlp_rank,25.0,2024-08-31_2025-07-31,12,0.8444982808267074,0.02082724764079913,0.8444982808267074,0.02082724764079913,0.8236710331859083,0.3602010478312558,1.8959057499887606,-0.07366865851654958,-0.1720911800730176,0.5833333333333334,1.766540141653749,0.454271634127988,0.9112027261520406,0.6944444444444445
mlp_rank,25.0,2024-09-30_2025-08-31,12,0.7295056929646984,0.07082064647411035,0.7295056929646984,0.07082064647411035,0.658685046490588,0.37422258950815046,1.6564575187782176,-0.07366865851654969,-0.1720911800730176,0.5,1.3714018583085623,0.3488885196690197,0.7784409367660834,0.7222222222222222
mlp_rank,25.0,2024-10-31_2025-09-30,12,0.7760741136003919,0.07787885846139209,0.7760741136003919,0.07787885846139209,0.6981952551389998,0.370763355679674,1.7441937174678936,-0.07366865851654958,-0.11858833109117162,0.5833333333333334,1.4328575292534915,0.3416629404223801,0.8215572642059945,0.7222222222222223
mlp_rank,25.0,2024-11-30_2025-10-31,12,1.1911672875731827,0.1960061542824556,1.1911672875731827,0.1960061542824556,0.9951611332907271,0.358104664496904,2.4156979411116724,-0.07366865851654947,-0.11795970406671652,0.6666666666666666,1.7288226163817686,0.17044651712941083,1.234753468314477,0.7222222222222222
mlp_rank,25.0,2024-12-31_2025-11-30,12,1.1596641504033403,0.22133541890163522,1.1596641504033403,0.22133541890163522,0.938328731501705,0.361621197525147,2.3525361829348914,-0.07366865851654958,-0.11795970406671652,0.5833333333333334,1.6087843764006204,0.12114047075918612,1.219667629354288,0.7222222222222222
mlp_rank,25.0,2025-01-31_2025-12-31,12,0.7925327006962142,0.17166648362633885,0.7925327006962142,0.17166648362633885,0.6208662170698753,0.36959495926620245,1.774445033665655,-0.07366865851654958,-0.03669877287899381,0.5,1.2434848644248369,0.32609210555536333,0.7931127983003754,0.75
mlp_rank,25.0,2025-02-28_2026-01-31,12,0.4827701389482617,0.31334945156909844,0.4827701389482617,0.31334945156909844,0.16942068737916327,0.36858101524135084,1.2414452667467093,-0.11186408561490457,-0.04758367670999886,0.4166666666666667,0.5764162275028913,1.9023184265045676,-0.07746858446680405,0.7777777777777778
mlp_rank,25.0,2025-03-31_2026-02-28,12,0.4417097609380749,0.08257309459079365,0.4417097609380749,0.08257309459079365,0.35913666634728125,0.3738309373378102,1.1510354404594036,-0.1492800047339906,-0.18488813271044613,0.5,1.0812976870084037,1.0412584023292308,0.3791543616034323,0.7499999999999999
mlp_rank,25.0,2025-04-30_2026-03-31,12,0.29695070001715007,0.028079656548997578,0.29695070001715007,0.028079656548997578,0.2688710434681525,0.36915611997650016,0.8661679366623446,-0.15746188070329603,-0.19546042589812018,0.5,0.8950177416705446,1.0215308190475803,0.30694079269362584,0.6944444444444445
mlp_rank,25.0,2025-05-31_2026-04-30,12,0.3069503330523029,-0.14610708694572017,0.3069503330523029,-0.14610708694572017,0.45305741999802307,0.3680103310836541,0.8892190815929947,-0.17513668181340214,-0.29138146686445754,0.5833333333333334,1.6059559193841826,1.0128438252029162,0.5713952739083117,0.6666666666666666
mlp_rank,25.0,2025-06-30_2026-05-31,12,0.5030237694206126,-0.18541351506394133,0.5030237694206126,-0.18541351506394133,0.6884372844845539,0.36450261941628276,1.2902120391947614,-0.17513668181340192,-0.34737666250868915,0.6666666666666666,2.0832301197725016,0.8226764724580805,0.821942278774418,0.6666666666666666
mlp_rank,25.0,2025-07-31_2026-06-30,12,0.31628660528924835,-0.1667764227923394,0.31628660528924835,-0.1667764227923394,0.48306302808158774,0.31526342762829923,1.0148248673810956,-0.1751366818134018,-0.34737666250868904,0.5833333333333334,1.5061503222024397,0.5117703038910054,0.4784092859481033,0.611111111111111
mlp_rank,25.0,2025-08-31_2026-07-31,11,0.07059689316040396,-0.20361006057922837,0.07725681328401701,-0.2199234939209873,0.2971803072050043,0.23553271087967315,0.4189279444945531,-0.17513668181340203,-0.34737666250868904,0.5454545454545454,1.1070571457270613,0.30428801699217867,0.17722306371025565,0.606060606060606
baseline_mlp_blend_50,25.0,2015-02-28_2016-01-31,12,0.016054624861049138,-0.12464244015822579,0.016054624861049138,-0.12464244015822579,0.14069706501927493,0.016054624861049124,0.9999999999999999,0.0,-0.2346154234110902,0.5,0.894870625059392,0.031091630560304142,0.019993539340658062,0.08333333333333333
baseline_mlp_blend_50,25.0,2015-03-31_2016-02-29,12,0.1456100266047473,-0.12200466014015787,0.1456100266047473,-0.12200466014015787,0.2676146867449052,0.1270587221478781,1.1298943212581853,0.0,-0.1902603904171294,0.5833333333333334,1.452200099992954,0.17298260723207676,0.1768407554146263,0.1111111111111111
baseline_mlp_blend_50,25.0,2015-04-30_2016-03-31,12,0.20085260995707177,-0.048726200591690305,0.20085260995707177,-0.048726200591690305,0.24957881054876208,0.13118883249120883,1.4618929957623228,0.0,-0.19026039041712928,0.5833333333333334,1.3506094577540857,0.17645712401822078,0.21819221520111554,0.16666666666666666
baseline_mlp_blend_50,25.0,2015-05-31_2016-04-30,12,0.1767108811095901,-0.08042168629585977,0.1767108811095901,-0.08042168629585977,0.2571325674054499,0.13533547311983932,1.2685529369641124,-0.020103823439534874,-0.13984875260474772,0.5833333333333334,1.4616447767646,0.22146061847523127,0.2054364904706265,0.16666666666666666
baseline_mlp_blend_50,25.0,2015-06-30_2016-05-31,12,0.3411674360822743,0.021583559353247406,0.3411674360822743,0.021583559353247406,0.3195838767290269,0.1829914750159937,1.70193577523588,-0.020103823439534874,-0.12048239811387595,0.5833333333333334,1.560391839351061,0.5233731003101492,0.3397451638808946,0.2222222222222222
baseline_mlp_blend_50,25.0,2015-07-31_2016-06-30,12,0.47098445075845286,0.08609325121736311,0.47098445075845286,0.08609325121736311,0.38489119954108975,0.19332347046120305,2.1116617505573845,-0.020103823439534874,-0.06335332759593715,0.5833333333333334,1.725057385692606,0.6007429535701245,0.41678328872435344,0.25
baseline_mlp_blend_50,25.0,2015-08-31_2016-07-31,12,0.5846884322973278,0.19435729107699262,0.5846884322973278,0.19435729107699262,0.3903311412203352,0.19393695820481208,2.5035540615871867,-0.020103823439534874,-0.010009943632593221,0.5833333333333334,1.66021163022344,0.6908874973632205,0.4228721545091976,0.2777777777777778
baseline_mlp_blend_50,25.0,2015-09-30_2016-08-31,12,0.7605524478911019,0.27010420996995776,0.7605524478911019,0.27010420996995776,0.4904482379211441,0.2003261366427811,2.9776877812374747,-0.020103823439534874,-0.010009943632593332,0.5833333333333334,1.7664091468312033,0.5284760194668172,0.5818884089966856,0.3333333333333333
baseline_mlp_blend_50,25.0,2015-10-31_2016-09-30,12,0.9573750173247304,0.2171792753369357,0.9573750173247304,0.2171792753369357,0.7401957419877947,0.2012558960820926,3.519422867992727,-0.020103823439534874,-0.010009943632593221,0.6666666666666666,2.698026603104783,1.0617186027749512,0.6254932935289161,0.3888888888888889
baseline_mlp_blend_50,25.0,2015-11-30_2016-10-31,12,1.2799245594300053,0.15802517726789156,1.2799245594300053,0.15802517726789156,1.1218993821621137,0.2154923226800612,4.051612513042354,-0.020103823439534874,-0.05046191183613391,0.6666666666666666,2.8933756278977714,-0.39326232396769845,1.4553313003157884,0.4166666666666667
baseline_mlp_blend_50,25.0,2015-12-31_2016-11-30,12,1.3195869394444277,0.15325670090751609,1.3195869394444277,0.15325670090751609,1.1663302385369116,0.20970934429815744,4.246295034365354,-0.020103823439534874,-0.05046191183613402,0.6666666666666666,3.0790616132125517,-0.3258423283829032,1.4685434619730313,0.4166666666666666
baseline_mlp_blend_50,25.0,2016-01-31_2016-12-31,12,1.4461177767862807,0.1471553785298949,1.4461177767862807,0.1471553785298949,1.2989623982563858,0.1952479246507167,4.840187751716228,-0.020103823439534874,-0.05046191183613402,0.75,3.4842426044426853,-0.35626499346825463,1.6025885046636277,0.4444444444444444
baseline_mlp_blend_50,25.0,2016-02-29_2017-01-31,12,1.656673535290437,0.12910312615333996,1.656673535290437,0.12910312615333996,1.527570409137097,0.18386613497555282,5.615477143927034,-0.020103823439534985,-0.05046191183613391,0.8333333333333334,4.2875858385306485,-0.1622567178702969,1.7435588446442245,0.4166666666666667
baseline_mlp_blend_50,25.0,2016-03-31_2017-02-28,12,1.2857537704493893,0.1492046756740173,1.2857537704493893,0.1492046756740173,1.136549094775372,0.21058401059143572,4.155469763439339,-0.02991228606075913,-0.05046191183613402,0.75,2.9460318487787993,-0.48402263464998013,1.482798996274131,0.4166666666666667
baseline_mlp_blend_50,25.0,2016-04-30_2017-03-31,12,1.424319896561435,0.17503808646495478,1.424319896561435,0.17503808646495478,1.2492818100964802,0.21203497118359024,4.426724321138702,-0.029912286060758908,-0.05046191183613402,0.75,3.0947111723886738,-0.5049810485592773,1.668140690906033,0.38888888888888884
baseline_mlp_blend_50,25.0,2016-05-31_2017-04-30,12,1.2825531478231524,0.19627580709932912,1.2825531478231524,0.19627580709932912,1.0862773407238233,0.24603782176979436,3.582047069099809,-0.07740512895168505,-0.05046191183613402,0.75,2.4586521918330244,-0.731523561330062,1.6521876775091608,0.4444444444444444
baseline_mlp_blend_50,25.0,2016-06-30_2017-05-31,12,0.8916674345329729,0.16211773486732262,0.8916674345329729,0.16211773486732262,0.7295496996656503,0.2653111220588186,2.5861561695539175,-0.12853860011071683,-0.05046191183613402,0.6666666666666666,1.727191460712181,-1.251042052109147,1.3363521655644228,0.4444444444444445
baseline_mlp_blend_50,25.0,2016-07-31_2017-06-30,12,0.7695135229433749,0.11985678631409691,0.7695135229433749,0.11985678631409691,0.649656736629278,0.2632193443119769,2.3376352489005616,-0.12853860011071672,-0.05046191183613402,0.6666666666666666,1.6184837443663975,-1.5775931698328196,1.1679301340134782,0.47222222222222227
baseline_mlp_blend_50,25.0,2016-08-31_2017-07-31,12,0.5462153224345121,0.08878533946639733,0.5462153224345121,0.08878533946639733,0.45742998296811477,0.28292652869835994,1.6943076975069777,-0.1583447664327441,-0.05046191183613402,0.5833333333333334,1.2037725948563074,-1.8068438320547755,0.8624380733711887,0.5
baseline_mlp_blend_50,25.0,2016-09-30_2017-08-31,12,0.6273583288167432,0.09996258200034913,0.6273583288167432,0.09996258200034913,0.5273957468163941,0.3041084798140024,1.7680104306800806,-0.1583447664327441,-0.05046191183613402,0.5833333333333334,1.2866698261517426,-1.7320509843871434,0.9890039047162666,0.5
baseline_mlp_blend_50,25.0,2016-10-31_2017-09-30,12,0.5472519369025977,0.1075588143605537,0.5472519369025977,0.1075588143605537,0.43969312254204396,0.2957668670183821,1.6328368192636327,-0.1583447664327441,-0.0004923640702735321,0.5833333333333334,1.1297835297791408,-1.709317561433855,0.9060597664493959,0.47222222222222215
baseline_mlp_blend_50,25.0,2016-11-30_2017-10-31,12,0.2868513956271568,0.1559996199134983,0.2868513956271568,0.1559996199134983,0.13085177571365847,0.26951674239933143,1.0645234380969135,-0.1583447664327442,-0.008932388259170088,0.5,0.5189788437067805,0.40391262304318787,0.25298024454462253,0.5
baseline_mlp_blend_50,25.0,2016-12-31_2017-11-30,12,0.25770215283572684,0.19992461049678534,0.25770215283572684,0.19992461049678534,0.0577775423389415,0.2711048450879333,0.9732811454403053,-0.1583447664327441,-0.008932388259169977,0.5,0.2761123727298053,-0.1749229408600242,0.34011779904575024,0.5555555555555556
baseline_mlp_blend_50,25.0,2017-01-31_2017-12-31,12,0.6684682359252672,0.24773371905633135,0.6684682359252672,0.24773371905633135,0.4207345168689358,0.465390107273873,1.307026844450583,-0.1583447664327442,-0.008932388259170088,0.5,0.8451789152977262,1.6589221059172146,0.26083067655683534,0.5277777777777778
baseline_mlp_blend_50,25.0,2017-02-28_2018-01-31,12,0.7038626390937874,0.22472528642954592,0.7038626390937874,0.22472528642954592,0.4791373526642415,0.4688645791554844,1.3472695967051969,-0.1583447664327442,-0.008932388259170088,0.5,0.9232234019537928,1.2467128282933477,0.44500833164024867,0.5
baseline_mlp_blend_50,25.0,2017-03-31_2018-02-28,12,0.7256261361577561,0.11150665310004948,0.7256261361577561,0.11150665310004948,0.6141194830577066,0.4666430399271907,1.3802369298329205,-0.1583447664327442,-0.06307407298992962,0.5833333333333334,1.1910646526756907,1.2947495371710027,0.6320903501755204,0.49999999999999994
baseline_mlp_blend_50,25.0,2017-04-30_2018-03-31,12,0.8566699798005022,0.054403018339003184,0.8566699798005022,0.054403018339003184,0.802266961461499,0.4853706903645551,1.5009256795318275,-0.08773042211809612,-0.09250223900477905,0.5833333333333334,1.3883356649954162,0.6163506049723143,0.9601443063412423,0.5277777777777778
baseline_mlp_blend_50,25.0,2017-05-31_2018-04-30,12,1.2967858373866656,0.042771960341875914,1.2967858373866656,0.042771960341875914,1.2540138770447897,0.4663808422065979,2.030963764275601,-0.05864834070602176,-0.09416874157139277,0.6666666666666666,1.9443063831153287,0.6387497788054917,1.4191350906855762,0.5277777777777778
baseline_mlp_blend_50,25.0,2017-06-30_2018-05-31,12,1.3337793238538551,-0.005226881237519021,1.3337793238538551,-0.005226881237519021,1.339006205091374,0.4618253959043151,2.0839402635642292,-0.05864834070602176,-0.12207676452647664,0.6666666666666666,2.1603115710080845,1.0631332310654387,1.5215105759731404,0.5
baseline_mlp_blend_50,25.0,2017-07-31_2018-06-30,12,1.4101643489005964,0.0163507796990916,1.4101643489005964,0.0163507796990916,1.3938135692015048,0.4587340571314169,2.1711853975175925,-0.040209590815648344,-0.12207676452647676,0.6666666666666666,2.1941939924209146,0.9860181992788988,1.5501924121828408,0.5
baseline_mlp_blend_50,25.0,2017-08-31_2018-07-31,12,1.5453173779625864,0.02633003466478856,1.5453173779625864,0.02633003466478856,1.5189873432977978,0.44374481778609687,2.3634849013576655,-0.040209590815648455,-0.12207676452647653,0.6666666666666666,2.36175435359206,0.9139146286150568,1.659397643859522,0.47222222222222215
baseline_mlp_blend_50,25.0,2017-09-30_2018-08-31,12,1.11829903541696,0.012828519177035869,1.11829903541696,0.012828519177035869,1.105470516239924,0.44759988023314645,1.9048677149641473,-0.040209590815648455,-0.12207676452647664,0.5833333333333334,1.9252066993172865,0.9549494112619322,1.2400307155280714,0.47222222222222227
baseline_mlp_blend_50,25.0,2017-10-31_2018-09-30,12,0.9659870273190374,-0.028994428060318933,0.9659870273190374,-0.028994428060318933,0.9949814553793563,0.456553982287425,1.7010304497214175,-0.050910655063219235,-0.12207676452647676,0.5833333333333334,1.8302227799326,1.1078114801096226,1.1731160353459718,0.5
baseline_mlp_blend_50,25.0,2017-11-30_2018-10-31,12,1.0753057331978253,0.017470333624036494,1.0753057331978253,0.017470333624036494,1.0578353995737888,0.44728602411760454,1.8567086423599777,-0.050910655063219346,-0.12207676452647676,0.5833333333333334,1.8508466678689413,0.8272469287801284,1.1899875528490274,0.5
baseline_mlp_blend_50,25.0,2017-12-31_2018-11-30,12,1.545565694254766,-0.025356283802123625,1.545565694254766,-0.025356283802123625,1.5709219780568895,0.46263757711122966,2.282126828379475,-0.050910655063219123,-0.12207676452647687,0.6666666666666666,2.538523707404087,1.9749441315338685,1.853777634498078,0.5
baseline_mlp_blend_50,25.0,2018-01-31_2018-12-31,12,0.753923137222019,-0.01099995180484914,0.753923137222019,-0.01099995180484914,0.7649230890268681,0.3288167391356181,1.8877843873130473,-0.050910655063219346,-0.12095719505337177,0.5833333333333334,1.8272890014950747,0.15546490747609287,0.8329863486632827,0.5277777777777778
baseline_mlp_blend_50,25.0,2018-02-28_2019-01-31,12,0.5666928988848259,-0.023323412109537922,0.5666928988848259,-0.023323412109537922,0.5900163109943638,0.32071104227175484,1.5603974055057825,-0.050910655063219235,-0.06297476655901424,0.5833333333333334,1.5544087965585283,0.1972795344274732,0.6381682333050613,0.5555555555555556
baseline_mlp_blend_50,25.0,2018-03-31_2019-02-28,12,0.7246949873250186,0.045204178762284775,0.7246949873250186,0.045204178762284775,0.6794908085627338,0.31602194393496547,1.8970845547578157,-0.050910655063219235,-0.032589089243883484,0.5833333333333334,1.6454244090135197,-0.1777295323495671,0.8098034640440313,0.5833333333333334
baseline_mlp_blend_50,25.0,2018-04-30_2019-03-31,12,0.2476441629162427,0.07686204312787948,0.2476441629162427,0.07686204312787948,0.17078211978836322,0.32214639081984664,0.8339473640210178,-0.13467385693345413,-0.031039511736595693,0.5,0.6062682215581484,0.8019473754437045,0.22696538444122005,0.5555555555555555
baseline_mlp_blend_50,25.0,2018-05-31_2019-04-30,12,0.03266993631119686,0.03769148450195714,0.03266993631119686,0.03769148450195714,-0.005021548190760283,0.3023788533988652,0.23812445698110207,-0.18257589321422063,-0.04957195403333192,0.4166666666666667,0.10779763800258632,1.0743781110927733,0.02782182122295085,0.5833333333333334
baseline_mlp_blend_50,25.0,2018-06-30_2019-05-31,12,0.14313622238131085,0.09645960452265201,0.14313622238131085,0.09645960452265201,0.04667661785865884,0.30269253508968474,0.577067589567495,-0.18257589321422074,-0.04957195403333203,0.5,0.2745972699901938,1.0980310287943424,0.07111122160534666,0.6388888888888888
baseline_mlp_blend_50,25.0,2018-07-31_2019-06-30,12,0.0745984534904447,0.07648721996967378,0.0745984534904447,0.07648721996967378,-0.001888766479229087,0.29903548959196136,0.3716877548658775,-0.18257589321422063,-0.04957195403333203,0.4166666666666667,0.11790466110079113,1.0378838383536912,0.03094489357214969,0.6388888888888888
baseline_mlp_blend_50,25.0,2018-08-31_2019-07-31,12,0.13387575197147816,0.051509897202665744,0.13387575197147816,0.051509897202665744,0.08236585476881242,0.30103167687817733,0.5513931673182018,-0.18257589321422074,-0.04957195403333203,0.5,0.38854311031940647,0.9614190400856626,0.12004898180110257,0.6944444444444443
baseline_mlp_blend_50,25.0,2018-09-30_2019-08-31,12,0.13247937384354103,0.032217370272061396,0.13247937384354103,0.032217370272061396,0.10026200357147963,0.3012108441900827,0.5470865828034007,-0.18257589321422074,-0.05569706120271434,0.5,0.4498549725644101,0.9709886162414355,0.13790192406135993,0.6944444444444445
baseline_mlp_blend_50,25.0,2018-10-31_2019-09-30,12,0.2805042442154573,0.0680196854801034,0.2805042442154573,0.0680196854801034,0.21248455873535388,0.31309914185867493,0.9358750406414134,-0.18257589321422052,-0.05569706120271445,0.5,0.7448489064538716,0.9905725185305329,0.24835350197461303,0.6944444444444445
baseline_mlp_blend_50,25.0,2018-11-30_2019-10-31,12,0.2592809118549564,-0.007313909877188718,0.2592809118549564,-0.007313909877188718,0.2665948217321451,0.31366346688219376,0.8801551869083192,-0.18257589321422063,-0.07977064350808971,0.5833333333333334,0.938287709890654,1.0656255679728268,0.3185702689404102,0.6944444444444445
baseline_mlp_blend_50,25.0,2018-12-31_2019-11-30,12,0.15441535395372763,0.01695714726683817,0.15441535395372763,0.01695714726683817,0.13745820668688946,0.25518642650815593,0.6838359781112223,-0.18257589321422074,-0.07977064350808971,0.5833333333333334,0.6414848683170528,0.8973631768545253,0.16669372122325332,0.6666666666666666
baseline_mlp_blend_50,25.0,2019-01-31_2019-12-31,12,0.06020532500122444,-0.0907583313333864,0.06020532500122444,-0.0907583313333864,0.15096365633461084,0.2828410641183317,0.33885846303399186,-0.18257589321422074,-0.08173242622854304,0.5833333333333334,0.8278127604779204,1.9757604294538258,0.3111348071019764,0.6666666666666666
baseline_mlp_blend_50,25.0,2019-02-28_2020-01-31,12,0.18190626100360086,-0.15374678206850467,0.18190626100360086,-0.15374678206850467,0.33565304307210553,0.30497163922503584,0.693158138816119,-0.18257589321422074,-0.157070533612218,0.5833333333333334,1.2595212846343173,0.7170446899537897,0.3781049023852274,0.6666666666666666
baseline_mlp_blend_50,25.0,2019-03-31_2020-02-29,12,0.1290732422173213,-0.2983301643039218,0.1290732422173213,-0.2983301643039218,0.4274034065212431,0.2976571618257972,0.5477646850674613,-0.11476009614026417,-0.2968733323797681,0.5833333333333334,1.460376956540603,0.17109572070627113,0.2429972271678127,0.6666666666666666
baseline_mlp_blend_50,25.0,2019-04-30_2020-03-31,12,0.017265140994427552,-0.26938100433105683,0.017265140994427552,-0.26938100433105683,0.2866461453254844,0.35165540836275044,0.2199764717369997,-0.22036402244016484,-0.2897384073692094,0.5833333333333334,0.8675743100871768,-0.14000635666978362,0.0375480860978612,0.6666666666666666
baseline_mlp_blend_50,25.0,2019-05-31_2020-04-30,12,0.07410015447852314,-0.23441422140073764,0.07410015447852314,-0.23441422140073764,0.3085143758792608,0.3454421164440877,0.3767157609634189,-0.2223751953869436,-0.2897384073692094,0.5833333333333334,0.8851852564672877,-0.1720236264249928,0.09203388613718633,0.638888888888889
baseline_mlp_blend_50,25.0,2019-06-30_2020-05-31,12,0.0038835613060317353,-0.22854562482453433,0.0038835613060317353,-0.22854562482453433,0.23242918613056607,0.3410754248470838,0.17790141060656062,-0.227814704255888,-0.2897384073692095,0.5,0.6925018693743097,-0.24729713165694228,0.0025777083367106712,0.6111111111111112
baseline_mlp_blend_50,25.0,2019-07-31_2020-06-30,12,0.040114762212616784,-0.1941752572672133,0.040114762212616784,-0.1941752572672133,0.23429001947983008,0.3419300326784131,0.28258791990688903,-0.2278147042558878,-0.2827760862119635,0.5,0.6704878637464762,-0.18086186834211285,0.06403553539360507,0.6111111111111112
baseline_mlp_blend_50,25.0,2019-08-31_2020-07-31,12,-0.03331486228551506,-0.1722348942847023,-0.03331486228551506,-0.1722348942847023,0.13892003199918723,0.34027592903773857,0.06632834594077483,-0.2278147042558878,-0.27948217627529803,0.4166666666666667,0.43134540062124177,-0.2028839596747657,-0.010492713420586997,0.5555555555555556
baseline_mlp_blend_50,25.0,2019-09-30_2020-08-31,12,-0.06249779316243398,-0.21057570090232802,-0.06249779316243398,-0.21057570090232802,0.14807790773989404,0.34433540347101693,-0.019663634446122152,-0.2677242549937542,-0.27948217627529803,0.5,0.46854069399768766,-0.13056720850484219,-0.03345248349922203,0.5833333333333334
baseline_mlp_blend_50,25.0,2019-10-31_2020-09-30,12,0.014248806364425493,-0.1766274605970889,0.014248806364425493,-0.1766274605970889,0.19087626696151438,0.3854605491219348,0.21802270959296055,-0.2677242549937543,-0.2794821762752979,0.5,0.5624895848041669,0.08609906459017624,0.10278761647468038,0.611111111111111
baseline_mlp_blend_50,25.0,2019-11-30_2020-10-31,12,-0.007265832500577107,-0.06643817837031618,-0.007265832500577107,-0.06643817837031618,0.059172345869739074,0.38613058845503356,0.1623969390597125,-0.2677242549937543,-0.2794821762752979,0.4166666666666667,0.21381943746731077,0.036365296136514666,0.06591891635398506,0.6388888888888888
baseline_mlp_blend_50,25.0,2019-12-31_2020-11-30,12,0.02433248633428975,-0.050871312509224054,0.02433248633428975,-0.050871312509224054,0.0752037988435138,0.3989085141603612,0.24641023113814803,-0.2677242549937541,-0.2358764964179022,0.4166666666666667,0.2515098198722427,0.10280456863604058,0.10490656753497274,0.6666666666666666
baseline_mlp_blend_50,25.0,2020-01-31_2020-12-31,12,0.3729167075580655,-0.013079995771551722,0.3729167075580655,-0.013079995771551722,0.3859967033296172,0.41117776498344655,0.9717102000101264,-0.2677242549937542,-0.16758179221927783,0.5,0.7672814107069273,-0.07094430203553995,0.48343343436318764,0.6944444444444445
baseline_mlp_blend_50,25.0,2020-02-29_2021-01-31,12,0.6964761184738477,0.14471568274700242,0.6964761184738477,0.14471568274700242,0.5517604357268453,0.538790529782723,1.2324124736249729,-0.2677242549937543,-0.07033476780972703,0.5,0.9034776766337579,0.39060500191548037,0.7944318530996859,0.7222222222222222
baseline_mlp_blend_50,25.0,2020-03-31_2021-02-28,12,0.8209362381936589,0.3187076559568369,0.8209362381936589,0.3187076559568369,0.502228582236822,0.540724313944448,1.3681886153220246,-0.0810625965915357,-0.07033476780972703,0.5,0.832340439078053,0.5650868990382449,0.7527319647844499,0.7222222222222222
baseline_mlp_blend_50,25.0,2020-04-30_2021-03-31,12,1.514712547452218,0.2712264885896778,1.514712547452218,0.2712264885896778,1.2434860588625403,0.44479785123748206,2.331067887906967,-0.0810625965915357,-0.07033476780972714,0.5833333333333334,1.8219570162973187,0.7458814406147127,1.2660435981259655,0.75
baseline_mlp_blend_50,25.0,2020-05-31_2021-04-30,12,1.5716500636309472,0.2511461011810818,1.5716500636309472,0.2511461011810818,1.3205039624498653,0.44042098256875595,2.4055105943413895,-0.08106259659153559,-0.07033476780972703,0.6666666666666666,1.9374941113961281,0.7570745098147544,1.3342376271778957,0.7777777777777778
baseline_mlp_blend_50,25.0,2020-06-30_2021-05-31,12,1.6772028368317398,0.22018559574957508,1.6772028368317398,0.22018559574957508,1.4570172410821647,0.43261859358760474,2.5431061256819083,-0.08106259659153581,-0.07033476780972703,0.75,2.162251467018321,0.8323980033009457,1.4317493229912563,0.8055555555555557
baseline_mlp_blend_50,25.0,2020-07-31_2021-06-30,12,2.0341458279436155,0.1787337447456181,2.0341458279436155,0.1787337447456181,1.8554120831979974,0.4337790281394369,2.8534904900048583,-0.05742544027308716,-0.07033476780972703,0.8333333333333334,2.6212871034787746,0.9500631079830641,1.7835674684713605,0.8055555555555555
baseline_mlp_blend_50,25.0,2020-08-31_2021-07-31,12,1.9289230583480172,0.17406019021811336,1.9289230583480172,0.17406019021811336,1.7548628681299039,0.44583202275652156,2.700511404891476,-0.058887096566657915,-0.0471551797914731,0.8333333333333334,2.4775813523477646,0.9725097069447308,1.6981886874277672,0.8055555555555555
baseline_mlp_blend_50,25.0,2020-09-30_2021-08-31,12,1.518430469761443,0.29094300690606567,1.518430469761443,0.29094300690606567,1.2274874628553774,0.511553353580406,2.0953265885969343,-0.23725486915181127,-0.0471551797914731,0.75,1.5823260917677624,0.5699467222024412,1.4263992662162872,0.8055555555555555
baseline_mlp_blend_50,25.0,2020-10-31_2021-09-30,12,0.9545564618731177,0.285307502281577,0.9545564618731177,0.285307502281577,0.6692489595915407,0.5185947832095419,1.5487411347506905,-0.28957714577656835,-0.04715517979147299,0.6666666666666666,1.0179365671860012,0.1296280171170122,1.1076375893208428,0.75
baseline_mlp_blend_50,25.0,2020-11-30_2021-10-31,12,1.0765708378404786,0.164192612882329,1.0765708378404786,0.164192612882329,0.9123782249581496,0.5115111396462101,1.6903192377285339,-0.28957714577656835,-0.04715517979147299,0.75,1.4002688069171567,0.7934580523618762,1.0478238768802584,0.75
baseline_mlp_blend_50,25.0,2020-12-31_2021-11-30,12,0.6712088875501159,0.10075285366229347,0.6712088875501159,0.10075285366229347,0.5704560338878224,0.5217740779156603,1.2254503971347654,-0.31018283287180715,-0.04715517979147321,0.6666666666666666,1.0342783055445492,0.5519909805661033,0.7683398140854922,0.7222222222222222
baseline_mlp_blend_50,25.0,2021-01-31_2021-12-31,12,0.476028695760915,0.1311417024200292,0.476028695760915,0.1311417024200292,0.3448869933408858,0.5011755633441589,0.9993269494726243,-0.31018283287180715,-0.04715517979147299,0.6666666666666666,0.7607190269686236,1.1130025521269489,0.423797757495463,0.7222222222222222
baseline_mlp_blend_50,25.0,2021-02-28_2022-01-31,12,0.4036274851699768,0.1035559333431273,0.4036274851699768,0.1035559333431273,0.3000715518268495,0.45234851510901103,0.9568320552898985,-0.31018283287180715,-0.008710521467504728,0.6666666666666666,0.712908228190239,-0.35823003090017674,0.5846475327940459,0.6666666666666666
baseline_mlp_blend_50,25.0,2021-03-31_2022-02-28,12,0.39519258134288804,0.1814244316261513,0.39519258134288804,0.1814244316261513,0.21376814971673674,0.45122377476358216,0.9444473205627091,-0.31018283287180703,-0.008710521467504728,0.6666666666666666,0.5721672039337156,0.832110118242032,0.3254738327795941,0.6666666666666666
baseline_mlp_blend_50,25.0,2021-04-30_2022-03-31,12,0.3583214069322662,0.2056999327796627,0.3583214069322662,0.2056999327796627,0.15262147415260352,0.44928500238430885,0.8851918329358213,-0.31018283287180715,-0.008710521467504728,0.6666666666666666,0.4667247093381557,1.072031006161384,0.21211397397365772,0.6388888888888888
baseline_mlp_blend_50,25.0,2021-05-31_2022-04-30,12,0.6817271405511005,0.20202014645819677,0.6817271405511005,0.20202014645819677,0.47970699409290374,0.5038591456585385,1.2713043941363396,-0.31018283287180715,-0.011058901373715124,0.6666666666666666,0.8824685942690461,-0.8961349676889011,1.1861529139330638,0.611111111111111
baseline_mlp_blend_50,25.0,2021-06-30_2022-05-31,12,0.8175948599483369,0.1547230806668567,0.8175948599483369,0.1547230806668567,0.6628717792814802,0.50722249208074,1.4275325807513053,-0.31018283287180715,-0.04389760737316839,0.6666666666666666,1.0966813514021907,-1.0922688516504646,1.349087326145142,0.5555555555555555
baseline_mlp_blend_50,25.0,2021-07-31_2022-06-30,12,0.7010190085302694,0.14515293481688385,0.7010190085302694,0.14515293481688385,0.5558660737133856,0.49500121354395377,1.3112373756502458,-0.2670197543656867,-0.04389760737316839,0.6666666666666666,0.9902066955160914,-1.1716875036575094,1.1939618753071053,0.5555555555555555
baseline_mlp_blend_50,25.0,2021-08-31_2022-07-31,12,0.8134468724683399,0.16719366722844042,0.8134468724683399,0.16719366722844042,0.6462532052398995,0.48328347797998,1.4717374701207662,-0.0956124933093947,-0.04389760737316839,0.6666666666666666,1.0914841206224144,-1.2566250960363012,1.4051973990239128,0.5833333333333334
baseline_mlp_blend_50,25.0,2021-09-30_2022-08-31,12,1.3801816181175588,0.11990803732841937,1.3801816181175588,0.11990803732841937,1.2602735807891394,0.4002791708139711,2.4097014474690117,-0.07151852168115935,-0.04389760737316817,0.75,2.011350272076104,-0.6664098896050907,1.717721325791579,0.5277777777777778
baseline_mlp_blend_50,25.0,2021-10-31_2022-09-30,12,1.4987283995282925,0.07700156092153554,1.4987283995282925,0.07700156092153554,1.421726838606757,0.3837929259718916,2.6340832711555264,-0.07151852168115935,-0.04389760737316828,0.75,2.4150194424197076,0.29916625348583636,1.5840258848572724,0.5277777777777778
baseline_mlp_blend_50,25.0,2021-11-30_2022-10-31,12,1.6131406469282057,0.0837751064100245,1.6131406469282057,0.0837751064100245,1.5293655405181812,0.3815391918731662,2.7751468420880947,-0.022208097712029473,-0.04389760737316839,0.75,2.525975094355181,0.17049839544973172,1.722761929267242,0.5277777777777778
baseline_mlp_blend_50,25.0,2021-12-31_2022-11-30,12,3.0909092149978514,0.04089310124175727,3.0909092149978514,0.04089310124175727,3.050016113756094,0.48811360948818844,3.244934917467314,-0.022208097712029473,-0.052330809109684795,0.8333333333333334,2.959365462659941,-1.8298040301843963,3.747564398858823,0.49999999999999994
baseline_mlp_blend_50,25.0,2022-01-31_2022-12-31,12,2.738495420965012,0.03139589518781816,2.738495420965012,0.03139589518781816,2.7070995257771937,0.5127991222383644,2.9126866810496135,-0.04235333291675236,-0.0538908420070876,0.75,2.6956402936529984,-1.645452774541005,3.295746660804883,0.5277777777777778
baseline_mlp_blend_50,25.0,2022-02-28_2023-01-31,12,1.7041959956049104,-0.006523085673795559,1.7041959956049104,-0.006523085673795559,1.710719081278706,0.49143793523811674,2.2969525895878027,-0.08658502629745746,-0.053890842007087936,0.6666666666666666,2.1144305196745687,-3.6419681458802526,1.902122382006846,0.5833333333333334
baseline_mlp_blend_50,25.0,2022-03-31_2023-02-28,12,1.4859305958428894,-0.03763942955797195,1.4859305958428894,-0.03763942955797195,1.5235700254008613,0.49781490491036234,2.0887982713633715,-0.08658502629745735,-0.05860315994470999,0.6666666666666666,1.9892634655797958,-4.323658998322774,1.3453363192184016,0.5833333333333334
baseline_mlp_blend_50,25.0,2022-04-30_2023-03-31,12,1.1691982674017294,-0.0433257664262765,1.1691982674017294,-0.0433257664262765,1.2125240338280059,0.5261695281682354,1.7224121745599563,-0.15335177082248896,-0.052003665957635614,0.5833333333333334,1.6597734771936308,-5.223164713722409,0.9482142646810847,0.5833333333333333
baseline_mlp_blend_50,25.0,2022-05-31_2023-04-30,12,0.24142295557617355,-0.07213752035282106,0.24142295557617355,-0.07213752035282106,0.3135604759289946,0.5897683208411687,0.6208383515346205,-0.38810307407392297,-0.07596598010903766,0.5,0.7202825858627505,-1.4406629935023416,0.2964104105499774,0.5555555555555555
baseline_mlp_blend_50,25.0,2022-06-30_2023-05-31,12,0.1136906767083079,-0.0361282154897381,0.1136906767083079,-0.0361282154897381,0.149818892198046,0.5824766448651586,0.43124770287826314,-0.38810307407392286,-0.07596598010903755,0.4166666666666667,0.4792114829224799,-1.1407726866314527,0.23369431174179423,0.611111111111111
baseline_mlp_blend_50,25.0,2022-07-31_2023-06-30,12,-0.0167975697169771,-0.0028433046031512976,-0.0167975697169771,-0.0028433046031512976,-0.013954265113825803,0.5789024006443962,0.2123785871424344,-0.40735002538105725,-0.07596598010903743,0.3333333333333333,0.2048295656323025,-1.2515117168660785,0.1304715286549687,0.611111111111111
baseline_mlp_blend_50,25.0,2022-08-31_2023-07-31,12,0.17835078458009535,-0.031389184091800915,0.17835078458009535,-0.031389184091800915,0.20973996867189626,0.6097325147349173,0.5282428829807425,-0.40735002538105713,-0.0655917893195096,0.4166666666666667,0.5617285210637449,-1.2706230094501592,0.32513712222662217,0.611111111111111
baseline_mlp_blend_50,25.0,2022-09-30_2023-08-31,12,0.42854338724132224,-0.014331580574544756,0.42854338724132224,-0.014331580574544756,0.442874967815867,0.6640632429902588,0.8251453438609037,-0.40735002538105713,-0.06559178931950937,0.4166666666666667,0.8263151116064055,-1.261755259866548,0.6841680560056063,0.638888888888889
baseline_mlp_blend_50,25.0,2022-10-31_2023-09-30,12,0.3086285941444644,-0.04883569016310929,0.3086285941444644,-0.04883569016310929,0.3574642843075737,0.6781378380742547,0.6869855303275859,-0.40735002538105725,-0.06327241269436523,0.4166666666666667,0.7491210998411002,-0.326180954088615,0.5561017906745791,0.6666666666666666
baseline_mlp_blend_50,25.0,2022-11-30_2023-10-31,12,0.2834719348776005,-8.074453772832779e-05,0.2834719348776005,-8.074453772832779e-05,0.2835526794153288,0.6766068842518502,0.6574666439808576,-0.40735002538105713,-0.04084242285001627,0.4166666666666667,0.6460001862822499,0.009900714725843075,0.5476894129146959,0.6111111111111112
baseline_mlp_blend_50,25.0,2022-12-31_2023-11-30,12,-0.21026522301152872,0.06162621592425688,-0.21026522301152872,0.06162621592425688,-0.2718914389357856,0.5122085013381371,-0.22318690574276193,-0.3811392082384555,-0.04084242285001627,0.3333333333333333,-0.36120179247182477,1.7854140779439658,-0.2053706993273835,0.6666666666666666
baseline_mlp_blend_50,25.0,2023-01-31_2023-12-31,12,-0.18460139070349268,0.05389394652891433,-0.18460139070349268,0.05389394652891433,-0.238495337232407,0.5109766318252335,-0.16282115135963698,-0.3597355569273819,-0.04084242285001627,0.3333333333333333,-0.2836231628430378,1.7234333099692247,-0.16595582439642242,0.638888888888889
baseline_mlp_blend_50,25.0,2023-02-28_2024-01-31,12,-0.245657911076544,0.06910062416905749,-0.245657911076544,0.06910062416905749,-0.3147585352456015,0.52183811180207,-0.29629617432741584,-0.3597355569273819,-0.04084242285001627,0.3333333333333333,-0.44559290375204513,1.540884346492792,-0.23389989788531118,0.6111111111111112
baseline_mlp_blend_50,25.0,2023-03-31_2024-02-29,12,-0.14644340613764573,0.07105311702696282,-0.14644340613764573,0.07105311702696282,-0.21749652316460855,0.545633942400293,-0.0391008809163511,-0.30000447152097465,-0.04084242285001627,0.3333333333333333,-0.17613325355470524,1.3774842888116265,-0.1146686565177727,0.6111111111111112
baseline_mlp_blend_50,25.0,2023-04-30_2024-03-31,12,-0.1140701268423846,0.04605177038880415,-0.1140701268423846,0.04605177038880415,-0.16012189723118875,0.5409212381966895,0.024691886333486474,-0.25026578483097905,-0.028914327222309355,0.3333333333333333,-0.06749087608612461,1.5865806478773714,-0.062160983158655814,0.6666666666666666
baseline_mlp_blend_50,25.0,2023-05-31_2024-04-30,12,0.2616283654207259,0.05087612226469651,0.2616283654207259,0.05087612226469651,0.21075224315602936,0.44763237605351025,0.7145276396813618,-0.25026578483097905,-0.04720745865673304,0.4166666666666667,0.5784091073915278,-0.3004998751278119,0.39265798515414074,0.6944444444444445
baseline_mlp_blend_50,25.0,2023-06-30_2024-05-31,12,0.25740514752267707,0.06029804021364593,0.25740514752267707,0.06029804021364593,0.19710710730903114,0.4478438595051181,0.7066983101980208,-0.25026578483097905,-0.04720745865673304,0.4166666666666667,0.550557534962356,-0.33241451052130166,0.3944681173484268,0.6666666666666666
baseline_mlp_blend_50,25.0,2023-07-31_2024-06-30,12,0.31816766888519177,0.046802268590376395,0.31816766888519177,0.046802268590376395,0.2713654002948154,0.4434234552680231,0.8190496349459339,-0.25026578483097894,-0.04720745865673304,0.4166666666666667,0.6949311508796154,-0.07416797382798143,0.435224465819569,0.638888888888889
baseline_mlp_blend_50,25.0,2023-08-31_2024-07-31,12,0.13506896356020337,0.10318514893952901,0.13506896356020337,0.10318514893952901,0.031883814620674356,0.40220948136443496,0.4877060012421135,-0.25026578483097917,-0.04720745865673315,0.3333333333333333,0.22610080664959922,0.08138582446639367,0.20481379115995701,0.638888888888889
baseline_mlp_blend_50,25.0,2023-09-30_2024-08-31,12,-0.11097776891417255,0.08473288946892565,-0.11097776891417255,0.08473288946892565,-0.1957106583830982,0.2706358502980447,-0.3081207600306757,-0.21966624906737586,-0.04720745865673315,0.3333333333333333,-0.6146714316193412,0.35681490518350323,-0.10838626477756552,0.638888888888889
baseline_mlp_blend_50,25.0,2023-10-31_2024-09-30,12,0.133908187076774,0.12170948346779942,0.133908187076774,0.12170948346779942,0.01219870360897457,0.2858686214820229,0.5713839463880246,-0.21966624906737597,-0.047207458656732815,0.4166666666666667,0.14439006350115974,-0.09791127969091028,0.1897841459369769,0.611111111111111
baseline_mlp_blend_50,25.0,2023-11-30_2024-10-31,12,-0.06466252262394767,0.004734660022875703,-0.06466252262394767,0.004734660022875703,-0.06939718264682337,0.3046475828099122,-0.08042794335383692,-0.12752055576906884,-0.07254414974326939,0.3333333333333333,-0.11219422560108633,0.4026477127024967,-0.0281950164046747,0.611111111111111
baseline_mlp_blend_50,25.0,2023-12-31_2024-11-30,12,0.1456356875094731,-0.026522408525777696,0.1456356875094731,-0.026522408525777696,0.17215809603525078,0.2963211760930584,0.5959369103274764,-0.11760873773576885,-0.07702368625268241,0.4166666666666667,0.6873234566918811,0.7048041612447823,0.20982588962950754,0.6388888888888888
baseline_mlp_blend_50,25.0,2024-01-31_2024-12-31,12,0.2124716259536803,-0.013699490369203038,0.2124716259536803,-0.013699490369203038,0.22617111632288334,0.296425216357483,0.7903275403207469,-0.11519416509671776,-0.07702368625268208,0.5,0.8411094961750106,0.7010411963290102,0.2687967862768852,0.5833333333333333
baseline_mlp_blend_50,25.0,2024-02-29_2025-01-31,12,-0.004539488698452887,-0.14290566323586873,-0.004539488698452887,-0.14290566323586873,0.13836617453741584,0.4000792049884947,0.19081342201204599,-0.2755412676889102,-0.18252959118595857,0.5,0.7172671704225869,1.9124511300615108,0.4085178007110788,0.5833333333333334
baseline_mlp_blend_50,25.0,2024-03-31_2025-02-28,12,-0.26399004998228903,-0.10676537761977256,-0.26399004998228903,-0.10676537761977256,-0.15722467236251647,0.3973630446025609,-0.5599861858591454,-0.3858025043891605,-0.1825295911859588,0.4166666666666667,-0.3695620841831511,1.3997528301452662,-0.07979659755560287,0.5833333333333334
baseline_mlp_blend_50,25.0,2024-04-30_2025-03-31,12,-0.14519549032352985,-0.06461005552580057,-0.14519549032352985,-0.06461005552580057,-0.08058543479772928,0.4130936660456334,-0.16772889098454935,-0.3858025043891605,-0.18252959118595868,0.5,-0.04846488369523835,1.48633844450774,0.00941486624814325,0.5277777777777778
baseline_mlp_blend_50,25.0,2024-05-31_2025-04-30,12,-0.19885107780121813,0.02942056800377868,-0.19885107780121813,0.02942056800377868,-0.22827164580499681,0.41217442895238193,-0.3248410234593069,-0.3858025043891605,-0.18252959118595857,0.4166666666666667,-0.5210638899074354,1.3524183713381603,-0.1770764371635769,0.5277777777777778
baseline_mlp_blend_50,25.0,2024-06-30_2025-05-31,12,-0.28088618303897894,-0.019239253194651806,-0.28088618303897894,-0.019239253194651806,-0.26164692984432714,0.42200910161303173,-0.5596613264329989,-0.4142511045118066,-0.18252959118595835,0.4166666666666667,-0.6721137301262381,1.4000971563715052,-0.20775642647169834,0.5277777777777778
baseline_mlp_blend_50,25.0,2024-07-31_2025-06-30,12,-0.3288677497280752,0.03150250800801424,-0.3288677497280752,0.03150250800801424,-0.36037025773608944,0.4217119535130279,-0.7203319030856741,-0.44622903394250446,-0.1825295911859589,0.4166666666666667,-0.9692804819265455,1.0855117143071469,-0.3041276328161864,0.5555555555555556
baseline_mlp_blend_50,25.0,2024-08-31_2025-07-31,12,-0.17850948913857634,0.02082724764079913,-0.17850948913857634,0.02082724764079913,-0.19933673677937547,0.5122472130199367,-0.14016337489806238,-0.44622903394250446,-0.1720911800730176,0.5,-0.2487772686844602,1.3901384350397727,-0.11805081087256808,0.5833333333333334
baseline_mlp_blend_50,25.0,2024-09-30_2025-08-31,12,0.03595358591521691,0.07082064647411035,0.03595358591521691,0.07082064647411035,-0.03486706055889344,0.5840969663764247,0.32853597469209883,-0.44622903394250446,-0.1720911800730176,0.5,0.2070873826928979,1.5823783046717737,0.056750066807295996,0.5555555555555555
baseline_mlp_blend_50,25.0,2024-10-31_2025-09-30,12,0.11959587673020544,0.07787885846139209,0.11959587673020544,0.07787885846139209,0.041717018268813355,0.6124754296508875,0.46391588210058415,-0.44622903394250435,-0.11858833109117162,0.5,0.3543599658461467,1.6189779057796427,0.14217127344340708,0.5833333333333334
baseline_mlp_blend_50,25.0,2024-11-30_2025-10-31,12,0.8454924612112744,0.1960061542824556,0.8454924612112744,0.1960061542824556,0.6494863069288188,0.7282884506985727,1.1778384726935338,-0.44622903394250446,-0.11795970406671652,0.5833333333333334,0.9974642085455266,1.874038588627149,0.6176140960173193,0.5833333333333333
baseline_mlp_blend_50,25.0,2024-12-31_2025-11-30,12,0.7884987061054796,0.22133541890163522,0.7884987061054796,0.22133541890163522,0.5671632872038443,0.7278582119800405,1.1320541097187997,-0.44622903394250446,-0.11795970406671652,0.5833333333333334,0.917220146115861,1.9239831290870704,0.49155780802625215,0.5277777777777777
baseline_mlp_blend_50,25.0,2025-01-31_2025-12-31,12,0.5550310146275828,0.17166648362633885,0.5550310146275828,0.17166648362633885,0.3833645310012439,0.7450222380596785,0.9226205554897009,-0.2356073005139777,-0.03669877287899381,0.5,0.7630791475528753,2.010694585021876,0.38917089395781645,0.611111111111111
baseline_mlp_blend_50,25.0,2025-02-28_2026-01-31,12,0.8525608674393166,0.31334945156909844,0.8525608674393166,0.31334945156909844,0.5392114158702181,0.6881980928933827,1.200215775773392,-0.21473441887573763,-0.04758367670999886,0.5,0.8227119205849864,1.703371640904083,0.4041899537445566,0.6388888888888888
baseline_mlp_blend_50,25.0,2025-03-31_2026-02-28,12,0.7820657274863732,0.08257309459079365,0.7820657274863732,0.08257309459079365,0.6994926328955795,0.7001537817484835,1.1336437605561627,-0.3595839847586707,-0.18488813271044613,0.5,1.1229668435331963,1.764605974586286,0.8245734735978361,0.6388888888888888
baseline_mlp_blend_50,25.0,2025-04-30_2026-03-31,12,0.7353222336095395,0.028079656548997578,0.7353222336095395,0.028079656548997578,0.7072425770605419,0.6991079593106503,1.0939713414030614,-0.3595839847586706,-0.19546042589812018,0.5,1.159602917796542,1.7614525462214743,0.9379656701953742,0.6666666666666666
baseline_mlp_blend_50,25.0,2025-05-31_2026-04-30,12,0.7277263663703388,-0.14610708694572017,0.7277263663703388,-0.14610708694572017,0.873833453316059,0.6997734525954233,1.0868971238456546,-0.3595839847586707,-0.29138146686445754,0.5833333333333334,1.5010529739703231,1.8003376852135142,1.6072449314159756,0.6111111111111112
baseline_mlp_blend_50,25.0,2025-06-30_2026-05-31,12,1.0206960982944646,-0.18541351506394133,1.0206960982944646,-0.18541351506394133,1.206109613358406,0.6763860834323955,1.3492746678004344,-0.3595839847586707,-0.34737666250868915,0.6666666666666666,1.8935626631406033,1.6192414195047604,2.132054441495689,0.5833333333333334
baseline_mlp_blend_50,25.0,2025-07-31_2026-06-30,12,1.3248945744316525,-0.1667764227923394,1.3248945744316525,-0.1667764227923394,1.4916709972239919,0.661200014803166,1.5955134123256085,-0.3595839847586706,-0.34737666250868904,0.6666666666666666,2.2537218744172893,1.7067179892829638,2.477406529364919,0.5555555555555555
baseline_mlp_blend_50,25.0,2025-08-31_2026-07-31,11,0.8343752327593856,-0.20361006057922837,0.9383921786318106,-0.2199234939209873,1.1583156725527979,0.6623661248629602,1.297084540021685,-0.3595839847586706,-0.34737666250868904,0.6363636363636364,1.9750504827732338,1.6117780462348934,2.157389559579356,0.5151515151515151
online_best,25.0,2015-02-28_2016-01-31,12,0.016054624861049138,-0.12464244015822579,0.016054624861049138,-0.12464244015822579,0.14069706501927493,0.016054624861049124,0.9999999999999999,0.0,-0.2346154234110902,0.5,0.894870625059392,0.031091630560304142,0.019993539340658062,0.08333333333333333
online_best,25.0,2015-03-31_2016-02-29,12,0.1456100266047473,-0.12200466014015787,0.1456100266047473,-0.12200466014015787,0.2676146867449052,0.1270587221478781,1.1298943212581853,0.0,-0.1902603904171294,0.5833333333333334,1.452200099992954,0.17298260723207676,0.1768407554146263,0.1111111111111111
online_best,25.0,2015-04-30_2016-03-31,12,0.20085260995707177,-0.048726200591690305,0.20085260995707177,-0.048726200591690305,0.24957881054876208,0.13118883249120883,1.4618929957623228,0.0,-0.19026039041712928,0.5833333333333334,1.3506094577540857,0.17645712401822078,0.21819221520111554,0.16666666666666666
online_best,25.0,2015-05-31_2016-04-30,12,0.1767108811095901,-0.08042168629585977,0.1767108811095901,-0.08042168629585977,0.2571325674054499,0.13533547311983932,1.2685529369641124,-0.020103823439534874,-0.13984875260474772,0.5833333333333334,1.4616447767646,0.22146061847523127,0.2054364904706265,0.16666666666666666
online_best,25.0,2015-06-30_2016-05-31,12,0.3411674360822743,0.021583559353247406,0.3411674360822743,0.021583559353247406,0.3195838767290269,0.1829914750159937,1.70193577523588,-0.020103823439534874,-0.12048239811387595,0.5833333333333334,1.560391839351061,0.5233731003101492,0.3397451638808946,0.2222222222222222
online_best,25.0,2015-07-31_2016-06-30,12,0.47098445075845286,0.08609325121736311,0.47098445075845286,0.08609325121736311,0.38489119954108975,0.19332347046120305,2.1116617505573845,-0.020103823439534874,-0.06335332759593715,0.5833333333333334,1.725057385692606,0.6007429535701245,0.41678328872435344,0.25
online_best,25.0,2015-08-31_2016-07-31,12,0.5846884322973278,0.19435729107699262,0.5846884322973278,0.19435729107699262,0.3903311412203352,0.19393695820481208,2.5035540615871867,-0.020103823439534874,-0.010009943632593221,0.5833333333333334,1.66021163022344,0.6908874973632205,0.4228721545091976,0.2777777777777778
online_best,25.0,2015-09-30_2016-08-31,12,0.7605524478911019,0.27010420996995776,0.7605524478911019,0.27010420996995776,0.4904482379211441,0.2003261366427811,2.9776877812374747,-0.020103823439534874,-0.010009943632593332,0.5833333333333334,1.7664091468312033,0.5284760194668172,0.5818884089966856,0.3333333333333333
online_best,25.0,2015-10-31_2016-09-30,12,0.9573750173247304,0.2171792753369357,0.9573750173247304,0.2171792753369357,0.7401957419877947,0.2012558960820926,3.519422867992727,-0.020103823439534874,-0.010009943632593221,0.6666666666666666,2.698026603104783,1.0617186027749512,0.6254932935289161,0.3888888888888889
online_best,25.0,2015-11-30_2016-10-31,12,1.2799245594300053,0.15802517726789156,1.2799245594300053,0.15802517726789156,1.1218993821621137,0.2154923226800612,4.051612513042354,-0.020103823439534874,-0.05046191183613391,0.6666666666666666,2.8933756278977714,-0.39326232396769845,1.4553313003157884,0.4166666666666667
online_best,25.0,2015-12-31_2016-11-30,12,1.3195869394444277,0.15325670090751609,1.3195869394444277,0.15325670090751609,1.1663302385369116,0.20970934429815744,4.246295034365354,-0.020103823439534874,-0.05046191183613402,0.6666666666666666,3.0790616132125517,-0.3258423283829032,1.4685434619730313,0.4166666666666666
online_best,25.0,2016-01-31_2016-12-31,12,1.4461177767862807,0.1471553785298949,1.4461177767862807,0.1471553785298949,1.2989623982563858,0.1952479246507167,4.840187751716228,-0.020103823439534874,-0.05046191183613402,0.75,3.4842426044426853,-0.35626499346825463,1.6025885046636277,0.4444444444444444
online_best,25.0,2016-02-29_2017-01-31,12,1.656673535290437,0.12910312615333996,1.656673535290437,0.12910312615333996,1.527570409137097,0.18386613497555282,5.615477143927034,-0.020103823439534985,-0.05046191183613391,0.8333333333333334,4.2875858385306485,-0.1622567178702969,1.7435588446442245,0.4166666666666667
online_best,25.0,2016-03-31_2017-02-28,12,1.2857537704493893,0.1492046756740173,1.2857537704493893,0.1492046756740173,1.136549094775372,0.21058401059143572,4.155469763439339,-0.02991228606075913,-0.05046191183613402,0.75,2.9460318487787993,-0.48402263464998013,1.482798996274131,0.4166666666666667
online_best,25.0,2016-04-30_2017-03-31,12,1.424319896561435,0.17503808646495478,1.424319896561435,0.17503808646495478,1.2492818100964802,0.21203497118359024,4.426724321138702,-0.029912286060758908,-0.05046191183613402,0.75,3.0947111723886738,-0.5049810485592773,1.668140690906033,0.38888888888888884
online_best,25.0,2016-05-31_2017-04-30,12,1.2825531478231524,0.19627580709932912,1.2825531478231524,0.19627580709932912,1.0862773407238233,0.24603782176979436,3.582047069099809,-0.07740512895168505,-0.05046191183613402,0.75,2.4586521918330244,-0.731523561330062,1.6521876775091608,0.4444444444444444
online_best,25.0,2016-06-30_2017-05-31,12,0.8916674345329729,0.16211773486732262,0.8916674345329729,0.16211773486732262,0.7295496996656503,0.2653111220588186,2.5861561695539175,-0.12853860011071683,-0.05046191183613402,0.6666666666666666,1.727191460712181,-1.251042052109147,1.3363521655644228,0.4444444444444445
online_best,25.0,2016-07-31_2017-06-30,12,0.7695135229433749,0.11985678631409691,0.7695135229433749,0.11985678631409691,0.649656736629278,0.2632193443119769,2.3376352489005616,-0.12853860011071672,-0.05046191183613402,0.6666666666666666,1.6184837443663975,-1.5775931698328196,1.1679301340134782,0.47222222222222227
online_best,25.0,2016-08-31_2017-07-31,12,0.5462153224345121,0.08878533946639733,0.5462153224345121,0.08878533946639733,0.45742998296811477,0.28292652869835994,1.6943076975069777,-0.1583447664327441,-0.05046191183613402,0.5833333333333334,1.2037725948563074,-1.8068438320547755,0.8624380733711887,0.5
online_best,25.0,2016-09-30_2017-08-31,12,0.6273583288167432,0.09996258200034913,0.6273583288167432,0.09996258200034913,0.5273957468163941,0.3041084798140024,1.7680104306800806,-0.1583447664327441,-0.05046191183613402,0.5833333333333334,1.2866698261517426,-1.7320509843871434,0.9890039047162666,0.5
online_best,25.0,2016-10-31_2017-09-30,12,0.5472519369025977,0.1075588143605537,0.5472519369025977,0.1075588143605537,0.43969312254204396,0.2957668670183821,1.6328368192636327,-0.1583447664327441,-0.0004923640702735321,0.5833333333333334,1.1297835297791408,-1.709317561433855,0.9060597664493959,0.47222222222222215
online_best,25.0,2016-11-30_2017-10-31,12,0.2868513956271568,0.1559996199134983,0.2868513956271568,0.1559996199134983,0.13085177571365847,0.26951674239933143,1.0645234380969135,-0.1583447664327442,-0.008932388259170088,0.5,0.5189788437067805,0.40391262304318787,0.25298024454462253,0.5
online_best,25.0,2016-12-31_2017-11-30,12,0.25770215283572684,0.19992461049678534,0.25770215283572684,0.19992461049678534,0.0577775423389415,0.2711048450879333,0.9732811454403053,-0.1583447664327441,-0.008932388259169977,0.5,0.2761123727298053,-0.1749229408600242,0.34011779904575024,0.5555555555555556
online_best,25.0,2017-01-31_2017-12-31,12,0.6684682359252672,0.24773371905633135,0.6684682359252672,0.24773371905633135,0.4207345168689358,0.465390107273873,1.307026844450583,-0.1583447664327442,-0.008932388259170088,0.5,0.8451789152977262,1.6589221059172146,0.26083067655683534,0.5277777777777778
online_best,25.0,2017-02-28_2018-01-31,12,0.7337428356088773,0.22472528642954592,0.7337428356088773,0.22472528642954592,0.5090175491793314,0.4726812007981944,1.378200698282137,-0.1583447664327442,-0.008932388259170088,0.5,0.9563035486685628,1.1728468324829526,0.49488505713891584,0.5
online_best,25.0,2017-03-31_2018-02-28,12,0.7558879934676814,0.11150665310004948,0.7558879934676814,0.11150665310004948,0.644381340367632,0.4704303642111807,1.4111345180851282,-0.1583447664327442,-0.06307407298992962,0.5833333333333334,1.2230684156190688,1.2742752152666357,0.6669611706259082,0.49999999999999994
online_best,25.0,2017-04-30_2018-03-31,12,0.8892299189571076,0.054403018339003184,0.8892299189571076,0.054403018339003184,0.8348269006181044,0.4887027153168501,1.5311310503193387,-0.08773042211809612,-0.09250223900477905,0.5833333333333334,1.4186398201927246,0.6057077889554011,0.998264864591466,0.5277777777777778
online_best,25.0,2017-05-31_2018-04-30,12,1.1513541960619,0.042771960341875914,1.1513541960619,0.042771960341875914,1.1085822357200241,0.4649544373878458,1.884646659782777,-0.05864834070602176,-0.09416874157139277,0.6666666666666666,1.8004919209382524,0.6756081187506421,1.2607407275884635,0.49999999999999994
online_best,25.0,2017-06-30_2018-05-31,12,1.454578166275879,-0.005226881237519021,1.454578166275879,-0.005226881237519021,1.459805047513398,0.44339250946949393,2.2765579693774507,-0.05864834070602176,-0.12207676452647664,0.75,2.3195596785854704,0.7805115428155085,1.634062861307679,0.5
online_best,25.0,2017-07-31_2018-06-30,12,1.4078016079087141,0.0163507796990916,1.4078016079087141,0.0163507796990916,1.3914508282096225,0.4466091235543167,2.2163833010794183,-0.03671813752604358,-0.12207676452647676,0.6666666666666666,2.1839169362084427,0.6182487141994537,1.5553715913001191,0.47222222222222215
online_best,25.0,2017-08-31_2018-07-31,12,1.3568727460360437,0.02633003466478856,1.3568727460360437,0.02633003466478856,1.3305427113712551,0.4538584192305196,2.1371111928225974,-0.07855943656720954,-0.12207676452647653,0.6666666666666666,2.0637814035962836,0.4881470652614733,1.5043851833331687,0.47222222222222215
online_best,25.0,2017-09-30_2018-08-31,12,0.9851471542551233,0.012828519177035869,0.9851471542551233,0.012828519177035869,0.9723186350780875,0.4521150408860262,1.7374501559470001,-0.09250927314440394,-0.12207676452647664,0.5833333333333334,1.6968215737382062,0.5169900599099054,1.1202375605388166,0.47222222222222227
online_best,25.0,2017-10-31_2018-09-30,12,0.9010309085219201,-0.028994428060318933,0.9010309085219201,-0.028994428060318933,0.9300253365822391,0.45523006641465524,1.6271693624351764,-0.09250927314440383,-0.12207676452647676,0.5833333333333334,1.6900567359359242,0.6084420730966429,1.0788253374391652,0.47222222222222227
online_best,25.0,2017-11-30_2018-10-31,12,1.0048506332258742,0.017470333624036494,1.0048506332258742,0.017470333624036494,0.9873802996018377,0.4464318837691505,1.7777457052643475,-0.09250927314440394,-0.12207676452647676,0.5833333333333334,1.7063659129569355,0.38238958553127184,1.1375207535980683,0.49999999999999994
online_best,25.0,2017-12-31_2018-11-30,12,1.6023270574862782,-0.025356283802123625,1.6023270574862782,-0.025356283802123625,1.6276833412884018,0.4906130944167731,2.2216574091100125,-0.09250927314440383,-0.12207676452647687,0.6666666666666666,2.382523472175956,1.5113102182873301,1.919253934725302,0.5277777777777778
online_best,25.0,2018-01-31_2018-12-31,12,0.9290770318166388,-0.01099995180484914,0.9290770318166388,-0.01099995180484914,0.940076983621488,0.3582900623094652,2.032004199043186,-0.09250927314440383,-0.12095719505337177,0.5833333333333334,1.9617933706464514,0.0759457816509879,1.0282452602898524,0.5833333333333334
online_best,25.0,2018-02-28_2019-01-31,12,0.6851564909925376,-0.023323412109537922,0.6851564909925376,-0.023323412109537922,0.7084799031020755,0.3495478304481232,1.6680267087848177,-0.09250927314440383,-0.06297476655901424,0.5833333333333334,1.6523822718063546,0.13248961967176565,0.7709779869712814,0.6111111111111112
online_best,25.0,2018-03-31_2019-02-28,12,0.8551057165969245,0.045204178762284775,0.8551057165969245,0.045204178762284775,0.8099015378346397,0.3430883172368036,1.9882308823710189,-0.09250927314440394,-0.032589089243883484,0.5833333333333334,1.7393477188340665,-0.3279705202857688,0.9708634947717396,0.638888888888889
online_best,25.0,2018-04-30_2019-03-31,12,0.3419832700357559,0.07686204312787948,0.3419832700357559,0.07686204312787948,0.26512122690787643,0.35579229156041997,0.9872939372009928,-0.13467385693345413,-0.031039511736595693,0.5,0.7732362246755264,0.595414818584416,0.3514305761858285,0.6111111111111112
online_best,25.0,2018-05-31_2019-04-30,12,0.11077381416146226,0.03769148450195714,0.11077381416146226,0.03769148450195714,0.07308232965950512,0.38849510566671897,0.4382656185261693,-0.24751734253900592,-0.04957195403333192,0.4166666666666667,0.34840316769695945,1.2371215767856092,0.12569662803133674,0.6666666666666666
online_best,25.0,2018-06-30_2019-05-31,12,-0.03326657859177529,0.09645960452265201,-0.03326657859177529,0.09645960452265201,-0.1297261831144273,0.38870369857899245,0.07849469633482355,-0.2942032347044594,-0.04957195403333203,0.3333333333333333,-0.18045395418816876,1.5532254392494227,-0.11282784134142088,0.6944444444444443
online_best,25.0,2018-07-31_2019-06-30,12,-0.01359362581139767,0.07648721996967378,-0.01359362581139767,0.07648721996967378,-0.09008084578107145,0.389465208377226,0.13092746325727622,-0.2942032347044594,-0.04957195403333203,0.4166666666666667,-0.0730467827534229,1.593880148889887,-0.07045404786022946,0.7222222222222222
online_best,25.0,2018-08-31_2019-07-31,12,0.1288931293734945,0.051509897202665744,0.1288931293734945,0.051509897202665744,0.07738323217082876,0.3812496639174504,0.4828702282541601,-0.2942032347044594,-0.04957195403333203,0.5,0.3641354049453445,1.5676781322055313,0.1038125646079775,0.75
online_best,25.0,2018-09-30_2019-08-31,12,0.1716459130251906,0.032217370272061396,0.1716459130251906,0.032217370272061396,0.13942854275312921,0.37981842433154567,0.5828895457471925,-0.2942032347044595,-0.05569706120271434,0.5833333333333334,0.5181446692619663,1.375338772545723,0.1861730290061756,0.7222222222222222
online_best,25.0,2018-10-31_2019-09-30,12,0.2106580020829525,0.0680196854801034,0.2106580020829525,0.0680196854801034,0.1426383166028491,0.3807153736262896,0.6700485936149211,-0.2942032347044595,-0.05569706120271445,0.5833333333333334,0.5177710509183734,1.507054031538364,0.1606613453289103,0.7222222222222223
online_best,25.0,2018-11-30_2019-10-31,12,0.16581505393291618,-0.007313909877188718,0.16581505393291618,-0.007313909877188718,0.1731289638101049,0.3825480614427798,0.5679164681359863,-0.2942032347044595,-0.07977064350808971,0.6666666666666666,0.6197127151619161,1.6450650215292009,0.24719995277943596,0.7222222222222222
online_best,25.0,2018-12-31_2019-11-30,12,-0.02604266502289243,0.01695714726683817,-0.02604266502289243,0.01695714726683817,-0.0429998122897306,0.25522146588740274,0.018996169999840565,-0.2942032347044594,-0.07977064350808971,0.6666666666666666,-0.07186524590152558,1.0352532197973117,-0.017321223596949764,0.6944444444444443
online_best,25.0,2019-01-31_2019-12-31,12,-0.1693896232990636,-0.0907583313333864,-0.1693896232990636,-0.0907583313333864,-0.0786312919656772,0.2761064174745165,-0.5352388786135897,-0.2942032347044594,-0.08173242622854304,0.6666666666666666,-0.24109674083550955,1.4554722844887684,-0.01643522982459844,0.6944444444444443
online_best,25.0,2019-02-28_2020-01-31,12,-0.09839463598130471,-0.15374678206850467,-0.09839463598130471,-0.15374678206850467,0.05535214608719996,0.29356818012188884,-0.21175586033278793,-0.2942032347044594,-0.157070533612218,0.6666666666666666,0.3254034966715732,0.45406739966711723,0.00984152806203098,0.7222222222222223
online_best,25.0,2019-03-31_2020-02-29,12,-0.19113394789803684,-0.2983301643039218,-0.19113394789803684,-0.2983301643039218,0.10719621640588495,0.278395400875124,-0.6229072252267132,-0.18435751542841927,-0.2968733323797681,0.6666666666666666,0.4942061722532874,0.20338583440202984,-0.1012667905175445,0.75
online_best,25.0,2019-04-30_2020-03-31,12,-0.1318534555548141,-0.26938100433105683,-0.1318534555548141,-0.26938100433105683,0.13752754877624274,0.25473712031958184,-0.43180257715064607,-0.13340870857099085,-0.2897384073692094,0.6666666666666666,0.5838553841619655,0.16019530590470377,-0.06189718570567637,0.8055555555555557
online_best,25.0,2019-05-31_2020-04-30,12,-0.004240167219615731,-0.23441422140073764,-0.004240167219615731,-0.23441422140073764,0.2301740541811219,0.21775596374732387,0.08188043092841651,-0.13564419411988937,-0.2897384073692094,0.6666666666666666,0.9135676033091542,0.10751936240318127,0.04483159258121394,0.7777777777777777
online_best,25.0,2019-06-30_2020-05-31,12,0.17366141754401565,-0.22854562482453433,0.17366141754401565,-0.22854562482453433,0.40220704236855,0.22863042292702215,0.81093593408415,-0.13564419411988926,-0.2897384073692095,0.75,1.5965592670683255,0.30669893839570095,0.29012776720282707,0.7777777777777777
online_best,25.0,2019-07-31_2020-06-30,12,0.1635531626981721,-0.1941752572672133,0.1635531626981721,-0.1941752572672133,0.3577284199653854,0.22831819657003427,0.7733084288109751,-0.13564419411988937,-0.2827760862119635,0.6666666666666666,1.3505785445080696,0.2773045614976383,0.2549980778460066,0.7777777777777777
online_best,25.0,2019-08-31_2020-07-31,12,0.06248889252628187,-0.1722348942847023,0.06248889252628187,-0.1722348942847023,0.23472378681098416,0.22925799221846094,0.37060673696590374,-0.13564419411988937,-0.27948217627529803,0.5833333333333334,0.8825538133987242,0.2326741788026154,0.13010968195203754,0.7777777777777778
online_best,25.0,2019-09-30_2020-08-31,12,-0.011245376683226449,-0.21057570090232802,-0.011245376683226449,-0.21057570090232802,0.19933032421910157,0.2350688997636986,0.059680775357602966,-0.13564419411988937,-0.27948217627529803,0.5833333333333334,0.7950734319705391,0.2822527539840564,0.07532262331047512,0.8055555555555555
online_best,25.0,2019-10-31_2020-09-30,12,-0.034050063041707435,-0.1766274605970889,-0.034050063041707435,-0.1766274605970889,0.14257739755538146,0.23125872940158174,-0.04365457902334137,-0.13564419411988937,-0.2794821762752979,0.5,0.5469017837281291,0.2667427598714996,0.034435334055807454,0.861111111111111
online_best,25.0,2019-11-30_2020-10-31,12,-0.031062191283348417,-0.06643817837031618,-0.031062191283348417,-0.06643817837031618,0.035375987086967764,0.23105844642144904,-0.030521978295336316,-0.13564419411988937,-0.2794821762752979,0.4166666666666667,0.09342154084201033,0.19746194996726293,1.1659081103676527e-05,0.861111111111111
online_best,25.0,2019-12-31_2020-11-30,12,-0.11331872986396885,-0.050871312509224054,-0.11331872986396885,-0.050871312509224054,-0.062447417354744794,0.21451510291942602,-0.459599134027825,-0.10115217438942103,-0.2358764964179022,0.3333333333333333,-0.2542303863692721,0.11748905015734176,-0.09229002965254707,0.888888888888889
online_best,25.0,2020-01-31_2020-12-31,12,0.16485324407254742,-0.013079995771551722,0.16485324407254742,-0.013079995771551722,0.17793323984409914,0.24082652957523606,0.7427229632300163,-0.10115217438942103,-0.16758179221927783,0.4166666666666667,0.44243936056724936,-0.03789012574534026,0.1951429837782359,0.9166666666666666
online_best,25.0,2020-02-29_2021-01-31,12,0.4270524739638035,0.14471568274700242,0.4270524739638035,0.14471568274700242,0.2823367912168011,0.39567961874084284,1.0705955509785412,-0.08854961088249214,-0.07033476780972703,0.4166666666666667,0.6191133184820357,0.3661041510666524,0.4296900829802732,0.8611111111111112
online_best,25.0,2020-03-31_2021-02-28,12,0.8175226502165795,0.3187076559568369,0.8175226502165795,0.3187076559568369,0.49881499425974263,0.4352073145314646,1.5834059080251448,-0.08854961088249214,-0.07033476780972703,0.4166666666666667,0.831008795463982,-0.19028144511446032,1.0597322152076263,0.8333333333333334
online_best,25.0,2020-04-30_2021-03-31,12,0.9236270150658497,0.2712264885896778,0.9236270150658497,0.2712264885896778,0.6524005264761719,0.42085943152398353,1.7662158648398563,-0.08854961088249202,-0.07033476780972714,0.4166666666666667,1.0718422145080009,-0.042517965064740565,1.0780398924636327,0.7777777777777778
online_best,25.0,2020-05-31_2021-04-30,12,1.0354979958016215,0.2511461011810818,1.0354979958016215,0.2511461011810818,0.7843518946205397,0.4151160411776913,1.9303875979920218,-0.08854961088249214,-0.07033476780972703,0.5,1.2425162250595159,-0.0640798515902142,1.203558527522555,0.7777777777777777
online_best,25.0,2020-06-30_2021-05-31,12,1.0557952300283198,0.22018559574957508,1.0557952300283198,0.22018559574957508,0.8356096342787447,0.4163832177165294,1.9509883725951411,-0.08854961088249214,-0.07033476780972703,0.5,1.3122465017593912,-0.10656535666621601,1.24195865963314,0.7222222222222222
online_best,25.0,2020-07-31_2021-06-30,12,1.8208610796622722,0.1787337447456181,1.8208610796622722,0.1787337447456181,1.642127334916654,0.5252435124433193,2.2679541507893854,-0.05347828810221433,-0.07033476780972703,0.5833333333333334,1.8311786326896653,-0.05158288444507918,2.1395987116446658,0.7222222222222222
online_best,25.0,2020-08-31_2021-07-31,12,1.9892784990127659,0.17406019021811336,1.9892784990127659,0.17406019021811336,1.8152183087946525,0.5119436015662646,2.4391754215132755,-0.02622761505252802,-0.0471551797914731,0.6666666666666666,1.9912273563228975,-0.032650601619190533,2.2972062016556407,0.6666666666666666
online_best,25.0,2020-09-30_2021-08-31,12,1.4776388279594386,0.29094300690606567,1.4776388279594386,0.29094300690606567,1.186695821053373,0.5855630274272324,1.854472463828305,-0.2115862860692198,-0.0471551797914731,0.5833333333333334,1.304697827123744,-0.8648967598117707,2.4871986457384674,0.6666666666666666
online_best,25.0,2020-10-31_2021-09-30,12,1.3388659471296895,0.285307502281577,1.3388659471296895,0.285307502281577,1.0535584448481126,0.595592622188225,1.7271471566454635,-0.23947747988704016,-0.04715517979147299,0.5833333333333334,1.1994962470083632,-0.9490776239124162,2.3661073634434087,0.611111111111111
online_best,25.0,2020-11-30_2021-10-31,12,1.447515581099447,0.164192612882329,1.447515581099447,0.164192612882329,1.2833229682171179,0.5890193676365755,1.8242519651204459,-0.23947747988704005,-0.04715517979147299,0.6666666666666666,1.4952125428784009,-0.5909871050856234,2.049356917488606,0.611111111111111
online_best,25.0,2020-12-31_2021-11-30,12,1.234239175132112,0.10075285366229347,1.234239175132112,0.10075285366229347,1.1334863214698185,0.6112477309853016,1.6172420462892807,-0.2925530727452934,-0.04715517979147321,0.6666666666666666,1.4302498580216203,-0.10391910755524637,1.6106361562253912,0.5555555555555555
online_best,25.0,2021-01-31_2021-12-31,12,1.0670028778544984,0.1311417024200292,1.0670028778544984,0.1311417024200292,0.9358611754344692,0.6050658650050618,1.490033030526503,-0.2925530727452934,-0.04715517979147299,0.6666666666666666,1.2693377873304885,0.18713783207332133,1.3327283344894254,0.49999999999999994
online_best,25.0,2021-02-28_2022-01-31,12,0.8064965271101017,0.1035559333431273,0.8064965271101017,0.1035559333431273,0.7029405937669744,0.5478868319687962,1.3391224818746497,-0.2925530727452935,-0.008710521467504728,0.6666666666666666,1.1017137004347854,-1.7586135538703243,1.4102920748403371,0.49999999999999994
online_best,25.0,2021-03-31_2022-02-28,12,0.4518613241287941,0.1814244316261513,0.4518613241287941,0.1814244316261513,0.2704368925026428,0.5163149978565122,0.9511335347968464,-0.2925530727452934,-0.008710521467504728,0.5833333333333334,0.6150123802698736,-0.4399741680471376,0.7380049446950767,0.49999999999999994
online_best,25.0,2021-04-30_2022-03-31,12,0.678387053224204,0.2056999327796627,0.678387053224204,0.2056999327796627,0.4726871204445413,0.520295891843253,1.2386235062416364,-0.2925530727452935,-0.008710521467504728,0.6666666666666666,0.8619868558231151,-0.5217800655634539,1.0575305587681498,0.5277777777777778
online_best,25.0,2021-05-31_2022-04-30,12,0.8921741339172411,0.20202014645819677,0.8921741339172411,0.20202014645819677,0.6901539874590443,0.537853334247537,1.4481406529275318,-0.2925530727452935,-0.011058901373715124,0.6666666666666666,1.0726542591634298,-1.5685199935451377,1.7928747753194187,0.5
online_best,25.0,2021-06-30_2022-05-31,12,0.2613238538352207,0.1547230806668567,0.2613238538352207,0.1547230806668567,0.10660077316836403,0.6212197543660518,0.6545635349039718,-0.29255307274529363,-0.04389760737316839,0.5833333333333334,0.425532367020382,1.746296662338861,0.1597295649608843,0.5
online_best,25.0,2021-07-31_2022-06-30,12,-0.0485548209754032,0.14515293481688385,-0.0485548209754032,0.14515293481688385,-0.19370775579228705,0.481517228661228,0.1317409612564277,-0.2925530727452934,-0.04389760737316839,0.5833333333333334,-0.1615470967628378,1.5487138730189955,-0.14178688493334968,0.5277777777777777
online_best,25.0,2021-08-31_2022-07-31,12,-0.060671531681684154,0.16719366722844042,-0.060671531681684154,0.16719366722844042,-0.22786519891012458,0.4812463847491813,0.10481156951846113,-0.2557033307247818,-0.04389760737316839,0.5,-0.2309121473821945,1.448661631200302,-0.16524595083632498,0.5555555555555555
online_best,25.0,2021-09-30_2022-08-31,12,0.11666935978731341,0.11990803732841937,0.11666935978731341,0.11990803732841937,-0.003238677541105961,0.4285720155904762,0.4650071915599869,-0.259444233066524,-0.04389760737316817,0.5,0.20398362009376214,1.9537063122353242,-0.029193206009827333,0.5277777777777778
online_best,25.0,2021-10-31_2022-09-30,12,0.14770214113081304,0.07700156092153554,0.14770214113081304,0.07700156092153554,0.0707005802092775,0.4258545995268175,0.5309239993336214,-0.2657900443566008,-0.04389760737316828,0.5,0.38073945864049813,2.983105618455721,-0.003550182393549095,0.5277777777777778
online_best,25.0,2021-11-30_2022-10-31,12,0.22764054934962275,0.0837751064100245,0.22764054934962275,0.0837751064100245,0.14386544293959824,0.43439793708541324,0.6860649128731422,-0.2657900443566008,-0.04389760737316839,0.5,0.5339358038221605,2.9563301431987052,0.053260446936633565,0.49999999999999994
online_best,25.0,2021-12-31_2022-11-30,12,0.9525215358051498,0.04089310124175727,0.9525215358051498,0.04089310124175727,0.9116284345633925,0.5723563885785483,1.4499527334218565,-0.2657900443566009,-0.052330809109684795,0.5833333333333334,1.3619461277444749,0.07886287185813975,1.2238772697778844,0.49999999999999994
online_best,25.0,2022-01-31_2022-12-31,12,0.7293301136765848,0.03139589518781816,0.7293301136765848,0.03139589518781816,0.6979342184887667,0.5840807071149294,1.210481514823898,-0.2657900443566009,-0.0538908420070876,0.5,1.1439050441405365,0.15629545500605163,0.9776904036303922,0.5555555555555555
online_best,25.0,2022-02-28_2023-01-31,12,0.5428308048372947,-0.006523085673795559,0.5428308048372947,-0.006523085673795559,0.5493538905110903,0.572782424367258,1.0151644891157354,-0.2657900443566009,-0.053890842007087936,0.5,1.0035175765614508,-0.6205358500196722,0.7602236628944317,0.5833333333333334
online_best,25.0,2022-03-31_2023-02-28,12,0.6572142570812807,-0.03763942955797195,0.6572142570812807,-0.03763942955797195,0.6948536866392526,0.5697592408396629,1.1497898785452894,-0.26579004435660103,-0.05860315994470999,0.5833333333333334,1.1986140692903016,-0.361209617084975,0.8690885713162526,0.611111111111111
online_best,25.0,2022-04-30_2023-03-31,12,0.33273144924055953,-0.0433257664262765,0.33273144924055953,-0.0433257664262765,0.37605721566683603,0.5783167357550069,0.7480501459207359,-0.2657900443566009,-0.052003665957635614,0.5,0.7993974866241854,-1.613455446680287,0.43200321616264725,0.6111111111111112
online_best,25.0,2022-05-31_2023-04-30,12,-0.04098163542320643,-0.07213752035282106,-0.04098163542320643,-0.07213752035282106,0.03115588492961463,0.5777570129576839,0.1712808718435927,-0.2175626646963218,-0.07596598010903766,0.4166666666666667,0.293979164245447,0.11840080416139526,0.11293949296199979,0.638888888888889
online_best,25.0,2022-06-30_2023-05-31,12,0.3279749676127226,-0.0361282154897381,0.3279749676127226,-0.0361282154897381,0.3641031831024607,0.5008924041203922,0.7692408778933537,-0.2175626646963218,-0.07596598010903755,0.5,0.805555124179733,-1.6081802976549142,0.38459808625997294,0.6666666666666666
online_best,25.0,2022-07-31_2023-06-30,12,0.30565399321197306,-0.0028433046031512976,0.30565399321197306,-0.0028433046031512976,0.30849729781512436,0.5003712313240297,0.7346455842748209,-0.2175626646963218,-0.07596598010903743,0.4166666666666667,0.7032920455118605,-1.1605681812234574,0.43672036392414104,0.638888888888889
online_best,25.0,2022-08-31_2023-07-31,12,0.23328039483023977,-0.031389184091800915,0.23328039483023977,-0.031389184091800915,0.2646695789220407,0.5062758551334126,0.6157749297803601,-0.2175626646963219,-0.0655917893195096,0.4166666666666667,0.6483665950013906,-1.3465556612972014,0.3089697571968566,0.638888888888889
online_best,25.0,2022-09-30_2023-08-31,12,0.5724809342241384,-0.014331580574544756,0.5724809342241384,-0.014331580574544756,0.5868125147986831,0.5223697831627668,1.0902927718557072,-0.2175626646963218,-0.06559178931950937,0.5,1.0675245172502315,-1.8048704089318706,0.708596797154216,0.6944444444444445
online_best,25.0,2022-10-31_2023-09-30,12,0.47938334942458716,-0.04883569016310929,0.47938334942458716,-0.04883569016310929,0.5282190395876964,0.5324388273260736,0.9594323774588233,-0.2175626646963218,-0.06327241269436523,0.5,1.017933791353846,-1.0013166245542076,0.5757298378544751,0.7222222222222222
online_best,25.0,2022-11-30_2023-10-31,12,0.34435926161582087,-8.074453772832779e-05,0.34435926161582087,-8.074453772832779e-05,0.3444400061535492,0.5291536548355857,0.774857277465276,-0.2175626646963219,-0.04084242285001627,0.4166666666666667,0.7371521481933875,-0.8922502307809731,0.501472011107261,0.7222222222222222
online_best,25.0,2022-12-31_2023-11-30,12,-0.3611603654192931,0.06162621592425688,-0.3611603654192931,0.06162621592425688,-0.42278658134354996,0.4377880074951706,-0.7807861360925087,-0.39440373195237166,-0.04084242285001627,0.3333333333333333,-0.9096905280187675,0.05900959493363213,-0.2957622018081546,0.7222222222222223
online_best,25.0,2023-01-31_2023-12-31,12,-0.327575689592948,0.05389394652891433,-0.327575689592948,0.05389394652891433,-0.38146963612186235,0.4382181780276332,-0.6658086585609948,-0.39440373195237144,-0.04084242285001627,0.4166666666666667,-0.7776866929952663,-0.01624074918954797,-0.2550507397342836,0.6944444444444445
online_best,25.0,2023-02-28_2024-01-31,12,-0.40291626785196666,0.06910062416905749,-0.40291626785196666,0.06910062416905749,-0.47201689202102415,0.43542694421818173,-0.9373341794821959,-0.4403257793512887,-0.04084242285001627,0.3333333333333333,-1.0754681222955982,-0.03680563793386986,-0.3380403489924444,0.6944444444444445
online_best,25.0,2023-03-31_2024-02-29,12,-0.36881014030076686,0.07105311702696282,-0.36881014030076686,0.07105311702696282,-0.4398632573277297,0.45466416781422286,-0.7636434351432745,-0.41092647460770204,-0.04084242285001627,0.3333333333333333,-0.9026175904058596,-0.09335978904145333,-0.2920322396784786,0.6944444444444443
online_best,25.0,2023-04-30_2024-03-31,12,-0.35263586006217695,0.04605177038880415,-0.35263586006217695,0.04605177038880415,-0.3986876304509811,0.452044080020539,-0.7162668769141189,-0.41092647460770204,-0.028914327222309355,0.3333333333333333,-0.8101126321384757,0.05498630025880862,-0.2817864898778436,0.6666666666666666
online_best,25.0,2023-05-31_2024-04-30,12,-0.2218296103781331,0.05087612226469651,-0.2218296103781331,0.05087612226469651,-0.2727057326428296,0.43610141261046514,-0.345741150248226,-0.41092647460770215,-0.04720745865673304,0.4166666666666667,-0.44146794685406543,-1.0303823399164034,-0.09186698522405168,0.6666666666666666
online_best,25.0,2023-06-30_2024-05-31,12,-0.18846628949710487,0.06029804021364593,-0.18846628949710487,0.06029804021364593,-0.2487643297107508,0.44306078988620834,-0.2405770971194212,-0.41092647460770215,-0.04720745865673304,0.4166666666666667,-0.3614707800481226,-0.9134879836576586,-0.048661730392210334,0.6944444444444443
online_best,25.0,2023-07-31_2024-06-30,12,-0.09000046320584332,0.046802268590376395,-0.09000046320584332,0.046802268590376395,-0.1368027317962197,0.4737288179442857,0.04034594752091687,-0.41092647460770215,-0.04720745865673304,0.5,-0.06086377620333276,-0.657185855709057,0.052501622779067336,0.6666666666666666
online_best,25.0,2023-08-31_2024-07-31,12,0.03420396397989145,0.10318514893952901,0.03420396397989145,0.10318514893952901,-0.06898118495963756,0.47657275531610854,0.3126395470293848,-0.41092647460770215,-0.04720745865673315,0.5833333333333334,0.094352950463069,-0.05724638569713449,0.16637361467939082,0.6666666666666666
online_best,25.0,2023-09-30_2024-08-31,12,-0.12515382751131465,0.08473288946892565,-0.12515382751131465,0.08473288946892565,-0.2098867169802403,0.4331922474966516,-0.08113285913777558,-0.3708433774195855,-0.04720745865673315,0.5833333333333334,-0.274734334337285,0.1266604607321307,-0.0451141437317244,0.611111111111111
online_best,25.0,2023-10-31_2024-09-30,12,-0.06647126591014751,0.12170948346779942,-0.06647126591014751,0.12170948346779942,-0.18818074937794693,0.4275365838586265,0.06413349567733605,-0.3708433774195855,-0.047207458656732815,0.5833333333333334,-0.2087892217001555,-0.14369890362372725,0.045506601548105374,0.5833333333333333
online_best,25.0,2023-11-30_2024-10-31,12,-0.13099512569279048,0.004734660022875703,-0.13099512569279048,0.004734660022875703,-0.13572978571566618,0.4328625917513306,-0.09694157426070672,-0.07774412626873672,-0.07254414974326939,0.5833333333333334,-0.11860115248792114,0.2738468742603263,-0.04382072558842309,0.5833333333333334
online_best,25.0,2023-12-31_2024-11-30,12,0.27368053983882423,-0.026522408525777696,0.27368053983882423,-0.026522408525777696,0.30020294836460193,0.2636133356782773,1.0434266414653683,-0.07774412626873672,-0.07702368625268241,0.6666666666666666,1.2774794934715923,1.2131501786322896,0.3469652720092633,0.611111111111111
online_best,25.0,2024-01-31_2024-12-31,12,0.45726506572607617,-0.013699490369203038,0.45726506572607617,-0.013699490369203038,0.4709645560952792,0.2894557629220469,1.4492626983189882,-0.07200377597626206,-0.07702368625268208,0.6666666666666666,1.6504679385360128,1.2602254865752769,0.5266095027955795,0.6111111111111112
online_best,25.0,2024-02-29_2025-01-31,12,0.8127778113329007,-0.14290566323586873,0.8127778113329007,-0.14290566323586873,0.9556834745687695,0.2812144230959215,2.2918097090566834,-0.07200377597626206,-0.18252959118595857,0.75,2.5487881796147938,0.1639586343039396,0.9151932191203229,0.6111111111111112
online_best,25.0,2024-03-31_2025-02-28,12,0.5835182297820356,-0.10676537761977256,0.5835182297820356,-0.10676537761977256,0.6902836074018082,0.2763578334124955,1.8159825886046472,-0.07200377597626195,-0.1825295911859588,0.6666666666666666,1.8776030243207316,0.002587232983221122,0.6354174990533903,0.6111111111111112
online_best,25.0,2024-04-30_2025-03-31,12,0.8600450754330997,-0.06461005552580057,0.8600450754330997,-0.06461005552580057,0.9246551309589003,0.2565547188892452,2.594112415985663,-0.07200377597626195,-0.18252959118595868,0.75,2.402128704051326,0.08839710158109655,0.9196888001838996,0.6666666666666666
online_best,25.0,2024-05-31_2025-04-30,12,0.7557914072176586,0.02942056800377868,0.7557914072176586,0.02942056800377868,0.7263708392138799,0.2691673498737071,2.258242473482409,-0.07200377597626217,-0.18252959118595857,0.6666666666666666,1.6895370069606437,-0.12156720201442806,0.8185407396727322,0.6666666666666666
online_best,25.0,2024-06-30_2025-05-31,12,0.5575484231626135,-0.019239253194651806,0.5575484231626135,-0.019239253194651806,0.5767876763572654,0.28421214077781926,1.7117068505760697,-0.07366865851654958,-0.18252959118595835,0.5833333333333334,1.44961402289724,-0.016485254490489015,0.6109475899455254,0.638888888888889
online_best,25.0,2024-07-31_2025-06-30,12,0.6224576645404702,0.03150250800801424,0.6224576645404702,0.03150250800801424,0.590955156532456,0.30971084724929016,1.7270995527785862,-0.07366865851654947,-0.1825295911859589,0.5833333333333334,1.4415883425222695,0.2721947216912819,0.6661217842837941,0.6944444444444445
online_best,25.0,2024-08-31_2025-07-31,12,0.8444982808267074,0.02082724764079913,0.8444982808267074,0.02082724764079913,0.8236710331859083,0.3602010478312558,1.8959057499887606,-0.07366865851654958,-0.1720911800730176,0.5833333333333334,1.766540141653749,0.454271634127988,0.9112027261520406,0.6944444444444445
online_best,25.0,2024-09-30_2025-08-31,12,0.7295056929646984,0.07082064647411035,0.7295056929646984,0.07082064647411035,0.658685046490588,0.37422258950815046,1.6564575187782176,-0.07366865851654969,-0.1720911800730176,0.5,1.3714018583085623,0.3488885196690197,0.7784409367660834,0.7222222222222222
online_best,25.0,2024-10-31_2025-09-30,12,0.7760741136003919,0.07787885846139209,0.7760741136003919,0.07787885846139209,0.6981952551389998,0.370763355679674,1.7441937174678936,-0.07366865851654958,-0.11858833109117162,0.5833333333333334,1.4328575292534915,0.3416629404223801,0.8215572642059945,0.7222222222222223
online_best,25.0,2024-11-30_2025-10-31,12,1.1911672875731827,0.1960061542824556,1.1911672875731827,0.1960061542824556,0.9951611332907271,0.358104664496904,2.4156979411116724,-0.07366865851654947,-0.11795970406671652,0.6666666666666666,1.7288226163817686,0.17044651712941083,1.234753468314477,0.7222222222222222
online_best,25.0,2024-12-31_2025-11-30,12,1.1596641504033403,0.22133541890163522,1.1596641504033403,0.22133541890163522,0.938328731501705,0.361621197525147,2.3525361829348914,-0.07366865851654958,-0.11795970406671652,0.5833333333333334,1.6087843764006204,0.12114047075918612,1.219667629354288,0.7222222222222222
online_best,25.0,2025-01-31_2025-12-31,12,0.7925327006962142,0.17166648362633885,0.7925327006962142,0.17166648362633885,0.6208662170698753,0.36959495926620245,1.774445033665655,-0.07366865851654958,-0.03669877287899381,0.5,1.2434848644248369,0.32609210555536333,0.7931127983003754,0.75
online_best,25.0,2025-02-28_2026-01-31,12,0.4827701389482617,0.31334945156909844,0.4827701389482617,0.31334945156909844,0.16942068737916327,0.36858101524135084,1.2414452667467093,-0.11186408561490457,-0.04758367670999886,0.4166666666666667,0.5764162275028913,1.9023184265045676,-0.07746858446680405,0.7777777777777778
online_best,25.0,2025-03-31_2026-02-28,12,0.4417097609380749,0.08257309459079365,0.4417097609380749,0.08257309459079365,0.35913666634728125,0.3738309373378102,1.1510354404594036,-0.1492800047339906,-0.18488813271044613,0.5,1.0812976870084037,1.0412584023292308,0.3791543616034323,0.7499999999999999
online_best,25.0,2025-04-30_2026-03-31,12,0.29695070001715007,0.028079656548997578,0.29695070001715007,0.028079656548997578,0.2688710434681525,0.36915611997650016,0.8661679366623446,-0.15746188070329603,-0.19546042589812018,0.5,0.8950177416705446,1.0215308190475803,0.30694079269362584,0.6944444444444445
online_best,25.0,2025-05-31_2026-04-30,12,0.3069503330523029,-0.14610708694572017,0.3069503330523029,-0.14610708694572017,0.45305741999802307,0.3680103310836541,0.8892190815929947,-0.17513668181340214,-0.29138146686445754,0.5833333333333334,1.6059559193841826,1.0128438252029162,0.5713952739083117,0.6666666666666666
online_best,25.0,2025-06-30_2026-05-31,12,0.5030237694206126,-0.18541351506394133,0.5030237694206126,-0.18541351506394133,0.6884372844845539,0.36450261941628276,1.2902120391947614,-0.17513668181340192,-0.34737666250868915,0.6666666666666666,2.0832301197725016,0.8226764724580805,0.821942278774418,0.6666666666666666
online_best,25.0,2025-07-31_2026-06-30,12,0.31628660528924835,-0.1667764227923394,0.31628660528924835,-0.1667764227923394,0.48306302808158774,0.31526342762829923,1.0148248673810956,-0.1751366818134018,-0.34737666250868904,0.5833333333333334,1.5061503222024397,0.5117703038910054,0.4784092859481033,0.611111111111111
online_best,25.0,2025-08-31_2026-07-31,11,0.07059689316040396,-0.20361006057922837,0.07725681328401701,-0.2199234939209873,0.2971803072050043,0.23553271087967315,0.4189279444945531,-0.17513668181340203,-0.34737666250868904,0.5454545454545454,1.1070571457270613,0.30428801699217867,0.17722306371025565,0.606060606060606
online_soft,25.0,2015-02-28_2016-01-31,12,0.016054624861049138,-0.12464244015822579,0.016054624861049138,-0.12464244015822579,0.14069706501927493,0.016054624861049124,0.9999999999999999,0.0,-0.2346154234110902,0.5,0.894870625059392,0.031091630560304142,0.019993539340658062,0.08333333333333333
online_soft,25.0,2015-03-31_2016-02-29,12,0.1456100266047473,-0.12200466014015787,0.1456100266047473,-0.12200466014015787,0.2676146867449052,0.1270587221478781,1.1298943212581853,0.0,-0.1902603904171294,0.5833333333333334,1.452200099992954,0.17298260723207676,0.1768407554146263,0.1111111111111111
online_soft,25.0,2015-04-30_2016-03-31,12,0.20085260995707177,-0.048726200591690305,0.20085260995707177,-0.048726200591690305,0.24957881054876208,0.13118883249120883,1.4618929957623228,0.0,-0.19026039041712928,0.5833333333333334,1.3506094577540857,0.17645712401822078,0.21819221520111554,0.16666666666666666
online_soft,25.0,2015-05-31_2016-04-30,12,0.1767108811095901,-0.08042168629585977,0.1767108811095901,-0.08042168629585977,0.2571325674054499,0.13533547311983932,1.2685529369641124,-0.020103823439534874,-0.13984875260474772,0.5833333333333334,1.4616447767646,0.22146061847523127,0.2054364904706265,0.16666666666666666
online_soft,25.0,2015-06-30_2016-05-31,12,0.3411674360822743,0.021583559353247406,0.3411674360822743,0.021583559353247406,0.3195838767290269,0.1829914750159937,1.70193577523588,-0.020103823439534874,-0.12048239811387595,0.5833333333333334,1.560391839351061,0.5233731003101492,0.3397451638808946,0.2222222222222222
online_soft,25.0,2015-07-31_2016-06-30,12,0.47098445075845286,0.08609325121736311,0.47098445075845286,0.08609325121736311,0.38489119954108975,0.19332347046120305,2.1116617505573845,-0.020103823439534874,-0.06335332759593715,0.5833333333333334,1.725057385692606,0.6007429535701245,0.41678328872435344,0.25
online_soft,25.0,2015-08-31_2016-07-31,12,0.5846884322973278,0.19435729107699262,0.5846884322973278,0.19435729107699262,0.3903311412203352,0.19393695820481208,2.5035540615871867,-0.020103823439534874,-0.010009943632593221,0.5833333333333334,1.66021163022344,0.6908874973632205,0.4228721545091976,0.2777777777777778
online_soft,25.0,2015-09-30_2016-08-31,12,0.7605524478911019,0.27010420996995776,0.7605524478911019,0.27010420996995776,0.4904482379211441,0.2003261366427811,2.9776877812374747,-0.020103823439534874,-0.010009943632593332,0.5833333333333334,1.7664091468312033,0.5284760194668172,0.5818884089966856,0.3333333333333333
online_soft,25.0,2015-10-31_2016-09-30,12,0.9573750173247304,0.2171792753369357,0.9573750173247304,0.2171792753369357,0.7401957419877947,0.2012558960820926,3.519422867992727,-0.020103823439534874,-0.010009943632593221,0.6666666666666666,2.698026603104783,1.0617186027749512,0.6254932935289161,0.3888888888888889
online_soft,25.0,2015-11-30_2016-10-31,12,1.2799245594300053,0.15802517726789156,1.2799245594300053,0.15802517726789156,1.1218993821621137,0.2154923226800612,4.051612513042354,-0.020103823439534874,-0.05046191183613391,0.6666666666666666,2.8933756278977714,-0.39326232396769845,1.4553313003157884,0.4166666666666667
online_soft,25.0,2015-12-31_2016-11-30,12,1.3195869394444277,0.15325670090751609,1.3195869394444277,0.15325670090751609,1.1663302385369116,0.20970934429815744,4.246295034365354,-0.020103823439534874,-0.05046191183613402,0.6666666666666666,3.0790616132125517,-0.3258423283829032,1.4685434619730313,0.4166666666666666
online_soft,25.0,2016-01-31_2016-12-31,12,1.4461177767862807,0.1471553785298949,1.4461177767862807,0.1471553785298949,1.2989623982563858,0.1952479246507167,4.840187751716228,-0.020103823439534874,-0.05046191183613402,0.75,3.4842426044426853,-0.35626499346825463,1.6025885046636277,0.4444444444444444
online_soft,25.0,2016-02-29_2017-01-31,12,1.656673535290437,0.12910312615333996,1.656673535290437,0.12910312615333996,1.527570409137097,0.18386613497555282,5.615477143927034,-0.020103823439534985,-0.05046191183613391,0.8333333333333334,4.2875858385306485,-0.1622567178702969,1.7435588446442245,0.4166666666666667
online_soft,25.0,2016-03-31_2017-02-28,12,1.2857537704493893,0.1492046756740173,1.2857537704493893,0.1492046756740173,1.136549094775372,0.21058401059143572,4.155469763439339,-0.02991228606075913,-0.05046191183613402,0.75,2.9460318487787993,-0.48402263464998013,1.482798996274131,0.4166666666666667
online_soft,25.0,2016-04-30_2017-03-31,12,1.424319896561435,0.17503808646495478,1.424319896561435,0.17503808646495478,1.2492818100964802,0.21203497118359024,4.426724321138702,-0.029912286060758908,-0.05046191183613402,0.75,3.0947111723886738,-0.5049810485592773,1.668140690906033,0.38888888888888884
online_soft,25.0,2016-05-31_2017-04-30,12,1.2825531478231524,0.19627580709932912,1.2825531478231524,0.19627580709932912,1.0862773407238233,0.24603782176979436,3.582047069099809,-0.07740512895168505,-0.05046191183613402,0.75,2.4586521918330244,-0.731523561330062,1.6521876775091608,0.4444444444444444
online_soft,25.0,2016-06-30_2017-05-31,12,0.8916674345329729,0.16211773486732262,0.8916674345329729,0.16211773486732262,0.7295496996656503,0.2653111220588186,2.5861561695539175,-0.12853860011071683,-0.05046191183613402,0.6666666666666666,1.727191460712181,-1.251042052109147,1.3363521655644228,0.4444444444444445
online_soft,25.0,2016-07-31_2017-06-30,12,0.7695135229433749,0.11985678631409691,0.7695135229433749,0.11985678631409691,0.649656736629278,0.2632193443119769,2.3376352489005616,-0.12853860011071672,-0.05046191183613402,0.6666666666666666,1.6184837443663975,-1.5775931698328196,1.1679301340134782,0.47222222222222227
online_soft,25.0,2016-08-31_2017-07-31,12,0.5462153224345121,0.08878533946639733,0.5462153224345121,0.08878533946639733,0.45742998296811477,0.28292652869835994,1.6943076975069777,-0.1583447664327441,-0.05046191183613402,0.5833333333333334,1.2037725948563074,-1.8068438320547755,0.8624380733711887,0.5
online_soft,25.0,2016-09-30_2017-08-31,12,0.6273583288167432,0.09996258200034913,0.6273583288167432,0.09996258200034913,0.5273957468163941,0.3041084798140024,1.7680104306800806,-0.1583447664327441,-0.05046191183613402,0.5833333333333334,1.2866698261517426,-1.7320509843871434,0.9890039047162666,0.5
online_soft,25.0,2016-10-31_2017-09-30,12,0.5472519369025977,0.1075588143605537,0.5472519369025977,0.1075588143605537,0.43969312254204396,0.2957668670183821,1.6328368192636327,-0.1583447664327441,-0.0004923640702735321,0.5833333333333334,1.1297835297791408,-1.709317561433855,0.9060597664493959,0.47222222222222215
online_soft,25.0,2016-11-30_2017-10-31,12,0.2868513956271568,0.1559996199134983,0.2868513956271568,0.1559996199134983,0.13085177571365847,0.26951674239933143,1.0645234380969135,-0.1583447664327442,-0.008932388259170088,0.5,0.5189788437067805,0.40391262304318787,0.25298024454462253,0.5
online_soft,25.0,2016-12-31_2017-11-30,12,0.25770215283572684,0.19992461049678534,0.25770215283572684,0.19992461049678534,0.0577775423389415,0.2711048450879333,0.9732811454403053,-0.1583447664327441,-0.008932388259169977,0.5,0.2761123727298053,-0.1749229408600242,0.34011779904575024,0.5555555555555556
online_soft,25.0,2017-01-31_2017-12-31,12,0.6684682359252672,0.24773371905633135,0.6684682359252672,0.24773371905633135,0.4207345168689358,0.465390107273873,1.307026844450583,-0.1583447664327442,-0.008932388259170088,0.5,0.8451789152977262,1.6589221059172146,0.26083067655683534,0.5277777777777778
online_soft,25.0,2017-02-28_2018-01-31,12,0.7337428356088773,0.22472528642954592,0.7337428356088773,0.22472528642954592,0.5090175491793314,0.4726812007981944,1.378200698282137,-0.1583447664327442,-0.008932388259170088,0.5,0.9563035486685628,1.1728468324829526,0.49488505713891584,0.5
online_soft,25.0,2017-03-31_2018-02-28,12,0.7558879934676814,0.11150665310004948,0.7558879934676814,0.11150665310004948,0.644381340367632,0.4704303642111807,1.4111345180851282,-0.1583447664327442,-0.06307407298992962,0.5833333333333334,1.2230684156190688,1.2742752152666357,0.6669611706259082,0.49999999999999994
online_soft,25.0,2017-04-30_2018-03-31,12,0.8892299189571076,0.054403018339003184,0.8892299189571076,0.054403018339003184,0.8348269006181044,0.4887027153168501,1.5311310503193387,-0.08773042211809612,-0.09250223900477905,0.5833333333333334,1.4186398201927246,0.6057077889554011,0.998264864591466,0.5277777777777778
online_soft,25.0,2017-05-31_2018-04-30,12,1.1513541960619,0.042771960341875914,1.1513541960619,0.042771960341875914,1.1085822357200241,0.4649544373878458,1.884646659782777,-0.05864834070602176,-0.09416874157139277,0.6666666666666666,1.8004919209382524,0.6756081187506421,1.2607407275884635,0.49999999999999994
online_soft,25.0,2017-06-30_2018-05-31,12,1.454578166275879,-0.005226881237519021,1.454578166275879,-0.005226881237519021,1.459805047513398,0.44339250946949393,2.2765579693774507,-0.05864834070602176,-0.12207676452647664,0.75,2.3195596785854704,0.7805115428155085,1.634062861307679,0.5
online_soft,25.0,2017-07-31_2018-06-30,12,1.4078016079087141,0.0163507796990916,1.4078016079087141,0.0163507796990916,1.3914508282096225,0.4466091235543167,2.2163833010794183,-0.03671813752604358,-0.12207676452647676,0.6666666666666666,2.1839169362084427,0.6182487141994537,1.5553715913001191,0.47222222222222215
online_soft,25.0,2017-08-31_2018-07-31,12,1.5163120470020095,0.02633003466478856,1.5163120470020095,0.02633003466478856,1.489982012337221,0.43381552100002135,2.379537116839787,-0.03671813752604358,-0.12207676452647653,0.6666666666666666,2.311804011003717,0.5413569892166962,1.648657370577598,0.47222222222222215
online_soft,25.0,2017-09-30_2018-08-31,12,1.1626379372913869,0.012828519177035869,1.1626379372913869,0.012828519177035869,1.149809418114351,0.43052528164931486,2.0159905902755924,-0.03671813752604358,-0.12207676452647664,0.6666666666666666,1.9806898869526697,0.56203420726323,1.2884482381463993,0.4444444444444444
online_soft,25.0,2017-10-31_2018-09-30,12,1.0140387501013781,-0.028994428060318933,1.0140387501013781,-0.028994428060318933,1.043033178161697,0.43936987699183977,1.810096000639568,-0.02675937253298577,-0.12207676452647676,0.6666666666666666,1.8936653077581769,0.7209105092096157,1.193343769100462,0.4444444444444444
online_soft,25.0,2017-11-30_2018-10-31,12,1.126029371957646,0.017470333624036494,1.126029371957646,0.017470333624036494,1.1085590383336095,0.4295184409362556,1.9770263089680935,-0.02675937253298577,-0.12207676452647676,0.6666666666666666,1.9149027001847783,0.4719521690802277,1.246983914738128,0.4444444444444444
online_soft,25.0,2017-12-31_2018-11-30,12,1.7614006870110992,-0.025356283802123625,1.7614006870110992,-0.025356283802123625,1.7867569708132227,0.4724931886214003,2.4261396164242677,-0.02675937253298588,-0.12207676452647687,0.75,2.6329217205140525,1.6563207676404148,2.081574353604131,0.4444444444444445
online_soft,25.0,2018-01-31_2018-12-31,12,0.9009909460663137,-0.01099995180484914,0.9009909460663137,-0.01099995180484914,0.9119908978711628,0.3530899270235979,2.0120613350422225,-0.0369308581717217,-0.12095719505337177,0.6666666666666666,1.901328511445468,-0.13785749393307656,0.9928341472851887,0.5000000000000001
online_soft,25.0,2018-02-28_2019-01-31,12,0.6687960646211908,-0.023323412109537922,0.6687960646211908,-0.023323412109537922,0.6921194767307287,0.3428641638829438,1.663567247189874,-0.0369308581717217,-0.06297476655901424,0.6666666666666666,1.6101419628720945,-0.08487419622610112,0.743381696131467,0.5277777777777778
online_soft,25.0,2018-03-31_2019-02-28,12,0.8370953296389909,0.045204178762284775,0.8370953296389909,0.045204178762284775,0.7918911508767061,0.3366157019806524,1.9887998683880377,-0.0369308581717217,-0.032589089243883484,0.6666666666666666,1.6963578275365798,-0.6410065468152946,0.9754859574738728,0.5555555555555557
online_soft,25.0,2018-04-30_2019-03-31,12,0.32895455810404206,0.07686204312787948,0.32895455810404206,0.07686204312787948,0.2520925149761626,0.34846239647821425,0.9716803071667148,-0.13467385693345413,-0.031039511736595693,0.5833333333333334,0.7360585610569068,0.22933689257747392,0.3723844337399218,0.5277777777777778
online_soft,25.0,2018-05-31_2019-04-30,12,0.19492214163508415,0.03769148450195714,0.19492214163508415,0.03769148450195714,0.157230657133127,0.35704085111510964,0.6515642301742648,-0.18257589321422074,-0.04957195403333192,0.5,0.5391121221314077,0.5887700072389196,0.2293010924875476,0.5833333333333334
online_soft,25.0,2018-06-30_2019-05-31,12,0.11978804918725916,0.09645960452265201,0.11978804918725916,0.09645960452265201,0.02332844466460715,0.35135022543491345,0.4692496599837716,-0.18257589321422052,-0.04957195403333203,0.4166666666666667,0.2011967675720653,0.9331845526933097,0.07760185318241786,0.611111111111111
online_soft,25.0,2018-07-31_2019-06-30,12,0.11104303030153684,0.07648721996967378,0.11104303030153684,0.07648721996967378,0.03455581033186306,0.3516167191506326,0.4465411345583258,-0.18257589321422063,-0.04957195403333203,0.4166666666666667,0.2332896265088953,0.9852298452020201,0.08350383416393181,0.6388888888888888
online_soft,25.0,2018-08-31_2019-07-31,12,0.184681547406657,0.051509897202665744,0.184681547406657,0.051509897202665744,0.13317165020399124,0.3517330967206847,0.6317707118734752,-0.18257589321422085,-0.04957195403333203,0.5,0.49258791715869343,0.9339266094944109,0.1857920641530557,0.6666666666666666
online_soft,25.0,2018-09-30_2019-08-31,12,0.17070352765867391,0.032217370272061396,0.17070352765867391,0.032217370272061396,0.13848615738661252,0.3524318058335464,0.5968742863308516,-0.18257589321422063,-0.05569706120271434,0.5,0.511213279817527,0.9229221556576902,0.1923017074646307,0.6944444444444445
online_soft,25.0,2018-10-31_2019-09-30,12,0.32018001627488824,0.0680196854801034,0.32018001627488824,0.0680196854801034,0.25216033079478484,0.36184393448292873,0.9287180710438591,-0.18257589321422074,-0.05569706120271445,0.5,0.7571670883724526,0.9344077692305708,0.30712024407956906,0.6944444444444445
online_soft,25.0,2018-11-30_2019-10-31,12,0.21568719503605505,-0.007313909877188718,0.21568719503605505,-0.007313909877188718,0.22300110491324376,0.3720657620369082,0.6856583759263172,-0.18257589321422063,-0.07977064350808971,0.5,0.7332329686901964,1.3267428556115344,0.2929544168267715,0.6944444444444443
online_soft,25.0,2018-12-31_2019-11-30,12,0.05245460199141028,0.01695714726683817,0.05245460199141028,0.01695714726683817,0.03549745472457211,0.2573937497649326,0.3173960243070608,-0.18257589321422074,-0.07977064350808971,0.5,0.2524926880858425,0.9570108496735228,0.06281217411122864,0.6666666666666666
online_soft,25.0,2019-01-31_2019-12-31,12,-0.03259821105374339,-0.0907583313333864,-0.03259821105374339,-0.0907583313333864,0.05816012027964301,0.2823759758751578,0.013692789821620904,-0.18257589321422074,-0.08173242622854304,0.5,0.417355900365953,1.9491962215115177,0.19514971639466228,0.6388888888888888
online_soft,25.0,2019-02-28_2020-01-31,12,0.08838430488111348,-0.15374678206850467,0.08838430488111348,-0.15374678206850467,0.24213108694961816,0.3119537707539631,0.4159407696232206,-0.18257589321422074,-0.157070533612218,0.5,0.9412658158819079,0.6135864114797032,0.2521690915806638,0.6388888888888888
online_soft,25.0,2019-03-31_2020-02-29,12,0.03973186066980383,-0.2983301643039218,0.03973186066980383,-0.2983301643039218,0.3380620249737256,0.3036273934536748,0.2681141455550026,-0.11476009614026417,-0.2968733323797681,0.5,1.171412808664011,0.09631429945844738,0.11925223553969011,0.6388888888888888
online_soft,25.0,2019-04-30_2020-03-31,12,-0.06322908178787057,-0.26938100433105683,-0.06322908178787057,-0.26938100433105683,0.20615192254318626,0.35493575732019195,-0.012068004576732032,-0.22036402244016473,-0.2897384073692094,0.5,0.6604361672477197,-0.2006208664650518,-0.06048536584987574,0.6388888888888888
online_soft,25.0,2019-05-31_2020-04-30,12,-0.01089131297761814,-0.23441422140073764,-0.01089131297761814,-0.23441422140073764,0.2235229084231195,0.34990216580297395,0.1385936189080276,-0.2223751953869436,-0.2897384073692094,0.5,0.6771047812710145,-0.22375622067194262,-0.005818850367381723,0.6111111111111112
online_soft,25.0,2019-06-30_2020-05-31,12,-0.027483115233153055,-0.22854562482453433,-0.027483115233153055,-0.22854562482453433,0.20106250959138128,0.35000037695028957,0.09015094416649787,-0.2278147042558879,-0.2897384073692095,0.5,0.6150216179595336,-0.24003200323715204,-0.024562369634946735,0.5833333333333334
online_soft,25.0,2019-07-31_2020-06-30,12,0.010875444083703556,-0.1941752572672133,0.010875444083703556,-0.1941752572672133,0.20505070135091685,0.35171235913843624,0.20169473535944532,-0.22781470425588768,-0.2827760862119635,0.5,0.6019954478554538,-0.1641853288065863,0.040445241035866886,0.5555555555555555
online_soft,25.0,2019-08-31_2020-07-31,12,-0.0995293234892104,-0.1722348942847023,-0.0995293234892104,-0.1722348942847023,0.07270557079549189,0.355052059576314,-0.1228769011525807,-0.25108341126428635,-0.27948217627529803,0.4166666666666667,0.2695906002895831,-0.2127991481057917,-0.07560555331315821,0.5277777777777778
online_soft,25.0,2019-09-30_2020-08-31,12,-0.13839215330489396,-0.21057570090232802,-0.13839215330489396,-0.21057570090232802,0.07218354759743406,0.35805909372411066,-0.24154466175175568,-0.2883664042648886,-0.27948217627529803,0.4166666666666667,0.2747260372755665,-0.14998191489494997,-0.11158807809244287,0.5555555555555555
online_soft,25.0,2019-10-31_2020-09-30,12,-0.21900060267893984,-0.1766274605970889,-0.21900060267893984,-0.1766274605970889,-0.042373142081850945,0.3352679673539612,-0.5677436128964781,-0.2883664042648886,-0.2794821762752979,0.3333333333333333,-0.05834709091372763,-0.1734172494818189,-0.1982620016478296,0.611111111111111
online_soft,25.0,2019-11-30_2020-10-31,12,-0.18292939338463832,-0.06643817837031618,-0.18292939338463832,-0.06643817837031618,-0.11649121501432214,0.33206533843894287,-0.44224366272385074,-0.29452202582301457,-0.2794821762752979,0.3333333333333333,-0.247877586351005,-0.16598947053484994,-0.142533332697782,0.6111111111111112
online_soft,25.0,2019-12-31_2020-11-30,12,-0.15692237319366176,-0.050871312509224054,-0.15692237319366176,-0.050871312509224054,-0.1060510606844377,0.34879013234218353,-0.319002940974571,-0.2945220258230147,-0.2358764964179022,0.3333333333333333,-0.2056814794982586,-0.08834545697970346,-0.10722099626312254,0.638888888888889
online_soft,25.0,2020-01-31_2020-12-31,12,0.12998013345550086,-0.013079995771551722,0.12998013345550086,-0.013079995771551722,0.14306012922705258,0.37824847841564113,0.5022767358384942,-0.29452202582301457,-0.16758179221927783,0.4166666666666667,0.34488896713335154,-0.2603795339364816,0.2134027632405131,0.6666666666666666
online_soft,25.0,2020-02-29_2021-01-31,12,0.38354100828696125,0.14471568274700242,0.38354100828696125,0.14471568274700242,0.23882532553995883,0.5218706279704232,0.8510052828343191,-0.2945220258230147,-0.07033476780972703,0.4166666666666667,0.5047736683057958,0.2478043832035622,0.48640068721006857,0.6944444444444445
online_soft,25.0,2020-03-31_2021-02-28,12,0.4850429850336613,0.3187076559568369,0.4850429850336613,0.3187076559568369,0.16633532907682436,0.526751474360757,0.9870220919290477,-0.11978580047133347,-0.07033476780972703,0.4166666666666667,0.4248362153006053,0.3381468986915367,0.5125219552012135,0.6944444444444445
online_soft,25.0,2020-04-30_2021-03-31,12,0.8707515102296237,0.2712264885896778,0.8707515102296237,0.2712264885896778,0.5995250216399459,0.44941208734988347,1.6074541118573804,-0.11978580047133358,-0.07033476780972714,0.4166666666666667,1.0494060747605374,0.5659985827775741,0.7586050155522892,0.7222222222222222
online_soft,25.0,2020-05-31_2021-04-30,12,1.1112140150146588,0.2511461011810818,1.1112140150146588,0.2511461011810818,0.860067913833577,0.4481595372187796,1.8980197340934017,-0.11978580047133358,-0.07033476780972703,0.5,1.3553026156398584,0.4534818675132465,1.054632888173428,0.7222222222222222
online_soft,25.0,2020-06-30_2021-05-31,12,1.3248818788604897,0.22018559574957508,1.3248818788604897,0.22018559574957508,1.1046962831109146,0.44030702749396206,2.1601151159406258,-0.11978580047133358,-0.07033476780972703,0.5833333333333334,1.6713370308633977,0.4857768660699085,1.2676467828805937,0.6944444444444445
online_soft,25.0,2020-07-31_2021-06-30,12,1.7157688581383885,0.1787337447456181,1.7157688581383885,0.1787337447456181,1.5370351133927704,0.4567200726869141,2.464584679714017,-0.05800193935089526,-0.07033476780972703,0.6666666666666666,2.0916898978907157,0.5609634277694544,1.6758804447451543,0.6944444444444445
online_soft,25.0,2020-08-31_2021-07-31,12,1.963376060830273,0.17406019021811336,1.963376060830273,0.17406019021811336,1.7893158706121597,0.4315369566177384,2.805829814933219,-0.017870056861450823,-0.0471551797914731,0.75,2.4323726147648843,0.5823025830760428,1.889781382173363,0.6944444444444443
online_soft,25.0,2020-09-30_2021-08-31,12,1.532757821108596,0.29094300690606567,1.532757821108596,0.29094300690606567,1.2418148142025303,0.5006852881108246,2.142543355632659,-0.18786189248328977,-0.0471551797914731,0.6666666666666666,1.5572464157757746,0.040546216716212856,1.7663979665973035,0.6388888888888888
online_soft,25.0,2020-10-31_2021-09-30,12,1.3443202672077135,0.285307502281577,1.3443202672077135,0.285307502281577,1.0590127649261365,0.5194891325365649,1.920874363886359,-0.24357239524552032,-0.04715517979147299,0.6666666666666666,1.3655872370264672,-0.053219867277990954,1.6416714374512607,0.5833333333333333
online_soft,25.0,2020-11-30_2021-10-31,12,1.6621638466816036,0.164192612882329,1.6621638466816036,0.164192612882329,1.4979712337992745,0.5090730235432065,2.222556340726631,-0.24357239524552032,-0.04715517979147299,0.75,1.9134984723219142,0.5302075433585339,1.729303688888856,0.611111111111111
online_soft,25.0,2020-12-31_2021-11-30,12,1.2658980672481475,0.10075285366229347,1.2658980672481475,0.10075285366229347,1.165145213585854,0.5161284961987649,1.8594507165660625,-0.24357239524552032,-0.04715517979147321,0.6666666666666666,1.6546631494477175,0.33975274186529375,1.4388662662450828,0.611111111111111
online_soft,25.0,2021-01-31_2021-12-31,12,0.8951670808453069,0.1311417024200292,0.8951670808453069,0.1311417024200292,0.7640253784252777,0.5088807971216328,1.5044582866705676,-0.24357239524552032,-0.04715517979147299,0.5833333333333334,1.2666259615367683,0.8099590228531837,0.9049335908740137,0.611111111111111
online_soft,25.0,2021-02-28_2022-01-31,12,0.589978563513029,0.1035559333431273,0.589978563513029,0.1035559333431273,0.4864226301699017,0.3892734838875851,1.3930868640144294,-0.24357239524552032,-0.008710521467504728,0.5833333333333334,1.0476090760992962,-1.4831561528509674,0.9621824849133687,0.5833333333333334
online_soft,25.0,2021-03-31_2022-02-28,12,0.5082546283789326,0.1814244316261513,0.5082546283789326,0.1814244316261513,0.32683019675278135,0.38320402209843857,1.266398633708904,-0.24357239524552043,-0.008710521467504728,0.5833333333333334,0.785853152750752,-1.5170065448496082,1.0552108001952645,0.5555555555555556
online_soft,25.0,2021-04-30_2022-03-31,12,0.6015061943338793,0.2056999327796627,0.6015061943338793,0.2056999327796627,0.3958062615542166,0.3778984117829949,1.4448635966544734,-0.24357239524552032,-0.008710521467504728,0.6666666666666666,0.8924220173642784,-1.828923127313625,1.367814981995481,0.5
online_soft,25.0,2021-05-31_2022-04-30,12,0.5671114259101169,0.20202014645819677,0.5671114259101169,0.20202014645819677,0.3650912794519201,0.37304883128991495,1.3988440069091306,-0.24357239524552043,-0.011058901373715124,0.6666666666666666,0.8511204434432007,-1.6256078836724086,1.222764540138864,0.5
online_soft,25.0,2021-06-30_2022-05-31,12,0.49460511379749983,0.1547230806668567,0.49460511379749983,0.1547230806668567,0.33988203313064314,0.3690582477945843,1.2768810260174333,-0.2435723952455202,-0.04389760737316839,0.6666666666666666,0.8266480385468404,-0.9292591892636083,0.8100676995887512,0.49999999999999994
online_soft,25.0,2021-07-31_2022-06-30,12,0.359263036531577,0.14515293481688385,0.359263036531577,0.14515293481688385,0.21411010171469314,0.3267607619523796,1.1061645867710153,-0.24357239524552043,-0.04389760737316839,0.6666666666666666,0.6270469250631014,-1.0697615588374205,0.6481714372911775,0.5277777777777778
online_soft,25.0,2021-08-31_2022-07-31,12,0.3386564831773644,0.16719366722844042,0.3386564831773644,0.16719366722844042,0.17146281594892399,0.3276677363822072,1.0559289962099916,-0.06859732630029836,-0.04389760737316839,0.5833333333333334,0.5240201351925814,-1.0807511651518003,0.6595063267698247,0.49999999999999994
online_soft,25.0,2021-09-30_2022-08-31,12,0.5503268929809961,0.11990803732841937,0.5503268929809961,0.11990803732841937,0.43041885565257676,0.25128290528086306,1.8879532719657908,-0.05944537323767862,-0.04389760737316817,0.5833333333333334,1.3209621351107872,-0.17519163284560305,0.624174978555351,0.5277777777777778
online_soft,25.0,2021-10-31_2022-09-30,12,0.7570465584634949,0.07700156092153554,0.7570465584634949,0.07700156092153554,0.6800449975419594,0.22196164076124997,2.696876178684601,-0.059445373237678734,-0.04389760737316828,0.6666666666666666,2.392828189261216,0.6550152043026202,0.709199446426747,0.5555555555555556
online_soft,25.0,2021-11-30_2022-10-31,12,0.7189805686208206,0.0837751064100245,0.7189805686208206,0.0837751064100245,0.6352054622107961,0.21497206917692419,2.671815685591444,-0.05944537323767851,-0.04389760737316839,0.6666666666666666,2.3722322081789957,0.8062317316658011,0.6435246598264126,0.5277777777777778
online_soft,25.0,2021-12-31_2022-11-30,12,1.5928898361785921,0.04089310124175727,1.5928898361785921,0.04089310124175727,1.5519967349368349,0.4729181226242344,2.2701260139962183,-0.05944537323767862,-0.052330809109684795,0.75,2.0379350664227847,-1.7707631203891219,1.9997211322020974,0.5
online_soft,25.0,2022-01-31_2022-12-31,12,1.504354239161089,0.03139589518781816,1.504354239161089,0.03139589518781816,1.4729583439732707,0.4816413828515817,2.1586577630145185,-0.05944537323767862,-0.0538908420070876,0.75,1.9659454829543859,-1.607194300512416,1.8506176699917227,0.5
online_soft,25.0,2022-02-28_2023-01-31,12,1.159070928655923,-0.006523085673795559,1.159070928655923,-0.006523085673795559,1.1655940143297188,0.4804815715125834,1.8300492468852705,-0.05944537323767862,-0.053890842007087936,0.75,1.7137786013314962,-2.66597420307036,1.3131123866614236,0.5277777777777778
online_soft,25.0,2022-03-31_2023-02-28,12,1.0780661065424035,-0.03763942955797195,1.0780661065424035,-0.03763942955797195,1.1157055361003754,0.4839953047676564,1.7352133871500544,-0.05944537323767862,-0.05860315994470999,0.75,1.696958528885283,-2.9736754811953823,1.035609289055147,0.5833333333333334
online_soft,25.0,2022-04-30_2023-03-31,12,0.8226386238429888,-0.0433257664262765,0.8226386238429888,-0.0433257664262765,0.8659643902692653,0.5082036445311512,1.400328236872854,-0.10969253196256812,-0.052003665957635614,0.6666666666666666,1.3871010621313127,-3.7714492981346193,0.7161907788479525,0.611111111111111
online_soft,25.0,2022-05-31_2023-04-30,12,0.362803534615211,-0.07213752035282106,0.362803534615211,-0.07213752035282106,0.43494105496803204,0.5567204198845697,0.7791443757446528,-0.26677318116815074,-0.07596598010903766,0.5833333333333334,0.8803781753363367,-1.2563569407575927,0.4028313173442688,0.5833333333333333
online_soft,25.0,2022-06-30_2023-05-31,12,0.37555221360050406,-0.0361282154897381,0.37555221360050406,-0.0361282154897381,0.41168042909024216,0.5569351435387886,0.7963615540389634,-0.26677318116815074,-0.07596598010903755,0.5833333333333334,0.8336763479407382,-1.394327921769259,0.47561343938825007,0.611111111111111
online_soft,25.0,2022-07-31_2023-06-30,12,0.21391845701129908,-0.0028433046031512976,0.21391845701129908,-0.0028433046031512976,0.21676176161445038,0.5553296554239159,0.5653467425298575,-0.26677318116815085,-0.07596598010903743,0.5,0.5417763390676816,-1.4883705976260553,0.3638132540969037,0.611111111111111
online_soft,25.0,2022-08-31_2023-07-31,12,0.4526450826717172,-0.031389184091800915,0.4526450826717172,-0.031389184091800915,0.48403426676351813,0.5812933939291816,0.8798096415460547,-0.26677318116815074,-0.0655917893195096,0.5833333333333334,0.9015956555369627,-1.4742227371350485,0.5829868497945867,0.6666666666666666
online_soft,25.0,2022-09-30_2023-08-31,12,0.9917613927290596,-0.014331580574544756,0.9917613927290596,-0.014331580574544756,1.0060929733036044,0.6180750883227336,1.3922144550258022,-0.26677318116815074,-0.06559178931950937,0.6666666666666666,1.3659396143640128,-2.006829314748062,1.2444877733939665,0.6666666666666666
online_soft,25.0,2022-10-31_2023-09-30,12,0.6900877246100006,-0.04883569016310929,0.6900877246100006,-0.04883569016310929,0.7389234147731099,0.6428058429863615,1.089927572209024,-0.26677318116815074,-0.06327241269436523,0.5833333333333334,1.140003846524067,-1.0074869674551752,0.8884958825723612,0.6666666666666666
online_soft,25.0,2022-11-30_2023-10-31,12,0.6563359576267782,-8.074453772832779e-05,0.6563359576267782,-8.074453772832779e-05,0.6564167021645065,0.6418367848441535,1.0575181567976681,-0.26677318116815074,-0.04084242285001627,0.5833333333333334,1.0289838450149873,-0.5768046703789399,0.939297552763239,0.638888888888889
online_soft,25.0,2022-12-31_2023-11-30,12,0.00015122982506743377,0.06162621592425688,0.00015122982506743377,0.06162621592425688,-0.061474986099189444,0.4611434187108953,0.19941756285061957,-0.24670958143292077,-0.04084242285001627,0.5,0.06318548609292099,1.1279178463422765,0.02052816964819093,0.6666666666666666
online_soft,25.0,2023-01-31_2023-12-31,12,0.03175509632464979,0.05389394652891433,0.03175509632464979,0.05389394652891433,-0.022138850204264537,0.4586071081772992,0.26656191796416157,-0.24670958143292077,-0.04084242285001627,0.5,0.14731684405370435,1.0973144802039394,0.062255771105110824,0.6666666666666666
online_soft,25.0,2023-02-28_2024-01-31,12,-0.09226630556413173,0.06910062416905749,-0.09226630556413173,0.06910062416905749,-0.16136692973318922,0.4761917242330287,0.0035453410605104036,-0.25026578483097905,-0.04084242285001627,0.4166666666666667,-0.1470689184601453,0.922844692216199,-0.06170782811951736,0.638888888888889
online_soft,25.0,2023-03-31_2024-02-29,12,0.011790219152281178,0.07105311702696282,0.011790219152281178,0.07105311702696282,-0.05926289787468164,0.49332738856460334,0.23870441498451844,-0.25026578483097905,-0.04084242285001627,0.4166666666666667,0.09262133386699085,0.7757415462371282,0.063297631092323,0.6111111111111112
online_soft,25.0,2023-04-30_2024-03-31,12,0.05016490641773075,0.04605177038880415,0.05016490641773075,0.04605177038880415,0.004113136028926601,0.48721039137202915,0.31290498297557545,-0.25026578483097905,-0.028914327222309355,0.4166666666666667,0.2167003558888445,1.0249170824902265,0.10742809756686844,0.6666666666666666
online_soft,25.0,2023-05-31_2024-04-30,12,0.31240096696671693,0.05087612226469651,0.31240096696671693,0.05087612226469651,0.2615248447020204,0.44136290842067644,0.8113565815240181,-0.25026578483097905,-0.04720745865673304,0.5,0.6716091730466562,-0.24494808762169765,0.4412439097232215,0.6944444444444445
online_soft,25.0,2023-06-30_2024-05-31,12,0.24545216731117248,0.06029804021364593,0.24545216731117248,0.06029804021364593,0.18515412709752654,0.44160019624549907,0.6893195208735916,-0.25026578483097894,-0.04720745865673304,0.4166666666666667,0.5324759870829487,-0.2753025053256675,0.3734038798409427,0.6944444444444445
online_soft,25.0,2023-07-31_2024-06-30,12,0.511076939066528,0.046802268590376395,0.511076939066528,0.046802268590376395,0.46427467047615156,0.4630475288119186,1.105590791175837,-0.25026578483097917,-0.04720745865673304,0.5,1.0020347722311291,0.5670961289580506,0.6074859462117843,0.6666666666666666
online_soft,25.0,2023-08-31_2024-07-31,12,0.30208475170514126,0.10318514893952901,0.30208475170514126,0.10318514893952901,0.19889960276561225,0.4294107478100904,0.8051698227907463,-0.25026578483097917,-0.04720745865673315,0.4166666666666667,0.5641666248470719,0.45956263077361553,0.34282249038854196,0.638888888888889
online_soft,25.0,2023-09-30_2024-08-31,12,0.01983432565447174,0.08473288946892565,0.01983432565447174,0.08473288946892565,-0.06489856381445391,0.3216644627772052,0.20580474897300027,-0.21966624906737586,-0.04720745865673315,0.4166666666666667,-0.06393516017096011,0.7327548857563425,0.0029797470764334477,0.638888888888889
online_soft,25.0,2023-10-31_2024-09-30,12,0.36971084606723625,0.12170948346779942,0.36971084606723625,0.12170948346779942,0.24800136259943684,0.3525330664072897,1.0594592762859345,-0.21966624906737597,-0.047207458656732815,0.5,0.7083699866482049,0.2571585823063523,0.40210205794469633,0.611111111111111
online_soft,25.0,2023-11-30_2024-10-31,12,0.12984622749566888,0.004734660022875703,0.12984622749566888,0.004734660022875703,0.12511156747279317,0.3775530121274619,0.49172302117942274,-0.12752055576906884,-0.07254414974326939,0.4166666666666667,0.47906349417181665,0.8539431261379279,0.1921275457558813,0.611111111111111
online_soft,25.0,2023-12-31_2024-11-30,12,0.42150563121387874,-0.026522408525777696,0.42150563121387874,-0.026522408525777696,0.44802803973965644,0.36722808441484206,1.1342518248444569,-0.11760873773576885,-0.07702368625268241,0.5,1.2715393508482193,1.2371322890760867,0.5458470355719494,0.6388888888888888
online_soft,25.0,2024-01-31_2024-12-31,12,0.5615172039536886,-0.013699490369203038,0.5615172039536886,-0.013699490369203038,0.5752166943228917,0.36684973420036465,1.4008951163276058,-0.11519416509671765,-0.07702368625268208,0.5833333333333334,1.5163768236714552,1.2281066936989822,0.6712697877506788,0.611111111111111
online_soft,25.0,2024-02-29_2025-01-31,12,1.0302196513736215,-0.14290566323586873,1.0302196513736215,-0.14290566323586873,1.1731253146094902,0.33468985221431796,2.326856080468601,-0.11519416509671776,-0.18252959118595857,0.6666666666666666,2.6123079659633457,0.2458906348784433,1.1973209998721352,0.611111111111111
online_soft,25.0,2024-03-31_2025-02-28,12,0.4685661467453959,-0.10676537761977256,0.4685661467453959,-0.10676537761977256,0.5753315243651684,0.4075515018400943,1.1447578159297818,-0.18361318258027937,-0.1825295911859588,0.5833333333333334,1.2457294785417663,-0.2673130626335288,0.5403491170983286,0.5833333333333333
online_soft,25.0,2024-04-30_2025-03-31,12,0.7043087345778367,-0.06461005552580057,0.7043087345778367,-0.06461005552580057,0.7689187901036373,0.3994470052068151,1.5495034359848672,-0.18361318258027937,-0.18252959118595868,0.6666666666666666,1.513738458953125,-0.15204880091795756,0.8145837571288632,0.5555555555555555
online_soft,25.0,2024-05-31_2025-04-30,12,0.5207765373259141,0.02942056800377868,0.5207765373259141,0.02942056800377868,0.49135596932213543,0.4210097796278049,1.206886281631729,-0.18361318258027937,-0.18252959118595857,0.5833333333333334,0.9559515163766046,-0.433911413315206,0.675188963454723,0.5555555555555556
online_soft,25.0,2024-06-30_2025-05-31,12,0.3650538497883107,-0.019239253194651806,0.3650538497883107,-0.019239253194651806,0.3842931029829625,0.4442897095800131,0.9134128215985828,-0.2593010242459889,-0.18252959118595835,0.5833333333333334,0.8278441072957111,-0.23013156175802588,0.4891831013801218,0.5555555555555556
online_soft,25.0,2024-07-31_2025-06-30,12,0.14717740188534467,0.03150250800801424,0.14717740188534467,0.03150250800801424,0.11567489387733043,0.41538159375439493,0.5233238636301466,-0.265085156820724,-0.1825295911859589,0.5,0.3429543410681498,-0.37972767736909846,0.26334763739564004,0.6111111111111112
online_soft,25.0,2024-08-31_2025-07-31,12,0.40418725153148194,0.02082724764079913,0.40418725153148194,0.02082724764079913,0.3833600038906828,0.48488907622868765,0.926713754593815,-0.265085156820724,-0.1720911800730176,0.5833333333333334,0.7761466832063147,-0.10613549424192494,0.5605783937128428,0.638888888888889
online_soft,25.0,2024-09-30_2025-08-31,12,0.770772515674083,0.07082064647411035,0.770772515674083,0.07082064647411035,0.6999518691999727,0.5374970506056251,1.326609215645302,-0.265085156820724,-0.1720911800730176,0.5833333333333334,1.100332786640963,0.02633417832621195,0.9947556632302508,0.611111111111111
online_soft,25.0,2024-10-31_2025-09-30,12,0.8173967846382908,0.07787885846139209,0.8173967846382908,0.07787885846139209,0.7395179261768987,0.5475670177056617,1.3600593398913075,-0.2650851568207242,-0.11858833109117162,0.5833333333333334,1.129545191779002,0.058600590953363764,1.0490971638106559,0.6388888888888888
online_soft,25.0,2024-11-30_2025-10-31,12,1.9957166999176126,0.1960061542824556,1.9957166999176126,0.1960061542824556,1.799710545635157,0.6380178515119648,2.0663884415811076,-0.2650851568207241,-0.11795970406671652,0.6666666666666666,1.6868910352658832,-0.04540150622923488,2.5214833120151208,0.6388888888888888
online_soft,25.0,2024-12-31_2025-11-30,12,1.8263506951726125,0.22133541890163522,1.8263506951726125,0.22133541890163522,1.6050152762709773,0.639512897546623,1.9620788415519812,-0.265085156820724,-0.11795970406671652,0.6666666666666666,1.5588775130924697,-0.031213785402207306,2.3186022598362066,0.5833333333333333
online_soft,25.0,2025-01-31_2025-12-31,12,1.4696666802719514,0.17166648362633885,1.4696666802719514,0.17166648362633885,1.2980001966456125,0.6582332181567448,1.6980340179919238,-0.265085156820724,-0.03669877287899381,0.5833333333333334,1.3983264094702674,0.2133213125865658,1.8130063802733085,0.6388888888888888
online_soft,25.0,2025-02-28_2026-01-31,12,0.8597180221875733,0.31334945156909844,0.8597180221875733,0.31334945156909844,0.5463685706184749,0.692896379814646,1.2041619556364076,-0.18293776850602939,-0.04758367670999886,0.5,0.8253529147134216,1.5697522014400076,0.4685089414206034,0.6388888888888888
online_soft,25.0,2025-03-31_2026-02-28,12,0.9461427278085801,0.08257309459079365,0.9461427278085801,0.08257309459079365,0.8635696332177865,0.6786682153510301,1.2853092568602256,-0.29952237217205024,-0.18488813271044613,0.5,1.2753261236632594,1.5932794620901234,0.9978781666773395,0.6944444444444443
online_soft,25.0,2025-04-30_2026-03-31,12,0.8985127029110409,0.028079656548997578,0.8985127029110409,0.028079656548997578,0.8704330463620433,0.6779436927736006,1.246908954728204,-0.29952237217205047,-0.19546042589812018,0.5,1.3162475398370117,1.5959920591818146,1.1066042201151527,0.6666666666666666
online_soft,25.0,2025-05-31_2026-04-30,12,0.940112073036995,-0.14610708694572017,0.940112073036995,-0.14610708694572017,1.0862191599827151,0.6733025772872175,1.2853913279204139,-0.29952237217205036,-0.29138146686445754,0.5833333333333334,1.7738927448606192,1.8099853583942178,1.8745461944469315,0.611111111111111
online_soft,25.0,2025-06-30_2026-05-31,12,1.2690959474536987,-0.18541351506394133,1.2690959474536987,-0.18541351506394133,1.45450946251764,0.6467242838469335,1.5733229358847598,-0.29952237217205047,-0.34737666250868915,0.6666666666666666,2.218469945155044,1.6356363027236094,2.453105021003059,0.5833333333333333
online_soft,25.0,2025-07-31_2026-06-30,12,1.4735627949976213,-0.1667764227923394,1.4735627949976213,-0.1667764227923394,1.6403392177899607,0.6388914162191228,1.7325508577821587,-0.29952237217205047,-0.34737666250868904,0.6666666666666666,2.4343334810792596,1.6292252568355243,2.605613091730559,0.5555555555555555
online_soft,25.0,2025-08-31_2026-07-31,11,0.9516765954550637,-0.20361006057922837,1.0739991214917475,-0.2199234939209873,1.2939226154127348,0.6394025188175404,1.4323164232621572,-0.29952237217205036,-0.34737666250868904,0.6363636363636364,2.1528784887787684,1.5340068810962382,2.2738257268029773,0.5151515151515151
