model,cost_bps,period,months,strategy_total_return,benchmark_total_return,strategy_cagr,benchmark_cagr,excess_cagr,strategy_volatility,strategy_sharpe_rf0,strategy_max_drawdown,benchmark_max_drawdown,active_hit_rate,information_ratio,beta_to_benchmark,annualized_alpha_rf0,average_monthly_turnover
cap300_composite,25.0,2015-02-28_2016-01-31,12,0.01605464230117537,-0.12464243166357358,0.01605464230117537,-0.12464243166357358,0.14069707396474895,0.01605464230117528,0.9999999999999999,0.0,-0.23461549146957184,0.5,0.8948699738106769,0.0310915918338384,0.019993551569525536,0.08333333333333333
cap300_composite,25.0,2015-03-31_2016-02-29,12,0.1456100462686345,-0.12200459979370504,0.1456100462686345,-0.12200459979370504,0.26761464606233953,0.12705872276046692,1.1298944530709818,0.0,-0.19026047013875313,0.5833333333333334,1.4521995805155563,0.17298293655234803,0.17684080379164846,0.1111111111111111
cap300_composite,25.0,2015-04-30_2016-03-31,12,0.19266846506088275,-0.0487261301192532,0.19266846506088275,-0.0487261301192532,0.24139459518013595,0.12945671905042422,1.426269084851685,0.0,-0.19026047013875313,0.5833333333333334,1.318507822692289,0.17564578952477272,0.20961951253988698,0.16666666666666666
cap300_composite,25.0,2015-05-31_2016-04-30,12,0.16869124980345407,-0.08042164366594717,0.16869124980345407,-0.08042164366594717,0.24911289346940124,0.13355939148644427,1.231933411756825,-0.020103839381889532,-0.13984886986493428,0.5833333333333334,1.4294415384567736,0.21939110509912485,0.1968020716661918,0.16666666666666666
cap300_composite,25.0,2015-06-30_2016-05-31,12,0.33202698490616767,0.021583414106036036,0.33202698490616767,0.021583414106036036,0.31044357080013163,0.18218077277049533,1.6702959274451201,-0.020103839381889532,-0.12048248506773218,0.5833333333333334,1.529226174298358,0.5251102391873944,0.33036819178301724,0.2222222222222222
cap300_composite,25.0,2015-07-31_2016-06-30,12,0.4609592583840796,0.0860932538897814,0.4609592583840796,0.0860932538897814,0.3748660044942982,0.19288246106374074,2.079452122139026,-0.020103839381889532,-0.06335335533136455,0.5833333333333334,1.693995685515201,0.6046865189647681,0.4064914005503104,0.25
cap300_composite,25.0,2015-08-31_2016-07-31,12,0.5738883137923136,0.19435731551835667,0.5738883137923136,0.19435731551835667,0.379530998273957,0.19375661361849938,2.469013652725748,-0.020103839381889532,-0.010009956345255477,0.5833333333333334,1.6290332362032542,0.7013358093359067,0.41038550935124496,0.2777777777777778
cap300_composite,25.0,2015-09-30_2016-08-31,12,0.7485538277128465,0.2701043538895269,0.7485538277128465,0.2701043538895269,0.4784494738233196,0.20051133580339464,2.9393091028497733,-0.020103839381889532,-0.010009956345255477,0.5833333333333334,1.7363821749427637,0.5574505795966453,0.560376803115475,0.3333333333333333
cap300_composite,25.0,2015-10-31_2016-09-30,12,0.9440349645437829,0.21713191795584685,0.9440349645437829,0.21713191795584685,0.726903046587936,0.20180034358475535,3.474526728807165,-0.020103839381889532,-0.010009956345255366,0.6666666666666666,2.6624553558967583,1.0925358554463709,0.6048998904512513,0.3888888888888889
cap300_composite,25.0,2015-11-30_2016-10-31,12,1.264386446962102,0.15798016020915506,1.264386446962102,0.15798016020915506,1.106406286752947,0.2164958334543256,3.999834856982408,-0.020103839381889532,-0.05046191183613391,0.6666666666666666,2.859866540271459,-0.38102478750491686,1.4348718808742733,0.4166666666666667
cap300_composite,25.0,2015-12-31_2016-11-30,12,1.3037783041290552,0.15321182844166992,1.3037783041290552,0.15321182844166992,1.1505664756873852,0.21079402566439986,4.190554447881669,-0.020103839381889532,-0.05046191183613402,0.6666666666666666,3.0431966312423087,-0.31367807744829934,1.4481316933396338,0.4166666666666666
cap300_composite,25.0,2016-01-31_2016-12-31,12,1.4294469943065171,0.14711071499834882,1.4294469943065171,0.14711071499834882,1.2823362793081683,0.1965927591485412,4.770739253312957,-0.020103839381889532,-0.05046191183613413,0.75,3.4429419515881565,-0.34463355288065506,1.5814947162403699,0.4444444444444444
cap300_composite,25.0,2016-02-29_2017-01-31,12,1.6385675688662955,0.12905921429286393,1.6385675688662955,0.12905921429286393,1.5095083545734316,0.18559988016781484,5.524530367036921,-0.020103839381889532,-0.05046191183613391,0.8333333333333334,4.232390772642638,-0.1511497060822776,1.722077547738456,0.4166666666666667
cap300_composite,25.0,2016-03-31_2017-02-28,12,1.270175726765879,0.14915985778953056,1.270175726765879,0.14915985778953056,1.1210158689763485,0.21161690144968354,4.101428473267052,-0.029912285315066844,-0.05046191183613402,0.75,2.9119547032831883,-0.4723050238001122,1.4625089762167565,0.4166666666666667
cap300_composite,25.0,2016-04-30_2017-03-31,12,1.4243200353862715,0.1749923153912778,1.4243200353862715,0.1749923153912778,1.2493277199949937,0.21203504716581761,4.426723089529049,-0.029912285315066844,-0.05046191183613413,0.75,3.09478949543271,-0.5051359554536912,1.6681553290056832,0.38888888888888884
cap300_composite,25.0,2016-05-31_2017-04-30,12,1.2810121049041308,0.19622916884670505,1.2810121049041308,0.19622916884670505,1.0847829360574257,0.24645497501390656,3.5734567783332003,-0.07802807744281148,-0.05046191183613402,0.75,2.4535294118591167,-0.7311844943386432,1.6504419909461232,0.4444444444444444
cap300_composite,25.0,2016-06-30_2017-05-31,12,0.890390297913777,0.1620726033918518,0.890390297913777,0.1620726033918518,0.7283176945219252,0.26565641747212315,2.580450140092708,-0.12912702087848005,-0.05046191183613391,0.6666666666666666,1.7236290769201972,-1.2509987829824694,1.3348752942797946,0.4444444444444445
cap300_composite,25.0,2016-07-31_2017-06-30,12,0.6758709514321308,0.11981317604468589,0.6758709514321308,0.11981317604468589,0.5560577753874449,0.2743944373136492,2.044685022550853,-0.15322312109907654,-0.05046191183613402,0.5833333333333334,1.4052599243035746,-1.5042093513064996,1.0435271304848222,0.4444444444444444
cap300_composite,25.0,2016-08-31_2017-07-31,12,0.46438963109831666,0.0887429950023102,0.46438963109831666,0.0887429950023102,0.37564663609600646,0.29105690958193264,1.4605526550623622,-0.20288520720071324,-0.05046191183613402,0.5,1.0177379433623566,-1.7509634751058671,0.7603310286712484,0.47222222222222215
cap300_composite,25.0,2016-09-30_2017-08-31,12,0.5412385040444145,0.09991973328039871,0.5412385040444145,0.09991973328039871,0.4413187707640158,0.3126081468830171,1.5463649379584354,-0.20288520720071324,-0.05046191183613402,0.5,1.1067068949550865,-1.6652794618822915,0.8776192758703436,0.47222222222222227
cap300_composite,25.0,2016-10-31_2017-09-30,12,0.4653713890352589,0.1075588143605537,0.4653713890352589,0.1075588143605537,0.3578125746747052,0.3036116053110665,1.4119301438239675,-0.202885207200713,-0.0004923640702735321,0.5,0.9510570673960869,-1.636742668826445,0.7972197167097206,0.4444444444444444
cap300_composite,25.0,2016-11-30_2017-10-31,12,0.2187511400924893,0.1559996199134983,0.2187511400924893,0.1559996199134983,0.062751520178991,0.2746037835591288,0.8472066045481337,-0.20288520720071312,-0.008932388259170088,0.4166666666666667,0.31480408819737626,0.7279978939358662,0.13337698868896264,0.47222222222222215
cap300_composite,25.0,2016-12-31_2017-11-30,12,0.1911445847904194,0.19992461049678534,0.1911445847904194,0.19992461049678534,-0.008780025706365935,0.27575068756542626,0.7601089881251756,-0.20288520720071324,-0.008932388259169977,0.4166666666666667,0.08374878158517048,-0.008766988157137612,0.23292788631669104,0.5277777777777778
cap300_composite,25.0,2017-01-31_2017-12-31,12,0.5801729743519644,0.24773371905633135,0.5801729743519644,0.24773371905633135,0.332439255295633,0.471727178114508,1.1744431787343037,-0.202885207200713,-0.008932388259170088,0.4166666666666667,0.7184489752919561,1.8578085341926935,0.14355455099420933,0.5
cap300_composite,25.0,2017-02-28_2018-01-31,12,0.6419933010045726,0.22472528642954592,0.6419933010045726,0.22472528642954592,0.4172680145750267,0.4793662646341641,1.2457885433511022,-0.20288520720071324,-0.008932388259170088,0.4166666666666667,0.8308738992687942,1.3396665740111064,0.37149356428872005,0.47222222222222227
cap300_composite,25.0,2017-03-31_2018-02-28,12,0.6629665210383937,0.11150665310004948,0.6629665210383937,0.11150665310004948,0.5514598679383442,0.4772750475334737,1.2772089332469416,-0.20288520720071324,-0.06307407298992962,0.5,1.0880685317143617,1.3129831913518695,0.575770415119295,0.47222222222222215
cap300_composite,25.0,2017-04-30_2018-03-31,12,0.7892519522337951,0.054403018339003184,0.7892519522337951,0.054403018339003184,0.7348489338947919,0.4961350718488624,1.3988273372396713,-0.13542400446598946,-0.09250223900477905,0.5,1.2881019056233565,0.61938707963085,0.8968372231943365,0.49999999999999994
cap300_composite,25.0,2017-05-31_2018-04-30,12,1.0388812846572395,0.042771960341875914,1.0388812846572395,0.042771960341875914,0.9961093243153636,0.47388435991786093,1.7359449587140596,-0.0846945399507465,-0.09416874157139277,0.5833333333333334,1.6524656199491485,0.6851734096488914,1.1490948672070793,0.47222222222222215
cap300_composite,25.0,2017-06-30_2018-05-31,12,1.3262528475292736,-0.005226881237519021,1.3262528475292736,-0.005226881237519021,1.3314797287667925,0.4541795214006005,2.104390703697033,-0.058648372834760876,-0.12207676452647664,0.6666666666666666,2.1408523750219945,0.772491276110348,1.5066657948216884,0.47222222222222227
cap300_composite,25.0,2017-07-31_2018-06-30,12,1.4012984922287623,0.0163507796990916,1.4012984922287623,0.0163507796990916,1.3849477125296707,0.4471223281808108,2.2077601717293844,-0.03671813289014558,-0.12207676452647676,0.6666666666666666,2.174523565395314,0.6136544506181403,1.5492009600265235,0.47222222222222215
cap300_composite,25.0,2017-08-31_2018-07-31,12,1.3505071691266441,0.02633003466478856,1.3505071691266441,0.02633003466478856,1.3241771344618556,0.45435261031253127,2.12880425025726,-0.07855947293447285,-0.12207676452647653,0.6666666666666666,2.054945460518889,0.4837702563859664,1.4984159751530362,0.47222222222222215
cap300_composite,25.0,2017-09-30_2018-08-31,12,1.0047940687865622,0.012828519177035869,1.0047940687865622,0.012828519177035869,0.9919655496095263,0.45026533213763054,1.766180615103315,-0.0810459441286604,-0.12207676452647664,0.6666666666666666,1.723879694199106,0.5042533935986566,1.1401747020024517,0.47222222222222227
cap300_composite,25.0,2017-10-31_2018-09-30,12,0.9198452416857406,-0.028994428060318933,0.9198452416857406,-0.028994428060318933,0.9488396697460595,0.4534803797771089,1.6548873053144073,-0.0810459441286604,-0.12207676452647676,0.6666666666666666,1.7170598292762136,0.5985065204294742,1.0974751902021906,0.47222222222222227
cap300_composite,25.0,2017-11-30_2018-10-31,12,0.9089574782096683,0.017470333624036494,0.9089574782096683,0.017470333624036494,0.8914871445856318,0.454751369095576,1.6381807832785114,-0.10394016677047657,-0.12207676452647676,0.6666666666666666,1.5512721061831,0.2263340497605162,1.0492951134115933,0.47222222222222215
cap300_composite,25.0,2017-12-31_2018-11-30,12,1.4778560445557227,-0.025356283802123625,1.4778560445557227,-0.025356283802123625,1.5032123283578462,0.5008205295473258,2.079181323736243,-0.10394016677047646,-0.12207676452647687,0.75,2.2007123079100936,1.2788488604389812,1.7798560928492395,0.5
cap300_composite,25.0,2018-01-31_2018-12-31,12,0.836807839519687,-0.01099995180484914,0.836807839519687,-0.01099995180484914,0.8478077913245361,0.36781575624175705,1.8470368406985558,-0.10394016677047657,-0.12095719505337177,0.6666666666666666,1.7564099769302306,-0.12324780962921025,0.9352880154657808,0.5555555555555556
cap300_composite,25.0,2018-02-28_2019-01-31,12,0.6045543032076277,-0.023323412109537922,0.6045543032076277,-0.023323412109537922,0.6278777153171656,0.357515179058543,1.4946988492449194,-0.10394016677047646,-0.06297476655901424,0.6666666666666666,1.4587716394584378,-0.06816148455909207,0.6848647596861868,0.5833333333333334
cap300_composite,25.0,2018-03-31_2019-02-28,12,0.6963926448470512,0.045204178762284775,0.6963926448470512,0.045204178762284775,0.6511884660847664,0.3512349367306401,1.6815261178085676,-0.10394016677047646,-0.032589089243883484,0.6666666666666666,1.432789906553998,-0.5920998247379315,0.8291092406391909,0.5833333333333334
cap300_composite,25.0,2018-04-30_2019-03-31,12,0.12132308511201306,0.07686204312787948,0.12132308511201306,0.07686204312787948,0.04446104198413359,0.39719616911299943,0.46603291447841594,-0.20931085995343113,-0.031039511736595693,0.5833333333333334,0.26903632983000975,0.405380342942753,0.16487211319087125,0.5833333333333334
cap300_composite,25.0,2018-05-31_2019-04-30,12,-0.07186898029711519,0.03769148450195714,-0.07186898029711519,0.03769148450195714,-0.10956046479907233,0.4202814857214156,0.009752873000605063,-0.3124212700030299,-0.04957195403333192,0.5,-0.09155225655641072,1.0291837129135073,-0.03788423231710569,0.638888888888889
cap300_composite,25.0,2018-06-30_2019-05-31,12,-0.07073627467280375,0.09645960452265201,-0.07073627467280375,0.09645960452265201,-0.16719587919545575,0.4205475936081371,0.012874182978781934,-0.31242127000303,-0.04957195403333203,0.5,-0.2300203701962808,1.7042761823471215,-0.147710811720973,0.638888888888889
cap300_composite,25.0,2018-07-31_2019-06-30,12,-0.1201936780474061,0.07648721996967378,-0.1201936780474061,0.07648721996967378,-0.19668089801707989,0.4234800539732431,-0.11335785540415932,-0.31242127000303,-0.04957195403333203,0.5,-0.31582617790163897,1.765979289086175,-0.17026428124375648,0.638888888888889
cap300_composite,25.0,2018-08-31_2019-07-31,12,0.03197538278714562,0.051509897202665744,0.03197538278714562,0.051509897202665744,-0.01953451441552012,0.4228578296633871,0.2633632591939978,-0.31242127000303,-0.04957195403333203,0.5833333333333334,0.14337137402592756,1.662876712542139,0.021501263428903572,0.611111111111111
cap300_composite,25.0,2018-09-30_2019-08-31,12,0.006568909627299835,0.032217370272061396,0.006568909627299835,0.032217370272061396,-0.02564846064476156,0.4243268700413487,0.20458847561731583,-0.3124212700030301,-0.05569706120271434,0.5,0.12747810608039237,1.628464200168087,0.028642839443054013,0.5833333333333333
cap300_composite,25.0,2018-10-31_2019-09-30,12,0.1028289181240849,0.0680196854801034,0.1028289181240849,0.0680196854801034,0.0348092326439815,0.4364513081628351,0.42070734826137085,-0.31242127000303,-0.05569706120271445,0.5,0.2780337643950078,1.8669593780949068,0.05464357346040716,0.611111111111111
cap300_composite,25.0,2018-11-30_2019-10-31,12,0.09483185255191207,-0.007313909877188718,0.09483185255191207,-0.007313909877188718,0.10214576242910078,0.43741471952243394,0.40381191039992675,-0.31242127000303,-0.07977064350808971,0.5,0.4505827187934027,2.35489426068062,0.20126149251509973,0.5833333333333333
cap300_composite,25.0,2018-12-31_2019-11-30,12,-0.05771013837070205,0.01695714726683817,-0.05771013837070205,0.01695714726683817,-0.07466728563754021,0.339697960379576,-0.00940957236738335,-0.3124212700030299,-0.07977064350808971,0.5,-0.08307845191266787,1.7825094366002847,-0.04082306698936922,0.5555555555555555
cap300_composite,25.0,2019-01-31_2019-12-31,12,-0.19639627594438647,-0.0907583313333864,-0.19639627594438647,-0.0907583313333864,-0.10563794461100007,0.35534238248862926,-0.43852784392331495,-0.31242127000303,-0.08173242622854304,0.5,-0.21676584446552194,2.22453574919034,0.04566087807340424,0.5555555555555556
cap300_composite,25.0,2019-02-28_2020-01-31,12,-0.25776294052946547,-0.15374678206850467,-0.25776294052946547,-0.15374678206850467,-0.1040161584609608,0.36009644435321925,-0.6451640109823631,-0.3124212700030301,-0.157070533612218,0.5,-0.2441348296721702,1.7247780658053626,0.041807973562055345,0.5277777777777778
cap300_composite,25.0,2019-03-31_2020-02-29,12,-0.29636580265933643,-0.2983301643039218,-0.29636580265933643,-0.2983301643039218,0.001964361644585355,0.354602737848236,-0.8075048440420309,-0.19427403403365728,-0.2968733323797681,0.5,0.12833095438055958,0.6291747971277906,-0.07593210881286683,0.5277777777777778
cap300_composite,25.0,2019-04-30_2020-03-31,12,-0.2651210210600361,-0.26938100433105683,-0.2651210210600361,-0.26938100433105683,0.004259983271020729,0.33581185869821717,-0.7481361287005655,-0.3346318319782927,-0.2897384073692094,0.5,0.10919148390104781,0.4315552820222334,-0.11949221403360999,0.5277777777777778
cap300_composite,25.0,2019-05-31_2020-04-30,12,-0.15728409097968032,-0.23441422140073764,-0.15728409097968032,-0.23441422140073764,0.07713013042105732,0.31396670833950746,-0.3937608257952357,-0.3364952328346519,-0.2897384073692094,0.5,0.3621793435205157,0.3879559888322177,-0.02903722124841346,0.47222222222222215
cap300_composite,25.0,2019-06-30_2020-05-31,12,-0.2722580392056465,-0.22854562482453433,-0.2722580392056465,-0.22854562482453433,-0.043712414381112175,0.30258129988675775,-0.8951052405027129,-0.38173869430195195,-0.2897384073692095,0.4166666666666667,-0.1048837030883014,0.21050923915115966,-0.20024508101245697,0.5
cap300_composite,25.0,2019-07-31_2020-06-30,12,-0.09252353615377396,-0.1941752572672133,-0.09252353615377396,-0.1941752572672133,0.10165172111343934,0.36432825126225993,-0.09921324473955251,-0.38173869430195206,-0.2827760862119635,0.5,0.4244084428464919,0.5104827965943098,0.06266673895322694,0.5277777777777778
cap300_composite,25.0,2019-08-31_2020-07-31,12,-0.2168758808031649,-0.1722348942847023,-0.2168758808031649,-0.1722348942847023,-0.0446409865184626,0.35718872588442796,-0.5158356024439156,-0.38173869430195206,-0.27948217627529803,0.4166666666666667,-0.05775035244641957,0.448473648856473,-0.10557180406638567,0.5277777777777778
cap300_composite,25.0,2019-09-30_2020-08-31,12,-0.23258261122596202,-0.21057570090232802,-0.23258261122596202,-0.21057570090232802,-0.022006910323634,0.3584283018879633,-0.5684835626437527,-0.38173869430195184,-0.27948217627529803,0.5,0.012611805245128716,0.4539199096755981,-0.10387818061492593,0.5555555555555556
cap300_composite,25.0,2019-10-31_2020-09-30,12,-0.2786661706804755,-0.1766274605970889,-0.2786661706804755,-0.1766274605970889,-0.10203871008338661,0.3385088246729764,-0.7986829778272874,-0.38173869430195195,-0.2794821762752979,0.4166666666666667,-0.3022267160930558,0.4382819640607555,-0.1810397907140594,0.5555555555555556
cap300_composite,25.0,2019-11-30_2020-10-31,12,-0.25433781811434886,-0.06643817837031618,-0.25433781811434886,-0.06643817837031618,-0.18789963974403268,0.33784171670465535,-0.7047946174225488,-0.38173869430195206,-0.2794821762752979,0.4166666666666667,-0.5588529548711528,0.3753587198882995,-0.20292853426107482,0.5555555555555555
cap300_composite,25.0,2019-12-31_2020-11-30,12,-0.20460397681842257,-0.050871312509224054,-0.20460397681842257,-0.050871312509224054,-0.15373266430919852,0.3751717580584531,-0.43718073712344196,-0.3009309118473217,-0.2358764964179022,0.4166666666666667,-0.38379209941482106,0.47579342396567964,-0.14471796679741555,0.5555555555555556
cap300_composite,25.0,2020-01-31_2020-12-31,12,0.04567919685471633,-0.013079995771551722,0.04567919685471633,-0.013079995771551722,0.05875919262626805,0.39536430920038185,0.2890341922132172,-0.24441365322230113,-0.16758179221927783,0.5,0.22540313209199017,0.3402288390624877,0.11320808891754353,0.5555555555555556
cap300_composite,25.0,2020-02-29_2021-01-31,12,0.5055168489709263,0.14471568274700242,0.5055168489709263,0.14471568274700242,0.3608011662239239,0.4969849738893821,1.0485851277716243,-0.2326655316903683,-0.07033476780972703,0.5,0.7174307675270312,0.5160296911036295,0.5338003576822317,0.5555555555555555
cap300_composite,25.0,2020-03-31_2021-02-28,12,0.8894605108631604,0.3187076559568369,0.8894605108631604,0.3187076559568369,0.5707528549063234,0.5271365390908398,1.4649924267181094,-0.11090841849511268,-0.07033476780972703,0.5,0.8848993144421089,0.21165471645900605,0.9939245448093326,0.5833333333333334
cap300_composite,25.0,2020-04-30_2021-03-31,12,1.2490569994894956,0.2712264885896778,1.2490569994894956,0.2712264885896778,0.9778305108998178,0.4698641678088522,1.9780498601040568,-0.11090841849511268,-0.07033476780972714,0.5,1.4239977648511135,0.438329446067521,1.2054655210788119,0.5555555555555555
cap300_composite,25.0,2020-05-31_2021-04-30,12,1.3803810222370294,0.2511461011810818,1.3803810222370294,0.2511461011810818,1.1292349210559476,0.46256617267237304,2.1351365228315675,-0.11090841849511268,-0.07033476780972703,0.5833333333333334,1.599684567471765,0.41402069304123523,1.3566599552475869,0.5833333333333334
cap300_composite,25.0,2020-06-30_2021-05-31,12,1.8523251270856815,0.22018559574957508,1.8523251270856815,0.22018559574957508,1.6321395313361065,0.43294089129697133,2.707960146666517,-0.11090841849511246,-0.07033476780972703,0.6666666666666666,2.207785183241257,0.4802702424283341,1.7863778520573832,0.5277777777777778
cap300_composite,25.0,2020-07-31_2021-06-30,12,2.362497438939923,0.1787337447456181,2.362497438939923,0.1787337447456181,2.1837636941943046,0.52222482477976,2.6508385500795524,-0.04676122595430965,-0.07033476780972703,0.6666666666666666,2.2807628303261787,0.37189477556089306,2.492577785147507,0.5277777777777778
cap300_composite,25.0,2020-08-31_2021-07-31,12,2.6787840493838178,0.17406019021811336,2.6787840493838178,0.17406019021811336,2.504723859165704,0.4954315758333754,2.9712818139473587,-0.0170367015809052,-0.0471551797914731,0.75,2.5904142177096947,0.39680044446435475,2.7693204051124565,0.5277777777777778
cap300_composite,25.0,2020-09-30_2021-08-31,12,2.0426834342265057,0.29094300690606567,2.0426834342265057,0.29094300690606567,1.75174042732044,0.5775388441579864,2.2634698826015,-0.21158627749921566,-0.0471551797914731,0.6666666666666666,1.7229235890609187,-0.3293893891648725,2.7423970448148833,0.5277777777777778
cap300_composite,25.0,2020-10-31_2021-09-30,12,1.815438229014017,0.285307502281577,1.815438229014017,0.285307502281577,1.53013072673244,0.592369762193294,2.075364494647052,-0.2394774735793963,-0.04715517979147299,0.6666666666666666,1.5576197411877246,-0.4380479888329865,2.5752295778193988,0.5
cap300_composite,25.0,2020-11-30_2021-10-31,12,1.9412592557635895,0.164192612882329,1.9412592557635895,0.164192612882329,1.7770666428812605,0.5846992067784138,2.178145874819656,-0.2394774735793963,-0.04715517979147299,0.75,1.8909565420919972,0.2803580469427679,2.222292325503349,0.5555555555555555
cap300_composite,25.0,2020-12-31_2021-11-30,12,1.2358417353196955,0.10075285366229347,1.2358417353196955,0.10075285366229347,1.135088881657402,0.61136649758482,1.6182909968707724,-0.2925530794274235,-0.04715517979147321,0.6666666666666666,1.4312284999410674,-0.10654532517184402,1.6132834421475661,0.5277777777777778
cap300_composite,25.0,2021-01-31_2021-12-31,12,1.0670029735669209,0.1311417024200292,1.0670029735669209,0.1311417024200292,0.9358612711468917,0.6050658564177195,1.490033126977834,-0.2925530794274235,-0.04715517979147299,0.6666666666666666,1.2693378665646058,0.18713738832025942,1.3327285568242133,0.49999999999999994
cap300_composite,25.0,2021-02-28_2022-01-31,12,0.8064966048731832,0.1035559333431273,0.8064966048731832,0.1035559333431273,0.7029406715300559,0.5478868241688637,1.3391225779398783,-0.2925530794274235,-0.008710521467504728,0.6666666666666666,1.1017137756067226,-1.7586141501976522,1.4102923053775784,0.49999999999999994
cap300_composite,25.0,2021-03-31_2022-02-28,12,0.5378237033880808,0.1814244316261513,0.5378237033880808,0.1814244316261513,0.35639927176192954,0.513728516301027,1.0703915489022713,-0.29255307942742337,-0.008710521467504728,0.6666666666666666,0.7332225427023515,-0.21904265790747246,0.7737833287071789,0.4722222222222221
cap300_composite,25.0,2021-04-30_2022-03-31,12,0.7790652844690966,0.2056999327796627,0.7790652844690966,0.2056999327796627,0.5733653516894339,0.5162807757963643,1.363773703085685,-0.29255307942742337,-0.008710521467504728,0.75,0.9850292132307539,-0.3221629264794464,1.0999562882563483,0.4722222222222221
cap300_composite,25.0,2021-05-31_2022-04-30,12,1.0056765867240047,0.20202014645819677,1.0056765867240047,0.20202014645819677,0.803656440265808,0.5326035058781542,1.5743922070208625,-0.2925530794274236,-0.011058901373715124,0.75,1.1946547773113279,-1.3735244024384055,1.8528398024231607,0.44444444444444436
cap300_composite,25.0,2021-06-30_2022-05-31,12,0.3369845979303241,0.1547230806668567,0.3369845979303241,0.1547230806668567,0.1822615172634674,0.6199442654861331,0.7521116664489129,-0.29255307942742337,-0.04389760737316839,0.6666666666666666,0.5259016134151319,1.9004190134744328,0.20272524529885616,0.44444444444444436
cap300_composite,25.0,2021-07-31_2022-06-30,12,-0.18613014237613246,0.14515293481688385,-0.18613014237613246,0.14515293481688385,-0.3312830771930163,0.5060312482793683,-0.15868407275893978,-0.36708262960759463,-0.04389760737316839,0.5833333333333334,-0.44887815949256615,1.924401615037256,-0.29746123677718095,0.4444444444444444
cap300_composite,25.0,2021-08-31_2022-07-31,12,-0.3642276664882864,0.16719366722844042,-0.3642276664882864,0.16719366722844042,-0.5314213337167268,0.5410292592930008,-0.5611522406601726,-0.4954771887407382,-0.04389760737316839,0.5,-0.8668343451408457,1.1494705625814818,-0.3910228232594153,0.47222222222222227
cap300_composite,25.0,2021-09-30_2022-08-31,12,-0.14286338683903665,0.11990803732841937,-0.14286338683903665,0.11990803732841937,-0.262771424167456,0.5064542943720471,-0.05743571812990471,-0.4954771887407382,-0.04389760737316817,0.5833333333333334,-0.2927976188999689,0.9750155992001012,-0.1342647340999491,0.47222222222222227
cap300_composite,25.0,2021-10-31_2022-09-30,12,-0.1561712053307568,0.07700156092153554,-0.1561712053307568,0.07700156092153554,-0.23317276625229233,0.5077371491070298,-0.0867874605373057,-0.4954771887407382,-0.04389760737316828,0.5833333333333334,-0.24398099684199973,1.5331980670215761,-0.15058060375948756,0.4444444444444444
cap300_composite,25.0,2021-11-30_2022-10-31,12,-0.14924433224281808,0.0837751064100245,-0.14924433224281808,0.0837751064100245,-0.23301943865284258,0.5084699660533738,-0.06999014591666072,-0.4954771887407382,-0.04389760737316839,0.5833333333333334,-0.23933549187318073,1.6093551820277203,-0.15694682111082858,0.4444444444444444
cap300_composite,25.0,2021-12-31_2022-11-30,12,0.3477797282093016,0.04089310124175727,0.3477797282093016,0.04089310124175727,0.3068866269675443,0.6518570206588467,0.7526882886445255,-0.4954771887407382,-0.052330809109684795,0.6666666666666666,0.6686050262743648,-1.1096500442761605,0.6938759953457065,0.4444444444444444
cap300_composite,25.0,2022-01-31_2022-12-31,12,0.22551662875784118,0.03139589518781816,0.22551662875784118,0.03139589518781816,0.19412073357002302,0.6535976858233077,0.601496017741794,-0.4954771887407382,-0.0538908420070876,0.5833333333333334,0.5353914416946598,-1.0892836525292622,0.5262605076078479,0.49999999999999994
cap300_composite,25.0,2022-02-28_2023-01-31,12,0.380160609077401,-0.006523085673795559,0.380160609077401,-0.006523085673795559,0.38668369475119657,0.700636716479761,0.770784894909775,-0.4954771887407383,-0.053890842007087936,0.5833333333333334,0.7527662097173144,-2.3630883108025134,0.6805973773369758,0.5555555555555555
cap300_composite,25.0,2022-03-31_2023-02-28,12,0.19009493956708856,-0.03763942955797195,0.19009493956708856,-0.03763942955797195,0.2277343691250605,0.7139083407158139,0.5535229696893454,-0.4954771887407383,-0.05860315994470999,0.5,0.5869920645075767,-2.76586186845242,0.338493355699941,0.5555555555555555
cap300_composite,25.0,2022-04-30_2023-03-31,12,0.04176970696695026,-0.0433257664262765,0.04176970696695026,-0.0433257664262765,0.08509547339322676,0.7053514862396814,0.3593053060939535,-0.4954771887407382,-0.052003665957635614,0.4166666666666667,0.40420061128989676,-3.8159326266140434,0.09636447615564858,0.611111111111111
cap300_composite,25.0,2022-05-31_2023-04-30,12,-0.3457027726594789,-0.07213752035282106,-0.3457027726594789,-0.07213752035282106,-0.27356525230665785,0.7283135268990214,-0.25966481618794063,-0.3251827925064107,-0.07596598010903766,0.3333333333333333,-0.1584115487669483,-0.9149998127848398,-0.2272060141548763,0.6388888888888888
cap300_composite,25.0,2022-06-30_2023-05-31,12,-0.11301274186324284,-0.0361282154897381,-0.11301274186324284,-0.0361282154897381,-0.07688452637350474,0.6796563205572463,0.11120244799040892,-0.3251827925064106,-0.07596598010903755,0.4166666666666667,0.15677686534052523,-2.648502052399642,-0.015619141805047865,0.6944444444444443
cap300_composite,25.0,2022-07-31_2023-06-30,12,0.2259156639059503,-0.0028433046031512976,0.2259156639059503,-0.0028433046031512976,0.2287589685091016,0.6759877287173377,0.5924822599593921,-0.3251827925064108,-0.07596598010903743,0.5,0.582084916163516,-0.6742524311017739,0.4831044033743488,0.6944444444444445
cap300_composite,25.0,2022-08-31_2023-07-31,12,0.563456453132188,-0.031389184091800915,0.563456453132188,-0.031389184091800915,0.5948456372239889,0.6261028543369174,0.990241477141203,-0.3251827925064106,-0.0655917893195096,0.5833333333333334,1.041428303910523,0.7973785523084392,0.871444870731815,0.6666666666666666
cap300_composite,25.0,2022-09-30_2023-08-31,12,0.760245746526967,-0.014331580574544756,0.760245746526967,-0.014331580574544756,0.7745773271015117,0.6427990235277867,1.172654795977072,-0.3251827925064106,-0.06559178931950937,0.5833333333333334,1.196860691782931,0.8635626990704893,1.0976785824991735,0.6388888888888888
cap300_composite,25.0,2022-10-31_2023-09-30,12,0.7288962668492718,-0.04883569016310929,0.7288962668492718,-0.04883569016310929,0.7777319570123811,0.6462605089936603,1.1402033739916728,-0.3251827925064107,-0.06327241269436523,0.5833333333333334,1.23248933707587,1.6189829453788287,1.1970410913137655,0.6944444444444443
cap300_composite,25.0,2022-11-30_2023-10-31,12,0.6668445143831376,-8.074453772832779e-05,0.6668445143831376,-8.074453772832779e-05,0.666925258920866,0.6486123338011763,1.0784552550667623,-0.3251827925064107,-0.04084242285001627,0.5,1.0775179188284387,0.7253884308213144,0.9684911077855809,0.6666666666666666
cap300_composite,25.0,2022-12-31_2023-11-30,12,-0.20478945846139462,0.06162621592425688,-0.20478945846139462,0.06162621592425688,-0.2664156743856515,0.6142114537354683,-0.07604304358727937,-0.37943802687628336,-0.04084242285001627,0.4166666666666667,-0.18362053774353104,1.5946101646572153,-0.13833072279446845,0.6666666666666666
cap300_composite,25.0,2023-01-31_2023-12-31,12,-0.18470375677814732,0.05389394652891433,-0.18470375677814732,0.05389394652891433,-0.23859770330706165,0.613886721268671,-0.03586864653309279,-0.37943802687628303,-0.04084242285001627,0.5,-0.13033639520226098,1.5344735052414962,-0.10308297199160577,0.638888888888889
cap300_composite,25.0,2023-02-28_2024-01-31,12,-0.4264949203624888,0.06910062416905749,-0.4264949203624888,0.06910062416905749,-0.4955955445315463,0.5124263537852863,-0.8017633348284362,-0.4109264896932001,-0.04084242285001627,0.4166666666666667,-0.9745824546950674,1.6516139650169874,-0.4169632416653267,0.6111111111111112
cap300_composite,25.0,2023-03-31_2024-02-29,12,-0.23550101558172554,0.07105311702696282,-0.23550101558172554,0.07105311702696282,-0.30655413260868836,0.5614310610683139,-0.19368636157740046,-0.4109264896932002,-0.04084242285001627,0.5,-0.3290304430685328,1.2422229986622424,-0.18163343526277398,0.6666666666666666
cap300_composite,25.0,2023-04-30_2024-03-31,12,-0.22699761900077775,0.04605177038880415,-0.22699761900077775,0.04605177038880415,-0.2730493893895819,0.5616369363723134,-0.17390146043748583,-0.4109264896932,-0.028914327222309355,0.5833333333333334,-0.2655183680157677,1.204805371984301,-0.14567570906064387,0.611111111111111
cap300_composite,25.0,2023-05-31_2024-04-30,12,-0.06859066489905463,0.05087612226469651,-0.06859066489905463,0.05087612226469651,-0.11946678716375114,0.5071262651302322,0.10938566951882765,-0.4109264896932,-0.04720745865673304,0.5833333333333334,0.0044754956313460175,0.21738744524745543,0.04480546053659684,0.5833333333333333
cap300_composite,25.0,2023-06-30_2024-05-31,12,-0.016181649145766253,0.06029804021364593,-0.016181649145766253,0.06029804021364593,-0.07647968935941218,0.5108246458808695,0.21973667102768943,-0.4109264896932001,-0.04720745865673304,0.5833333333333334,0.09738523702514539,0.2863587378077872,0.09863563378714546,0.5555555555555555
cap300_composite,25.0,2023-07-31_2024-06-30,12,-0.15133535358429095,0.046802268590376395,-0.15133535358429095,0.046802268590376395,-0.19813762217466735,0.4780760812114961,-0.10293384798876486,-0.4109264896932001,-0.04720745865673304,0.5,-0.19873529072370588,-0.6247915896995895,-0.01847145685226781,0.49999999999999994
cap300_composite,25.0,2023-08-31_2024-07-31,12,-0.19038698097996065,0.10318514893952901,-0.19038698097996065,0.10318514893952901,-0.29357212991948967,0.47815285569222044,-0.20075254798816394,-0.4109264896932,-0.04720745865673315,0.4166666666666667,-0.3984615754532205,-0.5732728924619219,-0.03633669880464252,0.5277777777777778
cap300_composite,25.0,2023-09-30_2024-08-31,12,-0.2429673986087626,0.08473288946892565,-0.2429673986087626,0.08473288946892565,-0.32770028807768825,0.447165594515184,-0.38847151520804407,-0.37084339417423806,-0.04720745865673315,0.4166666666666667,-0.5488376178919216,-0.6858904743110582,-0.10870549059350154,0.5555555555555556
cap300_composite,25.0,2023-10-31_2024-09-30,12,-0.11291504281998122,0.12170948346779942,-0.11291504281998122,0.12170948346779942,-0.23462452628778063,0.45516705946018043,-0.029603606711279793,-0.37084339417423806,-0.047207458656732815,0.5,-0.2739619080083206,-1.0804724810888007,0.1219117335319917,0.5555555555555556
cap300_composite,25.0,2023-11-30_2024-10-31,12,-0.2284970786589814,0.004734660022875703,-0.2284970786589814,0.004734660022875703,-0.2332317386818571,0.4720961572903558,-0.3055852782299337,-0.126977859267273,-0.07254414974326939,0.5,-0.3167707714505774,-0.12514646437365073,-0.13399226917052354,0.5277777777777778
cap300_composite,25.0,2023-12-31_2024-11-30,12,0.24146448745636517,-0.026522408525777696,0.24146448745636517,-0.026522408525777696,0.26798689598214287,0.341902986726178,0.7909608175261589,-0.1269778592672729,-0.07702368625268241,0.5833333333333334,0.8735236978729408,0.7273560912695513,0.32706487285104946,0.5833333333333334
cap300_composite,25.0,2024-01-31_2024-12-31,12,0.4366983979652226,-0.013699490369203038,0.4366983979652226,-0.013699490369203038,0.4503978883344256,0.36701057056774444,1.1662315645596228,-0.126977859267273,-0.07702368625268208,0.5833333333333334,1.2179159722989619,0.7799782688459644,0.5329480865503078,0.5555555555555555
cap300_composite,25.0,2024-02-29_2025-01-31,12,0.32458880136089374,-0.14290566323586873,0.32458880136089374,-0.14290566323586873,0.46749446459676247,0.397093924935419,0.8966470659152849,-0.14971030385403472,-0.18252959118595857,0.5833333333333334,1.46690397484709,1.388312443017766,0.7168985882174936,0.5555555555555555
cap300_composite,25.0,2024-03-31_2025-02-28,12,-0.07132694639561599,-0.10676537761977256,-0.07132694639561599,-0.10676537761977256,0.035438431224156575,0.383033021871448,-0.014059672489387514,-0.2791227813008379,-0.1825295911859588,0.5,0.2648404754993449,0.8730501480128589,0.0848444225664493,0.5277777777777778
cap300_composite,25.0,2024-04-30_2025-03-31,12,0.01732668433840101,-0.06461005552580057,0.01732668433840101,-0.06461005552580057,0.08193673986420158,0.39674239718391074,0.2286080904431143,-0.2791227813008379,-0.18252959118595868,0.5,0.3982186329000424,0.9759136169544612,0.15201158394095815,0.5277777777777778
cap300_composite,25.0,2024-05-31_2025-04-30,12,0.06841332280218593,0.02942056800377868,0.06841332280218593,0.02942056800377868,0.03899275479840725,0.385852763023102,0.35224854847542764,-0.279122781300838,-0.18252959118595857,0.5,0.24476127604877726,0.6225057547098656,0.11413060415181753,0.5277777777777778
cap300_composite,25.0,2024-06-30_2025-05-31,12,-0.10455126596376207,-0.019239253194651806,-0.10455126596376207,-0.019239253194651806,-0.08531201276911027,0.39768950797662994,-0.0920825744103032,-0.3286040285789913,-0.18252959118595835,0.4166666666666667,-0.08590606201022431,0.7084162471858296,-0.033297381737222964,0.5277777777777778
cap300_composite,25.0,2024-07-31_2025-06-30,12,-0.1091991735401533,0.03150250800801424,-0.1091991735401533,0.03150250800801424,-0.14070168154816753,0.3974805701070036,-0.10537031415847384,-0.3286040285789914,-0.1825295911859589,0.4166666666666667,-0.23566696610725765,0.6120745990691134,-0.06966046849535501,0.5833333333333334
cap300_composite,25.0,2024-08-31_2025-07-31,12,-0.16714704488854493,0.02082724764079913,-0.16714704488854493,0.02082724764079913,-0.18797429252934406,0.40699152404783795,-0.2579222616261612,-0.3859948024204536,-0.1720911800730176,0.4166666666666667,-0.3567920591413878,0.560237694436196,-0.11932750073668963,0.5833333333333334
cap300_composite,25.0,2024-09-30_2025-08-31,12,0.5612008891189013,0.07082064647411035,0.5612008891189013,0.07082064647411035,0.49038024264479096,1.18152626301719,0.7393919955025466,-0.3859948024204535,-0.1720911800730176,0.4166666666666667,0.6825232474929727,1.3718122042975553,1.080068568782551,0.6111111111111112
cap300_composite,25.0,2024-10-31_2025-09-30,12,0.5047816615933116,0.07787885846139209,0.5047816615933116,0.07787885846139209,0.42690280313191953,1.1814509041469794,0.7060072518910289,-0.3859948024204535,-0.11858833109117162,0.4166666666666667,0.6425349843835401,1.3689076944425935,0.9874453159374861,0.6111111111111112
cap300_composite,25.0,2024-11-30_2025-10-31,12,1.4699877659447989,0.1960061542824556,1.4699877659447989,0.1960061542824556,1.2739816116623432,1.212163389640637,1.150085896475843,-0.38599480242045336,-0.11795970406671652,0.5,1.0084331765220624,1.3781959526445275,1.92868064880252,0.638888888888889
cap300_composite,25.0,2024-12-31_2025-11-30,12,1.5334004067261167,0.22133541890163522,1.5334004067261167,0.22133541890163522,1.3120649878244814,1.2119657779065498,1.1734790857592923,-0.3859948024204535,-0.11795970406671652,0.5,1.0143449777844318,1.3842853522962693,1.9226788620218378,0.5833333333333334
cap300_composite,25.0,2025-01-31_2025-12-31,12,0.8127859115596221,0.17166648362633885,0.8127859115596221,0.17166648362633885,0.6411194279332832,1.2442094576704743,0.8779513500468503,-0.27788705383283496,-0.03669877287899381,0.4166666666666667,0.7581122936366411,1.7435910295427286,1.1396660514766834,0.6111111111111112
cap300_composite,25.0,2025-02-28_2026-01-31,12,0.6944753062598421,0.31334945156909844,0.6944753062598421,0.31334945156909844,0.38112585469074367,1.2570938166048118,0.82480846628784,-0.34047646797053144,-0.04758367670999886,0.4166666666666667,0.6105988587335577,2.259922566476549,0.47897663631775567,0.6111111111111112
cap300_composite,25.0,2025-03-31_2026-02-28,12,0.49227389580412484,0.08257309459079365,0.49227389580412484,0.08257309459079365,0.4097008012133312,1.2818684761678456,0.7299450791768155,-0.5075773981916893,-0.18488813271044613,0.4166666666666667,0.6850676312778694,2.3141374517957543,0.9810940816796798,0.638888888888889
cap300_composite,25.0,2025-04-30_2026-03-31,12,0.43448447836292803,0.028079656548997578,0.43448447836292803,0.028079656548997578,0.40640482181393045,1.2816851070352246,0.6967350574790249,-0.5075773981916893,-0.19546042589812018,0.4166666666666667,0.6929656244089378,2.343383192357577,1.1300269564761027,0.6666666666666666
cap300_composite,25.0,2025-05-31_2026-04-30,12,0.1515553651624415,-0.14610708694572017,0.1515553651624415,-0.14610708694572017,0.29766245210816167,1.3152563567571802,0.5371400897688762,-0.6037880622926936,-0.29138146686445754,0.4166666666666667,0.686700513986138,2.79088919564975,1.7969609496545798,0.6944444444444445
cap300_composite,25.0,2025-06-30_2026-05-31,12,0.44134910863753896,-0.18541351506394133,0.44134910863753896,-0.18541351506394133,0.6267626237014803,1.303530005127196,0.7144157979542249,-0.6037880622926936,-0.34737666250868915,0.5,0.9106368092158127,2.4443368526132097,2.6321242558473483,0.638888888888889
cap300_composite,25.0,2025-07-31_2026-06-30,12,0.46867707802948044,-0.1667764227923394,0.46867707802948044,-0.1667764227923394,0.6354535008218198,1.3025650839586838,0.7296256327370767,-0.6037880622926936,-0.34737666250868904,0.5,0.9054130591181215,2.2292880324195337,2.398422200310322,0.611111111111111
cap300_composite,25.0,2025-08-31_2026-07-31,11,0.6197136322187742,-0.20361006057922837,0.6923028162738945,-0.2199234939209873,0.9122263101948818,1.3518185435385075,0.8422059331274291,-0.6037880622926937,-0.34737666250868904,0.5454545454545454,1.0845745321285458,2.594120694227205,3.893565466654744,0.606060606060606
mlp_rank,25.0,2015-02-28_2016-01-31,12,0.0,-0.12464243166357358,0.0,-0.12464243166357358,0.12464243166357358,0.0,,0.0,-0.23461549146957184,0.5,0.7692353657490086,0.0,0.0,0.0
mlp_rank,25.0,2015-03-31_2016-02-29,12,0.0,-0.12200459979370504,0.0,-0.12200459979370504,0.12200459979370504,0.0,,0.0,-0.19026047013875313,0.5,0.7474004123133282,0.0,0.0,0.0
mlp_rank,25.0,2015-04-30_2016-03-31,12,0.0,-0.0487261301192532,0.0,-0.0487261301192532,0.0487261301192532,0.0,,0.0,-0.19026047013875313,0.5,0.2945962713956538,0.0,0.0,0.0
mlp_rank,25.0,2015-05-31_2016-04-30,12,0.0,-0.08042164366594717,0.0,-0.08042164366594717,0.08042164366594717,0.0,,0.0,-0.13984886986493428,0.5833333333333334,0.5552286404953644,0.0,0.0,0.0
mlp_rank,25.0,2015-06-30_2016-05-31,12,0.0,0.021583414106036036,0.0,0.021583414106036036,-0.021583414106036036,0.0,,0.0,-0.12048248506773218,0.5,-0.22352345704440557,0.0,0.0,0.0
mlp_rank,25.0,2015-07-31_2016-06-30,12,0.0,0.0860932538897814,0.0,0.0860932538897814,-0.0860932538897814,0.0,,0.0,-0.06335335533136455,0.4166666666666667,-0.6835014618321261,0.0,0.0,0.0
mlp_rank,25.0,2015-08-31_2016-07-31,12,0.0,0.19435731551835667,0.0,0.19435731551835667,-0.19435731551835667,0.0,,0.0,-0.010009956345255477,0.3333333333333333,-1.6504689328849365,0.0,0.0,0.0
mlp_rank,25.0,2015-09-30_2016-08-31,12,0.0,0.2701043538895269,0.0,0.2701043538895269,-0.2701043538895269,0.0,,0.0,-0.010009956345255477,0.3333333333333333,-3.192134766027101,0.0,0.0,0.0
mlp_rank,25.0,2015-10-31_2016-09-30,12,0.0,0.21713191795584685,0.0,0.21713191795584685,-0.21713191795584685,0.0,,0.0,-0.010009956345255366,0.3333333333333333,-2.9896456232828945,0.0,0.0,0.0
mlp_rank,25.0,2015-11-30_2016-10-31,12,0.0,0.15798016020915506,0.0,0.15798016020915506,-0.15798016020915506,0.0,,0.0,-0.05046191183613391,0.3333333333333333,-1.6158077180905055,0.0,0.0,0.0
mlp_rank,25.0,2015-12-31_2016-11-30,12,0.0,0.15321182844166992,0.0,0.15321182844166992,-0.15321182844166992,0.0,,0.0,-0.05046191183613402,0.3333333333333333,-1.585909882034272,0.0,0.0,0.0
mlp_rank,25.0,2016-01-31_2016-12-31,12,0.0,0.14711071499834882,0.0,0.14711071499834882,-0.14711071499834882,0.0,,0.0,-0.05046191183613413,0.4166666666666667,-1.5186457163119254,0.0,0.0,0.0
mlp_rank,25.0,2016-02-29_2017-01-31,12,0.0,0.12905921429286393,0.0,0.12905921429286393,-0.12905921429286393,0.0,,0.0,-0.05046191183613391,0.4166666666666667,-1.3860074719397526,0.0,0.0,0.0
mlp_rank,25.0,2016-03-31_2017-02-28,12,0.0,0.14915985778953056,0.0,0.14915985778953056,-0.14915985778953056,0.0,,0.0,-0.05046191183613402,0.4166666666666667,-1.5366781280264963,0.0,0.0,0.0
mlp_rank,25.0,2016-04-30_2017-03-31,12,0.0,0.1749923153912778,0.0,0.1749923153912778,-0.1749923153912778,0.0,,0.0,-0.05046191183613413,0.3333333333333333,-1.7920390212761703,0.0,0.0,0.0
mlp_rank,25.0,2016-05-31_2017-04-30,12,0.0,0.19622916884670505,0.0,0.19622916884670505,-0.19622916884670505,0.0,,0.0,-0.05046191183613402,0.25,-2.0526802785754192,0.0,0.0,0.0
mlp_rank,25.0,2016-06-30_2017-05-31,12,0.0,0.1620726033918518,0.0,0.1620726033918518,-0.1620726033918518,0.0,,0.0,-0.05046191183613391,0.25,-1.8500646165923802,0.0,0.0,0.0
mlp_rank,25.0,2016-07-31_2017-06-30,12,0.0,0.11981317604468589,0.0,0.11981317604468589,-0.11981317604468589,0.0,,0.0,-0.05046191183613402,0.25,-1.4833021104863158,0.0,0.0,0.0
mlp_rank,25.0,2016-08-31_2017-07-31,12,0.0,0.0887429950023102,0.0,0.0887429950023102,-0.0887429950023102,0.0,,0.0,-0.05046191183613402,0.25,-1.178467776220198,0.0,0.0,0.0
mlp_rank,25.0,2016-09-30_2017-08-31,12,0.0,0.09991973328039871,0.0,0.09991973328039871,-0.09991973328039871,0.0,,0.0,-0.05046191183613402,0.16666666666666666,-1.3332628457703908,0.0,0.0,0.0
mlp_rank,25.0,2016-10-31_2017-09-30,12,0.0,0.1075588143605537,0.0,0.1075588143605537,-0.1075588143605537,0.0,,0.0,-0.0004923640702735321,0.16666666666666666,-1.4170583545789386,0.0,0.0,0.0
mlp_rank,25.0,2016-11-30_2017-10-31,12,0.0,0.1559996199134983,0.0,0.1559996199134983,-0.1559996199134983,0.0,,0.0,-0.008932388259170088,0.16666666666666666,-3.396369689056473,0.0,0.0,0.0
mlp_rank,25.0,2016-12-31_2017-11-30,12,0.0,0.19992461049678534,0.0,0.19992461049678534,-0.19992461049678534,0.0,,0.0,-0.008932388259169977,0.16666666666666666,-2.6817886502407284,0.0,0.0,0.0
mlp_rank,25.0,2017-01-31_2017-12-31,12,0.0,0.24773371905633135,0.0,0.24773371905633135,-0.24773371905633135,0.0,,0.0,-0.008932388259170088,0.08333333333333333,-3.1914908218284626,0.0,0.0,0.0
mlp_rank,25.0,2017-02-28_2018-01-31,12,0.12525697328541407,0.22472528642954592,0.12525697328541407,0.22472528642954592,-0.09946831314413185,0.12525697328541413,1.0,0.0,-0.008932388259170088,0.16666666666666666,-0.5044864883584207,-0.4681694612073466,0.2461539788991025,0.08333333333333333
mlp_rank,25.0,2017-03-31_2018-02-28,12,0.06598220423074141,0.11150665310004948,0.06598220423074141,0.11150665310004948,-0.045524448869308065,0.1402276603690334,0.517589196936528,-0.052676651166717936,-0.06307407298992962,0.25,-0.24247179269016073,0.23840019056755987,0.04703555856435626,0.13888888888888887
mlp_rank,25.0,2017-04-30_2018-03-31,12,0.14236808092485131,0.054403018339003184,0.14236808092485131,0.054403018339003184,0.08796506258584813,0.15444417364384883,0.9339171540682132,-0.052676651166717936,-0.09250223900477905,0.3333333333333333,0.4498421553764817,0.01240779714715123,0.1533339746022675,0.19444444444444442
mlp_rank,25.0,2017-05-31_2018-04-30,12,0.10677096751687087,0.042771960341875914,0.10677096751687087,0.042771960341875914,0.06399900717499496,0.16012868007738887,0.7061649056592043,-0.052676651166717936,-0.09416874157139277,0.3333333333333333,0.33914590992644966,0.03981204600509284,0.11702256323201632,0.24999999999999997
mlp_rank,25.0,2017-06-30_2018-05-31,12,0.03857441729394928,-0.005226881237519021,0.03857441729394928,-0.005226881237519021,0.0438012985314683,0.17522770111695635,0.29367316066639904,-0.09085833661149878,-0.12207676452647664,0.3333333333333333,0.2589408720315593,0.22648215450802406,0.05247103031199707,0.3055555555555555
mlp_rank,25.0,2017-07-31_2018-06-30,12,0.1209849461291288,0.0163507796990916,0.1209849461291288,0.0163507796990916,0.1046341664300372,0.19041716442175252,0.6869618875313879,-0.09085833661149878,-0.12207676452647676,0.4166666666666667,0.5365205435744778,0.3443381065292961,0.13018436701191605,0.3611111111111111
mlp_rank,25.0,2017-08-31_2018-07-31,12,0.10652231609508567,0.02633003466478856,0.10652231609508567,0.02633003466478856,0.08019228143029711,0.19165593904360606,0.6152046147168536,-0.09085833661149878,-0.12207676452647653,0.4166666666666667,0.4176838227692587,0.32162831141506465,0.11290212855420756,0.4166666666666667
mlp_rank,25.0,2017-09-30_2018-08-31,12,0.10098339958814972,0.012828519177035869,0.10098339958814972,0.012828519177035869,0.08815488041111386,0.19200095540943543,0.5880279081467418,-0.09085833661149878,-0.12207676452647664,0.5,0.458899288245068,0.33322572061441247,0.11183082445893922,0.47222222222222227
mlp_rank,25.0,2017-10-31_2018-09-30,12,0.10599736203711707,-0.028994428060318933,0.10599736203711707,-0.028994428060318933,0.134991790097436,0.19181142336285603,0.6123514150026865,-0.09085833661149878,-0.12207676452647676,0.5833333333333334,0.6908024673283044,0.34875994946572886,0.13285295383386497,0.5277777777777778
mlp_rank,25.0,2017-11-30_2018-10-31,12,0.10610705101643791,0.017470333624036494,0.10610705101643791,0.017470333624036494,0.08863671739240142,0.19180592793405782,0.6128860265425289,-0.09085833661149878,-0.12207676452647676,0.5,0.4442181855332105,0.2844826887955031,0.11631069484207845,0.5555555555555556
mlp_rank,25.0,2017-12-31_2018-11-30,12,0.26032125825684926,-0.025356283802123625,0.26032125825684926,-0.025356283802123625,0.2856775420589729,0.2307546555019764,1.1136324056043976,-0.09085833661149878,-0.12207676452647687,0.5833333333333334,1.2744567585549273,0.7544072691425626,0.3089480637505362,0.5833333333333334
mlp_rank,25.0,2018-01-31_2018-12-31,12,0.27727185174817626,-0.01099995180484914,0.27727185174817626,-0.01099995180484914,0.2882718035530254,0.22978294581510955,1.1768727394968181,-0.09085833661149878,-0.12095719505337177,0.5833333333333334,1.2624869611089289,0.6970132599370565,0.31101717119639405,0.6388888888888888
mlp_rank,25.0,2018-02-28_2019-01-31,12,0.12460179660542625,-0.023323412109537922,0.12460179660542625,-0.023323412109537922,0.14792520871496417,0.2018572534000019,0.6733733775765426,-0.09085833661149867,-0.06297476655901424,0.5833333333333334,0.8208292260246914,0.7179623107431002,0.15894528899069305,0.6388888888888888
mlp_rank,25.0,2018-03-31_2019-02-28,12,0.29648677990655936,0.045204178762284775,0.29648677990655936,0.045204178762284775,0.2512826011442746,0.20369413332856362,1.3781197725719347,-0.09085833661149856,-0.032589089243883484,0.5833333333333334,1.1540996075613865,0.5538446810559368,0.2856313775318058,0.611111111111111
mlp_rank,25.0,2018-04-30_2019-03-31,12,0.09393144007266563,0.07686204312787948,0.09393144007266563,0.07686204312787948,0.017069396944786153,0.22779977033025717,0.4973030349057221,-0.09577165456775005,-0.031039511736595693,0.5,0.17075817950120337,1.060395132594872,0.031273260855919416,0.5833333333333333
mlp_rank,25.0,2018-05-31_2019-04-30,12,0.1608434414835309,0.03769148450195714,0.1608434414835309,0.03769148450195714,0.12315195698157377,0.22395306784631927,0.7704563287882724,-0.09577165456775005,-0.04957195403333192,0.5833333333333334,0.6132856498623619,0.7311006220693342,0.1518935147802567,0.611111111111111
mlp_rank,25.0,2018-06-30_2019-05-31,12,0.16134877000637915,0.09645960452265201,0.16134877000637915,0.09645960452265201,0.06488916548372714,0.2238021711290466,0.7728010245748096,-0.12726531242703287,-0.04957195403333203,0.5833333333333334,0.33086660595973005,0.2934154245221147,0.15467927518937197,0.611111111111111
mlp_rank,25.0,2018-07-31_2019-06-30,12,0.018546219426839317,0.07648721996967378,0.018546219426839317,0.07648721996967378,-0.057941000542834464,0.22112931148667955,0.18195157362636408,-0.17384321426785987,-0.04957195403333203,0.5,-0.16064011842491605,0.16951112707803476,0.02740376718774229,0.611111111111111
mlp_rank,25.0,2018-08-31_2019-07-31,12,0.11945372300852775,0.051509897202665744,0.11945372300852775,0.051509897202665744,0.067943825805862,0.23450646832066302,0.5885841006879519,-0.17384321426785998,-0.04957195403333203,0.5833333333333334,0.3345394900055968,0.03574526440663357,0.14490842804438286,0.638888888888889
mlp_rank,25.0,2018-09-30_2019-08-31,12,0.15001623592345648,0.032217370272061396,0.15001623592345648,0.032217370272061396,0.11779886565139508,0.23399317047899557,0.7059667193473295,-0.1738432142678602,-0.05569706120271434,0.5833333333333334,0.5093002476929677,-0.022194686753293034,0.1792182152111752,0.611111111111111
mlp_rank,25.0,2018-10-31_2019-09-30,12,0.21756920739347985,0.0680196854801034,0.21756920739347985,0.0680196854801034,0.14954952191337645,0.23884891993618854,0.9386677840271019,-0.17384321426785998,-0.05569706120271445,0.5833333333333334,0.6009375328591279,-0.03603430297945747,0.25182140342191417,0.5833333333333333
mlp_rank,25.0,2018-11-30_2019-10-31,12,0.19876244489100925,-0.007313909877188718,0.19876244489100925,-0.007313909877188718,0.20607635476819797,0.2406528583140592,0.8674407656029876,-0.17384321426785998,-0.07977064350808971,0.6666666666666666,0.8461588108685932,0.2072627923974248,0.23079701906533723,0.611111111111111
mlp_rank,25.0,2018-12-31_2019-11-30,12,0.13443270456275158,0.01695714726683817,0.13443270456275158,0.01695714726683817,0.11747555729591341,0.21301054543354814,0.6929555668827296,-0.1738432142678601,-0.07977064350808971,0.6666666666666666,0.554230304567847,0.19431348432023898,0.1532330338087946,0.6388888888888888
mlp_rank,25.0,2019-01-31_2019-12-31,12,-0.010014971831802333,-0.0907583313333864,-0.010014971831802333,-0.0907583313333864,0.08074335950158407,0.2483990519911006,0.07473461106097223,-0.1738432142678601,-0.08173242622854304,0.6666666666666666,0.46791720896476346,0.8857261859222306,0.10298257813796674,0.638888888888889
mlp_rank,25.0,2019-02-28_2020-01-31,12,-0.03173608771359804,-0.15374678206850467,-0.03173608771359804,-0.15374678206850467,0.12201069435490663,0.25037249419139945,-0.01267729839759961,-0.17384321426785998,-0.157070533612218,0.6666666666666666,0.6581124756423945,0.7242708385522869,0.11750116797978438,0.638888888888889
mlp_rank,25.0,2019-03-31_2020-02-29,12,-0.1397238423931536,-0.2983301643039218,-0.1397238423931536,-0.2983301643039218,0.15860632191076818,0.23015809064401788,-0.5429934603348168,-0.1684355131425881,-0.2968733323797681,0.6666666666666666,0.796128324453761,0.32700585668020127,-0.0169268994270092,0.6944444444444445
mlp_rank,25.0,2019-04-30_2020-03-31,12,-0.2590529803574284,-0.26938100433105683,-0.2590529803574284,-0.26938100433105683,0.01032802397362842,0.3034186450447018,-0.8252627185249135,-0.3523754258506062,-0.2897384073692094,0.6666666666666666,0.10486289944548392,0.0033756638797809092,-0.2227970562327336,0.7222222222222222
mlp_rank,25.0,2019-05-31_2020-04-30,12,-0.27663078729532087,-0.23441422140073764,-0.27663078729532087,-0.23441422140073764,-0.042216565894583225,0.3000866840852417,-0.9157025802894676,-0.3523754258506062,-0.2897384073692094,0.5833333333333334,-0.08884575784942625,0.04284767814954768,-0.2345892230324581,0.6944444444444445
mlp_rank,25.0,2019-06-30_2020-05-31,12,-0.020225951984545243,-0.22854562482453433,-0.020225951984545243,-0.22854562482453433,0.2083196728399891,0.41589561587574314,0.13939284912101105,-0.3523754258506062,-0.2897384073692095,0.6666666666666666,0.697006557013424,0.45860351822991396,0.1789086102188131,0.7222222222222223
mlp_rank,25.0,2019-07-31_2020-06-30,12,0.05369822590025808,-0.1941752572672133,0.05369822590025808,-0.1941752572672133,0.24787348316747138,0.4110970889338921,0.3147585465263778,-0.3523754258506063,-0.2827760862119635,0.6666666666666666,0.769403691490625,0.46375801725453836,0.2406594365283239,0.7222222222222222
mlp_rank,25.0,2019-08-31_2020-07-31,12,-0.06473883290352012,-0.1722348942847023,-0.06473883290352012,-0.1722348942847023,0.10749606138118217,0.4051594044921863,0.0183958229103859,-0.3523754258506061,-0.27948217627529803,0.5833333333333334,0.4107886394749856,0.41476826917670073,0.07779232059229368,0.7222222222222222
mlp_rank,25.0,2019-09-30_2020-08-31,12,-0.12964377603792931,-0.21057570090232802,-0.12964377603792931,-0.21057570090232802,0.08093192486439871,0.407250059751709,-0.15588015737205388,-0.3523754258506062,-0.27948217627529803,0.5833333333333334,0.34994588011096617,0.44734753059706467,0.030138188600893123,0.7499999999999999
mlp_rank,25.0,2019-10-31_2020-09-30,12,-0.18184793742082828,-0.1766274605970889,-0.18184793742082828,-0.1766274605970889,-0.005220476823739384,0.40042343386717877,-0.3178508250794797,-0.3523754258506062,-0.2794821762752979,0.5,0.09055031394343058,0.3884343449543069,-0.061403872604440135,0.8055555555555555
mlp_rank,25.0,2019-11-30_2020-10-31,12,-0.1774246832729104,-0.06643817837031618,-0.1774246832729104,-0.06643817837031618,-0.11098650490259421,0.4003900411065483,-0.3045817585555335,-0.3523754258506062,-0.2794821762752979,0.4166666666666667,-0.20087591261095314,0.3254184265230848,-0.10490023545784388,0.8333333333333334
mlp_rank,25.0,2019-12-31_2020-11-30,12,-0.11764383642402254,-0.050871312509224054,-0.11764383642402254,-0.050871312509224054,-0.06677252391479849,0.42611483851985965,-0.1022907169277811,-0.26772981530079165,-0.2358764964179022,0.4166666666666667,-0.05759509078861364,0.4204159910239979,-0.03530876199983635,0.861111111111111
mlp_rank,25.0,2020-01-31_2020-12-31,12,-0.02689498591351136,-0.013079995771551722,-0.02689498591351136,-0.013079995771551722,-0.013814990141959638,0.4094239790588322,0.11570436301370017,-0.24431798196360588,-0.16758179221927783,0.4166666666666667,0.06469757847303886,0.3404881529016059,0.04159246830016783,0.8888888888888888
mlp_rank,25.0,2020-02-29_2021-01-31,12,-0.005538080455360528,0.14471568274700242,-0.005538080455360528,0.14471568274700242,-0.15025376320236294,0.4079945504308936,0.1682359928728826,-0.22119741236563673,-0.07033476780972703,0.3333333333333333,-0.22254797291707254,0.2980213838686549,0.019333306121011917,0.8888888888888888
mlp_rank,25.0,2020-03-31_2021-02-28,12,0.07099635665502602,0.3187076559568369,0.07099635665502602,0.3187076559568369,-0.2477112993018109,0.40775870582034396,0.35147076285668233,-0.09341361504061674,-0.07033476780972703,0.3333333333333333,-0.35407596610772896,0.29572956432732495,0.05830599919398849,0.861111111111111
mlp_rank,25.0,2020-04-30_2021-03-31,12,0.5018571787841795,0.2712264885896778,0.5018571787841795,0.2712264885896778,0.23063069019450166,0.32412828896564955,1.408784188030508,-0.09341361504061685,-0.07033476780972714,0.4166666666666667,0.6049505425636381,0.39467210077783177,0.42014675830482817,0.8333333333333334
mlp_rank,25.0,2020-05-31_2021-04-30,12,0.4140863486671824,0.2511461011810818,0.4140863486671824,0.2511461011810818,0.1629402474861006,0.33599876437672077,1.1844343557018164,-0.09341361504061696,-0.07033476780972703,0.4166666666666667,0.4687226606746491,0.46798044404822847,0.3266685074292124,0.8333333333333331
mlp_rank,25.0,2020-06-30_2021-05-31,12,0.07213215266418027,0.22018559574957508,0.07213215266418027,0.22018559574957508,-0.1480534430853948,0.217973031138807,0.4151039037609599,-0.09341361504061685,-0.07033476780972703,0.3333333333333333,-0.5254608122043456,0.37011873806446577,0.011459256180695432,0.8055555555555555
mlp_rank,25.0,2020-07-31_2021-06-30,12,0.056191289689802026,0.1787337447456181,0.056191289689802026,0.1787337447456181,-0.12254245505581607,0.2177019902016437,0.3460908026087032,-0.08890726695945972,-0.07033476780972703,0.3333333333333333,-0.4400711419146297,0.37205044895622136,0.009156673918420566,0.8055555555555554
mlp_rank,25.0,2020-08-31_2021-07-31,12,0.06689244220679602,0.17406019021811336,0.06689244220679602,0.17406019021811336,-0.10716774801131734,0.2157937830668697,0.39436296046016966,-0.11119209474903724,-0.0471551797914731,0.3333333333333333,-0.3851800423385178,0.37857151485436386,0.019411605485339933,0.75
mlp_rank,25.0,2020-09-30_2021-08-31,12,0.1524696586513241,0.29094300690606567,0.1524696586513241,0.29094300690606567,-0.13847334825474156,0.20757667685352205,0.777545403875325,-0.11119209474903691,-0.0471551797914731,0.3333333333333333,-0.4589253044169716,0.2515573449130177,0.09854399799641933,0.75
mlp_rank,25.0,2020-10-31_2021-09-30,12,0.2245010425406082,0.285307502281577,0.2245010425406082,0.285307502281577,-0.060806459740968766,0.21243265799719643,1.0539229897476061,-0.11119209474903735,-0.04715517979147299,0.4166666666666667,-0.1693355943112231,0.3566420142355682,0.1385663428569699,0.7222222222222222
mlp_rank,25.0,2020-11-30_2021-10-31,12,0.29353523095026657,0.164192612882329,0.29353523095026657,0.164192612882329,0.12934261806793756,0.21154177203354912,1.3221969037013148,-0.11119209474903724,-0.04715517979147299,0.5,0.600017408139776,0.6608867172525535,0.1894512806187536,0.6666666666666666
mlp_rank,25.0,2020-12-31_2021-11-30,12,0.06475307766360294,0.10075285366229347,0.06475307766360294,0.10075285366229347,-0.03599977599869053,0.16458602674230094,0.456478146628446,-0.11119209474903713,-0.04715517979147321,0.4166666666666667,-0.13481978931838523,0.033827645783948514,0.07412722899990398,0.638888888888889
mlp_rank,25.0,2021-01-31_2021-12-31,12,0.025734416598050647,0.1311417024200292,0.025734416598050647,0.1311417024200292,-0.10540728582197856,0.17542925766162557,0.2245173213222131,-0.11119209474903702,-0.04715517979147299,0.4166666666666667,-0.43965205071722296,-0.05306645256554261,0.047159179148831276,0.6111111111111112
mlp_rank,25.0,2021-02-28_2022-01-31,12,0.04774387553280701,0.1035559333431273,0.04774387553280701,0.1035559333431273,-0.05581205781032028,0.17499835712127584,0.3464932142527338,-0.11119209474903724,-0.008710521467504728,0.4166666666666667,-0.2178950049882751,0.09521638568124004,0.05214436919269949,0.5833333333333334
mlp_rank,25.0,2021-03-31_2022-02-28,12,0.06778806867967901,0.1814244316261513,0.06778806867967901,0.1814244316261513,-0.11363636294647228,0.1810137726726225,0.44542038911811865,-0.11119209474903735,-0.008710521467504728,0.4166666666666667,-0.5243185830455672,1.0556350282292772,-0.09400447175535986,0.5277777777777778
mlp_rank,25.0,2021-04-30_2022-03-31,12,0.0354643395672789,0.2056999327796627,0.0354643395672789,0.2056999327796627,-0.1702355932123838,0.1664310725231981,0.2858066382768499,-0.10541341479529887,-0.008710521467504728,0.4166666666666667,-1.0036689785025268,1.5795944979636913,-0.22539662181360653,0.5277777777777778
mlp_rank,25.0,2021-05-31_2022-04-30,12,0.11625511602474159,0.20202014645819677,0.11625511602474159,0.20202014645819677,-0.08576503043345518,0.1538133216820004,0.7886412106502281,-0.10541341479529898,-0.011058901373715124,0.5,-0.46282723292952505,0.9743939256196575,-0.059298143289038374,0.49999999999999994
mlp_rank,25.0,2021-06-30_2022-05-31,12,0.19261501122035685,0.1547230806668567,0.19261501122035685,0.1547230806668567,0.03789193055350015,0.14622902677076102,1.2805436330199056,-0.10541341479529887,-0.04389760737316839,0.5833333333333334,0.26322246496270785,0.3785239047907446,0.13964643809264454,0.44444444444444436
mlp_rank,25.0,2021-07-31_2022-06-30,12,0.23086850917143042,0.14515293481688385,0.23086850917143042,0.14515293481688385,0.08571557435454658,0.14672167662619517,1.4954948457583646,-0.10541341479529887,-0.04389760737316839,0.6666666666666666,0.527518104729021,0.36142058861396326,0.18291313618520832,0.4444444444444444
mlp_rank,25.0,2021-08-31_2022-07-31,12,0.27482924342460846,0.16719366722844042,0.27482924342460846,0.16719366722844042,0.10763557619616804,0.1388495319073746,1.830483873798848,-0.10541341479529898,-0.04389760737316839,0.6666666666666666,0.6464622089363262,0.30102492452826163,0.22712569950145878,0.47222222222222227
mlp_rank,25.0,2021-09-30_2022-08-31,12,0.14031659791391604,0.11990803732841937,0.14031659791391604,0.11990803732841937,0.02040856058549667,0.17185283320493536,0.8480718389963477,-0.10541341479529898,-0.04389760737316817,0.5833333333333334,0.17482509004438856,0.6881126042971142,0.06710968752720436,0.4444444444444444
mlp_rank,25.0,2021-10-31_2022-09-30,12,0.07910139430271257,0.07700156092153554,0.07910139430271257,0.07700156092153554,0.0020998333811770298,0.1629430047961325,0.5444773964024464,-0.10541341479529887,-0.04389760737316828,0.5,0.07193550445544236,0.4947441693670411,0.05182286274382242,0.4444444444444444
mlp_rank,25.0,2021-11-30_2022-10-31,12,0.1119900230915607,0.0837751064100245,0.1119900230915607,0.0837751064100245,0.028214916681536195,0.1738858981222686,0.6935126283665981,-0.08089559472271735,-0.04389760737316839,0.5,0.21484263653202346,0.4977563930001992,0.08210622989313743,0.47222222222222227
mlp_rank,25.0,2021-12-31_2022-11-30,12,0.6622717590976788,0.04089310124175727,0.6622717590976788,0.04089310124175727,0.6213786578559215,0.438875495376095,1.3482984271865788,-0.08089559472271735,-0.052330809109684795,0.5833333333333334,1.152600476048956,-1.902016908292497,0.9269802244534784,0.47222222222222227
mlp_rank,25.0,2022-01-31_2022-12-31,12,0.7427243674470356,0.03139589518781816,0.7427243674470356,0.03139589518781816,0.7113284722592175,0.4287147516016901,1.4863312853232433,-0.08089559472271735,-0.0538908420070876,0.5833333333333334,1.2981633019003405,-1.775729135021964,0.9706240084553419,0.4444444444444444
mlp_rank,25.0,2022-02-28_2023-01-31,12,0.8214033380256054,-0.006523085673795559,0.8214033380256054,-0.006523085673795559,0.827926423699401,0.42631009498297373,1.601838752554774,-0.08089559472271735,-0.053890842007087936,0.6666666666666666,1.503782474290159,-1.948019761153617,0.92850858896362,0.4166666666666666
mlp_rank,25.0,2022-03-31_2023-02-28,12,0.724865770822503,-0.03763942955797195,0.724865770822503,-0.03763942955797195,0.762505200380475,0.42887312065845246,1.4606516303491963,-0.08089559472271735,-0.05860315994470999,0.6666666666666666,1.445105885015558,-2.334908374615499,0.6990869410054652,0.47222222222222215
mlp_rank,25.0,2022-04-30_2023-03-31,12,0.5760910050928962,-0.0433257664262765,0.5760910050928962,-0.0433257664262765,0.6194167715191727,0.436933514755652,1.2246432675894257,-0.08089559472271723,-0.052003665957635614,0.5833333333333334,1.2281704165699063,-2.957897010904565,0.4968590104035582,0.5
mlp_rank,25.0,2022-05-31_2023-04-30,12,0.19643206973732474,-0.07213752035282106,0.19643206973732474,-0.07213752035282106,0.2685695900901458,0.514736854995521,0.5627643255335688,-0.2515986300901625,-0.07596598010903766,0.5,0.68838949111564,-0.4684850656501252,0.2882114287882127,0.5
mlp_rank,25.0,2022-06-30_2023-05-31,12,0.16688987619925544,-0.0361282154897381,0.16688987619925544,-0.0361282154897381,0.20301809168899354,0.5150483345990231,0.5130440341048916,-0.2515986300901625,-0.07596598010903755,0.5,0.5691665205415344,-0.5384250670891773,0.2753214289496624,0.5833333333333334
mlp_rank,25.0,2022-07-31_2023-06-30,12,0.16265053037420807,-0.0028433046031512976,0.16265053037420807,-0.0028433046031512976,0.16549383497735937,0.5149579901724006,0.5058315122952208,-0.2515986300901625,-0.07596598010903743,0.4166666666666667,0.49483579640925623,-0.3417421792427479,0.2940539320888387,0.5555555555555555
mlp_rank,25.0,2022-08-31_2023-07-31,12,0.09820367920944095,-0.031389184091800915,0.09820367920944095,-0.031389184091800915,0.12959286330124187,0.5196518485604078,0.3937990089168546,-0.26214592568313544,-0.0655917893195096,0.4166666666666667,0.4421675793785249,-0.39669171893773564,0.2110349316678597,0.5555555555555555
mlp_rank,25.0,2022-09-30_2023-08-31,12,0.12683762054652337,-0.014331580574544756,0.12683762054652337,-0.014331580574544756,0.14116920112106812,0.5152582080177753,0.4436660835202284,-0.3041529811795298,-0.06559178931950937,0.4166666666666667,0.4557447938287539,-0.7823977771513743,0.2426002401633589,0.5833333333333334
mlp_rank,25.0,2022-10-31_2023-09-30,12,0.10239860177971005,-0.04883569016310929,0.10239860177971005,-0.04883569016310929,0.15123429194281934,0.5163560866632072,0.4005006822226188,-0.31568265418617647,-0.06327241269436523,0.5,0.4817286004473852,-0.5205521484048425,0.19816703081108433,0.611111111111111
mlp_rank,25.0,2022-11-30_2023-10-31,12,0.08813641022014762,-8.074453772832779e-05,0.08813641022014762,-8.074453772832779e-05,0.08821715475787595,0.5147619349035442,0.37465633871010345,-0.3156826541861766,-0.04084242285001627,0.5,0.3610706678086575,-0.04042726840211845,0.2110364737922923,0.5833333333333334
mlp_rank,25.0,2022-12-31_2023-11-30,12,-0.2922550414916468,0.06162621592425688,-0.2922550414916468,0.06162621592425688,-0.3538812574159037,0.2656239894121202,-1.1469925640091112,-0.32617465275382007,-0.04084242285001627,0.4166666666666667,-1.6516319811509397,1.8409202036294208,-0.3489376752116987,0.5833333333333334
mlp_rank,25.0,2023-01-31_2023-12-31,12,-0.2890219319544055,0.05389394652891433,-0.2890219319544055,0.05389394652891433,-0.34291587848331984,0.2658558709675902,-1.129065232370485,-0.33318214711201155,-0.04084242285001627,0.4166666666666667,-1.5894763758841435,1.7842765997503147,-0.33457632441548446,0.5833333333333333
mlp_rank,25.0,2023-02-28_2024-01-31,12,-0.37847900999655626,0.06910062416905749,-0.37847900999655626,0.06910062416905749,-0.44757963416561375,0.2539925487443569,-1.7055169221302926,-0.3837383342520564,-0.04084242285001627,0.3333333333333333,-2.3953949272836663,1.7632287623035594,-0.4351348315617136,0.611111111111111
mlp_rank,25.0,2023-03-31_2024-02-29,12,-0.3244988093851361,0.07105311702696282,-0.3244988093851361,0.07105311702696282,-0.3955519264120989,0.28410332997135906,-1.2164433347024395,-0.3631736033415591,-0.04084242285001627,0.3333333333333333,-1.6777523606884295,1.6665918673482778,-0.3785492075440302,0.5833333333333334
mlp_rank,25.0,2023-04-30_2024-03-31,12,-0.3325934224166148,0.04605177038880415,-0.3325934224166148,0.04605177038880415,-0.378645192805419,0.2844952469002921,-1.2555280362393604,-0.20521576917930484,-0.028914327222309355,0.3333333333333333,-1.6319193308754971,1.6887450674555475,-0.36095928449357195,0.5833333333333334
mlp_rank,25.0,2023-05-31_2024-04-30,12,-0.032238674648983334,0.05087612226469651,-0.032238674648983334,0.05087612226469651,-0.08311479691367984,0.2293123025403548,-0.03989093657255646,-0.20521576917930473,-0.04720745865673304,0.4166666666666667,-0.24256215525614744,-0.3846276987201036,0.011367286072724081,0.6111111111111112
mlp_rank,25.0,2023-06-30_2024-05-31,12,-0.013574105003963832,0.06029804021364593,-0.013574105003963832,0.06029804021364593,-0.07387214521760976,0.23061974669344262,0.04434677375959508,-0.20521576917930473,-0.04720745865673304,0.4166666666666667,-0.2018532921913762,-0.351456868310674,0.03255976218980905,0.611111111111111
mlp_rank,25.0,2023-07-31_2024-06-30,12,0.02003662063877365,0.046802268590376395,0.02003662063877365,0.046802268590376395,-0.026765647951602745,0.23823660456099746,0.1904317930053106,-0.16479194572652578,-0.04720745865673304,0.5,-0.013708281068453286,-0.32953168840573027,0.0632600978861344,0.611111111111111
mlp_rank,25.0,2023-08-31_2024-07-31,12,0.10989492980137605,0.10318514893952901,0.10989492980137605,0.10318514893952901,0.006709780861847037,0.2328953442055189,0.554744265767218,-0.15339468509421972,-0.04720745865673315,0.5,0.1023291894475696,-0.09155027562595935,0.14778083533810493,0.611111111111111
mlp_rank,25.0,2023-09-30_2024-08-31,12,0.20952412462979253,0.08473288946892565,0.20952412462979253,0.08473288946892565,0.12479123516086688,0.2211397257567992,0.9670422861721472,-0.15339468509421983,-0.04720745865673315,0.5833333333333334,0.507120782875935,-0.19726232826615706,0.2569385595415279,0.611111111111111
mlp_rank,25.0,2023-10-31_2024-09-30,12,0.22514660063292813,0.12170948346779942,0.22514660063292813,0.12170948346779942,0.10343711716512871,0.21934228311898113,1.0328773252514722,-0.15339468509421972,-0.047207458656732815,0.5,0.42434488572064594,-0.3729278509729964,0.3074553432938776,0.5277777777777778
mlp_rank,25.0,2023-11-30_2024-10-31,12,0.06180045162518755,0.004734660022875703,0.06180045162518755,0.004734660022875703,0.057065791602311844,0.2331314921813492,0.36344473571881536,-0.08542819253310963,-0.07254414974326939,0.4166666666666667,0.2942853227790337,0.07217896731213257,0.08731273100956582,0.5555555555555556
mlp_rank,25.0,2023-12-31_2024-11-30,12,0.122734369805104,-0.026522408525777696,0.122734369805104,-0.026522408525777696,0.1492567783308817,0.21849602923529804,0.6309177383276546,-0.101131718826736,-0.07702368625268241,0.4166666666666667,0.7032444263370179,0.3230488975133484,0.1549384432396268,0.5555555555555556
mlp_rank,25.0,2024-01-31_2024-12-31,12,0.23133437380524047,-0.013699490369203038,0.23133437380524047,-0.013699490369203038,0.2450338641744435,0.22876215191931762,1.0210396457292665,-0.1011317188267361,-0.07702368625268208,0.5,1.0265880247099504,0.3422071384063118,0.264006703411366,0.5833333333333334
mlp_rank,25.0,2024-02-29_2025-01-31,12,0.5285355982197923,-0.14290566323586873,0.5285355982197923,-0.14290566323586873,0.6714412614556611,0.23604631891928662,1.9345389075395412,-0.1011317188267361,-0.18252959118595857,0.5833333333333334,1.9287426092455873,-0.3472201317451555,0.4927962535672563,0.5833333333333334
mlp_rank,25.0,2024-03-31_2025-02-28,12,0.29850175687889346,-0.10676537761977256,0.29850175687889346,-0.10676537761977256,0.405267134498666,0.2490542915291341,1.1711557309622846,-0.101131718826736,-0.1825295911859588,0.5,1.1467380526179867,-0.5308134592335725,0.26665784165801276,0.6111111111111112
mlp_rank,25.0,2024-04-30_2025-03-31,12,0.49630450363575496,-0.06461005552580057,0.49630450363575496,-0.06461005552580057,0.5609145591615555,0.24813323035843102,1.7624695059336617,-0.1011317188267361,-0.18252959118595868,0.5833333333333334,1.468792033155311,-0.3679180277950461,0.5079410795596802,0.6111111111111112
mlp_rank,25.0,2024-05-31_2025-04-30,12,0.29630900756549083,0.02942056800377868,0.29630900756549083,0.02942056800377868,0.26688843956171215,0.23716455915747683,1.2119799529315123,-0.101131718826736,-0.18252959118595857,0.5,0.7364730325521349,-0.34692650899603,0.348413396147373,0.6111111111111112
mlp_rank,25.0,2024-06-30_2025-05-31,12,0.18654172837202898,-0.019239253194651806,0.18654172837202898,-0.019239253194651806,0.2057809815666808,0.25251537919371864,0.7949347333723562,-0.10113171882673622,-0.18252959118595835,0.4166666666666667,0.6126239519296738,-0.23393163412311743,0.21916013664633383,0.5833333333333334
mlp_rank,25.0,2024-07-31_2025-06-30,12,0.3463884734876912,0.03150250800801424,0.3463884734876912,0.03150250800801424,0.31488596547967695,0.31622171732133497,1.089121106848999,-0.1011317188267361,-0.1825295911859589,0.4166666666666667,0.8376265531134098,0.18651733947430754,0.3918481301725494,0.638888888888889
mlp_rank,25.0,2024-08-31_2025-07-31,12,0.30493417425407077,0.02082724764079913,0.30493417425407077,0.02082724764079913,0.28410692661327164,0.31708742304773296,0.9856071548005534,-0.1011317188267361,-0.1720911800730176,0.4166666666666667,0.7703289026776876,0.15013018084743415,0.3538140974864876,0.6666666666666666
mlp_rank,25.0,2024-09-30_2025-08-31,12,0.2031648899338372,0.07082064647411035,0.2031648899338372,0.07082064647411035,0.13234424345972684,0.3266111537073046,0.7114684515026866,-0.0976422478658523,-0.1720911800730176,0.3333333333333333,0.39514391843589214,0.10050825419318173,0.2481212206481469,0.6944444444444443
mlp_rank,25.0,2024-10-31_2025-09-30,12,0.2967396940186615,0.07787885846139209,0.2967396940186615,0.07787885846139209,0.21886083555726943,0.32977273116608957,0.9395763451532076,-0.08943007106711476,-0.11858833109117162,0.4166666666666667,0.5833961954072947,0.10723330926541952,0.34473196907229364,0.7222222222222222
mlp_rank,25.0,2024-11-30_2025-10-31,12,0.6203885563155889,0.1960061542824556,0.6203885563155889,0.1960061542824556,0.42438240203313327,0.3309379722162006,1.63154231275841,-0.08943007106711487,-0.11795970406671652,0.5,0.9049168710815948,-0.03481462150527936,0.7068825030823367,0.7499999999999999
mlp_rank,25.0,2024-12-31_2025-11-30,12,0.6074473672115637,0.22133541890163522,0.6074473672115637,0.22133541890163522,0.38611194830992845,0.33273101265589194,1.5992560500512518,-0.08943007106711476,-0.11795970406671652,0.5,0.8185883911259815,-0.08211452890777618,0.7120786420578373,0.7499999999999999
mlp_rank,25.0,2025-01-31_2025-12-31,12,0.4500584543571988,0.17166648362633885,0.4500584543571988,0.17166648362633885,0.27839197073086,0.3354121483941578,1.2696487646688153,-0.08943007106711465,-0.03669877287899381,0.5,0.6565750717619742,0.04221794104733702,0.5087638409119402,0.7777777777777777
mlp_rank,25.0,2025-02-28_2026-01-31,12,0.2005310756325136,0.31334945156909844,0.2005310756325136,0.31334945156909844,-0.11281837593658484,0.3214603999285557,0.7106195916106564,-0.09704131160935503,-0.04758367670999886,0.4166666666666667,-0.19844027728725414,1.4053977787815228,-0.15648933336911885,0.7777777777777778
mlp_rank,25.0,2025-03-31_2026-02-28,12,0.15548382075031464,0.08257309459079365,0.15548382075031464,0.08257309459079365,0.07291072615952099,0.33355067095615215,0.5801099416338605,-0.1907433196000885,-0.18488813271044613,0.5,0.36899289581270184,1.0514942229624724,0.09162841336308647,0.8055555555555555
mlp_rank,25.0,2025-04-30_2026-03-31,12,0.027025001651349134,0.028079656548997578,0.027025001651349134,0.028079656548997578,-0.0010546548976484438,0.3215186391991819,0.22085873371717904,-0.20751811726532277,-0.19546042589812018,0.4166666666666667,0.09362538034244075,1.009428389200559,0.02277161762551505,0.8055555555555555
mlp_rank,25.0,2025-05-31_2026-04-30,12,0.006030245833086978,-0.14610708694572017,0.006030245833086978,-0.14610708694572017,0.15213733277880714,0.32443593848489494,0.15765781762805356,-0.2458179760072704,-0.29138146686445754,0.5,0.7854425756291765,0.9872019725809988,0.1969327234563214,0.7777777777777777
mlp_rank,25.0,2025-06-30_2026-05-31,12,0.08478867954263802,-0.18541351506394133,0.08478867954263802,-0.18541351506394133,0.27020219460657935,0.3160930846121961,0.3939469846617315,-0.2458179760072705,-0.34737666250868915,0.5833333333333334,1.2603556024861085,0.8794158635378,0.31808274108092083,0.8055555555555555
mlp_rank,25.0,2025-07-31_2026-06-30,12,0.026294326309597382,-0.1667764227923394,0.026294326309597382,-0.1667764227923394,0.19307074910193678,0.2751961946359442,0.2153755813612595,-0.2458179760072704,-0.34737666250868904,0.5833333333333334,0.9993826284181181,0.7507204933329854,0.18729248219766448,0.7777777777777777
mlp_rank,25.0,2025-08-31_2026-07-31,11,0.022664161004122718,-0.20361006057922837,0.024749837163997146,-0.2199234939209873,0.24467333108498446,0.288623825470975,0.2106075476114246,-0.2458179760072704,-0.34737666250868904,0.6363636363636364,1.315847849660098,0.8054808671381061,0.2613454522795913,0.7575757575757575
baseline_mlp_blend_50,25.0,2015-02-28_2016-01-31,12,0.01605464230117537,-0.12464243166357358,0.01605464230117537,-0.12464243166357358,0.14069707396474895,0.01605464230117528,0.9999999999999999,0.0,-0.23461549146957184,0.5,0.8948699738106769,0.0310915918338384,0.019993551569525536,0.08333333333333333
baseline_mlp_blend_50,25.0,2015-03-31_2016-02-29,12,0.1456100462686345,-0.12200459979370504,0.1456100462686345,-0.12200459979370504,0.26761464606233953,0.12705872276046692,1.1298944530709818,0.0,-0.19026047013875313,0.5833333333333334,1.4521995805155563,0.17298293655234803,0.17684080379164846,0.1111111111111111
baseline_mlp_blend_50,25.0,2015-04-30_2016-03-31,12,0.19266846506088275,-0.0487261301192532,0.19266846506088275,-0.0487261301192532,0.24139459518013595,0.12945671905042422,1.426269084851685,0.0,-0.19026047013875313,0.5833333333333334,1.318507822692289,0.17564578952477272,0.20961951253988698,0.16666666666666666
baseline_mlp_blend_50,25.0,2015-05-31_2016-04-30,12,0.16869124980345407,-0.08042164366594717,0.16869124980345407,-0.08042164366594717,0.24911289346940124,0.13355939148644427,1.231933411756825,-0.020103839381889532,-0.13984886986493428,0.5833333333333334,1.4294415384567736,0.21939110509912485,0.1968020716661918,0.16666666666666666
baseline_mlp_blend_50,25.0,2015-06-30_2016-05-31,12,0.33202698490616767,0.021583414106036036,0.33202698490616767,0.021583414106036036,0.31044357080013163,0.18218077277049533,1.6702959274451201,-0.020103839381889532,-0.12048248506773218,0.5833333333333334,1.529226174298358,0.5251102391873944,0.33036819178301724,0.2222222222222222
baseline_mlp_blend_50,25.0,2015-07-31_2016-06-30,12,0.4609592583840796,0.0860932538897814,0.4609592583840796,0.0860932538897814,0.3748660044942982,0.19288246106374074,2.079452122139026,-0.020103839381889532,-0.06335335533136455,0.5833333333333334,1.693995685515201,0.6046865189647681,0.4064914005503104,0.25
baseline_mlp_blend_50,25.0,2015-08-31_2016-07-31,12,0.5738883137923136,0.19435731551835667,0.5738883137923136,0.19435731551835667,0.379530998273957,0.19375661361849938,2.469013652725748,-0.020103839381889532,-0.010009956345255477,0.5833333333333334,1.6290332362032542,0.7013358093359067,0.41038550935124496,0.2777777777777778
baseline_mlp_blend_50,25.0,2015-09-30_2016-08-31,12,0.7485538277128465,0.2701043538895269,0.7485538277128465,0.2701043538895269,0.4784494738233196,0.20051133580339464,2.9393091028497733,-0.020103839381889532,-0.010009956345255477,0.5833333333333334,1.7363821749427637,0.5574505795966453,0.560376803115475,0.3333333333333333
baseline_mlp_blend_50,25.0,2015-10-31_2016-09-30,12,0.9440349645437829,0.21713191795584685,0.9440349645437829,0.21713191795584685,0.726903046587936,0.20180034358475535,3.474526728807165,-0.020103839381889532,-0.010009956345255366,0.6666666666666666,2.6624553558967583,1.0925358554463709,0.6048998904512513,0.3888888888888889
baseline_mlp_blend_50,25.0,2015-11-30_2016-10-31,12,1.264386446962102,0.15798016020915506,1.264386446962102,0.15798016020915506,1.106406286752947,0.2164958334543256,3.999834856982408,-0.020103839381889532,-0.05046191183613391,0.6666666666666666,2.859866540271459,-0.38102478750491686,1.4348718808742733,0.4166666666666667
baseline_mlp_blend_50,25.0,2015-12-31_2016-11-30,12,1.3037783041290552,0.15321182844166992,1.3037783041290552,0.15321182844166992,1.1505664756873852,0.21079402566439986,4.190554447881669,-0.020103839381889532,-0.05046191183613402,0.6666666666666666,3.0431966312423087,-0.31367807744829934,1.4481316933396338,0.4166666666666666
baseline_mlp_blend_50,25.0,2016-01-31_2016-12-31,12,1.4294469943065171,0.14711071499834882,1.4294469943065171,0.14711071499834882,1.2823362793081683,0.1965927591485412,4.770739253312957,-0.020103839381889532,-0.05046191183613413,0.75,3.4429419515881565,-0.34463355288065506,1.5814947162403699,0.4444444444444444
baseline_mlp_blend_50,25.0,2016-02-29_2017-01-31,12,1.6385675688662955,0.12905921429286393,1.6385675688662955,0.12905921429286393,1.5095083545734316,0.18559988016781484,5.524530367036921,-0.020103839381889532,-0.05046191183613391,0.8333333333333334,4.232390772642638,-0.1511497060822776,1.722077547738456,0.4166666666666667
baseline_mlp_blend_50,25.0,2016-03-31_2017-02-28,12,1.270175726765879,0.14915985778953056,1.270175726765879,0.14915985778953056,1.1210158689763485,0.21161690144968354,4.101428473267052,-0.029912285315066844,-0.05046191183613402,0.75,2.9119547032831883,-0.4723050238001122,1.4625089762167565,0.4166666666666667
baseline_mlp_blend_50,25.0,2016-04-30_2017-03-31,12,1.4243200353862715,0.1749923153912778,1.4243200353862715,0.1749923153912778,1.2493277199949937,0.21203504716581761,4.426723089529049,-0.029912285315066844,-0.05046191183613413,0.75,3.09478949543271,-0.5051359554536912,1.6681553290056832,0.38888888888888884
baseline_mlp_blend_50,25.0,2016-05-31_2017-04-30,12,1.2810121049041308,0.19622916884670505,1.2810121049041308,0.19622916884670505,1.0847829360574257,0.24645497501390656,3.5734567783332003,-0.07802807744281148,-0.05046191183613402,0.75,2.4535294118591167,-0.7311844943386432,1.6504419909461232,0.4444444444444444
baseline_mlp_blend_50,25.0,2016-06-30_2017-05-31,12,0.890390297913777,0.1620726033918518,0.890390297913777,0.1620726033918518,0.7283176945219252,0.26565641747212315,2.580450140092708,-0.12912702087848005,-0.05046191183613391,0.6666666666666666,1.7236290769201972,-1.2509987829824694,1.3348752942797946,0.4444444444444445
baseline_mlp_blend_50,25.0,2016-07-31_2017-06-30,12,0.6758709514321308,0.11981317604468589,0.6758709514321308,0.11981317604468589,0.5560577753874449,0.2743944373136492,2.044685022550853,-0.15322312109907654,-0.05046191183613402,0.5833333333333334,1.4052599243035746,-1.5042093513064996,1.0435271304848222,0.4444444444444444
baseline_mlp_blend_50,25.0,2016-08-31_2017-07-31,12,0.46438963109831666,0.0887429950023102,0.46438963109831666,0.0887429950023102,0.37564663609600646,0.29105690958193264,1.4605526550623622,-0.20288520720071324,-0.05046191183613402,0.5,1.0177379433623566,-1.7509634751058671,0.7603310286712484,0.47222222222222215
baseline_mlp_blend_50,25.0,2016-09-30_2017-08-31,12,0.5412385040444145,0.09991973328039871,0.5412385040444145,0.09991973328039871,0.4413187707640158,0.3126081468830171,1.5463649379584354,-0.20288520720071324,-0.05046191183613402,0.5,1.1067068949550865,-1.6652794618822915,0.8776192758703436,0.47222222222222227
baseline_mlp_blend_50,25.0,2016-10-31_2017-09-30,12,0.4653713890352589,0.1075588143605537,0.4653713890352589,0.1075588143605537,0.3578125746747052,0.3036116053110665,1.4119301438239675,-0.202885207200713,-0.0004923640702735321,0.5,0.9510570673960869,-1.636742668826445,0.7972197167097206,0.4444444444444444
baseline_mlp_blend_50,25.0,2016-11-30_2017-10-31,12,0.2187511400924893,0.1559996199134983,0.2187511400924893,0.1559996199134983,0.062751520178991,0.2746037835591288,0.8472066045481337,-0.20288520720071312,-0.008932388259170088,0.4166666666666667,0.31480408819737626,0.7279978939358662,0.13337698868896264,0.47222222222222215
baseline_mlp_blend_50,25.0,2016-12-31_2017-11-30,12,0.1911445847904194,0.19992461049678534,0.1911445847904194,0.19992461049678534,-0.008780025706365935,0.27575068756542626,0.7601089881251756,-0.20288520720071324,-0.008932388259169977,0.4166666666666667,0.08374878158517048,-0.008766988157137612,0.23292788631669104,0.5277777777777778
baseline_mlp_blend_50,25.0,2017-01-31_2017-12-31,12,0.5801729743519644,0.24773371905633135,0.5801729743519644,0.24773371905633135,0.332439255295633,0.471727178114508,1.1744431787343037,-0.202885207200713,-0.008932388259170088,0.4166666666666667,0.7184489752919561,1.8578085341926935,0.14355455099420933,0.5
baseline_mlp_blend_50,25.0,2017-02-28_2018-01-31,12,0.6136942913442762,0.22472528642954592,0.6136942913442762,0.22472528642954592,0.3889690049147303,0.4753982707390992,1.2146160779989559,-0.20288520720071324,-0.008932388259170088,0.4166666666666667,0.7971344251893588,1.4135327526717514,0.32540911901271663,0.47222222222222227
baseline_mlp_blend_50,25.0,2017-03-31_2018-02-28,12,0.6343060474452167,0.11150665310004948,0.6343060474452167,0.11150665310004948,0.5227993943451672,0.4733365550693609,1.2460844837592102,-0.20288520720071324,-0.06307407298992962,0.5,1.0555346077553756,1.3334575639390278,0.5426537178691082,0.47222222222222215
baseline_mlp_blend_50,25.0,2017-04-30_2018-03-31,12,0.7584150065227553,0.054403018339003184,0.7584150065227553,0.054403018339003184,0.7040119881837521,0.4926554551581174,1.3685927496560757,-0.13542400446598946,-0.09250223900477905,0.5,1.257647770602344,0.6300299219933304,0.8604954642457832,0.49999999999999994
baseline_mlp_blend_50,25.0,2017-05-31_2018-04-30,12,1.1767096926957024,0.042771960341875914,1.1767096926957024,0.042771960341875914,1.1339377323538264,0.47601108501831996,1.8771934654497011,-0.0846945399507465,-0.09416874157139277,0.5833333333333334,1.7917580515077114,0.6483150829088099,1.3003237807740877,0.5
baseline_mlp_blend_50,25.0,2017-06-30_2018-05-31,12,1.159428093584372,-0.005226881237519021,1.159428093584372,-0.005226881237519021,1.1646549748218908,0.47829700121009866,1.8525426656384332,-0.06292283203300153,-0.12207676452647664,0.5833333333333334,1.921228436346576,1.1118375861469973,1.3488353818118854,0.47222222222222227
baseline_mlp_blend_50,25.0,2017-07-31_2018-06-30,12,1.3382546350106943,0.0163507796990916,1.3382546350106943,0.0163507796990916,1.3219038553116027,0.4662816505693103,2.072966575350133,-0.06292283203300153,-0.12207676452647676,0.6666666666666666,2.0978357424323355,1.0323562554922177,1.4792629202599756,0.5
baseline_mlp_blend_50,25.0,2017-08-31_2018-07-31,12,1.5752885940603907,0.02633003466478856,1.5752885940603907,0.02633003466478856,1.5489585593956021,0.44445858637554503,2.38945353103823,-0.06292283203300153,-0.12207676452647653,0.75,2.4039122943182134,0.9980449294304493,1.6852335628683486,0.5
baseline_mlp_blend_50,25.0,2017-09-30_2018-08-31,12,1.1432421460760671,0.012828519177035869,1.1432421460760671,0.012828519177035869,1.1304136268990312,0.44883342902410894,1.9291066344624272,-0.06292283203300142,-0.12207676452647664,0.6666666666666666,1.9626641481590368,1.0397694382050309,1.2644340189218624,0.5000000000000001
baseline_mlp_blend_50,25.0,2017-10-31_2018-09-30,12,1.031251490100864,-0.028994428060318933,1.031251490100864,-0.028994428060318933,1.060245918161183,0.4542250404026395,1.7846058374263352,-0.06292283203300153,-0.12207676452647676,0.6666666666666666,1.9264854720115645,1.1596455814282352,1.2458701893474715,0.5
baseline_mlp_blend_50,25.0,2017-11-30_2018-10-31,12,1.1441990653817795,0.017470333624036494,1.1441990653817795,0.017470333624036494,1.126728731757743,0.4445341844804924,1.9446877501000246,-0.06292283203300153,-0.12207676452647676,0.6666666666666666,1.9478874120707834,0.8650527703068959,1.2587968884574794,0.5
baseline_mlp_blend_50,25.0,2017-12-31_2018-11-30,12,1.6300699823697373,-0.025356283802123625,1.6300699823697373,-0.025356283802123625,1.6554262661718608,0.45846098467115926,2.377078875825992,-0.06292283203300153,-0.12207676452647687,0.75,2.658534357418505,2.03905285693252,1.9474664763128375,0.5
baseline_mlp_blend_50,25.0,2018-01-31_2018-12-31,12,0.9273823851090388,-0.01099995180484914,0.9273823851090388,-0.01099995180484914,0.938382336913888,0.313999457235223,2.2803546696413703,-0.06292283203300153,-0.12095719505337177,0.6666666666666666,2.2918759162483684,0.48611191076895455,1.009238883378877,0.5555555555555556
baseline_mlp_blend_50,25.0,2018-02-28_2019-01-31,12,0.7003577325866481,-0.023323412109537922,0.7003577325866481,-0.023323412109537922,0.723681144696186,0.31102671374181345,1.8753720246914296,-0.06292283203300153,-0.06297476655901424,0.6666666666666666,1.9432233231491791,0.5439682121982718,0.7835091709748256,0.5833333333333334
baseline_mlp_blend_50,25.0,2018-03-31_2019-02-28,12,0.8718400685190557,0.045204178762284775,0.8718400685190557,0.045204178762284775,0.8266358897567709,0.30374212418419494,2.2465586578042953,-0.06292283203300153,-0.032589089243883484,0.6666666666666666,2.043429636982114,0.2802789670506155,0.91713366610062,0.6111111111111112
baseline_mlp_blend_50,25.0,2018-04-30_2019-03-31,12,0.3540888807034559,0.07686204312787948,0.3540888807034559,0.07686204312787948,0.2772268375755764,0.31804404590667384,1.1052156867597722,-0.13467385887468253,-0.031039511736595693,0.5833333333333334,0.9194647060037637,1.315209139322324,0.2797812430407751,0.5833333333333334
baseline_mlp_blend_50,25.0,2018-05-31_2019-04-30,12,0.19724008716419927,0.03769148450195714,0.19724008716419927,0.03769148450195714,0.15954860266224213,0.29380949224208147,0.7464274059937707,-0.13467385887468242,-0.04957195403333192,0.5833333333333334,0.6598009317298136,1.207725438635897,0.18301643409755863,0.611111111111111
baseline_mlp_blend_50,25.0,2018-06-30_2019-05-31,12,0.38883472399781094,0.09645960452265201,0.38883472399781094,0.09645960452265201,0.29237511947515893,0.28678415606335456,1.287617003212493,-0.13467385887468242,-0.04957195403333203,0.6666666666666666,1.0173783612276404,1.1003385792627138,0.297473795376898,0.638888888888889
baseline_mlp_blend_50,25.0,2018-07-31_2019-06-30,12,0.23452229789575707,0.07648721996967378,0.23452229789575707,0.07648721996967378,0.1580350779260833,0.30049036360931763,0.8395828418099863,-0.13467385887468253,-0.04957195403333203,0.5833333333333334,0.6163101553688536,1.106928368046751,0.1795670859561378,0.638888888888889
baseline_mlp_blend_50,25.0,2018-08-31_2019-07-31,12,0.28678327318754415,0.051509897202665744,0.28678327318754415,0.051509897202665744,0.2352733759848784,0.30615264076524806,0.9674143214235302,-0.13467385887468264,-0.04957195403333203,0.5833333333333334,0.8250685282985941,0.9553269758571955,0.27376003559175244,0.6666666666666666
baseline_mlp_blend_50,25.0,2018-09-30_2019-08-31,12,0.31318130212492234,0.032217370272061396,0.31318130212492234,0.032217370272061396,0.28096393185286095,0.30312025654032787,1.0429511811779955,-0.13467385887468253,-0.05569706120271434,0.6666666666666666,0.9658650381309428,0.918329511317474,0.32291780653109736,0.6666666666666666
baseline_mlp_blend_50,25.0,2018-10-31_2019-09-30,12,0.4548543430022389,0.0680196854801034,0.4548543430022389,0.0680196854801034,0.3868346575221355,0.3127035663754037,1.3566290988119052,-0.13467385887468253,-0.05569706120271445,0.6666666666666666,1.1807273636664117,0.9585209187865416,0.42206447299441097,0.6666666666666666
baseline_mlp_blend_50,25.0,2018-11-30_2019-10-31,12,0.3604651486442234,-0.007313909877188718,0.3604651486442234,-0.007313909877188718,0.3677790585214121,0.32253384366748555,1.1095774020806644,-0.13467385887468242,-0.07977064350808971,0.6666666666666666,1.20800099495422,1.3549546792009537,0.42931409108401364,0.6388888888888888
baseline_mlp_blend_50,25.0,2018-12-31_2019-11-30,12,0.24717362714347613,0.01695714726683817,0.24717362714347613,0.01695714726683817,0.23021647987663796,0.2688384195568593,0.9533959611329581,-0.13467385887468253,-0.07977064350808971,0.6666666666666666,0.9627929424021077,1.1162927838725318,0.258644869574002,0.611111111111111
baseline_mlp_blend_50,25.0,2019-01-31_2019-12-31,12,0.07691254100380629,-0.0907583313333864,0.07691254100380629,-0.0907583313333864,0.1676708723371927,0.3011480209973968,0.3863616115265073,-0.13467385887468253,-0.08173242622854304,0.6666666666666666,0.820977442723237,1.8709223792424408,0.3253788000536022,0.5833333333333331
baseline_mlp_blend_50,25.0,2019-02-28_2020-01-31,12,0.0742759919619782,-0.15374678206850467,0.0742759919619782,-0.15374678206850467,0.22802277403048288,0.30129459145568765,0.3780951537875758,-0.13467385887468253,-0.157070533612218,0.6666666666666666,1.0581036164087296,1.2856645622341596,0.3682636711875844,0.5833333333333333
baseline_mlp_blend_50,25.0,2019-03-31_2020-02-29,12,0.026254191337711008,-0.2983301643039218,0.026254191337711008,-0.2983301643039218,0.3245843556416328,0.2924271848173417,0.22422850991815066,-0.12206304481667718,-0.2968733323797681,0.6666666666666666,1.2753366130582322,0.3614403330453771,0.20134240054120878,0.5833333333333334
baseline_mlp_blend_50,25.0,2019-04-30_2020-03-31,12,-0.07537217057832668,-0.26938100433105683,-0.07537217057832668,-0.26938100433105683,0.19400883375273015,0.34504601547635616,-0.05831021760588128,-0.2927942012056868,-0.2897384073692094,0.6666666666666666,0.6757509985450993,0.041116405536437556,-0.008212718245430906,0.5833333333333334
baseline_mlp_blend_50,25.0,2019-05-31_2020-04-30,12,-0.09604819958540867,-0.23441422140073764,-0.09604819958540867,-0.23441422140073764,0.13836602181532898,0.34501556715494464,-0.12371756765811903,-0.30232199820784467,-0.2897384073692094,0.5833333333333334,0.5016804862555875,0.036946351005182856,-0.03319770640753217,0.5555555555555556
baseline_mlp_blend_50,25.0,2019-06-30_2020-05-31,12,-0.17424344625169308,-0.22854562482453433,-0.17424344625169308,-0.22854562482453433,0.05430217857284125,0.3305922460129119,-0.4135528635596466,-0.30720226756612234,-0.2897384073692095,0.5,0.24619684136026104,-0.06596161741141429,-0.14203233601521437,0.5555555555555556
baseline_mlp_blend_50,25.0,2019-07-31_2020-06-30,12,-0.08839623269597097,-0.1941752572672133,-0.08839623269597097,-0.1941752572672133,0.10577902457124233,0.3279673561605383,-0.12020262358592007,-0.30720226756612234,-0.2827760862119635,0.5,0.3852752539524999,0.030546020846968065,-0.033100348142447555,0.5555555555555556
baseline_mlp_blend_50,25.0,2019-08-31_2020-07-31,12,-0.2196260348789617,-0.1722348942847023,-0.2196260348789617,-0.1722348942847023,-0.04739114059425942,0.32135385650802667,-0.6067766422033234,-0.3378364794827434,-0.27948217627529803,0.4166666666666667,-0.08059848798473555,-0.025919988903384743,-0.18199984045008966,0.5277777777777778
baseline_mlp_blend_50,25.0,2019-09-30_2020-08-31,12,-0.2672627596143464,-0.21057570090232802,-0.2672627596143464,-0.21057570090232802,-0.0566870587120184,0.3251302454730886,-0.7861799094361205,-0.38256155937732994,-0.27948217627529803,0.4166666666666667,-0.12001435807312555,0.03331325946998526,-0.22219715708030174,0.5555555555555556
baseline_mlp_blend_50,25.0,2019-10-31_2020-09-30,12,-0.2079658004844951,-0.1766274605970889,-0.2079658004844951,-0.1766274605970889,-0.0313383398874062,0.3734865155605835,-0.44389981690916297,-0.38256155937733005,-0.2794821762752979,0.4166666666666667,-0.0020546905024867055,0.25368532765502727,-0.1171411473261934,0.611111111111111
baseline_mlp_blend_50,25.0,2019-11-30_2020-10-31,12,-0.27597999389201566,-0.06643817837031618,-0.27597999389201566,-0.06643817837031618,-0.20954181552169948,0.38935093349217187,-0.6367229254910558,-0.38256155937733005,-0.2794821762752979,0.4166666666666667,-0.4559937407132466,0.023165942705722253,-0.22093366034282036,0.6666666666666666
baseline_mlp_blend_50,25.0,2019-12-31_2020-11-30,12,-0.2529347262388706,-0.050871312509224054,-0.2529347262388706,-0.050871312509224054,-0.20206341372964653,0.40451849884411656,-0.5248707722198593,-0.31932516939709166,-0.2358764964179022,0.4166666666666667,-0.41343545610054505,0.0970529733699904,-0.19136905643522728,0.6944444444444443
baseline_mlp_blend_50,25.0,2020-01-31_2020-12-31,12,-0.009645855351253618,-0.013079995771551722,-0.009645855351253618,-0.013079995771551722,0.003434140420298104,0.430918229355319,0.1762905554516211,-0.31932516939709155,-0.16758179221927783,0.5,0.11116251978666944,-0.056707496028323985,0.07983871486616545,0.7222222222222222
baseline_mlp_blend_50,25.0,2020-02-29_2021-01-31,12,0.3846902926001634,0.14471568274700242,0.3846902926001634,0.14471568274700242,0.239974609853161,0.5736446253904509,0.820819820699339,-0.31932516939709144,-0.07033476780972703,0.5,0.5085461994386933,0.2552623350114514,0.523498927784819,0.75
baseline_mlp_blend_50,25.0,2020-03-31_2021-02-28,12,0.4862767002951305,0.3187076559568369,0.4862767002951305,0.3187076559568369,0.16756904433829356,0.5777696290650232,0.9461550376275154,-0.13738397798112867,-0.07033476780972703,0.5,0.43422477997091263,0.3436774721895513,0.5496493580566455,0.75
baseline_mlp_blend_50,25.0,2020-04-30_2021-03-31,12,0.9529484600537572,0.2712264885896778,0.9529484600537572,0.2712264885896778,0.6817219714640794,0.5017124642729222,1.577507733981484,-0.13738397798112867,-0.07033476780972714,0.5833333333333334,1.0740796637903354,0.5424414490703708,0.8887493997385034,0.7777777777777777
baseline_mlp_blend_50,25.0,2020-05-31_2021-04-30,12,0.9165212576211403,0.2511461011810818,0.9165212576211403,0.2511461011810818,0.6653751564400585,0.5052156248015195,1.5301470002824964,-0.13738397798112856,-0.07033476780972703,0.5833333333333334,1.068333527106558,0.5965323112703398,0.8484799584729059,0.8055555555555555
baseline_mlp_blend_50,25.0,2020-06-30_2021-05-31,12,2.124016345054343,0.22018559574957508,2.124016345054343,0.22018559574957508,1.903830749304768,0.7410672460048001,1.8874025791577909,-0.13738397798112856,-0.07033476780972703,0.6666666666666666,1.5903512990208477,0.3945612144956495,2.480803067648128,0.8333333333333334
baseline_mlp_blend_50,25.0,2020-07-31_2021-06-30,12,2.586266799597758,0.1787337447456181,2.586266799597758,0.1787337447456181,2.4075330548521396,0.7380623680367253,2.1022156611650575,-0.12584238330965525,-0.07033476780972703,0.75,1.8634775857935164,0.5259508295226752,2.9588601290442407,0.8333333333333331
baseline_mlp_blend_50,25.0,2020-08-31_2021-07-31,12,3.0562708968016663,0.17406019021811336,3.0562708968016663,0.17406019021811336,2.882210706583553,0.7109292001422862,2.352986613234052,-0.12584238330965525,-0.0471551797914731,0.8333333333333334,2.114330822794435,0.5526399430501516,3.3988783083368945,0.8055555555555555
baseline_mlp_blend_50,25.0,2020-09-30_2021-08-31,12,2.5292512283529,0.29094300690606567,2.5292512283529,0.29094300690606567,2.238308221446834,0.7581554259218493,2.046619308181856,-0.18869521724661908,-0.0471551797914731,0.75,1.65204355533038,-0.30344390134330906,3.6210707232501482,0.7777777777777777
baseline_mlp_blend_50,25.0,2020-10-31_2021-09-30,12,1.7398966424981772,0.285307502281577,1.7398966424981772,0.285307502281577,1.4545891402166002,0.7781824700361657,1.649126970973916,-0.24434855817421386,-0.04715517979147299,0.6666666666666666,1.2650470367659612,-0.7458254192972215,3.0326488605857485,0.7222222222222222
baseline_mlp_blend_50,25.0,2020-11-30_2021-10-31,12,2.2778438439248885,0.164192612882329,2.2778438439248885,0.164192612882329,2.1136512310425593,0.7401718855645836,1.96569543467728,-0.24434855817421375,-0.04715517979147299,0.75,1.756830347551445,0.6370834555705451,2.6064302758801117,0.7222222222222222
baseline_mlp_blend_50,25.0,2020-12-31_2021-11-30,12,1.7017488437154444,0.10075285366229347,1.7017488437154444,0.10075285366229347,1.600995990053151,0.7580337367930751,1.651887569063506,-0.2485305651041877,-0.04715517979147321,0.6666666666666666,1.5231626742431896,0.6628905457376415,2.097034283011955,0.6944444444444445
baseline_mlp_blend_50,25.0,2021-01-31_2021-12-31,12,1.4068165091290545,0.1311417024200292,1.4068165091290545,0.1311417024200292,1.2756748067090253,0.7561024078736097,1.4866772375749895,-0.24853056510418792,-0.04715517979147299,0.6666666666666666,1.3281508941601359,1.015362003448543,1.5993263469453498,0.7222222222222222
baseline_mlp_blend_50,25.0,2021-02-28_2022-01-31,12,1.2887588052406773,0.1035559333431273,1.2887588052406773,0.1035559333431273,1.18520287189755,0.7299592316411156,1.4467431233406423,-0.2485305651041878,-0.008710521467504728,0.6666666666666666,1.2954996300424348,-0.2612301255129743,1.8195603552161406,0.6666666666666666
baseline_mlp_blend_50,25.0,2021-03-31_2022-02-28,12,1.1711176559313157,0.1814244316261513,1.1711176559313157,0.1814244316261513,0.9896932243051644,0.7303949313963123,1.3678361706724462,-0.24853056510418792,-0.008710521467504728,0.6666666666666666,1.1300509828941747,-0.24465277429067495,1.7124944993641038,0.6388888888888887
baseline_mlp_blend_50,25.0,2021-04-30_2022-03-31,12,1.3026902095868378,0.2056999327796627,1.3026902095868378,0.2056999327796627,1.096990276807175,0.7275734973963542,1.4584677633783205,-0.2485305651041878,-0.008710521467504728,0.6666666666666666,1.189320960559996,-0.5079090921540349,2.0198276170164973,0.6388888888888888
baseline_mlp_blend_50,25.0,2021-05-31_2022-04-30,12,1.5792012993311566,0.20202014645819677,1.5792012993311566,0.20202014645819677,1.3771811528729598,0.715796155544914,1.6448772547390538,-0.24853056510418792,-0.011058901373715124,0.75,1.3660970935370962,-1.300465947127273,2.829269433632802,0.611111111111111
baseline_mlp_blend_50,25.0,2021-06-30_2022-05-31,12,0.6588786902881305,0.1547230806668567,0.6588786902881305,0.1547230806668567,0.5041556096212738,0.4358993110252745,1.376063366322191,-0.24853056510418792,-0.04389760737316839,0.75,1.0292083743162346,0.23668978050333705,0.7367695421838187,0.5555555555555555
baseline_mlp_blend_50,25.0,2021-07-31_2022-06-30,12,0.26594707646171756,0.14515293481688385,0.26594707646171756,0.14515293481688385,0.12079414164483371,0.4307411839018123,0.7403355177690754,-0.24853056510418792,-0.04389760737316839,0.6666666666666666,0.4151421652934342,0.32620047933056906,0.31056690009491716,0.5277777777777778
baseline_mlp_blend_50,25.0,2021-08-31_2022-07-31,12,0.2056493729017348,0.16719366722844042,0.2056493729017348,0.16719366722844042,0.03845570567329437,0.43112916359458703,0.6240710221549799,-0.09805751575236432,-0.04389760737316839,0.5833333333333334,0.25367920910857555,0.20523148289247362,0.2639127567016222,0.5833333333333333
baseline_mlp_blend_50,25.0,2021-09-30_2022-08-31,12,0.5808109596235973,0.11990803732841937,0.5808109596235973,0.11990803732841937,0.46090292229517793,0.3651308703984868,1.4282788670665683,-0.09805751575236443,-0.04389760737316817,0.6666666666666666,1.1007978258507816,0.39122695303479427,0.5943878909691385,0.5555555555555555
baseline_mlp_blend_50,25.0,2021-10-31_2022-09-30,12,0.7915953265848845,0.07700156092153554,0.7915953265848845,0.07700156092153554,0.714593765663349,0.3440652848010198,1.8766827030047537,-0.09805751575236443,-0.04389760737316828,0.75,1.7313512622070524,1.4303982812040472,0.6887273384708317,0.5833333333333333
baseline_mlp_blend_50,25.0,2021-11-30_2022-10-31,12,0.8750569913605923,0.0837751064100245,0.8750569913605923,0.0837751064100245,0.7912818849505678,0.3462685332403708,2.005436445873047,-0.09805751575236432,-0.04389760737316839,0.75,1.839800677146973,1.3725805605042416,0.7622743797713165,0.5555555555555556
baseline_mlp_blend_50,25.0,2021-12-31_2022-11-30,12,1.8154100170115606,0.04089310124175727,1.8154100170115606,0.04089310124175727,1.7745169157698033,0.48585545021531135,2.4108285039503614,-0.09805751575236454,-0.052330809109684795,0.8333333333333334,2.2274225332655675,-0.9505655420284337,2.1743770576459793,0.5277777777777778
baseline_mlp_blend_50,25.0,2022-01-31_2022-12-31,12,1.6177488978579113,0.03139589518781816,1.6177488978579113,0.03139589518781816,1.5863530026700932,0.4997997644685378,2.1967166736009895,-0.09805751575236432,-0.0538908420070876,0.75,2.053210997576016,-0.8241699380946292,1.9339044819276117,0.5277777777777778
baseline_mlp_blend_50,25.0,2022-02-28_2023-01-31,12,0.9340040593759218,-0.006523085673795559,0.9340040593759218,-0.006523085673795559,0.9405271450497174,0.4446835759481753,1.6944612582320764,-0.09805751575236454,-0.053890842007087936,0.6666666666666666,1.5645319670181146,-2.8377819028083975,1.054540360612303,0.5833333333333334
baseline_mlp_blend_50,25.0,2022-03-31_2023-02-28,12,1.0008288624486066,-0.03763942955797195,1.0008288624486066,-0.03763942955797195,1.0384682920065784,0.44520773888473725,1.7741129859589069,-0.09805751575236443,-0.05860315994470999,0.6666666666666666,1.709464445808876,-3.301598870830649,0.9200705419637518,0.5833333333333333
baseline_mlp_blend_50,25.0,2022-04-30_2023-03-31,12,0.682841070901681,-0.0433257664262765,0.682841070901681,-0.0433257664262765,0.7261668373279575,0.4692882191503652,1.3151222679448065,-0.09805751575236432,-0.052003665957635614,0.5833333333333334,1.2859490461318845,-4.415028664053702,0.5269093944127159,0.5833333333333334
baseline_mlp_blend_50,25.0,2022-05-31_2023-04-30,12,0.10897404926436005,-0.07213752035282106,0.10897404926436005,-0.07213752035282106,0.1811115696171811,0.5747945217923003,0.43038999754076623,-0.346977195111723,-0.07596598010903766,0.5,0.5410248883138116,-1.0820863260533595,0.18328366614631442,0.5555555555555555
baseline_mlp_blend_50,25.0,2022-06-30_2023-05-31,12,0.0748040094041047,-0.0361282154897381,0.0748040094041047,-0.0361282154897381,0.1109322248938428,0.5744441377646183,0.37481105405324,-0.34697719511172287,-0.07596598010903755,0.5,0.4245885862991171,-1.1434826506284104,0.1907793673296876,0.611111111111111
baseline_mlp_blend_50,25.0,2022-07-31_2023-06-30,12,0.2962722665505064,-0.0028433046031512976,0.2962722665505064,-0.0028433046031512976,0.2991155711536577,0.5646722573298533,0.7115798878606518,-0.346977195111723,-0.07596598010903743,0.5833333333333334,0.7001665784397064,-0.24463189590353596,0.48481291340373556,0.611111111111111
baseline_mlp_blend_50,25.0,2022-08-31_2023-07-31,12,0.32244092046164274,-0.031389184091800915,0.32244092046164274,-0.031389184091800915,0.35383010455344366,0.563592336152273,0.7486376855067269,-0.346977195111723,-0.0655917893195096,0.6666666666666666,0.7929455625579784,-0.06113511484061949,0.5112651094567919,0.5555555555555555
baseline_mlp_blend_50,25.0,2022-09-30_2023-08-31,12,0.6042634495980126,-0.014331580574544756,0.6042634495980126,-0.014331580574544756,0.6185950301725573,0.619008649787083,1.047839461624314,-0.34697719511172287,-0.06559178931950937,0.6666666666666666,1.0600606721259305,-0.005034744726192257,0.8806956293944344,0.5555555555555555
baseline_mlp_blend_50,25.0,2022-10-31_2023-09-30,12,0.3612805282782354,-0.04883569016310929,0.3612805282782354,-0.04883569016310929,0.4101162184413447,0.6389016277605742,0.7649697917094999,-0.346977195111723,-0.06327241269436523,0.5833333333333334,0.8412874243254517,0.6890496341628318,0.6658698613348577,0.5555555555555555
baseline_mlp_blend_50,25.0,2022-11-30_2023-10-31,12,0.3340950135315486,-8.074453772832779e-05,0.3340950135315486,-8.074453772832779e-05,0.3341757580692769,0.6372663315337936,0.7326333253648369,-0.346977195111723,-0.04084242285001627,0.5833333333333334,0.7294441843809804,0.681140221909346,0.5770222866573633,0.5277777777777777
baseline_mlp_blend_50,25.0,2022-12-31_2023-11-30,12,-0.13507832036667788,0.06162621592425688,-0.13507832036667788,0.06162621592425688,-0.19670453629093476,0.4818385595603312,-0.07316050378457624,-0.346977195111723,-0.04084242285001627,0.5,-0.21992167179910285,2.4626164878847034,-0.17566128637387468,0.5833333333333334
baseline_mlp_blend_50,25.0,2023-01-31_2023-12-31,12,-0.11943919100903899,0.05389394652891433,-0.11943919100903899,0.05389394652891433,-0.17333313753795332,0.4811623256708809,-0.03673569617147401,-0.346977195111723,-0.04084242285001627,0.5,-0.16473517691785527,2.4042702651089756,-0.1425960005879433,0.5277777777777778
baseline_mlp_blend_50,25.0,2023-02-28_2024-01-31,12,-0.1646540323537794,0.06910062416905749,-0.1646540323537794,0.06910062416905749,-0.2337546565228369,0.48649144904745373,-0.13915796317948023,-0.34697719511172287,-0.04084242285001627,0.5,-0.3031949947918505,2.2708854080419982,-0.20576026178757878,0.5
baseline_mlp_blend_50,25.0,2023-03-31_2024-02-29,12,-0.14297246568971944,0.07105311702696282,-0.14297246568971944,0.07105311702696282,-0.21402558271668226,0.49321973858011575,-0.07998564737389656,-0.28540482342807927,-0.04084242285001627,0.5,-0.24137688641097435,2.268447422427446,-0.18586034740115986,0.49999999999999994
baseline_mlp_blend_50,25.0,2023-04-30_2024-03-31,12,-0.12764922664020606,0.04605177038880415,-0.12764922664020606,0.04605177038880415,-0.1737009970290102,0.4904877586265034,-0.04711953046916248,-0.18659300709300453,-0.028914327222309355,0.5,-0.15739618646104261,2.5002890050593143,-0.13576425030760575,0.5277777777777778
baseline_mlp_blend_50,25.0,2023-05-31_2024-04-30,12,0.12266419488230063,0.05087612226469651,0.12266419488230063,0.05087612226469651,0.07178807261760412,0.39471650040118134,0.4609264631237101,-0.2230495928900995,-0.04720745865673304,0.5,0.3389001826699567,1.2544019799297779,0.12150522913918138,0.5833333333333334
baseline_mlp_blend_50,25.0,2023-06-30_2024-05-31,12,0.18676205127207357,0.06029804021364593,0.18676205127207357,0.06029804021364593,0.12646401105842764,0.3979253171533502,0.6019802324625957,-0.2230495928900994,-0.04720745865673304,0.5,0.46407621269151506,1.300223254069512,0.170749906470959,0.5277777777777778
baseline_mlp_blend_50,25.0,2023-07-31_2024-06-30,12,0.10220441150854453,0.046802268590376395,0.10220441150854453,0.046802268590376395,0.05540214291816814,0.39017400811203673,0.41459784354483586,-0.2230495928900995,-0.04720745865673304,0.4166666666666667,0.2961835838137648,1.0222368610101378,0.11763498473437917,0.49999999999999994
baseline_mlp_blend_50,25.0,2023-08-31_2024-07-31,12,0.10010789950591192,0.10318514893952901,0.10010789950591192,0.10318514893952901,-0.003077249433617091,0.39016182111954933,0.40965458694152895,-0.22304959289009962,-0.04720745865673315,0.3333333333333333,0.14791997431334122,0.7329490302976817,0.08769343929086215,0.49999999999999994
baseline_mlp_blend_50,25.0,2023-09-30_2024-08-31,12,-0.19746620651907587,0.08473288946892565,-0.19746620651907587,0.08473288946892565,-0.2821990959880015,0.2510137724692789,-0.7538635433254612,-0.19133920680140926,-0.04720745865673315,0.25,-1.2369150534651983,1.149591706422015,-0.2531890218913435,0.5277777777777778
baseline_mlp_blend_50,25.0,2023-10-31_2024-09-30,12,0.023596047333096726,0.12170948346779942,0.023596047333096726,0.12170948346779942,-0.09811343613470269,0.276103348340077,0.20825222235156324,-0.19133920680140937,-0.047207458656732815,0.3333333333333333,-0.23426747899545183,0.8528340104206781,-0.043480080590049375,0.49999999999999994
baseline_mlp_blend_50,25.0,2023-11-30_2024-10-31,12,-0.12026361326380108,0.004734660022875703,-0.12026361326380108,0.004734660022875703,-0.12499827328667679,0.2768399756830067,-0.3368536243877914,-0.14457203282309417,-0.07254414974326939,0.25,-0.39340785901041786,0.8272743266015871,-0.09700364034158226,0.5277777777777778
baseline_mlp_blend_50,25.0,2023-12-31_2024-11-30,12,0.04189270031991632,-0.026522408525777696,0.04189270031991632,-0.026522408525777696,0.06841510884569402,0.28457148465911347,0.2718865789331527,-0.14457203282309417,-0.07702368625268241,0.3333333333333333,0.3777139244893691,1.0514043547460237,0.10510267084032243,0.5277777777777778
baseline_mlp_blend_50,25.0,2024-01-31_2024-12-31,12,0.10174774211785875,-0.013699490369203038,0.10174774211785875,-0.013699490369203038,0.11544723248706179,0.2865715668548325,0.468372018683555,-0.14457203282309417,-0.07702368625268208,0.4166666666666667,0.5405698278572424,1.0602336658007698,0.1533911535632202,0.5
baseline_mlp_blend_50,25.0,2024-02-29_2025-01-31,12,-0.13634977831053618,-0.14290566323586873,-0.13634977831053618,-0.14290566323586873,0.006555884925332545,0.3999065830797081,-0.1637934346742955,-0.27554126301832715,-0.18252959118595857,0.4166666666666667,0.2550470949271867,1.9731386151847925,0.23657444223990298,0.5000000000000001
baseline_mlp_blend_50,25.0,2024-03-31_2025-02-28,12,-0.3442620454504143,-0.10676537761977256,-0.3442620454504143,-0.10676537761977256,-0.23749666783064172,0.4007377040664393,-0.8342397025596089,-0.38580250737508104,-0.1825295911859588,0.3333333333333333,-0.7112858650913313,1.4808634970039605,-0.17141865235199416,0.5277777777777779
baseline_mlp_blend_50,25.0,2024-04-30_2025-03-31,12,-0.22271561582574873,-0.06461005552580057,-0.22271561582574873,-0.06461005552580057,-0.15810556029994816,0.4177692933182775,-0.38752420940107607,-0.38580250737508104,-0.18252959118595868,0.4166666666666667,-0.3244854253028832,1.5753470281697093,-0.07575757870561617,0.47222222222222215
baseline_mlp_blend_50,25.0,2024-05-31_2025-04-30,12,-0.18470467694109083,0.02942056800377868,-0.18470467694109083,0.02942056800377868,-0.2141252449448695,0.4123016195272,-0.2835864946462155,-0.38580250737508104,-0.18252959118595857,0.4166666666666667,-0.4654979686951322,1.3070899445344402,-0.16107771366123724,0.4444444444444444
baseline_mlp_blend_50,25.0,2024-06-30_2025-05-31,12,-0.3172260595889138,-0.019239253194651806,-0.3172260595889138,-0.019239253194651806,-0.297986806394262,0.4137285701774905,-0.7016504894454088,-0.4165008249224528,-0.18252959118595835,0.3333333333333333,-0.8374360214942885,1.3318885011191348,-0.25058411186299856,0.47222222222222227
baseline_mlp_blend_50,25.0,2024-07-31_2025-06-30,12,-0.3633066977725051,0.03150250800801424,-0.3633066977725051,0.03150250800801424,-0.39480920578051937,0.412525112305167,-0.8695630824826209,-0.448355943577728,-0.1825295911859589,0.3333333333333333,-1.136108891359685,1.0341508700179813,-0.34080557020432556,0.5277777777777778
baseline_mlp_blend_50,25.0,2024-08-31_2025-07-31,12,-0.24234920600839382,0.02082724764079913,-0.24234920600839382,0.02082724764079913,-0.26317645364919295,0.4754851391678142,-0.3490093354798614,-0.4483559435777279,-0.1720911800730176,0.4166666666666667,-0.5002423755523039,1.2932147722245335,-0.1953645296243307,0.5833333333333334
baseline_mlp_blend_50,25.0,2024-09-30_2025-08-31,12,0.024482156213914585,0.07082064647411035,0.024482156213914585,0.07082064647411035,-0.046338490260195764,0.55101217773737,0.3005250730896795,-0.4483559435777281,-0.1720911800730176,0.5,0.16433411548584176,1.4443886024389774,0.041707725908331605,0.5833333333333334
baseline_mlp_blend_50,25.0,2024-10-31_2025-09-30,12,0.10719823874300993,0.07787885846139209,0.10719823874300993,0.07787885846139209,0.029319380281617846,0.5813883735685458,0.44347838156771435,-0.448355943577728,-0.11858833109117162,0.5,0.3207246035680479,1.48151545925775,0.1269833178272186,0.6111111111111112
baseline_mlp_blend_50,25.0,2024-11-30_2025-10-31,12,0.7516320722432284,0.1960061542824556,0.7516320722432284,0.1960061542824556,0.5556259179607728,0.7136786201276195,1.113124398024224,-0.448355943577728,-0.11795970406671652,0.5833333333333334,0.9203800178983671,1.8191804133694809,0.5376668860714793,0.5833333333333334
baseline_mlp_blend_50,25.0,2024-12-31_2025-11-30,12,0.6962466684821214,0.22133541890163522,0.6962466684821214,0.22133541890163522,0.47491124958048614,0.7129246578308728,1.0656785212977473,-0.448355943577728,-0.11795970406671652,0.5833333333333334,0.837769823714644,1.8726399769802573,0.41674691626512606,0.5555555555555555
baseline_mlp_blend_50,25.0,2025-01-31_2025-12-31,12,1.086416539608773,0.17166648362633885,1.086416539608773,0.17166648362633885,0.9147500559824342,0.7465555314134852,1.3400915406799183,-0.23854316572866818,-0.03669877287899381,0.5833333333333334,1.169002979674488,1.35505946832745,1.092996272343428,0.6388888888888888
baseline_mlp_blend_50,25.0,2025-02-28_2026-01-31,12,1.4856183105900933,0.31334945156909844,1.4856183105900933,0.31334945156909844,1.1722688590209949,0.684114957334321,1.665021502524159,-0.18541456569536163,-0.04758367670999886,0.5833333333333334,1.2327427926889787,0.03734515682401275,1.9404147971481165,0.6666666666666666
baseline_mlp_blend_50,25.0,2025-03-31_2026-02-28,12,1.5645240454159985,0.08257309459079365,1.5645240454159985,0.08257309459079365,1.481950950825205,0.6739634032140572,1.7300338643926971,-0.24505763419313498,-0.18488813271044613,0.6666666666666666,1.670936853848144,1.0513030378335797,1.7627423101006778,0.6666666666666666
baseline_mlp_blend_50,25.0,2025-04-30_2026-03-31,12,1.6172738847821049,0.028079656548997578,1.6172738847821049,0.028079656548997578,1.5891942282331073,0.6745439095544354,1.762166615155925,-0.24505763419313498,-0.19546042589812018,0.6666666666666666,1.7853702221567662,1.053935111691101,1.9661660047906153,0.6666666666666666
baseline_mlp_blend_50,25.0,2025-05-31_2026-04-30,12,1.5674647486101465,-0.14610708694572017,1.5674647486101465,-0.14610708694572017,1.7135718355558667,0.6787718229643092,1.7241453071077821,-0.24505763419313487,-0.29138146686445754,0.75,2.1491033516314424,1.3937106769548286,2.606427019698725,0.611111111111111
baseline_mlp_blend_50,25.0,2025-06-30_2026-05-31,12,1.626525553752899,-0.18541351506394133,1.626525553752899,-0.18541351506394133,1.8119390688168404,0.6723055321383151,1.7712910233037509,-0.26545085085344955,-0.34737666250868915,0.75,2.3251722316407686,1.4381372656452618,2.9102315977721203,0.5833333333333333
baseline_mlp_blend_50,25.0,2025-07-31_2026-06-30,12,1.9594080502398268,-0.1667764227923394,1.9594080502398268,-0.1667764227923394,2.126184473032166,0.6527911974324653,2.0077911643608863,-0.26545085085344966,-0.34737666250868904,0.75,2.655978916211937,1.4859652325711652,3.2418619246332163,0.5833333333333333
baseline_mlp_blend_50,25.0,2025-08-31_2026-07-31,11,1.4509470223497636,-0.20361006057922837,1.6590586534437777,-0.2199234939209873,1.878982147364765,0.6753648882781945,1.7820079625994174,-0.26545085085344955,-0.34737666250868904,0.7272727272727273,2.465504927296909,1.4730371195165348,3.1875549208594514,0.5454545454545454
online_best,25.0,2015-02-28_2016-01-31,12,0.01605464230117537,-0.12464243166357358,0.01605464230117537,-0.12464243166357358,0.14069707396474895,0.01605464230117528,0.9999999999999999,0.0,-0.23461549146957184,0.5,0.8948699738106769,0.0310915918338384,0.019993551569525536,0.08333333333333333
online_best,25.0,2015-03-31_2016-02-29,12,0.1456100462686345,-0.12200459979370504,0.1456100462686345,-0.12200459979370504,0.26761464606233953,0.12705872276046692,1.1298944530709818,0.0,-0.19026047013875313,0.5833333333333334,1.4521995805155563,0.17298293655234803,0.17684080379164846,0.1111111111111111
online_best,25.0,2015-04-30_2016-03-31,12,0.19266846506088275,-0.0487261301192532,0.19266846506088275,-0.0487261301192532,0.24139459518013595,0.12945671905042422,1.426269084851685,0.0,-0.19026047013875313,0.5833333333333334,1.318507822692289,0.17564578952477272,0.20961951253988698,0.16666666666666666
online_best,25.0,2015-05-31_2016-04-30,12,0.16869124980345407,-0.08042164366594717,0.16869124980345407,-0.08042164366594717,0.24911289346940124,0.13355939148644427,1.231933411756825,-0.020103839381889532,-0.13984886986493428,0.5833333333333334,1.4294415384567736,0.21939110509912485,0.1968020716661918,0.16666666666666666
online_best,25.0,2015-06-30_2016-05-31,12,0.33202698490616767,0.021583414106036036,0.33202698490616767,0.021583414106036036,0.31044357080013163,0.18218077277049533,1.6702959274451201,-0.020103839381889532,-0.12048248506773218,0.5833333333333334,1.529226174298358,0.5251102391873944,0.33036819178301724,0.2222222222222222
online_best,25.0,2015-07-31_2016-06-30,12,0.4609592583840796,0.0860932538897814,0.4609592583840796,0.0860932538897814,0.3748660044942982,0.19288246106374074,2.079452122139026,-0.020103839381889532,-0.06335335533136455,0.5833333333333334,1.693995685515201,0.6046865189647681,0.4064914005503104,0.25
online_best,25.0,2015-08-31_2016-07-31,12,0.5738883137923136,0.19435731551835667,0.5738883137923136,0.19435731551835667,0.379530998273957,0.19375661361849938,2.469013652725748,-0.020103839381889532,-0.010009956345255477,0.5833333333333334,1.6290332362032542,0.7013358093359067,0.41038550935124496,0.2777777777777778
online_best,25.0,2015-09-30_2016-08-31,12,0.7485538277128465,0.2701043538895269,0.7485538277128465,0.2701043538895269,0.4784494738233196,0.20051133580339464,2.9393091028497733,-0.020103839381889532,-0.010009956345255477,0.5833333333333334,1.7363821749427637,0.5574505795966453,0.560376803115475,0.3333333333333333
online_best,25.0,2015-10-31_2016-09-30,12,0.9440349645437829,0.21713191795584685,0.9440349645437829,0.21713191795584685,0.726903046587936,0.20180034358475535,3.474526728807165,-0.020103839381889532,-0.010009956345255366,0.6666666666666666,2.6624553558967583,1.0925358554463709,0.6048998904512513,0.3888888888888889
online_best,25.0,2015-11-30_2016-10-31,12,1.264386446962102,0.15798016020915506,1.264386446962102,0.15798016020915506,1.106406286752947,0.2164958334543256,3.999834856982408,-0.020103839381889532,-0.05046191183613391,0.6666666666666666,2.859866540271459,-0.38102478750491686,1.4348718808742733,0.4166666666666667
online_best,25.0,2015-12-31_2016-11-30,12,1.3037783041290552,0.15321182844166992,1.3037783041290552,0.15321182844166992,1.1505664756873852,0.21079402566439986,4.190554447881669,-0.020103839381889532,-0.05046191183613402,0.6666666666666666,3.0431966312423087,-0.31367807744829934,1.4481316933396338,0.4166666666666666
online_best,25.0,2016-01-31_2016-12-31,12,1.4294469943065171,0.14711071499834882,1.4294469943065171,0.14711071499834882,1.2823362793081683,0.1965927591485412,4.770739253312957,-0.020103839381889532,-0.05046191183613413,0.75,3.4429419515881565,-0.34463355288065506,1.5814947162403699,0.4444444444444444
online_best,25.0,2016-02-29_2017-01-31,12,1.6385675688662955,0.12905921429286393,1.6385675688662955,0.12905921429286393,1.5095083545734316,0.18559988016781484,5.524530367036921,-0.020103839381889532,-0.05046191183613391,0.8333333333333334,4.232390772642638,-0.1511497060822776,1.722077547738456,0.4166666666666667
online_best,25.0,2016-03-31_2017-02-28,12,1.270175726765879,0.14915985778953056,1.270175726765879,0.14915985778953056,1.1210158689763485,0.21161690144968354,4.101428473267052,-0.029912285315066844,-0.05046191183613402,0.75,2.9119547032831883,-0.4723050238001122,1.4625089762167565,0.4166666666666667
online_best,25.0,2016-04-30_2017-03-31,12,1.4243200353862715,0.1749923153912778,1.4243200353862715,0.1749923153912778,1.2493277199949937,0.21203504716581761,4.426723089529049,-0.029912285315066844,-0.05046191183613413,0.75,3.09478949543271,-0.5051359554536912,1.6681553290056832,0.38888888888888884
online_best,25.0,2016-05-31_2017-04-30,12,1.2810121049041308,0.19622916884670505,1.2810121049041308,0.19622916884670505,1.0847829360574257,0.24645497501390656,3.5734567783332003,-0.07802807744281148,-0.05046191183613402,0.75,2.4535294118591167,-0.7311844943386432,1.6504419909461232,0.4444444444444444
online_best,25.0,2016-06-30_2017-05-31,12,0.890390297913777,0.1620726033918518,0.890390297913777,0.1620726033918518,0.7283176945219252,0.26565641747212315,2.580450140092708,-0.12912702087848005,-0.05046191183613391,0.6666666666666666,1.7236290769201972,-1.2509987829824694,1.3348752942797946,0.4444444444444445
online_best,25.0,2016-07-31_2017-06-30,12,0.6758709514321308,0.11981317604468589,0.6758709514321308,0.11981317604468589,0.5560577753874449,0.2743944373136492,2.044685022550853,-0.15322312109907654,-0.05046191183613402,0.5833333333333334,1.4052599243035746,-1.5042093513064996,1.0435271304848222,0.4444444444444444
online_best,25.0,2016-08-31_2017-07-31,12,0.46438963109831666,0.0887429950023102,0.46438963109831666,0.0887429950023102,0.37564663609600646,0.29105690958193264,1.4605526550623622,-0.20288520720071324,-0.05046191183613402,0.5,1.0177379433623566,-1.7509634751058671,0.7603310286712484,0.47222222222222215
online_best,25.0,2016-09-30_2017-08-31,12,0.5412385040444145,0.09991973328039871,0.5412385040444145,0.09991973328039871,0.4413187707640158,0.3126081468830171,1.5463649379584354,-0.20288520720071324,-0.05046191183613402,0.5,1.1067068949550865,-1.6652794618822915,0.8776192758703436,0.47222222222222227
online_best,25.0,2016-10-31_2017-09-30,12,0.4653713890352589,0.1075588143605537,0.4653713890352589,0.1075588143605537,0.3578125746747052,0.3036116053110665,1.4119301438239675,-0.202885207200713,-0.0004923640702735321,0.5,0.9510570673960869,-1.636742668826445,0.7972197167097206,0.4444444444444444
online_best,25.0,2016-11-30_2017-10-31,12,0.2187511400924893,0.1559996199134983,0.2187511400924893,0.1559996199134983,0.062751520178991,0.2746037835591288,0.8472066045481337,-0.20288520720071312,-0.008932388259170088,0.4166666666666667,0.31480408819737626,0.7279978939358662,0.13337698868896264,0.47222222222222215
online_best,25.0,2016-12-31_2017-11-30,12,0.1911445847904194,0.19992461049678534,0.1911445847904194,0.19992461049678534,-0.008780025706365935,0.27575068756542626,0.7601089881251756,-0.20288520720071324,-0.008932388259169977,0.4166666666666667,0.08374878158517048,-0.008766988157137612,0.23292788631669104,0.5277777777777778
online_best,25.0,2017-01-31_2017-12-31,12,0.5801729743519644,0.24773371905633135,0.5801729743519644,0.24773371905633135,0.332439255295633,0.471727178114508,1.1744431787343037,-0.202885207200713,-0.008932388259170088,0.4166666666666667,0.7184489752919561,1.8578085341926935,0.14355455099420933,0.5
online_best,25.0,2017-02-28_2018-01-31,12,0.6419933010045726,0.22472528642954592,0.6419933010045726,0.22472528642954592,0.4172680145750267,0.4793662646341641,1.2457885433511022,-0.20288520720071324,-0.008932388259170088,0.4166666666666667,0.8308738992687942,1.3396665740111064,0.37149356428872005,0.47222222222222227
online_best,25.0,2017-03-31_2018-02-28,12,0.6629665210383937,0.11150665310004948,0.6629665210383937,0.11150665310004948,0.5514598679383442,0.4772750475334737,1.2772089332469416,-0.20288520720071324,-0.06307407298992962,0.5,1.0880685317143617,1.3129831913518695,0.575770415119295,0.47222222222222215
online_best,25.0,2017-04-30_2018-03-31,12,0.7892519522337951,0.054403018339003184,0.7892519522337951,0.054403018339003184,0.7348489338947919,0.4961350718488624,1.3988273372396713,-0.13542400446598946,-0.09250223900477905,0.5,1.2881019056233565,0.61938707963085,0.8968372231943365,0.49999999999999994
online_best,25.0,2017-05-31_2018-04-30,12,1.0388812846572395,0.042771960341875914,1.0388812846572395,0.042771960341875914,0.9961093243153636,0.47388435991786093,1.7359449587140596,-0.0846945399507465,-0.09416874157139277,0.5833333333333334,1.6524656199491485,0.6851734096488914,1.1490948672070793,0.47222222222222215
online_best,25.0,2017-06-30_2018-05-31,12,1.3262528475292736,-0.005226881237519021,1.3262528475292736,-0.005226881237519021,1.3314797287667925,0.4541795214006005,2.104390703697033,-0.058648372834760876,-0.12207676452647664,0.6666666666666666,2.1408523750219945,0.772491276110348,1.5066657948216884,0.47222222222222227
online_best,25.0,2017-07-31_2018-06-30,12,1.4012984922287623,0.0163507796990916,1.4012984922287623,0.0163507796990916,1.3849477125296707,0.4471223281808108,2.2077601717293844,-0.03671813289014558,-0.12207676452647676,0.6666666666666666,2.174523565395314,0.6136544506181403,1.5492009600265235,0.47222222222222215
online_best,25.0,2017-08-31_2018-07-31,12,1.3505071691266441,0.02633003466478856,1.3505071691266441,0.02633003466478856,1.3241771344618556,0.45435261031253127,2.12880425025726,-0.07855947293447285,-0.12207676452647653,0.6666666666666666,2.054945460518889,0.4837702563859664,1.4984159751530362,0.47222222222222215
online_best,25.0,2017-09-30_2018-08-31,12,1.0047940687865622,0.012828519177035869,1.0047940687865622,0.012828519177035869,0.9919655496095263,0.45026533213763054,1.766180615103315,-0.0810459441286604,-0.12207676452647664,0.6666666666666666,1.723879694199106,0.5042533935986566,1.1401747020024517,0.47222222222222227
online_best,25.0,2017-10-31_2018-09-30,12,0.9198452416857406,-0.028994428060318933,0.9198452416857406,-0.028994428060318933,0.9488396697460595,0.4534803797771089,1.6548873053144073,-0.0810459441286604,-0.12207676452647676,0.6666666666666666,1.7170598292762136,0.5985065204294742,1.0974751902021906,0.47222222222222227
online_best,25.0,2017-11-30_2018-10-31,12,0.9089574782096683,0.017470333624036494,0.9089574782096683,0.017470333624036494,0.8914871445856318,0.454751369095576,1.6381807832785114,-0.10394016677047657,-0.12207676452647676,0.6666666666666666,1.5512721061831,0.2263340497605162,1.0492951134115933,0.47222222222222215
online_best,25.0,2017-12-31_2018-11-30,12,1.4778560445557227,-0.025356283802123625,1.4778560445557227,-0.025356283802123625,1.5032123283578462,0.5008205295473258,2.079181323736243,-0.10394016677047646,-0.12207676452647687,0.75,2.2007123079100936,1.2788488604389812,1.7798560928492395,0.5
online_best,25.0,2018-01-31_2018-12-31,12,0.836807839519687,-0.01099995180484914,0.836807839519687,-0.01099995180484914,0.8478077913245361,0.36781575624175705,1.8470368406985558,-0.10394016677047657,-0.12095719505337177,0.6666666666666666,1.7564099769302306,-0.12324780962921025,0.9352880154657808,0.5555555555555556
online_best,25.0,2018-02-28_2019-01-31,12,0.6045543032076277,-0.023323412109537922,0.6045543032076277,-0.023323412109537922,0.6278777153171656,0.357515179058543,1.4946988492449194,-0.10394016677047646,-0.06297476655901424,0.6666666666666666,1.4587716394584378,-0.06816148455909207,0.6848647596861868,0.5833333333333334
online_best,25.0,2018-03-31_2019-02-28,12,0.6963926448470512,0.045204178762284775,0.6963926448470512,0.045204178762284775,0.6511884660847664,0.3512349367306401,1.6815261178085676,-0.10394016677047646,-0.032589089243883484,0.6666666666666666,1.432789906553998,-0.5920998247379315,0.8291092406391909,0.5833333333333334
online_best,25.0,2018-04-30_2019-03-31,12,0.12132308511201306,0.07686204312787948,0.12132308511201306,0.07686204312787948,0.04446104198413359,0.39719616911299943,0.46603291447841594,-0.20931085995343113,-0.031039511736595693,0.5833333333333334,0.26903632983000975,0.405380342942753,0.16487211319087125,0.5833333333333334
online_best,25.0,2018-05-31_2019-04-30,12,0.09730630427558484,0.03769148450195714,0.09730630427558484,0.03769148450195714,0.0596148197736277,0.3956566031920229,0.4109736392140542,-0.20931085995343113,-0.04957195403333192,0.5833333333333334,0.30221490397362244,0.2837578000473034,0.16172167460401488,0.638888888888889
online_best,25.0,2018-06-30_2019-05-31,12,-0.04413920293857165,0.09645960452265201,-0.04413920293857165,0.09645960452265201,-0.14059880746122366,0.3954693987442778,0.05989054960905866,-0.23685002456319948,-0.04957195403333203,0.5,-0.18355471021654823,0.4845639035166799,-0.022755446306029325,0.638888888888889
online_best,25.0,2018-07-31_2019-06-30,12,-0.0984880644241033,0.07648721996967378,-0.0984880644241033,0.07648721996967378,-0.17497528439377708,0.3992970148678851,-0.08360688993308826,-0.27757938384256586,-0.04957195403333203,0.5,-0.27829269962737496,0.50820724572111,-0.07048172071856729,0.6666666666666666
online_best,25.0,2018-08-31_2019-07-31,12,0.06142661172888886,0.051509897202665744,0.06142661172888886,0.051509897202665744,0.009916714526223114,0.39891143928088063,0.32605163593793907,-0.27757938384256586,-0.04957195403333203,0.5833333333333334,0.1895376497021944,0.42759964327601757,0.11230070595489683,0.6944444444444445
online_best,25.0,2018-09-30_2019-08-31,12,0.08788228068289716,0.032217370272061396,0.08788228068289716,0.032217370272061396,0.055664910410835766,0.39876564722769703,0.3885066416592332,-0.277579383842566,-0.05569706120271434,0.5833333333333334,0.2955837117314465,0.33750363274793654,0.15251660126603106,0.6666666666666666
online_best,25.0,2018-10-31_2019-09-30,12,0.1429981614189444,0.0680196854801034,0.1429981614189444,0.0680196854801034,0.074978475938841,0.4019619165619752,0.5130052134271949,-0.27757938384256586,-0.05569706120271445,0.5833333333333334,0.3375466066078869,0.39492282305139587,0.19402470912156344,0.6666666666666666
online_best,25.0,2018-11-30_2019-10-31,12,0.16838033541709319,-0.007313909877188718,0.16838033541709319,-0.007313909877188718,0.1756942452942819,0.3993924135145067,0.569864012644953,-0.277579383842566,-0.07977064350808971,0.6666666666666666,0.5880160670834125,0.7999686011199644,0.25631608405982687,0.6666666666666666
online_best,25.0,2018-12-31_2019-11-30,12,-0.02389946809389243,0.01695714726683817,-0.02389946809389243,0.01695714726683817,-0.0408566153607306,0.28055094230761773,0.05415187898061886,-0.27757938384256586,-0.07977064350808971,0.6666666666666666,-0.02219642490045462,0.34129439490276897,0.007866079949312654,0.6388888888888888
online_best,25.0,2019-01-31_2019-12-31,12,-0.16756185709551907,-0.0907583313333864,-0.16756185709551907,-0.0907583313333864,-0.07680352576213267,0.30015436802161327,-0.45789357168519074,-0.27757938384256586,-0.08173242622854304,0.6666666666666666,-0.16197216093301364,0.7441792869761845,-0.06812071684910681,0.638888888888889
online_best,25.0,2019-02-28_2020-01-31,12,-0.19471625577449736,-0.15374678206850467,-0.19471625577449736,-0.15374678206850467,-0.04096947370599269,0.30037144715521713,-0.566346613511105,-0.27757938384256586,-0.157070533612218,0.6666666666666666,-0.03921077846826924,0.5717465284700235,-0.07666806283927019,0.6666666666666666
online_best,25.0,2019-03-31_2020-02-29,12,-0.24774420233911,-0.2983301643039218,-0.24774420233911,-0.2983301643039218,0.0505859619648118,0.294972418379842,-0.8085960875887455,-0.1684355131425881,-0.2968733323797681,0.6666666666666666,0.28015134383823653,0.24539954749486567,-0.14663912352020914,0.7222222222222223
online_best,25.0,2019-04-30_2020-03-31,12,-0.2590529803574284,-0.26938100433105683,-0.2590529803574284,-0.26938100433105683,0.01032802397362842,0.3034186450447018,-0.8252627185249135,-0.3523754258506062,-0.2897384073692094,0.6666666666666666,0.10486289944548392,0.0033756638797809092,-0.2227970562327336,0.7222222222222222
online_best,25.0,2019-05-31_2020-04-30,12,-0.2819232640589031,-0.23441422140073764,-0.2819232640589031,-0.23441422140073764,-0.04750904265816547,0.29946554078964593,-0.9421241489021612,-0.3547288219227107,-0.2897384073692094,0.5833333333333334,-0.1092097808790522,0.0376421558954334,-0.2412987974327836,0.6944444444444445
online_best,25.0,2019-06-30_2020-05-31,12,-0.28726185656596803,-0.22854562482453433,-0.28726185656596803,-0.22854562482453433,-0.0587162317414337,0.3005035584774557,-0.9620958463866408,-0.39872896046885,-0.2897384073692095,0.5833333333333334,-0.14874827666716028,0.020728389864574957,-0.24998612884082427,0.7222222222222223
online_best,25.0,2019-07-31_2020-06-30,12,-0.234113033946175,-0.1941752572672133,-0.234113033946175,-0.1941752572672133,-0.0399377766789617,0.30129091757759724,-0.7252894085412265,-0.3987289604688501,-0.2827760862119635,0.5833333333333334,-0.07855624064495591,0.0935631118006052,-0.18325422253300971,0.75
online_best,25.0,2019-08-31_2020-07-31,12,-0.32019973069283025,-0.1722348942847023,-0.32019973069283025,-0.1722348942847023,-0.14796483640812796,0.2796706249639348,-1.2173827444020815,-0.41103748529215123,-0.27948217627529803,0.5,-0.5098188226518982,0.06989113626729061,-0.28369904275680535,0.75
online_best,25.0,2019-09-30_2020-08-31,12,-0.3673762834830162,-0.21057570090232802,-0.3673762834830162,-0.21057570090232802,-0.15680058258068819,0.27463955773775284,-1.4979693398700737,-0.4397650329858248,-0.27948217627529803,0.5,-0.5909346000929057,0.09618864214910729,-0.32825951961823463,0.7777777777777777
online_best,25.0,2019-10-31_2020-09-30,12,-0.40532119578726955,-0.1766274605970889,-0.40532119578726955,-0.1766274605970889,-0.22869373519018066,0.25666670464746255,-1.8514062939768023,-0.4398940235085328,-0.2794821762752979,0.4166666666666667,-0.9230725065871247,0.0885212702526318,-0.374788413812405,0.8333333333333331
online_best,25.0,2019-11-30_2020-10-31,12,-0.4021061265993723,-0.06643817837031618,-0.4021061265993723,-0.06643817837031618,-0.3356679482290561,0.25726990685152307,-1.82637348526847,-0.44550913868310893,-0.2794821762752979,0.3333333333333333,-1.2741594224147301,0.1330964145473888,-0.3777187067315665,0.861111111111111
online_best,25.0,2019-12-31_2020-11-30,12,-0.3586540543686303,-0.050871312509224054,-0.3586540543686303,-0.050871312509224054,-0.30778274185940624,0.30398458182847365,-1.28791737914336,-0.37303625952760966,-0.2358764964179022,0.3333333333333333,-1.040598413704712,0.24210787493553385,-0.32527935298198174,0.8888888888888888
online_best,25.0,2020-01-31_2020-12-31,12,-0.29269270027126937,-0.013079995771551722,-0.29269270027126937,-0.013079995771551722,-0.27961270449971765,0.2901976963617864,-1.0356639514068717,-0.3529912393873623,-0.16758179221927783,0.3333333333333333,-0.8928546145436941,0.1715356388630613,-0.26490917625056476,0.9166666666666666
online_best,25.0,2020-02-29_2021-01-31,12,-0.02891935607692553,0.14471568274700242,-0.02891935607692553,0.14471568274700242,-0.17363503882392795,0.45839386900095846,0.13269188765274417,-0.33319559687742006,-0.07033476780972703,0.3333333333333333,-0.22914286059742572,0.4951530858703861,-0.021168280032073494,0.9166666666666665
online_best,25.0,2020-03-31_2021-02-28,12,0.23678779173933262,0.3187076559568369,0.23678779173933262,0.3187076559568369,-0.0819198642175043,0.5103729751956149,0.6393797836226468,-0.14380818231739734,-0.07033476780972703,0.3333333333333333,0.06448430570319713,0.24741271990826225,0.2856895617745405,0.8888888888888888
online_best,25.0,2020-04-30_2021-03-31,12,0.5610079197416906,0.2712264885896778,0.5610079197416906,0.2712264885896778,0.2897814311520128,0.4376283016425555,1.212176797618167,-0.14068552857249228,-0.07033476780972714,0.3333333333333333,0.6248728960923485,0.4523039277130835,0.5039154214658508,0.861111111111111
online_best,25.0,2020-05-31_2021-04-30,12,0.6535380902337085,0.2511461011810818,0.6535380902337085,0.2511461011810818,0.40239198905262663,0.43455948166080244,1.3566460048446083,-0.09341361504061674,-0.07033476780972703,0.4166666666666667,0.795062013691312,0.40713285448245784,0.6198468449038215,0.861111111111111
online_best,25.0,2020-06-30_2021-05-31,12,0.9813753341616223,0.22018559574957508,0.9813753341616223,0.22018559574957508,0.7611897384120472,0.41914723711708907,1.8472939007861224,-0.09341361504061674,-0.07033476780972703,0.5,1.324865725802632,0.4411390958146947,0.9376219456471113,0.8055555555555555
online_best,25.0,2020-07-31_2021-06-30,12,1.7209729605054056,0.1787337447456181,1.7209729605054056,0.1787337447456181,1.5422392157597875,0.5297829196699663,2.1782333455739877,-0.058529452265832504,-0.07033476780972703,0.5833333333333334,1.8453222734441945,0.5170620794992549,1.7664452910645387,0.7777777777777777
online_best,25.0,2020-08-31_2021-07-31,12,1.8834266166466929,0.17406019021811336,1.8834266166466929,0.17406019021811336,1.7093664264285795,0.5169764916474218,2.3434002918474763,-0.024633680879138864,-0.0471551797914731,0.6666666666666666,2.0142631052966844,0.5356013999883379,1.9131138991333225,0.7222222222222222
online_best,25.0,2020-09-30_2021-08-31,12,1.3899043534834075,0.29094300690606567,1.3899043534834075,0.29094300690606567,1.0989613465773418,0.5890332820895736,1.7803291353251194,-0.21158627749921566,-0.0471551797914731,0.5833333333333334,1.2916558134564586,-0.02226644577832919,1.747836699868953,0.7222222222222222
online_best,25.0,2020-10-31_2021-09-30,12,1.3058891881165167,0.285307502281577,1.3058891881165167,0.285307502281577,1.0205816858349397,0.5957468780933871,1.7012712099213294,-0.2394774735793963,-0.04715517979147299,0.5833333333333334,1.2265317727257827,-0.053816271972595496,1.6804467060718866,0.6666666666666666
online_best,25.0,2020-11-30_2021-10-31,12,1.4054175827433566,0.164192612882329,1.4054175827433566,0.164192612882329,1.2412249698610276,0.5898570872798351,1.7906998509284768,-0.2394774735793962,-0.04715517979147299,0.6666666666666666,1.5310179040377698,0.6674920385243739,1.4955547782989038,0.6666666666666666
online_best,25.0,2020-12-31_2021-11-30,12,0.8732600202929741,0.10075285366229347,0.8732600202929741,0.10075285366229347,0.7725071666306806,0.6124541769727831,1.3068247810294056,-0.29255307942742337,-0.04715517979147321,0.5833333333333334,1.1415399466412866,0.4731382577683983,1.0751632575041947,0.611111111111111
online_best,25.0,2021-01-31_2021-12-31,12,1.0644167462065934,0.1311417024200292,1.0644167462065934,0.1311417024200292,0.9332750437865642,0.6042956123156182,1.4891743131322601,-0.29255307942742337,-0.04715517979147299,0.6666666666666666,1.2678580494202083,0.1759001238040153,1.3322278042382325,0.5555555555555555
online_best,25.0,2021-02-28_2022-01-31,12,0.8064966048731832,0.1035559333431273,0.8064966048731832,0.1035559333431273,0.7029406715300559,0.5478868241688637,1.3391225779398783,-0.2925530794274235,-0.008710521467504728,0.6666666666666666,1.1017137756067226,-1.7586141501976522,1.4102923053775784,0.49999999999999994
online_best,25.0,2021-03-31_2022-02-28,12,0.5378237033880808,0.1814244316261513,0.5378237033880808,0.1814244316261513,0.35639927176192954,0.513728516301027,1.0703915489022713,-0.29255307942742337,-0.008710521467504728,0.6666666666666666,0.7332225427023515,-0.21904265790747246,0.7737833287071789,0.4722222222222221
online_best,25.0,2021-04-30_2022-03-31,12,0.7790652844690966,0.2056999327796627,0.7790652844690966,0.2056999327796627,0.5733653516894339,0.5162807757963643,1.363773703085685,-0.29255307942742337,-0.008710521467504728,0.75,0.9850292132307539,-0.3221629264794464,1.0999562882563483,0.4722222222222221
online_best,25.0,2021-05-31_2022-04-30,12,1.0056765867240047,0.20202014645819677,1.0056765867240047,0.20202014645819677,0.803656440265808,0.5326035058781542,1.5743922070208625,-0.2925530794274236,-0.011058901373715124,0.75,1.1946547773113279,-1.3735244024384055,1.8528398024231607,0.44444444444444436
online_best,25.0,2021-06-30_2022-05-31,12,0.3369845979303241,0.1547230806668567,0.3369845979303241,0.1547230806668567,0.1822615172634674,0.6199442654861331,0.7521116664489129,-0.29255307942742337,-0.04389760737316839,0.6666666666666666,0.5259016134151319,1.9004190134744328,0.20272524529885616,0.44444444444444436
online_best,25.0,2021-07-31_2022-06-30,12,-0.010124819518652073,0.14515293481688385,-0.010124819518652073,0.14515293481688385,-0.15527775433553592,0.48221263553925514,0.21483611677042583,-0.29255307942742337,-0.04389760737316839,0.6666666666666666,-0.07602397434366104,1.7300110326671734,-0.12870197189588772,0.47222222222222215
online_best,25.0,2021-08-31_2022-07-31,12,-0.022730889854133518,0.16719366722844042,-0.022730889854133518,0.16719366722844042,-0.18992455708257394,0.4820406204784647,0.18795384220730005,-0.2557033449246564,-0.04389760737316839,0.5833333333333334,-0.14557121075991458,1.6064776792716384,-0.15232773107316822,0.5
online_best,25.0,2021-09-30_2022-08-31,12,0.13926523428260396,0.11990803732841937,0.13926523428260396,0.11990803732841937,0.019357196954184586,0.43238632999085097,0.5117924738742298,-0.2872155752059158,-0.04389760737316817,0.5833333333333334,0.2588017423468096,2.190174359755745,-0.03472566115724329,0.47222222222222215
online_best,25.0,2021-10-31_2022-09-30,12,0.1872259994173464,0.07700156092153554,0.1872259994173464,0.07700156092153554,0.11022443849581087,0.4287642058882533,0.6108270543482467,-0.2872155752059158,-0.04389760737316828,0.5833333333333334,0.47406964044331,3.3132357255934393,0.006854974603711872,0.5
online_best,25.0,2021-11-30_2022-10-31,12,0.23890809360894205,0.0837751064100245,0.23890809360894205,0.0837751064100245,0.15513298719891755,0.4323504219604548,0.7097397673860077,-0.2872155752059159,-0.04389760737316839,0.5833333333333334,0.566498554715667,3.3434941029735894,0.028992957091196425,0.47222222222222227
online_best,25.0,2021-12-31_2022-11-30,12,0.9575068259080484,0.04089310124175727,0.9575068259080484,0.04089310124175727,0.9166137246662911,0.5635678840524392,1.4715460839639838,-0.2872155752059158,-0.052330809109684795,0.6666666666666666,1.3926786164593759,0.43753289737899653,1.1905551372782002,0.5
online_best,25.0,2022-01-31_2022-12-31,12,0.7939761992315417,0.03139589518781816,0.7939761992315417,0.03139589518781816,0.7625803040437236,0.5696826638847375,1.2981242755374354,-0.2872155752059157,-0.0538908420070876,0.5833333333333334,1.2379156937598932,0.4915464490527809,1.0173705393097237,0.5
online_best,25.0,2022-02-28_2023-01-31,12,0.6291302883029384,-0.006523085673795559,0.6291302883029384,-0.006523085673795559,0.6356533739767339,0.5586113215356379,1.132351357847405,-0.2872155752059158,-0.053890842007087936,0.5833333333333334,1.1263738707698991,-0.1678556098912487,0.8511289871901244,0.5
online_best,25.0,2022-03-31_2023-02-28,12,0.5618001835316153,-0.03763942955797195,0.5618001835316153,-0.03763942955797195,0.5994396130895873,0.5603599952549295,1.0512274287267627,-0.2872155752059159,-0.05860315994470999,0.5833333333333334,1.1049333167908186,-0.1676499302902419,0.7669976952886075,0.5277777777777778
online_best,25.0,2022-04-30_2023-03-31,12,0.3290671661384894,-0.0433257664262765,0.3290671661384894,-0.0433257664262765,0.3723929325647659,0.5569162051585004,0.7534535514370901,-0.2872155752059157,-0.052003665957635614,0.5,0.8106968055152477,-1.153219658204377,0.44096329479627494,0.5555555555555555
online_best,25.0,2022-05-31_2023-04-30,12,-0.1361460130563511,-0.07213752035282106,-0.1361460130563511,-0.07213752035282106,-0.06400849270353004,0.5855457422243812,0.005333189940053008,-0.2515986300901626,-0.07596598010903766,0.4166666666666667,0.12940042200632487,1.0121279489454513,0.07869638041994165,0.5555555555555555
online_best,25.0,2022-06-30_2023-05-31,12,0.16595042890088263,-0.0361282154897381,0.16595042890088263,-0.0361282154897381,0.20207864439062073,0.5150259473346643,0.5114482937637159,-0.2515986300901625,-0.07596598010903755,0.5,0.567586383502432,-0.5400192578832568,0.2742117372741866,0.611111111111111
online_best,25.0,2022-07-31_2023-06-30,12,0.16265053037420807,-0.0028433046031512976,0.16265053037420807,-0.0028433046031512976,0.16549383497735937,0.5149579901724006,0.5058315122952208,-0.2515986300901625,-0.07596598010903743,0.4166666666666667,0.49483579640925623,-0.3417421792427479,0.2940539320888387,0.5555555555555555
online_best,25.0,2022-08-31_2023-07-31,12,0.1713177887473425,-0.031389184091800915,0.1713177887473425,-0.031389184091800915,0.2027069728391434,0.5147858032471513,0.5205897488804229,-0.25159863009016237,-0.0655917893195096,0.5,0.5678286408800189,-0.32658384507317845,0.2913350442885507,0.5833333333333333
online_best,25.0,2022-09-30_2023-08-31,12,0.525105901821785,-0.014331580574544756,0.525105901821785,-0.014331580574544756,0.5394374823963297,0.5287216265893945,1.0319250420466168,-0.2515986300901625,-0.06559178931950937,0.5833333333333334,1.030563788273718,-0.7759749131666914,0.6898213484040134,0.5833333333333333
online_best,25.0,2022-10-31_2023-09-30,12,0.41511382879998093,-0.04883569016310929,0.41511382879998093,-0.04883569016310929,0.4639495189630902,0.5395987059007542,0.8767678230637815,-0.2515986300901625,-0.06327241269436523,0.5833333333333334,0.9530578503762772,-0.11376716980046969,0.582226418858109,0.5833333333333333
online_best,25.0,2022-11-30_2023-10-31,12,0.3181424522382039,-8.074453772832779e-05,0.3181424522382039,-8.074453772832779e-05,0.31822319677593225,0.538943111982868,0.7408120830098756,-0.2515986300901625,-0.04084242285001627,0.5,0.7174899095262244,-0.2837904832955542,0.48260489729727607,0.5833333333333334
online_best,25.0,2022-12-31_2023-11-30,12,-0.3694794299958136,0.06162621592425688,-0.3694794299958136,0.06162621592425688,-0.4311056459200705,0.4582778032886259,-0.7488407879184551,-0.39969796051339057,-0.04084242285001627,0.4166666666666667,-0.8934265823125951,0.6813845181982893,-0.32483913113510743,0.5555555555555555
online_best,25.0,2023-01-31_2023-12-31,12,-0.35861401061654785,0.05389394652891433,-0.35861401061654785,0.05389394652891433,-0.4125079571454622,0.4591449436604618,-0.710454107970713,-0.3996979605133907,-0.04084242285001627,0.5,-0.836773365332112,0.6220147027615072,-0.3069985763165378,0.5833333333333334
online_best,25.0,2023-02-28_2024-01-31,12,-0.4404839163322066,0.06910062416905749,-0.4404839163322066,0.06910062416905749,-0.5095845405012641,0.451861613069375,-1.0205522552531336,-0.4452185537097152,-0.04084242285001627,0.4166666666666667,-1.182259187631573,0.6142508402175181,-0.40277966994102576,0.6111111111111112
online_best,25.0,2023-03-31_2024-02-29,12,-0.3291359063226703,0.07105311702696282,-0.3291359063226703,0.07105311702696282,-0.40018902334963313,0.5148079846283884,-0.5059018407890512,-0.42670542561623015,-0.04084242285001627,0.4166666666666667,-0.6440068801360016,0.36105285342994775,-0.25180402552118963,0.638888888888889
online_best,25.0,2023-04-30_2024-03-31,12,-0.3022383065826333,0.04605177038880415,-0.3022383065826333,0.04605177038880415,-0.34829007697143743,0.5153991193045172,-0.43004163487823693,-0.4109264896932001,-0.028914327222309355,0.5,-0.522018390502949,0.3326204336866031,-0.21356938056525043,0.611111111111111
online_best,25.0,2023-05-31_2024-04-30,12,-0.18758708191109874,0.05087612226469651,-0.18758708191109874,0.05087612226469651,-0.23846320417579525,0.4733629872800167,-0.19977800693757014,-0.4109264896932,-0.04720745865673304,0.5,-0.3017992230134991,-0.5263648259696702,-0.06457917774426203,0.611111111111111
online_best,25.0,2023-06-30_2024-05-31,12,-0.13810629298334043,0.06029804021364593,-0.13810629298334043,0.06029804021364593,-0.19840433319698636,0.479040663880214,-0.0696859915449567,-0.4109264896932002,-0.04720745865673304,0.5,-0.19354374457331172,-0.4343190139885925,-0.006354290415881425,0.5833333333333333
online_best,25.0,2023-07-31_2024-06-30,12,-0.15272666988456118,0.046802268590376395,-0.15272666988456118,0.046802268590376395,-0.19952893847493758,0.47800017341020734,-0.10643694326339505,-0.4109264896932001,-0.04720745865673304,0.5,-0.2021412505142933,-0.6245471754458637,-0.02012037055718574,0.5555555555555555
online_best,25.0,2023-08-31_2024-07-31,12,-0.13563376155968332,0.10318514893952901,-0.13563376155968332,0.10318514893952901,-0.23881891049921233,0.4793338001332646,-0.06342380501353788,-0.4109264896932,-0.04720745865673315,0.4166666666666667,-0.2702858300792107,-0.2127701645409099,-0.008457706505624718,0.5277777777777778
online_best,25.0,2023-09-30_2024-08-31,12,-0.25769285019613386,0.08473288946892565,-0.25769285019613386,0.08473288946892565,-0.3424257396650595,0.42994779794095,-0.4637579996806271,-0.37084339417423806,-0.04720745865673315,0.4166666666666667,-0.6436138767575683,-0.08961542114333823,-0.1756882487340491,0.5555555555555556
online_best,25.0,2023-10-31_2024-09-30,12,-0.20723747821753358,0.12170948346779942,-0.20723747821753358,0.12170948346779942,-0.328946961685333,0.4264602904322999,-0.3188874818452277,-0.37084339417423806,-0.047207458656732815,0.4166666666666667,-0.5757478835419441,-0.33827041853393874,-0.09150815048367766,0.5
online_best,25.0,2023-11-30_2024-10-31,12,-0.2719324525065916,0.004734660022875703,-0.2719324525065916,0.004734660022875703,-0.2766671125294673,0.4311286678046718,-0.5054431574286066,-0.09954881456209563,-0.07254414974326939,0.4166666666666667,-0.5147640456824054,0.05759621638720517,-0.19788713397194457,0.5000000000000001
online_best,25.0,2023-12-31_2024-11-30,12,0.04679662821615915,-0.026522408525777696,0.04679662821615915,-0.026522408525777696,0.07331903674193685,0.2809446169472883,0.2851689809475598,-0.1011317188267361,-0.07702368625268241,0.4166666666666667,0.38710119090399986,0.9393454859852498,0.10542693920995161,0.5277777777777778
online_best,25.0,2024-01-31_2024-12-31,12,0.20967583557954717,-0.013699490369203038,0.20967583557954717,-0.013699490369203038,0.2233753259487502,0.31886699385817163,0.7402380115373373,-0.1011317188267361,-0.07702368625268208,0.4166666666666667,0.8134895884033508,1.0126562007811772,0.27441614980294826,0.5555555555555556
online_best,25.0,2024-02-29_2025-01-31,12,0.11528144484249414,-0.14290566323586873,0.11528144484249414,-0.14290566323586873,0.25818710807836287,0.349500999613756,0.4694443232573546,-0.14971030385403483,-0.18252959118595857,0.4166666666666667,1.086429753551338,1.39648442643814,0.4286073697958901,0.5555555555555556
online_best,25.0,2024-03-31_2025-02-28,12,-0.14195321595217925,-0.10676537761977256,-0.14195321595217925,-0.10676537761977256,-0.035187838332406685,0.28448584101881896,-0.40365662172209227,-0.20894618932835873,-0.1825295911859588,0.3333333333333333,-0.06675836808775676,1.0668808125500564,-0.008366181199622735,0.5555555555555556
online_best,25.0,2024-04-30_2025-03-31,12,-0.060752175632143635,-0.06461005552580057,-0.060752175632143635,-0.06461005552580057,0.0038578798936569347,0.30552546298913297,-0.06409968582318847,-0.20894618932835873,-0.18252959118595868,0.3333333333333333,0.14226569139013434,1.1692133837315475,0.043124370090741104,0.5833333333333334
online_best,25.0,2024-05-31_2025-04-30,12,0.013390517595192497,0.02942056800377868,0.013390517595192497,0.02942056800377868,-0.016030050408586183,0.2884664099710318,0.1785166722400977,-0.20894618932835862,-0.18252959118595857,0.3333333333333333,0.031027072092849137,0.8817874655233293,0.012824144835174911,0.6111111111111112
online_best,25.0,2024-06-30_2025-05-31,12,-0.10880933984546937,-0.019239253194651806,-0.10880933984546937,-0.019239253194651806,-0.08957008665081756,0.2872128571377028,-0.26816260621590526,-0.20894618932835873,-0.18252959118595835,0.25,-0.30689926324138883,0.8957792506777612,-0.0710500754409954,0.6111111111111112
online_best,25.0,2024-07-31_2025-06-30,12,0.0637497426647351,0.03150250800801424,0.0637497426647351,0.03150250800801424,0.03224723465672086,0.3601384680964546,0.33122201354358427,-0.20894618932835862,-0.1825295911859589,0.3333333333333333,0.25614593007035313,1.2093438991382452,0.061468223153335444,0.6944444444444445
online_best,25.0,2024-08-31_2025-07-31,12,0.030997679638020692,0.02082724764079913,0.030997679638020692,0.02082724764079913,0.010170431997221563,0.35908648727332637,0.24341120518213977,-0.20894618932835862,-0.1720911800730176,0.3333333333333333,0.17762908811933434,1.1983005984317185,0.042376871668093674,0.7222222222222223
online_best,25.0,2024-09-30_2025-08-31,12,-0.04940782897896334,0.07082064647411035,-0.04940782897896334,0.07082064647411035,-0.12022847545307369,0.36303296057877465,0.01998599118598042,-0.20894618932835873,-0.1720911800730176,0.25,-0.2773939977680937,1.174245043672465,-0.09013740113846724,0.75
online_best,25.0,2024-10-31_2025-09-30,12,0.0045149863473064045,0.07787885846139209,0.0045149863473064045,0.07787885846139209,-0.07336387211408568,0.366653210482991,0.1739019595105688,-0.20894618932835862,-0.11858833109117162,0.3333333333333333,-0.1010757892839631,1.180718066602595,-0.045017178904489086,0.8333333333333334
online_best,25.0,2024-11-30_2025-10-31,12,0.2561364913896158,0.1960061542824556,0.2561364913896158,0.1960061542824556,0.0601303371071602,0.3817485383268659,0.7719419004921445,-0.20894618932835862,-0.11795970406671652,0.4166666666666667,0.3196835329949484,1.266192148556945,0.04767784918679241,0.8333333333333331
online_best,25.0,2024-12-31_2025-11-30,12,0.24610439148852659,0.22133541890163522,0.24610439148852659,0.22133541890163522,0.02476897258689137,0.38284899454694865,0.7493044953298855,-0.20894618932835873,-0.11795970406671652,0.4166666666666667,0.22343057478248382,1.2548044097370872,0.014732452771574645,0.8333333333333331
online_best,25.0,2025-01-31_2025-12-31,12,0.05354885697947398,0.17166648362633885,0.05354885697947398,0.17166648362633885,-0.11811762664686487,0.35530532314209773,0.30376649902908676,-0.08943007106711465,-0.03669877287899381,0.4166666666666667,-0.25345200544081725,1.2663045424304291,-0.1092098652645137,0.8333333333333331
online_best,25.0,2025-02-28_2026-01-31,12,0.17688261989424747,0.31334945156909844,0.17688261989424747,0.31334945156909844,-0.13646683167485096,0.31887780395562443,0.650622489390957,-0.09704131160935514,-0.04758367670999886,0.4166666666666667,-0.2790424907905374,1.4214267728644225,-0.17804901346720337,0.8333333333333334
online_best,25.0,2025-03-31_2026-02-28,12,-0.055500524327124934,0.08257309459079365,-0.055500524327124934,0.08257309459079365,-0.13807361891791858,0.41265057055850984,0.0575994994855633,-0.3258204672477494,-0.18488813271044613,0.4166666666666667,-0.2831611875091532,1.627667968119338,-0.13095963059321103,0.8333333333333331
online_best,25.0,2025-04-30_2026-03-31,12,-0.0913902461329954,0.028079656548997578,-0.0913902461329954,0.028079656548997578,-0.11946990268199298,0.40363270814729435,-0.044834919433399116,-0.32582046724774927,-0.19546042589812018,0.4166666666666667,-0.24174938438468818,1.5421041020802406,-0.08835485202489268,0.8333333333333331
online_best,25.0,2025-05-31_2026-04-30,12,-0.2900159625291353,-0.14610708694572017,-0.2900159625291353,-0.14610708694572017,-0.14390887558341514,0.4695932102561872,-0.4908023795209312,-0.4575432198817737,-0.29138146686445754,0.4166666666666667,-0.34549604716151344,1.8225564206938165,0.00950398177125078,0.8333333333333334
online_best,25.0,2025-06-30_2026-05-31,12,-0.15308351346398497,-0.18541351506394133,-0.15308351346398497,-0.18541351506394133,0.03233000159995636,0.4858201649867837,-0.10232694089615359,-0.4575432198817736,-0.34737666250868915,0.5,0.3607203414161215,1.4989261391186641,0.23657382059329835,0.7777777777777777
online_best,25.0,2025-07-31_2026-06-30,12,-0.28076839551783894,-0.1667764227923394,-0.28076839551783894,-0.1667764227923394,-0.11399197272549955,0.42896523818611687,-0.5412046048203554,-0.4575432198817737,-0.34737666250868904,0.4166666666666667,-0.24164976168858696,1.078609652013378,-0.06675172836138032,0.7222222222222223
online_best,25.0,2025-08-31_2026-07-31,11,-0.28331243142475115,-0.20361006057922837,-0.3046906947600372,-0.2199234939209873,-0.08476720083904987,0.44913919883428344,-0.5725076935244428,-0.4575432198817737,-0.34737666250868904,0.45454545454545453,-0.11931685589688001,1.1273817443249006,-0.013993307766851926,0.6969696969696969
online_soft,25.0,2015-02-28_2016-01-31,12,0.01605464230117537,-0.12464243166357358,0.01605464230117537,-0.12464243166357358,0.14069707396474895,0.01605464230117528,0.9999999999999999,0.0,-0.23461549146957184,0.5,0.8948699738106769,0.0310915918338384,0.019993551569525536,0.08333333333333333
online_soft,25.0,2015-03-31_2016-02-29,12,0.1456100462686345,-0.12200459979370504,0.1456100462686345,-0.12200459979370504,0.26761464606233953,0.12705872276046692,1.1298944530709818,0.0,-0.19026047013875313,0.5833333333333334,1.4521995805155563,0.17298293655234803,0.17684080379164846,0.1111111111111111
online_soft,25.0,2015-04-30_2016-03-31,12,0.19266846506088275,-0.0487261301192532,0.19266846506088275,-0.0487261301192532,0.24139459518013595,0.12945671905042422,1.426269084851685,0.0,-0.19026047013875313,0.5833333333333334,1.318507822692289,0.17564578952477272,0.20961951253988698,0.16666666666666666
online_soft,25.0,2015-05-31_2016-04-30,12,0.16869124980345407,-0.08042164366594717,0.16869124980345407,-0.08042164366594717,0.24911289346940124,0.13355939148644427,1.231933411756825,-0.020103839381889532,-0.13984886986493428,0.5833333333333334,1.4294415384567736,0.21939110509912485,0.1968020716661918,0.16666666666666666
online_soft,25.0,2015-06-30_2016-05-31,12,0.33202698490616767,0.021583414106036036,0.33202698490616767,0.021583414106036036,0.31044357080013163,0.18218077277049533,1.6702959274451201,-0.020103839381889532,-0.12048248506773218,0.5833333333333334,1.529226174298358,0.5251102391873944,0.33036819178301724,0.2222222222222222
online_soft,25.0,2015-07-31_2016-06-30,12,0.4609592583840796,0.0860932538897814,0.4609592583840796,0.0860932538897814,0.3748660044942982,0.19288246106374074,2.079452122139026,-0.020103839381889532,-0.06335335533136455,0.5833333333333334,1.693995685515201,0.6046865189647681,0.4064914005503104,0.25
online_soft,25.0,2015-08-31_2016-07-31,12,0.5738883137923136,0.19435731551835667,0.5738883137923136,0.19435731551835667,0.379530998273957,0.19375661361849938,2.469013652725748,-0.020103839381889532,-0.010009956345255477,0.5833333333333334,1.6290332362032542,0.7013358093359067,0.41038550935124496,0.2777777777777778
online_soft,25.0,2015-09-30_2016-08-31,12,0.7485538277128465,0.2701043538895269,0.7485538277128465,0.2701043538895269,0.4784494738233196,0.20051133580339464,2.9393091028497733,-0.020103839381889532,-0.010009956345255477,0.5833333333333334,1.7363821749427637,0.5574505795966453,0.560376803115475,0.3333333333333333
online_soft,25.0,2015-10-31_2016-09-30,12,0.9440349645437829,0.21713191795584685,0.9440349645437829,0.21713191795584685,0.726903046587936,0.20180034358475535,3.474526728807165,-0.020103839381889532,-0.010009956345255366,0.6666666666666666,2.6624553558967583,1.0925358554463709,0.6048998904512513,0.3888888888888889
online_soft,25.0,2015-11-30_2016-10-31,12,1.264386446962102,0.15798016020915506,1.264386446962102,0.15798016020915506,1.106406286752947,0.2164958334543256,3.999834856982408,-0.020103839381889532,-0.05046191183613391,0.6666666666666666,2.859866540271459,-0.38102478750491686,1.4348718808742733,0.4166666666666667
online_soft,25.0,2015-12-31_2016-11-30,12,1.3037783041290552,0.15321182844166992,1.3037783041290552,0.15321182844166992,1.1505664756873852,0.21079402566439986,4.190554447881669,-0.020103839381889532,-0.05046191183613402,0.6666666666666666,3.0431966312423087,-0.31367807744829934,1.4481316933396338,0.4166666666666666
online_soft,25.0,2016-01-31_2016-12-31,12,1.4294469943065171,0.14711071499834882,1.4294469943065171,0.14711071499834882,1.2823362793081683,0.1965927591485412,4.770739253312957,-0.020103839381889532,-0.05046191183613413,0.75,3.4429419515881565,-0.34463355288065506,1.5814947162403699,0.4444444444444444
online_soft,25.0,2016-02-29_2017-01-31,12,1.6385675688662955,0.12905921429286393,1.6385675688662955,0.12905921429286393,1.5095083545734316,0.18559988016781484,5.524530367036921,-0.020103839381889532,-0.05046191183613391,0.8333333333333334,4.232390772642638,-0.1511497060822776,1.722077547738456,0.4166666666666667
online_soft,25.0,2016-03-31_2017-02-28,12,1.270175726765879,0.14915985778953056,1.270175726765879,0.14915985778953056,1.1210158689763485,0.21161690144968354,4.101428473267052,-0.029912285315066844,-0.05046191183613402,0.75,2.9119547032831883,-0.4723050238001122,1.4625089762167565,0.4166666666666667
online_soft,25.0,2016-04-30_2017-03-31,12,1.4243200353862715,0.1749923153912778,1.4243200353862715,0.1749923153912778,1.2493277199949937,0.21203504716581761,4.426723089529049,-0.029912285315066844,-0.05046191183613413,0.75,3.09478949543271,-0.5051359554536912,1.6681553290056832,0.38888888888888884
online_soft,25.0,2016-05-31_2017-04-30,12,1.2810121049041308,0.19622916884670505,1.2810121049041308,0.19622916884670505,1.0847829360574257,0.24645497501390656,3.5734567783332003,-0.07802807744281148,-0.05046191183613402,0.75,2.4535294118591167,-0.7311844943386432,1.6504419909461232,0.4444444444444444
online_soft,25.0,2016-06-30_2017-05-31,12,0.890390297913777,0.1620726033918518,0.890390297913777,0.1620726033918518,0.7283176945219252,0.26565641747212315,2.580450140092708,-0.12912702087848005,-0.05046191183613391,0.6666666666666666,1.7236290769201972,-1.2509987829824694,1.3348752942797946,0.4444444444444445
online_soft,25.0,2016-07-31_2017-06-30,12,0.6758709514321308,0.11981317604468589,0.6758709514321308,0.11981317604468589,0.5560577753874449,0.2743944373136492,2.044685022550853,-0.15322312109907654,-0.05046191183613402,0.5833333333333334,1.4052599243035746,-1.5042093513064996,1.0435271304848222,0.4444444444444444
online_soft,25.0,2016-08-31_2017-07-31,12,0.46438963109831666,0.0887429950023102,0.46438963109831666,0.0887429950023102,0.37564663609600646,0.29105690958193264,1.4605526550623622,-0.20288520720071324,-0.05046191183613402,0.5,1.0177379433623566,-1.7509634751058671,0.7603310286712484,0.47222222222222215
online_soft,25.0,2016-09-30_2017-08-31,12,0.5412385040444145,0.09991973328039871,0.5412385040444145,0.09991973328039871,0.4413187707640158,0.3126081468830171,1.5463649379584354,-0.20288520720071324,-0.05046191183613402,0.5,1.1067068949550865,-1.6652794618822915,0.8776192758703436,0.47222222222222227
online_soft,25.0,2016-10-31_2017-09-30,12,0.4653713890352589,0.1075588143605537,0.4653713890352589,0.1075588143605537,0.3578125746747052,0.3036116053110665,1.4119301438239675,-0.202885207200713,-0.0004923640702735321,0.5,0.9510570673960869,-1.636742668826445,0.7972197167097206,0.4444444444444444
online_soft,25.0,2016-11-30_2017-10-31,12,0.2187511400924893,0.1559996199134983,0.2187511400924893,0.1559996199134983,0.062751520178991,0.2746037835591288,0.8472066045481337,-0.20288520720071312,-0.008932388259170088,0.4166666666666667,0.31480408819737626,0.7279978939358662,0.13337698868896264,0.47222222222222215
online_soft,25.0,2016-12-31_2017-11-30,12,0.1911445847904194,0.19992461049678534,0.1911445847904194,0.19992461049678534,-0.008780025706365935,0.27575068756542626,0.7601089881251756,-0.20288520720071324,-0.008932388259169977,0.4166666666666667,0.08374878158517048,-0.008766988157137612,0.23292788631669104,0.5277777777777778
online_soft,25.0,2017-01-31_2017-12-31,12,0.5801729743519644,0.24773371905633135,0.5801729743519644,0.24773371905633135,0.332439255295633,0.471727178114508,1.1744431787343037,-0.202885207200713,-0.008932388259170088,0.4166666666666667,0.7184489752919561,1.8578085341926935,0.14355455099420933,0.5
online_soft,25.0,2017-02-28_2018-01-31,12,0.6419933010045726,0.22472528642954592,0.6419933010045726,0.22472528642954592,0.4172680145750267,0.4793662646341641,1.2457885433511022,-0.20288520720071324,-0.008932388259170088,0.4166666666666667,0.8308738992687942,1.3396665740111064,0.37149356428872005,0.47222222222222227
online_soft,25.0,2017-03-31_2018-02-28,12,0.6629665210383937,0.11150665310004948,0.6629665210383937,0.11150665310004948,0.5514598679383442,0.4772750475334737,1.2772089332469416,-0.20288520720071324,-0.06307407298992962,0.5,1.0880685317143617,1.3129831913518695,0.575770415119295,0.47222222222222215
online_soft,25.0,2017-04-30_2018-03-31,12,0.7892519522337951,0.054403018339003184,0.7892519522337951,0.054403018339003184,0.7348489338947919,0.4961350718488624,1.3988273372396713,-0.13542400446598946,-0.09250223900477905,0.5,1.2881019056233565,0.61938707963085,0.8968372231943365,0.49999999999999994
online_soft,25.0,2017-05-31_2018-04-30,12,1.0388812846572395,0.042771960341875914,1.0388812846572395,0.042771960341875914,0.9961093243153636,0.47388435991786093,1.7359449587140596,-0.0846945399507465,-0.09416874157139277,0.5833333333333334,1.6524656199491485,0.6851734096488914,1.1490948672070793,0.47222222222222215
online_soft,25.0,2017-06-30_2018-05-31,12,1.3262528475292736,-0.005226881237519021,1.3262528475292736,-0.005226881237519021,1.3314797287667925,0.4541795214006005,2.104390703697033,-0.058648372834760876,-0.12207676452647664,0.6666666666666666,2.1408523750219945,0.772491276110348,1.5066657948216884,0.47222222222222227
online_soft,25.0,2017-07-31_2018-06-30,12,1.4012984922287623,0.0163507796990916,1.4012984922287623,0.0163507796990916,1.3849477125296707,0.4471223281808108,2.2077601717293844,-0.03671813289014558,-0.12207676452647676,0.6666666666666666,2.174523565395314,0.6136544506181403,1.5492009600265235,0.47222222222222215
online_soft,25.0,2017-08-31_2018-07-31,12,1.5285807823338806,0.02633003466478856,1.5285807823338806,0.02633003466478856,1.502250747669092,0.4325133252829856,2.397696727830248,-0.03671813289014547,-0.12207676452647653,0.6666666666666666,2.3301946391316632,0.5433599791123962,1.6601350920967306,0.49999999999999994
online_soft,25.0,2017-09-30_2018-08-31,12,1.1731823002696329,0.012828519177035869,1.1731823002696329,0.012828519177035869,1.160353781092597,0.4293786061314577,2.032450074934452,-0.03671813289014558,-0.12207676452647664,0.6666666666666666,1.9975334971666057,0.5644282126787339,1.2985275329196635,0.47222222222222215
online_soft,25.0,2017-10-31_2018-09-30,12,1.0238585874879815,-0.028994428060318933,1.0238585874879815,-0.028994428060318933,1.0528530155483005,0.4383179893066523,1.8252897180829533,-0.01936561564373429,-0.12207676452647676,0.6666666666666666,1.9099411009979628,0.7245067955837335,1.2033024479137717,0.47222222222222215
online_soft,25.0,2017-11-30_2018-10-31,12,1.0719599624379548,0.017470333624036494,1.0719599624379548,0.017470333624036494,1.0544896288139183,0.4332827051669718,1.8996416384845782,-0.027427211138494667,-0.12207676452647676,0.6666666666666666,1.8267538565442207,0.39764202709116436,1.196567719308438,0.47222222222222215
online_soft,25.0,2017-12-31_2018-11-30,12,1.6911722086443701,-0.025356283802123625,1.6911722086443701,-0.025356283802123625,1.7165284924464936,0.47739614115366646,2.3465772809832766,-0.027427211138494223,-0.12207676452647687,0.75,2.52773892749718,1.5446071891839548,2.0029621354202893,0.47222222222222227
online_soft,25.0,2018-01-31_2018-12-31,12,0.8526445890122787,-0.01099995180484914,0.8526445890122787,-0.01099995180484914,0.8636445408171278,0.35673813074037786,1.9183568785867258,-0.036930750288104,-0.12095719505337177,0.6666666666666666,1.7997497560845281,-0.23330034397577507,0.9434290217842349,0.5277777777777778
online_soft,25.0,2018-02-28_2019-01-31,12,0.6359147103361791,-0.023323412109537922,0.6359147103361791,-0.023323412109537922,0.659238122445717,0.3449870884343121,1.5948626944370388,-0.036930750288103886,-0.06297476655901424,0.6666666666666666,1.5309130170279135,-0.1871462654928962,0.7071946115882526,0.5555555555555557
online_soft,25.0,2018-03-31_2019-02-28,12,0.8008979197740445,0.045204178762284775,0.8008979197740445,0.045204178762284775,0.7556937410117597,0.3393136656520242,1.913541375061994,-0.036930750288103886,-0.032589089243883484,0.6666666666666666,1.6153858969780672,-0.778932309230427,0.950448669257157,0.5833333333333334
online_soft,25.0,2018-04-30_2019-03-31,12,0.19165614015558607,0.07686204312787948,0.19165614015558607,0.07686204312787948,0.1147940970277066,0.39171690601895715,0.6244811919927109,-0.20847752662009778,-0.031039511736595693,0.5833333333333334,0.4189768094440738,0.16284899597407246,0.25827789731677875,0.5555555555555556
online_soft,25.0,2018-05-31_2019-04-30,12,0.1445735965028423,0.03769148450195714,0.1445735965028423,0.03769148450195714,0.10688211200088515,0.3904209935280172,0.5202342661336646,-0.20847752662009766,-0.04957195403333192,0.5833333333333334,0.40644230141181625,0.20066366429727872,0.21316082311235607,0.611111111111111
online_soft,25.0,2018-06-30_2019-05-31,12,0.07349033045982067,0.09645960452265201,0.07349033045982067,0.09645960452265201,-0.022969274062831335,0.3847490852764881,0.35394397370180175,-0.20847752662009766,-0.04957195403333203,0.5,0.10364346749933076,0.5145475917110738,0.09013209425044288,0.611111111111111
online_soft,25.0,2018-07-31_2019-06-30,12,0.025066989208291535,0.07648721996967378,0.025066989208291535,0.07648721996967378,-0.051420230761382246,0.38837782273356714,0.23406191567941467,-0.22623660111104593,-0.04957195403333203,0.5,0.034136907640723316,0.5600191706818975,0.048439776805861756,0.638888888888889
online_soft,25.0,2018-08-31_2019-07-31,12,0.11753756898995804,0.051509897202665744,0.11753756898995804,0.051509897202665744,0.0660276717872923,0.3945223853005808,0.45706987810562455,-0.22623660111104593,-0.04957195403333203,0.5833333333333334,0.3186276691992478,0.4336874280620449,0.16861204343867464,0.638888888888889
online_soft,25.0,2018-09-30_2019-08-31,12,0.13576561067544213,0.032217370272061396,0.13576561067544213,0.032217370272061396,0.10354824040338073,0.39440542602214296,0.498765141606133,-0.22623660111104593,-0.05569706120271434,0.5833333333333334,0.4043664067748336,0.36383777435144593,0.19990906761071447,0.6666666666666666
online_soft,25.0,2018-10-31_2019-09-30,12,0.2805365842451355,0.0680196854801034,0.2805365842451355,0.0680196854801034,0.2125168987650321,0.4031771195010095,0.7991454981177697,-0.22623660111104593,-0.05569706120271445,0.5833333333333334,0.6203944886399432,0.3223777965354592,0.34449269826234974,0.6666666666666666
online_soft,25.0,2018-11-30_2019-10-31,12,0.21585261477328133,-0.007313909877188718,0.21585261477328133,-0.007313909877188718,0.22316652465047004,0.4109683233440781,0.6620930309291475,-0.22623660111104593,-0.07977064350808971,0.5833333333333334,0.6832859872118302,0.8674636342135937,0.31257971893858594,0.6666666666666666
online_soft,25.0,2018-12-31_2019-11-30,12,0.05259790898315231,0.01695714726683817,0.05259790898315231,0.01695714726683817,0.03564076171631414,0.3118482265620019,0.31645243287848035,-0.22623660111104593,-0.07977064350808971,0.5833333333333334,0.24942490114711016,0.5773846726482116,0.08973519340042091,0.6388888888888888
online_soft,25.0,2019-01-31_2019-12-31,12,-0.03246657660597119,-0.0907583313333864,-0.03246657660597119,-0.0907583313333864,0.05829175472741521,0.33312817903207687,0.06260593073207518,-0.22623660111104593,-0.08173242622854304,0.5833333333333334,0.3709877621694324,1.5715939147109252,0.17522142362752358,0.611111111111111
online_soft,25.0,2019-02-28_2020-01-31,12,-0.05233429576328563,-0.15374678206850467,-0.05233429576328563,-0.15374678206850467,0.10141248630521904,0.33304138093352986,0.0001917218224975757,-0.22623660111104593,-0.157070533612218,0.5833333333333334,0.5183191150244538,1.0563256424486345,0.18094641068953798,0.611111111111111
online_soft,25.0,2019-03-31_2020-02-29,12,-0.0946964204387124,-0.2983301643039218,-0.0946964204387124,-0.2983301643039218,0.20363374386520938,0.32349800430201225,-0.1492548981385815,-0.12206304481667718,-0.2968733323797681,0.5833333333333334,0.7935143826836806,0.22278694478070865,0.02553189370107245,0.611111111111111
online_soft,25.0,2019-04-30_2020-03-31,12,-0.10829166101534748,-0.26938100433105683,-0.10829166101534748,-0.26938100433105683,0.16108934331570934,0.33180508827377114,-0.18134204754175,-0.2927942012056868,-0.2897384073692094,0.5833333333333334,0.5799215496399533,-0.03296805707029155,-0.06750897481155094,0.611111111111111
online_soft,25.0,2019-05-31_2020-04-30,12,-0.12823156212586828,-0.23441422140073764,-0.12823156212586828,-0.23441422140073764,0.10618265927486936,0.3315257014133834,-0.24955830653775182,-0.3023219982078448,-0.2897384073692094,0.5,0.40531343300450084,-0.03205794324464496,-0.0868561735742912,0.5833333333333334
online_soft,25.0,2019-06-30_2020-05-31,12,-0.14356174681304423,-0.22854562482453433,-0.14356174681304423,-0.22854562482453433,0.0849838780114901,0.33096797615709567,-0.30368410069407153,-0.30720226756612246,-0.2897384073692095,0.5,0.3381098284197086,-0.050677142831769884,-0.10680139140640155,0.5833333333333334
online_soft,25.0,2019-07-31_2020-06-30,12,-0.07677357494935044,-0.1941752572672133,-0.07677357494935044,-0.1941752572672133,0.11740168231786285,0.3312280032601753,-0.07779640766434393,-0.30720226756612223,-0.2827760862119635,0.5,0.4172880744261009,0.030822521708463255,-0.01972599917813822,0.5833333333333334
online_soft,25.0,2019-08-31_2020-07-31,12,-0.2096765153220177,-0.1722348942847023,-0.2096765153220177,-0.1722348942847023,-0.03744162103731541,0.325275134582397,-0.5574844396091845,-0.3378364794827433,-0.27948217627529803,0.4166666666666667,-0.04558930799946101,-0.02632437573609473,-0.1706251996259509,0.5555555555555557
online_soft,25.0,2019-09-30_2020-08-31,12,-0.23288515655378428,-0.21057570090232802,-0.23288515655378428,-0.21057570090232802,-0.022309455651456256,0.32298468022291743,-0.6542975205018788,-0.34357523117940725,-0.27948217627529803,0.4166666666666667,-0.007409626953630795,-0.02590590562854315,-0.19644284011597746,0.5833333333333334
online_soft,25.0,2019-10-31_2020-09-30,12,-0.3045203652371702,-0.1766274605970889,-0.3045203652371702,-0.1766274605970889,-0.1278929046400813,0.293637557684081,-1.0726658577393928,-0.34357523117940714,-0.2794821762752979,0.3333333333333333,-0.38841533847884235,-0.05026120511730743,-0.2794205032529532,0.638888888888889
online_soft,25.0,2019-11-30_2020-10-31,12,-0.2723989825835096,-0.06643817837031618,-0.2723989825835096,-0.06643817837031618,-0.2059608042131934,0.29166989264533866,-0.930787000833781,-0.3492532395396003,-0.2794821762752979,0.3333333333333333,-0.5918690876344151,-0.0408051252195617,-0.24125859108278758,0.638888888888889
online_soft,25.0,2019-12-31_2020-11-30,12,-0.2492397327705108,-0.050871312509224054,-0.2492397327705108,-0.050871312509224054,-0.19836842026128676,0.31187326232166307,-0.756377171619437,-0.2826055007280176,-0.2358764964179022,0.3333333333333333,-0.5398144102143244,0.03565879248015926,-0.21146427259796796,0.6666666666666666
online_soft,25.0,2020-01-31_2020-12-31,12,-0.004747552318886905,-0.013079995771551722,-0.004747552318886905,-0.013079995771551722,0.008332443452664817,0.34721157718688916,0.15089627839805855,-0.2826055007280176,-0.16758179221927783,0.4166666666666667,0.07344710566954223,-0.11977605757589618,0.056090133988681457,0.6944444444444445
online_soft,25.0,2020-02-29_2021-01-31,12,0.3915389867726282,0.14471568274700242,0.3915389867726282,0.14471568274700242,0.2468233040256258,0.5153892564796947,0.8678586015164543,-0.2826055007280174,-0.07033476780972703,0.4166666666666667,0.5103706044435424,0.19193123654798752,0.5043984571123725,0.7222222222222222
online_soft,25.0,2020-03-31_2021-02-28,12,0.4936278420127975,0.3187076559568369,0.4936278420127975,0.3187076559568369,0.1749201860559606,0.5202889273545962,1.00537554891783,-0.09084931400786045,-0.07033476780972703,0.4166666666666667,0.43059712537824774,0.21239727752239823,0.5719532811211865,0.7222222222222222
online_soft,25.0,2020-04-30_2021-03-31,12,0.8815662809717186,0.2712264885896778,0.8815662809717186,0.2712264885896778,0.6103397923820408,0.44168757312812035,1.6427444515007714,-0.09084931400786045,-0.07033476780972714,0.4166666666666667,1.0563178599881804,0.44152508387457207,0.8181077198332702,0.75
online_soft,25.0,2020-05-31_2021-04-30,12,1.146864792555705,0.2511461011810818,1.146864792555705,0.2511461011810818,0.8957186913746231,0.4381749468451774,1.9733646951319326,-0.09084931400786045,-0.07033476780972703,0.5,1.3919970320808537,0.32729399097576584,1.1419050180491168,0.75
online_soft,25.0,2020-06-30_2021-05-31,12,1.3641407032311341,0.22018559574957508,1.3641407032311341,0.22018559574957508,1.143955107481559,0.4298413933984144,2.2454263178935787,-0.09084931400786045,-0.07033476780972703,0.5833333333333334,1.711730295325164,0.36065625907622967,1.3555845911428483,0.7222222222222223
online_soft,25.0,2020-07-31_2021-06-30,12,1.774400195602821,0.1787337447456181,1.774400195602821,0.1787337447456181,1.595666450857203,0.44544227440744777,2.569281822368964,-0.017870034914238664,-0.07033476780972703,0.6666666666666666,2.1514728124318516,0.4385953786522674,1.77775908214491,0.6944444444444445
online_soft,25.0,2020-08-31_2021-07-31,12,2.057822855901519,0.17406019021811336,2.057822855901519,0.17406019021811336,1.8837626656834054,0.4150196567664135,2.9853325534069532,-0.017870034914238553,-0.0471551797914731,0.75,2.5504229168662795,0.4611845920011671,2.022710087938425,0.6944444444444443
online_soft,25.0,2020-09-30_2021-08-31,12,1.5050852367220298,0.29094300690606567,1.5050852367220298,0.29094300690606567,1.214142229815964,0.49810393759893473,2.1276211573449055,-0.18786188391328573,-0.0471551797914731,0.6666666666666666,1.5430641344290674,0.07180697209080247,1.7127592300256587,0.6388888888888888
online_soft,25.0,2020-10-31_2021-09-30,12,1.3187063538667618,0.285307502281577,1.3187063538667618,0.285307502281577,1.0333988515851849,0.5168310038648842,1.9056709321261482,-0.24357238928153502,-0.04715517979147299,0.6666666666666666,1.3506885385863037,-0.021766669259031316,1.5904786083699944,0.5833333333333333
online_soft,25.0,2020-11-30_2021-10-31,12,1.8200434740813987,0.164192612882329,1.8200434740813987,0.164192612882329,1.6558508611990697,0.5171576784335506,2.3163502524651296,-0.2435723892815349,-0.04715517979147299,0.75,2.0014565956925874,0.41864783803892053,1.9483051342871334,0.611111111111111
online_soft,25.0,2020-12-31_2021-11-30,12,1.3480652102942763,0.10075285366229347,1.3480652102942763,0.10075285366229347,1.2473123566319828,0.5310773454405854,1.8920600724607757,-0.2435723892815348,-0.04715517979147321,0.6666666666666666,1.6868192609216308,0.22992155072078388,1.5691560291129,0.6388888888888888
online_soft,25.0,2021-01-31_2021-12-31,12,0.9855853269086507,0.1311417024200292,0.9855853269086507,0.1311417024200292,0.8544436244886215,0.528556376719371,1.5583359474909062,-0.2435723892815349,-0.04715517979147299,0.5833333333333334,1.3217933918152183,0.6271682989003091,1.0572770909393587,0.6388888888888888
online_soft,25.0,2021-02-28_2022-01-31,12,0.6658362285395829,0.1035559333431273,0.6658362285395829,0.1035559333431273,0.5622802951964556,0.4174972499838766,1.4380219126679532,-0.2435723892815348,-0.008710521467504728,0.5833333333333334,1.107953393760495,-1.7130602615643962,1.1188073719430864,0.6111111111111112
online_soft,25.0,2021-03-31_2022-02-28,12,0.5802130130055361,0.1814244316261513,0.5802130130055361,0.1814244316261513,0.3987885813793848,0.4125740543533691,1.3170176252380723,-0.2435723892815349,-0.008710521467504728,0.5833333333333334,0.8611437948099132,-2.0190560159805147,1.350118617396701,0.5833333333333334
online_soft,25.0,2021-04-30_2022-03-31,12,0.6779135795887277,0.2056999327796627,0.6779135795887277,0.2056999327796627,0.47221364680906497,0.4068636490163423,1.4847478017227067,-0.2435723892815349,-0.008710521467504728,0.6666666666666666,0.9608444909352409,-2.3815436086683794,1.7534012569026451,0.5277777777777778
online_soft,25.0,2021-05-31_2022-04-30,12,0.538516186507576,0.20202014645819677,0.538516186507576,0.20202014645819677,0.3364960400493793,0.3986505881598416,1.280758932478446,-0.2435723892815348,-0.011058901373715124,0.6666666666666666,0.7749793876981828,-1.5972635795132588,1.1885609820366114,0.5277777777777778
online_soft,25.0,2021-06-30_2022-05-31,12,0.11788305231190255,0.1547230806668567,0.11788305231190255,0.1547230806668567,-0.036840028354954146,0.4637513092678443,0.45629959198969483,-0.2435723892815349,-0.04389760737316839,0.5833333333333334,0.14081347318451445,1.129404204792575,0.046001295067130465,0.5277777777777778
online_soft,25.0,2021-07-31_2022-06-30,12,-0.044058172517178806,0.14515293481688385,-0.044058172517178806,0.14515293481688385,-0.18921110733406266,0.413831571175117,0.08691527009628985,-0.2435723892815349,-0.04389760737316839,0.5833333333333334,-0.2537690434726237,1.0131834121771353,-0.10002580431325014,0.5555555555555556
online_soft,25.0,2021-08-31_2022-07-31,12,-0.059669841972387894,0.16719366722844042,-0.059669841972387894,0.16719366722844042,-0.22686350920082832,0.41343735449910807,0.04672268620000919,-0.2054625784797801,-0.04389760737316839,0.5,-0.34262941688420234,0.9429602594914371,-0.12270707465520792,0.5555555555555556
online_soft,25.0,2021-09-30_2022-08-31,12,0.08901651977825731,0.11990803732841937,0.08901651977825731,0.11990803732841937,-0.030891517550162062,0.3665171421516204,0.4030735205775386,-0.22289421499140671,-0.04389760737316817,0.5,0.08810990571650099,1.4361717226547546,-0.020324999885679818,0.5833333333333334
online_soft,25.0,2021-10-31_2022-09-30,12,0.2342253167785644,0.07700156092153554,0.2342253167785644,0.07700156092153554,0.15722375585702886,0.357540503392295,0.7605460501559201,-0.2228942149914065,-0.04389760737316828,0.5833333333333334,0.602737766644461,2.5621896299610913,0.07728733088840833,0.6111111111111112
online_soft,25.0,2021-11-30_2022-10-31,12,0.12743095862767184,0.0837751064100245,0.12743095862767184,0.0837751064100245,0.04365585221764734,0.3144528441533579,0.5350575747452032,-0.2228942149914066,-0.04389760737316839,0.5833333333333334,0.31919142116232946,3.053584967988091,-0.08256543303371577,0.5833333333333334
online_soft,25.0,2021-12-31_2022-11-30,12,0.7082172574401848,0.04089310124175727,0.7082172574401848,0.04089310124175727,0.6673241561984276,0.5348635312668307,1.239748626921015,-0.2228942149914066,-0.052330809109684795,0.6666666666666666,1.1426604073097864,-0.07478720558325215,0.9126631353534931,0.5277777777777778
online_soft,25.0,2022-01-31_2022-12-31,12,0.6746390504958686,0.03139589518781816,0.6746390504958686,0.03139589518781816,0.6432431553080504,0.5377139229102774,1.1968995281370534,-0.22289421499140671,-0.0538908420070876,0.6666666666666666,1.120581023696393,0.02859878197695662,0.8701088612995831,0.5277777777777778
online_soft,25.0,2022-02-28_2023-01-31,12,0.462391919508216,-0.006523085673795559,0.462391919508216,-0.006523085673795559,0.46891500518201157,0.5249592511217502,0.9451113677496187,-0.22289421499140671,-0.053890842007087936,0.6666666666666666,0.9286072960183374,-0.821553480200942,0.6209158736538343,0.5277777777777778
online_soft,25.0,2022-03-31_2023-02-28,12,0.3834600822869816,-0.03763942955797195,0.3834600822869816,-0.03763942955797195,0.42109951184495353,0.5267683014463717,0.8340728153423261,-0.2228942149914066,-0.05860315994470999,0.6666666666666666,0.8806381318339699,-1.0199847135736222,0.48566908954933385,0.5555555555555556
online_soft,25.0,2022-04-30_2023-03-31,12,0.21119973399336844,-0.0433257664262765,0.21119973399336844,-0.0433257664262765,0.25452550041964495,0.5409050570893651,0.5722135900128075,-0.2228942149914066,-0.052003665957635614,0.5833333333333334,0.6296281445429847,-1.7431830598183367,0.2631875782984672,0.638888888888889
online_soft,25.0,2022-05-31_2023-04-30,12,-0.011433444849665353,-0.07213752035282106,-0.011433444849665353,-0.07213752035282106,0.06070407550315571,0.5709240165409958,0.20983268889808115,-0.2434926227658838,-0.07596598010903766,0.5,0.3324632540414986,-0.09877096731962007,0.11869352546191303,0.611111111111111
online_soft,25.0,2022-06-30_2023-05-31,12,0.21781272753979652,-0.0361282154897381,0.21781272753979652,-0.0361282154897381,0.2539409430295346,0.522774288925507,0.5816081962155463,-0.25953911923677,-0.07596598010903755,0.5,0.6242612308850499,-1.6199016069779122,0.2784763656501905,0.6666666666666666
online_soft,25.0,2022-07-31_2023-06-30,12,0.22258280965294297,-0.0028433046031512976,0.22258280965294297,-0.0028433046031512976,0.22542611425609427,0.5228873042153498,0.5892492121368034,-0.25953911923677,-0.07596598010903743,0.5,0.5669856286214753,-1.0838542080236102,0.3559327807205459,0.6666666666666666
online_soft,25.0,2022-08-31_2023-07-31,12,0.238225967365846,-0.031389184091800915,0.238225967365846,-0.031389184091800915,0.2696151514576469,0.5224362505596523,0.6143216653089945,-0.25953911923676987,-0.0655917893195096,0.5833333333333334,0.6487423624933243,-1.179414551235084,0.3271194826049606,0.6666666666666666
online_soft,25.0,2022-09-30_2023-08-31,12,0.6988626583174768,-0.014331580574544756,0.6988626583174768,-0.014331580574544756,0.7131942388920216,0.5740814464820616,1.1685499392176957,-0.25953911923676987,-0.06559178931950937,0.6666666666666666,1.151427074743777,-1.6356348749403278,0.8853246970419619,0.638888888888889
online_soft,25.0,2022-10-31_2023-09-30,12,0.5011311724604541,-0.04883569016310929,0.5011311724604541,-0.04883569016310929,0.5499668626235634,0.587151621259441,0.9332880019515383,-0.25953911923676987,-0.06327241269436523,0.5833333333333334,0.9904984205373623,-0.94020842500924,0.6375529967450906,0.638888888888889
online_soft,25.0,2022-11-30_2023-10-31,12,0.3767439101385246,-8.074453772832779e-05,0.3767439101385246,-8.074453772832779e-05,0.3768246546762529,0.5859246902981505,0.7804555422206014,-0.25953911923677,-0.04084242285001627,0.5,0.7488934981819021,-0.8750507851680003,0.5714388239875607,0.638888888888889
online_soft,25.0,2022-12-31_2023-11-30,12,-0.3560338333186387,0.06162621592425688,-0.3560338333186387,0.06162621592425688,-0.41766004924289557,0.48788865841366064,-0.6505178512941481,-0.362592184707492,-0.04084242285001627,0.4166666666666667,-0.7722856335678596,0.1660530490684082,-0.2828631303966256,0.6388888888888888
online_soft,25.0,2023-01-31_2023-12-31,12,-0.3455031178110588,0.05389394652891433,-0.3455031178110588,0.05389394652891433,-0.39939706433997313,0.48812330988880265,-0.617612852215805,-0.36975212554573833,-0.04084242285001627,0.4166666666666667,-0.7240154508674169,0.13361857147878703,-0.26877348028129244,0.638888888888889
online_soft,25.0,2023-02-28_2024-01-31,12,-0.43151628670112796,0.06910062416905749,-0.43151628670112796,0.06910062416905749,-0.5006169108701854,0.4941046871660703,-0.8803387281924172,-0.4438747531664454,-0.04084242285001627,0.3333333333333333,-1.0084647864422627,0.047300968317404456,-0.360153991674781,0.638888888888889
online_soft,25.0,2023-03-31_2024-02-29,12,-0.3640428710152518,0.07105311702696282,-0.3640428710152518,0.07105311702696282,-0.4350959880422146,0.5159512847259597,-0.6141188126728431,-0.4438747531664454,-0.04084242285001627,0.3333333333333333,-0.7413315279225915,-0.10241806351526589,-0.2691093248053622,0.6666666666666666
online_soft,25.0,2023-04-30_2024-03-31,12,-0.38008110530885064,0.04605177038880415,-0.38008110530885064,0.04605177038880415,-0.4261328756976548,0.5194033565150781,-0.6543670651587573,-0.4489571671298106,-0.028914327222309355,0.3333333333333333,-0.7401489666692445,0.12986649008438741,-0.29623111212534237,0.6666666666666666
online_soft,25.0,2023-05-31_2024-04-30,12,-0.3475391266991411,0.05087612226469651,-0.3475391266991411,0.05087612226469651,-0.3984152489638376,0.5091780138402602,-0.5806607760066206,-0.5114354247177392,-0.04720745865673304,0.3333333333333333,-0.6713853858798798,-0.20436646933479158,-0.25040675139995583,0.7222222222222223
online_soft,25.0,2023-06-30_2024-05-31,12,-0.28955866386369866,0.06029804021364593,-0.28955866386369866,0.06029804021364593,-0.3498567040773446,0.5171827658372413,-0.4034944021406748,-0.5114354247177393,-0.04720745865673304,0.4166666666666667,-0.5149794568973746,-0.09737126444485227,-0.1848272360586728,0.6944444444444443
online_soft,25.0,2023-07-31_2024-06-30,12,-0.3080173057904445,0.046802268590376395,-0.3080173057904445,0.046802268590376395,-0.3548195743808209,0.5145595165559449,-0.4581088817327792,-0.5114354247177392,-0.04720745865673304,0.3333333333333333,-0.5417093647313022,-0.3323095898221145,-0.19867680574110524,0.638888888888889
online_soft,25.0,2023-08-31_2024-07-31,12,-0.29463637616853167,0.10318514893952901,-0.29463637616853167,0.10318514893952901,-0.3978215251080607,0.5164065829788685,-0.41843369412561116,-0.5114354247177393,-0.04720745865673315,0.25,-0.6088565638870739,0.08893921732595651,-0.2033830705764358,0.638888888888889
online_soft,25.0,2023-09-30_2024-08-31,12,-0.4854339787295766,0.08473288946892565,-0.4854339787295766,0.08473288946892565,-0.5701668681985023,0.39191808903334974,-1.4419942370835737,-0.4781913894732742,-0.04720745865673315,0.16666666666666666,-1.661208713861448,0.49155292520264315,-0.4639223322665619,0.6666666666666666
online_soft,25.0,2023-10-31_2024-09-30,12,-0.3830764470769996,0.12170948346779942,-0.3830764470769996,0.12170948346779942,-0.504785930544799,0.4240983017329437,-0.8950850758167368,-0.47819138947327444,-0.047207458656732815,0.25,-1.1708712745511345,0.39881520447745267,-0.35275700083049644,0.638888888888889
online_soft,25.0,2023-11-30_2024-10-31,12,-0.43342172993034267,0.004734660022875703,-0.43342172993034267,0.004734660022875703,-0.4381563899532184,0.4245403637427853,-1.0871104068451864,-0.23351335901324444,-0.07254414974326939,0.25,-1.104800307790883,0.4146230565238433,-0.3781053855486297,0.638888888888889
online_soft,25.0,2023-12-31_2024-11-30,12,-0.06280665318560785,-0.026522408525777696,-0.06280665318560785,-0.026522408525777696,-0.036284244659830156,0.3252003368702811,-0.04982986402033364,-0.2248056755362896,-0.07702368625268241,0.3333333333333333,0.018823599390196833,1.2132653217446807,0.010367021710995017,0.6666666666666666
online_soft,25.0,2024-01-31_2024-12-31,12,-0.008921042461278117,-0.013699490369203038,-0.008921042461278117,-0.013699490369203038,0.004778447907924921,0.3282704324310711,0.12381939784398548,-0.21092969457042443,-0.07702368625268208,0.4166666666666667,0.1630960617035921,1.2317410268590734,0.05272558826243978,0.6388888888888888
online_soft,25.0,2024-02-29_2025-01-31,12,-0.18630679763697844,-0.14290566323586873,-0.18630679763697844,-0.14290566323586873,-0.04340113440110971,0.4176086120073203,-0.28085226504628985,-0.27554126301832715,-0.18252959118595857,0.4166666666666667,0.07742976336034417,2.0544824893062894,0.18854966492084912,0.638888888888889
online_soft,25.0,2024-03-31_2025-02-28,12,-0.40395442814848326,-0.10676537761977256,-0.40395442814848326,-0.10676537761977256,-0.2971890505287107,0.42787834327292074,-0.9701071729471646,-0.40916516255667557,-0.1825295911859588,0.3333333333333333,-0.8739383636513004,1.5005858014783178,-0.23536915447140827,0.6111111111111112
online_soft,25.0,2024-04-30_2025-03-31,12,-0.262119074891756,-0.06461005552580057,-0.262119074891756,-0.06461005552580057,-0.19750901936595544,0.43940430586205587,-0.4626906301142004,-0.40916516255667557,-0.18252959118595868,0.4166666666666667,-0.41717782710849766,1.5993906853987852,-0.1124172396319375,0.5833333333333334
online_soft,25.0,2024-05-31_2025-04-30,12,-0.2112584597117334,0.02942056800377868,-0.2112584597117334,0.02942056800377868,-0.24067902771551208,0.4288962183848956,-0.331538220606109,-0.40916516255667557,-0.18252959118595857,0.4166666666666667,-0.5042689524471614,1.2612914506612556,-0.1806658450101667,0.5555555555555557
online_soft,25.0,2024-06-30_2025-05-31,12,-0.2779412064446318,-0.019239253194651806,-0.2779412064446318,-0.019239253194651806,-0.25870195324998,0.42048993812056235,-0.5524482938284793,-0.40916516255667557,-0.18252959118595835,0.4166666666666667,-0.6290276102463392,1.1904632218416862,-0.20528632400896873,0.5277777777777778
online_soft,25.0,2024-07-31_2025-06-30,12,-0.29275955249432006,0.03150250800801424,-0.29275955249432006,0.03150250800801424,-0.3242620605023343,0.41921124958509143,-0.6037651360642515,-0.40916516255667557,-0.1825295911859589,0.4166666666666667,-0.8187096544126864,1.0100371765522886,-0.2641076846519924,0.5833333333333334
online_soft,25.0,2024-08-31_2025-07-31,12,-0.2493392049269909,0.02082724764079913,-0.2493392049269909,0.02082724764079913,-0.27016645256779004,0.43314952270904095,-0.4375761903041363,-0.40916516255667557,-0.1720911800730176,0.5,-0.6035359097539492,1.1026361204097397,-0.20861731002956596,0.611111111111111
online_soft,25.0,2024-09-30_2025-08-31,12,-0.1091782730964872,0.07082064647411035,-0.1091782730964872,0.07082064647411035,-0.17999891957059755,0.44955045492213835,-0.03061351193686574,-0.40916516255667557,-0.1720911800730176,0.5833333333333334,-0.25592088165117705,1.1558606499556945,-0.1077977359254012,0.611111111111111
online_soft,25.0,2024-10-31_2025-09-30,12,-0.016445604051096185,0.07787885846139209,-0.016445604051096185,0.07787885846139209,-0.09432446251248827,0.4959616239242708,0.2069668501155839,-0.40916516255667557,-0.11858833109117162,0.5833333333333334,0.0220521182399081,1.1949476364760987,-0.008377878499472802,0.638888888888889
online_soft,25.0,2024-11-30_2025-10-31,12,0.5560225481353915,0.1960061542824556,0.5560225481353915,0.1960061542824556,0.36001639385293593,0.6576036534113162,0.9720559203186858,-0.40916516255667557,-0.11795970406671652,0.6666666666666666,0.7342182228616193,1.5351634388376691,0.3963108195902765,0.611111111111111
online_soft,25.0,2024-12-31_2025-11-30,12,0.46696479703005855,0.22133541890163522,0.46696479703005855,0.22133541890163522,0.24562937812842334,0.6529589062236502,0.8802639884463723,-0.40916516255667557,-0.11795970406671652,0.6666666666666666,0.6010642661199029,1.6162875406385602,0.24862985051707165,0.5833333333333334
online_soft,25.0,2025-01-31_2025-12-31,12,0.8887870972095231,0.17166648362633885,0.8887870972095231,0.17166648362633885,0.7171206135831842,0.7178155238503588,1.2195908338581236,-0.18444652913576332,-0.03669877287899381,0.6666666666666666,1.0096902058545605,1.0058192694461332,0.971382013101947,0.6388888888888888
online_soft,25.0,2025-02-28_2026-01-31,12,1.252348339822905,0.31334945156909844,1.252348339822905,0.31334945156909844,0.9389988882538065,0.6547334752548228,1.550077958198689,-0.1360945678199641,-0.04758367670999886,0.6666666666666666,1.073220464441182,-0.6713642535539069,2.151967415624468,0.6388888888888888
online_soft,25.0,2025-03-31_2026-02-28,12,1.4157380399549133,0.08257309459079365,1.4157380399549133,0.08257309459079365,1.3331649453641197,0.6304369780997868,1.7036591923259738,-0.24432870478038582,-0.18488813271044613,0.75,1.5918718036334905,0.7704448242865285,1.6051951937944433,0.638888888888889
online_soft,25.0,2025-04-30_2026-03-31,12,1.4672922607999719,0.028079656548997578,1.4672922607999719,0.028079656548997578,1.4392126042509743,0.6313732724807155,1.7383731321009988,-0.24432870478038582,-0.19546042589812018,0.75,1.7097961694547201,0.7581825811731964,1.7644184431582906,0.611111111111111
online_soft,25.0,2025-05-31_2026-04-30,12,1.1106839481135955,-0.14610708694572017,1.1106839481135955,-0.14610708694572017,1.2567910350593157,0.6784926022996447,1.4157600598316216,-0.3105905323476541,-0.29138146686445754,0.75,1.8204453650080377,1.457133332670948,2.005322363937736,0.5833333333333334
online_soft,25.0,2025-06-30_2026-05-31,12,1.0279435998920334,-0.18541351506394133,1.0279435998920334,-0.18541351506394133,1.2133571149559748,0.6859486897336948,1.344613639443265,-0.35373526729926097,-0.34737666250868915,0.75,1.8334521146562033,1.4841526892187495,2.0921847373579974,0.5833333333333333
online_soft,25.0,2025-07-31_2026-06-30,12,1.2250425756092072,-0.1667764227923394,1.2250425756092072,-0.1667764227923394,1.3918189984015465,0.6798429883935504,1.498654175586815,-0.3537352672992612,-0.34737666250868904,0.75,2.018643215395897,1.5100588032677627,2.2764634584838817,0.5833333333333333
online_soft,25.0,2025-08-31_2026-07-31,11,1.0246082846618787,-0.20361006057922837,1.1586895658185066,-0.2199234939209873,1.3786130597394939,0.7128429454774747,1.4077059526651277,-0.35373526729926097,-0.34737666250868904,0.7272727272727273,2.012183888291236,1.5999168274280287,2.589013427777767,0.5454545454545454
