model,cost_bps,period,months,strategy_total_return,benchmark_total_return,strategy_cagr,benchmark_cagr,excess_cagr,strategy_volatility,strategy_sharpe_rf0,strategy_max_drawdown,benchmark_max_drawdown,active_hit_rate,information_ratio,beta_to_benchmark,annualized_alpha_rf0,average_monthly_turnover
existing_composite,25.0,2015-01-31_2015-12-31,12,0.0,-0.12747006008062733,0.0,-0.12747006008062733,0.12747006008062733,0.0,,0.0,-0.2346154234110901,0.5,0.7954681733349814,0.0,0.0,0.0
existing_composite,25.0,2015-02-28_2016-01-31,12,-0.0033252026600650852,-0.12464244015822579,-0.0033252026600650852,-0.12464244015822579,0.1213172374981607,0.0033252026600650644,-1.0,-0.0033252026600650852,-0.2346154234110902,0.5,0.7431381089190269,-0.006439638019553677,-0.0040958444586303155,0.08333333333333333
existing_composite,25.0,2015-03-31_2016-02-29,12,0.04492941155693031,-0.12200466014015787,0.04492941155693031,-0.12200466014015787,0.16693407169708818,0.04883030910884061,0.9234101540912801,-0.0033252026600650852,-0.1902603904171294,0.5833333333333334,1.0331141360203349,0.04765970687747436,0.0519007095897559,0.1111111111111111
existing_composite,25.0,2015-04-30_2016-03-31,12,0.07227777874362662,-0.048726200591690305,0.07227777874362662,-0.048726200591690305,0.12100397933531692,0.053430590397867975,1.3337463978494897,-0.0033252026600650852,-0.19026039041712928,0.5833333333333334,0.787747120130398,0.04807193540677611,0.07573716240941519,0.1111111111111111
existing_composite,25.0,2015-05-31_2016-04-30,12,0.1291312132678335,-0.08042168629585977,0.1291312132678335,-0.08042168629585977,0.20955289956369327,0.07056262754338985,1.7613295184377222,-0.0033252026600650852,-0.13984875260474772,0.6666666666666666,1.3679998489797394,0.055303730601662465,0.13627218871282554,0.13888888888888887
existing_composite,25.0,2015-06-30_2016-05-31,12,0.2869380564161301,0.021583559353247406,0.2869380564161301,0.021583559353247406,0.2653544970628827,0.14612888082511347,1.806922514502853,-0.0033252026600650852,-0.12048239811387595,0.6666666666666666,1.4633092761651127,0.37343959344421895,0.284599732398201,0.19444444444444442
existing_composite,25.0,2015-07-31_2016-06-30,12,0.41444265700210847,0.08609325121736311,0.41444265700210847,0.08609325121736311,0.32834940578474536,0.16252157441928647,2.2342849455658103,-0.0033252026600650852,-0.06335332759593715,0.6666666666666666,1.645799803805401,0.4746489692211393,0.3711938049259884,0.24999999999999997
existing_composite,25.0,2015-08-31_2016-07-31,12,0.5237760776760259,0.19435729107699262,0.5237760776760259,0.19435729107699262,0.32941878659903323,0.1651813696283938,2.666265507987099,-0.0033252026600650852,-0.010009943632593221,0.6666666666666666,1.579200980913155,0.5426363697007354,0.39856850054389326,0.27777777777777773
existing_composite,25.0,2015-09-30_2016-08-31,12,0.6928802210673857,0.27010420996995776,0.6928802210673857,0.27010420996995776,0.4227760110974279,0.17525467679204632,3.1462465278157685,-0.0033252026600650852,-0.010009943632593332,0.6666666666666666,1.6761111021126187,0.25262280733444104,0.61606547298428,0.3333333333333333
existing_composite,25.0,2015-10-31_2016-09-30,12,0.8821373120748,0.2171792753369357,0.8821373120748,0.2171792753369357,0.6649580367378642,0.17889827555048687,3.707080629736187,-0.0033252026600650852,-0.010009943632593221,0.75,2.6487206156902507,0.661418504527726,0.6810007911315363,0.38888888888888884
existing_composite,25.0,2015-11-30_2016-10-31,12,1.1922886743920311,0.15802517726789156,1.1922886743920311,0.15802517726789156,1.0342634971241396,0.19821523064593924,4.177161953365723,-0.0033252026600650852,-0.05046191183613391,0.75,2.7841792667610394,-0.6195386593499667,1.4308487549389177,0.4166666666666667
existing_composite,25.0,2015-12-31_2016-11-30,12,1.2304265093240736,0.15325670090751609,1.2304265093240736,0.15325670090751609,1.0771698084165575,0.19228375093220446,4.396489418640866,-0.0033252026600650852,-0.05046191183613402,0.75,2.9692129144296286,-0.558606072910301,1.4439262216030664,0.4166666666666666
existing_composite,25.0,2016-01-31_2016-12-31,12,1.3520937463028422,0.1471553785298949,1.3520937463028422,0.1471553785298949,1.2049383677729473,0.17766323792051267,5.06532669882879,0.0,-0.05046191183613402,0.8333333333333334,3.368520986996137,-0.5884667498102507,1.5736131098600383,0.44444444444444436
existing_composite,25.0,2016-02-29_2017-01-31,12,1.6042281763079056,0.12910312615333996,1.6042281763079056,0.12910312615333996,1.4751250501545656,0.15723376861914873,6.4029606607842755,0.0,-0.05046191183613391,0.9166666666666666,4.469638998592066,-0.3572965000065746,1.7405521618899673,0.4166666666666667
existing_composite,25.0,2016-03-31_2017-02-28,12,1.4096643963223108,0.1492046756740173,1.4096643963223108,0.1492046756740173,1.2604597206482935,0.19214930274467262,4.831835087476861,-0.02991228606075913,-0.05046191183613402,0.8333333333333334,3.295310151817344,-0.6269912274362884,1.6584114012529336,0.4166666666666667
existing_composite,25.0,2016-04-30_2017-03-31,12,1.5254464673890125,0.17503808646495478,1.5254464673890125,0.17503808646495478,1.3504083809240577,0.18396961685689409,5.314683833895594,-0.02991228606075913,-0.05046191183613402,0.8333333333333334,3.453950935741621,-0.7387560864590444,1.8663856653640964,0.47222222222222227
existing_composite,25.0,2016-05-31_2017-04-30,12,1.411735401673834,0.19627580709932912,1.411735401673834,0.19627580709932912,1.2154595945745048,0.1975770282824934,4.708679417206498,-0.02991228606075913,-0.05046191183613402,0.75,3.0380438153127214,-0.8200718029230407,1.8164006445619512,0.5277777777777778
existing_composite,25.0,2016-06-30_2017-05-31,12,1.0975648566478347,0.16211773486732262,1.0975648566478347,0.16211773486732262,0.935447121780512,0.20229039771903962,3.8650047850633644,-0.02991228606075902,-0.05046191183613402,0.6666666666666666,2.4395152902781763,-1.3117867190554773,1.5756844805655938,0.49999999999999994
existing_composite,25.0,2016-07-31_2017-06-30,12,0.8419085755676758,0.11985678631409691,0.8419085755676758,0.11985678631409691,0.7220517892535789,0.2212506592556798,2.928331701246658,-0.043292135957323286,-0.05046191183613402,0.5833333333333334,1.9541774722650969,-1.5211623234153082,1.221380124170992,0.49999999999999994
existing_composite,25.0,2016-08-31_2017-07-31,12,0.6386797309090475,0.08878533946639733,0.6386797309090475,0.08878533946639733,0.5498943914426502,0.23882277660317786,2.215159609869471,-0.08305948681918707,-0.05046191183613402,0.5,1.5405640847301725,-1.7402646937433444,0.9414051541531376,0.5277777777777778
existing_composite,25.0,2016-09-30_2017-08-31,12,0.6813972732179132,0.09996258200034913,0.6813972732179132,0.09996258200034913,0.5814346912175641,0.2492023316369005,2.239111535936612,-0.08305948681918718,-0.05046191183613402,0.5,1.5723501126355763,-1.6609201519759063,1.014207204695428,0.5277777777777778
existing_composite,25.0,2016-10-31_2017-09-30,12,0.6978564117707238,0.1075588143605537,0.6978564117707238,0.1075588143605537,0.5902975974101701,0.2525287033018031,2.25271479663035,-0.08305948681918718,-0.0004923640702735321,0.5,1.5806311816584167,-1.5244531157031378,1.029702451099964,0.5
existing_composite,25.0,2016-11-30_2017-10-31,12,0.38682123545835956,0.1559996199134983,0.38682123545835956,0.1559996199134983,0.23082161554486125,0.23378328950342306,1.5206156148551793,-0.08305948681918729,-0.008932388259170088,0.4166666666666667,0.9084950185748286,0.9904000344825716,0.2316983824858021,0.5
existing_composite,25.0,2016-12-31_2017-11-30,12,0.3266323094858212,0.19992461049678534,0.3266323094858212,0.19992461049678534,0.1267076989890359,0.24037971337366001,1.2951961107700183,-0.08305948681918718,-0.008932388259169977,0.4166666666666667,0.4926127870900208,-0.2487764481505455,0.42238117553518606,0.5277777777777777
existing_composite,25.0,2017-01-31_2017-12-31,12,0.4549139794239445,0.24773371905633135,0.4549139794239445,0.24773371905633135,0.20718026036761317,0.2730286013927018,1.5138004674810228,-0.08305948681918729,-0.008932388259170088,0.4166666666666667,0.685988778415608,0.46685697849077196,0.3554067550095339,0.5277777777777777
existing_composite,25.0,2017-02-28_2018-01-31,12,0.5107351113326357,0.22472528642954592,0.5107351113326357,0.22472528642954592,0.2860098249030898,0.28760689666197603,1.5842794245729614,-0.08305948681918729,-0.008932388259170088,0.4166666666666667,0.8387818359572999,0.011860035361831583,0.5602535282564922,0.5277777777777777
existing_composite,25.0,2017-03-31_2018-02-28,12,0.5300317837318909,0.11150665310004948,0.5300317837318909,0.11150665310004948,0.4185251306318414,0.284668324602978,1.6441613364903314,-0.08305948681918718,-0.06307407298992962,0.5,1.2630402101917886,0.5563482890325328,0.49094270448507427,0.5277777777777777
existing_composite,25.0,2017-04-30_2018-03-31,12,0.7450422160309493,0.054403018339003184,0.7450422160309493,0.054403018339003184,0.6906391976919461,0.3404484246761871,1.8187020766512205,-0.08305948681918729,-0.09250223900477905,0.5,1.5411114679526847,-0.15150759701980918,0.8444872380746518,0.5277777777777778
existing_composite,25.0,2017-05-31_2018-04-30,12,1.0995561764555695,0.042771960341875914,1.0995561764555695,0.042771960341875914,1.0567842161136936,0.37032679224655607,2.2236264238324206,-0.07499902346371701,-0.09416874157139277,0.5833333333333334,1.970905488191112,-0.21008437949365097,1.2385219524683415,0.5
existing_composite,25.0,2017-06-30_2018-05-31,12,1.288737047204986,-0.005226881237519021,1.288737047204986,-0.005226881237519021,1.2939639284425049,0.36062263183348126,2.5311457333510803,-0.07405279545679522,-0.12207676452647664,0.6666666666666666,2.3788691414093543,-0.12570504394159437,1.4105295905473478,0.5
existing_composite,25.0,2017-07-31_2018-06-30,12,1.3197097486689975,0.0163507796990916,1.3197097486689975,0.0163507796990916,1.3033589689699059,0.35645154900624443,2.597405037180484,-0.07405279545679544,-0.12207676452647676,0.6666666666666666,2.338726607228268,-0.2858155004319016,1.4543953457175984,0.4444444444444444
existing_composite,25.0,2017-08-31_2018-07-31,12,1.3110182780305242,0.02633003466478856,1.3110182780305242,0.02633003466478856,1.2846882433657356,0.35777197102667346,2.5777815863372577,-0.07405279545679533,-0.12207676452647653,0.6666666666666666,2.2756579365391953,-0.3759774364389376,1.4593149731557111,0.4166666666666666
existing_composite,25.0,2017-09-30_2018-08-31,12,0.9315163478064858,0.012828519177035869,0.9315163478064858,0.012828519177035869,0.91868782862945,0.3705099628077932,1.9839250324702693,-0.11013112513249435,-0.12207676452647664,0.5833333333333334,1.7864614380505128,-0.3152586178246552,1.052698947104484,0.4166666666666667
existing_composite,25.0,2017-10-31_2018-09-30,12,0.7415746097619058,-0.028994428060318933,0.7415746097619058,-0.028994428060318933,0.7705690378222247,0.3669749826921879,1.7021917655321361,-0.11013112513249423,-0.12207676452647676,0.5833333333333334,1.6263565984540114,-0.3176766441033159,0.825904295865102,0.4166666666666667
existing_composite,25.0,2017-11-30_2018-10-31,12,0.870177240104806,0.017470333624036494,0.870177240104806,0.017470333624036494,0.8527069064807695,0.35238984815461283,1.9720097764364357,-0.11013112513249446,-0.12207676452647676,0.5833333333333334,1.7061508253607283,-0.4378714854147816,0.9852578728836985,0.47222222222222215
existing_composite,25.0,2017-12-31_2018-11-30,12,1.335042927160972,-0.025356283802123625,1.335042927160972,-0.025356283802123625,1.3603992109630956,0.3715000918278822,2.5217556243953085,-0.11013112513249435,-0.12207676452647687,0.6666666666666666,2.5356482988922884,0.30837828501346154,1.4790073160750477,0.5277777777777778
existing_composite,25.0,2018-01-31_2018-12-31,12,1.185096250914167,-0.01099995180484914,1.185096250914167,-0.01099995180484914,1.196096202719016,0.3616847556967553,2.3848545163522625,-0.11013112513249423,-0.12095719505337177,0.6666666666666666,2.2926415863614538,0.03324496102588221,1.3005043046565716,0.5555555555555555
existing_composite,25.0,2018-02-28_2019-01-31,12,0.837666649814022,-0.023323412109537922,0.837666649814022,-0.023323412109537922,0.8609900619235599,0.36688504977277164,1.854464422463296,-0.11013112513249435,-0.06297476655901424,0.5833333333333334,1.8370123008099737,0.1396123719658563,0.9427139781702913,0.5277777777777778
existing_composite,25.0,2018-03-31_2019-02-28,12,1.0229966329486762,0.045204178762284775,1.0229966329486762,0.045204178762284775,0.9777924541863914,0.3582977869040648,2.1754500612409435,-0.11013112513249446,-0.032589089243883484,0.5833333333333334,1.923874305338691,-0.38157084308549266,1.165226979941906,0.5555555555555555
existing_composite,25.0,2018-04-30_2019-03-31,12,0.3490135696274883,0.07686204312787948,0.3490135696274883,0.07686204312787948,0.27215152649960883,0.38889888612168305,0.9534605730644183,-0.18204652390073917,-0.031039511736595693,0.5,0.762060817903173,0.7196254217020188,0.36449627747465185,0.5277777777777778
existing_composite,25.0,2018-05-31_2019-04-30,12,0.06643947293086971,0.03769148450195714,0.06643947293086971,0.03769148450195714,0.028747988428912574,0.34131021786170507,0.3438660300197018,-0.2176543800263796,-0.04957195403333192,0.4166666666666667,0.2328728184737788,1.0292903251926582,0.07731479229233895,0.5555555555555555
existing_composite,25.0,2018-06-30_2019-05-31,12,0.06974195405674188,0.09645960452265201,0.06974195405674188,0.09645960452265201,-0.026717650465910125,0.3420832787219835,0.35287121064903204,-0.2176543800263796,-0.04957195403333203,0.4166666666666667,0.07821605081640373,1.662774760570469,-0.038768053271073466,0.5555555555555555
existing_composite,25.0,2018-07-31_2019-06-30,12,0.07156350137103984,0.07648721996967378,0.07156350137103984,0.07648721996967378,-0.004923718598633942,0.3419179517412004,0.35791327707402815,-0.2176543800263795,-0.04957195403333203,0.4166666666666667,0.14466103378999598,1.7988116509699708,-0.01723529153710701,0.611111111111111
existing_composite,25.0,2018-08-31_2019-07-31,12,0.2051597905733149,0.051509897202665744,0.2051597905733149,0.051509897202665744,0.15364989337064916,0.34161620509702817,0.7067027677731615,-0.2176543800263796,-0.04957195403333203,0.5,0.6035854772832602,1.7107481868694498,0.15932812561497367,0.6666666666666666
existing_composite,25.0,2018-09-30_2019-08-31,12,0.23046412451502074,0.032217370272061396,0.23046412451502074,0.032217370272061396,0.19824675424295934,0.3378774809686314,0.7737288889213978,-0.2176543800263796,-0.05569706120271434,0.5,0.7391898736762038,1.6431608726351932,0.2222228013985792,0.6388888888888888
existing_composite,25.0,2018-10-31_2019-09-30,12,0.34839329457791135,0.0680196854801034,0.34839329457791135,0.0680196854801034,0.28037360909780795,0.34865593312610393,1.0280720637298626,-0.2176543800263795,-0.05569706120271445,0.5,0.9151763186694473,1.8190908539375745,0.2576972609156618,0.6666666666666666
existing_composite,25.0,2018-11-30_2019-10-31,12,0.30149416213535485,-0.007313909877188718,0.30149416213535485,-0.007313909877188718,0.30880807201254357,0.35136902281010934,0.9190011712895921,-0.2176543800263795,-0.07977064350808971,0.5833333333333334,1.0450056327844328,2.022497781118835,0.38465676095583134,0.638888888888889
existing_composite,25.0,2018-12-31_2019-11-30,12,0.15751233639209938,0.01695714726683817,0.15751233639209938,0.01695714726683817,0.14055518912526122,0.2937994184359085,0.6415194527240975,-0.2176543800263796,-0.07977064350808971,0.5833333333333334,0.6521308993970493,1.499699620074667,0.16783766220607332,0.6111111111111112
existing_composite,25.0,2019-01-31_2019-12-31,12,-0.004800981729374376,-0.0907583313333864,-0.004800981729374376,-0.0907583313333864,0.08595734960401202,0.295490316360272,0.12426097016089922,-0.2176543800263796,-0.08173242622854304,0.5,0.49412607516775936,1.5692865204967046,0.19350161213013672,0.5833333333333334
existing_composite,25.0,2019-02-28_2020-01-31,12,0.010984391144369221,-0.15374678206850467,0.010984391144369221,-0.15374678206850467,0.1647311732128739,0.2936567575425722,0.17708794675782474,-0.2176543800263796,-0.157070533612218,0.5833333333333334,0.8139965115996318,1.1210723068728958,0.2554627909335052,0.5833333333333334
existing_composite,25.0,2019-03-31_2020-02-29,12,-0.07956677934608036,-0.2983301643039218,-0.07956677934608036,-0.2983301643039218,0.21876338495784142,0.2815948261451289,-0.15934091522032945,-0.10304134212805005,-0.2968733323797681,0.5833333333333334,0.9943895607484381,0.4620610501416283,0.11308426501756319,0.5555555555555555
existing_composite,25.0,2019-04-30_2020-03-31,12,-0.01149786515472162,-0.26938100433105683,-0.01149786515472162,-0.26938100433105683,0.2578831391763352,0.24376616390006914,0.06408042499771406,-0.21207232428885392,-0.2897384073692094,0.5833333333333334,1.1191293941567926,0.3286756557588619,0.11633161523613023,0.5833333333333333
existing_composite,25.0,2019-05-31_2020-04-30,12,0.009361859077928969,-0.23441422140073764,0.009361859077928969,-0.23441422140073764,0.2437760804786666,0.24053053023794424,0.1488557384158178,-0.23046976742802316,-0.2897384073692094,0.5833333333333334,1.0078780326050552,0.28560361383907507,0.11036822156491044,0.5555555555555555
existing_composite,25.0,2019-06-30_2020-05-31,12,-0.15768369842074925,-0.22854562482453433,-0.15768369842074925,-0.22854562482453433,0.07086192640378508,0.24154683730395812,-0.5944422669139344,-0.3039119307042031,-0.2897384073692095,0.5,0.2941250190436225,0.06744121458642348,-0.12052040437017619,0.611111111111111
existing_composite,25.0,2019-07-31_2020-06-30,12,-0.07763239198484295,-0.1941752572672133,-0.07763239198484295,-0.1941752572672133,0.11654286528237034,0.25564120342733787,-0.19740203430024447,-0.3039119307042031,-0.2827760862119635,0.5833333333333334,0.45239150950639023,0.19052475850183814,-0.014138275450055193,0.638888888888889
existing_composite,25.0,2019-08-31_2020-07-31,12,-0.19960868313836866,-0.1722348942847023,-0.19960868313836866,-0.1722348942847023,-0.02737378885366637,0.24763637264871718,-0.7772590047282901,-0.30400418282375885,-0.27948217627529803,0.5,-0.09376585105653866,0.13627119439409707,-0.15756209687359046,0.611111111111111
existing_composite,25.0,2019-09-30_2020-08-31,12,-0.16407641303286513,-0.21057570090232802,-0.16407641303286513,-0.21057570090232802,0.04649928786946289,0.24926347353225878,-0.5989395834226344,-0.30400418282375896,-0.27948217627529803,0.5833333333333334,0.1820596599779593,0.09124151459224852,-0.12277743346260916,0.638888888888889
existing_composite,25.0,2019-10-31_2020-09-30,12,-0.06506251026807708,-0.1766274605970889,-0.06506251026807708,-0.1766274605970889,0.11156495032901181,0.338076709414293,-0.05294488683647054,-0.30400418282375874,-0.2794821762752979,0.5833333333333334,0.405958258523644,0.35219083251681604,0.04094297406737879,0.611111111111111
existing_composite,25.0,2019-11-30_2020-10-31,12,-0.06199489731977226,-0.06643817837031618,-0.06199489731977226,-0.06643817837031618,0.0044432810505439235,0.3379628913401325,-0.04338898572191731,-0.3040041828237591,-0.2794821762752979,0.5,0.055495734137509106,0.27581227229325994,-0.004786403855638999,0.5555555555555556
existing_composite,25.0,2019-12-31_2020-11-30,12,0.041072288005514324,-0.050871312509224054,0.041072288005514324,-0.050871312509224054,0.09194360051473838,0.38671988274268065,0.2691493706424249,-0.2520145321003805,-0.2358764964179022,0.5,0.3042316771981797,0.41257692314099975,0.11752906963942644,0.5555555555555556
existing_composite,25.0,2020-01-31_2020-12-31,12,0.2999392480116896,-0.013079995771551722,0.2999392480116896,-0.013079995771551722,0.3130192437832413,0.4044982576552655,0.8293152255919232,-0.23592920828865993,-0.16758179221927783,0.5833333333333334,0.7257767560461673,0.3046702279875575,0.3842363089638001,0.611111111111111
existing_composite,25.0,2020-02-29_2021-01-31,12,0.7688322352877457,0.14471568274700242,0.7688322352877457,0.14471568274700242,0.6241165525407433,0.5005493733326654,1.375622035946785,-0.22404916763108873,-0.07033476780972703,0.5833333333333334,1.0493204790496988,0.5206402260898639,0.7995094833327769,0.611111111111111
existing_composite,25.0,2020-03-31_2021-02-28,12,1.2199276495034197,0.3187076559568369,1.2199276495034197,0.3187076559568369,0.9012199935465828,0.5232434519145314,1.7958880586897357,-0.1166755038169357,-0.07033476780972703,0.5833333333333334,1.1954011921720715,0.15256191445562808,1.3708502783796752,0.638888888888889
existing_composite,25.0,2020-04-30_2021-03-31,12,1.4840605877967792,0.2712264885896778,1.4840605877967792,0.2712264885896778,1.2128340992071014,0.4890098453565918,2.13534811347208,-0.09555753924048449,-0.07033476780972714,0.5833333333333334,1.588457005459935,0.36338227451418753,1.498420417577076,0.611111111111111
existing_composite,25.0,2020-05-31_2021-04-30,12,2.0533278279990452,0.2511461011810818,2.0533278279990452,0.2511461011810818,1.8021817268179634,0.485107960248836,2.6138993651733426,-0.06812728317560612,-0.07033476780972703,0.6666666666666666,2.0433448126531104,0.18305679463044072,2.2082784744888904,0.611111111111111
existing_composite,25.0,2020-06-30_2021-05-31,12,2.4789483976100652,0.22018559574957508,2.4789483976100652,0.22018559574957508,2.25876280186049,0.44260886498267166,3.149768432415301,-0.06812728317560612,-0.07033476780972703,0.75,2.600824956988181,0.3238348252828231,2.5139976458405906,0.5555555555555555
existing_composite,25.0,2020-07-31_2021-06-30,12,3.9149577458130187,0.1787337447456181,3.9149577458130187,0.1787337447456181,3.7362240010674004,0.5918605721632336,3.1037794214463577,-0.01703672352811747,-0.07033476780972703,0.75,2.778528358874463,0.3869786270841501,4.203807429717895,0.47222222222222215
existing_composite,25.0,2020-08-31_2021-07-31,12,4.516763715578569,0.17406019021811336,4.516763715578569,0.17406019021811336,4.342703525360456,0.5552006492228558,3.514237020859083,-0.01703672352811736,-0.0471551797914731,0.8333333333333334,3.177421889599673,0.416731969720339,4.727642457497792,0.44444444444444436
existing_composite,25.0,2020-09-30_2021-08-31,12,3.2858056277881804,0.29094300690606567,3.2858056277881804,0.29094300690606567,2.994862620882115,0.6573963660217798,2.623107236759312,-0.21075295273588635,-0.0471551797914731,0.75,2.154725752761705,-0.17864845739564156,4.221586025576065,0.4166666666666666
existing_composite,25.0,2020-10-31_2021-09-30,12,2.332171658259583,0.285307502281577,2.332171658259583,0.285307502281577,2.046864155978006,0.6707937218113299,2.1591668828944903,-0.23867362683937943,-0.04715517979147299,0.6666666666666666,1.6909527972849394,-0.6383248328521762,3.5524684653118657,0.4166666666666666
existing_composite,25.0,2020-11-30_2021-10-31,12,2.6779055888160515,0.164192612882329,2.6779055888160515,0.164192612882329,2.5137129759337222,0.6565719820337066,2.362281875553325,-0.23867362683937932,-0.04715517979147299,0.75,2.0915303023301086,0.03495829635999057,3.279065227652456,0.49999999999999994
existing_composite,25.0,2020-12-31_2021-11-30,12,1.407825673429592,0.10075285366229347,1.407825673429592,0.10075285366229347,1.3070728197672985,0.7342976434065407,1.548141707846507,-0.3471477366497888,-0.04715517979147321,0.6666666666666666,1.3896515311832935,-0.36123003845568896,2.062782698443411,0.47222222222222215
existing_composite,25.0,2021-01-31_2021-12-31,12,1.2334103864093096,0.1311417024200292,1.2334103864093096,0.1311417024200292,1.1022686839892804,0.7307182095701878,1.4405484477305983,-0.3471477366497887,-0.04715517979147299,0.6666666666666666,1.2525674523586814,-0.13989881920358888,1.788289416964012,0.4444444444444444
existing_composite,25.0,2021-02-28_2022-01-31,12,0.9505343202336267,0.1035559333431273,0.9505343202336267,0.1035559333431273,0.8469783868904994,0.6873658050934937,1.2859544253617843,-0.3471477366497887,-0.008710521467504728,0.6666666666666666,1.0991530614419516,-2.15676582173109,1.874127056907858,0.47222222222222227
existing_composite,25.0,2021-03-31_2022-02-28,12,0.5955362381719991,0.1814244316261513,0.5955362381719991,0.1814244316261513,0.4141118065458478,0.6659490810222304,0.9895699801002168,-0.3471477366497887,-0.008710521467504728,0.5833333333333334,0.7242921026152734,-1.3272710846786953,1.3465533183394984,0.5
existing_composite,25.0,2021-04-30_2022-03-31,12,0.6704119712543235,0.2056999327796627,0.6704119712543235,0.2056999327796627,0.4647120384746608,0.6620984040874731,1.0649957269242272,-0.3471477366497887,-0.008710521467504728,0.6666666666666666,0.7643255666043094,-1.7489738632159273,1.7051907700037332,0.5277777777777778
existing_composite,25.0,2021-05-31_2022-04-30,12,0.2948451980777491,0.20202014645819677,0.2948451980777491,0.20202014645819677,0.09282505161955235,0.6540447543018109,0.6654360666636213,-0.3471477366497888,-0.011058901373715124,0.5833333333333334,0.3789316751889396,0.349048851635289,0.43956637302861923,0.49999999999999994
existing_composite,25.0,2021-06-30_2022-05-31,12,0.19760120721763785,0.1547230806668567,0.19760120721763785,0.1547230806668567,0.04287812655078116,0.6593283857447454,0.5427067051671167,-0.3471477366497886,-0.04389760737316839,0.5,0.32078285517695015,0.890624535496038,0.2515376205066895,0.49999999999999994
existing_composite,25.0,2021-07-31_2022-06-30,12,-0.2641204782600868,0.14515293481688385,-0.2641204782600868,0.14515293481688385,-0.4092734130769706,0.39562173352088803,-0.5727665627968404,-0.3471477366497887,-0.04389760737316839,0.4166666666666667,-0.9339695408795781,0.7670164786729637,-0.2867886327537891,0.5555555555555555
existing_composite,25.0,2021-08-31_2022-07-31,12,-0.09563623107172381,0.16719366722844042,-0.09563623107172381,0.16719366722844042,-0.26282989830016423,0.49775212935985197,0.025883556869676704,-0.214735580663855,-0.04389760737316839,0.4166666666666667,-0.30244018213585444,1.7096207898662255,-0.2297339839778032,0.5833333333333334
existing_composite,25.0,2021-09-30_2022-08-31,12,0.21795940048692608,0.11990803732841937,0.21795940048692608,0.11990803732841937,0.09805136315850671,0.4429129254797798,0.646992971718249,-0.214735580663855,-0.04389760737316817,0.5,0.3998725402599303,1.626328049163641,0.10037601825116149,0.6111111111111112
existing_composite,25.0,2021-10-31_2022-09-30,12,0.1746985396851517,0.07700156092153554,0.1746985396851517,0.07700156092153554,0.09769697876361616,0.4491942652100802,0.5616700263813996,-0.214735580663855,-0.04389760737316828,0.5,0.41523171009846305,2.5874687894941037,0.054416185967636865,0.6111111111111112
existing_composite,25.0,2021-11-30_2022-10-31,12,0.18236595892967888,0.0837751064100245,0.18236595892967888,0.0837751064100245,0.09859085251965438,0.4504778225132169,0.5758922332401671,-0.17376344497059226,-0.04389760737316839,0.5,0.41715009903910644,2.7414222326345055,0.031741398392361564,0.611111111111111
existing_composite,25.0,2021-12-31_2022-11-30,12,1.1356472082548468,0.04089310124175727,1.1356472082548468,0.04089310124175727,1.0947541070130895,0.5265750071153014,1.6950011650935113,-0.17376344497059226,-0.052330809109684795,0.5833333333333334,1.5940805943662986,0.03745400958896834,1.361742008548934,0.5833333333333334
existing_composite,25.0,2022-01-31_2022-12-31,12,0.9299465027084768,0.03139589518781816,0.9299465027084768,0.03139589518781816,0.8985506075206586,0.5360067114619261,1.471517633593978,-0.17376344497059226,-0.0538908420070876,0.5,1.3943576008472713,0.10506820108310545,1.1394209004848848,0.611111111111111
existing_composite,25.0,2022-02-28_2023-01-31,12,0.8028628831613729,-0.006523085673795559,0.8028628831613729,-0.006523085673795559,0.8093859688351684,0.5261713441081599,1.3534358084293618,-0.17376344497059237,-0.053890842007087936,0.5,1.3318028848107237,-0.6193279930661154,0.9926368374693979,0.6388888888888888
existing_composite,25.0,2022-03-31_2023-02-28,12,0.7205545312017669,-0.03763942955797195,0.7205545312017669,-0.03763942955797195,0.7581939607597389,0.5327900143267483,1.2500002194125621,-0.17376344497059237,-0.05860315994470999,0.5,1.3001674453456917,-0.33981823881699924,0.8898770465495613,0.5833333333333333
existing_composite,25.0,2022-04-30_2023-03-31,12,0.7061339267560669,-0.0433257664262765,0.7061339267560669,-0.0433257664262765,0.7494596931823434,0.5333259188064275,1.2325716984374195,-0.11210918017791083,-0.052003665957635614,0.5,1.2947193928759744,-0.3657496013298047,0.8688855391104464,0.5833333333333334
existing_composite,25.0,2022-05-31_2023-04-30,12,0.4391542024378796,-0.07213752035282106,0.4391542024378796,-0.07213752035282106,0.5112917227907007,0.5874573345491996,0.8711205059171813,-0.22723341667388652,-0.07596598010903766,0.5,1.0087630180307174,1.3954938435042308,0.816863876432727,0.611111111111111
existing_composite,25.0,2022-06-30_2023-05-31,12,0.5233947070608609,-0.0361282154897381,0.5233947070608609,-0.0361282154897381,0.559522922550599,0.5808068251143488,0.9771655869953643,-0.2272334166738864,-0.07596598010903755,0.5833333333333334,1.043698940377775,0.9714695704338523,0.7976315690950619,0.6388888888888888
existing_composite,25.0,2022-07-31_2023-06-30,12,0.7480767364716201,-0.0028433046031512976,0.7480767364716201,-0.0028433046031512976,0.7509200410747714,0.5669935452839832,1.2432585015946462,-0.22723341667388652,-0.07596598010903743,0.6666666666666666,1.2547777037072219,0.9514802591595356,0.9833034923849941,0.638888888888889
existing_composite,25.0,2022-08-31_2023-07-31,12,0.3298265240741829,-0.031389184091800915,0.3298265240741829,-0.031389184091800915,0.3612157081659838,0.5137518992705818,0.7734416164778669,-0.2272334166738864,-0.0655917893195096,0.5833333333333334,0.8136435600843193,-0.4999923925191948,0.457505153855597,0.5833333333333334
existing_composite,25.0,2022-09-30_2023-08-31,12,0.3188358306922925,-0.014331580574544756,0.3188358306922925,-0.014331580574544756,0.33316741126683724,0.5132706750864104,0.7570513984288597,-0.2272334166738864,-0.06559178931950937,0.5833333333333334,0.7667021375177537,-0.42213624186745086,0.4586192451655713,0.6111111111111112
existing_composite,25.0,2022-10-31_2023-09-30,12,0.32219968887422623,-0.04883569016310929,0.32219968887422623,-0.04883569016310929,0.3710353790373355,0.5127613601407564,0.7624312530416724,-0.22723341667388663,-0.06327241269436523,0.5833333333333334,0.8509180971848607,0.2931229624827046,0.4890542002472904,0.6388888888888888
existing_composite,25.0,2022-11-30_2023-10-31,12,0.20752556947144285,-8.074453772832779e-05,0.20752556947144285,-8.074453772832779e-05,0.20760631400917118,0.5081017426930986,0.581806623335504,-0.22723341667388652,-0.04084242285001627,0.5,0.5658741014215892,0.04274572742401506,0.3389369691297983,0.6111111111111112
existing_composite,25.0,2022-12-31_2023-11-30,12,-0.42042521788505405,0.06162621592425688,-0.42042521788505405,0.06162621592425688,-0.4820514338093109,0.4105611763451238,-1.076541717330078,-0.45239305124742035,-0.04084242285001627,0.4166666666666667,-1.2658524909246809,1.0848087583009323,-0.40670575026040046,0.638888888888889
existing_composite,25.0,2023-01-31_2023-12-31,12,-0.5191097458465586,0.05389394652891433,-0.5191097458465586,0.05389394652891433,-0.5730036923754729,0.43837838378667565,-1.3865029915354576,-0.5574928079075983,-0.04084242285001627,0.4166666666666667,-1.571781216180595,1.361632148073093,-0.5057263498076774,0.6111111111111112
existing_composite,25.0,2023-02-28_2024-01-31,12,-0.5909419394559303,0.06910062416905749,-0.5909419394559303,0.06910062416905749,-0.6600425636249878,0.412148302227863,-1.8686063703428741,-0.5844955569243699,-0.04084242285001627,0.3333333333333333,-2.134569157744265,1.41671227284787,-0.594820721735124,0.5833333333333334
existing_composite,25.0,2023-03-31_2024-02-29,12,-0.5277543736509388,0.07105311702696282,-0.5277543736509388,0.07105311702696282,-0.5988074906779016,0.44886215911131533,-1.3837625659300028,-0.5844955569243699,-0.04084242285001627,0.4166666666666667,-1.5921113154548376,1.23229307279588,-0.5192155639602183,0.6111111111111112
existing_composite,25.0,2023-04-30_2024-03-31,12,-0.5346003997935449,0.04605177038880415,-0.5346003997935449,0.04605177038880415,-0.580652170182349,0.4465029112928128,-1.4242059526465354,-0.523861393805801,-0.028914327222309355,0.4166666666666667,-1.566310735341704,1.0169390056563885,-0.5063146476796081,0.6111111111111112
existing_composite,25.0,2023-05-31_2024-04-30,12,-0.49598811531748455,0.05087612226469651,-0.49598811531748455,0.05087612226469651,-0.5468642375821811,0.42494563766249066,-1.3432035353307403,-0.5466458951675919,-0.04720745865673304,0.4166666666666667,-1.4738059539007276,0.5876473713761706,-0.46080015450687906,0.6111111111111112
existing_composite,25.0,2023-06-30_2024-05-31,12,-0.4689582479858847,0.06029804021364593,-0.4689582479858847,0.06029804021364593,-0.5292562881995306,0.43610972935829684,-1.1847333259160884,-0.5466458951675918,-0.04720745865673304,0.4166666666666667,-1.3390940960403268,0.7165650558789745,-0.4371736868510231,0.6111111111111112
existing_composite,25.0,2023-07-31_2024-06-30,12,-0.27449368518437256,0.046802268590376395,-0.27449368518437256,0.046802268590376395,-0.32129595377474895,0.6625001348494718,-0.1891043964578905,-0.5466458951675919,-0.04720745865673304,0.4166666666666667,-0.26941019314854187,2.013036028285774,-0.2022208132613641,0.6111111111111112
existing_composite,25.0,2023-08-31_2024-07-31,12,-0.2804691327479286,0.10318514893952901,-0.2804691327479286,0.10318514893952901,-0.38365428168745763,0.6627037695322984,-0.2011998044951396,-0.5466458951675919,-0.04720745865673315,0.4166666666666667,-0.3631174330009093,1.3109703013673366,-0.2376745790797622,0.6666666666666666
existing_composite,25.0,2023-09-30_2024-08-31,12,-0.23620243219950288,0.08473288946892565,-0.23620243219950288,0.08473288946892565,-0.32093532166842853,0.672766644731164,-0.10179378462557466,-0.5157977312944533,-0.04720745865673315,0.4166666666666667,-0.23235612023500501,0.9345104918885742,-0.139335219098647,0.638888888888889
existing_composite,25.0,2023-10-31_2024-09-30,12,-0.10498791512506334,0.12170948346779942,-0.10498791512506334,0.12170948346779942,-0.22669739859286275,0.6758470612484835,0.13576006129569124,-0.5157977312944533,-0.047207458656732815,0.5,-0.04118560306897527,0.7542625678883165,0.0016580391203937506,0.638888888888889
existing_composite,25.0,2023-11-30_2024-10-31,12,-0.2370914153120277,0.004734660022875703,-0.2370914153120277,0.004734660022875703,-0.2418260753349034,0.6927917566964282,-0.08142341238227431,-0.28875347004071816,-0.07254414974326939,0.5,-0.09833779747458073,1.4704955613312394,-0.06896969317542201,0.638888888888889
existing_composite,25.0,2023-12-31_2024-11-30,12,0.09948025207414934,-0.026522408525777696,0.09948025207414934,-0.026522408525777696,0.12600266059992704,0.6033772052468575,0.40427367177607904,-0.1605050518914154,-0.07702368625268241,0.5,0.46936366591981366,2.5004924411336225,0.3430424652354558,0.6666666666666666
existing_composite,25.0,2024-01-31_2024-12-31,12,1.611077325177452,-0.013699490369203038,1.611077325177452,-0.013699490369203038,1.6247768155466549,1.041067000937285,1.3014470083950451,-0.16050505189141528,-0.07702368625268208,0.5833333333333334,1.3406805189888282,2.7742007191206484,2.690069914404272,0.6666666666666666
existing_composite,25.0,2024-02-29_2025-01-31,12,1.8482568533700134,-0.14290566323586873,1.8482568533700134,-0.14290566323586873,1.9911625166058822,1.0277827524748178,1.399968165722277,-0.16050505189141528,-0.18252959118595857,0.6666666666666666,1.5926046455104468,1.9901498084625837,3.994117030139841,0.638888888888889
existing_composite,25.0,2024-03-31_2025-02-28,12,1.3249676354556277,-0.10676537761977256,1.3249676354556277,-0.10676537761977256,1.4317330130754002,1.0492615516458141,1.1762933596497847,-0.1605050518914154,-0.1825295911859588,0.5833333333333334,1.2996849561482804,1.3974000497622456,2.6713371138612327,0.611111111111111
existing_composite,25.0,2024-04-30_2025-03-31,12,1.3734962780638478,-0.06461005552580057,1.3734962780638478,-0.06461005552580057,1.4381063335896482,1.047348884525113,1.1984837704860662,-0.1605050518914154,-0.18252959118595868,0.5,1.2707698711510858,1.1484779340795126,2.4859023991217883,0.5833333333333333
existing_composite,25.0,2024-05-31_2025-04-30,12,1.696583633146556,0.02942056800377868,1.696583633146556,0.02942056800377868,1.6671630651427773,1.0227746568136145,1.3404169240057293,-0.1605050518914154,-0.18252959118595857,0.5,1.2944640966475094,0.4227807735884844,2.6018380724133325,0.5833333333333333
existing_composite,25.0,2024-06-30_2025-05-31,12,1.7193555294996314,-0.019239253194651806,1.7193555294996314,-0.019239253194651806,1.7385947826942831,1.022324801074111,1.3497888193808951,-0.1605050518914154,-0.18252959118595835,0.5,1.3527180321357803,0.4776764356305436,2.6983205309409977,0.5833333333333334
existing_composite,25.0,2024-07-31_2025-06-30,12,1.0967155597216052,0.03150250800801424,1.0967155597216052,0.03150250800801424,1.065213051713591,0.9513743667053532,1.0990270253425818,-0.1605050518914155,-0.1825295911859589,0.5,1.0342282478094593,0.20140918440754332,1.7004061890704372,0.5833333333333334
existing_composite,25.0,2024-08-31_2025-07-31,12,1.770466869120543,0.02082724764079913,1.770466869120543,0.02082724764079913,1.7496396214797438,0.9604598588096309,1.4131057568181449,-0.1605050518914154,-0.1720911800730176,0.5833333333333334,1.3809098121773946,0.6355080186326246,2.539407358366534,0.5555555555555556
existing_composite,25.0,2024-09-30_2025-08-31,12,2.069671839990791,0.07082064647411035,2.069671839990791,0.07082064647411035,1.9988511935166808,0.9688346785033011,1.525627010035287,-0.1605050518914154,-0.1720911800730176,0.5833333333333334,1.449432583743153,0.7215588986326602,2.812638210941177,0.5555555555555556
existing_composite,25.0,2024-10-31_2025-09-30,12,1.3331900240127945,0.07787885846139209,1.3331900240127945,0.07787885846139209,1.2553111655514024,1.0122667703968353,1.201118817410021,-0.16925712013031247,-0.11858833109117162,0.5,1.1165693681400537,0.6770131182578335,2.0067388541951896,0.5555555555555556
existing_composite,25.0,2024-11-30_2025-10-31,12,2.3752384172218775,0.1960061542824556,2.3752384172218775,0.1960061542824556,2.179232262939422,0.9827956149367242,1.6259769603059941,-0.16925712013031247,-0.11795970406671652,0.5833333333333334,1.4153543976047784,0.26336848651251266,3.2826973885362234,0.5555555555555556
existing_composite,25.0,2024-12-31_2025-11-30,12,2.891937589721816,0.22133541890163522,2.891937589721816,0.22133541890163522,2.670602170820181,0.9688239612410031,1.8044535416608407,-0.16925712013031247,-0.11795970406671652,0.6666666666666666,1.5618516782540937,0.14990370064920447,3.9708588718572146,0.5555555555555556
existing_composite,25.0,2025-01-31_2025-12-31,12,0.6828943024862919,0.17166648362633885,0.6828943024862919,0.17166648362633885,0.511227818859953,0.5358773481422928,1.2296875234334392,-0.17019765842189694,-0.03669877287899381,0.5833333333333334,0.9479321126231263,0.8943111812286701,0.6343770820961556,0.5555555555555556
existing_composite,25.0,2025-02-28_2026-01-31,12,0.2527813180451668,0.31334945156909844,0.2527813180451668,0.31334945156909844,-0.060568133523931644,0.6162391224098664,0.6511120561657802,-0.3771017321209581,-0.04758367670999886,0.5,0.20818822197517428,2.288291170603109,-0.21994772778497318,0.5833333333333334
existing_composite,25.0,2025-03-31_2026-02-28,12,-0.1396974834028486,0.08257309459079365,-0.1396974834028486,0.08257309459079365,-0.22227057799364225,0.7335629693613582,0.15870440656686696,-0.611112315860221,-0.18488813271044613,0.5,0.02660801440561409,2.505689881475813,-0.126948285223618,0.6111111111111112
existing_composite,25.0,2025-04-30_2026-03-31,12,0.1647327835389505,0.028079656548997578,0.1647327835389505,0.028079656548997578,0.1366531269899529,0.8267691321751066,0.580233970919537,-0.611112315860221,-0.19546042589812018,0.5833333333333334,0.5956165538597629,2.3710987129193133,0.4338924994716482,0.6111111111111112
existing_composite,25.0,2025-05-31_2026-04-30,12,-0.0844645949959082,-0.14610708694572017,-0.0844645949959082,-0.14610708694572017,0.06164249194981197,0.871603697500092,0.31331685622714933,-0.611112315860221,-0.29138146686445754,0.5833333333333334,0.554000820444258,2.6546156943137693,0.8348401774770802,0.6111111111111112
existing_composite,25.0,2025-06-30_2026-05-31,12,-0.032826792923313475,-0.18541351506394133,-0.032826792923313475,-0.18541351506394133,0.15258672214062785,0.8774197424543994,0.3801588149929411,-0.611112315860221,-0.34737666250868915,0.5833333333333334,0.68016616860125,2.3378824656766937,1.0606322297302468,0.5833333333333334
existing_composite,25.0,2025-07-31_2026-06-30,12,-0.08862641301514662,-0.1667764227923394,-0.08862641301514662,-0.1667764227923394,0.07815000977719277,0.8718866429540992,0.30807187585472534,-0.6111123158602209,-0.34737666250868904,0.5,0.5568109548516935,2.031896824342521,0.7555339060596493,0.5277777777777778
existing_composite,25.0,2025-08-31_2026-07-31,11,-0.28881492255998276,-0.20361006057922837,-0.3105123185922739,-0.2199234939209873,-0.0905888246712866,0.8650552172695261,-0.016245385421536827,-0.6111123158602209,-0.34737666250868904,0.45454545454545453,0.2661719427263931,1.8643096892830304,0.46482526757846987,0.5454545454545454
ridge,25.0,2015-01-31_2015-12-31,12,0.0,-0.12747006008062733,0.0,-0.12747006008062733,0.12747006008062733,0.0,,0.0,-0.2346154234110901,0.5,0.7954681733349814,0.0,0.0,0.0
ridge,25.0,2015-02-28_2016-01-31,12,0.0,-0.12464244015822579,0.0,-0.12464244015822579,0.12464244015822579,0.0,,0.0,-0.2346154234110902,0.5,0.7692360062999882,0.0,0.0,0.0
ridge,25.0,2015-03-31_2016-02-29,12,0.0,-0.12200466014015787,0.0,-0.12200466014015787,0.12200466014015787,0.0,,0.0,-0.1902603904171294,0.5,0.7474014716436923,0.0,0.0,0.0
ridge,25.0,2015-04-30_2016-03-31,12,0.0,-0.048726200591690305,0.0,-0.048726200591690305,0.048726200591690305,0.0,,0.0,-0.19026039041712928,0.5,0.2945970850581079,0.0,0.0,0.0
ridge,25.0,2015-05-31_2016-04-30,12,-0.02892263910316195,-0.08042168629585977,-0.02892263910316195,-0.08042168629585977,0.05149904719269782,0.028922639103161927,-0.9999999999999999,-0.02892263910316195,-0.13984875260474772,0.5,0.3350545581179491,0.004084035829661123,-0.028243723352094574,0.08333333333333333
ridge,25.0,2015-06-30_2016-05-31,12,-0.089542471872738,0.021583559353247406,-0.089542471872738,0.021583559353247406,-0.11112603122598541,0.06637144101004455,-1.3763145113793869,-0.089542471872738,-0.12048239811387595,0.4166666666666667,-0.7364140297449248,-0.15093806546870014,-0.08353605957271748,0.1111111111111111
ridge,25.0,2015-07-31_2016-06-30,12,-0.024286365394010634,0.08609325121736311,-0.024286365394010634,0.08609325121736311,-0.11037961661137374,0.10359893553995599,-0.1899054878185792,-0.089542471872738,-0.06335332759593715,0.4166666666666667,-0.6661561232797025,0.02373742804000973,-0.021619664765570867,0.1111111111111111
ridge,25.0,2015-08-31_2016-07-31,12,-0.08878397794788373,0.19435729107699262,-0.08878397794788373,0.19435729107699262,-0.28314126902487635,0.12192576185647758,-0.7035184328827653,-0.089542471872738,-0.010009943632593221,0.3333333333333333,-1.5967952184502439,-0.05206789695002636,-0.07355607714002499,0.13888888888888887
ridge,25.0,2015-09-30_2016-08-31,12,-0.21434249346588063,0.27010420996995776,-0.21434249346588063,0.27010420996995776,-0.4844467034358384,0.1780550895163668,-1.2556185956585322,-0.21434249346588063,-0.010009943632593332,0.25,-2.6724593099125955,0.592084830711885,-0.311936863202226,0.16666666666666666
ridge,25.0,2015-10-31_2016-09-30,12,-0.24969727134864783,0.2171792753369357,-0.24969727134864783,0.2171792753369357,-0.46687654668558354,0.1786040974650478,-1.5037142328134452,-0.24969727134864783,-0.010009943632593221,0.25,-2.6768274198970388,0.6378959028090884,-0.33165316909672693,0.2222222222222222
ridge,25.0,2015-11-30_2016-10-31,12,-0.28371069588374165,0.15802517726789156,-0.28371069588374165,0.15802517726789156,-0.4417358731516332,0.1781596309807361,-1.7619168623007755,-0.28371069588374165,-0.05046191183613391,0.25,-2.64606797495561,0.5444758264239868,-0.3318076852710956,0.3055555555555555
ridge,25.0,2015-12-31_2016-11-30,12,-0.1465556411112099,0.15325670090751609,-0.1465556411112099,0.15325670090751609,-0.299812342018726,0.2816625692075426,-0.43464237338758444,-0.28371069588374165,-0.05046191183613402,0.3333333333333333,-1.0072810045425675,0.9383853121939647,-0.23174055540779515,0.3611111111111111
ridge,25.0,2016-01-31_2016-12-31,12,-0.03145452157441109,0.1471553785298949,-0.03145452157441109,0.1471553785298949,-0.178609900104306,0.31705637091985256,0.03924882384739216,-0.28371069588374165,-0.05046191183613402,0.4166666666666667,-0.41668711711508577,0.7119287322973202,-0.0851989734866968,0.4166666666666667
ridge,25.0,2016-02-29_2017-01-31,12,-0.047469508860318865,0.12910312615333996,-0.047469508860318865,0.12910312615333996,-0.17657263501365883,0.31754615920751383,-0.01288316952037647,-0.28371069588374165,-0.05046191183613391,0.4166666666666667,-0.4175172861209136,0.7431836583892208,-0.09335529483143956,0.5
ridge,25.0,2016-03-31_2017-02-28,12,0.20303088024580873,0.1492046756740173,0.20303088024580873,0.1492046756740173,0.053826204571791436,0.41254311395566773,0.6275540814273917,-0.28371069588374165,-0.05046191183613402,0.5,0.292758042850454,1.408901885667079,0.05760463075603872,0.5833333333333334
ridge,25.0,2016-04-30_2017-03-31,12,0.17361759600510118,0.17503808646495478,0.17361759600510118,0.17503808646495478,-0.0014204904598535961,0.4146570335465585,0.5653920667488922,-0.265881628880272,-0.05046191183613402,0.4166666666666667,0.17167145628370034,1.3501924411014903,0.00987247172867689,0.6666666666666666
ridge,25.0,2016-05-31_2017-04-30,12,0.04414133731094538,0.19627580709932912,0.04414133731094538,0.19627580709932912,-0.15213446978838374,0.44129882166574835,0.2884944356194518,-0.265881628880272,-0.05046191183613402,0.4166666666666667,-0.13425913041740584,1.4140292124664806,-0.12541485260488283,0.6666666666666666
ridge,25.0,2016-06-30_2017-05-31,12,0.13248385004261953,0.16211773486732262,0.13248385004261953,0.16211773486732262,-0.029633884824703083,0.43404699210841,0.4760737843029038,-0.2658816288802721,-0.05046191183613402,0.5,0.1276848486684429,2.0160688990987836,-0.09979369683518347,0.7222222222222222
ridge,25.0,2016-07-31_2017-06-30,12,0.0018804870783648564,0.11985678631409691,0.0018804870783648564,0.11985678631409691,-0.11797629923573205,0.43472720461216113,0.1910345417871086,-0.2139193267221866,-0.05046191183613402,0.4166666666666667,-0.0815103105672467,2.079349532346716,-0.14826608939939945,0.8055555555555555
ridge,25.0,2016-08-31_2017-07-31,12,0.12651450144086773,0.08878533946639733,0.12651450144086773,0.08878533946639733,0.037729161974470404,0.42892306909408356,0.4644767043460266,-0.18742862919003922,-0.05046191183613402,0.5,0.27805009111771445,2.6406255770669578,-0.03253191895664442,0.861111111111111
ridge,25.0,2016-09-30_2017-08-31,12,0.23904903885980278,0.09996258200034913,0.23904903885980278,0.09996258200034913,0.13908645685945364,0.40296325134612365,0.7081441404145373,-0.19082029037759474,-0.05046191183613402,0.5,0.4963542685581713,2.361395628731452,0.054849816584240596,0.9166666666666666
ridge,25.0,2016-10-31_2017-09-30,12,0.4395241154827505,0.1075588143605537,0.4395241154827505,0.1075588143605537,0.3319653011221968,0.4038157840004506,1.089290430607749,-0.19082029037759451,-0.0004923640702735321,0.5833333333333334,0.8914094591966193,2.5043402162617077,0.19152340081638863,0.9444444444444443
ridge,25.0,2016-11-30_2017-10-31,12,0.529926931042052,0.1559996199134983,0.529926931042052,0.1559996199134983,0.3739273111285537,0.39488836421020346,1.2657405768541448,-0.19082029037759463,-0.008932388259170088,0.5833333333333334,0.9424020675186435,4.66037991083299,-0.16907929692212165,0.9444444444444443
ridge,25.0,2016-12-31_2017-11-30,12,0.19945201886709873,0.19992461049678534,0.19945201886709873,0.19992461049678534,-0.00047259162968660284,0.37154042150187616,0.652575626049864,-0.19082029037759451,-0.008932388259169977,0.5,0.15038956796263256,0.08227370093979658,0.25238546829425146,0.9722222222222222
ridge,25.0,2017-01-31_2017-12-31,12,0.5577681454710406,0.24773371905633135,0.5577681454710406,0.24773371905633135,0.31003442641470924,0.5811987404431266,1.000484850299618,-0.19082029037759451,-0.008932388259170088,0.5,0.632232561773226,2.5955684887259305,-0.004073730728259117,0.972222222222222
ridge,25.0,2017-02-28_2018-01-31,12,0.44418694503104494,0.22472528642954592,0.44418694503104494,0.22472528642954592,0.21946165860149902,0.5942238536772227,0.8578810403868897,-0.19082029037759485,-0.008932388259170088,0.5,0.5297491987360337,2.914902860848517,-0.08926425587976561,0.9444444444444442
ridge,25.0,2017-03-31_2018-02-28,12,0.21408289038146466,0.11150665310004948,0.21408289038146466,0.11150665310004948,0.10257623728141518,0.5447788915171925,0.566359295745696,-0.17054057330284,-0.06307407298992962,0.5,0.3655931857269092,0.7546938221076472,0.24917413684078338,0.9166666666666664
ridge,25.0,2017-04-30_2018-03-31,12,0.3138783960610132,0.054403018339003184,0.3138783960610132,0.054403018339003184,0.25947537772201,0.5426216265480003,0.7163908378020499,-0.08824224766278677,-0.09250223900477905,0.5833333333333334,0.6117777859673423,0.6455246473684797,0.4130184590802688,0.9166666666666665
ridge,25.0,2017-05-31_2018-04-30,12,0.5018529418778508,0.042771960341875914,0.5018529418778508,0.042771960341875914,0.4590809815359749,0.5140903374997734,0.9965807826157789,-0.08824224766278688,-0.09416874157139277,0.5833333333333334,0.9145142178189575,0.7454122508854747,0.5960872684009468,0.9166666666666665
ridge,25.0,2017-06-30_2018-05-31,12,0.4475315457199096,-0.005226881237519021,0.4475315457199096,-0.005226881237519021,0.45275842695742863,0.5174085638227213,0.9191028235030428,-0.08824224766278688,-0.12207676452647664,0.5833333333333334,0.9354752668805835,0.8815147449281119,0.5929460132317677,0.9166666666666665
ridge,25.0,2017-07-31_2018-06-30,12,0.7074778263768482,0.0163507796990916,0.7074778263768482,0.0163507796990916,0.6911270466777566,0.5125352712791136,1.2600256053971477,-0.08824224766278688,-0.12207676452647676,0.6666666666666666,1.2482671463855561,0.9796917296845558,0.8366538456349613,0.8888888888888888
ridge,25.0,2017-08-31_2018-07-31,12,1.5146741332675626,0.02633003466478856,1.5146741332675626,0.02633003466478856,1.488344098602774,0.7106790360155542,1.6072254983955625,-0.08824224766278677,-0.12207676452647653,0.6666666666666666,1.6020930291231026,1.3908254681851813,1.856837706382799,0.8888888888888888
ridge,25.0,2017-09-30_2018-08-31,12,2.912007040897615,0.012828519177035869,2.912007040897615,0.012828519177035869,2.899178521720579,0.7835315789970239,2.1303372383277797,-0.08824224766278688,-0.12207676452647664,0.75,2.140179355693848,1.1870968076460042,3.677396717440904,0.8888888888888888
ridge,25.0,2017-10-31_2018-09-30,12,2.907056196387925,-0.028994428060318933,2.907056196387925,-0.028994428060318933,2.936050624448244,0.7835906685765791,2.12838464961114,-0.08824224766278677,-0.12207676452647676,0.75,2.197325161562122,1.259578373919033,3.8878275695692057,0.8888888888888888
ridge,25.0,2017-11-30_2018-10-31,12,3.146145048745364,0.017470333624036494,3.146145048745364,0.017470333624036494,3.1286747151213277,0.7752564572542114,2.231353440553314,-0.08824224766278688,-0.12207676452647676,0.75,2.223040298212412,0.893556756201337,3.936809218431562,0.8888888888888888
ridge,25.0,2017-12-31_2018-11-30,12,3.8319495900400664,-0.025356283802123625,3.8319495900400664,-0.025356283802123625,3.85730587384219,0.7443705506337754,2.5315087014004556,-0.08824224766278688,-0.12207676452647687,0.8333333333333334,2.671909758054259,2.4729487134012675,5.010672310646718,0.861111111111111
ridge,25.0,2018-01-31_2018-12-31,12,2.209079912711106,-0.01099995180484914,2.209079912711106,-0.01099995180484914,2.220079864515955,0.6759540254111255,2.0554013577355836,-0.032083347508685356,-0.12095719505337177,0.75,2.052570586923771,0.32873153692286766,2.728860652765085,0.8888888888888887
ridge,25.0,2018-02-28_2019-01-31,12,2.919019075617202,-0.023323412109537922,2.919019075617202,-0.023323412109537922,2.94234248772674,0.6386015576720737,2.4914806155666103,-0.032083347508685356,-0.06297476655901424,0.8333333333333334,2.504721994138275,0.32960506738682516,3.4778083646089755,0.9166666666666665
ridge,25.0,2018-03-31_2019-02-28,12,3.497000288365329,0.045204178762284775,3.497000288365329,0.045204178762284775,3.451796109603044,0.6388509019232742,2.735617406078223,-0.032083347508685245,-0.032589089243883484,0.8333333333333334,2.6264655265007977,-0.07454125237664662,4.127849579707387,0.9444444444444443
ridge,25.0,2018-04-30_2019-03-31,12,3.1622544779401576,0.07686204312787948,3.1622544779401576,0.07686204312787948,3.0853924348122783,0.6555306869610429,2.546127903873618,-0.02284741869648388,-0.031039511736595693,0.75,2.390758651259957,-0.3676639008393565,3.893042004901792,0.9444444444444443
ridge,25.0,2018-05-31_2019-04-30,12,3.702837219936522,0.03769148450195714,3.702837219936522,0.03769148450195714,3.6651457354345647,0.6354244731146826,2.8285427490920174,-0.02284741869648388,-0.04957195403333192,0.8333333333333334,2.71360714800986,-0.27349129832007985,4.390683330682185,0.9444444444444443
ridge,25.0,2018-06-30_2019-05-31,12,5.066186596017918,0.09645960452265201,5.066186596017918,0.09645960452265201,4.969726991495266,0.615890775052446,3.3795950234496126,-0.02284741869648399,-0.04957195403333203,0.8333333333333334,3.125017170034376,-0.9139524512766047,6.3465327243637155,0.9166666666666665
ridge,25.0,2018-07-31_2019-06-30,12,4.312596400623413,0.07648721996967378,4.312596400623413,0.07648721996967378,4.236109180653739,0.6444604706087534,3.0141993624006354,-0.02284741869648388,-0.04957195403333203,0.75,2.8224105871146716,-0.7834749025982793,5.377158478117589,0.9444444444444443
ridge,25.0,2018-08-31_2019-07-31,12,2.5600280372023714,0.051509897202665744,2.5600280372023714,0.051509897202665744,2.5085181399997056,0.497487601526006,2.87919271646168,-0.022847418696483768,-0.04957195403333203,0.75,2.638639617101197,-0.9985273895445739,3.060661214234168,0.9444444444444443
ridge,25.0,2018-09-30_2019-08-31,12,1.6410948176018976,0.032217370272061396,1.6410948176018976,0.032217370272061396,1.6088774473298362,0.3110852591457411,3.3802611322752756,-0.02284741869648388,-0.05569706120271434,0.75,3.0130310831581015,-0.4118165907541901,1.7776513082277998,0.9444444444444443
ridge,25.0,2018-10-31_2019-09-30,12,1.1989233403867097,0.0680196854801034,1.1989233403867097,0.0680196854801034,1.1309036549066063,0.35057197725409944,2.4703329952882824,-0.07740767519776637,-0.05569706120271445,0.6666666666666666,2.1364821082351946,-0.45554536897944053,1.3769597429138791,0.9444444444444443
ridge,25.0,2018-11-30_2019-10-31,12,1.0191271431846145,-0.007313909877188718,1.0191271431846145,-0.007313909877188718,1.026441053061803,0.36024886328249905,2.1595953591917434,-0.08785909134470415,-0.07977064350808971,0.6666666666666666,2.088354867616693,-0.10159959231703257,1.1243835728820635,0.9444444444444443
ridge,25.0,2018-12-31_2019-11-30,12,0.39524383111868966,0.01695714726683817,0.39524383111868966,0.01695714726683817,0.3782866838518515,0.47483176630845453,0.9300606178928014,-0.3138402837688985,-0.07977064350808971,0.5833333333333334,0.8082793301868901,-1.6458749037775648,0.5965566459133296,0.9722222222222222
ridge,25.0,2019-01-31_2019-12-31,12,0.48329508469537896,-0.0907583313333864,0.48329508469537896,-0.0907583313333864,0.5740534160287654,0.47060869965790914,1.069671459193666,-0.3138402837688984,-0.08173242622854304,0.6666666666666666,1.1679571599580403,-1.3397917935223604,0.4573663059454969,0.9722222222222222
ridge,25.0,2019-02-28_2020-01-31,12,0.02570293112579325,-0.15374678206850467,0.02570293112579325,-0.15374678206850467,0.17944971319429792,0.5346663385199034,0.2990579811659472,-0.45021119144104094,-0.157070533612218,0.5833333333333334,0.5939609821418306,0.45324848984605065,0.2579955455933458,0.9722222222222222
ridge,25.0,2019-03-31_2020-02-29,12,-0.24741045162366426,-0.2983301643039218,-0.24741045162366426,-0.2983301643039218,0.05091971268025752,0.4959828450909543,-0.33168567484559697,-0.5085256783031644,-0.2968733323797681,0.5833333333333334,0.3323047410723553,0.473627859701022,-0.008178415756168622,0.9722222222222222
ridge,25.0,2019-04-30_2020-03-31,12,-0.3492535429558047,-0.26938100433105683,-0.3492535429558047,-0.26938100433105683,-0.07987253862474786,0.515868828582249,-0.5752279396890737,-0.5847431118378297,-0.2897384073692094,0.5833333333333334,-0.01465089916961236,0.20568507637264352,-0.21314492769189453,0.9722222222222222
ridge,25.0,2019-05-31_2020-04-30,12,-0.2927556173041619,-0.23441422140073764,-0.2927556173041619,-0.23441422140073764,-0.05834139590342424,0.5524580854740385,-0.3617783564462998,-0.5847431118378297,-0.2897384073692094,0.5833333333333334,0.07700048422021742,0.43406971403314987,-0.09048873374328759,0.9722222222222222
ridge,25.0,2019-06-30_2020-05-31,12,-0.39785847066336233,-0.22854562482453433,-0.39785847066336233,-0.22854562482453433,-0.169312845838828,0.47471842202944897,-0.8167939914934298,-0.5847431118378297,-0.2897384073692095,0.5833333333333334,-0.306702199106239,0.24115335307191316,-0.28519161656630965,0.9999999999999999
ridge,25.0,2019-07-31_2020-06-30,12,-0.3478112336864546,-0.1941752572672133,-0.3478112336864546,-0.1941752572672133,-0.15363597641924132,0.48380392857263405,-0.6331967375457156,-0.5847431118378297,-0.2827760862119635,0.6666666666666666,-0.2330322623090521,0.35120905353130405,-0.2149239116272711,0.972222222222222
ridge,25.0,2019-08-31_2020-07-31,12,-0.33154112628075416,-0.1722348942847023,-0.33154112628075416,-0.1722348942847023,-0.15930623199605187,0.48808110787988596,-0.574679310463849,-0.5847431118378297,-0.27948217627529803,0.6666666666666666,-0.23532215861097916,0.3977288265743958,-0.1955006863385056,0.972222222222222
ridge,25.0,2019-09-30_2020-08-31,12,-0.15820662212994474,-0.21057570090232802,-0.15820662212994474,-0.21057570090232802,0.05236907877238328,0.6259017619298013,0.00529868155578825,-0.5499020780915509,-0.27948217627529803,0.6666666666666666,0.31573662039042677,-0.04698805608378549,-0.006455072916304538,0.972222222222222
ridge,25.0,2019-10-31_2020-09-30,12,-0.17669073234052324,-0.1766274605970889,-0.17669073234052324,-0.1766274605970889,-6.32717434343455e-05,0.6289650565525547,-0.026936059906699214,-0.5447448039860926,-0.2794821762752979,0.6666666666666666,0.21633291331440932,-0.13343737159854463,-0.038264283672121535,0.9722222222222222
ridge,25.0,2019-11-30_2020-10-31,12,0.15374482911599263,-0.06643817837031618,0.15374482911599263,-0.06643817837031618,0.2201830074863088,0.7378787778724225,0.5148027243116562,-0.4184443237700226,-0.2794821762752979,0.6666666666666666,0.5623969476581355,0.4873422232331488,0.4782530701660521,0.9444444444444443
ridge,25.0,2019-12-31_2020-11-30,12,1.225197966058602,-0.050871312509224054,1.225197966058602,-0.050871312509224054,1.2760692785678263,0.7788665468240394,1.384651809598896,-0.4184443237700226,-0.2358764964179022,0.75,1.5218876731964444,1.121489168547482,1.8620439260682131,0.9444444444444443
ridge,25.0,2020-01-31_2020-12-31,12,0.7546937627500612,-0.013079995771551722,0.7546937627500612,-0.013079995771551722,0.7677737585216129,0.8238231479626476,1.0419982076581042,-0.24469745164403722,-0.16758179221927783,0.6666666666666666,1.099859083345254,1.2195180957356548,1.2415949382219118,0.9444444444444443
ridge,25.0,2020-02-29_2021-01-31,12,1.685067848869585,0.14471568274700242,1.685067848869585,0.14471568274700242,1.5403521661225825,0.759430650178355,1.6679240510652285,-0.17939717689717694,-0.07033476780972703,0.75,1.517327816794557,0.9086391990932723,1.9065196068427395,0.9166666666666665
ridge,25.0,2020-03-31_2021-02-28,12,1.6003123726744284,0.3187076559568369,1.6003123726744284,0.3187076559568369,1.2816047167175915,0.7684788719427097,1.6115670355787484,-0.17939717689717682,-0.07033476780972703,0.6666666666666666,1.2636540100282763,1.0441988872681933,1.4559067188251689,0.9166666666666665
ridge,25.0,2020-04-30_2021-03-31,12,1.6877838857813257,0.2712264885896778,1.6877838857813257,0.2712264885896778,1.4165573971916479,0.7585188884962049,1.670198857331122,-0.2690000971650418,-0.07033476780972714,0.6666666666666666,1.3957441393399217,1.3920806857481942,1.4078893126922374,0.9166666666666665
ridge,25.0,2020-05-31_2021-04-30,12,0.8851296009692857,0.2511461011810818,0.8851296009692857,0.2511461011810818,0.6339834997882039,0.7885857133755925,1.1472853585333826,-0.37825551306765237,-0.07033476780972703,0.5833333333333334,0.8938993597938913,1.6775677535428295,0.6375154526636229,0.9166666666666665
ridge,25.0,2020-06-30_2021-05-31,12,0.5816744231565643,0.22018559574957508,0.5816744231565643,0.22018559574957508,0.3614888274069892,0.8071666012123557,0.9062134213576353,-0.438497192886636,-0.07033476780972703,0.5,0.6800833913791888,1.7528151410864217,0.42154118770919635,0.8888888888888887
ridge,25.0,2020-07-31_2021-06-30,12,0.3894154010197348,0.1787337447456181,0.3894154010197348,0.1787337447456181,0.21068165627411672,0.8174256897568899,0.7370931285128215,-0.4767534676972909,-0.07033476780972703,0.4166666666666667,0.5503764235540315,1.8343435144538147,0.3137341859288385,0.9166666666666665
ridge,25.0,2020-08-31_2021-07-31,12,0.2383988408824731,0.17406019021811336,0.2383988408824731,0.17406019021811336,0.06433865066435973,0.823711221812475,0.5913124779705804,-0.5046305215008775,-0.0471551797914731,0.3333333333333333,0.40252866461852926,1.8386152214356974,0.18063536224943544,0.9166666666666665
ridge,25.0,2020-09-30_2021-08-31,12,-0.14066244591368704,0.29094300690606567,-0.14066244591368704,0.29094300690606567,-0.4316054528197527,0.738670791010429,0.08825030462203992,-0.5262214171059336,-0.0471551797914731,0.25,-0.32017996658805814,4.478564614032702,-0.6942804446123112,0.8888888888888887
ridge,25.0,2020-10-31_2021-09-30,12,0.2408489352826777,0.285307502281577,0.2408489352826777,0.285307502281577,-0.044458566998899274,0.7848587704340799,0.5934672971077947,-0.5262214171059338,-0.04715517979147299,0.3333333333333333,0.3069112606648718,5.200772564417431,-0.6061067438301762,0.8611111111111108
ridge,25.0,2020-11-30_2021-10-31,12,-0.30849310446134737,0.164192612882329,-0.30849310446134737,0.164192612882329,-0.47268571734367637,0.7268456201777194,-0.20304496522362375,-0.5262214171059336,-0.04715517979147299,0.25,-0.4865930359916436,5.613067813452351,-0.6626646196595908,0.8888888888888887
ridge,25.0,2020-12-31_2021-11-30,12,-0.5263853496262343,0.10075285366229347,-0.5263853496262343,0.10075285366229347,-0.6271382032885278,0.5247267657901996,-1.1524883924982645,-0.5101446672819282,-0.04715517979147321,0.16666666666666666,-1.5862500941907856,4.510987341855618,-0.6700773217693883,0.861111111111111
ridge,25.0,2021-01-31_2021-12-31,12,-0.4975033836648304,0.1311417024200292,-0.4975033836648304,0.1311417024200292,-0.6286450860848596,0.5135733723171827,-1.0800784073610605,-0.5735099920814579,-0.04715517979147299,0.16666666666666666,-1.5525113387518412,4.528525253960126,-0.6959835149880496,0.861111111111111
ridge,25.0,2021-02-28_2022-01-31,12,-0.5417555899104936,0.1035559333431273,-0.5417555899104936,0.1035559333431273,-0.6453115232536208,0.4729843871535904,-1.3921359713375998,-0.5073554691331476,-0.008710521467504728,0.16666666666666666,-1.8418455307871537,4.691359994090943,-0.696907356096093,0.861111111111111
ridge,25.0,2021-03-31_2022-02-28,12,-0.4114252587774544,0.1814244316261513,-0.4114252587774544,0.1814244316261513,-0.5928496904036057,0.4916068956770331,-0.8385530690289106,-0.43590944353742955,-0.008710521467504728,0.25,-1.3323615778827722,7.540603460883744,-0.8383057566889653,0.861111111111111
ridge,25.0,2021-04-30_2022-03-31,12,-0.5058810384685356,0.2056999327796627,-0.5058810384685356,0.2056999327796627,-0.7115809712481983,0.538095798212888,-1.0265727627838948,-0.41905248786272975,-0.008710521467504728,0.25,-1.5016113759508847,6.956664334354846,-0.8697857534840452,0.861111111111111
ridge,25.0,2021-05-31_2022-04-30,12,-0.4481634198038058,0.20202014645819677,-0.4481634198038058,0.20202014645819677,-0.6501835662620026,0.52630618246293,-0.8607986630872836,-0.44419231593752817,-0.011058901373715124,0.25,-1.314300717925372,5.942590542946134,-0.81298317249259,0.861111111111111
ridge,25.0,2021-06-30_2022-05-31,12,-0.44693957365708226,0.1547230806668567,-0.44693957365708226,0.1547230806668567,-0.601662654323939,0.5260644268822563,-0.8573869449115843,-0.49693206841785087,-0.04389760737316839,0.25,-1.236205271207811,4.017748454754832,-0.6643601003370088,0.8888888888888888
ridge,25.0,2021-07-31_2022-06-30,12,-0.31445444949803447,0.14515293481688385,-0.31445444949803447,0.14515293481688385,-0.4596073843149183,0.5582989802774995,-0.4080477125093067,-0.49693206841785087,-0.04389760737316839,0.3333333333333333,-0.7038532404846873,3.803510803889062,-0.5423510360782866,0.8888888888888888
ridge,25.0,2021-08-31_2022-07-31,12,-0.25901150309830645,0.16719366722844042,-0.25901150309830645,0.16719366722844042,-0.4262051703267469,0.5584186228782756,-0.27084907267826974,-0.49693206841785087,-0.04389760737316839,0.3333333333333333,-0.5957108535667547,3.678864784555465,-0.5314109308451771,0.8888888888888888
ridge,25.0,2021-09-30_2022-08-31,12,-0.35316996855373994,0.11990803732841937,-0.35316996855373994,0.11990803732841937,-0.4730780058821593,0.5786335313057249,-0.47142122661193964,-0.5035589129084554,-0.04389760737316817,0.3333333333333333,-0.7318465205531912,3.9384362012529968,-0.5312071968854812,0.8888888888888887
ridge,25.0,2021-10-31_2022-09-30,12,-0.488289275327737,0.07700156092153554,-0.488289275327737,0.07700156092153554,-0.5652908362492726,0.4642237054697091,-1.1739082622527222,-0.37794111578111766,-0.04389760737316828,0.3333333333333333,-1.4178090161540937,2.54871741178114,-0.5346867588316315,0.8888888888888887
ridge,25.0,2021-11-30_2022-10-31,12,-0.3776851526353947,0.0837751064100245,-0.3776851526353947,0.0837751064100245,-0.4614602590454192,0.4206068837166244,-0.8988648768881096,-0.39792526317498644,-0.04389760737316839,0.3333333333333333,-1.1547580788429856,2.085977169587423,-0.43149448479721464,0.8888888888888887
ridge,25.0,2021-12-31_2022-11-30,12,-0.352032417732418,0.04089310124175727,-0.352032417732418,0.04089310124175727,-0.39292551897417527,0.42525251703200107,-0.7927228839967739,-0.39792526317498633,-0.052330809109684795,0.4166666666666667,-0.9214579695602619,1.2369101045013164,-0.3278324035038155,0.8888888888888887
ridge,25.0,2022-01-31_2022-12-31,12,-0.2317562082030361,0.03139589518781816,-0.2317562082030361,0.03139589518781816,-0.26315210339085426,0.4138258099685502,-0.4240858802704009,-0.39792526317498655,-0.0538908420070876,0.5,-0.5234214642155651,1.2676828769663717,-0.19815089790711404,0.8888888888888887
ridge,25.0,2022-02-28_2023-01-31,12,-0.40139908004675595,-0.006523085673795559,-0.40139908004675595,-0.006523085673795559,-0.3948759943729604,0.425947371215555,-0.9690349081553447,-0.4616586483200852,-0.053890842007087936,0.4166666666666667,-0.9715512329763956,0.9036061687017094,-0.34049338595450973,0.9166666666666665
ridge,25.0,2022-03-31_2023-02-28,12,-0.5488831724716265,-0.03763942955797195,-0.5488831724716265,-0.03763942955797195,-0.5112437429136545,0.411118067942466,-1.6703669896693898,-0.3945442337122813,-0.05860315994470999,0.3333333333333333,-1.566431613133795,0.12722483908683985,-0.5045407565549709,0.9166666666666665
ridge,25.0,2022-04-30_2023-03-31,12,-0.46155020188694273,-0.0433257664262765,-0.46155020188694273,-0.0433257664262765,-0.41822443546066623,0.35250361343788683,-1.5454545985792132,-0.47014950179000214,-0.052003665957635614,0.3333333333333333,-1.4596623452027198,1.157919997429844,-0.39736072037589276,0.9166666666666666
ridge,25.0,2022-05-31_2023-04-30,12,-0.40601612383938446,-0.07213752035282106,-0.40601612383938446,-0.07213752035282106,-0.3338786034865634,0.36448548460621083,-1.2258636234168034,-0.47014950179000214,-0.07596598010903766,0.4166666666666667,-1.0176507582639553,0.2549192407204149,-0.35357115026151575,0.9166666666666665
ridge,25.0,2022-06-30_2023-05-31,12,-0.504354939795254,-0.0361282154897381,-0.504354939795254,-0.0361282154897381,-0.468226724305516,0.4173174890278427,-1.429745971819884,-0.5806713003339622,-0.07596598010903755,0.4166666666666667,-1.3134222742156936,-0.4237292043047695,-0.4660137320706693,0.9166666666666665
ridge,25.0,2022-07-31_2023-06-30,12,-0.5608356046604586,-0.0028433046031512976,-0.5608356046604586,-0.0028433046031512976,-0.5579923000573073,0.3642233040162365,-1.9995581172035577,-0.5806713003339623,-0.07596598010903743,0.3333333333333333,-1.9494646088437568,-0.01806509583505117,-0.5282554965891626,0.9166666666666665
ridge,25.0,2022-08-31_2023-07-31,12,-0.5860690759304867,-0.031389184091800915,-0.5860690759304867,-0.031389184091800915,-0.5546798918386859,0.3540375621720529,-2.223158686296289,-0.5203732731243622,-0.0655917893195096,0.3333333333333333,-2.0454531559113702,-0.577588440997629,-0.564914591528042,0.9166666666666666
ridge,25.0,2022-09-30_2023-08-31,12,-0.45074857865478146,-0.014331580574544756,-0.45074857865478146,-0.014331580574544756,-0.4364169980802367,0.3749238007790492,-1.371334173754847,-0.5203732731243624,-0.06559178931950937,0.4166666666666667,-1.269488995161873,-1.028747366815947,-0.41633672785206144,0.9444444444444443
ridge,25.0,2022-10-31_2023-09-30,12,-0.4900991210143526,-0.04883569016310929,-0.4900991210143526,-0.04883569016310929,-0.4412634308512433,0.36628151444961565,-1.6053046322321018,-0.5203732731243624,-0.06327241269436523,0.3333333333333333,-1.3844482767138306,-1.10294977366109,-0.482066972897785,0.9722222222222222
ridge,25.0,2022-11-30_2023-10-31,12,-0.4991161957196013,-8.074453772832779e-05,-0.4991161957196013,-8.074453772832779e-05,-0.499035451181873,0.3672504908371168,-1.6462837946746822,-0.5310178762455394,-0.04084242285001627,0.3333333333333333,-1.525340846950628,-0.9242918477447112,-0.4602583176538363,0.9722222222222222
ridge,25.0,2022-12-31_2023-11-30,12,-0.49599954079082986,0.06162621592425688,-0.49599954079082986,0.06162621592425688,-0.5576257567150867,0.36892925154409206,-1.621342326031343,-0.5310178762455393,-0.04084242285001627,0.3333333333333333,-1.7186197446682319,-0.27838021055819673,-0.44843381212311617,0.9999999999999999
ridge,25.0,2023-01-31_2023-12-31,12,-0.629801874482459,0.05389394652891433,-0.629801874482459,0.05389394652891433,-0.6836958210113733,0.40264032167224967,-2.166211619727168,-0.5578113615953593,-0.04084242285001627,0.25,-2.2680908281898455,0.15730558392617278,-0.5995108469163003,0.9999999999999999
ridge,25.0,2023-02-28_2024-01-31,12,-0.5507776467152415,0.06910062416905749,-0.5507776467152415,0.06910062416905749,-0.619878270884299,0.3986443315602053,-1.7396273169781562,-0.47231312429531813,-0.04084242285001627,0.3333333333333333,-1.888544413284476,0.20042208799716935,-0.5177919434765375,0.9999999999999999
ridge,25.0,2023-03-31_2024-02-29,12,-0.4733607576033414,0.07105311702696282,-0.4733607576033414,0.07105311702696282,-0.5444138746303042,0.3833147584360891,-1.4324514557752024,-0.4256994093680452,-0.04084242285001627,0.3333333333333333,-1.5778184394453239,-0.017298968856314285,-0.42920476723297274,0.9999999999999999
ridge,25.0,2023-04-30_2024-03-31,12,-0.3612449999638997,0.04605177038880415,-0.3612449999638997,0.04605177038880415,-0.40729677035270384,0.38662658314653003,-0.9383080768972645,-0.4256994093680452,-0.028914327222309355,0.4166666666666667,-1.034103369400202,-0.05482068742609514,-0.3062304365226497,0.9999999999999999
ridge,25.0,2023-05-31_2024-04-30,12,-0.52595951556796,0.05087612226469651,-0.52595951556796,0.05087612226469651,-0.5768356378326565,0.4200655718362237,-1.5068702886865963,-0.42604779512738145,-0.04720745865673304,0.3333333333333333,-1.7148919333068495,1.5758158603927896,-0.5224530602967792,0.9999999999999999
ridge,25.0,2023-06-30_2024-05-31,12,-0.3311613831173741,0.06029804021364593,-0.3311613831173741,0.06029804021364593,-0.39145942333102,0.37785443682358777,-0.8538288645926865,-0.42604779512738145,-0.04720745865673304,0.4166666666666667,-1.089463468546466,1.6727797836796192,-0.3523595733695941,0.9999999999999999
ridge,25.0,2023-07-31_2024-06-30,12,-0.1666035774339618,0.046802268590376395,-0.1666035774339618,0.046802268590376395,-0.2134058460243382,0.4835766123210299,-0.1464375890273932,-0.42604779512738133,-0.04720745865673304,0.5,-0.2653231068301114,2.7020970292748445,-0.18519470739773158,0.9999999999999999
ridge,25.0,2023-08-31_2024-07-31,12,0.4065540886313628,0.10318514893952901,0.4065540886313628,0.10318514893952901,0.30336893969183376,0.7943477849074121,0.7458992375900606,-0.42604779512738133,-0.04720745865673315,0.5833333333333334,0.6681260822413385,5.379756898692748,0.03919747743242108,0.972222222222222
ridge,25.0,2023-09-30_2024-08-31,12,0.32399759157957675,0.08473288946892565,0.32399759157957675,0.08473288946892565,0.2392647021106511,0.7917861431440699,0.6661912527960537,-0.40020290754964627,-0.04720745865673315,0.5833333333333334,0.6049523292655513,5.109000625943624,0.09018672918784221,0.972222222222222
ridge,25.0,2023-10-31_2024-09-30,12,1.017276017505266,0.12170948346779942,1.017276017505266,0.12170948346779942,0.8955665340374666,0.8847754976609008,1.162490893511507,-0.3753982751731849,-0.047207458656732815,0.6666666666666666,1.088984378898538,5.309693846852187,0.4739763574387035,0.972222222222222
ridge,25.0,2023-11-30_2024-10-31,12,0.9144802932064331,0.004734660022875703,0.9144802932064331,0.004734660022875703,0.9097456331835574,0.8954250980237856,1.0961729054407732,-0.3753982751731848,-0.07254414974326939,0.6666666666666666,1.1838919460816086,6.010680295516834,1.4284451015858721,0.9722222222222222
ridge,25.0,2023-12-31_2024-11-30,12,0.5696304720965621,-0.026522408525777696,0.5696304720965621,-0.026522408525777696,0.5961528806223398,0.9239090885331497,0.8594053083134906,-0.25280617715617726,-0.07702368625268241,0.5833333333333334,0.9613477179655096,6.647878077374514,1.4704170737557205,0.9722222222222222
ridge,25.0,2024-01-31_2024-12-31,12,0.8735095714730721,-0.013699490369203038,0.8735095714730721,-0.013699490369203038,0.8872090618422751,0.8812075118407171,1.0676274955415617,-0.32378959032634025,-0.07702368625268208,0.5833333333333334,1.1775257679782987,6.333921324383887,1.6047905518888679,0.9444444444444443
ridge,25.0,2024-02-29_2025-01-31,12,0.7447457177312282,-0.14290566323586873,0.7447457177312282,-0.14290566323586873,0.887651380967097,0.8893379364155393,0.9793571223434955,-0.3602476999539522,-0.18252959118595857,0.5833333333333334,1.2624348395247966,3.5793483702332933,2.687126204381779,0.9166666666666665
ridge,25.0,2024-03-31_2025-02-28,12,0.7860457106725169,-0.10676537761977256,0.7860457106725169,-0.10676537761977256,0.8928110882922895,0.8870663078825105,1.0080797925546263,-0.3602476999539522,-0.1825295911859588,0.5833333333333334,1.2348680811547414,3.1284070423662267,2.156552423400269,0.9166666666666665
ridge,25.0,2024-04-30_2025-03-31,12,0.675203927388156,-0.06461005552580057,0.675203927388156,-0.06461005552580057,0.7398139829139566,0.8905654387644029,0.9301520852791948,-0.36024769995395234,-0.18252959118595868,0.5,1.081468220640668,2.7473931333743535,1.5504484348497773,0.8888888888888887
ridge,25.0,2024-05-31_2025-04-30,12,1.2497446561691716,0.02942056800377868,1.2497446561691716,0.02942056800377868,1.220324088165393,0.8334766510917985,1.3138581171821617,-0.36024769995395234,-0.18252959118595857,0.5,1.360648105676038,2.0623616961706994,1.6237834641218352,0.8611111111111108
ridge,25.0,2024-06-30_2025-05-31,12,1.2743118676354817,-0.019239253194651806,1.2743118676354817,-0.019239253194651806,1.2935511208301333,0.8331674383725214,1.3283124495095884,-0.36024769995395234,-0.18252959118595835,0.5,1.438967984976419,2.0088346008506197,1.903409209524629,0.8333333333333331
ridge,25.0,2024-07-31_2025-06-30,12,0.8840828180447764,0.03150250800801424,0.8840828180447764,0.03150250800801424,0.8525803100367622,0.8091082370687807,1.0973724038144834,-0.3602476999539522,-0.1825295911859589,0.4166666666666667,1.1037192096118984,1.4994705118956617,1.1983556077269695,0.8333333333333331
ridge,25.0,2024-08-31_2025-07-31,12,0.11040812804395195,0.02082724764079913,0.11040812804395195,0.02082724764079913,0.08958088040315282,0.5420066333896718,0.40489121935738814,-0.36024769995395234,-0.1720911800730176,0.3333333333333333,0.3356698783245898,0.5312811292272172,0.2183531973747559,0.8611111111111112
ridge,25.0,2024-09-30_2025-08-31,12,0.14677541964537077,0.07082064647411035,0.14677541964537077,0.07082064647411035,0.07595477317126043,0.5447602922458994,0.46553797513400025,-0.3602476999539522,-0.1720911800730176,0.3333333333333333,0.3105515288210189,0.5873104780387766,0.2228945385838379,0.861111111111111
ridge,25.0,2024-10-31_2025-09-30,12,-0.015478893090766443,0.07787885846139209,-0.015478893090766443,0.07787885846139209,-0.09335775155215853,0.37776494556846746,0.12526766610923962,-0.2691757556591722,-0.11858833109117162,0.3333333333333333,-0.12550217590003715,0.641028339461172,-0.012186518381834821,0.861111111111111
ridge,25.0,2024-11-30_2025-10-31,12,0.18344383542394982,0.1960061542824556,0.18344383542394982,0.1960061542824556,-0.012562318858505783,0.352673847015842,0.6356961506780964,-0.14379337664871517,-0.11795970406671652,0.4166666666666667,0.07917436411475094,0.446433741416732,0.14565087566210178,0.861111111111111
ridge,25.0,2024-12-31_2025-11-30,12,0.7782520001207178,0.22133541890163522,0.7782520001207178,0.22133541890163522,0.5569165812190826,0.39226088428753675,1.6652174518607383,-0.053915333313497404,-0.11795970406671652,0.5,1.0702071608100618,0.3093411766963871,0.7722034077074571,0.861111111111111
ridge,25.0,2025-01-31_2025-12-31,12,2.1464918758493425,0.17166648362633885,2.1464918758493425,0.17166648362633885,1.9748253922230037,0.6416535927035188,2.1032119981504147,-0.04062977828746195,-0.03669877287899381,0.5833333333333334,1.6734757092158261,-0.6374060877112647,2.972464189306109,0.8888888888888888
ridge,25.0,2025-02-28_2026-01-31,12,1.3628668466839193,0.31334945156909844,1.3628668466839193,0.31334945156909844,1.049517395114821,0.7434828302122709,1.4982374051419889,-0.28953508183900356,-0.04758367670999886,0.5,1.043813068885913,-2.0954526728034493,3.9309494037695885,0.8611111111111112
ridge,25.0,2025-03-31_2026-02-28,12,0.8444813015068677,0.08257309459079365,0.8444813015068677,0.08257309459079365,0.7619082069160741,0.8021284155874002,1.1136465261639983,-0.44227357706229997,-0.18488813271044613,0.5,0.9881362493410569,0.4936356174985341,1.2601128342059988,0.8333333333333334
ridge,25.0,2025-04-30_2026-03-31,12,1.0292844603481979,0.028079656548997578,1.0292844603481979,0.028079656548997578,1.0012048037992003,0.7976167917262328,1.2450027270209922,-0.44227357706229997,-0.19546042589812018,0.5833333333333334,1.1900115219673821,0.5657746720337219,1.5318828463290552,0.8333333333333331
ridge,25.0,2025-05-31_2026-04-30,12,0.8162372121349,-0.14610708694572017,0.8162372121349,-0.14610708694572017,0.9623442990806201,0.8108014402041948,1.0895289361366414,-0.44227357706229997,-0.29138146686445754,0.6666666666666666,1.2880202641853142,0.8466626558002874,1.6006526362105462,0.8333333333333331
ridge,25.0,2025-06-30_2026-05-31,12,0.5895623976519404,-0.18541351506394133,0.5895623976519404,-0.18541351506394133,0.7749759127158817,0.8212221395535148,0.9119876853158266,-0.46165301859759655,-0.34737666250868915,0.6666666666666666,1.171218136457657,0.9463229190141114,1.4165359750680957,0.8055555555555555
ridge,25.0,2025-07-31_2026-06-30,12,0.35926592327270623,-0.1667764227923394,0.35926592327270623,-0.1667764227923394,0.5260423460650456,0.8365523115429362,0.7123087177133234,-0.5136556282481508,-0.34737666250868904,0.6666666666666666,0.8966300727211652,0.5420825126385694,0.9337905261947177,0.7777777777777778
ridge,25.0,2025-08-31_2026-07-31,11,0.41683147184444413,-0.20361006057922837,0.4624276672649792,-0.2199234939209873,0.6823511611859665,0.8712809175508429,0.7969623946882789,-0.513655628248151,-0.34737666250868904,0.7272727272727273,1.0614808369841473,0.6888883646805276,1.2582933188284748,0.7575757575757575
lightgbm,25.0,2015-01-31_2015-12-31,12,0.0,-0.12747006008062733,0.0,-0.12747006008062733,0.12747006008062733,0.0,,0.0,-0.2346154234110901,0.5,0.7954681733349814,0.0,0.0,0.0
lightgbm,25.0,2015-02-28_2016-01-31,12,0.0,-0.12464244015822579,0.0,-0.12464244015822579,0.12464244015822579,0.0,,0.0,-0.2346154234110902,0.5,0.7692360062999882,0.0,0.0,0.0
lightgbm,25.0,2015-03-31_2016-02-29,12,0.0,-0.12200466014015787,0.0,-0.12200466014015787,0.12200466014015787,0.0,,0.0,-0.1902603904171294,0.5,0.7474014716436923,0.0,0.0,0.0
lightgbm,25.0,2015-04-30_2016-03-31,12,0.0,-0.048726200591690305,0.0,-0.048726200591690305,0.048726200591690305,0.0,,0.0,-0.19026039041712928,0.5,0.2945970850581079,0.0,0.0,0.0
lightgbm,25.0,2015-05-31_2016-04-30,12,-0.022590373375573014,-0.08042168629585977,-0.022590373375573014,-0.08042168629585977,0.05783131292028676,0.022590373375573066,-0.9999999999999999,-0.022590373375573014,-0.13984875260474772,0.5,0.38401960759600384,0.0031898850565533926,-0.022123377242364906,0.08333333333333333
lightgbm,25.0,2015-06-30_2016-05-31,12,-0.016735700754987204,0.021583559353247406,-0.016735700754987204,0.021583559353247406,-0.03831926010823461,0.023891585501332326,-0.6948213911031911,-0.022590373375573014,-0.12048239811387595,0.4166666666666667,-0.3555256914412988,0.032233372594748934,-0.01740636315522992,0.13888888888888887
lightgbm,25.0,2015-07-31_2016-06-30,12,0.2562700205018056,0.08609325121736311,0.2562700205018056,0.08609325121736311,0.17017676928444248,0.28017798672602673,0.931736456539651,-0.022590373375573014,-0.06335332759593715,0.4166666666666667,0.618454724817403,0.5843929901460956,0.22878376847961368,0.2222222222222222
lightgbm,25.0,2015-08-31_2016-07-31,12,0.323337209648346,0.19435729107699262,0.323337209648346,0.19435729107699262,0.12897991857135338,0.2807416137922328,1.120026371363736,-0.022590373375573014,-0.010009943632593221,0.4166666666666667,0.4800822413273955,0.7318236667767695,0.19474185456858129,0.27777777777777773
lightgbm,25.0,2015-09-30_2016-08-31,12,0.17821287234156213,0.27010420996995776,0.17821287234156213,0.27010420996995776,-0.09189133762839563,0.3116279696938875,0.6571059277655675,-0.1096654248431117,-0.010009943632593332,0.3333333333333333,-0.13723958486646626,1.7739540134804184,-0.20585460198022965,0.3055555555555555
lightgbm,25.0,2015-10-31_2016-09-30,12,0.033615559957557384,0.2171792753369357,0.033615559957557384,0.2171792753369357,-0.18356371537937832,0.34167661770964824,0.24012945673984237,-0.2189325952436395,-0.010009943632593221,0.3333333333333333,-0.3787623837239528,2.6738093927735984,-0.369946965336305,0.3611111111111111
lightgbm,25.0,2015-11-30_2016-10-31,12,0.07430383675836683,0.15802517726789156,0.07430383675836683,0.15802517726789156,-0.08372134050952473,0.343082037262312,0.35388509941827717,-0.2189325952436395,-0.05046191183613391,0.3333333333333333,-0.09238684707520868,1.0938788119597052,-0.04359733750228678,0.4166666666666667
lightgbm,25.0,2015-12-31_2016-11-30,12,0.09005356527827657,0.15325670090751609,0.09005356527827657,0.15325670090751609,-0.06320313562923952,0.3429235857509296,0.39679984333513924,-0.2189325952436395,-0.05046191183613402,0.3333333333333333,-0.03477775098640759,1.1513236436009273,-0.03313439311441946,0.4444444444444444
lightgbm,25.0,2016-01-31_2016-12-31,12,0.49770548725568964,0.1471553785298949,0.49770548725568964,0.1471553785298949,0.35055010872579473,0.4981977884833907,1.0237826177692269,-0.2189325952436395,-0.05046191183613402,0.4166666666666667,0.7403544508164732,0.5686747368202704,0.5246127211544094,0.5
lightgbm,25.0,2016-02-29_2017-01-31,12,0.19753646557528182,0.12910312615333996,0.19753646557528182,0.12910312615333996,0.06843333942194185,0.5540351353504721,0.558858019688408,-0.2189325952436395,-0.05046191183613391,0.4166666666666667,0.33183033405964363,0.5097890225371771,0.2750728172602861,0.5555555555555556
lightgbm,25.0,2016-03-31_2017-02-28,12,0.47936059236474016,0.1492046756740173,0.47936059236474016,0.1492046756740173,0.33015591669072286,0.5908381922474822,0.9223566753874353,-0.2189325952436395,-0.05046191183613402,0.5,0.6884688193715166,1.0561347812100974,0.47208141973177775,0.6111111111111112
lightgbm,25.0,2016-04-30_2017-03-31,12,0.7714481695130331,0.17503808646495478,0.7714481695130331,0.17503808646495478,0.5964100830480783,0.6070499539719137,1.222972373331687,-0.2189325952436395,-0.05046191183613402,0.5,0.9631094747783684,1.125307233494126,0.7207157662801666,0.6666666666666666
lightgbm,25.0,2016-05-31_2017-04-30,12,0.8470917236768625,0.19627580709932912,0.8470917236768625,0.19627580709932912,0.6508159165775333,0.6021301532030857,1.3022802613853115,-0.2189325952436395,-0.05046191183613402,0.5833333333333334,1.0066726620193134,0.9640591546141849,0.8069857238786842,0.5833333333333334
lightgbm,25.0,2016-06-30_2017-05-31,12,0.7963274376574367,0.16211773486732262,0.7963274376574367,0.16211773486732262,0.6342097027901141,0.6057273384370089,1.2489022381914252,-0.2189325952436394,-0.05046191183613402,0.5833333333333334,1.0109988462370318,1.3797201648666977,0.7014810297617822,0.5555555555555556
lightgbm,25.0,2016-07-31_2017-06-30,12,0.36705802525192666,0.11985678631409691,0.36705802525192666,0.11985678631409691,0.24720123893782975,0.5631715876660043,0.8011286339299749,-0.21893259524363962,-0.05046191183613402,0.5,0.5945695098344834,0.5422958157403307,0.46491939904784974,0.49999999999999994
lightgbm,25.0,2016-08-31_2017-07-31,12,0.3834137556787016,0.08878533946639733,0.3834137556787016,0.08878533946639733,0.2946284162123043,0.5636977939315869,0.822738337191189,-0.20041925748060152,-0.05046191183613402,0.5,0.6667644395678077,0.5047530750961996,0.5101652125480516,0.49999999999999994
lightgbm,25.0,2016-09-30_2017-08-31,12,0.448384560957628,0.09996258200034913,0.448384560957628,0.09996258200034913,0.3484219789572789,0.5531482206136348,0.914021854980273,-0.2004192574806014,-0.05046191183613402,0.5,0.7326115487855814,0.19707225794976327,0.6106668401864885,0.49999999999999994
lightgbm,25.0,2016-10-31_2017-09-30,12,0.8947720321533494,0.1075588143605537,0.8947720321533494,0.1075588143605537,0.7872132177927957,0.5308707505556113,1.4616789539195738,-0.2004192574806014,-0.0004923640702735321,0.5833333333333334,1.2623330508865225,0.4489820709365867,1.0288657917275854,0.5
lightgbm,25.0,2016-11-30_2017-10-31,12,0.31373102589545665,0.1559996199134983,0.31373102589545665,0.1559996199134983,0.15773140598195834,0.6332478929326718,0.7220494612353517,-0.27936130314429386,-0.008932388259170088,0.5,0.5001660573200153,4.654613001642761,-0.20362832801939468,0.5
lightgbm,25.0,2016-12-31_2017-11-30,12,0.20078498380409404,0.19992461049678534,0.20078498380409404,0.19992461049678534,0.0008603733073087039,0.64270867859933,0.5756922466565324,-0.3316605702455858,-0.008932388259169977,0.5,0.2868513923316207,0.5636142764245001,0.3000540899711335,0.5277777777777778
lightgbm,25.0,2017-01-31_2017-12-31,12,0.26578555648586644,0.24773371905633135,0.26578555648586644,0.24773371905633135,0.01805183742953509,0.6886864332561903,0.6452544836567313,-0.33166057024558593,-0.008932388259170088,0.5,0.3295461075629291,3.8580549219949383,-0.35192382741272266,0.5555555555555556
lightgbm,25.0,2017-02-28_2018-01-31,12,0.8152750103210198,0.22472528642954592,0.8152750103210198,0.22472528642954592,0.5905497238914739,0.6441620697955333,1.2287025130123361,-0.33166057024558593,-0.008932388259170088,0.5833333333333334,0.9409119861088564,3.1705877182257876,0.144450156152357,0.5277777777777778
lightgbm,25.0,2017-03-31_2018-02-28,12,0.5649865266950291,0.11150665310004948,0.5649865266950291,0.11150665310004948,0.45347987359497965,0.6172607024780493,1.0063113647207103,-0.3316605702455858,-0.06307407298992962,0.5833333333333334,0.8419595999518008,1.142934976214509,0.6226714311699364,0.49999999999999994
lightgbm,25.0,2017-04-30_2018-03-31,12,0.4006057581339293,0.054403018339003184,0.4006057581339293,0.054403018339003184,0.3462027397949261,0.5973719301266612,0.829267823512354,-0.33166057024558593,-0.09250223900477905,0.5833333333333334,0.7371949417556829,0.7465244931457166,0.5576560265102661,0.5277777777777777
lightgbm,25.0,2017-05-31_2018-04-30,12,0.20211993870266576,0.042771960341875914,0.20211993870266576,0.042771960341875914,0.15934797836078984,0.6202319747340623,0.5658426721412854,-0.3316605702455858,-0.09416874157139277,0.5,0.4944568558522445,0.8400422257868784,0.35924921077790883,0.5833333333333333
lightgbm,25.0,2017-06-30_2018-05-31,12,0.34410423430659676,-0.005226881237519021,0.34410423430659676,-0.005226881237519021,0.3493311155441158,0.6206500884516469,0.7516429222758134,-0.33166057024558593,-0.12207676452647664,0.5833333333333334,0.7550290917606627,0.6838873746495432,0.5794204353582699,0.611111111111111
lightgbm,25.0,2017-07-31_2018-06-30,12,0.3853446561730931,0.0163507796990916,0.3853446561730931,0.0163507796990916,0.3689938764740015,0.6178714283245533,0.8033075025542679,-0.3316605702455858,-0.12207676452647676,0.5833333333333334,0.7693232425050454,0.5947806293179879,0.6054461154166155,0.611111111111111
lightgbm,25.0,2017-08-31_2018-07-31,12,0.18398515396942217,0.02633003466478856,0.18398515396942217,0.02633003466478856,0.1576551193046336,0.6304336531694981,0.5415312694113341,-0.33166057024558593,-0.12207676452647653,0.5,0.4895203760702132,0.47524048303102445,0.379330385719441,0.5833333333333334
lightgbm,25.0,2017-09-30_2018-08-31,12,0.5743881535236999,0.012828519177035869,0.5743881535236999,0.012828519177035869,0.561559634346664,0.6537108398745534,0.9924308067767174,-0.33166057024558593,-0.12207676452647664,0.5833333333333334,0.9587522543602174,0.3688953161619527,0.868402948319172,0.5833333333333333
lightgbm,25.0,2017-10-31_2018-09-30,12,0.26229334596730136,-0.028994428060318933,0.26229334596730136,-0.028994428060318933,0.2912877740276203,0.6577559439327727,0.6404531930309172,-0.12637608670867007,-0.12207676452647676,0.5,0.673862260905098,0.448058859240028,0.5278770726300435,0.611111111111111
lightgbm,25.0,2017-11-30_2018-10-31,12,1.0292426868697495,0.017470333624036494,1.0292426868697495,0.017470333624036494,1.011772353245713,0.5691595292552973,1.5094370730568194,-0.12637608670866995,-0.12207676452647676,0.5833333333333334,1.4643571539364948,0.4762488491499696,1.267728961393821,0.6388888888888888
lightgbm,25.0,2017-12-31_2018-11-30,12,1.1058357230408866,-0.025356283802123625,1.1058357230408866,-0.025356283802123625,1.1311920068430101,0.5604972894395522,1.5952189084859005,-0.12637608670866995,-0.12207676452647687,0.5833333333333334,1.6849948781667021,1.344852228915132,1.4295700696502869,0.6666666666666666
lightgbm,25.0,2018-01-31_2018-12-31,12,0.6223328336346587,-0.01099995180484914,0.6223328336346587,-0.01099995180484914,0.6333327854395079,0.39179447868107825,1.433334869383471,-0.12637608670867007,-0.12095719505337177,0.5833333333333334,1.4037064825900543,0.14569036851911799,0.7324192081645855,0.6388888888888888
lightgbm,25.0,2018-02-28_2019-01-31,12,0.4997763261788477,-0.023323412109537922,0.4997763261788477,-0.023323412109537922,0.5230997382883856,0.3769985216597384,1.2598143002188147,-0.12637608670866995,-0.06297476655901424,0.5833333333333334,1.2624934083702832,0.12910068282210743,0.5967193809166087,0.6666666666666666
lightgbm,25.0,2018-03-31_2019-02-28,12,0.34557758805904903,0.045204178762284775,0.34557758805904903,0.045204178762284775,0.30037340929676426,0.3847626605029099,0.949805581229933,-0.12637608670867007,-0.032589089243883484,0.5,0.8186204243454326,0.3931907330464185,0.4070653331199108,0.7222222222222222
lightgbm,25.0,2018-04-30_2019-03-31,12,0.03664248567405126,0.07686204312787948,0.03664248567405126,0.07686204312787948,-0.040219557453828214,0.431807099957867,0.2765184711248839,-0.2111113795461752,-0.031039511736595693,0.4166666666666667,0.09822820080258922,0.9364320280721478,0.047597566386516466,0.7222222222222222
lightgbm,25.0,2018-05-31_2019-04-30,12,0.07408547707787605,0.03769148450195714,0.07408547707787605,0.03769148450195714,0.03639399257591891,0.42205881956043584,0.3577630124393335,-0.2850197430137652,-0.04957195403333192,0.4166666666666667,0.26922821964292715,1.1510774805029171,0.10832012319160689,0.7222222222222222
lightgbm,25.0,2018-06-30_2019-05-31,12,0.05476729350613141,0.09645960452265201,0.05476729350613141,0.09645960452265201,-0.0416923110165206,0.41836623052593136,0.31389377001801383,-0.2850197430137653,-0.04957195403333203,0.4166666666666667,0.08964140524361801,1.826347369325774,-0.04371991061749292,0.6944444444444445
lightgbm,25.0,2018-07-31_2019-06-30,12,0.04985786029064343,0.07648721996967378,0.04985786029064343,0.07648721996967378,-0.02662935967903035,0.41849899313819533,0.302648184150216,-0.2850197430137652,-0.04957195403333203,0.4166666666666667,0.12569211721791362,1.9124872187241428,-0.021704489451046194,0.75
lightgbm,25.0,2018-08-31_2019-07-31,12,0.2959620076193903,0.051509897202665744,0.2959620076193903,0.051509897202665744,0.24445211041672454,0.4175942923879439,0.814720630482091,-0.2850197430137651,-0.04957195403333203,0.5,0.731994454512095,1.7825788698919285,0.27280728000640253,0.7777777777777777
lightgbm,25.0,2018-09-30_2019-08-31,12,0.014072311082324873,0.032217370272061396,0.014072311082324873,0.032217370272061396,-0.018145059189736523,0.3505168138943459,0.20145035435632946,-0.2850197430137652,-0.05569706120271434,0.4166666666666667,0.11318352249874693,2.073394209675469,-0.003914070020949678,0.8333333333333331
lightgbm,25.0,2018-10-31_2019-09-30,12,-0.21188097072983336,0.0680196854801034,-0.21188097072983336,0.0680196854801034,-0.27990065620993676,0.4508327996491153,-0.2981441057964886,-0.4024002033742018,-0.05569706120271445,0.4166666666666667,-0.479525720579602,1.8086426429866276,-0.23165211122035456,0.8333333333333334
lightgbm,25.0,2018-11-30_2019-10-31,12,-0.3002721675222243,-0.007313909877188718,-0.3002721675222243,-0.007313909877188718,-0.2929582576450356,0.41476278480815215,-0.6373350351412751,-0.4024002033742019,-0.07977064350808971,0.4166666666666667,-0.6372214988823096,0.759247030110415,-0.23249651255507697,0.8333333333333334
lightgbm,25.0,2018-12-31_2019-11-30,12,-0.43331162791381295,0.01695714726683817,-0.43331162791381295,0.01695714726683817,-0.4502687751806511,0.46012679568002346,-0.97218922826786,-0.5209021650500609,-0.07977064350808971,0.4166666666666667,-0.9810379903661108,-0.3034068105029081,-0.36179253672684963,0.8333333333333334
lightgbm,25.0,2019-01-31_2019-12-31,12,-0.7091266428464902,-0.0907583313333864,-0.7091266428464902,-0.0907583313333864,-0.6183683115131038,0.5703171628291257,-1.736592887397743,-0.7256071515817353,-0.08173242622854304,0.3333333333333333,-1.591017749037494,0.7547366847508136,-0.6170072633804358,0.8333333333333331
lightgbm,25.0,2019-02-28_2020-01-31,12,-0.7818211674285622,-0.15374678206850467,-0.7818211674285622,-0.15374678206850467,-0.6280743853600576,0.55948615677663,-2.2437326730491285,-0.7716626849963344,-0.157070533612218,0.25,-2.019500633065796,1.0782542475081316,-0.6790985767637442,0.861111111111111
lightgbm,25.0,2019-03-31_2020-02-29,12,-0.7768713686197237,-0.2983301643039218,-0.7768713686197237,-0.2983301643039218,-0.47854120431580194,0.562439563774724,-2.193408637230643,-0.7525499450972679,-0.2968733323797681,0.3333333333333333,-1.5265056473717635,0.058305873017576504,-0.722062024995509,0.8055555555555555
lightgbm,25.0,2019-04-30_2020-03-31,12,-0.7544242810578341,-0.26938100433105683,-0.7544242810578341,-0.26938100433105683,-0.48504327672677733,0.5570154183820986,-2.065654105058437,-0.7751475391915461,-0.2897384073692094,0.3333333333333333,-1.4707460754267407,0.11178690866702322,-0.6908425086587607,0.7777777777777777
lightgbm,25.0,2019-05-31_2020-04-30,12,-0.6249643165069297,-0.23441422140073764,-0.6249643165069297,-0.23441422140073764,-0.3905500951061921,0.7354116738156463,-0.9148898673560977,-0.7751475391915461,-0.2897384073692094,0.4166666666666667,-0.5824601931628466,0.45119062428149087,-0.4383738646807591,0.8055555555555555
lightgbm,25.0,2019-06-30_2020-05-31,12,-0.6593241002043655,-0.22854562482453433,-0.6593241002043655,-0.22854562482453433,-0.4307784753798312,0.722868879924653,-1.066912713607119,-0.7751475391915461,-0.2897384073692095,0.3333333333333333,-0.7322272355089245,0.3426963835937976,-0.5090420782747478,0.861111111111111
lightgbm,25.0,2019-07-31_2020-06-30,12,-0.7293825588309721,-0.1941752572672133,-0.7293825588309721,-0.1941752572672133,-0.5352073015637588,0.7327841624183989,-1.3324105701585671,-0.7751475391915462,-0.2827760862119635,0.3333333333333333,-1.0335728532624913,0.07096134065751025,-0.633480595531738,0.8333333333333331
lightgbm,25.0,2019-08-31_2020-07-31,12,-0.7299680837126737,-0.1722348942847023,-0.7299680837126737,-0.1722348942847023,-0.5577331894279715,0.7320416823885151,-1.3370859462271603,-0.7681695930332113,-0.27948217627529803,0.3333333333333333,-1.0834683844142448,0.18991066806688858,-0.6274309676803469,0.8333333333333331
lightgbm,25.0,2019-09-30_2020-08-31,12,-0.764126317832482,-0.21057570090232802,-0.764126317832482,-0.21057570090232802,-0.553550616930154,0.732912407892169,-1.5028974537842397,-0.6848175233542455,-0.27948217627529803,0.3333333333333333,-1.1913757942429084,0.26477062882174807,-0.6653859368067856,0.8055555555555554
lightgbm,25.0,2019-10-31_2020-09-30,12,-0.6766645980214124,-0.1766274605970889,-0.6766645980214124,-0.1766274605970889,-0.5000371374243235,0.7041050491904032,-1.1877857448531226,-0.6856419057525407,-0.2794821762752979,0.3333333333333333,-0.9450401962933306,0.42192172677469575,-0.5472074312975828,0.7222222222222222
lightgbm,25.0,2019-11-30_2020-10-31,12,-0.6622603574908519,-0.06643817837031618,-0.6622603574908519,-0.06643817837031618,-0.5958221791205358,0.7125208902260665,-1.1094479184182466,-0.5966895352709853,-0.2794821762752979,0.25,-1.0782345357558891,0.6304030953979933,-0.5477983745168999,0.6944444444444445
lightgbm,25.0,2019-12-31_2020-11-30,12,-0.41530646398013993,-0.050871312509224054,-0.41530646398013993,-0.050871312509224054,-0.3644351514709159,0.8001008095839067,-0.27568792216465765,-0.29580828517153557,-0.2358764964179022,0.3333333333333333,-0.27338704984682227,1.1601985811191768,-0.18210330082904436,0.6944444444444445
lightgbm,25.0,2020-01-31_2020-12-31,12,-0.03280275066160232,-0.013079995771551722,-0.03280275066160232,-0.013079995771551722,-0.019722754890050598,0.6680463033611785,0.2306695327684356,-0.2793953537592899,-0.16758179221927783,0.3333333333333333,0.2129080594364128,0.8361385945982204,0.14708084945838396,0.7222222222222222
lightgbm,25.0,2020-02-29_2021-01-31,12,0.6168447361069975,0.14471568274700242,0.6168447361069975,0.14471568274700242,0.4721290533599951,0.6912571640423748,0.9955387323097205,-0.2793953537592899,-0.07033476780972703,0.4166666666666667,0.7890650399775638,0.8228480440557722,0.7147537114937952,0.6944444444444445
lightgbm,25.0,2020-03-31_2021-02-28,12,0.24191160203447049,0.3187076559568369,0.24191160203447049,0.3187076559568369,-0.07679605392236644,0.7541989224523403,0.6120019190255986,-0.2793953537592899,-0.07033476780972703,0.3333333333333333,0.24282169912700793,2.016683079317401,-0.1210912100167334,0.6944444444444445
lightgbm,25.0,2020-04-30_2021-03-31,12,0.42153799195233566,0.2712264885896778,0.42153799195233566,0.2712264885896778,0.15031150336265786,0.7408595673758859,0.8004211768303361,-0.2793953537592898,-0.07033476780972714,0.4166666666666667,0.4982450980433639,2.0914734064145497,0.061061898416190585,0.6944444444444443
lightgbm,25.0,2020-05-31_2021-04-30,12,0.0387679212230716,0.2511461011810818,0.0387679212230716,0.2511461011810818,-0.21237817995801023,0.644694268378365,0.34173099702085313,-0.26152707186088897,-0.07033476780972703,0.4166666666666667,-0.03359218058164735,2.232867996456595,-0.27237598097342886,0.6944444444444443
lightgbm,25.0,2020-06-30_2021-05-31,12,-0.08759223592519039,0.22018559574957508,-0.08759223592519039,0.22018559574957508,-0.30777783167476547,0.6638838907259309,0.15305551250313937,-0.32323613560997,-0.07033476780972703,0.4166666666666667,-0.1933151758598033,2.327042215422954,-0.33119815508393746,0.6944444444444443
lightgbm,25.0,2020-07-31_2021-06-30,12,0.622591092690181,0.1787337447456181,0.622591092690181,0.1787337447456181,0.4438573479445629,0.7282385300796934,0.9864357871217785,-0.3232361356099699,-0.07033476780972703,0.5,0.8454384863494001,2.719145055319208,0.2612269887258325,0.7222222222222222
lightgbm,25.0,2020-08-31_2021-07-31,12,0.44392095819765554,0.17406019021811336,0.44392095819765554,0.17406019021811336,0.26986076797954217,0.7271862752952578,0.8179373609516933,-0.32323613560997,-0.0471551797914731,0.4166666666666667,0.6594919755231827,2.7159178301266333,0.12939908040277603,0.7222222222222222
lightgbm,25.0,2020-09-30_2021-08-31,12,0.8314659594963745,0.29094300690606567,0.8314659594963745,0.29094300690606567,0.5405229525903088,0.6929018687737704,1.1865782630345945,-0.3232361356099699,-0.0471551797914731,0.5,0.8888790825616563,2.8658782046948224,0.059948962039842346,0.6944444444444445
lightgbm,25.0,2020-10-31_2021-09-30,12,1.9779096072838,0.285307502281577,1.9779096072838,0.285307502281577,1.692602105002223,0.8593801220219451,1.6707547096213762,-0.3232361356099699,-0.04715517979147299,0.5833333333333334,1.500027312611084,3.8915038366582624,0.5060103492877905,0.75
lightgbm,25.0,2020-11-30_2021-10-31,12,1.7643000970092775,0.164192612882329,1.7643000970092775,0.164192612882329,1.6001074841269485,0.8672288107571999,1.5667684492537268,-0.32323613560997,-0.04715517979147299,0.6666666666666666,1.5409233853000026,6.149276650384312,0.45687129094505763,0.7499999999999999
lightgbm,25.0,2020-12-31_2021-11-30,12,1.083404403664726,0.10075285366229347,1.083404403664726,0.10075285366229347,0.9826515500024324,0.8314521808013778,1.2344340938536167,-0.3232361356099699,-0.04715517979147321,0.6666666666666666,1.2244100659481367,6.697974674338582,0.4141507734832821,0.6944444444444443
lightgbm,25.0,2021-01-31_2021-12-31,12,0.9504187116906284,0.1311417024200292,0.9504187116906284,0.1311417024200292,0.8192770092705992,0.8445085064024505,1.143741232674267,-0.32323613560997,-0.04715517979147299,0.6666666666666666,1.0817679004723197,6.956471000201604,0.07952385524041872,0.6666666666666666
lightgbm,25.0,2021-02-28_2022-01-31,12,1.4701034187221964,0.1035559333431273,1.4701034187221964,0.1035559333431273,1.3665474853790691,1.0152912720538088,1.3001823758044087,-0.14289718451483158,-0.008710521467504728,0.6666666666666666,1.2797486967789127,10.301064869284911,0.3072268975468355,0.6944444444444443
lightgbm,25.0,2021-03-31_2022-02-28,12,2.024480717814578,0.1814244316261513,2.024480717814578,0.1814244316261513,1.8430562861884268,0.9628562143546538,1.5459438064383015,-0.14289718451483158,-0.008710521467504728,0.6666666666666666,1.4322157587692166,11.389892523428546,-0.3627284416583867,0.6944444444444443
lightgbm,25.0,2021-04-30_2022-03-31,12,2.053751819644943,0.2056999327796627,2.053751819644943,0.2056999327796627,1.8480518868652804,0.961951112945992,1.557862758491651,-0.14289718451483158,-0.008710521467504728,0.6666666666666666,1.4193327462942533,11.310629589446748,-0.48821742301080884,0.6388888888888888
lightgbm,25.0,2021-05-31_2022-04-30,12,2.042100192731331,0.20202014645819677,2.042100192731331,0.20202014645819677,1.8400800462731342,0.9624553350784852,1.553037037207936,-0.11306944464693125,-0.011058901373715124,0.6666666666666666,1.41829454223226,10.92761157083213,-0.4301864852015306,0.5833333333333333
lightgbm,25.0,2021-06-30_2022-05-31,12,2.349062846692291,0.1547230806668567,2.349062846692291,0.1547230806668567,2.1943397660254345,0.9398572961951215,1.682398611728353,-0.11306944464693125,-0.04389760737316839,0.6666666666666666,1.6080846911759608,7.844469252940299,0.5175188915057414,0.5277777777777777
lightgbm,25.0,2021-07-31_2022-06-30,12,2.0443793106089125,0.14515293481688385,2.0443793106089125,0.14515293481688385,1.8992263757920287,0.9067475617617189,1.602451534334587,-0.11306944464693125,-0.04389760737316839,0.6666666666666666,1.5302704201833046,7.512147286016734,0.494161109539323,0.49999999999999994
lightgbm,25.0,2021-08-31_2022-07-31,12,2.5198473559094072,0.16719366722844042,2.5198473559094072,0.16719366722844042,2.3526536886809666,0.8971286986590864,1.7934786007380232,-0.11306944464693125,-0.04389760737316839,0.75,1.7105936874604057,7.102446185650135,0.6053288214155326,0.5
lightgbm,25.0,2021-09-30_2022-08-31,12,1.7231547494654684,0.11990803732841937,1.7231547494654684,0.11990803732841937,1.603246712137049,0.9463431479442715,1.443189895206812,-0.16862768466247124,-0.04389760737316817,0.6666666666666666,1.404942137475011,7.638213434015752,0.5871127499084496,0.5
lightgbm,25.0,2021-10-31_2022-09-30,12,0.928681934453331,0.07700156092153554,0.928681934453331,0.07700156092153554,0.8516803735317955,0.7903787517628712,1.139620133952536,-0.16862768466247124,-0.04389760737316828,0.6666666666666666,1.099678305682598,6.143902703171581,0.5224183384173788,0.5
lightgbm,25.0,2021-11-30_2022-10-31,12,1.0397398197307424,0.0837751064100245,1.0397398197307424,0.0837751064100245,0.9559647133207179,0.7862918253270348,1.2185794142194013,-0.16862768466247124,-0.04389760737316839,0.6666666666666666,1.1725985572838675,6.126874702903368,0.552889266094647,0.5
lightgbm,25.0,2021-12-31_2022-11-30,12,1.209825349375735,0.04089310124175727,1.209825349375735,0.04089310124175727,1.1689322481339777,0.7834651991029,1.3312170885210792,-0.16862768466247124,-0.052330809109684795,0.6666666666666666,1.34165261090433,4.679690934390781,1.2522630479372858,0.5277777777777778
lightgbm,25.0,2022-01-31_2022-12-31,12,1.8910165811740423,0.03139589518781816,1.8910165811740423,0.03139589518781816,1.859620685986224,0.7545023353407839,1.7446780315210242,-0.16862768466247124,-0.0538908420070876,0.75,1.796784395734686,4.770585544899326,2.0078861776068364,0.5555555555555556
lightgbm,25.0,2022-02-28_2023-01-31,12,0.5703044748919668,-0.006523085673795559,0.5703044748919668,-0.006523085673795559,0.5768275605657623,0.4451027882916418,1.2297004389937498,-0.16862768466247124,-0.053890842007087936,0.6666666666666666,1.27892761900022,1.6151998927029299,0.7184697618319926,0.5555555555555555
lightgbm,25.0,2022-03-31_2023-02-28,12,0.5552545092127115,-0.03763942955797195,0.5552545092127115,-0.03763942955797195,0.5928939387706834,0.44791343387517846,1.2023190965982782,-0.16862768466247124,-0.05860315994470999,0.6666666666666666,1.3599587169943967,2.8753591293676726,0.8699899631104173,0.611111111111111
lightgbm,25.0,2022-04-30_2023-03-31,12,0.43050180273585914,-0.0433257664262765,0.43050180273585914,-0.0433257664262765,0.47382756916213564,0.45469698763864375,0.9991195102076341,-0.1960751433250708,-0.052003665957635614,0.5833333333333334,1.1447820943594218,2.6459538584823186,0.7385454950304917,0.6388888888888888
lightgbm,25.0,2022-05-31_2023-04-30,12,0.1497690031971537,-0.07213752035282106,0.1497690031971537,-0.07213752035282106,0.22190652354997475,0.5088442400864746,0.5042166770050778,-0.3489670008743453,-0.07596598010903766,0.5,0.6932014196773247,3.495023381673029,0.6449860404201662,0.6388888888888888
lightgbm,25.0,2022-06-30_2023-05-31,12,0.2233727279073956,-0.0361282154897381,0.2233727279073956,-0.0361282154897381,0.2595009433971337,0.5023134591876908,0.6310255255041919,-0.3489670008743452,-0.07596598010903755,0.5,0.7448093183398391,3.5263055402496617,0.5383715410430314,0.6944444444444443
lightgbm,25.0,2022-07-31_2023-06-30,12,-0.41049296822923487,-0.0028433046031512976,-0.41049296822923487,-0.0028433046031512976,-0.40764966362608357,0.5694364196613155,-0.6088674973163163,-0.5965525664245459,-0.07596598010903743,0.4166666666666667,-0.5988280977485372,-0.34740094551168627,-0.29652855421687363,0.722222222222222
lightgbm,25.0,2022-08-31_2023-07-31,12,-0.46906835643622935,-0.031389184091800915,-0.46906835643622935,-0.031389184091800915,-0.43767917234442844,0.5399045277005005,-0.8546577800262373,-0.5965525664245459,-0.0655917893195096,0.4166666666666667,-0.7699904723804715,-1.6234664941771428,-0.4055565366436418,0.7499999999999999
lightgbm,25.0,2022-09-30_2023-08-31,12,-0.5358395075965889,-0.014331580574544756,-0.5358395075965889,-0.014331580574544756,-0.5215079270220442,0.576302230640965,-0.9821042104132091,-0.6950818530615017,-0.06559178931950937,0.4166666666666667,-0.9233252497366305,-2.180050986981621,-0.45520544669553753,0.8055555555555555
lightgbm,25.0,2022-10-31_2023-09-30,12,-0.5274017172243235,-0.04883569016310929,-0.5274017172243235,-0.04883569016310929,-0.4785660270612142,0.5834625877032623,-0.9348792532357441,-0.6950818530615017,-0.06327241269436523,0.4166666666666667,-0.804518938220492,-3.251883814781612,-0.5135384972097692,0.8055555555555555
lightgbm,25.0,2022-11-30_2023-10-31,12,-0.17007677648630237,-8.074453772832779e-05,-0.17007677648630237,-8.074453772832779e-05,-0.16999603194857404,1.0727193797952588,0.23492325682692547,-0.6950818530615016,-0.04084242285001627,0.4166666666666667,0.23653233035011886,3.4150924622816268,0.2670426285220613,0.8333333333333331
lightgbm,25.0,2022-12-31_2023-11-30,12,-0.15356286882158088,0.06162621592425688,-0.15356286882158088,0.06162621592425688,-0.21518908474583776,1.0747429811429823,0.25487999329963945,-0.6950818530615017,-0.04084242285001627,0.4166666666666667,0.20125897641179485,4.474786719561568,-0.010169934172320483,0.861111111111111
lightgbm,25.0,2023-01-31_2023-12-31,12,-0.22479572328553654,0.05389394652891433,-0.22479572328553654,0.05389394652891433,-0.27868966981445087,1.065510282708504,0.16544323089574467,-0.6665201371949687,-0.04084242285001627,0.4166666666666667,0.1159024162795697,4.428110979512277,-0.07032964045695889,0.861111111111111
lightgbm,25.0,2023-02-28_2024-01-31,12,-0.015508320244090545,0.06910062416905749,-0.015508320244090545,0.06910062416905749,-0.08460894441314804,1.068741424144824,0.3959196225042396,-0.6336336725345447,-0.04084242285001627,0.5,0.3394584320089241,4.493720356393576,0.11084640478103336,0.861111111111111
lightgbm,25.0,2023-03-31_2024-02-29,12,0.5115354243170867,0.07105311702696282,0.5115354243170867,0.07105311702696282,0.44048230729012383,1.1165736184608823,0.815375723384582,-0.6207131246076232,-0.04084242285001627,0.5833333333333334,0.7670157163412734,3.835444857236972,0.8521093663808572,0.861111111111111
lightgbm,25.0,2023-04-30_2024-03-31,12,0.6187147841349232,0.04605177038880415,0.6187147841349232,0.04605177038880415,0.572663013746119,1.111305325974448,0.8808732506468755,-0.5335024518461207,-0.028914327222309355,0.6666666666666666,0.8570668218439386,4.065692364752679,1.130446188843257,0.8888888888888887
lightgbm,25.0,2023-05-31_2024-04-30,12,1.0962389037930422,0.05087612226469651,1.0962389037930422,0.05087612226469651,1.0453627815283457,1.0725775598497118,1.135411728269719,-0.5335024518461208,-0.04720745865673304,0.75,1.1020696844837377,2.714019020684027,1.795874217369318,0.8888888888888888
lightgbm,25.0,2023-06-30_2024-05-31,12,1.13957312153462,0.06029804021364593,1.13957312153462,0.06029804021364593,1.0792750813209742,1.0707187524558863,1.1567669467550101,-0.27318292677486333,-0.04720745865673304,0.8333333333333334,1.1143661780025027,2.5854862414914868,1.8069547788750508,0.861111111111111
lightgbm,25.0,2023-07-31_2024-06-30,12,3.2115220020512485,0.046802268590376395,3.2115220020512485,0.046802268590376395,3.1647197334608723,0.9327058570160739,1.968789957515074,-0.27318292677486333,-0.04720745865673304,0.9166666666666666,2.007309266399913,6.137354039001381,3.243008634769783,0.8333333333333331
lightgbm,25.0,2023-08-31_2024-07-31,12,12.069650704329982,0.10318514893952901,12.069650704329982,0.10318514893952901,11.966465555390453,2.261285146908776,1.779266739129302,0.0,-0.04720745865673315,0.9166666666666666,1.785621845765353,15.678975603676811,7.982082775407699,0.8055555555555554
lightgbm,25.0,2023-09-30_2024-08-31,12,13.03100952220149,0.08473288946892565,13.03100952220149,0.08473288946892565,12.946276632732564,2.2461731983315847,1.8150388542491367,-0.21972074801188723,-0.04720745865673315,0.9166666666666666,1.8341265630179064,15.602141491650364,10.708522917733168,0.7777777777777777
lightgbm,25.0,2023-10-31_2024-09-30,12,16.18445475440208,0.12170948346779942,16.18445475440208,0.12170948346779942,16.06274527093428,2.237131530266715,1.9378483271043128,-0.21972074801188723,-0.047207458656732815,0.9166666666666666,1.9429534642304396,17.116054996100736,7.137174899920737,0.7777777777777777
lightgbm,25.0,2023-11-30_2024-10-31,12,8.993330357494512,0.004734660022875703,8.993330357494512,0.004734660022875703,8.988595697471636,2.18524194374101,1.6291705111560297,-0.21972074801188723,-0.07254414974326939,0.9166666666666666,1.674577005052993,12.554749204921091,19.48190334645543,0.7499999999999999
lightgbm,25.0,2023-12-31_2024-11-30,12,6.329656036289423,-0.026522408525777696,6.329656036289423,-0.026522408525777696,6.356178444815201,2.2311482551302944,1.4614037435245941,-0.21972074801188723,-0.07702368625268241,0.8333333333333334,1.5169747410210626,14.140405452426696,21.76129665458329,0.7222222222222222
lightgbm,25.0,2024-01-31_2024-12-31,12,4.917538776261865,-0.013699490369203038,4.917538776261865,-0.013699490369203038,4.931238266631068,2.2612635855151564,1.3514010525839228,-0.2928780246166347,-0.07702368625268208,0.75,1.395123231195876,13.805945464116435,15.7575194709908,0.6944444444444445
lightgbm,25.0,2024-02-29_2025-01-31,12,4.165623370172676,-0.14290566323586873,4.165623370172676,-0.14290566323586873,4.308529033408544,2.272700512664064,1.279677891287106,-0.2928780246166347,-0.18252959118595857,0.75,1.3879547293421914,7.520130068430677,29.970164123990756,0.6944444444444445
lightgbm,25.0,2024-03-31_2025-02-28,12,2.4539463441955793,-0.10676537761977256,2.4539463441955793,-0.10676537761977256,2.560711721815352,2.285353105874585,1.0699619968184788,-0.3302099388869133,-0.1825295911859588,0.6666666666666666,1.1471149512474124,6.185880835701001,14.294815057517846,0.6111111111111112
lightgbm,25.0,2024-04-30_2025-03-31,12,3.062998620563058,-0.06461005552580057,3.062998620563058,-0.06461005552580057,3.1276086760888586,2.2778753391099964,1.153551628194698,-0.3302099388869133,-0.18252959118595868,0.6666666666666666,1.2121594245379972,5.696988789655338,12.748220929873897,0.638888888888889
lightgbm,25.0,2024-05-31_2025-04-30,12,3.1408184364077965,0.02942056800377868,3.1408184364077965,0.02942056800377868,3.1113978684040178,2.2763255826893216,1.1631610165564243,-0.3302099388869133,-0.18252959118595857,0.6666666666666666,1.1739580837188375,4.686380904927099,8.231750608128975,0.6944444444444443
lightgbm,25.0,2024-06-30_2025-05-31,12,3.0238758893965247,-0.019239253194651806,3.0238758893965247,-0.019239253194651806,3.0431151425911764,2.2792246656705393,1.1489840728567438,-0.3302099388869133,-0.18252959118595835,0.6666666666666666,1.1834856603020552,4.848738464450531,9.854246538458968,0.6944444444444443
lightgbm,25.0,2024-07-31_2025-06-30,12,2.1781327664030825,0.03150250800801424,2.1781327664030825,0.03150250800801424,2.146630258395068,2.2938819384630347,1.030318631555297,-0.3302099388869133,-0.1825295911859589,0.5833333333333334,1.0321656913770318,3.5387024106000218,6.4710665625804245,0.7222222222222222
lightgbm,25.0,2024-08-31_2025-07-31,12,0.7352787691658256,0.02082724764079913,0.7352787691658256,0.02082724764079913,0.7144515215250264,0.9588391619785689,0.9369658201357721,-0.3302099388869133,-0.1720911800730176,0.5833333333333334,0.9224176602941562,1.1645285080470866,1.2815406004642633,0.7222222222222222
lightgbm,25.0,2024-09-30_2025-08-31,12,0.4969370726752269,0.07082064647411035,0.4969370726752269,0.07082064647411035,0.42611642620111656,0.9998707826200617,0.7913298995994202,-0.3302099388869134,-0.1720911800730176,0.5833333333333334,0.7098919593620168,0.6826361746965773,1.0356909614754488,0.6944444444444445
lightgbm,25.0,2024-10-31_2025-09-30,12,0.16809428934488357,0.07787885846139209,0.16809428934488357,0.07787885846139209,0.09021543088349149,0.9299173457651688,0.5183013583940358,-0.3302099388869133,-0.11858833109117162,0.5833333333333334,0.42209293751439503,0.7029761832371931,0.5061750629906023,0.7222222222222222
lightgbm,25.0,2024-11-30_2025-10-31,12,0.10343368181578905,0.1960061542824556,0.10343368181578905,0.1960061542824556,-0.09257247246666656,0.9292434630009888,0.45451227754464196,-0.32689262377030615,-0.11795970406671652,0.5,0.24731595368992945,0.8807010375043159,0.2805324869242012,0.7499999999999999
lightgbm,25.0,2024-12-31_2025-11-30,12,0.6900342962454551,0.22133541890163522,0.6900342962454551,0.22133541890163522,0.4686988773438199,0.9239956506881336,0.9312913932577264,-0.32689262377030615,-0.11795970406671652,0.5833333333333334,0.7022787442541922,0.7174384511541932,0.9836381276964234,0.7499999999999999
lightgbm,25.0,2025-01-31_2025-12-31,12,1.0629594127435715,0.17166648362633885,1.0629594127435715,0.17166648362633885,0.8912929291172327,0.8951614566417349,1.1727774872120542,-0.32689262377030615,-0.03669877287899381,0.6666666666666666,0.9815168450956376,0.6270797893524442,1.4705200346882643,0.7777777777777777
lightgbm,25.0,2025-02-28_2026-01-31,12,1.6644545143662794,0.31334945156909844,1.6644545143662794,0.31334945156909844,1.351105062797181,0.9170917495245434,1.467002955518518,-0.32689262377030615,-0.04758367670999886,0.6666666666666666,1.1509926856632786,0.14087667438927545,2.453145036173626,0.7499999999999999
lightgbm,25.0,2025-03-31_2026-02-28,12,1.1006563059274117,0.08257309459079365,1.1006563059274117,0.08257309459079365,1.018083211336618,0.9781626464615081,1.173269220386783,-0.32689262377030615,-0.18488813271044613,0.6666666666666666,1.130034737204287,1.6357185670239396,1.5735703208747363,0.8055555555555554
lightgbm,25.0,2025-04-30_2026-03-31,12,1.2621105487977458,0.028079656548997578,1.2621105487977458,0.028079656548997578,1.2340308922487482,0.9951277759634362,1.2472494814967916,-0.32689262377030615,-0.19546042589812018,0.6666666666666666,1.251504172227764,1.4621052192686876,2.056575134961536,0.7777777777777777
lightgbm,25.0,2025-05-31_2026-04-30,12,0.9267243982070397,-0.14610708694572017,0.9267243982070397,-0.14610708694572017,1.0728314851527598,1.0135888206993084,1.0681937701466808,-0.32689262377030615,-0.29138146686445754,0.6666666666666666,1.2763942425205694,1.6652799422213733,2.4419649875986127,0.7222222222222222
lightgbm,25.0,2025-06-30_2026-05-31,12,0.7148302600364009,-0.18541351506394133,0.7148302600364009,-0.18541351506394133,0.9002437751003423,1.0304932384148586,0.9443962149188871,-0.32689262377030626,-0.34737666250868915,0.5833333333333334,1.1985718953007507,1.7563570737876688,2.381987124842297,0.7222222222222222
lightgbm,25.0,2025-07-31_2026-06-30,12,1.283595417530341,-0.1667764227923394,1.283595417530341,-0.1667764227923394,1.4503718403226804,1.0386759392994502,1.2433812713676455,-0.32689262377030615,-0.34737666250868904,0.6666666666666666,1.5496143168154222,2.1969984957186592,3.5866399768087014,0.6944444444444445
lightgbm,25.0,2025-08-31_2026-07-31,11,0.2960621994321895,-0.20361006057922837,0.32698055032270523,-0.2199234939209873,0.5469040442436925,0.7913622948786069,0.7299558896561157,-0.26328437210533284,-0.34737666250868904,0.6363636363636364,1.133827935053722,1.5662683385446583,1.4159694138809238,0.696969696969697
ensemble,25.0,2015-01-31_2015-12-31,12,0.0,-0.12747006008062733,0.0,-0.12747006008062733,0.12747006008062733,0.0,,0.0,-0.2346154234110901,0.5,0.7954681733349814,0.0,0.0,0.0
ensemble,25.0,2015-02-28_2016-01-31,12,0.0,-0.12464244015822579,0.0,-0.12464244015822579,0.12464244015822579,0.0,,0.0,-0.2346154234110902,0.5,0.7692360062999882,0.0,0.0,0.0
ensemble,25.0,2015-03-31_2016-02-29,12,0.0,-0.12200466014015787,0.0,-0.12200466014015787,0.12200466014015787,0.0,,0.0,-0.1902603904171294,0.5,0.7474014716436923,0.0,0.0,0.0
ensemble,25.0,2015-04-30_2016-03-31,12,0.0,-0.048726200591690305,0.0,-0.048726200591690305,0.048726200591690305,0.0,,0.0,-0.19026039041712928,0.5,0.2945970850581079,0.0,0.0,0.0
ensemble,25.0,2015-05-31_2016-04-30,12,-0.02892263910316195,-0.08042168629585977,-0.02892263910316195,-0.08042168629585977,0.05149904719269782,0.028922639103161927,-0.9999999999999999,-0.02892263910316195,-0.13984875260474772,0.5,0.3350545581179491,0.004084035829661123,-0.028243723352094574,0.08333333333333333
ensemble,25.0,2015-06-30_2016-05-31,12,-0.11184830573543092,0.021583559353247406,-0.11184830573543092,0.021583559353247406,-0.13343186508867833,0.08763475065036419,-1.30448445398568,-0.11184830573543092,-0.12048239811387595,0.4166666666666667,-0.7992513482799503,-0.21392493955130162,-0.10284475314872499,0.13888888888888887
ensemble,25.0,2015-07-31_2016-06-30,12,0.06634956237283318,0.08609325121736311,0.06634956237283318,0.08609325121736311,-0.019743688844529927,0.22826774640102174,0.3781560552115654,-0.11184830573543092,-0.06335332759593715,0.4166666666666667,-0.019278544413057694,0.22430944903862488,0.0679085681788767,0.19444444444444442
ensemble,25.0,2015-08-31_2016-07-31,12,0.0034206442047595154,0.19435729107699262,0.0034206442047595154,0.19435729107699262,-0.1909366468722331,0.23772871816713761,0.11486801478075495,-0.11184830573543092,-0.010009943632593221,0.3333333333333333,-0.6185932870542987,0.17112228377430627,-0.004293745501799506,0.27777777777777773
ensemble,25.0,2015-09-30_2016-08-31,12,-0.12802549179349232,0.27010420996995776,-0.12802549179349232,0.27010420996995776,-0.3981297017634501,0.27262764529683947,-0.38033784978964136,-0.18228080267956748,-0.010009943632593332,0.25,-1.3218156154589535,0.9348877326524153,-0.2858015773457824,0.3055555555555555
ensemble,25.0,2015-10-31_2016-09-30,12,-0.04277406367544878,0.2171792753369357,-0.04277406367544878,0.2171792753369357,-0.2599533390123845,0.2927928863591659,-0.020227113890698194,-0.18228080267956748,-0.010009943632593221,0.3333333333333333,-0.722554748471003,0.9878949377447183,-0.18569358329145125,0.3333333333333333
ensemble,25.0,2015-11-30_2016-10-31,12,0.021133060650169178,0.15802517726789156,0.021133060650169178,0.15802517726789156,-0.13689211661772238,0.30042776354839107,0.20251286572224114,-0.18228080267956748,-0.05046191183613391,0.3333333333333333,-0.2880062777340687,-0.022194502391990587,0.06613024354645591,0.3333333333333333
ensemble,25.0,2015-12-31_2016-11-30,12,0.12134168853470562,0.15325670090751609,0.12134168853470562,0.15325670090751609,-0.03191501237281047,0.3143273946772331,0.505763196250861,-0.18228080267956748,-0.05046191183613402,0.4166666666666667,0.035806118122277915,0.1836676961071553,0.1401735807387836,0.4166666666666667
ensemble,25.0,2016-01-31_2016-12-31,12,0.6994134310486586,0.1471553785298949,0.6994134310486586,0.1471553785298949,0.5522580525187637,0.5913202272901527,1.1406563203454658,-0.18228080267956748,-0.05046191183613402,0.5,0.8764899195171671,-0.6026729819500433,1.0897137779765393,0.4444444444444444
ensemble,25.0,2016-02-29_2017-01-31,12,0.5108648005499066,0.12910312615333996,0.5108648005499066,0.12910312615333996,0.3817616743965666,0.6128422461713358,0.919557874839987,-0.18228080267956748,-0.05046191183613391,0.5,0.6972839826214201,-0.6220298082905029,0.8686917658202715,0.49999999999999994
ensemble,25.0,2016-03-31_2017-02-28,12,0.8750573417104199,0.1492046756740173,0.8750573417104199,0.1492046756740173,0.7258526660364026,0.6395168268661187,1.258126354921918,-0.18228080267956748,-0.05046191183613402,0.5833333333333334,1.021351399714336,-0.039632128692729925,1.1904594038070098,0.5555555555555555
ensemble,25.0,2016-04-30_2017-03-31,12,1.0169111384248426,0.17503808646495478,1.0169111384248426,0.17503808646495478,0.8418730519598878,0.6353250341135773,1.3855050118277628,-0.18228080267956748,-0.05046191183613402,0.5833333333333334,1.1081096035497224,-0.16212586933298648,1.3978189482106331,0.6111111111111112
ensemble,25.0,2016-05-31_2017-04-30,12,0.9708894141961679,0.19627580709932912,0.9708894141961679,0.19627580709932912,0.7746136070968388,0.6395884582214597,1.3416252886688855,-0.18228080267956737,-0.05046191183613402,0.5833333333333334,1.0352528999402857,-0.4033541883350757,1.454603513595357,0.5833333333333334
ensemble,25.0,2016-06-30_2017-05-31,12,1.0847808171630473,0.16211773486732262,1.0847808171630473,0.16211773486732262,0.9226630822957247,0.6275139053115633,1.4516652342318663,-0.18228080267956748,-0.05046191183613402,0.5833333333333334,1.201203449668053,0.2930176942932464,1.306872660150392,0.6111111111111112
ensemble,25.0,2016-07-31_2017-06-30,12,0.7466377300341016,0.11985678631409691,0.7466377300341016,0.11985678631409691,0.6267809437200047,0.6153878283899137,1.1638210195783025,-0.13099803831764567,-0.05046191183613402,0.5833333333333334,0.9628721355985486,-0.23471840810866468,1.0573990067444803,0.638888888888889
ensemble,25.0,2016-08-31_2017-07-31,12,0.9351370656423192,0.08878533946639733,0.9351370656423192,0.08878533946639733,0.8463517261759219,0.602258698577949,1.357811428849903,-0.11094924110515247,-0.05046191183613402,0.6666666666666666,1.2087902561922128,0.33903338006380157,1.1450129750611011,0.6388888888888888
ensemble,25.0,2016-09-30_2017-08-31,12,1.0986694984102008,0.09996258200034913,1.0986694984102008,0.09996258200034913,0.9987069164098517,0.5798280074973898,1.536990958751912,-0.11094924110515247,-0.05046191183613402,0.6666666666666666,1.354846368567307,-0.08993163730799036,1.3818234098291486,0.6944444444444443
ensemble,25.0,2016-10-31_2017-09-30,12,0.9111331627484165,0.1075588143605537,0.9111331627484165,0.1075588143605537,0.8035743483878628,0.5837749625102596,1.3585615823820207,-0.11094924110515247,-0.0004923640702735321,0.5833333333333334,1.1647422739453241,-0.2312431275233677,1.2051036382676061,0.75
ensemble,25.0,2016-11-30_2017-10-31,12,0.494220365949831,0.1559996199134983,0.494220365949831,0.1559996199134983,0.3382207460363327,0.6281782376276939,0.8920723339879536,-0.24349774935559299,-0.008932388259170088,0.5,0.6639560944258901,2.212942673730067,0.2629883045958281,0.8333333333333334
ensemble,25.0,2016-12-31_2017-11-30,12,0.4517773751787797,0.19992461049678534,0.4517773751787797,0.19992461049678534,0.25185276468199436,0.6261631651746558,0.8451282152407006,-0.24349774935559299,-0.008932388259169977,0.4166666666666667,0.5514581515321652,0.9463174246724249,0.41663014105175744,0.8055555555555554
ensemble,25.0,2017-01-31_2017-12-31,12,-0.03795482540583728,0.24773371905633135,-0.03795482540583728,0.24773371905633135,-0.2856885444621686,0.35722625754460624,0.05025995509235809,-0.24349774935559299,-0.008932388259170088,0.3333333333333333,-0.6393956133276717,2.715937011888121,-0.45665352885075505,0.861111111111111
ensemble,25.0,2017-02-28_2018-01-31,12,-0.10699827808292506,0.22472528642954592,-0.10699827808292506,0.22472528642954592,-0.331723564512471,0.38384273497008875,-0.11945168045969454,-0.33105388592942186,-0.008932388259170088,0.3333333333333333,-0.7343125721093907,3.1764820683908503,-0.5153328084155182,0.8888888888888888
ensemble,25.0,2017-03-31_2018-02-28,12,-0.23873450779334904,0.11150665310004948,-0.23873450779334904,0.11150665310004948,-0.3502411608933985,0.2881680565267184,-0.7944359815302438,-0.33105388592942175,-0.06307407298992962,0.3333333333333333,-1.1847840020858489,0.5263509076854395,-0.2524871472885424,0.9166666666666665
ensemble,25.0,2017-04-30_2018-03-31,12,-0.2924396262236708,0.054403018339003184,-0.2924396262236708,0.054403018339003184,-0.346842644562674,0.27039805758077023,-1.127283764277703,-0.3051626804621954,-0.09250223900477905,0.3333333333333333,-1.2957083031230392,0.2742250217624258,-0.2777012552264424,0.9444444444444443
ensemble,25.0,2017-05-31_2018-04-30,12,-0.28055325059196523,0.042771960341875914,-0.28055325059196523,0.042771960341875914,-0.32332521093384115,0.2692138348153565,-1.0730293675924139,-0.3051626804621955,-0.09416874157139277,0.3333333333333333,-1.2072613630051756,0.2906796157040061,-0.26407073983517293,0.9722222222222222
ensemble,25.0,2017-06-30_2018-05-31,12,-0.3712297420335725,-0.005226881237519021,-0.3712297420335725,-0.005226881237519021,-0.3660028607960535,0.2993287276176117,-1.3724346182803882,-0.40042325778435595,-0.12207676452647664,0.3333333333333333,-1.3981228824518606,0.6064513672907296,-0.34202433339509963,0.9444444444444443
ensemble,25.0,2017-07-31_2018-06-30,12,-0.4240198170094561,0.0163507796990916,-0.4240198170094561,0.0163507796990916,-0.4403705967085477,0.298889301983355,-1.657008537622795,-0.44752171803866037,-0.12207676452647676,0.25,-1.7348003940204881,0.5072552684427423,-0.40415055582800974,0.9444444444444443
ensemble,25.0,2017-08-31_2018-07-31,12,-0.1504751081721526,0.02633003466478856,-0.1504751081721526,0.02633003466478856,-0.17680514283694115,0.6519354768714378,-0.00021339099192089377,-0.4137779706761705,-0.12207676452647653,0.25,-0.05092792698010321,0.9883396318646362,-0.03180339908942753,0.9166666666666665
ensemble,25.0,2017-09-30_2018-08-31,12,0.2963194994152767,0.012828519177035869,0.2963194994152767,0.012828519177035869,0.2834909802382408,0.7800404275925675,0.6352517470315794,-0.4135856789785223,-0.12207676452647664,0.3333333333333333,0.6136631398623202,0.716769741326659,0.6036565767536417,0.8888888888888887
ensemble,25.0,2017-10-31_2018-09-30,12,0.19319471448903713,-0.028994428060318933,0.19319471448903713,-0.028994428060318933,0.22218914254935607,0.7886756062564463,0.5274616654580165,-0.3438313729049405,-0.12207676452647676,0.3333333333333333,0.56248709811518,0.9672608557739075,0.5375584541682357,0.8888888888888887
ensemble,25.0,2017-11-30_2018-10-31,12,0.6298816764812911,0.017470333624036494,0.6298816764812911,0.017470333624036494,0.6124113428572546,0.7626106567963721,0.9457545575397974,-0.3438313729049405,-0.12207676452647676,0.4166666666666667,0.9258853763503486,0.9848517523717726,0.968855648879311,0.8888888888888888
ensemble,25.0,2017-12-31_2018-11-30,12,0.4702293139209486,-0.025356283802123625,0.4702293139209486,-0.025356283802123625,0.4955855977230722,0.768724945677523,0.8022790510945543,-0.34383137290494037,-0.12207676452647687,0.4166666666666667,0.8384526750890939,1.090171110554069,0.8634027125039572,0.9166666666666665
ensemble,25.0,2018-01-31_2018-12-31,12,0.9358841716885973,-0.01099995180484914,0.9358841716885973,-0.01099995180484914,0.9468841234934464,0.8120457868308897,1.151180588308224,-0.24844758198450967,-0.12095719505337177,0.5,1.2026162384291625,2.340732467794973,1.4866879893778826,0.8888888888888888
ensemble,25.0,2018-02-28_2019-01-31,12,1.599800425643041,-0.023323412109537922,1.599800425643041,-0.023323412109537922,1.623123837752579,0.7638747707801309,1.59428157489669,-0.24844758198450956,-0.06297476655901424,0.5833333333333334,1.6877918622716488,2.2830198300201103,2.3066657274309783,0.8888888888888887
ensemble,25.0,2018-03-31_2019-02-28,12,1.9743100810175958,0.045204178762284775,1.9743100810175958,0.045204178762284775,1.929105902255311,0.7695851629404528,1.7804855683735432,-0.2482737657677173,-0.032589089243883484,0.5833333333333334,1.7883350748900007,3.0298283288118624,2.2062417653342417,0.8888888888888888
ensemble,25.0,2018-04-30_2019-03-31,12,1.3578345835553756,0.07686204312787948,1.3578345835553756,0.07686204312787948,1.280972540427496,0.8288128100381358,1.4032317865238748,-0.2208963608571981,-0.031039511736595693,0.5,1.3533698895049637,3.360550805624137,1.385581099434325,0.8888888888888888
ensemble,25.0,2018-05-31_2019-04-30,12,1.3266558705730596,0.03769148450195714,1.3266558705730596,0.03769148450195714,1.2889643860711024,0.8311254994748052,1.3839759406869112,-0.24541189806791586,-0.04957195403333192,0.5,1.3890187667756877,3.2740884161274812,1.6483570840137967,0.8888888888888888
ensemble,25.0,2018-06-30_2019-05-31,12,2.4789035428034447,0.09645960452265201,2.4789035428034447,0.09645960452265201,2.382443938280793,0.7983753603430468,1.9652309239211878,-0.24541189806791586,-0.04957195403333203,0.5833333333333334,1.9042228484842292,2.796589119877895,2.4346269245704497,0.8888888888888887
ensemble,25.0,2018-07-31_2019-06-30,12,2.7773206742123056,0.07648721996967378,2.7773206742123056,0.07648721996967378,2.7008334542426318,0.7794587370087935,2.114329795975504,-0.24541189806791586,-0.04957195403333203,0.5833333333333334,2.099036426458062,3.39358654932705,2.7068579278143443,0.8611111111111108
ensemble,25.0,2018-08-31_2019-07-31,12,1.5816205840130446,0.051509897202665744,1.5816205840130446,0.051509897202665744,1.5301106868103789,0.6475604522511308,1.7933310904394832,-0.24541189806791597,-0.04957195403333203,0.5833333333333334,1.8029070688367628,3.0004685612531783,1.6100556519464684,0.8611111111111108
ensemble,25.0,2018-09-30_2019-08-31,12,0.7490737052131478,0.032217370272061396,0.7490737052131478,0.032217370272061396,0.7168563349410864,0.5376275052143998,1.297399136363688,-0.24541189806791597,-0.05569706120271434,0.5,1.3716112482342726,3.553471905579804,0.7448460492452891,0.8611111111111108
ensemble,25.0,2018-10-31_2019-09-30,12,0.5597148633728806,0.0680196854801034,0.5597148633728806,0.0680196854801034,0.49169517789277717,0.5735472621976306,1.0424603248977884,-0.24541189806791597,-0.05569706120271445,0.5,0.9932536807794987,3.263394956957422,0.43986623435056704,0.861111111111111
ensemble,25.0,2018-11-30_2019-10-31,12,0.29669633938236295,-0.007313909877188718,0.29669633938236295,-0.007313909877188718,0.30401024925955167,0.5730301829237469,0.7081269288091481,-0.24541189806791586,-0.07977064350808971,0.4166666666666667,0.7705009798860012,3.2172505254840926,0.5065617459764853,0.861111111111111
ensemble,25.0,2018-12-31_2019-11-30,12,-0.01855398513932449,0.01695714726683817,-0.01855398513932449,0.01695714726683817,-0.03551113240616266,0.6477300544300608,0.26522393021281254,-0.4483975344306107,-0.07977064350808971,0.4166666666666667,0.23679241352214292,1.315560477167913,0.15326163254068392,0.861111111111111
ensemble,25.0,2019-01-31_2019-12-31,12,-0.5772945824986004,-0.0907583313333864,-0.5772945824986004,-0.0907583313333864,-0.4865362511652141,0.6930545110266697,-0.8383648076887935,-0.6858417944589585,-0.08173242622854304,0.3333333333333333,-0.7264088392968151,1.6840485406524641,-0.35407097893792505,0.8888888888888888
ensemble,25.0,2019-02-28_2020-01-31,12,-0.7060090801117072,-0.15374678206850467,-0.7060090801117072,-0.15374678206850467,-0.5522622980432024,0.6919848095046494,-1.3273432325479837,-0.7578477324849262,-0.157070533612218,0.25,-1.1544209681179767,1.956208095495514,-0.46444062122440366,0.861111111111111
ensemble,25.0,2019-03-31_2020-02-29,12,-0.6921542815894166,-0.2983301643039218,-0.6921542815894166,-0.2983301643039218,-0.39382411728549477,0.7195858808274629,-1.1971616087165686,-0.7578477324849262,-0.2968733323797681,0.25,-0.6748356894484836,-0.8265422773410946,-0.6962244409507822,0.861111111111111
ensemble,25.0,2019-04-30_2020-03-31,12,-0.6295455122025925,-0.26938100433105683,-0.6295455122025925,-0.26938100433105683,-0.36016450787153564,0.7043262689781655,-0.994246707759911,-0.7578477324849262,-0.2897384073692094,0.25,-0.5345498639196052,-0.6315051341620073,-0.6002133076593967,0.8333333333333331
ensemble,25.0,2019-05-31_2020-04-30,12,-0.6163565659072935,-0.23441422140073764,-0.6163565659072935,-0.23441422140073764,-0.38194234450655584,0.7056896673690127,-0.9442922548888719,-0.7578477324849262,-0.2897384073692094,0.25,-0.55055172403511,-0.5850493179588031,-0.5669702362984077,0.8333333333333331
ensemble,25.0,2019-06-30_2020-05-31,12,-0.6311162856836674,-0.22854562482453433,-0.6311162856836674,-0.22854562482453433,-0.40257066085913307,0.682954828045687,-1.046945333418293,-0.7578477324849262,-0.2897384073692095,0.25,-0.6408489372564955,-0.5740392143184061,-0.5858328976985403,0.861111111111111
ensemble,25.0,2019-07-31_2020-06-30,12,-0.5910399211921513,-0.1941752572672133,-0.5910399211921513,-0.1941752572672133,-0.39686466392493797,0.7017751885297339,-0.8639819238581969,-0.7578477324849262,-0.2827760862119635,0.3333333333333333,-0.5511032995256099,-0.30094371098687156,-0.4947011183424629,0.8888888888888888
ensemble,25.0,2019-08-31_2020-07-31,12,-0.6024522878979954,-0.1722348942847023,-0.6024522878979954,-0.1722348942847023,-0.43021739361329314,0.6977516503588449,-0.9109944046419268,-0.751467136682112,-0.27948217627529803,0.3333333333333333,-0.6303846790013876,-0.2540804700792781,-0.5019084710441792,0.9166666666666665
ensemble,25.0,2019-09-30_2020-08-31,12,-0.3523376286189265,-0.21057570090232802,-0.3523376286189265,-0.21057570090232802,-0.14176192771659846,0.9482220332332094,-0.023893279435919467,-0.697106544683975,-0.27948217627529803,0.4166666666666667,0.18117897960701063,-0.935435686069352,-0.19713239446352238,0.9444444444444443
ensemble,25.0,2019-10-31_2020-09-30,12,-0.10180224370102275,-0.1766274605970889,-0.10180224370102275,-0.1766274605970889,0.07482521689606614,0.9364247378912235,0.3147602535978071,-0.680213241864887,-0.2794821762752979,0.5,0.4589115571830425,-0.6058351507319005,0.21318938775191154,0.9444444444444443
ensemble,25.0,2019-11-30_2020-10-31,12,0.2696031358256037,-0.06643817837031618,0.2696031358256037,-0.06643817837031618,0.33604131419591987,0.9819141429807394,0.6990489567932034,-0.5610022024373782,-0.2794821762752979,0.5833333333333334,0.7081412061873477,-0.058167626702829385,0.9455099109964176,0.9444444444444443
ensemble,25.0,2019-12-31_2020-11-30,12,0.9289661965035194,-0.050871312509224054,0.9289661965035194,-0.050871312509224054,0.9798375090127435,0.9142865980244093,1.164538674541731,-0.22920279259285792,-0.2358764964179022,0.6666666666666666,1.1601894680223286,0.24737006940404788,1.7850484947465453,0.9444444444444443
ensemble,25.0,2020-01-31_2020-12-31,12,1.7821223369404011,-0.013079995771551722,1.7821223369404011,-0.013079995771551722,1.7952023327119528,0.7835992580770302,1.6802222534119602,-0.17856384356384358,-0.16758179221927783,0.6666666666666666,1.5500999250514005,-0.14458359891859093,2.4965700082089883,0.9166666666666665
ensemble,25.0,2020-02-29_2021-01-31,12,3.5171060392001356,0.14471568274700242,3.5171060392001356,0.14471568274700242,3.372390356453133,0.6997400176039912,2.56853184081023,-0.17856384356384358,-0.07033476780972703,0.75,2.0617410863937113,-0.6028329654831694,4.821315297889624,0.9444444444444443
ensemble,25.0,2020-03-31_2021-02-28,12,2.1390457941841414,0.3187076559568369,2.1390457941841414,0.3187076559568369,1.8203381382273045,0.7347780454847624,1.9198277380690203,-0.17856384356384358,-0.07033476780972703,0.6666666666666666,1.5014707489635588,0.23627778764706409,2.5669060017394525,0.9444444444444443
ensemble,25.0,2020-04-30_2021-03-31,12,1.8744455446820636,0.2712264885896778,1.8744455446820636,0.2712264885896778,1.6032190560923858,0.7583509290940084,1.754140082331392,-0.2307979495139092,-0.07033476780972714,0.6666666666666666,1.4201474494605064,0.5350935455732744,2.120611866643543,0.9722222222222222
ensemble,25.0,2020-05-31_2021-04-30,12,2.447669732134822,0.2511461011810818,2.447669732134822,0.2511461011810818,2.19652363095374,0.7484615475615864,2.040027758089225,-0.2307979495139092,-0.07033476780972703,0.75,1.710668383395223,0.3881630438609208,2.8752695925014105,0.9444444444444443
ensemble,25.0,2020-06-30_2021-05-31,12,1.6019583059983185,0.22018559574957508,1.6019583059983185,0.22018559574957508,1.3817727102487434,0.7691647592248033,1.5974369218891935,-0.23079794951390908,-0.07033476780972703,0.6666666666666666,1.3153201965944488,0.43200143939326446,1.9616698805807418,0.9444444444444443
ensemble,25.0,2020-07-31_2021-06-30,12,1.1312451121707596,0.1787337447456181,1.1312451121707596,0.1787337447456181,0.9525113674251415,0.7930352487668828,1.2963268028319959,-0.2417786089651126,-0.07033476780972703,0.5833333333333334,1.0694055766147237,0.4471686377692635,1.4913375396799324,0.9444444444444443
ensemble,25.0,2020-08-31_2021-07-31,12,0.9296777765051516,0.17406019021811336,0.9296777765051516,0.17406019021811336,0.7556175862870382,0.8073090933746748,1.1537258870147657,-0.29866546033547137,-0.0471551797914731,0.5,0.93675120550598,0.46242177385515326,1.2753819418092447,0.9444444444444443
ensemble,25.0,2020-09-30_2021-08-31,12,0.16168473124136318,0.29094300690606567,0.16168473124136318,0.29094300690606567,-0.1292582756647025,0.5901702866596101,0.5077788002065106,-0.3298178787575998,-0.0471551797914731,0.4166666666666667,0.0678327682154147,3.39779673798696,-0.4629931935034405,0.9444444444444443
ensemble,25.0,2020-10-31_2021-09-30,12,0.5471841423035775,0.285307502281577,0.5471841423035775,0.285307502281577,0.2618766400220005,0.7641757162876371,0.8863065544901642,-0.3298178787575996,-0.04715517979147299,0.4166666666666667,0.6168115262911251,4.009134670068995,-0.31525827229053194,0.9166666666666665
ensemble,25.0,2020-11-30_2021-10-31,12,0.4104777091955938,0.164192612882329,0.4104777091955938,0.164192612882329,0.24628509631326478,0.7246196026808602,0.7714355394360283,-0.3298178787575997,-0.04715517979147299,0.4166666666666667,0.5987338059207314,3.536470227684705,-0.0025844627947184673,0.9166666666666665
ensemble,25.0,2020-12-31_2021-11-30,12,0.20732150732710442,0.10075285366229347,0.20732150732710442,0.10075285366229347,0.10656865366481094,0.7277049018496761,0.5491047116838461,-0.3298178787575996,-0.04715517979147321,0.3333333333333333,0.4429057332941681,4.343550748671761,-0.037352473710190015,0.9166666666666665
ensemble,25.0,2021-01-31_2021-12-31,12,0.15494873058541248,0.1311417024200292,0.15494873058541248,0.1311417024200292,0.02380702816538327,0.7397942424559573,0.49196497329941813,-0.3298178787575996,-0.04715517979147299,0.3333333333333333,0.3393020621707629,4.097060533754069,-0.14852173591330942,0.9444444444444443
ensemble,25.0,2021-02-28_2022-01-31,12,-0.008422129446440052,0.1035559333431273,-0.008422129446440052,0.1035559333431273,-0.11197806278956735,0.7022937981331783,0.2661667400675918,-0.2632763167303248,-0.008710521467504728,0.3333333333333333,0.12653296141204487,3.732011799914257,-0.17695330779631235,0.9166666666666665
ensemble,25.0,2021-03-31_2022-02-28,12,0.023319292265342684,0.1814244316261513,0.023319292265342684,0.1814244316261513,-0.1581051393608086,0.6969347764057269,0.30866755040509103,-0.27296836745571595,-0.008710521467504728,0.3333333333333333,0.06717299877972688,3.909299704164798,-0.36625772396647893,0.9166666666666665
ensemble,25.0,2021-04-30_2022-03-31,12,0.06821796119124524,0.2056999327796627,0.06821796119124524,0.2056999327796627,-0.13748197158841746,0.6892739923867972,0.36769054556036435,-0.33719334880837026,-0.008710521467504728,0.3333333333333333,0.09378423866788711,3.207097132313782,-0.303443569425661,0.9166666666666665
ensemble,25.0,2021-05-31_2022-04-30,12,-0.0033000215261304033,0.20202014645819677,-0.0033000215261304033,0.20202014645819677,-0.20532016798432717,0.6733997213382535,0.25877911041722557,-0.33719334880837026,-0.011058901373715124,0.3333333333333333,-0.0195006846557318,3.5444169875786793,-0.39287199795673955,0.9444444444444443
ensemble,25.0,2021-06-30_2022-05-31,12,0.01590475536702951,0.1547230806668567,0.01590475536702951,0.1547230806668567,-0.13881832529982718,0.6708463650343445,0.2861148296410768,-0.33719334880837015,-0.04389760737316839,0.3333333333333333,0.06833657676955171,2.704188028799263,-0.18831622370772594,0.9444444444444443
ensemble,25.0,2021-07-31_2022-06-30,12,0.10831299609171996,0.14515293481688385,0.10831299609171996,0.14515293481688385,-0.03683993872516389,0.6614276755879239,0.41513203487644035,-0.3371933488083704,-0.04389760737316839,0.3333333333333333,0.2116217564501287,2.763057121527269,-0.10431144390905389,0.9444444444444443
ensemble,25.0,2021-08-31_2022-07-31,12,0.25141154543991084,0.16719366722844042,0.25141154543991084,0.16719366722844042,0.08421787821147042,0.6528687391483385,0.6035005960324377,-0.33719334880837015,-0.04389760737316839,0.4166666666666667,0.3730318013713129,2.642544110680665,-0.024721549882095184,0.9444444444444443
ensemble,25.0,2021-09-30_2022-08-31,12,0.14787474505914355,0.11990803732841937,0.14787474505914355,0.11990803732841937,0.027966707730724183,0.66769308578897,0.47169230907433773,-0.3794541332896535,-0.04389760737316817,0.4166666666666667,0.31008994091456255,3.1293286829586036,-0.05045514491163128,0.9444444444444443
ensemble,25.0,2021-10-31_2022-09-30,12,-0.10801931555683897,0.07700156092153554,-0.10801931555683897,0.07700156092153554,-0.1850208764783745,0.44639815375563885,-0.05133134491898585,-0.3794541332896536,-0.04389760737316828,0.4166666666666667,-0.22184194023143644,0.1882797484043966,-0.03677402677516761,0.9722222222222222
ensemble,25.0,2021-11-30_2022-10-31,12,-0.296694153763423,0.0837751064100245,-0.296694153763423,0.0837751064100245,-0.3804692601734475,0.37500063855528526,-0.7495604685075996,-0.34496815901563704,-0.04389760737316839,0.3333333333333333,-0.9891573575550336,0.9557859717388897,-0.3066045911695694,0.9722222222222222
ensemble,25.0,2021-12-31_2022-11-30,12,-0.21209378276779256,0.04089310124175727,-0.21209378276779256,0.04089310124175727,-0.25298688400954983,0.38255137402267597,-0.4368800038861989,-0.22418081886513497,-0.052330809109684795,0.4166666666666667,-0.5446179674677025,0.28406051704100627,-0.16539955781039228,0.9722222222222222
ensemble,25.0,2022-01-31_2022-12-31,12,-0.07686332186614608,0.03139589518781816,-0.07686332186614608,0.03139589518781816,-0.10825921705396424,0.3249674128793061,-0.09927025037395787,-0.22418081886513486,-0.0538908420070876,0.4166666666666667,-0.20408851803384642,0.4754853330793866,-0.04744320865415241,0.9722222222222222
ensemble,25.0,2022-02-28_2023-01-31,12,-0.20154171342745997,-0.006523085673795559,-0.20154171342745997,-0.006523085673795559,-0.1950186277536644,0.3197459533765449,-0.5547372633838797,-0.15153353228011313,-0.053890842007087936,0.3333333333333333,-0.5280861606831597,-0.002650656007156126,-0.16365141322640264,0.9999999999999999
ensemble,25.0,2022-03-31_2023-02-28,12,-0.19085492134943471,-0.03763942955797195,-0.19085492134943471,-0.03763942955797195,-0.15321549179146277,0.3167981311300951,-0.5214972442811797,-0.21187754609519238,-0.05860315994470999,0.3333333333333333,-0.40856661459936444,0.5662128914757154,-0.135503095632462,0.9999999999999999
ensemble,25.0,2022-04-30_2023-03-31,12,-0.1653290664280086,-0.0433257664262765,-0.1653290664280086,-0.0433257664262765,-0.1220033000017321,0.31065886306267454,-0.43922599156383657,-0.2588328800927797,-0.052003665957635614,0.3333333333333333,-0.3083896252851903,0.8606856259911617,-0.09564835651476233,0.9999999999999999
ensemble,25.0,2022-05-31_2023-04-30,12,-0.23105078928164913,-0.07213752035282106,-0.23105078928164913,-0.07213752035282106,-0.15891326892882807,0.28686547603076235,-0.7785345535761259,-0.2588328800927797,-0.07596598010903766,0.3333333333333333,-0.5304643783399768,0.5786391135641833,-0.16728493676617662,0.972222222222222
ensemble,25.0,2022-06-30_2023-05-31,12,0.3631468153494857,-0.0361282154897381,0.3631468153494857,-0.0361282154897381,0.3992750308392238,0.7290133003587902,0.6848399284481074,-0.2588328800927797,-0.07596598010903755,0.4166666666666667,0.7385959320865086,1.444889461712721,0.7106633208733535,0.9444444444444442
ensemble,25.0,2022-07-31_2023-06-30,12,0.5336594768501057,-0.0028433046031512976,0.5336594768501057,-0.0028433046031512976,0.536502781453257,0.7301969771827734,0.8535227855017986,-0.2588328800927796,-0.07596598010903743,0.5,0.8650343011713336,1.5741447589855277,0.835313824222627,0.9444444444444442
ensemble,25.0,2022-08-31_2023-07-31,12,0.38938655098760555,-0.031389184091800915,0.38938655098760555,-0.031389184091800915,0.42077573507940647,0.737872461308372,0.7114941780278706,-0.2588328800927797,-0.0655917893195096,0.4166666666666667,0.7618125770570674,1.8615581745072938,0.7611996219457924,0.9444444444444443
ensemble,25.0,2022-09-30_2023-08-31,12,0.20717386975872754,-0.014331580574544756,0.20717386975872754,-0.014331580574544756,0.2215054503332723,0.774345956967387,0.5295303869885117,-0.27944064023159476,-0.06559178931950937,0.4166666666666667,0.5493540023961052,1.3960505856133907,0.5210936961156492,0.9444444444444443
ensemble,25.0,2022-10-31_2023-09-30,12,0.012265019034776614,-0.04883569016310929,0.012265019034776614,-0.04883569016310929,0.061100709197885905,0.7590948727362163,0.2896751104602612,-0.288416164210446,-0.06327241269436523,0.4166666666666667,0.3542804119780901,1.13767023174106,0.31083536686964797,0.9166666666666665
ensemble,25.0,2022-11-30_2023-10-31,12,0.307960732012331,-8.074453772832779e-05,0.307960732012331,-8.074453772832779e-05,0.3080414765500593,0.7879899277811114,0.6358066864070445,-0.2884161642104459,-0.04084242285001627,0.5,0.6456727846370746,2.142482993251793,0.6209599998740845,0.9166666666666665
ensemble,25.0,2022-12-31_2023-11-30,12,-0.027229447604891766,0.06162621592425688,-0.027229447604891766,0.06162621592425688,-0.08885566352914864,0.8266170333343524,0.2770671147346711,-0.30157067022621953,-0.04084242285001627,0.4166666666666667,0.202975429981634,1.672045425648831,0.13001307313350852,0.9166666666666665
ensemble,25.0,2023-01-31_2023-12-31,12,-0.15689870371240144,0.05389394652891433,-0.15689870371240144,0.05389394652891433,-0.21079265024131577,0.8512981290542951,0.12487256932540294,-0.4426899517475913,-0.04084242285001627,0.4166666666666667,0.059790542395905664,1.965295241244983,-0.004193512804841704,0.9166666666666665
ensemble,25.0,2023-02-28_2024-01-31,12,-0.057313235473839264,0.06910062416905749,-0.057313235473839264,0.06910062416905749,-0.12641385964289675,0.8471796872165529,0.25505282975021176,-0.4426899517475913,-0.04084242285001627,0.5,0.17444301006632226,1.9259901946737734,0.08297178643853576,0.9166666666666665
ensemble,25.0,2023-03-31_2024-02-29,12,-0.028746257696994126,0.07105311702696282,-0.028746257696994126,0.07105311702696282,-0.09979937472395695,0.8441515023306831,0.2890344483053081,-0.4504104584935934,-0.04084242285001627,0.5,0.2063731637162774,1.874790884990329,0.11362072827748637,0.9166666666666665
ensemble,25.0,2023-04-30_2024-03-31,12,0.12082165557390923,0.04605177038880415,0.12082165557390923,0.04605177038880415,0.07476988518510508,0.8416145099434752,0.46197960679117794,-0.4504104584935934,-0.028914327222309355,0.5833333333333334,0.41058497419621015,1.8967238128943702,0.34007359520876324,0.9166666666666665
ensemble,25.0,2023-05-31_2024-04-30,12,0.09396702548122193,0.05087612226469651,0.09396702548122193,0.05087612226469651,0.04309090321652542,0.842466511271026,0.43260129125511126,-0.4504104584935933,-0.04720745865673304,0.5833333333333334,0.37610828264296237,2.1327121674290295,0.2820197613807691,0.9444444444444443
ensemble,25.0,2023-06-30_2024-05-31,12,-0.31745862864811025,0.06029804021364593,-0.31745862864811025,0.06029804021364593,-0.3777566688617562,0.4950953703539892,-0.5230996119516444,-0.4504104584935932,-0.04720745865673304,0.5833333333333334,-0.6861193607574226,2.1926822150245284,-0.33102081928878413,0.9722222222222222
ensemble,25.0,2023-07-31_2024-06-30,12,-0.34200522357620133,0.046802268590376395,-0.34200522357620133,0.046802268590376395,-0.38880749216657773,0.4845243819657219,-0.617283316225443,-0.4191320896975612,-0.04720745865673304,0.5833333333333334,-0.7525293420937684,2.0263325003244876,-0.3330411577520649,0.9166666666666666
ensemble,25.0,2023-08-31_2024-07-31,12,1.0069501360903526,0.10318514893952901,1.0069501360903526,0.10318514893952901,0.9037649871508235,1.9684565681264141,0.8334542601466857,-0.378882914151933,-0.04720745865673315,0.6666666666666666,0.8043482883615889,11.920572810965613,0.5009817486895707,0.8888888888888888
ensemble,25.0,2023-09-30_2024-08-31,12,0.9988106728684929,0.08473288946892565,0.9988106728684929,0.08473288946892565,0.9140777833995672,1.969101034739017,0.8316129236653531,-0.378882914151933,-0.04720745865673315,0.6666666666666666,0.8126492357807715,11.827084594162658,0.8252389800662481,0.8888888888888888
ensemble,25.0,2023-10-31_2024-09-30,12,0.8890604893238503,0.12170948346779942,0.8890604893238503,0.12170948346779942,0.7673510058560509,1.974314302727661,0.8019523901428469,-0.378882914151933,-0.047207458656732815,0.5833333333333334,0.763782403208227,13.072893757540546,0.021974201943429028,0.9166666666666665
ensemble,25.0,2023-11-30_2024-10-31,12,0.61438500757097,0.004734660022875703,0.61438500757097,0.004734660022875703,0.6096503475480943,1.971448089883897,0.7114060162023222,-0.2920961380365098,-0.07254414974326939,0.5833333333333334,0.7271216792407464,9.916854343943806,2.4434118048323867,0.9166666666666665
ensemble,25.0,2023-12-31_2024-11-30,12,1.029516973679777,-0.026522408525777696,1.029516973679777,-0.026522408525777696,1.0560393822055545,1.9449297133767562,0.8254654214865693,-0.2920961380365097,-0.07702368625268241,0.5833333333333334,0.8648087818274067,11.650008532646277,4.636893797847348,0.8888888888888888
ensemble,25.0,2024-01-31_2024-12-31,12,1.9407802728841728,-0.013699490369203038,1.9407802728841728,-0.013699490369203038,1.9544797632533757,1.9101277562773475,1.0280750695803809,-0.2920961380365098,-0.07702368625268208,0.6666666666666666,1.0678172179588068,11.41790935736513,5.718033200432247,0.8888888888888888
ensemble,25.0,2024-02-29_2025-01-31,12,1.5006248833579416,-0.14290566323586873,1.5006248833579416,-0.14290566323586873,1.6435305465938104,1.9274426578778363,0.9381486778038078,-0.2920961380365099,-0.18252959118595857,0.6666666666666666,1.0544597857086038,6.667913357225226,10.928484306647299,0.861111111111111
ensemble,25.0,2024-03-31_2025-02-28,12,1.1415227326108894,-0.10676537761977256,1.1415227326108894,-0.10676537761977256,1.248288110230662,1.9477092847322275,0.8584148289430947,-0.3801829890103191,-0.1825295911859588,0.6666666666666666,0.9425508168330157,5.424193869193247,6.622261786094143,0.861111111111111
ensemble,25.0,2024-04-30_2025-03-31,12,1.6287997544311223,-0.06461005552580057,1.6287997544311223,-0.06461005552580057,1.6934098099569228,1.9558648109347851,0.981088124248813,-0.3801829890103191,-0.18252959118595868,0.6666666666666666,1.0466236628131294,5.308143111107863,6.537237955121638,0.861111111111111
ensemble,25.0,2024-05-31_2025-04-30,12,2.4961788174221606,0.02942056800377868,2.4961788174221606,0.02942056800377868,2.466758249418382,1.9526393819929029,1.1503696238142207,-0.3801829890103192,-0.18252959118595857,0.6666666666666666,1.1714768197200829,4.946253187233618,5.51798642880651,0.861111111111111
ensemble,25.0,2024-06-30_2025-05-31,12,1.9392170649172442,-0.019239253194651806,1.9392170649172442,-0.019239253194651806,1.958456318111896,1.9735559027795375,1.0546918727660737,-0.3801829890103192,-0.18252959118595835,0.5833333333333334,1.1007633484360035,5.185133218298342,5.937433399970081,0.861111111111111
ensemble,25.0,2024-07-31_2025-06-30,12,1.8919760486721957,0.03150250800801424,1.8919760486721957,0.03150250800801424,1.8604735406641815,1.974571253230935,1.0453988852388048,-0.3801829890103192,-0.1825295911859589,0.5,1.0600077374706576,4.1925721083540575,4.626384499974815,0.9166666666666665
ensemble,25.0,2024-08-31_2025-07-31,12,-0.11941982585042699,0.02082724764079913,-0.11941982585042699,0.02082724764079913,-0.14024707349122612,0.6498170359515603,0.08782887506499443,-0.28187226725307324,-0.1720911800730176,0.4166666666666667,0.031148824803764394,1.259672629370172,0.008931556852074696,0.9166666666666665
ensemble,25.0,2024-09-30_2025-08-31,12,0.17977075955229616,0.07082064647411035,0.17977075955229616,0.07082064647411035,0.1089501130781858,0.591777971561215,0.5319185232764113,-0.28187226725307324,-0.1720911800730176,0.4166666666666667,0.4126219534229828,1.0814093865044998,0.24536073794710744,0.9166666666666665
ensemble,25.0,2024-10-31_2025-09-30,12,0.0266400603034167,0.07787885846139209,0.0266400603034167,0.07787885846139209,-0.051238798157975385,0.6240465125867634,0.31029025162824064,-0.3329945740301601,-0.11858833109117162,0.4166666666666667,0.17056924846014865,1.0450440029379189,0.10089519403993541,0.9166666666666665
ensemble,25.0,2024-11-30_2025-10-31,12,-0.07326485000885297,0.1960061542824556,-0.07326485000885297,0.1960061542824556,-0.26927100429130857,0.6242017742508897,0.1445431028449699,-0.3601665275176098,-0.11795970406671652,0.3333333333333333,-0.18137656437915986,1.2676894934088905,-0.14712379771792283,0.8888888888888887
ensemble,25.0,2024-12-31_2025-11-30,12,0.41176623994637573,0.22133541890163522,0.41176623994637573,0.22133541890163522,0.19043082104474052,0.8013139113243187,0.7607134998817476,-0.3601665275176097,-0.11795970406671652,0.4166666666666667,0.5093939238191181,1.2453891850591117,0.39747356698872593,0.8888888888888887
ensemble,25.0,2025-01-31_2025-12-31,12,0.278718310931126,0.17166648362633885,0.278718310931126,0.17166648362633885,0.10705182730478713,0.793039470632021,0.6312480992917632,-0.3601665275176098,-0.03669877287899381,0.4166666666666667,0.42572106462910303,1.1823972906418747,0.3349006765034199,0.8888888888888887
ensemble,25.0,2025-02-28_2026-01-31,12,0.23283549931449343,0.31334945156909844,0.23283549931449343,0.31334945156909844,-0.080513952254605,0.8005344546173407,0.5857336694335094,-0.3601665275176098,-0.04758367670999886,0.3333333333333333,0.2387351065369565,1.5562209272035612,0.02921665639704929,0.8888888888888887
ensemble,25.0,2025-03-31_2026-02-28,12,0.1306994218976958,0.08257309459079365,0.1306994218976958,0.08257309459079365,0.04812632730690214,0.8237955391955164,0.48745959975971326,-0.3649996208512978,-0.18488813271044613,0.3333333333333333,0.40235308850538987,1.8710968650995152,0.2360771932378436,0.8611111111111108
ensemble,25.0,2025-04-30_2026-03-31,12,-0.2815834213177667,0.028079656548997578,-0.2815834213177667,0.028079656548997578,-0.3096630778667643,0.7733124203502381,-0.10885493804511383,-0.4625176231865792,-0.19546042589812018,0.25,-0.18786363200950132,1.7159783938217783,-0.15443255409659884,0.861111111111111
ensemble,25.0,2025-05-31_2026-04-30,12,-0.4032385564052826,-0.14610708694572017,-0.4032385564052826,-0.14610708694572017,-0.25713146945956245,0.6990795333298054,-0.4400575192926331,-0.4625176231865791,-0.29138146686445754,0.25,-0.2563467951229799,0.6660660499390798,-0.1990750351190006,0.861111111111111
ensemble,25.0,2025-06-30_2026-05-31,12,-0.40714260089249366,-0.18541351506394133,-0.40714260089249366,-0.18541351506394133,-0.22172908582855233,0.7000328858519569,-0.4475839656240881,-0.49108598833063755,-0.34737666250868915,0.25,-0.20104744692195942,0.712682848204264,-0.1724718702155732,0.861111111111111
ensemble,25.0,2025-07-31_2026-06-30,12,-0.3717617444603122,-0.1667764227923394,-0.3717617444603122,-0.1667764227923394,-0.2049853216679728,0.7110434423048354,-0.3518740251869894,-0.49108598833063755,-0.34737666250868904,0.3333333333333333,-0.14469519747138732,0.8132388331972373,-0.11994697815251709,0.861111111111111
ensemble,25.0,2025-08-31_2026-07-31,11,-0.28505117656490875,-0.20361006057922837,-0.30653072402239956,-0.2199234939209873,-0.08660723010141225,0.7368423796570029,-0.19086186132829083,-0.49108598833063755,-0.34737666250868904,0.36363636363636365,0.10819915832896991,0.9914097963130598,0.07560228423139659,0.8787878787878788
ensemble_volmanaged,25.0,2015-01-31_2015-12-31,12,0.0,-0.12747006008062733,0.0,-0.12747006008062733,0.12747006008062733,0.0,,0.0,-0.2346154234110901,0.5,0.7954681733349814,0.0,0.0,0.0
ensemble_volmanaged,25.0,2015-02-28_2016-01-31,12,0.0,-0.12464244015822579,0.0,-0.12464244015822579,0.12464244015822579,0.0,,0.0,-0.2346154234110902,0.5,0.7692360062999882,0.0,0.0,0.0
ensemble_volmanaged,25.0,2015-03-31_2016-02-29,12,0.0,-0.12200466014015787,0.0,-0.12200466014015787,0.12200466014015787,0.0,,0.0,-0.1902603904171294,0.5,0.7474014716436923,0.0,0.0,0.0
ensemble_volmanaged,25.0,2015-04-30_2016-03-31,12,0.0,-0.048726200591690305,0.0,-0.048726200591690305,0.048726200591690305,0.0,,0.0,-0.19026039041712928,0.5,0.2945970850581079,0.0,0.0,0.0
ensemble_volmanaged,25.0,2015-05-31_2016-04-30,12,-0.02892263910316195,-0.08042168629585977,-0.02892263910316195,-0.08042168629585977,0.05149904719269782,0.028922639103161927,-0.9999999999999999,-0.02892263910316195,-0.13984875260474772,0.5,0.3350545581179491,0.004084035829661123,-0.028243723352094574,0.08333333333333333
ensemble_volmanaged,25.0,2015-06-30_2016-05-31,12,-0.11184830573543092,0.021583559353247406,-0.11184830573543092,0.021583559353247406,-0.13343186508867833,0.08763475065036419,-1.30448445398568,-0.11184830573543092,-0.12048239811387595,0.4166666666666667,-0.7992513482799503,-0.21392493955130162,-0.10284475314872499,0.13888888888888887
ensemble_volmanaged,25.0,2015-07-31_2016-06-30,12,0.06634956237283318,0.08609325121736311,0.06634956237283318,0.08609325121736311,-0.019743688844529927,0.22826774640102174,0.3781560552115654,-0.11184830573543092,-0.06335332759593715,0.4166666666666667,-0.019278544413057694,0.22430944903862488,0.0679085681788767,0.19444444444444442
ensemble_volmanaged,25.0,2015-08-31_2016-07-31,12,0.0034206442047595154,0.19435729107699262,0.0034206442047595154,0.19435729107699262,-0.1909366468722331,0.23772871816713761,0.11486801478075495,-0.11184830573543092,-0.010009943632593221,0.3333333333333333,-0.6185932870542987,0.17112228377430627,-0.004293745501799506,0.27777777777777773
ensemble_volmanaged,25.0,2015-09-30_2016-08-31,12,-0.12802549179349232,0.27010420996995776,-0.12802549179349232,0.27010420996995776,-0.3981297017634501,0.27262764529683947,-0.38033784978964136,-0.18228080267956748,-0.010009943632593332,0.25,-1.3218156154589535,0.9348877326524153,-0.2858015773457824,0.3055555555555555
ensemble_volmanaged,25.0,2015-10-31_2016-09-30,12,-0.04277406367544878,0.2171792753369357,-0.04277406367544878,0.2171792753369357,-0.2599533390123845,0.2927928863591659,-0.020227113890698194,-0.18228080267956748,-0.010009943632593221,0.3333333333333333,-0.722554748471003,0.9878949377447183,-0.18569358329145125,0.3333333333333333
ensemble_volmanaged,25.0,2015-11-30_2016-10-31,12,0.021133060650169178,0.15802517726789156,0.021133060650169178,0.15802517726789156,-0.13689211661772238,0.30042776354839107,0.20251286572224114,-0.18228080267956748,-0.05046191183613391,0.3333333333333333,-0.2880062777340687,-0.022194502391990587,0.06613024354645591,0.3333333333333333
ensemble_volmanaged,25.0,2015-12-31_2016-11-30,12,0.10089369104272028,0.15325670090751609,0.10089369104272028,0.15325670090751609,-0.052363009864795806,0.3090209657899526,0.4496472125085105,-0.18228080267956748,-0.05046191183613402,0.4166666666666667,-0.026540994170671798,0.14212714462873957,0.12459457060679435,0.4166666666666667
ensemble_volmanaged,25.0,2016-01-31_2016-12-31,12,0.5905334682031202,0.1471553785298949,0.5905334682031202,0.1471553785298949,0.44337808967322534,0.5311064596891821,1.0990567466472094,-0.18228080267956748,-0.05046191183613402,0.5,0.8060079183771917,-0.5359789412482311,0.9009864405785959,0.44407878411101515
ensemble_volmanaged,25.0,2016-02-29_2017-01-31,12,0.42091527934865813,0.12910312615333996,0.42091527934865813,0.12910312615333996,0.29181215319531817,0.5520549151862965,0.8641781794610237,-0.18228080267956748,-0.05046191183613391,0.5,0.6187134892465678,-0.5634840190391716,0.7088719735085676,0.5001452140285113
ensemble_volmanaged,25.0,2016-03-31_2017-02-28,12,0.7633787406551333,0.1492046756740173,0.7633787406551333,0.1492046756740173,0.614174064981116,0.584762761232829,1.2280021245470203,-0.18228080267956748,-0.05046191183613402,0.5833333333333334,0.9703179334802565,0.031509291645707635,0.9999967263023266,0.5567994100217661
ensemble_volmanaged,25.0,2016-04-30_2017-03-31,12,0.8892225615609508,0.17503808646495478,0.8892225615609508,0.17503808646495478,0.714184475095996,0.58113931993287,1.358460965457533,-0.18228080267956748,-0.05046191183613402,0.5833333333333334,1.0568612824658494,-0.073135222887965,1.172725851287269,0.6138789966761683
ensemble_volmanaged,25.0,2016-05-31_2017-04-30,12,0.8531800131953271,0.19627580709932912,0.8531800131953271,0.19627580709932912,0.656904206095998,0.5847173713709447,1.318464143300852,-0.18228080267956737,-0.05046191183613402,0.5833333333333334,0.985076846886488,-0.2928206872639212,1.2205899800215936,0.5835273009863203
ensemble_volmanaged,25.0,2016-06-30_2017-05-31,12,0.9602693659173707,0.16211773486732262,0.9602693659173707,0.16211773486732262,0.798151631050048,0.5722169719362363,1.4396304181217565,-0.18228080267956748,-0.05046191183613402,0.5833333333333334,1.1669743862678181,0.38691762354666426,1.0973985969123818,0.6113050787640982
ensemble_volmanaged,25.0,2016-07-31_2017-06-30,12,0.6423215368033237,0.11985678631409691,0.6423215368033237,0.11985678631409691,0.5224647504892268,0.5561247083749706,1.1311170293763617,-0.13099803831764567,-0.05046191183613402,0.5833333333333334,0.9092285274150333,-0.17736516074546615,0.8827709798566099,0.6390828565418759
ensemble_volmanaged,25.0,2016-08-31_2017-07-31,12,0.8195629379360292,0.08878533946639733,0.8195629379360292,0.08878533946639733,0.7307775984696319,0.5430445340005983,1.3453677121067726,-0.10664232614110625,-0.05046191183613402,0.6666666666666666,1.1803314677672276,0.3618844029534733,0.9722553022925655,0.6390828565418759
ensemble_volmanaged,25.0,2016-09-30_2017-08-31,12,0.9733285595542507,0.09996258200034913,0.9733285595542507,0.09996258200034913,0.8733659775539016,0.5191782967132371,1.5486611217606192,-0.10664232614110636,-0.05046191183613402,0.6666666666666666,1.3447306809759096,-0.051507497950861895,1.1879814358383438,0.6946384120974315
ensemble_volmanaged,25.0,2016-10-31_2017-09-30,12,0.7969926441583826,0.1075588143605537,0.7969926441583826,0.1075588143605537,0.6894338297978289,0.5220960166203206,1.3521173358489342,-0.10664232614110636,-0.0004923640702735321,0.5833333333333334,1.1351343398380527,-0.18339383749626326,1.0221291645774833,0.750193967652987
ensemble_volmanaged,25.0,2016-11-30_2017-10-31,12,0.4049795475800462,0.1559996199134983,0.4049795475800462,0.1559996199134983,0.24897992766654786,0.5680766657720823,0.8330235923084058,-0.24060240716905257,-0.008932388259170088,0.5,0.5816716443339943,2.5306127456608607,0.10691610649043404,0.8335273009863203
ensemble_volmanaged,25.0,2016-12-31_2017-11-30,12,0.39042625623005645,0.19992461049678534,0.39042625623005645,0.19992461049678534,0.1905016457332711,0.5673565759807416,0.8143975551687225,-0.24060240716905257,-0.008932388259169977,0.4166666666666667,0.49207648995349923,1.1945382147672043,0.26841126990351305,0.8057495232085424
ensemble_volmanaged,25.0,2017-01-31_2017-12-31,12,-0.03348844475667212,0.24773371905633135,-0.03348844475667212,0.24773371905633135,-0.28122216381300347,0.3542313516014676,0.06089814097160597,-0.24060240716905257,-0.008932388259170088,0.3333333333333333,-0.6343628966146841,2.7049590069411735,-0.4531591608504012,0.8616707390975273
ensemble_volmanaged,25.0,2017-02-28_2018-01-31,12,-0.10717762400468922,0.22472528642954592,-0.10717762400468922,0.22472528642954592,-0.33190291043423514,0.38240561287653135,-0.12170250121069535,-0.3284936451595617,-0.008932388259170088,0.3333333333333333,-0.739448403374086,3.167251056256346,-0.5147042170552214,0.8889376425133645
ensemble_volmanaged,25.0,2017-03-31_2018-02-28,12,-0.23886718266396512,0.11150665310004948,-0.23886718266396512,0.11150665310004948,-0.3503738357640146,0.2862436168959469,-0.8020691463748991,-0.3284936451595615,-0.06307407298992962,0.3333333333333333,-1.1942999809217623,0.5214004335778433,-0.25256771918343646,0.9156167798534428
ensemble_volmanaged,25.0,2017-04-30_2018-03-31,12,-0.2902979887696736,0.054403018339003184,-0.2902979887696736,0.054403018339003184,-0.3447010071086768,0.26996703424419105,-1.1185840267224643,-0.3051626804621955,-0.09250223900477905,0.3333333333333333,-1.2883174516836575,0.2781414041770282,-0.27576621903727994,0.9418705265323742
ensemble_volmanaged,25.0,2017-05-31_2018-04-30,12,-0.27109543356528487,0.042771960341875914,-0.27109543356528487,0.042771960341875914,-0.3138673939071608,0.26887429690771825,-1.0272734880076473,-0.3051626804621955,-0.09416874157139277,0.3333333333333333,-1.162375218987839,0.28632323945158755,-0.2542916147049967,0.9429389170700712
ensemble_volmanaged,25.0,2017-06-30_2018-05-31,12,-0.3183916542330556,-0.005226881237519021,-0.3183916542330556,-0.005226881237519021,-0.3131647729955366,0.27845796520755617,-1.2173561292025037,-0.3500384182552101,-0.12207676452647664,0.3333333333333333,-1.211993860652919,0.4586514522628984,-0.29128350840919714,0.8939572121749144
ensemble_volmanaged,25.0,2017-07-31_2018-06-30,12,-0.36663709906355635,0.0163507796990916,-0.36663709906355635,0.0163507796990916,-0.38298787876264795,0.27803487188616716,-1.475289419166162,-0.39248040522748107,-0.12207676452647676,0.25,-1.5232771231161717,0.3776479803538965,-0.3470270229497644,0.8798970140177431
ensemble_volmanaged,25.0,2017-08-31_2018-07-31,12,-0.07970879669258912,0.02633003466478856,-0.07970879669258912,0.02633003466478856,-0.10603883135737768,0.615973690971191,0.10083681373159367,-0.3553748964806219,-0.12207676452647653,0.25,0.048661751824657165,0.8351676683871382,0.03552147636108072,0.8532841012397339
ensemble_volmanaged,25.0,2017-09-30_2018-08-31,12,0.3587521887011338,0.012828519177035869,0.3587521887011338,0.012828519177035869,0.3459236695240979,0.7208151481777082,0.7090939557265084,-0.3551634474914984,-0.12207676452647664,0.3333333333333333,0.6842327933511636,0.6001951742570163,0.6313962758254423,0.8249320776742765
ensemble_volmanaged,25.0,2017-10-31_2018-09-30,12,0.2506607596274639,-0.028994428060318933,0.2506607596274639,-0.028994428060318933,0.27965518768778286,0.7303055783534275,0.5909851738236994,-0.27845978484431033,-0.12207676452647676,0.3333333333333333,0.6282839006147231,0.8570521210222478,0.5570989403770179,0.8249320776742765
ensemble_volmanaged,25.0,2017-11-30_2018-10-31,12,0.7083792199698888,0.017470333624036494,0.7083792199698888,0.017470333624036494,0.6909088863458523,0.7014599412209185,1.0504464779507712,-0.27845978484431033,-0.12207676452647676,0.4166666666666667,1.0281380421475828,0.8808880441596606,1.002931704260528,0.8249320776742767
ensemble_volmanaged,25.0,2017-12-31_2018-11-30,12,0.5410377604315417,-0.025356283802123625,0.5410377604315417,-0.025356283802123625,0.5663940442336654,0.7083117789508024,0.8927361638585403,-0.27845978484431033,-0.12207676452647687,0.4166666666666667,0.9311746901035242,0.9521615731898996,0.8861866589324117,0.8527098554520544
ensemble_volmanaged,25.0,2018-01-31_2018-12-31,12,1.029119253810682,-0.01099995180484914,1.029119253810682,-0.01099995180484914,1.040119205615531,0.7545087777539338,1.2596473295273396,-0.17357326912078053,-0.12095719505337177,0.5,1.3200908708571413,2.2177987031871393,1.521468594004375,0.8249320776742765
ensemble_volmanaged,25.0,2018-02-28_2019-01-31,12,1.72403939534267,-0.023323412109537922,1.72403939534267,-0.023323412109537922,1.747362807452208,0.701827827883525,1.7568982150824308,-0.17357326912078064,-0.06297476655901424,0.5833333333333334,1.8684268651343692,2.1634265455759127,2.346170157910325,0.8249320776742765
ensemble_volmanaged,25.0,2018-03-31_2019-02-28,12,2.0701022531060795,0.045204178762284775,2.0701022531060795,0.045204178762284775,2.0248980743437945,0.7053325184430781,1.938723518577549,-0.17272243870527704,-0.032589089243883484,0.5833333333333334,1.9555846919377573,2.8431761432090727,2.224464775995803,0.8246348785574544
ensemble_volmanaged,25.0,2018-04-30_2019-03-31,12,1.4704889276332214,0.07686204312787948,1.4704889276332214,0.07686204312787948,1.393626884505342,0.7645304896091719,1.533409515955482,-0.1961348842350683,-0.031039511736595693,0.5,1.4836919850500374,3.1225608488192482,1.4480626070023583,0.8200895529273028
ensemble_volmanaged,25.0,2018-05-31_2019-04-30,12,1.4042701046213164,0.03769148450195714,1.4042701046213164,0.03769148450195714,1.3665786201193593,0.769431043233018,1.4895621787976199,-0.2346387403048108,-0.04957195403333192,0.5,1.500593933674507,3.0961006305154224,1.6562671623665763,0.8493728580794536
ensemble_volmanaged,25.0,2018-06-30_2019-05-31,12,2.2952321707082004,0.09645960452265201,2.2952321707082004,0.09645960452265201,2.198772566185548,0.7515551460119444,1.9710697210507693,-0.2346387403048108,-0.04957195403333203,0.5833333333333334,1.9119712444646557,2.841426304134061,2.1602804374676388,0.8731095153621878
ensemble_volmanaged,25.0,2018-07-31_2019-06-30,12,2.526960823970496,0.07648721996967378,2.526960823970496,0.07648721996967378,2.4504736040008224,0.7362656760713531,2.101276820807358,-0.2346387403048107,-0.04957195403333203,0.5833333333333334,2.090110869635671,3.3919960820441517,2.3853537849110795,0.8544413465053883
ensemble_volmanaged,25.0,2018-08-31_2019-07-31,12,1.4466524836566408,0.051509897202665744,1.4466524836566408,0.051509897202665744,1.395142586453975,0.6055595922765709,1.7886006983797456,-0.2346387403048107,-0.04957195403333203,0.5833333333333334,1.8064035908036766,3.0009283012244325,1.427718506203402,0.8559240827654925
ensemble_volmanaged,25.0,2018-09-30_2019-08-31,12,0.7132034592979519,0.032217370272061396,0.7132034592979519,0.032217370272061396,0.6809860890258905,0.5163165657713255,1.2898671937121817,-0.2346387403048107,-0.05569706120271434,0.5,1.370130851975574,3.4849962046157765,0.6970238306000898,0.8564983285531719
ensemble_volmanaged,25.0,2018-10-31_2019-09-30,12,0.5277280148255492,0.0680196854801034,0.5277280148255492,0.0680196854801034,0.4597083293454458,0.553104607398719,1.0239701433087989,-0.2346387403048108,-0.05569706120271445,0.5,0.9724743097469832,3.199426914899804,0.4025026875208928,0.8564983285531719
ensemble_volmanaged,25.0,2018-11-30_2019-10-31,12,0.27010351117143716,-0.007313909877188718,0.27010351117143716,-0.007313909877188718,0.2774174210486259,0.5515706516133436,0.6784995562438437,-0.24453065268557528,-0.07977064350808971,0.4166666666666667,0.741503236754989,3.129688839881212,0.46085082552551904,0.856498328553172
ensemble_volmanaged,25.0,2018-12-31_2019-11-30,12,-0.03868161601080422,0.01695714726683817,-0.03868161601080422,0.01695714726683817,-0.05563876327764239,0.6277572148590279,0.22342371579503106,-0.4496803975111794,-0.07977064350808971,0.4166666666666667,0.19295910757791004,1.2507865781585246,0.1193758968460159,0.856498328553172
ensemble_volmanaged,25.0,2019-01-31_2019-12-31,12,-0.5798444598062501,-0.0907583313333864,-0.5798444598062501,-0.0907583313333864,-0.4890861284728637,0.6660597977627871,-0.9070552110518454,-0.6819403033123489,-0.08173242622854304,0.3333333333333333,-0.790430439921898,1.5391432587435576,-0.37789821510832944,0.8842761063309498
ensemble_volmanaged,25.0,2019-02-28_2020-01-31,12,-0.6891026408016818,-0.15374678206850467,-0.6891026408016818,-0.15374678206850467,-0.5353558587331771,0.6535926189717053,-1.3651412620152126,-0.7392617303796926,-0.157070533612218,0.25,-1.171492700120512,1.6181690989495103,-0.47965112926502085,0.8608548687991244
ensemble_volmanaged,25.0,2019-03-31_2020-02-29,12,-0.6962026811984051,-0.2983301643039218,-0.6962026811984051,-0.2983301643039218,-0.39787251689448333,0.6419330199359746,-1.4323562595948844,-0.7386539172138986,-0.2968733323797681,0.25,-0.8406353595356152,-0.531575831715312,-0.6827656032628948,0.8431654511622965
ensemble_volmanaged,25.0,2019-04-30_2020-03-31,12,-0.6290193735229344,-0.26938100433105683,-0.6290193735229344,-0.26938100433105683,-0.3596383691918775,0.6303381529710923,-1.1766793641723605,-0.7386539172138984,-0.2897384073692094,0.25,-0.6625771184668335,-0.32022743579924573,-0.5787852751666127,0.8052953985452577
ensemble_volmanaged,25.0,2019-05-31_2020-04-30,12,-0.6123398570911887,-0.23441422140073764,-0.6123398570911887,-0.23441422140073764,-0.377925635690451,0.6328173729188578,-1.1044242074044237,-0.7386539172138985,-0.2897384073692094,0.25,-0.6674309942299378,-0.2685232953987832,-0.5459320920879116,0.7539831399541245
ensemble_volmanaged,25.0,2019-06-30_2020-05-31,12,-0.663926735239878,-0.22854562482453433,-0.663926735239878,-0.22854562482453433,-0.43538111041534366,0.5659853546187331,-1.5263642580055514,-0.7386539172138985,-0.2897384073692095,0.25,-0.9930631293856799,-0.41586292674814707,-0.6329756897820762,0.7258232559767309
ensemble_volmanaged,25.0,2019-07-31_2020-06-30,12,-0.6508438974279063,-0.1941752572672133,-0.6508438974279063,-0.1941752572672133,-0.456668640160693,0.5727216102723829,-1.4404109898980366,-0.7386539172138984,-0.2827760862119635,0.25,-1.0029879166876519,-0.24766228978500382,-0.5956056137586256,0.7052720968533864
ensemble_volmanaged,25.0,2019-08-31_2020-07-31,12,-0.6653662517442687,-0.1722348942847023,-0.6653662517442687,-0.1722348942847023,-0.49313135745956643,0.5643726212114875,-1.5391636189864024,-0.7317675736086166,-0.27948217627529803,0.16666666666666666,-1.1324587110603692,-0.20097017281513022,-0.6082455821158745,0.6771227472339761
ensemble_volmanaged,25.0,2019-09-30_2020-08-31,12,-0.5852954529591177,-0.21057570090232802,-0.5852954529591177,-0.21057570090232802,-0.37471975205678965,0.6297865352790426,-1.009113212826723,-0.6730981755375776,-0.27948217627529803,0.25,-0.6035596217282307,-0.48773085765815266,-0.5326916252541674,0.6510036311719524
ensemble_volmanaged,25.0,2019-10-31_2020-09-30,12,-0.44812780811738107,-0.1766274605970889,-0.44812780811738107,-0.1766274605970889,-0.2715003475202922,0.6287892434138151,-0.5790935645517449,-0.654865851874479,-0.2794821762752979,0.3333333333333333,-0.28853602240657206,-0.20915059202672426,-0.33328885580185663,0.6232082288483334
ensemble_volmanaged,25.0,2019-11-30_2020-10-31,12,-0.29170309152773444,-0.06643817837031618,-0.29170309152773444,-0.06643817837031618,-0.22526491315741826,0.6740050841198779,-0.1419239817693769,-0.5262057385542537,-0.2794821762752979,0.4166666666666667,-0.08507325954574484,0.19698207456395309,-0.08509899623164585,0.5954128265247144
ensemble_volmanaged,25.0,2019-12-31_2020-11-30,12,0.026229843799927544,-0.050871312509224054,0.026229843799927544,-0.050871312509224054,0.0771011563091516,0.6108656685707775,0.37867629082955195,-0.18022222766450025,-0.2358764964179022,0.4166666666666667,0.40549959689356874,0.4587393967236503,0.26788860624119626,0.565134133843775
ensemble_volmanaged,25.0,2020-01-31_2020-12-31,12,0.6157481239209228,-0.013079995771551722,0.6157481239209228,-0.013079995771551722,0.6288281196924745,0.404600107151352,1.3923046783381703,-0.0900392126400954,-0.16758179221927783,0.4166666666666667,1.1658070870918216,0.09670195600893058,0.7310470565647134,0.5112867816912124
ensemble_volmanaged,25.0,2020-02-29_2021-01-31,12,1.2070458839789433,0.14471568274700242,1.2070458839789433,0.14471568274700242,1.0623302012319409,0.3240543747195018,2.6641571315976997,-0.09003921264009529,-0.07033476780972703,0.5,1.5860127990714687,-0.21393671392084918,1.3792283663433076,0.4933739585596946
ensemble_volmanaged,25.0,2020-03-31_2021-02-28,12,0.7901218132495063,0.3187076559568369,0.7901218132495063,0.3187076559568369,0.47141415729266933,0.32969714138506845,1.9509704495232776,-0.09003921264009529,-0.07033476780972703,0.4166666666666667,1.0782970115321684,0.5527035218615659,0.6034097677271497,0.467742480400537
ensemble_volmanaged,25.0,2020-04-30_2021-03-31,12,0.6994006154752164,0.2712264885896778,0.6994006154752164,0.2712264885896778,0.4281741268855386,0.34494407686713646,1.7205144272293904,-0.11932829552028523,-0.07033476780972714,0.4166666666666667,1.0283613769302817,0.691816201870715,0.5066699070082901,0.4716385464007889
ensemble_volmanaged,25.0,2020-05-31_2021-04-30,12,0.873175333312739,0.2511461011810818,0.873175333312739,0.2511461011810818,0.6220292321316572,0.34238663028807703,2.030503101990599,-0.11932829552028512,-0.07033476780972703,0.5,1.3654655900124537,0.5993203014306898,0.7152261883629314,0.46972852813373517
ensemble_volmanaged,25.0,2020-06-30_2021-05-31,12,0.6493765474628628,0.22018559574957508,0.6493765474628628,0.22018559574957508,0.4291909517132877,0.35910928754063604,1.5783185913232036,-0.11932829552028512,-0.07033476780972703,0.4166666666666667,1.0151759234963786,0.638917706141254,0.5261362302225425,0.4937881500220152
ensemble_volmanaged,25.0,2020-07-31_2021-06-30,12,0.46940923388728084,0.1787337447456181,0.46940923388728084,0.1787337447456181,0.29067548914166275,0.3791633933423623,1.1957379966459394,-0.15355564697732638,-0.07033476780972703,0.4166666666666667,0.7528415769910718,0.6815653340281064,0.38756159943240487,0.5311767013866008
ensemble_volmanaged,25.0,2020-08-31_2021-07-31,12,0.36735539072985346,0.17406019021811336,0.36735539072985346,0.17406019021811336,0.1932952005117401,0.3915801066030505,0.9791927294689167,-0.20672496297329435,-0.0471551797914731,0.4166666666666667,0.5541061272282186,0.6901501830705437,0.29760274679905785,0.570892384648481
ensemble_volmanaged,25.0,2020-09-30_2021-08-31,12,0.08211954470403526,0.29094300690606567,0.08211954470403526,0.29094300690606567,-0.2088234622020304,0.34688037133259286,0.3792396101939566,-0.24196126530784923,-0.0471551797914731,0.3333333333333333,-0.5258236104965824,1.9417487977766772,-0.32450658139505206,0.6247892784882826
ensemble_volmanaged,25.0,2020-10-31_2021-09-30,12,0.5019398897065215,0.285307502281577,0.5019398897065215,0.285307502281577,0.2166323874249445,0.6120602558731081,0.9070611427916344,-0.24196126530784934,-0.04715517979147299,0.3333333333333333,0.5388909767037988,2.6109612773043276,-0.12137397292685204,0.6248069030341239
ensemble_volmanaged,25.0,2020-11-30_2021-10-31,12,0.5079813095771468,0.164192612882329,0.5079813095771468,0.164192612882329,0.3437886966948178,0.6135541692107664,0.9128222437314459,-0.24196126530784934,-0.04715517979147299,0.3333333333333333,0.6978788409094877,2.2777832671720692,0.21742334120582352,0.6526023053577429
ensemble_volmanaged,25.0,2020-12-31_2021-11-30,12,0.3535677726047457,0.10075285366229347,0.3535677726047457,0.10075285366229347,0.2528149189424522,0.6213409388292734,0.7274476157088534,-0.24196126530784945,-0.04715517979147321,0.3333333333333333,0.6043098145104806,2.9949159308344657,0.1610620796454847,0.6828809980386822
ensemble_volmanaged,25.0,2021-01-31_2021-12-31,12,0.1688826471447169,0.1311417024200292,0.1688826471447169,0.1311417024200292,0.0377409447246877,0.6603588903589346,0.4964497681064527,-0.25556795560314505,-0.04715517979147299,0.3333333333333333,0.31880922701177417,2.9255270988510755,-0.045127202034694336,0.7367283501912446
ensemble_volmanaged,25.0,2021-02-28_2022-01-31,12,0.12156742252348063,0.1035559333431273,0.12156742252348063,0.1035559333431273,0.018011489180353335,0.6549688041135361,0.43132940118729357,-0.25556795560314494,-0.008710521467504728,0.3333333333333333,0.2884061843630283,3.3773756238800514,-0.05976893660969851,0.7502846330768099
ensemble_volmanaged,25.0,2021-03-31_2022-02-28,12,0.07873541927684768,0.1814244316261513,0.07873541927684768,0.1814244316261513,-0.10268901234930361,0.6606573494716841,0.372987241004861,-0.27296836745571573,-0.008710521467504728,0.3333333333333333,0.12014784309194898,4.192561638757776,-0.37717771421859003,0.7939027279896179
ensemble_volmanaged,25.0,2021-04-30_2022-03-31,12,0.055321598462762855,0.2056999327796627,0.055321598462762855,0.2056999327796627,-0.15037833431689984,0.66391963491234,0.34068919985465035,-0.33719334880837026,-0.008710521467504728,0.3333333333333333,0.05581945101115177,3.743641135265042,-0.3907633630831232,0.8324220402365565
ensemble_volmanaged,25.0,2021-05-31_2022-04-30,12,0.06186987308874192,0.20202014645819677,0.06186987308874192,0.20202014645819677,-0.14015027336945485,0.6648237211216804,0.3504612204837708,-0.33719334880837004,-0.011058901373715124,0.3333333333333333,0.07083159628568213,3.448392225392909,-0.34251146204293836,0.8856443170947434
ensemble_volmanaged,25.0,2021-06-30_2022-05-31,12,0.04908001678542062,0.1547230806668567,0.04908001678542062,0.1547230806668567,-0.10564306388143607,0.6662838087326793,0.3325829179566791,-0.33719334880837015,-0.04389760737316839,0.3333333333333333,0.11474881768388234,2.712061984022701,-0.16446688158802125,0.9149896267962793
ensemble_volmanaged,25.0,2021-07-31_2022-06-30,12,0.12294531274480192,0.14515293481688385,0.12294531274480192,0.14515293481688385,-0.022207622072081934,0.6595657920679253,0.4348188237261967,-0.33719334880837015,-0.04389760737316839,0.3333333333333333,0.2313988472789302,2.7666513228895284,-0.09366686196380913,0.9308806015690091
ensemble_volmanaged,25.0,2021-08-31_2022-07-31,12,0.25141154543991084,0.16719366722844042,0.25141154543991084,0.16719366722844042,0.08421787821147042,0.6528687391483385,0.6035005960324377,-0.33719334880837015,-0.04389760737316839,0.4166666666666667,0.3730318013713129,2.642544110680665,-0.024721549882095184,0.9444444444444443
ensemble_volmanaged,25.0,2021-09-30_2022-08-31,12,0.14787474505914355,0.11990803732841937,0.14787474505914355,0.11990803732841937,0.027966707730724183,0.66769308578897,0.47169230907433773,-0.3794541332896535,-0.04389760737316817,0.4166666666666667,0.31008994091456255,3.1293286829586036,-0.05045514491163128,0.9444444444444443
ensemble_volmanaged,25.0,2021-10-31_2022-09-30,12,-0.10801931555683897,0.07700156092153554,-0.10801931555683897,0.07700156092153554,-0.1850208764783745,0.44639815375563885,-0.05133134491898585,-0.3794541332896536,-0.04389760737316828,0.4166666666666667,-0.22184194023143644,0.1882797484043966,-0.03677402677516761,0.9722222222222222
ensemble_volmanaged,25.0,2021-11-30_2022-10-31,12,-0.296694153763423,0.0837751064100245,-0.296694153763423,0.0837751064100245,-0.3804692601734475,0.37500063855528526,-0.7495604685075996,-0.34496815901563704,-0.04389760737316839,0.3333333333333333,-0.9891573575550336,0.9557859717388897,-0.3066045911695694,0.9722222222222222
ensemble_volmanaged,25.0,2021-12-31_2022-11-30,12,-0.21209378276779256,0.04089310124175727,-0.21209378276779256,0.04089310124175727,-0.25298688400954983,0.38255137402267597,-0.4368800038861989,-0.22418081886513497,-0.052330809109684795,0.4166666666666667,-0.5446179674677025,0.28406051704100627,-0.16539955781039228,0.9722222222222222
ensemble_volmanaged,25.0,2022-01-31_2022-12-31,12,-0.07686332186614608,0.03139589518781816,-0.07686332186614608,0.03139589518781816,-0.10825921705396424,0.3249674128793061,-0.09927025037395787,-0.22418081886513486,-0.0538908420070876,0.4166666666666667,-0.20408851803384642,0.4754853330793866,-0.04744320865415241,0.9722222222222222
ensemble_volmanaged,25.0,2022-02-28_2023-01-31,12,-0.20154171342745997,-0.006523085673795559,-0.20154171342745997,-0.006523085673795559,-0.1950186277536644,0.3197459533765449,-0.5547372633838797,-0.15153353228011313,-0.053890842007087936,0.3333333333333333,-0.5280861606831597,-0.002650656007156126,-0.16365141322640264,0.9999999999999999
ensemble_volmanaged,25.0,2022-03-31_2023-02-28,12,-0.19085492134943471,-0.03763942955797195,-0.19085492134943471,-0.03763942955797195,-0.15321549179146277,0.3167981311300951,-0.5214972442811797,-0.21187754609519238,-0.05860315994470999,0.3333333333333333,-0.40856661459936444,0.5662128914757154,-0.135503095632462,0.9999999999999999
ensemble_volmanaged,25.0,2022-04-30_2023-03-31,12,-0.1653290664280086,-0.0433257664262765,-0.1653290664280086,-0.0433257664262765,-0.1220033000017321,0.31065886306267454,-0.43922599156383657,-0.2588328800927797,-0.052003665957635614,0.3333333333333333,-0.3083896252851903,0.8606856259911617,-0.09564835651476233,0.9999999999999999
ensemble_volmanaged,25.0,2022-05-31_2023-04-30,12,-0.23105078928164913,-0.07213752035282106,-0.23105078928164913,-0.07213752035282106,-0.15891326892882807,0.28686547603076235,-0.7785345535761259,-0.2588328800927797,-0.07596598010903766,0.3333333333333333,-0.5304643783399768,0.5786391135641833,-0.16728493676617662,0.972222222222222
ensemble_volmanaged,25.0,2022-06-30_2023-05-31,12,0.3631468153494857,-0.0361282154897381,0.3631468153494857,-0.0361282154897381,0.3992750308392238,0.7290133003587902,0.6848399284481074,-0.2588328800927797,-0.07596598010903755,0.4166666666666667,0.7385959320865086,1.444889461712721,0.7106633208733535,0.9444444444444442
ensemble_volmanaged,25.0,2022-07-31_2023-06-30,12,0.5336594768501057,-0.0028433046031512976,0.5336594768501057,-0.0028433046031512976,0.536502781453257,0.7301969771827734,0.8535227855017986,-0.2588328800927796,-0.07596598010903743,0.5,0.8650343011713336,1.5741447589855277,0.835313824222627,0.9444444444444442
ensemble_volmanaged,25.0,2022-08-31_2023-07-31,12,0.38938655098760555,-0.031389184091800915,0.38938655098760555,-0.031389184091800915,0.42077573507940647,0.737872461308372,0.7114941780278706,-0.2588328800927797,-0.0655917893195096,0.4166666666666667,0.7618125770570674,1.8615581745072938,0.7611996219457924,0.9444444444444443
ensemble_volmanaged,25.0,2022-09-30_2023-08-31,12,0.20717386975872754,-0.014331580574544756,0.20717386975872754,-0.014331580574544756,0.2215054503332723,0.774345956967387,0.5295303869885117,-0.27944064023159476,-0.06559178931950937,0.4166666666666667,0.5493540023961052,1.3960505856133907,0.5210936961156492,0.9444444444444443
ensemble_volmanaged,25.0,2022-10-31_2023-09-30,12,0.012265019034776614,-0.04883569016310929,0.012265019034776614,-0.04883569016310929,0.061100709197885905,0.7590948727362163,0.2896751104602612,-0.288416164210446,-0.06327241269436523,0.4166666666666667,0.3542804119780901,1.13767023174106,0.31083536686964797,0.9166666666666665
ensemble_volmanaged,25.0,2022-11-30_2023-10-31,12,0.307960732012331,-8.074453772832779e-05,0.307960732012331,-8.074453772832779e-05,0.3080414765500593,0.7879899277811114,0.6358066864070445,-0.2884161642104459,-0.04084242285001627,0.5,0.6456727846370746,2.142482993251793,0.6209599998740845,0.9166666666666665
ensemble_volmanaged,25.0,2022-12-31_2023-11-30,12,-0.027229447604891766,0.06162621592425688,-0.027229447604891766,0.06162621592425688,-0.08885566352914864,0.8266170333343524,0.2770671147346711,-0.30157067022621953,-0.04084242285001627,0.4166666666666667,0.202975429981634,1.672045425648831,0.13001307313350852,0.9166666666666665
ensemble_volmanaged,25.0,2023-01-31_2023-12-31,12,-0.15689870371240144,0.05389394652891433,-0.15689870371240144,0.05389394652891433,-0.21079265024131577,0.8512981290542951,0.12487256932540294,-0.4426899517475913,-0.04084242285001627,0.4166666666666667,0.059790542395905664,1.965295241244983,-0.004193512804841704,0.9166666666666665
ensemble_volmanaged,25.0,2023-02-28_2024-01-31,12,-0.057313235473839264,0.06910062416905749,-0.057313235473839264,0.06910062416905749,-0.12641385964289675,0.8471796872165529,0.25505282975021176,-0.4426899517475913,-0.04084242285001627,0.5,0.17444301006632226,1.9259901946737734,0.08297178643853576,0.9166666666666665
ensemble_volmanaged,25.0,2023-03-31_2024-02-29,12,-0.028746257696994126,0.07105311702696282,-0.028746257696994126,0.07105311702696282,-0.09979937472395695,0.8441515023306831,0.2890344483053081,-0.4504104584935934,-0.04084242285001627,0.5,0.2063731637162774,1.874790884990329,0.11362072827748637,0.9166666666666665
ensemble_volmanaged,25.0,2023-04-30_2024-03-31,12,0.12082165557390923,0.04605177038880415,0.12082165557390923,0.04605177038880415,0.07476988518510508,0.8416145099434752,0.46197960679117794,-0.4504104584935934,-0.028914327222309355,0.5833333333333334,0.41058497419621015,1.8967238128943702,0.34007359520876324,0.9166666666666665
ensemble_volmanaged,25.0,2023-05-31_2024-04-30,12,0.09396702548122193,0.05087612226469651,0.09396702548122193,0.05087612226469651,0.04309090321652542,0.842466511271026,0.43260129125511126,-0.4504104584935933,-0.04720745865673304,0.5833333333333334,0.37610828264296237,2.1327121674290295,0.2820197613807691,0.9444444444444443
ensemble_volmanaged,25.0,2023-06-30_2024-05-31,12,-0.31745862864811025,0.06029804021364593,-0.31745862864811025,0.06029804021364593,-0.3777566688617562,0.4950953703539892,-0.5230996119516444,-0.4504104584935932,-0.04720745865673304,0.5833333333333334,-0.6861193607574226,2.1926822150245284,-0.33102081928878413,0.9722222222222222
ensemble_volmanaged,25.0,2023-07-31_2024-06-30,12,-0.34200522357620133,0.046802268590376395,-0.34200522357620133,0.046802268590376395,-0.38880749216657773,0.4845243819657219,-0.617283316225443,-0.4191320896975612,-0.04720745865673304,0.5833333333333334,-0.7525293420937684,2.0263325003244876,-0.3330411577520649,0.9166666666666666
ensemble_volmanaged,25.0,2023-08-31_2024-07-31,12,1.0069501360903526,0.10318514893952901,1.0069501360903526,0.10318514893952901,0.9037649871508235,1.9684565681264141,0.8334542601466857,-0.378882914151933,-0.04720745865673315,0.6666666666666666,0.8043482883615889,11.920572810965613,0.5009817486895707,0.8888888888888888
ensemble_volmanaged,25.0,2023-09-30_2024-08-31,12,1.063063326219524,0.08473288946892565,1.063063326219524,0.08473288946892565,0.9783304367505983,1.9641400461030896,0.8461267954534671,-0.378882914151933,-0.04720745865673315,0.6666666666666666,0.8274843133483095,11.760502818749965,0.8782301745668029,0.8888888888888888
ensemble_volmanaged,25.0,2023-10-31_2024-09-30,12,0.9698744957389311,0.12170948346779942,0.9698744957389311,0.12170948346779942,0.8481650122711317,1.9683818516176959,0.8216414155515946,-0.378882914151933,-0.047207458656732815,0.5833333333333334,0.7838495046815165,12.983315161930566,0.06851593530452216,0.9081661265677744
ensemble_volmanaged,25.0,2023-11-30_2024-10-31,12,0.6705642654236166,0.004734660022875703,0.6705642654236166,0.004734660022875703,0.6658296054007409,1.9660655054778593,0.7265093233649821,-0.26181201131568965,-0.07254414974326939,0.5833333333333334,0.7427951159308109,9.924051395355153,2.5243895449784026,0.8973521591232553
ensemble_volmanaged,25.0,2023-12-31_2024-11-30,12,1.1039687949774803,-0.026522408525777696,1.1039687949774803,-0.026522408525777696,1.130491203503258,1.9390821880706035,0.8422257843687633,-0.26181201131568976,-0.07702368625268241,0.5833333333333334,0.8823875700388057,11.664124456631951,4.77497995365631,0.8666852370546648
ensemble_volmanaged,25.0,2024-01-31_2024-12-31,12,1.932238415319313,-0.013699490369203038,1.932238415319313,-0.013699490369203038,1.945937905688516,1.9044578560909406,1.0224816214885475,-0.26181201131568965,-0.07702368625268208,0.6666666666666666,1.0622310325511117,11.407332936694559,5.623640582751732,0.8431332541246742
ensemble_volmanaged,25.0,2024-02-29_2025-01-31,12,1.5741666665004246,-0.14290566323586873,1.5741666665004246,-0.14290566323586873,1.7170723297362933,1.9175919608685137,0.9493059864789046,-0.26181201131568965,-0.18252959118595857,0.6666666666666666,1.0658136452160505,6.516229975836423,10.838076647924746,0.802686477214444
ensemble_volmanaged,25.0,2024-03-31_2025-02-28,12,1.410642136833554,-0.10676537761977256,1.410642136833554,-0.10676537761977256,1.5174075144533266,1.9254744384812637,0.9141093851793445,-0.3022922516464194,-0.1825295911859588,0.6666666666666666,1.0017854470822878,5.431264137608508,7.214172304542474,0.7821668171053279
ensemble_volmanaged,25.0,2024-04-30_2025-03-31,12,1.59611898892036,-0.06461005552580057,1.59611898892036,-0.06461005552580057,1.6607290444461604,1.9243783409087707,0.9580203596006545,-0.3022922516464194,-0.18252959118595868,0.6666666666666666,1.022070427233504,5.0298512152366595,5.9834816054712325,0.7481660253321772
ensemble_volmanaged,25.0,2024-05-31_2025-04-30,12,2.008582545562541,0.02942056800377868,2.008582545562541,0.02942056800377868,1.9791619775587623,1.916392819175726,1.0442705265807821,-0.30229225164641926,-0.18252959118595857,0.6666666666666666,1.0568918406607841,4.37675038911537,4.391866588708879,0.7072173008557479
ensemble_volmanaged,25.0,2024-06-30_2025-05-31,12,1.737883005174219,-0.019239253194651806,1.737883005174219,-0.019239253194651806,1.7571222583688706,1.925649378839134,0.9909250475981216,-0.30229225164641926,-0.18252959118595835,0.5833333333333334,1.0300996235531947,4.523208309584731,4.967191192678974,0.662982361669574
ensemble_volmanaged,25.0,2024-07-31_2025-06-30,12,1.611035237686278,0.03150250800801424,1.611035237686278,0.03150250800801424,1.5795327296782637,1.9286605716842533,0.9635530826377816,-0.3022922516464194,-0.1825295911859589,0.5,0.9696347706504078,3.5853829299031523,3.8264148494941628,0.6727200652499254
ensemble_volmanaged,25.0,2024-08-31_2025-07-31,12,-0.1380456647972952,0.02082724764079913,-0.1380456647972952,0.02082724764079913,-0.15887291243809432,0.3947666498360043,-0.1895132967006528,-0.18927222738895244,-0.1720911800730176,0.4166666666666667,-0.30296249818355725,0.7211256317631837,-0.09772243791059321,0.6428057595900162
ensemble_volmanaged,25.0,2024-09-30_2025-08-31,12,0.11419529970778663,0.07082064647411035,0.11419529970778663,0.07082064647411035,0.043374653233676286,0.32078955917156887,0.4809436130990747,-0.18927222738895233,-0.1720911800730176,0.4166666666666667,0.2178639649225606,0.5741294626167508,0.10990619242080513,0.6210352488584197
ensemble_volmanaged,25.0,2024-10-31_2025-09-30,12,0.01836539457238806,0.07787885846139209,0.01836539457238806,0.07787885846139209,-0.059513463889004026,0.3490778638261785,0.20964224565360645,-0.1982495887261686,-0.11858833109117162,0.4166666666666667,-0.05746404383409042,0.5484100502538566,0.02244005183408304,0.6077652782257154
ensemble_volmanaged,25.0,2024-11-30_2025-10-31,12,-0.062468570607777885,0.1960061542824556,-0.062468570607777885,0.1960061542824556,-0.2584747248902335,0.34643161180447046,-0.030378270132425784,-0.2216320709488373,-0.11795970406671652,0.3333333333333333,-0.6355921730567543,0.7221853399701,-0.14183248320951103,0.5766924993779509
ensemble_volmanaged,25.0,2024-12-31_2025-11-30,12,0.30475935601312054,0.22133541890163522,0.30475935601312054,0.22133541890163522,0.08342393711148532,0.51708599271299,0.7326920734270669,-0.2216320709488374,-0.11795970406671652,0.4166666666666667,0.32120820132390154,0.7062840823928597,0.2504927083844448,0.5666413192117347
ensemble_volmanaged,25.0,2025-01-31_2025-12-31,12,0.2287185514429797,0.17166648362633885,0.2287185514429797,0.17166648362633885,0.05705206781664085,0.5100928153129233,0.6156791619176546,-0.2216320709488373,-0.03669877287899381,0.4166666666666667,0.27602578527459315,0.6491132594078359,0.21906977434487618,0.5901933021417253
ensemble_volmanaged,25.0,2025-02-28_2026-01-31,12,0.15564623068930117,0.31334945156909844,0.15564623068930117,0.31334945156909844,-0.15770322087979727,0.5259519274062487,0.49396810547833175,-0.2216320709488373,-0.04758367670999886,0.3333333333333333,-0.04429568371577461,0.7421079432295874,0.05111012949891647,0.6040239912242827
ensemble_volmanaged,25.0,2025-03-31_2026-02-28,12,-0.030774794852175824,0.08257309459079365,-0.030774794852175824,0.08257309459079365,-0.11334788944296947,0.5820247178397466,0.20005629913368542,-0.3604900074104188,-0.18488813271044613,0.3333333333333333,0.031697651763955524,1.4373826646129435,-0.02743478032419111,0.597927563505726
ensemble_volmanaged,25.0,2025-04-30_2026-03-31,12,-0.2272660505128048,0.028079656548997578,-0.2272660505128048,0.028079656548997578,-0.2553457070618024,0.5591755094117967,-0.21549822949476047,-0.40410364277736044,-0.19546042589812018,0.25,-0.3436404672111263,1.3536482139780293,-0.1705167942460083,0.6319283552788767
ensemble_volmanaged,25.0,2025-05-31_2026-04-30,12,-0.2991148645507645,-0.14610708694572017,-0.2991148645507645,-0.14610708694572017,-0.15300777760504436,0.535547797985765,-0.4246381986218869,-0.40410364277736044,-0.29138146686445754,0.25,-0.1870157548301441,0.7346145029526886,-0.12314948665033987,0.6267611366317489
ensemble_volmanaged,25.0,2025-06-30_2026-05-31,12,-0.30042011544759883,-0.18541351506394133,-0.30042011544759883,-0.18541351506394133,-0.11500660038365751,0.5356929183300823,-0.42779516776331555,-0.4161510965235322,-0.34737666250868915,0.3333333333333333,-0.10359070203770081,0.7156086192628112,-0.09841484322830785,0.6248801326943656
ensemble_volmanaged,25.0,2025-07-31_2026-06-30,12,-0.27523247562425,-0.1667764227923394,-0.27523247562425,-0.1667764227923394,-0.10845605283191062,0.5402775220344842,-0.3558436557696525,-0.4161510965235321,-0.34737666250868904,0.3333333333333333,-0.07997248446487183,0.7449166496494823,-0.07666069464163683,0.6302051678862367
ensemble_volmanaged,25.0,2025-08-31_2026-07-31,11,-0.23923243472468625,-0.20361006057922837,-0.257909768573631,-0.2199234939209873,-0.0379862746526437,0.5655150921882096,-0.2795848131433983,-0.4161510965235321,-0.34737666250868904,0.36363636363636365,0.10925215171006099,0.8352001822071622,0.022173242330589815,0.6595242741715535
