model,cost_bps,period,months,strategy_total_return,benchmark_total_return,strategy_cagr,benchmark_cagr,excess_cagr,strategy_volatility,strategy_sharpe_rf0,strategy_max_drawdown,benchmark_max_drawdown,active_hit_rate,information_ratio,beta_to_benchmark,annualized_alpha_rf0,average_monthly_turnover
existing_composite,25.0,2015-01-31_2015-12-31,12,0.0,-0.12747007924802523,0.0,-0.12747007924802523,0.12747007924802523,0.0,,0.0,-0.23461549146957172,0.5,0.7954677585200284,0.0,0.0,0.0
existing_composite,25.0,2015-02-28_2016-01-31,12,-0.0033252026600650852,-0.12464243166357358,-0.0033252026600650852,-0.12464243166357358,0.1213172290035085,0.0033252026600650644,-1.0,-0.0033252026600650852,-0.23461549146957184,0.5,0.743137497122814,-0.006439623003246128,-0.004095842495616342,0.08333333333333333
existing_composite,25.0,2015-03-31_2016-02-29,12,0.044929380343118996,-0.12200459979370504,0.044929380343118996,-0.12200459979370504,0.16693398013682403,0.048830277862987936,0.9234101036059643,-0.0033252026600650852,-0.19026047013875313,0.5833333333333334,1.0331129387149502,0.04765983102089649,0.05190068790058189,0.1111111111111111
existing_composite,25.0,2015-04-30_2016-03-31,12,0.07227772579167469,-0.0487261301192532,0.07227772579167469,-0.0487261301192532,0.12100385591092788,0.053430554965476884,1.3337463214556666,-0.0033252026600650852,-0.19026047013875313,0.5833333333333334,0.7877458632693696,0.048072047436611684,0.07573710801464206,0.1111111111111111
existing_composite,25.0,2015-05-31_2016-04-30,12,0.1291311234368151,-0.08042164366594717,0.1291311234368151,-0.08042164366594717,0.20955276710276227,0.07056258326214458,1.7613294458695206,-0.0033252026600650852,-0.13984886986493428,0.6666666666666666,1.3679987259834046,0.05530394670991869,0.13627211002551554,0.13888888888888887
existing_composite,25.0,2015-06-30_2016-05-31,12,0.28693795403037115,0.021583414106036036,0.28693795403037115,0.021583414106036036,0.2653545399243351,0.14612886666913924,1.8069221207701363,-0.0033252026600650852,-0.12048248506773218,0.6666666666666666,1.4633086255898218,0.37343854474317445,0.2845997310222046,0.19444444444444442
existing_composite,25.0,2015-07-31_2016-06-30,12,0.411505878042689,0.0860932538897814,0.411505878042689,0.0860932538897814,0.3254126241529076,0.16148019298763389,2.2345621166070866,-0.0033252026600650852,-0.06335335533136455,0.6666666666666666,1.637316184076466,0.47014562638986235,0.368696121566064,0.2222222222222222
existing_composite,25.0,2015-08-31_2016-07-31,12,0.5206122919250571,0.19435731551835667,0.5206122919250571,0.19435731551835667,0.3262549764067004,0.16425451845809297,2.667417659453554,-0.0033252026600650852,-0.010009956345255477,0.6666666666666666,1.5706319897500465,0.5377974384330454,0.3966817617613583,0.25
existing_composite,25.0,2015-09-30_2016-08-31,12,0.689365389025705,0.2701043538895269,0.689365389025705,0.2701043538895269,0.4192610351361781,0.17451336485074742,3.1465353606085613,-0.0033252026600650852,-0.010009956345255477,0.6666666666666666,1.6677051331542918,0.24436722390734059,0.6156515717360826,0.3055555555555555
existing_composite,25.0,2015-10-31_2016-09-30,12,0.8782295014914581,0.21713191795584685,0.8782295014914581,0.21713191795584685,0.6610975835356112,0.17830223568440334,3.706674590932726,-0.0033252026600650852,-0.010009956345255366,0.75,2.639900324848553,0.6479923889533827,0.6816948099893858,0.3611111111111111
existing_composite,25.0,2015-11-30_2016-10-31,12,1.1877371060863227,0.15798016020915506,1.1877371060863227,0.15798016020915506,1.0297569458771676,0.19785035879102983,4.173332133121608,-0.0033252026600650852,-0.05046191183613391,0.75,2.775081929825104,-0.6273998942078645,1.4283346750942667,0.38888888888888884
existing_composite,25.0,2015-12-31_2016-11-30,12,1.2257955513298073,0.15321182844166992,1.2257955513298073,0.15321182844166992,1.0725837228881374,0.19192643425957176,4.392784787241787,-0.0033252026600650852,-0.05046191183613402,0.75,2.959589272843049,-0.5667205182375159,1.4414137008934609,0.38888888888888884
existing_composite,25.0,2016-01-31_2016-12-31,12,1.3472103641341082,0.14711071499834882,1.3472103641341082,0.14711071499834882,1.2000996491357594,0.17734026622595542,5.061684472118164,0.0,-0.05046191183613413,0.8333333333333334,3.3576405784112473,-0.596580544487152,1.5708732796405283,0.4166666666666666
existing_composite,25.0,2016-02-29_2017-01-31,12,1.5988211597714046,0.12905921429286393,1.5988211597714046,0.12905921429286393,1.4697619454785407,0.1570099522874509,6.3975543160343005,0.0,-0.05046191183613391,0.9166666666666666,4.453807433505778,-0.3662870057751229,1.737617968162387,0.3888888888888889
existing_composite,25.0,2016-03-31_2017-02-28,12,1.4046614156011823,0.14915985778953056,1.4046614156011823,0.14915985778953056,1.2555015578116517,0.1918815297783646,4.826685711079039,-0.029912285315066844,-0.05046191183613402,0.8333333333333334,3.284778436826482,-0.6350349654038012,1.6555963681134154,0.38888888888888884
existing_composite,25.0,2016-04-30_2017-03-31,12,1.5202032069889948,0.1749923153912778,1.5202032069889948,0.1749923153912778,1.345210891597717,0.18374558778072567,5.308745101506562,-0.029912285315066955,-0.05046191183613413,0.8333333333333334,3.4428659599167153,-0.7463659891673294,1.863642415192952,0.4444444444444444
existing_composite,25.0,2016-05-31_2017-04-30,12,1.4026297601886726,0.19622916884670505,1.4026297601886726,0.19622916884670505,1.2064005913419675,0.19800396467708742,4.6783535908250835,-0.029912285315066844,-0.05046191183613402,0.75,3.0151708484938613,-0.8263481076222089,1.8089939226091407,0.5
existing_composite,25.0,2016-06-30_2017-05-31,12,1.0550249005996801,0.1620726033918518,1.0550249005996801,0.1620726033918518,0.8929522972078283,0.20949262221830525,3.6346662466936643,-0.029912285315066844,-0.05046191183613391,0.6666666666666666,2.305166663442106,-1.3286437972842668,1.533474665336826,0.47222222222222215
existing_composite,25.0,2016-07-31_2017-06-30,12,0.8083080173923667,0.11981317604468589,0.8083080173923667,0.11981317604468589,0.6884948413476808,0.22725995101542423,2.771098418047396,-0.0591424631788976,-0.05046191183613402,0.5833333333333334,1.8513747367765032,-1.5395709145414802,1.188250381789926,0.49999999999999994
existing_composite,25.0,2016-08-31_2017-07-31,12,0.6087865394522312,0.0887429950023102,0.6087865394522312,0.0887429950023102,0.520043544449921,0.24359721877007978,2.0972938508366332,-0.0982509570582435,-0.05046191183613402,0.5,1.4542540309591816,-1.769322967057198,0.9128516872082006,0.5277777777777778
existing_composite,25.0,2016-09-30_2017-08-31,12,0.6507247254007222,0.09991973328039871,0.6507247254007222,0.09991973328039871,0.5508049921203235,0.25396963275980566,2.1256719833867277,-0.0982509570582435,-0.05046191183613402,0.5,1.4872844337480684,-1.6876098459750464,0.9847998902191759,0.5277777777777778
existing_composite,25.0,2016-10-31_2017-09-30,12,0.6668837064399187,0.1075588143605537,0.6668837064399187,0.1075588143605537,0.559324892079365,0.25730412961774185,2.140422419663989,-0.0982509570582436,-0.0004923640702735321,0.5,1.4955843438219665,-1.5480337422968973,0.9999477671928632,0.5
existing_composite,25.0,2016-11-30_2017-10-31,12,0.3615223969835468,0.1559996199134983,0.3615223969835468,0.1559996199134983,0.2055227770700485,0.23745665858758958,1.4207173906001007,-0.0982509570582435,-0.008932388259170088,0.4166666666666667,0.8154039566265692,0.9574932036217567,0.2156845712476103,0.5
existing_composite,25.0,2016-12-31_2017-11-30,12,0.3024315168481284,0.19992461049678534,0.3024315168481284,0.19992461049678534,0.10250690635134307,0.2436551858848682,1.203353015981619,-0.0982509570582436,-0.008932388259169977,0.4166666666666667,0.4164307204443084,-0.24813874692388613,0.3973719273712757,0.5277777777777777
existing_composite,25.0,2017-01-31_2017-12-31,12,0.4283729414166124,0.24773371905633135,0.4283729414166124,0.24773371905633135,0.18063922236028107,0.27652540956646743,1.4290733306070977,-0.0982509570582435,-0.008932388259170088,0.4166666666666667,0.6124572686172316,0.4806096838286639,0.3276053245884909,0.5277777777777777
existing_composite,25.0,2017-02-28_2018-01-31,12,0.4831758154933994,0.22472528642954592,0.4831758154933994,0.22472528642954592,0.25845052906385346,0.2911683755932598,1.5026150687276985,-0.09825095705824338,-0.008932388259170088,0.4166666666666667,0.7690148660907727,0.01885422763286958,0.5310652748836973,0.5277777777777777
existing_composite,25.0,2017-03-31_2018-02-28,12,0.5021204559545713,0.11150665310004948,0.5021204559545713,0.11150665310004948,0.39061380285452185,0.28833697338042014,1.5603442638803353,-0.0982509570582436,-0.06307407298992962,0.5,1.1816193897697866,0.5455649002945656,0.4667016414155307,0.5277777777777777
existing_composite,25.0,2017-04-30_2018-03-31,12,0.7132085769060439,0.054403018339003184,0.7132085769060439,0.054403018339003184,0.6588055585670407,0.34424647689171023,1.7459540597441916,-0.09825095705824338,-0.09250223900477905,0.5,1.4745257136472976,-0.16799393775948687,0.8146236333444434,0.5277777777777778
existing_composite,25.0,2017-05-31_2018-04-30,12,0.9363744089867758,0.042771960341875914,0.9363744089867758,0.042771960341875914,0.8936024486448999,0.3498959542315588,2.091501316336282,-0.07499895583401461,-0.09416874157139277,0.5833333333333334,1.8303853425072727,-0.1891490256452699,1.0520932277709671,0.5
existing_composite,25.0,2017-06-30_2018-05-31,12,1.1464128826421964,-0.005226881237519021,1.1464128826421964,-0.005226881237519021,1.1516397638797153,0.33725296298916546,2.4834509155495352,-0.07405283188881318,-0.12207676452647664,0.6666666666666666,2.3176265953065025,-0.11406413753503337,1.247264516965081,0.5
existing_composite,25.0,2017-07-31_2018-06-30,12,1.1694141605710526,0.0163507796990916,1.1694141605710526,0.0163507796990916,1.153063380871961,0.33389287851168764,2.539417822816473,-0.07405283188881329,-0.12207676452647676,0.6666666666666666,2.2620947189440996,-0.26865425418677535,1.2817963747214214,0.4444444444444444
existing_composite,25.0,2017-08-31_2018-07-31,12,1.16128555484481,0.02633003466478856,1.16128555484481,0.02633003466478856,1.1349555201800214,0.3352262836602155,2.5186043050361056,-0.07405283188881306,-0.12207676452647653,0.6666666666666666,2.1962560121924866,-0.3540656368786857,1.2857070998968987,0.4166666666666666
existing_composite,25.0,2017-09-30_2018-08-31,12,0.8146765101559728,0.012828519177035869,0.8146765101559728,0.012828519177035869,0.8018479909789369,0.34357609917348675,1.9253042451281521,-0.10852431495550019,-0.12207676452647664,0.5833333333333334,1.7105684133093866,-0.30290445557017437,0.914455725484683,0.4166666666666667
existing_composite,25.0,2017-10-31_2018-09-30,12,0.6348774856278496,-0.028994428060318933,0.6348774856278496,-0.028994428060318933,0.6638719136881686,0.33767220393977104,1.6295475615513353,-0.1085243149555003,-0.12207676452647676,0.5833333333333334,1.5425579553369695,-0.3234881965565323,0.7005839990751668,0.4444444444444445
existing_composite,25.0,2017-11-30_2018-10-31,12,0.6552480492859427,0.017470333624036494,0.6552480492859427,0.017470333624036494,0.6377777156619062,0.334245718150582,1.6817191699928962,-0.1314495622682723,-0.12207676452647676,0.5833333333333334,1.406362869847998,-0.5676217666238392,0.7554267868433844,0.47222222222222227
existing_composite,25.0,2017-12-31_2018-11-30,12,1.0666893492065843,-0.025356283802123625,1.0666893492065843,-0.025356283802123625,1.0920456330087078,0.3624851202737375,2.2180874120729266,-0.1314495622682722,-0.12207676452647687,0.6666666666666666,2.1943074219963776,0.08269948372238027,1.1810462667720416,0.5277777777777778
existing_composite,25.0,2018-01-31_2018-12-31,12,0.9339752177409715,-0.01099995180484914,0.9339752177409715,-0.01099995180484914,0.9449751695458206,0.34986522719309204,2.085822490589107,-0.1314495622682722,-0.12095719505337177,0.6666666666666666,1.966010343444834,-0.15114887044860986,1.0293614973985568,0.5555555555555556
existing_composite,25.0,2018-02-28_2019-01-31,12,0.6264738448282268,-0.023323412109537922,0.6264738448282268,-0.023323412109537922,0.6497972569377647,0.34899155003343363,1.5689965887100146,-0.1314495622682723,-0.06297476655901424,0.5833333333333334,1.5282953597230273,-0.053524522780923296,0.7066804696005837,0.5277777777777778
existing_composite,25.0,2018-03-31_2019-02-28,12,0.7181872076126448,0.045204178762284775,0.7181872076126448,0.045204178762284775,0.67298302885036,0.34239002047331446,1.7610513594912283,-0.1314495622682723,-0.032589089243883484,0.5833333333333334,1.4991664048591085,-0.579139972862745,0.8496132475655482,0.5555555555555555
existing_composite,25.0,2018-04-30_2019-03-31,12,0.10756393724225521,0.07686204312787948,0.10756393724225521,0.07686204312787948,0.03070189411437574,0.3735210994091502,0.44721134813396307,-0.20931085995343113,-0.031039511736595693,0.5,0.2401045004381777,0.5803001114099066,0.12897036411395146,0.5555555555555556
existing_composite,25.0,2018-05-31_2019-04-30,12,-0.1283697087463389,0.03769148450195714,-0.1283697087463389,0.03769148450195714,-0.16606119324829605,0.36642107428449383,-0.20376489033248169,-0.29394787791624977,-0.04957195403333192,0.4166666666666667,-0.3315618121803373,1.1024879470515732,-0.11393687065399127,0.5833333333333334
existing_composite,25.0,2018-06-30_2019-05-31,12,-0.12964443403829518,0.09645960452265201,-0.12964443403829518,0.09645960452265201,-0.22610403856094718,0.3660157319401361,-0.20830824351135332,-0.29394787791624966,-0.04957195403333203,0.4166666666666667,-0.5182185325102492,1.847172392209474,-0.22657380402777438,0.6111111111111112
existing_composite,25.0,2018-07-31_2019-06-30,12,-0.15211177262528341,0.07648721996967378,-0.15211177262528341,0.07648721996967378,-0.2285989925949572,0.3682400042338738,-0.27543070609799364,-0.29394787791624977,-0.04957195403333203,0.4166666666666667,-0.5365711818943081,1.961128113296396,-0.22625041538910562,0.638888888888889
existing_composite,25.0,2018-08-31_2019-07-31,12,-0.04025320151781164,0.051509897202665744,-0.04025320151781164,0.051509897202665744,-0.09176309872047739,0.37600597116001616,0.06527544053735614,-0.29394787791624977,-0.04957195403333203,0.5,-0.08572433933726537,1.8002989217356427,-0.07058093002342436,0.6388888888888888
existing_composite,25.0,2018-09-30_2019-08-31,12,-0.024586098022287062,0.032217370272061396,-0.024586098022287062,0.032217370272061396,-0.05680346829434846,0.37429037286588884,0.10731841772758009,-0.29394787791624977,-0.05569706120271434,0.5,0.012283171639464066,1.6913256456072605,-0.020436319234844236,0.611111111111111
existing_composite,25.0,2018-10-31_2019-09-30,12,0.06957500320648857,0.0680196854801034,0.06957500320648857,0.0680196854801034,0.0015553177263851747,0.3890391614982876,0.35422518490529753,-0.29394787791624966,-0.05569706120271445,0.5,0.1908006169010405,1.9502078282364403,0.0017014931445289427,0.611111111111111
existing_composite,25.0,2018-11-30_2019-10-31,12,0.061819075433440895,-0.007313909877188718,0.061819075433440895,-0.007313909877188718,0.06913298531062961,0.3900451024242126,0.33540344213798085,-0.29394787791624977,-0.07977064350808971,0.5,0.38800879130735355,2.4009049093179518,0.14835271543376138,0.5833333333333333
existing_composite,25.0,2018-12-31_2019-11-30,12,-0.05564794850031041,0.01695714726683817,-0.05564794850031041,0.01695714726683817,-0.07260509576714858,0.33211164563638157,-0.010863897418743553,-0.29394787791624977,-0.07977064350808971,0.5,-0.08775143487290012,1.8514086333231827,-0.042646703346554626,0.5555555555555555
existing_composite,25.0,2019-01-31_2019-12-31,12,-0.18807065876436146,-0.0907583313333864,-0.18807065876436146,-0.0907583313333864,-0.09731232743097507,0.3255677912046607,-0.4772221569635974,-0.29394787791624977,-0.08173242622854304,0.4166666666666667,-0.2288493286971777,1.7400269628883747,0.0015103154509816807,0.5277777777777778
existing_composite,25.0,2019-02-28_2020-01-31,12,-0.17519221386484285,-0.15374678206850467,-0.17519221386484285,-0.15374678206850467,-0.021445431796338177,0.32472754934058107,-0.4313862339354569,-0.29394787791624966,-0.157070533612218,0.5,0.0630942935693106,1.1540478179932034,0.04366479222752018,0.5277777777777777
existing_composite,25.0,2019-03-31_2020-02-29,12,-0.2174616692534842,-0.2983301643039218,-0.2174616692534842,-0.2983301643039218,0.08086849505043758,0.32019773877645485,-0.6036014623773749,-0.10704208983802888,-0.2968733323797681,0.5,0.4171972899210654,0.43660225545551384,-0.048095443702929064,0.49999999999999994
existing_composite,25.0,2019-04-30_2020-03-31,12,-0.13061175325243413,-0.26938100433105683,-0.13061175325243413,-0.26938100433105683,0.1387692510786227,0.27062074533498387,-0.38990835947106284,-0.21207231714862118,-0.2897384073692094,0.5,0.6201941422639188,0.3340107199446599,-0.009005465741298901,0.49999999999999994
existing_composite,25.0,2019-05-31_2020-04-30,12,-0.04912789429056352,-0.23441422140073764,-0.04912789429056352,-0.23441422140073764,0.18528632711017412,0.24959879607479435,-0.08743773388124398,-0.23046976045450907,-0.2897384073692094,0.5,0.7722955988790091,0.2738934526022206,0.045604070282045495,0.47222222222222227
existing_composite,25.0,2019-06-30_2020-05-31,12,-0.20287062147035262,-0.22854562482453433,-0.20287062147035262,-0.22854562482453433,0.025675003354181714,0.24892532145320734,-0.7885406214304822,-0.3039119243962246,-0.2897384073692095,0.4166666666666667,0.12191734256968792,0.06220211464230551,-0.16728382902094763,0.5
existing_composite,25.0,2019-07-31_2020-06-30,12,-0.09995718414806765,-0.1941752572672133,-0.09995718414806765,-0.1941752572672133,0.09421807311914565,0.2609312748175569,-0.2820734893731703,-0.30391192439622494,-0.2827760862119635,0.5,0.37469206822982004,0.20405421849058253,-0.03424585612421116,0.5555555555555555
existing_composite,25.0,2019-08-31_2020-07-31,12,-0.20693042749354107,-0.1722348942847023,-0.20693042749354107,-0.1722348942847023,-0.03469553320883878,0.2453948298460536,-0.8234073861459561,-0.30391192439622494,-0.27948217627529803,0.4166666666666667,-0.12700514122663975,0.1639541240585161,-0.161879487470726,0.5833333333333334
existing_composite,25.0,2019-09-30_2020-08-31,12,-0.1717231669658742,-0.21057570090232802,-0.1717231669658742,-0.21057570090232802,0.038852533936453826,0.247188929368454,-0.6427312130603434,-0.30391192439622494,-0.27948217627529803,0.5,0.15527807223450135,0.11651130208442101,-0.1265982492375829,0.6111111111111112
existing_composite,25.0,2019-10-31_2020-09-30,12,-0.22083900392343248,-0.1766274605970889,-0.22083900392343248,-0.1766274605970889,-0.04421154332634358,0.21880438304485744,-1.0266857641041596,-0.30391192439622483,-0.2794821762752979,0.4166666666666667,-0.198118226653952,0.12501576852569946,-0.18598491274294005,0.5833333333333334
existing_composite,25.0,2019-11-30_2020-10-31,12,-0.1945603203959907,-0.06643817837031618,-0.1945603203959907,-0.06643817837031618,-0.1281221420256745,0.21715447894132373,-0.8859643765917464,-0.30391192439622483,-0.2794821762752979,0.4166666666666667,-0.49275232066307656,0.10379848706663693,-0.1731871224422299,0.5833333333333334
existing_composite,25.0,2019-12-31_2020-11-30,12,-0.08818696555752359,-0.050871312509224054,-0.08818696555752359,-0.050871312509224054,-0.037315653048299535,0.312505657249008,-0.1589123947628188,-0.25191538849859274,-0.2358764964179022,0.4166666666666667,-0.0872238985134101,0.27498480738174763,-0.04372678391916629,0.5833333333333334
existing_composite,25.0,2020-01-31_2020-12-31,12,0.13935573870738582,-0.013079995771551722,0.13935573870738582,-0.013079995771551722,0.15243573447893755,0.3441824351677374,0.530368309476202,-0.23582795063909157,-0.16758179221927783,0.5,0.40449955656981085,0.16817383883985862,0.19480239127000432,0.611111111111111
existing_composite,25.0,2020-02-29_2021-01-31,12,0.5503256083926449,0.14471568274700242,0.5503256083926449,0.14471568274700242,0.40560992564564247,0.46390698340902575,1.154657362976891,-0.22394633559206978,-0.07033476780972703,0.5,0.7760201372675238,0.4055609877103608,0.5831518907863271,0.611111111111111
existing_composite,25.0,2020-03-31_2021-02-28,12,0.9456966011639594,0.3187076559568369,0.9456966011639594,0.3187076559568369,0.6269889452071225,0.49540436221437745,1.5881442704318929,-0.11655842185319776,-0.07033476780972703,0.5,0.94172973145269,-0.04038813384841075,1.1665564121845038,0.638888888888889
existing_composite,25.0,2020-04-30_2021-03-31,12,1.1772008934943843,0.2712264885896778,1.1772008934943843,0.2712264885896778,0.9059744049047065,0.46225348103291847,1.928148216981814,-0.09543765815504945,-0.07033476780972714,0.5,1.31772983529695,0.1531998289464709,1.2780233396063778,0.611111111111111
existing_composite,25.0,2020-05-31_2021-04-30,12,1.6761456921012017,0.2511461011810818,1.6761456921012017,0.2511461011810818,1.4249995909201199,0.4648656042638833,2.3987800934476597,-0.047647586256671204,-0.07033476780972703,0.5833333333333334,1.7642851673226707,-0.029580909537760117,1.9234750411805082,0.611111111111111
existing_composite,25.0,2020-06-30_2021-05-31,12,2.049188718594899,0.22018559574957508,2.049188718594899,0.22018559574957508,1.829003122845324,0.4244744536577922,2.924092105980978,-0.047647586256671315,-0.07033476780972703,0.6666666666666666,2.279555521698739,0.098693008116567,2.1963023227150007,0.5555555555555555
existing_composite,25.0,2020-07-31_2021-06-30,12,3.3078055804516815,0.1787337447456181,3.3078055804516815,0.1787337447456181,3.129071835706063,0.5889722111431746,2.8593736220374417,-0.01703670158090531,-0.07033476780972703,0.6666666666666666,2.4861202353590057,0.1337950503413993,3.73520302464176,0.47222222222222215
existing_composite,25.0,2020-08-31_2021-07-31,12,3.7312903075932597,0.17406019021811336,3.7312903075932597,0.17406019021811336,3.5572301173751466,0.5632526712340421,3.1561570920633755,-0.01703670158090531,-0.0471551797914731,0.75,2.766892107970937,0.1592135160543443,4.122280042580579,0.4444444444444444
existing_composite,25.0,2020-09-30_2021-08-31,12,2.675595210818862,0.29094300690606567,2.675595210818862,0.29094300690606567,2.384652203912796,0.6588090130807808,2.3542913842029676,-0.2107529441658823,-0.0471551797914731,0.6666666666666666,1.8719113906325453,-0.47571289292921004,3.808684580099073,0.4166666666666666
existing_composite,25.0,2020-10-31_2021-09-30,12,2.398363927667353,0.285307502281577,2.398363927667353,0.285307502281577,2.1130564253857758,0.674519347992719,2.182793491030146,-0.23867362053380636,-0.04715517979147299,0.6666666666666666,1.7199975056985652,-0.5826820852248827,3.5903543126386124,0.4166666666666666
existing_composite,25.0,2020-11-30_2021-10-31,12,2.7541279980548734,0.164192612882329,2.7541279980548734,0.164192612882329,2.589935385172544,0.6598427895406814,2.38817845009033,-0.23867362053380625,-0.04715517979147299,0.75,2.1248812807263557,0.1383509092643278,3.3110007208604415,0.47222222222222215
existing_composite,25.0,2020-12-31_2021-11-30,12,1.4095528735075065,0.10075285366229347,1.4095528735075065,0.10075285366229347,1.308800019845213,0.7343812241362626,1.5491003846944948,-0.3471477201289106,-0.04715517979147321,0.6666666666666666,1.3905523756589062,-0.3638562737909263,2.0658475697689664,0.4444444444444444
existing_composite,25.0,2021-01-31_2021-12-31,12,1.233410621731743,0.1311417024200292,1.233410621731743,0.1311417024200292,1.102268919311714,0.7307182106306359,1.4405485991888005,-0.3471477201289106,-0.04715517979147299,0.6666666666666666,1.25256759284008,-0.13989930181506832,1.7882898620967658,0.4444444444444444
existing_composite,25.0,2021-02-28_2022-01-31,12,0.9505345193869319,0.1035559333431273,0.9505345193869319,0.1035559333431273,0.8469785860438046,0.6873658091306603,1.2859545761302753,-0.3471477201289106,-0.008710521467504728,0.6666666666666666,1.0991531997324615,-2.1567664467819587,1.8741275108998945,0.47222222222222227
existing_composite,25.0,2021-03-31_2022-02-28,12,0.6277503181341593,0.1814244316261513,0.6277503181341593,0.1814244316261513,0.446325886508008,0.6647888756798747,1.0219985160496852,-0.3471477201289107,-0.008710521467504728,0.6666666666666666,0.7562327905905026,-1.2505920986346144,1.362803966961526,0.47222222222222227
existing_composite,25.0,2021-04-30_2022-03-31,12,0.7055177817997214,0.2056999327796627,0.7055177817997214,0.2056999327796627,0.49981784902005866,0.6607592963777644,1.0993040005463985,-0.3471477201289106,-0.008710521467504728,0.75,0.7978413666501766,-1.678598896188005,1.7248400740990206,0.47222222222222215
existing_composite,25.0,2021-05-31_2022-04-30,12,0.32205797284924165,0.20202014645819677,0.32205797284924165,0.20202014645819677,0.12003782639104488,0.65348725809036,0.6985114278205106,-0.3471477201289107,-0.011058901373715124,0.6666666666666666,0.41196180963944007,0.4178113140022825,0.4513130851875833,0.44444444444444436
existing_composite,25.0,2021-06-30_2022-05-31,12,0.21896011721542163,0.1547230806668567,0.21896011721542163,0.1547230806668567,0.06423703654856494,0.6593939998197135,0.5703645258273897,-0.3471477201289107,-0.04389760737316839,0.5833333333333334,0.3489993499790647,0.9695952487894367,0.2597027130112033,0.44444444444444436
existing_composite,25.0,2021-07-31_2022-06-30,12,0.02723179358401495,0.14515293481688385,0.02723179358401495,0.14515293481688385,-0.1179211412328689,0.4894916383017809,0.2812479121516659,-0.3471477201289106,-0.04389760737316839,0.5833333333333334,-0.0028469980763126393,0.48207090934553887,0.0729623382401241,0.49999999999999994
existing_composite,25.0,2021-08-31_2022-07-31,12,0.2632414295258074,0.16719366722844042,0.2632414295258074,0.16719366722844042,0.096047762297367,0.5616442369370144,0.6729961020092802,-0.2147355703508198,-0.04389760737316839,0.5833333333333334,0.3976899533392521,1.347831960870822,0.17721603204565062,0.49999999999999994
existing_composite,25.0,2021-09-30_2022-08-31,12,0.7012807429867087,0.11990803732841937,0.7012807429867087,0.11990803732841937,0.5813727056582894,0.495672927003439,1.3147021520795725,-0.2147355703508198,-0.04389760737316817,0.6666666666666666,1.1122006262074107,1.4941495292726958,0.5958364011156272,0.5277777777777778
existing_composite,25.0,2021-10-31_2022-09-30,12,0.6748668260177058,0.07700156092153554,0.6748668260177058,0.07700156092153554,0.5978652650961702,0.4988450803057031,1.2763193169603064,-0.2147355703508198,-0.04389760737316828,0.6666666666666666,1.1811465192378008,2.6572099824090354,0.5288618273755494,0.5
existing_composite,25.0,2021-11-30_2022-10-31,12,0.6857989440353485,0.0837751064100245,0.6857989440353485,0.0837751064100245,0.602023837625324,0.49950280387388135,1.2889083947923532,-0.11570558941608478,-0.04389760737316839,0.6666666666666666,1.1827519258266652,2.7734322029969483,0.5008973485010035,0.5
existing_composite,25.0,2021-12-31_2022-11-30,12,1.9897309971232913,0.04089310124175727,1.9897309971232913,0.04089310124175727,1.948837895881534,0.5125948709504206,2.440913657632333,-0.115705589416085,-0.052330809109684795,0.75,2.3503727848388865,0.40526994096288305,2.2357225084504373,0.47222222222222215
existing_composite,25.0,2022-01-31_2022-12-31,12,1.6615512570847892,0.03139589518781816,1.6615512570847892,0.03139589518781816,1.630155361896971,0.5325450259641537,2.127334569096996,-0.11570558941608489,-0.0538908420070876,0.6666666666666666,2.064466703645366,0.5253369683418687,1.9041888207573772,0.5
existing_composite,25.0,2022-02-28_2023-01-31,12,1.4862928884953526,-0.006523085673795559,1.4862928884953526,-0.006523085673795559,1.4928159741691482,0.5272103378258565,2.003559575612009,-0.11570558941608489,-0.053890842007087936,0.6666666666666666,1.996847663978805,0.13563513347838016,1.7534868690972307,0.5277777777777778
existing_composite,25.0,2022-03-31_2023-02-28,12,1.3258244537525212,-0.03763942955797195,1.3258244537525212,-0.03763942955797195,1.363463883310493,0.5390907004772988,1.8359356307259695,-0.11570558941608489,-0.05860315994470999,0.5833333333333334,1.9069712901169757,0.6291346216294841,1.6433298832283385,0.49999999999999994
existing_composite,25.0,2022-04-30_2023-03-31,12,1.2753723557401528,-0.0433257664262765,1.2753723557401528,-0.0433257664262765,1.3186981221664293,0.5419221087553497,1.785117323947524,-0.050352996986270826,-0.052003665957635614,0.5,1.8669109298557374,0.6410403105498049,1.5996919022597722,0.5277777777777778
existing_composite,25.0,2022-05-31_2023-04-30,12,0.9094062037652064,-0.07213752035282106,0.9094062037652064,-0.07213752035282106,0.9815437241180275,0.6042195886053182,1.3533574097201893,-0.24092903779531982,-0.07596598010903766,0.5,1.5167330307801286,2.33358926766486,1.5788373374470104,0.5555555555555556
existing_composite,25.0,2022-06-30_2023-05-31,12,1.0274904838986,-0.0361282154897381,1.0274904838986,-0.0361282154897381,1.0636186993883383,0.5944934037071133,1.4743539870971918,-0.24092903779531982,-0.07596598010903755,0.5833333333333334,1.5614907413149905,1.8333950717977954,1.471250540913077,0.5833333333333334
existing_composite,25.0,2022-07-31_2023-06-30,12,0.8262059526303012,-0.0028433046031512976,0.8262059526303012,-0.0028433046031512976,0.8290492572334525,0.5594212062540829,1.3400879100650123,-0.24092903779531993,-0.07596598010903743,0.5833333333333334,1.3741240840692872,1.6476815333002701,1.0684411925265533,0.5833333333333334
existing_composite,25.0,2022-08-31_2023-07-31,12,0.40473300996406825,-0.031389184091800915,0.40473300996406825,-0.031389184091800915,0.43612219405586916,0.5060759877685144,0.8947442197213528,-0.24092903779531982,-0.0655917893195096,0.5,0.9502202665263523,0.38069420438277235,0.5765237552836135,0.5555555555555556
existing_composite,25.0,2022-09-30_2023-08-31,12,0.39422459546083766,-0.014331580574544756,0.39422459546083766,-0.014331580574544756,0.4085561760353824,0.5057065394556169,0.8796744477519154,-0.24092903779531982,-0.06559178931950937,0.5,0.9034448742354045,0.49811697219897055,0.5567345767021252,0.5555555555555556
existing_composite,25.0,2022-10-31_2023-09-30,12,0.369393849124549,-0.04883569016310929,0.369393849124549,-0.04883569016310929,0.41822953928765827,0.5091671610223851,0.8404787437661313,-0.2409290377953197,-0.06327241269436523,0.5,0.946363178226222,1.1143765780629398,0.6020961488377061,0.611111111111111
existing_composite,25.0,2022-11-30_2023-10-31,12,0.2506265733291768,-8.074453772832779e-05,0.2506265733291768,-8.074453772832779e-05,0.25070731786690514,0.5051095350321266,0.6585023853121647,-0.24092903779531982,-0.04084242285001627,0.4166666666666667,0.6526237730066774,0.5753773785460373,0.38536390531985476,0.5833333333333334
existing_composite,25.0,2022-12-31_2023-11-30,12,-0.38864700891279247,0.06162621592425688,-0.38864700891279247,0.06162621592425688,-0.45027322483704935,0.44169226752329366,-0.8586414190180552,-0.41363975481981174,-0.04084242285001627,0.3333333333333333,-1.0451423585428903,1.5043249321578407,-0.3839500814564104,0.6111111111111112
existing_composite,25.0,2023-01-31_2023-12-31,12,-0.48507786446281176,0.05389394652891433,-0.48507786446281176,0.05389394652891433,-0.5389718109917261,0.47006531982384525,-1.1287485658036676,-0.5261772642991248,-0.04084242285001627,0.3333333333333333,-1.3093381992426572,1.7651575907613548,-0.4763693032092372,0.5833333333333334
existing_composite,25.0,2023-02-28_2024-01-31,12,-0.5619935213521225,0.06910062416905749,-0.5619935213521225,0.06910062416905749,-0.63109414552118,0.4482536463507821,-1.5458113659097736,-0.5494024389449192,-0.04084242285001627,0.25,-1.7997039822582277,1.8036402459014318,-0.5724826419770497,0.5555555555555556
existing_composite,25.0,2023-03-31_2024-02-29,12,-0.49433425807516984,0.07105311702696282,-0.49433425807516984,0.07105311702696282,-0.5653873751021327,0.48005192386261936,-1.1329842566364403,-0.5494024389449194,-0.04084242285001627,0.3333333333333333,-1.3368513636177706,1.6196604962393293,-0.49348756718362885,0.5833333333333334
existing_composite,25.0,2023-04-30_2024-03-31,12,-0.4952931813377329,0.04605177038880415,-0.4952931813377329,0.04605177038880415,-0.5413449517265371,0.4798259386743074,-1.1375000146461351,-0.5238613890798249,-0.028914327222309355,0.4166666666666667,-1.282003555203599,1.4447010752286051,-0.46880853082298435,0.5833333333333334
existing_composite,25.0,2023-05-31_2024-04-30,12,-0.4505827204741648,0.05087612226469651,-0.4505827204741648,0.05087612226469651,-0.5014588427388613,0.45696052390068015,-1.0430336049912488,-0.5466458887126247,-0.04720745865673304,0.4166666666666667,-1.1814574914463953,1.0075953803210822,-0.41858089043569713,0.5833333333333334
existing_composite,25.0,2023-06-30_2024-05-31,12,-0.422114256587404,0.06029804021364593,-0.422114256587404,0.06029804021364593,-0.4824122968010499,0.465950529127278,-0.9106986658082801,-0.5466458887126245,-0.04720745865673304,0.4166666666666667,-1.067850715177075,1.1200557445983244,-0.39616287558563745,0.5833333333333334
existing_composite,25.0,2023-07-31_2024-06-30,12,-0.26662321734172256,0.046802268590376395,-0.26662321734172256,0.046802268590376395,-0.31342548593209896,0.6622505745011952,-0.1732692791764307,-0.5466458887126247,-0.04720745865673304,0.4166666666666667,-0.25319987811411426,2.0078489799689834,-0.19340657173951625,0.5833333333333334
existing_composite,25.0,2023-08-31_2024-07-31,12,-0.24703334024755363,0.10318514893952901,-0.24703334024755363,0.10318514893952901,-0.35021848918708265,0.662733713271638,-0.13326356378188722,-0.5466458887126247,-0.04720745865673315,0.4166666666666667,-0.2956245210106352,1.561912538757281,-0.2225865039135998,0.638888888888889
existing_composite,25.0,2023-09-30_2024-08-31,12,-0.2013409659440213,0.08473288946892565,-0.2013409659440213,0.08473288946892565,-0.28607385541294694,0.672325083648681,-0.03614198333263919,-0.5157977248948665,-0.04720745865673315,0.4166666666666667,-0.16707658469773587,1.1767868529475363,-0.11882624626840366,0.638888888888889
existing_composite,25.0,2023-10-31_2024-09-30,12,-0.06413751042560623,0.12170948346779942,-0.06413751042560623,0.12170948346779942,-0.18584699389340564,0.6744538881508245,0.201551729265568,-0.5157977248948664,-0.047207458656732815,0.5,0.024699272672783573,1.0189814110502415,0.01431361936801201,0.638888888888889
existing_composite,25.0,2023-11-30_2024-10-31,12,-0.20227051984542643,0.004734660022875703,-0.20227051984542643,0.004734660022875703,-0.20700517986830214,0.6922929137443729,-0.017658947099356833,-0.28875344730542696,-0.07254414974326939,0.5,-0.03323162917222532,1.7110161001469908,-0.029098867774920767,0.638888888888889
existing_composite,25.0,2023-12-31_2024-11-30,12,0.06881188343758615,-0.026522408525777696,0.06881188343758615,-0.026522408525777696,0.09533429196336385,0.6100638464849971,0.35916845842945144,-0.21954335565644145,-0.07702368625268241,0.5,0.42435727022060826,2.7917163917584493,0.3190666737585448,0.638888888888889
existing_composite,25.0,2024-01-31_2024-12-31,12,1.5382452316257553,-0.013699490369203038,1.5382452316257553,-0.013699490369203038,1.5519447219949583,1.0473521708242688,1.2699450611523118,-0.21954335565644156,-0.07702368625268208,0.5833333333333334,1.3120126335770141,3.0690011842845606,2.6172045659607504,0.638888888888889
existing_composite,25.0,2024-02-29_2025-01-31,12,1.768808882232705,-0.14290566323586873,1.768808882232705,-0.14290566323586873,1.9117145454685738,1.0343318174272005,1.3671137801419593,-0.21954335565644156,-0.18252959118595857,0.6666666666666666,1.5614888827952138,2.110848716363859,3.960580343356714,0.611111111111111
existing_composite,25.0,2024-03-31_2025-02-28,12,1.2601160166759477,-0.10676537761977256,1.2601160166759477,-0.10676537761977256,1.3668813942957203,1.0552400418824948,1.1461141322908412,-0.21954335565644145,-0.1825295911859588,0.5833333333333334,1.2715230422695856,1.5102429337607313,2.6269277409942533,0.5833333333333333
existing_composite,25.0,2024-04-30_2025-03-31,12,1.3072910312745583,-0.06461005552580057,1.3072910312745583,-0.06461005552580057,1.3719010868003587,1.0533831836819327,1.1680619095565574,-0.21954335565644145,-0.18252959118595868,0.5,1.242859518896351,1.2560483257891473,2.426308358335008,0.5555555555555555
existing_composite,25.0,2024-05-31_2025-04-30,12,1.619603320847606,0.02942056800377868,1.619603320847606,0.02942056800377868,1.5901827528438273,1.02930772409063,1.3071708489718725,-0.21954335565644156,-0.18252959118595857,0.5,1.2654936588604482,0.5270522668888428,2.505775403225708,0.5555555555555555
existing_composite,25.0,2024-06-30_2025-05-31,12,1.646280355273341,-0.019239253194651806,1.646280355273341,-0.019239253194651806,1.6655196084679926,1.0287825435263984,1.3183439799050267,-0.21954335565644145,-0.18252959118595835,0.5,1.3252685434767186,0.5752751730699017,2.6219556946148304,0.5555555555555555
existing_composite,25.0,2024-07-31_2025-06-30,12,1.0403721624296849,0.03150250800801424,1.0403721624296849,0.03150250800801424,1.0088696544216706,0.9575604959139739,1.0672462620719634,-0.21954335565644156,-0.1825295911859589,0.5,1.0068734637814067,0.28676117487596015,1.6320276306223906,0.5555555555555556
existing_composite,25.0,2024-08-31_2025-07-31,12,1.5738988078972924,0.02082724764079913,1.5738988078972924,0.02082724764079913,1.5530715602564933,0.9733005519622056,1.3229044886320656,-0.21954335565644145,-0.1720911800730176,0.5833333333333334,1.2913235155437095,0.6505245192639916,2.322078156228267,0.5277777777777778
existing_composite,25.0,2024-09-30_2025-08-31,12,1.8518748714242377,0.07082064647411035,1.8518748714242377,0.07082064647411035,1.7810542249501273,0.9823450519767729,1.4337453917683394,-0.21954335565644156,-0.1720911800730176,0.5833333333333334,1.35887160557614,0.7446792481891527,2.5753648632089368,0.5277777777777778
existing_composite,25.0,2024-10-31_2025-09-30,12,1.1110624813670067,0.07787885846139209,1.1110624813670067,0.07787885846139209,1.0331836229056146,1.0299138551323086,1.0918574003450865,-0.1909430594633107,-0.11858833109117162,0.5,1.0087127539315315,0.698077398365726,1.7605750090739645,0.5277777777777778
existing_composite,25.0,2024-11-30_2025-10-31,12,2.0539042573595125,0.1960061542824556,2.0539042573595125,0.1960061542824556,1.857898103077057,1.00412737291816,1.5004763600642863,-0.19094305946331058,-0.11795970406671652,0.5833333333333334,1.2975669444212443,0.31359414054000145,2.914252277390553,0.5277777777777778
existing_composite,25.0,2024-12-31_2025-11-30,12,2.787792153162677,0.22133541890163522,2.787792153162677,0.22133541890163522,2.566456734261042,0.9768542810533875,1.7667551585081482,-0.1909430594633107,-0.11795970406671652,0.6666666666666666,1.5268611456758705,0.1528809839589746,3.871827204164142,0.5555555555555556
existing_composite,25.0,2025-01-31_2025-12-31,12,0.637861255156466,0.17166648362633885,0.637861255156466,0.17166648362633885,0.4661947715301271,0.5462284945438333,1.165494296404788,-0.19094305946331058,-0.03669877287899381,0.5833333333333334,0.8852194590832071,0.894682390643771,0.5995784453769255,0.5555555555555556
existing_composite,25.0,2025-02-28_2026-01-31,12,0.21925777991842144,0.31334945156909844,0.21925777991842144,0.31334945156909844,-0.094091671650677,0.6244238062911887,0.6068077803758173,-0.3771017401144655,-0.04758367670999886,0.5,0.16646105482237478,2.3029620339606645,-0.24077939547352367,0.5833333333333334
existing_composite,25.0,2025-03-31_2026-02-28,12,-0.16271856159347986,0.08257309459079365,-0.16271856159347986,0.08257309459079365,-0.2452916561842735,0.7396704700821571,0.1271974316907503,-0.6111123208507254,-0.18488813271044613,0.5,-0.010217574490715737,2.5024208472539953,-0.1461835445351407,0.6111111111111112
existing_composite,25.0,2025-04-30_2026-03-31,12,0.13356537163768922,0.028079656548997578,0.13356537163768922,0.028079656548997578,0.10548571508869165,0.8330788272137919,0.5490285332969824,-0.6111123208507253,-0.19546042589812018,0.5833333333333334,0.5589952981133159,2.365255291856237,0.4035030611709074,0.6111111111111112
existing_composite,25.0,2025-05-31_2026-04-30,12,-0.10836399709813738,-0.14610708694572017,-0.10836399709813738,-0.14610708694572017,0.03774308984758279,0.8770680750165011,0.28663929613110584,-0.6111123208507254,-0.29138146686445754,0.5833333333333334,0.5191500340738302,2.6439114888387607,0.7949572411152002,0.6111111111111112
existing_composite,25.0,2025-06-30_2026-05-31,12,-0.05807416816406363,-0.18541351506394133,-0.05807416816406363,-0.18541351506394133,0.1273393468998777,0.8829831467708489,0.35320367174698114,-0.6111123208507253,-0.34737666250868915,0.5833333333333334,0.6448858292864867,2.326438068162229,1.0151158986320268,0.5833333333333334
existing_composite,25.0,2025-07-31_2026-06-30,12,-0.11360383605625035,-0.1667764227923394,-0.11360383605625035,-0.1667764227923394,0.053172586736089045,0.8772691911066807,0.2798450104245182,-0.6111123208507254,-0.34737666250868904,0.5,0.5211737505202374,2.019367677171678,0.7141096354874439,0.5277777777777778
existing_composite,25.0,2025-08-31_2026-07-31,11,-0.3083059050432516,-0.20361006057922837,-0.33110060745305236,-0.2199234939209873,-0.11117711353206505,0.8702677564391037,-0.045110127743997315,-0.6111123208507253,-0.34737666250868904,0.45454545454545453,0.23066870330321482,1.8485813751257885,0.4247604522453754,0.5454545454545454
ridge,25.0,2015-01-31_2015-12-31,12,0.0,-0.12747007924802523,0.0,-0.12747007924802523,0.12747007924802523,0.0,,0.0,-0.23461549146957172,0.5,0.7954677585200284,0.0,0.0,0.0
ridge,25.0,2015-02-28_2016-01-31,12,0.0,-0.12464243166357358,0.0,-0.12464243166357358,0.12464243166357358,0.0,,0.0,-0.23461549146957184,0.5,0.7692353657490086,0.0,0.0,0.0
ridge,25.0,2015-03-31_2016-02-29,12,0.0,-0.12200459979370504,0.0,-0.12200459979370504,0.12200459979370504,0.0,,0.0,-0.19026047013875313,0.5,0.7474004123133282,0.0,0.0,0.0
ridge,25.0,2015-04-30_2016-03-31,12,0.0,-0.0487261301192532,0.0,-0.0487261301192532,0.0487261301192532,0.0,,0.0,-0.19026047013875313,0.5,0.2945962713956538,0.0,0.0,0.0
ridge,25.0,2015-05-31_2016-04-30,12,-0.028922649738046813,-0.08042164366594717,-0.028922649738046813,-0.08042164366594717,0.05149899392790036,0.02892264973804686,-1.0,-0.028922649738046813,-0.13984886986493428,0.5,0.3350538608388627,0.004083983430235793,-0.028243737765579424,0.08333333333333333
ridge,25.0,2015-06-30_2016-05-31,12,-0.08954246896227203,0.021583414106036036,-0.08954246896227203,0.021583414106036036,-0.11112588306830806,0.06637143278412873,-1.3763146423273656,-0.08954246896227203,-0.12048248506773218,0.4166666666666667,-0.7364133021435366,-0.1509374339579999,-0.08353609337643986,0.1111111111111111
ridge,25.0,2015-07-31_2016-06-30,12,-0.024286387491567862,0.0860932538897814,-0.024286387491567862,0.0860932538897814,-0.11037964138134926,0.10359890872272813,-0.18990577893314317,-0.08954246896227203,-0.06335335533136455,0.4166666666666667,-0.666156633237386,0.023738428143155958,-0.021619778907410403,0.1111111111111111
ridge,25.0,2015-08-31_2016-07-31,12,-0.08878397606622812,0.19435731551835667,-0.08878397606622812,0.19435731551835667,-0.2831412915845848,0.12192572566081858,-0.7035186580339555,-0.08954246896227203,-0.010009956345255477,0.3333333333333333,-1.5967967549087303,-0.05206605689862314,-0.07355639478016973,0.13888888888888887
ridge,25.0,2015-09-30_2016-08-31,12,-0.2143425366503503,0.2701043538895269,-0.2143425366503503,0.2701043538895269,-0.4844468905398772,0.17805510049095527,-1.2556188055940904,-0.2143425366503503,-0.010009956345255477,0.25,-2.672461726552249,0.5920881189007411,-0.3119375171142631,0.16666666666666666
ridge,25.0,2015-10-31_2016-09-30,12,-0.249697265161978,0.21713191795584685,-0.249697265161978,0.21713191795584685,-0.46682918311782484,0.17860409889384138,-1.503714169233949,-0.249697265161978,-0.010009956345255366,0.25,-2.6766671366389776,0.6380452256777582,-0.3316564767923279,0.2222222222222222
ridge,25.0,2015-11-30_2016-10-31,12,-0.3579262407947169,0.15798016020915506,-0.3579262407947169,0.15798016020915506,-0.515906401003872,0.2136888859259331,-1.9318580300727912,-0.3579262407947169,-0.05046191183613391,0.16666666666666666,-3.1924218664593385,1.317743360077808,-0.4667762167492594,0.27777777777777773
ridge,25.0,2015-12-31_2016-11-30,12,-0.23498198034580153,0.15321182844166992,-0.23498198034580153,0.15321182844166992,-0.38819380878747145,0.3109654899368764,-0.7117723128156934,-0.3579262407947169,-0.05046191183613402,0.25,-1.3411237627730088,1.7225682608614261,-0.38421871103576055,0.3333333333333333
ridge,25.0,2016-01-31_2016-12-31,12,-0.13180661222581214,0.14711071499834882,-0.13180661222581214,0.14711071499834882,-0.27891732722416096,0.34686592639035013,-0.24928952066902063,-0.3579262407947169,-0.05046191183613413,0.3333333333333333,-0.7115211441866816,1.4804254090561941,-0.259557882299149,0.38888888888888884
ridge,25.0,2016-02-29_2017-01-31,12,-0.14616226859572734,0.12905921429286393,-0.14616226859572734,0.12905921429286393,-0.2752214828885913,0.3468853100129922,-0.29694290361834547,-0.3579262407947169,-0.05046191183613391,0.3333333333333333,-0.7123237619618671,1.541816394912251,-0.2596902445665191,0.47222222222222215
ridge,25.0,2016-03-31_2017-02-28,12,0.07838349111266063,0.14915985778953056,0.07838349111266063,0.14915985778953056,-0.07077636667686993,0.44092548504104356,0.36282544043389137,-0.3579262407947169,-0.05046191183613402,0.4166666666666667,0.039655401094284407,2.1780031281722843,-0.14303742478910442,0.5555555555555555
ridge,25.0,2016-04-30_2017-03-31,12,0.052017750494180115,0.1749923153912778,0.052017750494180115,0.1749923153912778,-0.12297456489709768,0.4424072919269147,0.3063459125627202,-0.34194444868449114,-0.05046191183613413,0.3333333333333333,-0.0752995425132558,2.156256874528051,-0.20164071839019837,0.6388888888888888
ridge,25.0,2016-05-31_2017-04-30,12,-0.06404331645607653,0.19622916884670505,-0.06404331645607653,0.19622916884670505,-0.2602724853027816,0.46540488885870923,0.06101812462995938,-0.34194444868449114,-0.05046191183613402,0.3333333333333333,-0.3597339295090515,2.2958369975045,-0.33049279259141917,0.6388888888888888
ridge,25.0,2016-06-30_2017-05-31,12,0.010538503023268309,0.1620726033918518,0.010538503023268309,0.1620726033918518,-0.1515341003685835,0.46002390786755093,0.22413809601248177,-0.34194444868449114,-0.05046191183613391,0.3333333333333333,-0.12190087198099443,2.995575367532877,-0.3056812290060187,0.6944444444444443
ridge,25.0,2016-07-31_2017-06-30,12,-0.09826840447994789,0.11981317604468589,-0.09826840447994789,0.11981317604468589,-0.21808158052463378,0.4572257574445094,-0.026858968576369185,-0.2953660357799527,-0.05046191183613402,0.25,-0.3064626395744429,3.1148315845878445,-0.31706539007428525,0.7499999999999999
ridge,25.0,2016-08-31_2017-07-31,12,0.013906986270022514,0.0887429950023102,0.013906986270022514,0.0887429950023102,-0.07483600873228768,0.4539342222202766,0.22887931795203034,-0.18411974976539702,-0.05046191183613402,0.3333333333333333,0.0387694869716571,3.745231877265388,-0.20348209146167562,0.8055555555555555
ridge,25.0,2016-09-30_2017-08-31,12,0.1151925495365067,0.09991973328039871,0.1151925495365067,0.09991973328039871,0.01527281625610799,0.431223271078105,0.4406708352510256,-0.18752525716869828,-0.05046191183613402,0.3333333333333333,0.23467873154977892,3.512341139047568,-0.1441640804304214,0.861111111111111
ridge,25.0,2016-10-31_2017-09-30,12,0.19897862401801758,0.1075588143605537,0.19897862401801758,0.1075588143605537,0.09141980965746388,0.42611971178071795,0.6143298894713299,-0.1875252571686985,-0.0004923640702735321,0.4166666666666667,0.40636550478489003,3.4992607820310258,-0.10118136177535253,0.8888888888888888
ridge,25.0,2016-11-30_2017-10-31,12,0.421565132059337,0.1559996199134983,0.421565132059337,0.1559996199134983,0.2655655121458387,0.3863372856451199,1.0888046708097512,-0.1875252571686984,-0.008932388259170088,0.5,0.7457252554967826,4.331886104797201,-0.19485945909872504,0.9166666666666665
ridge,25.0,2016-12-31_2017-11-30,12,0.11449713177198984,0.19992461049678534,0.11449713177198984,0.19992461049678534,-0.0854274787247955,0.3572908954112071,0.4569885397801695,-0.20936253597615762,-0.008932388259169977,0.4166666666666667,-0.06184942629325088,0.013215977896782288,0.17322279976209698,0.9444444444444443
ridge,25.0,2017-01-31_2017-12-31,12,0.44743440354539565,0.24773371905633135,0.44743440354539565,0.24773371905633135,0.1997006844890643,0.5764435663390726,0.8713778370321438,-0.20936253597615773,-0.008932388259170088,0.4166666666666667,0.49582128975914025,2.586615861237222,-0.07828414281335971,0.9444444444444443
ridge,25.0,2017-02-28_2018-01-31,12,0.3418978219134472,0.22472528642954592,0.3418978219134472,0.22472528642954592,0.11717253548390127,0.588697623919681,0.7314330677222713,-0.2093625359761575,-0.008932388259170088,0.4166666666666667,0.39503381571528473,2.8816238114135846,-0.15345103169770224,0.9166666666666665
ridge,25.0,2017-03-31_2018-02-28,12,0.12809162787625383,0.11150665310004948,0.12809162787625383,0.11150665310004948,0.016584974776204353,0.536050285718377,0.4278705506215007,-0.1895475259253162,-0.06307407298992962,0.4166666666666667,0.2217959553074823,0.6765695433624312,0.16543037799483273,0.8888888888888887
ridge,25.0,2017-04-30_2018-03-31,12,0.1772596309766128,0.054403018339003184,0.1772596309766128,0.054403018339003184,0.12285661263760961,0.5339630292284337,0.5091731159342097,-0.08824232963479361,-0.09250223900477905,0.5,0.40193291839906026,0.6652634425396249,0.25925171488459164,0.8888888888888887
ridge,25.0,2017-05-31_2018-04-30,12,0.34568834181070907,0.042771960341875914,0.34568834181070907,0.042771960341875914,0.30291638146883315,0.5075363651961806,0.7792210287464706,-0.08824232963479361,-0.09416874157139277,0.5,0.6939388580633055,0.7556830872253786,0.4249913499621849,0.8888888888888888
ridge,25.0,2017-06-30_2018-05-31,12,0.3029289141757674,-0.005226881237519021,0.3029289141757674,-0.005226881237519021,0.3081557954132864,0.5099789135906025,0.7124167171231763,-0.08824232963479361,-0.12207676452647664,0.5833333333333334,0.7242608340264648,0.8601568140971398,0.42925414043139276,0.8888888888888888
ridge,25.0,2017-07-31_2018-06-30,12,0.505916972033787,0.0163507796990916,0.505916972033787,0.0163507796990916,0.48956619233469545,0.5081565190597953,1.0081550343257117,-0.08824232963479361,-0.12207676452647676,0.6666666666666666,0.9882242649684002,0.9528469133115532,0.6175976747500951,0.8888888888888888
ridge,25.0,2017-08-31_2018-07-31,12,1.217827152936548,0.02633003466478856,1.217827152936548,0.02633003466478856,1.1914971182717595,0.7159925086406975,1.4088338964479117,-0.08824232963479361,-0.12207676452647653,0.6666666666666666,1.3976053495193024,1.3726780261897782,1.5276987643362663,0.8888888888888888
ridge,25.0,2017-09-30_2018-08-31,12,2.251263353728334,0.012828519177035869,2.251263353728334,0.012828519177035869,2.238434834551298,0.759647262996874,1.9095837216005638,-0.08824232963479361,-0.12207676452647664,0.75,1.9183467275243675,1.2135272379487596,2.851732880381246,0.8888888888888888
ridge,25.0,2017-10-31_2018-09-30,12,2.511539002824504,-0.028994428060318933,2.511539002824504,-0.028994428060318933,2.540533430884823,0.7529532084067456,2.035724389165236,-0.08824232963479361,-0.12207676452647676,0.75,2.112463486035155,1.3488192786691011,3.3479248031796027,0.861111111111111
ridge,25.0,2017-11-30_2018-10-31,12,2.7337491105680636,0.017470333624036494,2.7337491105680636,0.017470333624036494,2.7162787769440273,0.745127844202589,2.1432703081798357,-0.08824232963479361,-0.12207676452647676,0.75,2.1423791974213175,1.015798979967229,3.3805622758700773,0.861111111111111
ridge,25.0,2017-12-31_2018-11-30,12,3.351340189910534,-0.025356283802123625,3.351340189910534,-0.025356283802123625,3.3766964737126575,0.7155507332292395,2.4477925487940433,-0.08824232963479361,-0.12207676452647687,0.8333333333333334,2.6032476733255834,2.595037870050256,4.36943703865106,0.8333333333333331
ridge,25.0,2018-01-31_2018-12-31,12,2.2555687923592354,-0.01099995180484914,2.2555687923592354,-0.01099995180484914,2.2665687441640845,0.619850454190727,2.2269231484291954,-0.03208335071316437,-0.12095719505337177,0.8333333333333334,2.2754168691556274,1.0115149338252132,2.7101533921905,0.861111111111111
ridge,25.0,2018-02-28_2019-01-31,12,2.9757930162898965,-0.023323412109537922,2.9757930162898965,-0.023323412109537922,2.9991164283994345,0.5791740879366435,2.7315897486564333,-0.03208335071316437,-0.06297476655901424,0.9166666666666666,2.818925548650602,1.0025665543162618,3.4885489770622584,0.8888888888888888
ridge,25.0,2018-03-31_2019-02-28,12,3.5621471624035212,0.045204178762284775,3.5621471624035212,0.045204178762284775,3.5169429836412363,0.5796699989970779,2.9993862212999014,-0.03208335071316437,-0.032589089243883484,0.9166666666666666,2.950051676819462,0.9264167083842918,3.8765456925143837,0.9166666666666665
ridge,25.0,2018-04-30_2019-03-31,12,3.340409731598781,0.07686204312787948,3.340409731598781,0.07686204312787948,3.2635476884709016,0.5934282712328213,2.8464639591067207,-0.031411850777544936,-0.031039511736595693,0.8333333333333334,2.7230165573001375,0.6275994079548843,3.6530734982107935,0.9166666666666665
ridge,25.0,2018-05-31_2019-04-30,12,3.9041307569387396,0.03769148450195714,3.9041307569387396,0.03769148450195714,3.866439272436782,0.5707293511242499,3.184403399300942,-0.031411850777544825,-0.04957195403333192,0.9166666666666666,3.1140636072385646,0.5247349860981704,4.330202072974965,0.9166666666666665
ridge,25.0,2018-06-30_2019-05-31,12,5.325834763761771,0.09645960452265201,5.325834763761771,0.09645960452265201,5.229375159239119,0.5479510986566466,3.835321356374222,-0.031411850777544825,-0.04957195403333203,0.9166666666666666,3.605867168726126,-0.025746255967892633,5.949454098163254,0.8888888888888887
ridge,25.0,2018-07-31_2019-06-30,12,4.84879944169783,0.07648721996967378,4.84879944169783,0.07648721996967378,4.772312221728156,0.5655990051786882,3.568287055217855,-0.031411850777544714,-0.04957195403333203,0.9166666666666666,3.4012684897139422,0.1612448221035606,5.389694324938483,0.9166666666666665
ridge,25.0,2018-08-31_2019-07-31,12,2.9193435030434784,0.051509897202665744,2.9193435030434784,0.051509897202665744,2.8678336058408127,0.3988577037265385,3.7809222352695815,-0.031411850777544825,-0.04957195403333203,0.9166666666666666,3.5423318940038073,-0.05439083798356845,3.150242649298005,0.9166666666666665
ridge,25.0,2018-09-30_2019-08-31,12,2.0855839286384765,0.032217370272061396,2.0855839286384765,0.032217370272061396,2.053366558366415,0.27539002352216296,4.402142757612823,-0.031411850777544825,-0.05569706120271434,0.9166666666666666,4.2031946378044704,0.3652478184597627,2.136079750642828,0.9166666666666665
ridge,25.0,2018-10-31_2019-09-30,12,1.567065702511064,0.0680196854801034,1.567065702511064,0.0680196854801034,1.4990460170309605,0.32763850853895565,3.1313565402395427,-0.07740767352995948,-0.05569706120271445,0.8333333333333334,2.883944966754741,0.3461008368819062,1.6173759121074447,0.9444444444444443
ridge,25.0,2018-11-30_2019-10-31,12,1.3525438551094124,-0.007313909877188718,1.3525438551094124,-0.007313909877188718,1.359857764986601,0.3417408399396807,2.7383288497331577,-0.08785909622994648,-0.07977064350808971,0.8333333333333334,2.8108425426080315,0.8011325783271432,1.4686560973221052,0.9444444444444443
ridge,25.0,2018-12-31_2019-11-30,12,0.6256392211598543,0.01695714726683817,0.6256392211598543,0.01695714726683817,0.6086820738930161,0.4713002652357152,1.271862951241925,-0.3138402888386418,-0.07977064350808971,0.75,1.1509171620050618,-0.9414987297063426,0.8298718065655721,0.9722222222222222
ridge,25.0,2019-01-31_2019-12-31,12,0.5341079095449308,-0.0907583313333864,0.5341079095449308,-0.0907583313333864,0.6248662408783172,0.4677922397158462,1.1486732386052552,-0.3138402888386417,-0.08173242622854304,0.75,1.2436976488715796,-1.2867854418443208,0.5130062453798125,0.9722222222222222
ridge,25.0,2019-02-28_2020-01-31,12,0.06084014269827254,-0.15374678206850467,0.06084014269827254,-0.15374678206850467,0.2145869247667772,0.5341769956314711,0.3628759018625258,-0.45021119824530087,-0.157070533612218,0.6666666666666666,0.6595906344917206,0.5007621138500705,0.3101464499261828,0.9722222222222222
ridge,25.0,2019-03-31_2020-02-29,12,-0.2216291880427349,-0.2983301643039218,-0.2216291880427349,-0.2983301643039218,0.07670097626118688,0.4974716776538064,-0.2624604729163096,-0.5085256843857164,-0.2968733323797681,0.6666666666666666,0.4013201349860548,0.5065375193538735,0.037215062930008536,0.9722222222222222
ridge,25.0,2019-04-30_2020-03-31,12,-0.32100997360937655,-0.26938100433105683,-0.32100997360937655,-0.26938100433105683,-0.051628969278319725,0.5179878662069151,-0.49081071704642776,-0.5847431256302899,-0.2897384073692094,0.6666666666666666,0.06418032604194034,0.23736196617056612,-0.17066134124945442,0.9722222222222222
ridge,25.0,2019-05-31_2020-04-30,12,-0.2096080544144523,-0.23441422140073764,-0.2096080544144523,-0.23441422140073764,0.02480616698628535,0.5971149112166012,-0.11917821326531484,-0.5847431256302899,-0.2897384073692094,0.6666666666666666,0.288226844659864,0.5222205699110178,0.05707425783487685,0.9722222222222222
ridge,25.0,2019-06-30_2020-05-31,12,-0.3270673539063188,-0.22854562482453433,-0.3270673539063188,-0.22854562482453433,-0.09852172908178447,0.5301796167206968,-0.4885944427304121,-0.5847431256302897,-0.2897384073692095,0.6666666666666666,-0.0442430469419152,0.32558132854884364,-0.16802202579768777,0.9999999999999999
ridge,25.0,2019-07-31_2020-06-30,12,-0.30145444685603406,-0.1941752572672133,-0.30145444685603406,-0.1941752572672133,-0.10727918958882077,0.5350657441020678,-0.4114390436819379,-0.5847431256302899,-0.2827760862119635,0.6666666666666666,-0.05506166405660037,0.39722326523467016,-0.13539512491550287,0.972222222222222
ridge,25.0,2019-08-31_2020-07-31,12,-0.284027881762413,-0.1722348942847023,-0.284027881762413,-0.1722348942847023,-0.11179298747771071,0.5385602182250923,-0.3607655735879042,-0.5847431256302899,-0.27948217627529803,0.6666666666666666,-0.057112100585477776,0.43847338804344027,-0.1160555051119676,0.972222222222222
ridge,25.0,2019-09-30_2020-08-31,12,-0.09837299464570992,-0.21057570090232802,-0.09837299464570992,-0.21057570090232802,0.1122027062566181,0.6626681883887082,0.13507899773604498,-0.5499020938548909,-0.27948217627529803,0.6666666666666666,0.4246247251887507,-0.001994255943851606,0.0928269670021471,0.972222222222222
ridge,25.0,2019-10-31_2020-09-30,12,-0.11817093404015966,-0.1766274605970889,-0.11817093404015966,-0.1766274605970889,0.058456526556929234,0.6658007534880984,0.10401649160696781,-0.5447448166688131,-0.2794821762752979,0.6666666666666666,0.32740319373622645,-0.09788061957987182,0.05442094395311847,0.9722222222222222
ridge,25.0,2019-11-30_2020-10-31,12,0.23575154861850312,-0.06643817837031618,0.23575154861850312,-0.06643817837031618,0.3021897269888193,0.765467140603453,0.6088544442578209,-0.41844433238391054,-0.2794821762752979,0.6666666666666666,0.6557704071025752,0.5023786629838422,0.6072475667295476,0.9444444444444443
ridge,25.0,2019-12-31_2020-11-30,12,0.6439183009386893,-0.050871312509224054,0.6439183009386893,-0.050871312509224054,0.6947896134479133,0.7016512494236183,1.0183487305399743,-0.41844433238391066,-0.2358764964179022,0.6666666666666666,1.0701718376496985,0.6665951606396034,1.0250002269896346,0.9444444444444443
ridge,25.0,2020-01-31_2020-12-31,12,0.29632206432739694,-0.013079995771551722,0.29632206432739694,-0.013079995771551722,0.30940206009894866,0.7414891733402388,0.6668862587361349,-0.24469746738314535,-0.16758179221927783,0.5833333333333334,0.6624475307478878,0.7618476873377559,0.6007682130957608,0.9444444444444443
ridge,25.0,2020-02-29_2021-01-31,12,0.9836582027137188,0.14471568274700242,0.9836582027137188,0.14471568274700242,0.8389425199667164,0.6891083614165516,1.3100107175462206,-0.17939717689717694,-0.07033476780972703,0.6666666666666666,1.0678060159067397,0.4906776372753552,1.213104625158842,0.9166666666666665
ridge,25.0,2020-03-31_2021-02-28,12,0.9210430640868827,0.3187076559568369,0.9210430640868827,0.3187076559568369,0.6023354081300458,0.6977306495870836,1.2533803847329479,-0.17939717689717694,-0.07033476780972703,0.5833333333333334,0.8231112313863068,0.2641107353155043,1.1638587506941156,0.9166666666666665
ridge,25.0,2020-04-30_2021-03-31,12,0.9596803604698247,0.2712264885896778,0.9596803604698247,0.2712264885896778,0.688453871880147,0.6918561443573694,1.2885851007283444,-0.27856596617555907,-0.07033476780972714,0.5833333333333334,0.9242708587957038,0.5819784532656351,1.0563705781931012,0.9166666666666665
ridge,25.0,2020-05-31_2021-04-30,12,0.2832482945377073,0.2511461011810818,0.2832482945377073,0.2511461011810818,0.03210219335662545,0.6782206956580936,0.6534375528620499,-0.38639166506567657,-0.07033476780972703,0.5,0.30870857585092004,0.9082879353911398,0.2508335668250079,0.9166666666666665
ridge,25.0,2020-06-30_2021-05-31,12,0.07667982349116031,0.22018559574957508,0.07667982349116031,0.22018559574957508,-0.14350577225841477,0.6892700854697542,0.39158414349741627,-0.445845021909668,-0.07033476780972703,0.4166666666666667,0.08388176896730404,0.9457201421689058,0.06998813286018502,0.8888888888888887
ridge,25.0,2020-07-31_2021-06-30,12,-0.1153526376422438,0.1787337447456181,-0.1153526376422438,0.1787337447456181,-0.2940863823878619,0.7036130464248028,0.11470006905299886,-0.5169920592631614,-0.07033476780972703,0.3333333333333333,-0.14177553595734002,0.9386483703790041,-0.08303903386243383,0.9166666666666665
ridge,25.0,2020-08-31_2021-07-31,12,-0.21150559628925458,0.17406019021811336,-0.21150559628925458,0.17406019021811336,-0.38556578650736795,0.7031596946450912,-0.04941078184745571,-0.5427253179093758,-0.0471551797914731,0.25,-0.3042735975355749,0.93578365099349,-0.1806024550247607,0.9166666666666665
ridge,25.0,2020-09-30_2021-08-31,12,-0.45285571180549755,0.29094300690606567,-0.45285571180549755,0.29094300690606567,-0.7437987187115632,0.5670464184396199,-0.8052717675434713,-0.5626558351341495,-0.0471551797914731,0.16666666666666666,-1.5702460791535522,3.3987250761531533,-0.7645392529550237,0.8888888888888887
ridge,25.0,2020-10-31_2021-09-30,12,-0.2863847327474166,0.285307502281577,-0.2863847327474166,0.285307502281577,-0.5716922350289936,0.6010033219938661,-0.3029725373505219,-0.5626558351341496,-0.04715517979147299,0.25,-0.9160466185283456,3.895790738179472,-0.7183520291319997,0.8611111111111108
ridge,25.0,2020-11-30_2021-10-31,12,-0.6023126760318245,0.164192612882329,-0.6023126760318245,0.164192612882329,-0.7665052889141535,0.44861342125686704,-1.7731476142242864,-0.6025985945244032,-0.04715517979147299,0.16666666666666666,-2.645894670731144,3.2603298081683434,-0.7511136428489319,0.8888888888888887
ridge,25.0,2020-12-31_2021-11-30,12,-0.6051063212042551,0.10075285366229347,-0.6051063212042551,0.10075285366229347,-0.7058591748665486,0.4475217049234008,-1.793181404598812,-0.5915650534414552,-0.04715517979147321,0.16666666666666666,-2.4643622168398633,3.911205373757864,-0.7164778849509513,0.861111111111111
ridge,25.0,2021-01-31_2021-12-31,12,-0.5810249170915415,0.1311417024200292,-0.5810249170915415,0.1311417024200292,-0.7121666195115707,0.436456536312819,-1.7239874765278673,-0.6443982295233737,-0.04715517979147299,0.16666666666666666,-2.4355770340313736,3.92156353935418,-0.7339618101802428,0.861111111111111
ridge,25.0,2021-02-28_2022-01-31,12,-0.6179218258028476,0.1035559333431273,-0.6179218258028476,0.1035559333431273,-0.7214777591459749,0.38304098132177383,-2.235282159364995,-0.5892394566361345,-0.008710521467504728,0.16666666666666666,-2.957161422014464,3.782984984233131,-0.7303200915221614,0.861111111111111
ridge,25.0,2021-03-31_2022-02-28,12,-0.5092540933883831,0.1814244316261513,-0.5092540933883831,0.1814244316261513,-0.6906785250145344,0.41657660807404473,-1.4642793723411875,-0.523432330989688,-0.008710521467504728,0.25,-2.1485299243331193,6.2821023265321,-0.835347953768436,0.861111111111111
ridge,25.0,2021-04-30_2022-03-31,12,-0.5825472962296115,0.2056999327796627,-0.5825472962296115,0.2056999327796627,-0.7882472290092742,0.4632632575068101,-1.5945835761674025,-0.509190845583567,-0.008710521467504728,0.25,-2.1996757032601333,5.704940042299416,-0.8615908666458599,0.861111111111111
ridge,25.0,2021-05-31_2022-04-30,12,-0.5337850033508287,0.20202014645819677,-0.5337850033508287,0.20202014645819677,-0.7358051498090254,0.45324337273872434,-1.4106354299594388,-0.4837664207201676,-0.011058901373715124,0.25,-1.9785293502087133,4.733968555162305,-0.8042473630114956,0.861111111111111
ridge,25.0,2021-06-30_2022-05-31,12,-0.5327510395466184,0.1547230806668567,-0.5327510395466184,0.1547230806668567,-0.6874741202134751,0.4530375115866627,-1.4068553806585635,-0.4969320533306031,-0.04389760737316839,0.25,-1.8864768079193144,3.1721332048959097,-0.6863231868602495,0.8888888888888888
ridge,25.0,2021-07-31_2022-06-30,12,-0.3970268317180019,0.14515293481688385,-0.3970268317180019,0.14515293481688385,-0.5421797665348858,0.477244354127291,-0.8049895973812247,-0.4969320533306031,-0.04389760737316839,0.3333333333333333,-1.1773935670739977,2.999122783834084,-0.563621898199522,0.8888888888888888
ridge,25.0,2021-08-31_2022-07-31,12,-0.348261860484428,0.16719366722844042,-0.348261860484428,0.16719366722844042,-0.5154555277128684,0.4796587580555348,-0.6413127659812701,-0.4969320533306032,-0.04389760737316839,0.3333333333333333,-1.0479124930963515,2.972711666352028,-0.5530956967080659,0.8888888888888888
ridge,25.0,2021-09-30_2022-08-31,12,-0.43107915569502686,0.11990803732841937,-0.43107915569502686,0.11990803732841937,-0.5509871930234462,0.4996026087723847,-0.8589711907716167,-0.5165826354448962,-0.04389760737316817,0.3333333333333333,-1.1948710894601213,3.2387488172066776,-0.5670356097100043,0.8888888888888887
ridge,25.0,2021-10-31_2022-09-30,12,-0.5017135842142085,0.07700156092153554,-0.5017135842142085,0.07700156092153554,-0.5787151451357441,0.450738420610767,-1.276259167666589,-0.3942603337282764,-0.04389760737316828,0.3333333333333333,-1.5371781524012216,2.552792949712135,-0.5496459195846893,0.8888888888888887
ridge,25.0,2021-11-30_2022-10-31,12,-0.3940110694725111,0.0837751064100245,-0.3940110694725111,0.0837751064100245,-0.4777861758825356,0.40680599054353733,-1.0038489166400681,-0.4137202129779515,-0.04389760737316839,0.3333333333333333,-1.2775074874063062,2.0933195472438118,-0.4496450085659277,0.8888888888888887
ridge,25.0,2021-12-31_2022-11-30,12,-0.3690313189748875,0.04089310124175727,-0.3690313189748875,0.04089310124175727,-0.40992442021664477,0.41188147237485384,-0.8920294658695331,-0.4137202129779515,-0.052330809109684795,0.4166666666666667,-1.028758557959955,1.2269924353456894,-0.34829662829334096,0.8888888888888887
ridge,25.0,2022-01-31_2022-12-31,12,-0.25191044647233907,0.03139589518781816,-0.25191044647233907,0.03139589518781816,-0.2833063416601572,0.40118431890716016,-0.5129828503350257,-0.41372021297795136,-0.0538908420070876,0.5,-0.6188909508722964,1.2541706210926444,-0.22218682711311732,0.8888888888888887
ridge,25.0,2022-02-28_2023-01-31,12,-0.41710287836934645,-0.006523085673795559,-0.41710287836934645,-0.006523085673795559,-0.4105797926955509,0.4120934393371588,-1.0751466099074862,-0.47578160080820897,-0.053890842007087936,0.4166666666666667,-1.0782843605615404,0.8671805173894216,-0.3609860072057952,0.9166666666666665
ridge,25.0,2022-03-31_2023-02-28,12,-0.5607178600844516,-0.03763942955797195,-0.5607178600844516,-0.03763942955797195,-0.5230784305264797,0.3948398080221471,-1.8159796904145789,-0.4008593171537089,-0.05860315994470999,0.3333333333333333,-1.7024648297348328,0.06498627500094133,-0.5213742554432517,0.9166666666666665
ridge,25.0,2022-04-30_2023-03-31,12,-0.47567599126603755,-0.0433257664262765,-0.47567599126603755,-0.0433257664262765,-0.43235022483976104,0.33454631984586564,-1.718988686400059,-0.4701494906960031,-0.052003665957635614,0.3333333333333333,-1.630417631234889,1.087597970637086,-0.4179462621457698,0.9166666666666666
ridge,25.0,2022-05-31_2023-04-30,12,-0.4215987853275718,-0.07213752035282106,-0.4215987853275718,-0.07213752035282106,-0.3494612649747507,0.3479251185609898,-1.37130792406413,-0.4701494906960031,-0.07596598010903766,0.4166666666666667,-1.147536748312295,0.18718299955538456,-0.37676403388033364,0.9166666666666665
ridge,25.0,2022-06-30_2023-05-31,12,-0.5638233077395287,-0.0361282154897381,-0.5638233077395287,-0.0361282154897381,-0.5276950922497907,0.444246340835863,-1.574965385847032,-0.6210414199135481,-0.07596598010903755,0.4166666666666667,-1.4581278415394172,-0.5980308715419169,-0.5242268566296248,0.9166666666666665
ridge,25.0,2022-07-31_2023-06-30,12,-0.6031153703170276,-0.0028433046031512976,-0.6031153703170276,-0.0028433046031512976,-0.6002720657138763,0.4088317408327205,-1.959234483076046,-0.6210414199135481,-0.07596598010903743,0.3333333333333333,-1.9163038960565557,-0.06845471995002743,-0.5634989047644093,0.9166666666666665
ridge,25.0,2022-08-31_2023-07-31,12,-0.6259195343314581,-0.031389184091800915,-0.6259195343314581,-0.031389184091800915,-0.5945303502396571,0.3988108227031743,-2.1558925010743657,-0.5665484796529616,-0.0655917893195096,0.3333333333333333,-2.002328624199533,-0.6746348131557126,-0.5988698555126863,0.9166666666666666
ridge,25.0,2022-09-30_2023-08-31,12,-0.49159086590970436,-0.014331580574544756,-0.49159086590970436,-0.014331580574544756,-0.4772592853351596,0.4333478726262963,-1.292253659171341,-0.5665484796529616,-0.06559178931950937,0.4166666666666667,-1.211548696013267,-1.115211627651559,-0.44432619102215365,0.9444444444444443
ridge,25.0,2022-10-31_2023-09-30,12,-0.5276042737285901,-0.04883569016310929,-0.5276042737285901,-0.04883569016310929,-0.4787685835654808,0.42519106609671353,-1.4887651282464238,-0.5665484796529616,-0.06327241269436523,0.3333333333333333,-1.3084094366932113,-1.2107353174099698,-0.5088319630234578,0.9444444444444443
ridge,25.0,2022-11-30_2023-10-31,12,-0.53595808585323,-8.074453772832779e-05,-0.53595808585323,-8.074453772832779e-05,-0.5358773413155017,0.42586653608975183,-1.5253950529682534,-0.5665484796529616,-0.04084242285001627,0.3333333333333333,-1.4382676879312712,-0.9722376941970832,-0.4851892580764231,0.9444444444444443
ridge,25.0,2022-12-31_2023-11-30,12,-0.5330706681477533,0.06162621592425688,-0.5330706681477533,0.06162621592425688,-0.5946968840720102,0.42737673185460234,-1.5049410243673798,-0.5665484796529616,-0.04084242285001627,0.3333333333333333,-1.5999383518274914,-0.299364564049531,-0.47322705847542,0.972222222222222
ridge,25.0,2023-01-31_2023-12-31,12,-0.6570313426542824,0.05389394652891433,-0.6570313426542824,0.05389394652891433,-0.7109252891831968,0.454332833282913,-2.0188290555407034,-0.5903360034707019,-0.04084242285001627,0.25,-2.1129559874390336,0.1330055715312603,-0.6179752512555665,0.9722222222222222
ridge,25.0,2023-02-28_2024-01-31,12,-0.5838196448445904,0.06910062416905749,-0.5838196448445904,0.06910062416905749,-0.6529202690136479,0.45241475355825117,-1.6323710587968396,-0.5111264835206224,-0.04084242285001627,0.3333333333333333,-1.766799997671088,0.18372550217758343,-0.5397813822410147,0.9722222222222222
ridge,25.0,2023-03-31_2024-02-29,12,-0.5455348222545877,0.07105311702696282,-0.5455348222545877,0.07105311702696282,-0.6165879392815505,0.44013803749394564,-1.5027617364447063,-0.504405314013104,-0.04084242285001627,0.3333333333333333,-1.6378058619607918,0.05677893942531659,-0.4957615516845705,0.9722222222222222
ridge,25.0,2023-04-30_2024-03-31,12,-0.42659125779913587,0.04605177038880415,-0.42659125779913587,0.04605177038880415,-0.47264302818794,0.45969849491820397,-0.9405787484872135,-0.5044053140131042,-0.028914327222309355,0.4166666666666667,-1.024410970146609,-0.07850761909057892,-0.3536371616596298,0.9722222222222222
ridge,25.0,2023-05-31_2024-04-30,12,-0.5744550697786313,0.05087612226469651,-0.5744550697786313,0.05087612226469651,-0.6253311920433278,0.4846420429758908,-1.4497135611315821,-0.44337388275050604,-0.04720745865673304,0.3333333333333333,-1.6155654833620103,1.5545218886522085,-0.5560929442999138,0.9722222222222222
ridge,25.0,2023-06-30_2024-05-31,12,-0.33562360485454223,0.06029804021364593,-0.33562360485454223,0.06029804021364593,-0.39592164506818817,0.4064922386029255,-0.7860401085391644,-0.44337388275050615,-0.04720745865673304,0.4166666666666667,-0.9936525644358347,1.6501576961614834,-0.3493241000309859,0.9722222222222222
ridge,25.0,2023-07-31_2024-06-30,12,-0.13610021939269512,0.046802268590376395,-0.13610021939269512,0.046802268590376395,-0.18290248798307152,0.5415750760813073,-0.022442717135535913,-0.44337388275050627,-0.04720745865673304,0.5,-0.11965849424081725,2.88225707788195,-0.1429110090263579,0.9722222222222222
ridge,25.0,2023-08-31_2024-07-31,12,0.45728933354547285,0.10318514893952901,0.45728933354547285,0.10318514893952901,0.35410418460594384,0.8260320978053396,0.7872932168715617,-0.44337388275050615,-0.04720745865673315,0.5833333333333334,0.7147944791572192,5.472979714000122,0.0902692441879065,0.9722222222222222
ridge,25.0,2023-09-30_2024-08-31,12,0.3392805008750961,0.08473288946892565,0.3392805008750961,0.08473288946892565,0.25454761140617044,0.8213625642238713,0.679900765491918,-0.4188153128344093,-0.04720745865673315,0.5833333333333334,0.6215368897337381,5.23065901052283,0.1125470515067366,0.9722222222222222
ridge,25.0,2023-10-31_2024-09-30,12,1.0387859582290604,0.12170948346779942,1.0387859582290604,0.12170948346779942,0.917076474761261,0.9099208830584585,1.1634793587282592,-0.39478042639355604,-0.047207458656732815,0.6666666666666666,1.0920881876507704,5.443424478051572,0.49430649674003546,0.9999999999999999
ridge,25.0,2023-11-30_2024-10-31,12,0.9348940437607558,0.004734660022875703,0.9348940437607558,0.004734660022875703,0.9301593837378801,0.9204194421970687,1.0991417033701993,-0.3947804263935559,-0.07254414974326939,0.6666666666666666,1.183906036733202,6.1388466180997305,1.4942876909225147,0.9999999999999999
ridge,25.0,2023-12-31_2024-11-30,12,0.586367152559425,-0.026522408525777696,0.586367152559425,-0.026522408525777696,0.6128895610852026,0.9486944630847601,0.8687128146726077,-0.25280617715617715,-0.07702368625268241,0.5833333333333334,0.9682049651759463,6.7937018672667815,1.5478426169170012,0.9999999999999999
ridge,25.0,2024-01-31_2024-12-31,12,0.8934864587718867,-0.013699490369203038,0.8934864587718867,-0.013699490369203038,0.9071859491410897,0.9067169927090478,1.070821478953672,-0.32378959032634047,-0.07702368625268208,0.5833333333333334,1.177022643795499,6.476865657943022,1.681294755835999,0.972222222222222
ridge,25.0,2024-02-29_2025-01-31,12,0.7633496000268478,-0.14290566323586873,0.7633496000268478,-0.14290566323586873,0.9062552632627165,0.9148297654158988,0.9850030332075276,-0.3602477071230312,-0.18252959118595857,0.5833333333333334,1.2593857007222378,3.659173412026899,2.826563020202724,0.9444444444444442
ridge,25.0,2024-03-31_2025-02-28,12,0.9379014873248945,-0.10676537761977256,0.9379014873248945,-0.10676537761977256,1.044666864944667,0.9019375393375526,1.099511786723567,-0.3602477071230312,-0.1825295911859588,0.5833333333333334,1.3331520637667225,3.2090452074777813,2.47281162025717,0.9444444444444442
ridge,25.0,2024-04-30_2025-03-31,12,0.7472868133557533,-0.06461005552580057,0.7472868133557533,-0.06461005552580057,0.8118968688815539,0.9056412693564146,0.9750920401347136,-0.36024770712303134,-0.18252959118595868,0.5,1.128936573653013,2.8121853542477164,1.6910614764477705,0.9166666666666665
ridge,25.0,2024-05-31_2025-04-30,12,1.346549639046506,0.02942056800377868,1.346549639046506,0.02942056800377868,1.3171290710427273,0.8480029569674883,1.3558824849539928,-0.36024770712303134,-0.18252959118595857,0.5,1.4061830220418383,2.1063584065488583,1.7544847885542638,0.8888888888888887
ridge,25.0,2024-06-30_2025-05-31,12,0.697798537887182,-0.019239253194651806,0.697798537887182,-0.019239253194651806,0.7170377910818339,0.9084674350058028,0.9413424519445908,-0.48425763286585344,-0.18252959118595835,0.4166666666666667,1.0262963009714934,2.409253104020064,1.3047649214883839,0.8611111111111108
ridge,25.0,2024-07-31_2025-06-30,12,0.4887694010253232,0.03150250800801424,0.4887694010253232,0.03150250800801424,0.45726689301730894,0.8714165146485036,0.793340205068096,-0.4842576328658533,-0.1825295911859589,0.4166666666666667,0.8039297356948901,2.0707047074787375,0.7779419643901759,0.8333333333333331
ridge,25.0,2024-08-31_2025-07-31,12,-0.08414991982390962,0.02082724764079913,-0.08414991982390962,0.02082724764079913,-0.10497716746470875,0.6112234777239677,0.10671163273407472,-0.4842576328658533,-0.1720911800730176,0.3333333333333333,0.04743267343663943,1.1681124438497241,0.020743617685811344,0.8333333333333334
ridge,25.0,2024-09-30_2025-08-31,12,0.05367167107032622,0.07082064647411035,0.05367167107032622,0.07082064647411035,-0.017148975403784128,0.6411012580554286,0.346512415953189,-0.4842576328658532,-0.1720911800730176,0.3333333333333333,0.2298080526612955,1.321169121586333,0.11364478724108351,0.8333333333333334
ridge,25.0,2024-10-31_2025-09-30,12,-0.048604591170089084,0.07787885846139209,-0.048604591170089084,0.07787885846139209,-0.12648344963148117,0.5434572742467295,0.14836335647334442,-0.41083912366046527,-0.11858833109117162,0.3333333333333333,-0.025726962054761708,1.3842638078683964,-0.046980576015852815,0.8333333333333334
ridge,25.0,2024-11-30_2025-10-31,12,0.1436250820107703,0.1960061542824556,0.1436250820107703,0.1960061542824556,-0.052381072271685314,0.5253067496658985,0.49019133943059745,-0.3097609330183846,-0.11795970406671652,0.4166666666666667,0.13011638756545563,1.2885128808991329,0.005119576620194133,0.8333333333333334
ridge,25.0,2024-12-31_2025-11-30,12,0.2721213012759267,0.22133541890163522,0.2721213012759267,0.22133541890163522,0.05078588237429149,0.5000128023330428,0.7067934490918767,-0.23730489836285595,-0.11795970406671652,0.4166666666666667,0.3006905384084041,1.1839209124040648,0.10093677742292906,0.8055555555555555
ridge,25.0,2025-01-31_2025-12-31,12,1.250929192987197,0.17166648362633885,1.250929192987197,0.17166648362633885,1.0792627093608582,0.7387958361029922,1.4208792016488239,-0.2289890710382514,-0.03669877287899381,0.5,1.1555106449238728,0.13308490418707108,1.6771843628036,0.8333333333333331
ridge,25.0,2025-02-28_2026-01-31,12,0.68743457936976,0.31334945156909844,0.68743457936976,0.31334945156909844,0.3740851278006616,0.8215702724727555,0.9894443523270964,-0.29075691556083716,-0.04758367670999886,0.4166666666666667,0.6353563120938854,-0.1768077534378055,1.3008590591647624,0.8333333333333331
ridge,25.0,2025-03-31_2026-02-28,12,0.31723097320897486,0.08257309459079365,0.31723097320897486,0.08257309459079365,0.23465787861818121,0.868070323948799,0.6822854590862161,-0.44323273403572216,-0.18488813271044613,0.4166666666666667,0.5862922253139956,1.0748057165598592,0.6078626306940513,0.8055555555555554
ridge,25.0,2025-04-30_2026-03-31,12,0.45770805978134255,0.028079656548997578,0.45770805978134255,0.028079656548997578,0.42962840323234497,0.8673849806722159,0.8052294481349876,-0.44323273403572205,-0.19546042589812018,0.5,0.7775037540303164,1.1212637350365062,0.8736414958296945,0.8055555555555554
ridge,25.0,2025-05-31_2026-04-30,12,0.30350539300964097,-0.14610708694572017,0.30350539300964097,-0.14610708694572017,0.44961247995536113,0.8762984733852514,0.6709667574975551,-0.44323273403572205,-0.29138146686445754,0.5833333333333334,0.8638182298730097,1.204682567843799,1.063206312761189,0.8333333333333331
ridge,25.0,2025-06-30_2026-05-31,12,0.6036817397970577,-0.18541351506394133,0.6036817397970577,-0.18541351506394133,0.7890952548609991,0.8317065628956756,0.9204190606165444,-0.4566154229378705,-0.34737666250868915,0.6666666666666666,1.1957747904243543,1.1319591482995655,1.5294925120148908,0.8055555555555555
ridge,25.0,2025-07-31_2026-06-30,12,0.2414660494830969,-0.1667764227923394,0.2414660494830969,-0.1667764227923394,0.4082424722754363,0.8377750925730959,0.5991317059532754,-0.5091046483394552,-0.34737666250868904,0.5833333333333334,0.7819435284005363,0.5305405975031783,0.7657271465960176,0.8055555555555555
ridge,25.0,2025-08-31_2026-07-31,11,0.24038551453542367,-0.20361006057922837,0.2649164457636872,-0.2199234939209873,0.48483993968467454,0.877415435928211,0.6229865226880174,-0.5091046483394552,-0.34737666250868904,0.6363636363636364,0.8773101683877178,0.6172658888627581,0.9370033043267894,0.7878787878787878
lightgbm,25.0,2015-01-31_2015-12-31,12,0.0,-0.12747007924802523,0.0,-0.12747007924802523,0.12747007924802523,0.0,,0.0,-0.23461549146957172,0.5,0.7954677585200284,0.0,0.0,0.0
lightgbm,25.0,2015-02-28_2016-01-31,12,0.0,-0.12464243166357358,0.0,-0.12464243166357358,0.12464243166357358,0.0,,0.0,-0.23461549146957184,0.5,0.7692353657490086,0.0,0.0,0.0
lightgbm,25.0,2015-03-31_2016-02-29,12,0.0,-0.12200459979370504,0.0,-0.12200459979370504,0.12200459979370504,0.0,,0.0,-0.19026047013875313,0.5,0.7474004123133282,0.0,0.0,0.0
lightgbm,25.0,2015-04-30_2016-03-31,12,0.0,-0.0487261301192532,0.0,-0.0487261301192532,0.0487261301192532,0.0,,0.0,-0.19026047013875313,0.5,0.2945962713956538,0.0,0.0,0.0
lightgbm,25.0,2015-05-31_2016-04-30,12,-0.1195118199044436,-0.08042164366594717,-0.1195118199044436,-0.08042164366594717,-0.03909017623849642,0.11951181990444357,-1.0,-0.1195118199044436,-0.13984886986493428,0.5,-0.24869114936271336,0.01687550402980582,-0.11204260518783293,0.08333333333333333
lightgbm,25.0,2015-06-30_2016-05-31,12,-0.08726026004739151,0.021583414106036036,-0.08726026004739151,0.021583414106036036,-0.10884367415342755,0.12814329013808445,-0.6467965667109161,-0.1195118199044436,-0.12048248506773218,0.4166666666666667,-0.679044649351765,0.18407178052297257,-0.08480081919079452,0.16666666666666666
lightgbm,25.0,2015-07-31_2016-06-30,12,0.07165680361081828,0.0860932538897814,0.07165680361081828,0.0860932538897814,-0.01443645027896312,0.22216826285426505,0.4106225670530026,-0.1195118199044436,-0.06335335533136455,0.4166666666666667,0.0005031642506676522,0.5484458322667718,0.042043352751047314,0.25
lightgbm,25.0,2015-08-31_2016-07-31,12,0.20947435390098046,0.19435731551835667,0.20947435390098046,0.19435731551835667,0.015117038382623793,0.25251573188203236,0.8705581229912922,-0.1195118199044436,-0.010009956345255477,0.4166666666666667,0.15176694247940678,0.9089650637226179,0.053179716317107495,0.3055555555555555
lightgbm,25.0,2015-09-30_2016-08-31,12,0.1919727687120163,0.2701043538895269,0.1919727687120163,0.2701043538895269,-0.07813158517751062,0.2540707686624914,0.8082756487668966,-0.1195118199044436,-0.010009956345255477,0.3333333333333333,-0.17469354050122377,1.8093235838670816,-0.2123454519357102,0.3333333333333333
lightgbm,25.0,2015-10-31_2016-09-30,12,0.128702841074406,0.21713191795584685,0.128702841074406,0.21713191795584685,-0.08842907688144086,0.2633464383303548,0.5782466828492494,-0.1195118199044436,-0.010009956345255366,0.3333333333333333,-0.21327728652425287,2.6211465142671275,-0.3149016412008627,0.3888888888888889
lightgbm,25.0,2015-11-30_2016-10-31,12,0.4047502267023142,0.15798016020915506,0.4047502267023142,0.15798016020915506,0.24677006649315913,0.34984940757596195,1.134344283452161,-0.1195118199044436,-0.05046191183613391,0.3333333333333333,0.6553008960526624,-0.501635249873234,0.5901536965106231,0.4166666666666667
lightgbm,25.0,2015-12-31_2016-11-30,12,0.43220670840604125,0.15321182844166992,0.43220670840604125,0.15321182844166992,0.27899487996437133,0.3483767221546296,1.1952438369678215,-0.1195118199044436,-0.05046191183613402,0.3333333333333333,0.7246287942904611,-0.4532164141342591,0.6059460900219007,0.47222222222222227
lightgbm,25.0,2016-01-31_2016-12-31,12,0.579473243662137,0.14711071499834882,0.579473243662137,0.14711071499834882,0.4323625286637882,0.3523558060983567,1.4735674498600293,-0.1195118199044436,-0.05046191183613413,0.4166666666666667,0.9970434021677177,-0.5823451505984901,0.7991889098981317,0.5
lightgbm,25.0,2016-02-29_2017-01-31,12,0.5470296661590379,0.12905921429286393,0.5470296661590379,0.12905921429286393,0.417970451866174,0.35569039801425417,1.4020037974671171,-0.1195118199044436,-0.05046191183613391,0.4166666666666667,0.9835983053331365,-0.5444750754138846,0.7405018942967645,0.5833333333333333
lightgbm,25.0,2016-03-31_2017-02-28,12,0.6121807911175059,0.14915985778953056,0.6121807911175059,0.14915985778953056,0.46302093332797534,0.35280421992336636,1.5328415772103934,-0.1195118199044436,-0.05046191183613402,0.5,1.0538693212324615,-0.49147016856398307,0.8156264643838589,0.638888888888889
lightgbm,25.0,2016-04-30_2017-03-31,12,0.9283210837504483,0.1749923153912778,0.9283210837504483,0.1749923153912778,0.7533287683591705,0.3790023428204134,1.9442829445172398,-0.06678232784850535,-0.05046191183613413,0.5,1.4264009571044163,-0.4497681372931896,1.1933261805668005,0.7222222222222222
lightgbm,25.0,2016-05-31_2017-04-30,12,1.2128372878487443,0.19622916884670505,1.2128372878487443,0.19622916884670505,1.0166081190020393,0.3305137166551474,2.6225851485656215,-0.06678232784850535,-0.05046191183613402,0.5833333333333334,1.8657841334098446,-1.026442959008766,1.7511263149557954,0.6666666666666666
lightgbm,25.0,2016-06-30_2017-05-31,12,1.0866357663183663,0.1620726033918518,1.0866357663183663,0.1620726033918518,0.9245631629265145,0.3425305130068039,2.357979140482643,-0.06678232784850546,-0.05046191183613391,0.5833333333333334,1.75288788925582,-1.04963128998248,1.5409203792109265,0.638888888888889
lightgbm,25.0,2016-07-31_2017-06-30,12,0.7280330995111104,0.11981317604468589,0.7280330995111104,0.11981317604468589,0.6082199234664245,0.3332000387604157,1.818430037141449,-0.06678232784850535,-0.05046191183613402,0.5,1.3210978078433742,-1.619229076287149,1.1585610346480597,0.5833333333333333
lightgbm,25.0,2016-08-31_2017-07-31,12,0.36347046970400276,0.0887429950023102,0.36347046970400276,0.0887429950023102,0.27472747470169256,0.35656194058269874,1.03151800823118,-0.15361221122879087,-0.05046191183613402,0.4166666666666667,0.709006097897459,-2.0783004751880854,0.7130197729390559,0.5555555555555555
lightgbm,25.0,2016-09-30_2017-08-31,12,0.29077095703596045,0.09991973328039871,0.29077095703596045,0.09991973328039871,0.19085122375556174,0.3675197334595811,0.8577829318438849,-0.21033569423130039,-0.05046191183613402,0.4166666666666667,0.5354536207981044,-2.2074466912570148,0.6827658608100722,0.5277777777777778
lightgbm,25.0,2016-10-31_2017-09-30,12,0.6023355819558169,0.1075588143605537,0.6023355819558169,0.1075588143605537,0.49477676759526323,0.3843718820539505,1.4148237752454043,-0.2103356942313005,-0.0004923640702735321,0.5,1.0519461919607673,-1.8738196713640578,1.0521691576683798,0.49999999999999994
lightgbm,25.0,2016-11-30_2017-10-31,12,-0.07220599196696953,0.1559996199134983,-0.07220599196696953,0.1559996199134983,-0.22820561188046784,0.44099458913944084,0.045095117860831826,-0.33107463699557393,-0.008932388259170088,0.4166666666666667,-0.3033389649797975,5.789820743361463,-0.576614199219355,0.5277777777777778
lightgbm,25.0,2016-12-31_2017-11-30,12,-0.13281825381243728,0.19992461049678534,-0.13281825381243728,0.19992461049678534,-0.3327428643092226,0.4430722984773802,-0.10544470855077806,-0.36255485176636204,-0.008932388259169977,0.4166666666666667,-0.5396859866309016,1.6174483212565207,-0.29694912629272874,0.5277777777777778
lightgbm,25.0,2017-01-31_2017-12-31,12,0.09873445301998673,0.24773371905633135,0.09873445301998673,0.24773371905633135,-0.1489992660363446,0.5929526862679634,0.4178308569401461,-0.36255485176636193,-0.008932388259170088,0.4166666666666667,0.039247673249061574,3.8011603387264645,-0.4651823772979412,0.5555555555555556
lightgbm,25.0,2017-02-28_2018-01-31,12,0.2863258047529025,0.22472528642954592,0.2863258047529025,0.22472528642954592,0.06160051832335656,0.6037634861583226,0.6873236852656672,-0.36255485176636193,-0.008932388259170088,0.5,0.35854070897941653,3.046713598785591,-0.19518913389630277,0.5
lightgbm,25.0,2017-03-31_2018-02-28,12,0.20965087095325785,0.11150665310004948,0.20965087095325785,0.11150665310004948,0.09814421785320837,0.606109056642984,0.5821773018602655,-0.36255485176636204,-0.06307407298992962,0.5,0.4158537352284898,1.8455558130370682,0.15787862293417598,0.4444444444444444
lightgbm,25.0,2017-04-30_2018-03-31,12,0.08381250495679682,0.054403018339003184,0.08381250495679682,0.054403018339003184,0.029409486617793634,0.5810316133186865,0.3931538017826694,-0.3625548517663618,-0.09250223900477905,0.5,0.30061517312289476,1.2699046872934925,0.1650420820133882,0.4444444444444444
lightgbm,25.0,2017-05-31_2018-04-30,12,-0.06172743302117767,0.042771960341875914,-0.06172743302117767,0.042771960341875914,-0.10449939336305358,0.5988018718675105,0.15489757636330986,-0.34788795172158016,-0.09416874157139277,0.4166666666666667,0.07757966638702651,1.3451901405785742,0.028977751649301497,0.47222222222222215
lightgbm,25.0,2017-06-30_2018-05-31,12,0.11466896294878381,-0.005226881237519021,0.11466896294878381,-0.005226881237519021,0.11989584418630284,0.6166188743935064,0.4484549407732871,-0.3293312838886434,-0.12207676452647664,0.5,0.4535069044848714,0.9043422524085132,0.31333404028883916,0.47222222222222227
lightgbm,25.0,2017-07-31_2018-06-30,12,0.14575354700454968,0.0163507796990916,0.14575354700454968,0.0163507796990916,0.12940276730545808,0.614779539322265,0.4939022747659223,-0.3132751928004831,-0.12207676452647676,0.5,0.46273251022911904,0.828567238036817,0.32516609478541647,0.47222222222222227
lightgbm,25.0,2017-08-31_2018-07-31,12,0.24836897495122923,0.02633003466478856,0.24836897495122923,0.02633003466478856,0.22203894028644067,0.6007143831425081,0.6382328836062011,-0.3132751928004831,-0.12207676452647653,0.5,0.5907922395014581,0.7862422753150939,0.42275957767204675,0.47222222222222215
lightgbm,25.0,2017-09-30_2018-08-31,12,0.27670386258735524,0.012828519177035869,0.27670386258735524,0.012828519177035869,0.2638753434103194,0.5972717910346679,0.6773667455760218,-0.3132751928004832,-0.12207676452647664,0.5,0.6548117039553529,0.8685667299550308,0.4647604787969415,0.49999999999999994
lightgbm,25.0,2017-10-31_2018-09-30,12,0.034037209044726735,-0.028994428060318933,0.034037209044726735,-0.028994428060318933,0.06303163710504567,0.5809843010034001,0.3117882820791236,-0.12528107534330268,-0.12207676452647676,0.4166666666666667,0.35524642263046036,0.7793238750515317,0.218039520578597,0.5555555555555555
lightgbm,25.0,2017-11-30_2018-10-31,12,0.8490919413891063,0.017470333624036494,0.8490919413891063,0.017470333624036494,0.8316216077650698,0.5433852069374826,1.3787089698778197,-0.12528107534330268,-0.12207676452647676,0.5,1.3841431524861731,1.162573798007533,1.0131118146811322,0.5833333333333333
lightgbm,25.0,2017-12-31_2018-11-30,12,0.8675117727222434,-0.025356283802123625,0.8675117727222434,-0.025356283802123625,0.8928680565243671,0.5413777438047662,1.4013557505755678,-0.12528107534330268,-0.12207676452647687,0.5,1.5391262305986444,2.0874141656335548,1.1714021474624419,0.611111111111111
lightgbm,25.0,2018-01-31_2018-12-31,12,0.4912934702615066,-0.01099995180484914,0.4912934702615066,-0.01099995180484914,0.5022934220663557,0.4088394716068447,1.1671353731197232,-0.12528107534330268,-0.12095719505337177,0.5,1.226824623023801,0.9796269267335136,0.604159065289892,0.611111111111111
lightgbm,25.0,2018-02-28_2019-01-31,12,0.378636155630512,-0.023323412109537922,0.378636155630512,-0.023323412109537922,0.40195956774004993,0.3929953857100469,0.9937686151699717,-0.12528107534330268,-0.06297476655901424,0.5,1.0806876287677674,0.9448550724117083,0.4921845762549655,0.638888888888889
lightgbm,25.0,2018-03-31_2019-02-28,12,0.34419176200248525,0.045204178762284775,0.34419176200248525,0.045204178762284775,0.29898758324020047,0.3973060940032111,0.9213598387283464,-0.12528107534330268,-0.032589089243883484,0.4166666666666667,0.8226159116259889,0.9817649239942529,0.3693995109668007,0.7222222222222222
lightgbm,25.0,2018-04-30_2019-03-31,12,0.0355748073951645,0.07686204312787948,0.0355748073951645,0.07686204312787948,-0.04128723573271498,0.44305143968831556,0.2708822372605629,-0.2111113711075575,-0.031039511736595693,0.3333333333333333,0.09990806084613134,1.6328094674463987,-0.006923397336091486,0.7222222222222222
lightgbm,25.0,2018-05-31_2019-04-30,12,0.07297918684397753,0.03769148450195714,0.07297918684397753,0.03769148450195714,0.03528770234202039,0.43355201244333885,0.3496907321651454,-0.28501975910275257,-0.04957195403333192,0.3333333333333333,0.2714351985970933,1.7049868266585853,0.08401253677938203,0.7222222222222222
lightgbm,25.0,2018-06-30_2019-05-31,12,-0.07126457335256708,0.09645960452265201,-0.07126457335256708,0.09645960452265201,-0.1677241778752191,0.4021290810332321,-0.011203796524389154,-0.28501975910275257,-0.04957195403333203,0.25,-0.28519175104956485,2.6427667996480095,-0.23044146867404824,0.7222222222222222
lightgbm,25.0,2018-07-31_2019-06-30,12,-0.07766208784397644,0.07648721996967378,-0.07766208784397644,0.07648721996967378,-0.15414930781365022,0.40219133832160536,-0.02831978663921076,-0.2866711889806455,-0.04957195403333203,0.25,-0.2521981628065831,2.7366342586049965,-0.2023748463017465,0.7777777777777778
lightgbm,25.0,2018-08-31_2019-07-31,12,-0.05532804280319026,0.051509897202665744,-0.05532804280319026,0.051509897202665744,-0.106837940005856,0.4010409285132052,0.030182434527600516,-0.29112917480103306,-0.04957195403333203,0.3333333333333333,-0.11980559746900189,2.7237662985396245,-0.12733524402471308,0.8055555555555555
lightgbm,25.0,2018-09-30_2019-08-31,12,-0.006577204774833256,0.032217370272061396,-0.006577204774833256,0.032217370272061396,-0.03879457504689465,0.3977752013025367,0.1542196956633883,-0.29112917480103306,-0.05569706120271434,0.4166666666666667,0.07253214260195955,2.4282435013979256,-0.025637649627050507,0.861111111111111
lightgbm,25.0,2018-10-31_2019-09-30,12,-0.2558654106599799,0.0680196854801034,-0.2558654106599799,0.0680196854801034,-0.3238850961400833,0.4929064302410728,-0.360237740056755,-0.49275068858899507,-0.05569706120271445,0.4166666666666667,-0.5367600340526345,2.327690646573359,-0.2917271346254875,0.861111111111111
lightgbm,25.0,2018-11-30_2019-10-31,12,-0.29386985375446195,-0.007313909877188718,-0.29386985375446195,-0.007313909877188718,-0.28655594387727323,0.45134526281013715,-0.539228396358644,-0.4927506885889953,-0.07977064350808971,0.4166666666666667,-0.5152546664137404,-0.26941421270536936,-0.21872769643305667,0.8055555555555555
lightgbm,25.0,2018-12-31_2019-11-30,12,-0.46554285480628743,0.01695714726683817,-0.46554285480628743,0.01695714726683817,-0.4825000020731256,0.5169974363472436,-0.9233368157447296,-0.548151568425018,-0.07977064350808971,0.4166666666666667,-0.9008326429286881,-1.3963172451041947,-0.36607359991887367,0.8055555555555555
lightgbm,25.0,2019-01-31_2019-12-31,12,-0.6320008844006579,-0.0907583313333864,-0.6320008844006579,-0.0907583313333864,-0.5412425530672715,0.5196987966327188,-1.587233954137139,-0.6528512389967193,-0.08173242622854304,0.3333333333333333,-1.3207161996337085,-1.4697221823229332,-0.631289545679566,0.8333333333333331
lightgbm,25.0,2019-02-28_2020-01-31,12,-0.7314588874804544,-0.15374678206850467,-0.7314588874804544,-0.15374678206850467,-0.5777121054119497,0.5212063076088245,-2.1323288356926238,-0.7189555214674517,-0.157070533612218,0.25,-1.760969038116978,-0.17843398106810252,-0.6980429952190526,0.861111111111111
lightgbm,25.0,2019-03-31_2020-02-29,12,-0.7253665269255523,-0.2983301643039218,-0.7253665269255523,-0.2983301643039218,-0.4270363626216304,0.5238340770601508,-2.080249681401057,-0.6673607450083636,-0.2968733323797681,0.3333333333333333,-1.296785417186469,-0.391244983048746,-0.723420041726927,0.8055555555555555
lightgbm,25.0,2019-04-30_2020-03-31,12,-0.6977379735245539,-0.26938100433105683,-0.6977379735245539,-0.26938100433105683,-0.42835696919349703,0.5159032096924421,-1.9512324119214832,-0.6682071323753105,-0.2897384073692094,0.3333333333333333,-1.240204337471313,-0.30840070808113745,-0.6830528278967982,0.7777777777777777
lightgbm,25.0,2019-05-31_2020-04-30,12,-0.5617175845786978,-0.23441422140073764,-0.5617175845786978,-0.23441422140073764,-0.32730336317796016,0.6509810887428048,-0.919840332150931,-0.6682071323753105,-0.2897384073692094,0.4166666666666667,-0.5196737581011386,-0.0256387989314933,-0.46249055296561703,0.8055555555555555
lightgbm,25.0,2019-06-30_2020-05-31,12,-0.3933684667911682,-0.22854562482453433,-0.3933684667911682,-0.22854562482453433,-0.16482284196663388,0.7869142781357523,-0.27030000211859323,-0.6657206719412936,-0.2897384073692095,0.5,0.028229474303941002,0.47747794941885735,-0.09601413500788825,0.8333333333333331
lightgbm,25.0,2019-07-31_2020-06-30,12,-0.5282806727852432,-0.1941752572672133,-0.5282806727852432,-0.1941752572672133,-0.3341054155180299,0.8142520854444922,-0.5323220366533378,-0.6647577386948516,-0.2827760862119635,0.5,-0.2907589263574724,0.11861265931490614,-0.3416945780633318,0.8333333333333334
lightgbm,25.0,2019-08-31_2020-07-31,12,-0.5350301042376061,-0.1722348942847023,-0.5350301042376061,-0.1722348942847023,-0.3627952099529038,0.8138070767931397,-0.5500849929743927,-0.6647577386948516,-0.27948217627529803,0.4166666666666667,-0.34008613084206357,0.12407499647892657,-0.3528710787125736,0.8333333333333331
lightgbm,25.0,2019-09-30_2020-08-31,12,-0.4402709972643719,-0.21057570090232802,-0.4402709972643719,-0.21057570090232802,-0.2296952963620439,0.8498575682822542,-0.2861353010628119,-0.6155811804887473,-0.27948217627529803,0.4166666666666667,-0.039153398331576335,-0.1452914159157066,-0.24165112624121854,0.8055555555555554
lightgbm,25.0,2019-10-31_2020-09-30,12,-0.25905247601666637,-0.1766274605970889,-0.25905247601666637,-0.1766274605970889,-0.08242501541957747,0.8007952207856404,-0.015339674178608452,-0.6155811804887474,-0.2794821762752979,0.4166666666666667,0.18176430571083482,-0.060798151420708664,-0.022085773301990352,0.7777777777777777
lightgbm,25.0,2019-11-30_2020-10-31,12,-0.29727428957491797,-0.06643817837031618,-0.29727428957491797,-0.06643817837031618,-0.2308361112046018,0.7838624026934523,-0.09614533380947772,-0.4722764118018278,-0.2794821762752979,0.4166666666666667,-0.04950043624575928,0.3143138161356243,-0.062269182873932793,0.8055555555555554
lightgbm,25.0,2019-12-31_2020-11-30,12,0.20566689906344404,-0.050871312509224054,0.20566689906344404,-0.050871312509224054,0.2565382115726681,0.7645268526596501,0.5833482842944956,-0.3131155792020457,-0.2358764964179022,0.5,0.6283008915564537,0.7737371243904061,0.5707337355078146,0.8055555555555555
lightgbm,25.0,2020-01-31_2020-12-31,12,0.24258287500849796,-0.013079995771551722,0.24258287500849796,-0.013079995771551722,0.2556628707800497,0.7558137706537694,0.6211971452057922,-0.24397750683900232,-0.16758179221927783,0.5,0.6056106323082714,0.6377072539257087,0.5663402117929697,0.8055555555555555
lightgbm,25.0,2020-02-29_2021-01-31,12,1.1364635730408739,0.14471568274700242,1.1364635730408739,0.14471568274700242,0.9917478902938714,0.7473240687610796,1.3728837896109836,-0.24397750683900232,-0.07033476780972703,0.5833333333333334,1.1512248318142024,0.503793860066589,1.477330429599363,0.75
lightgbm,25.0,2020-03-31_2021-02-28,12,0.6410351075095688,0.3187076559568369,0.6410351075095688,0.3187076559568369,0.3223274515527319,0.8144881440935298,0.9814593793028457,-0.2494134265480028,-0.07033476780972703,0.5,0.6404052163107271,1.1661697256685024,0.5678525965773791,0.75
lightgbm,25.0,2020-04-30_2021-03-31,12,0.8410592976927695,0.2712264885896778,0.8410592976927695,0.2712264885896778,0.5698328091030918,0.7984310246908114,1.1399167954065663,-0.2494134265480028,-0.07033476780972714,0.5833333333333334,0.8509404587107385,1.303855308595811,0.7577519473648378,0.6944444444444443
lightgbm,25.0,2020-05-31_2021-04-30,12,0.7774142856541482,0.2511461011810818,0.7774142856541482,0.2511461011810818,0.5262681844730663,0.78481460090835,1.1018075552783813,-0.2494134265480028,-0.07033476780972703,0.5833333333333334,0.8233276056651619,1.1752304493933854,0.768001423843,0.6666666666666666
lightgbm,25.0,2020-06-30_2021-05-31,12,0.2017582380388121,0.22018559574957508,0.2017582380388121,0.22018559574957508,-0.01842735771076298,0.7107428484462763,0.5826616361469287,-0.2494134265480028,-0.07033476780972703,0.5,0.2914757255374305,1.0613856641422728,0.2042931584444858,0.6666666666666666
lightgbm,25.0,2020-07-31_2021-06-30,12,1.1953563858445593,0.1787337447456181,1.1953563858445593,0.1787337447456181,1.0166226410989412,0.7393424149035281,1.4232291072556107,-0.24941342654800291,-0.07033476780972703,0.5833333333333334,1.2441511194302564,1.4628179542416908,1.1529423109287107,0.638888888888889
lightgbm,25.0,2020-08-31_2021-07-31,12,1.4689427973460658,0.17406019021811336,1.4689427973460658,0.17406019021811336,1.2948826071279524,0.7298784739220903,1.6089300064778642,-0.2494134265480028,-0.0471551797914731,0.6666666666666666,1.4450166829495241,1.4742394549572015,1.4216306692398963,0.611111111111111
lightgbm,25.0,2020-09-30_2021-08-31,12,1.1965024074810922,0.29094300690606567,1.1965024074810922,0.29094300690606567,0.9055594005750265,0.7200633867264238,1.4457569745590397,-0.2494134265480028,-0.0471551797914731,0.6666666666666666,1.1753465649141321,2.7313813044005224,0.3621290780224973,0.5833333333333333
lightgbm,25.0,2020-10-31_2021-09-30,12,2.708576610545826,0.285307502281577,2.708576610545826,0.285307502281577,2.4232691082642495,0.8593476849198182,1.9676726237465125,-0.2494134265480028,-0.04715517979147299,0.75,1.8224754769855789,3.8261781956551464,0.9536548513213572,0.5833333333333334
lightgbm,25.0,2020-11-30_2021-10-31,12,2.1890897708738093,0.164192612882329,2.1890897708738093,0.164192612882329,2.0248971579914805,0.8707387335961185,1.7553574814950053,-0.2494134265480028,-0.04715517979147299,0.75,1.7321145210930051,5.654044262125469,0.848908214782639,0.5833333333333334
lightgbm,25.0,2020-12-31_2021-11-30,12,1.5950570855404673,0.10075285366229347,1.5950570855404673,0.10075285366229347,1.4943042318781738,0.8661399007232693,1.4958987751110129,-0.2494134265480028,-0.04715517979147321,0.75,1.506645051594525,6.769862581530081,0.8192961006004802,0.5277777777777778
lightgbm,25.0,2021-01-31_2021-12-31,12,1.9695699082214926,0.1311417024200292,1.9695699082214926,0.1311417024200292,1.8384282058014634,0.8273032449428284,1.704247915622635,-0.2494134265480028,-0.04715517979147299,0.75,1.6809502789502564,6.367365012625777,0.7891823554334885,0.5
lightgbm,25.0,2021-02-28_2022-01-31,12,2.7584486163475863,0.1035559333431273,2.7584486163475863,0.1035559333431273,2.654892683004459,0.9864722563724811,1.7874410632024378,-0.09391799658737332,-0.008710521467504728,0.75,1.7949180609759903,9.647415134076603,1.1304783266371712,0.5555555555555556
lightgbm,25.0,2021-03-31_2022-02-28,12,3.6019754558057713,0.1814244316261513,3.6019754558057713,0.1814244316261513,3.4205510241796198,0.925110098530117,2.0880961135876954,-0.09391799658737321,-0.008710521467504728,0.75,1.9818027272587593,9.49049964066914,0.3753281675426845,0.5555555555555555
lightgbm,25.0,2021-04-30_2022-03-31,12,3.635714191314678,0.2056999327796627,3.635714191314678,0.2056999327796627,3.4300142585350155,0.9238920448261193,2.098938576563664,-0.0939179965873731,-0.008710521467504728,0.75,1.9622715927932546,8.961832528819414,0.26277706484155283,0.5833333333333333
lightgbm,25.0,2021-05-31_2022-04-30,12,2.68139446700763,0.20202014645819677,2.68139446700763,0.20202014645819677,2.479374320549433,0.9277628110466497,1.8086610191966939,-0.09391799658737332,-0.011058901373715124,0.75,1.6802221524205434,10.532887348922074,-0.2561895897512647,0.5555555555555555
lightgbm,25.0,2021-06-30_2022-05-31,12,2.681189647977621,0.1547230806668567,2.681189647977621,0.1547230806668567,2.5264665673107647,0.9277750686663582,1.8085807138738974,-0.1055673833351285,-0.04389760737316839,0.75,1.74126296802062,7.828120824363885,0.6693961274935112,0.49999999999999983
lightgbm,25.0,2021-07-31_2022-06-30,12,2.8091614124416533,0.14515293481688385,2.8091614124416533,0.14515293481688385,2.6640084776247694,0.9444873954978136,1.8284746076014857,-0.1055673833351285,-0.04389760737316839,0.75,1.7649242778513077,7.319519874949423,0.9916002252384617,0.49999999999999994
lightgbm,25.0,2021-08-31_2022-07-31,12,3.4446074848062143,0.16719366722844042,3.4446074848062143,0.16719366722844042,3.2774138175777736,0.953342708716062,2.004253944187264,-0.1055673833351285,-0.04389760737316839,0.75,1.934130346453402,7.27627131936015,1.0835385441401102,0.49999999999999994
lightgbm,25.0,2021-09-30_2022-08-31,12,2.175778259513256,0.11990803732841937,2.175778259513256,0.11990803732841937,2.0558702221848364,1.0293761149961744,1.55819441243764,-0.23217223797716002,-0.04389760737316817,0.6666666666666666,1.5292079992085836,8.215286284809329,0.8681922254939192,0.5277777777777778
lightgbm,25.0,2021-10-31_2022-09-30,12,1.2790466628584034,0.07700156092153554,1.2790466628584034,0.07700156092153554,1.2020451019368679,0.9001231539805986,1.2819354494736388,-0.23217223797716002,-0.04389760737316828,0.6666666666666666,1.2550335219339748,7.062516743263088,0.8133738592158155,0.5277777777777778
lightgbm,25.0,2021-11-30_2022-10-31,12,1.378746597203349,0.0837751064100245,1.378746597203349,0.0837751064100245,1.2949714907933245,0.8959441855616997,1.3366106324399256,-0.23217223797716002,-0.04389760737316839,0.6666666666666666,1.303429755769503,7.073203456924458,0.8111461086041893,0.5277777777777778
lightgbm,25.0,2021-12-31_2022-11-30,12,1.577100431935531,0.04089310124175727,1.577100431935531,0.04089310124175727,1.5362073306937738,0.8913967047907129,1.438564573741108,-0.23217223797716002,-0.052330809109684795,0.6666666666666666,1.4563086643565042,5.5395017454157145,1.7164574788983082,0.5555555555555556
lightgbm,25.0,2022-01-31_2022-12-31,12,2.1046830732582245,0.03139589518781816,2.1046830732582245,0.03139589518781816,2.073287178070406,0.8647185110432167,1.6974591520917117,-0.23217223797716002,-0.0538908420070876,0.75,1.745325731643633,5.692147762162923,2.3541291386556797,0.5555555555555557
lightgbm,25.0,2022-02-28_2023-01-31,12,0.9353469530810368,-0.006523085673795559,0.9353469530810368,-0.006523085673795559,0.9418700387548323,0.611231409935442,1.3641398041753132,-0.23217223797716002,-0.053890842007087936,0.75,1.422145101021479,2.913876511530804,1.2638295866831974,0.5277777777777778
lightgbm,25.0,2022-03-31_2023-02-28,12,0.916798378179895,-0.03763942955797195,0.916798378179895,-0.03763942955797195,0.9544378077378669,0.6136550790542339,1.344398349045977,-0.2321722379771599,-0.05860315994470999,0.75,1.4799867273293743,4.5941539803148785,1.5918435473891348,0.5833333333333334
lightgbm,25.0,2022-04-30_2023-03-31,12,0.6719230835854808,-0.0433257664262765,0.6719230835854808,-0.0433257664262765,0.7152488500117573,0.6369923975186255,1.089191693625347,-0.2321722379771599,-0.052003665957635614,0.6666666666666666,1.2058271538071972,4.320813356512276,1.3295860173629772,0.5833333333333334
lightgbm,25.0,2022-05-31_2023-04-30,12,0.5000353870510015,-0.07213752035282106,0.5000353870510015,-0.07213752035282106,0.5721729074038225,0.65410255789191,0.9023394448099523,-0.2629840511124253,-0.07596598010903766,0.5833333333333334,1.067404626904933,4.254453366471406,1.3741024673195765,0.5833333333333333
lightgbm,25.0,2022-06-30_2023-05-31,12,0.45602628764964126,-0.0361282154897381,0.45602628764964126,-0.0361282154897381,0.49215450313937936,0.6596579450927381,0.8529056894539129,-0.3270884063852002,-0.07596598010903755,0.5833333333333334,0.9432803749859076,4.014885345718834,0.9765093356842203,0.5833333333333333
lightgbm,25.0,2022-07-31_2023-06-30,12,-0.18243219244467812,-0.0028433046031512976,-0.18243219244467812,-0.0028433046031512976,-0.17958888784152682,0.5188811497973241,-0.1486308270272299,-0.44873819861436137,-0.07596598010903743,0.5,-0.1512078093819561,1.046492604803696,-0.07470023423627015,0.611111111111111
lightgbm,25.0,2022-08-31_2023-07-31,12,-0.32339402082765867,-0.031389184091800915,-0.32339402082765867,-0.031389184091800915,-0.29200483673585775,0.42102132881374255,-0.7095611310158546,-0.44873819861436137,-0.0655917893195096,0.5,-0.6178413301756109,-0.6686968014712706,-0.27576477267108623,0.6666666666666666
lightgbm,25.0,2022-09-30_2023-08-31,12,-0.3457331383199769,-0.014331580574544756,-0.3457331383199769,-0.014331580574544756,-0.3314015577454321,0.4351624596053712,-0.7447593391368991,-0.564607054904799,-0.06559178931950937,0.5,-0.6814380296249762,-1.4592643478702105,-0.2929235601901551,0.6944444444444443
lightgbm,25.0,2022-10-31_2023-09-30,12,-0.3425478703571775,-0.04883569016310929,-0.3425478703571775,-0.04883569016310929,-0.2937121801940682,0.4375766373444607,-0.7279239708873989,-0.5646070549047991,-0.06327241269436523,0.5,-0.5707287568019219,-2.4973773682206133,-0.3590964015736481,0.6944444444444443
lightgbm,25.0,2022-11-30_2023-10-31,12,-0.39125870716453715,-8.074453772832779e-05,-0.39125870716453715,-8.074453772832779e-05,-0.3911779626268088,0.4313534492542579,-0.9172203369360155,-0.564607054904799,-0.04084242285001627,0.4166666666666667,-0.8444392475018252,-1.7168268619874232,-0.32670654378606334,0.6666666666666666
lightgbm,25.0,2022-12-31_2023-11-30,12,-0.5428028627841919,0.06162621592425688,-0.5428028627841919,0.06162621592425688,-0.6044290787084488,0.42502573577983027,-1.5762240558172969,-0.6008573353660458,-0.04084242285001627,0.3333333333333333,-1.588700635175943,-1.587291228745307,-0.44182483647811466,0.6666666666666666
lightgbm,25.0,2023-01-31_2023-12-31,12,-0.5549039200776176,0.05389394652891433,-0.5549039200776176,0.05389394652891433,-0.6087978666065319,0.41495767026964825,-1.6840934613658456,-0.6008573353660458,-0.04084242285001627,0.3333333333333333,-1.6623178929483315,-1.647954047576235,-0.4631365512987625,0.6944444444444443
lightgbm,25.0,2023-02-28_2024-01-31,12,-0.35282947956272537,0.06910062416905749,-0.35282947956272537,0.06910062416905749,-0.42193010373178286,0.7148337599792428,-0.3111478210625748,-0.5614954745101486,-0.04084242285001627,0.3333333333333333,-0.40170292422951676,-0.8298309497770093,-0.15202687911566382,0.7222222222222222
lightgbm,25.0,2023-03-31_2024-02-29,12,-0.3276935507963684,0.07105311702696282,-0.3276935507963684,0.07105311702696282,-0.39874666782333124,0.7118587995055279,-0.26278475527356954,-0.5104445722236495,-0.04084242285001627,0.3333333333333333,-0.35682783580489097,-0.8991070755166444,-0.11531185415972522,0.6944444444444445
lightgbm,25.0,2023-04-30_2024-03-31,12,-0.3479465967952696,0.04605177038880415,-0.3479465967952696,0.04605177038880415,-0.39399836718407377,0.7160255204666381,-0.2989403979969527,-0.45843415568359724,-0.028914327222309355,0.3333333333333333,-0.361068421881943,-0.5663638471508743,-0.17129937822981578,0.75
lightgbm,25.0,2023-05-31_2024-04-30,12,-0.39689175738714844,0.05087612226469651,-0.39689175738714844,0.05087612226469651,-0.44776787965184495,0.7272371520552735,-0.3876358974557848,-0.406842342409635,-0.04720745865673304,0.3333333333333333,-0.4558849863040513,-0.24905609295199077,-0.23792514463923986,0.8055555555555555
lightgbm,25.0,2023-06-30_2024-05-31,12,-0.24657407208031856,0.06029804021364593,-0.24657407208031856,0.06029804021364593,-0.3068721122939645,0.7410376671201986,-0.07333394841821025,-0.31934087983131354,-0.04720745865673304,0.4166666666666667,-0.15602691662910806,-0.0647202303401843,-0.04917397452557937,0.861111111111111
lightgbm,25.0,2023-07-31_2024-06-30,12,0.0059612505421891004,0.046802268590376395,0.0059612505421891004,0.046802268590376395,-0.040841018048187294,0.7203764544402449,0.30573559297728203,-0.31934087983131343,-0.04720745865673304,0.5,0.24038076561289712,1.313092833896435,0.1676232251545715,0.8333333333333331
lightgbm,25.0,2023-08-31_2024-07-31,12,2.061886542157777,0.10318514893952901,2.061886542157777,0.10318514893952901,1.9587013932182478,2.3368173717418186,1.0245902831894131,-0.31316340952784383,-0.04720745865673315,0.5,1.0032144013335509,13.157167677927932,1.709645723482498,0.8333333333333331
lightgbm,25.0,2023-09-30_2024-08-31,12,4.193983117824926,0.08473288946892565,4.193983117824926,0.08473288946892565,4.109250228356,2.283080458171467,1.2751598097321883,-0.31316340952784394,-0.04720745865673315,0.5833333333333334,1.2657459148689738,11.708732668113186,4.839658096455007,0.8055555555555554
lightgbm,25.0,2023-10-31_2024-09-30,12,6.01559809676849,0.12170948346779942,6.01559809676849,0.12170948346779942,5.893888613300691,2.3006519924366295,1.4406405516531726,-0.31316340952784394,-0.047207458656732815,0.5833333333333334,1.4188454400221175,12.948011276254192,4.202258130346523,0.8055555555555554
lightgbm,25.0,2023-11-30_2024-10-31,12,6.622111014616324,0.004734660022875703,6.622111014616324,0.004734660022875703,6.617376354593448,2.289792955460685,1.483861904115815,-0.31316340952784394,-0.07254414974326939,0.6666666666666666,1.521072800466044,12.638355150643147,17.028284825498428,0.8333333333333331
lightgbm,25.0,2023-12-31_2024-11-30,12,6.591623841150449,-0.026522408525777696,6.591623841150449,-0.026522408525777696,6.618146249676227,2.290513729543143,1.4819499161399856,-0.31316340952784394,-0.07702368625268241,0.6666666666666666,1.538484228496343,15.049179979680158,24.60863525733939,0.8333333333333331
lightgbm,25.0,2024-01-31_2024-12-31,12,6.117186900075072,-0.013699490369203038,6.117186900075072,-0.013699490369203038,6.1308863904442745,2.2984273959921007,1.447952843160624,-0.31316340952784394,-0.07702368625268208,0.5833333333333334,1.496148308167486,14.770665969505945,19.878175303973677,0.8333333333333331
lightgbm,25.0,2024-02-29_2025-01-31,12,4.387052819176847,-0.14290566323586873,4.387052819176847,-0.14290566323586873,4.529958482412716,2.2845784715572766,1.2943802539099598,-0.27364187291789277,-0.18252959118595857,0.5833333333333334,1.398516266073191,6.964482633002327,29.279684165101337,0.8333333333333334
lightgbm,25.0,2024-03-31_2025-02-28,12,3.6423460762240287,-0.10676537761977256,3.6423460762240287,-0.10676537761977256,3.7491114538438013,2.3069863086037947,1.2251459255898998,-0.22726756093271538,-0.1825295911859588,0.5833333333333334,1.3013258476784169,5.5314060681457535,18.620092647844697,0.8333333333333331
lightgbm,25.0,2024-04-30_2025-03-31,12,5.502498200959773,-0.06461005552580057,5.502498200959773,-0.06461005552580057,5.567108256485574,2.2726155332478806,1.396844667354065,-0.22726756093271527,-0.18252959118595868,0.6666666666666666,1.4572065023156324,5.018500257030509,19.58837738868408,0.8333333333333331
lightgbm,25.0,2024-05-31_2025-04-30,12,7.312181900209669,0.02942056800377868,7.312181900209669,0.02942056800377868,7.28276133220589,2.236384250160003,1.5235239032525048,-0.2272675609327155,-0.18252959118595857,0.75,1.534099479439164,3.6141616851300635,16.721795629114123,0.8333333333333334
lightgbm,25.0,2024-06-30_2025-05-31,12,5.896029069245887,-0.019239253194651806,5.896029069245887,-0.019239253194651806,5.9152683224405385,2.2583074183814413,1.4226863193739496,-0.22726756093271527,-0.18252959118595835,0.6666666666666666,1.45669277533829,3.924046507825426,16.445120020160665,0.8055555555555555
lightgbm,25.0,2024-07-31_2025-06-30,12,4.552588280032986,0.03150250800801424,4.552588280032986,0.03150250800801424,4.521085772024972,2.286093521063451,1.3121836594360847,-0.22726756093271538,-0.1825295911859589,0.5833333333333334,1.3111111980190961,2.5929476034344634,12.132271379523436,0.8055555555555554
lightgbm,25.0,2024-08-31_2025-07-31,12,1.3526321699642838,0.02082724764079913,1.3526321699642838,0.02082724764079913,1.3318049223234847,0.7844192981561328,1.4454483309847674,-0.22726756093271538,-0.1720911800730176,0.5833333333333334,1.3332867368200947,-0.29919550937231454,1.985818357537767,0.8055555555555555
lightgbm,25.0,2024-09-30_2025-08-31,12,0.26762630870568116,0.07082064647411035,0.26762630870568116,0.07082064647411035,0.1968056622315708,0.8623226104446657,0.6412638618258785,-0.32137234158335737,-0.1720911800730176,0.5,0.5171063142331203,-0.4443003206966028,0.7810715956962151,0.8333333333333334
lightgbm,25.0,2024-10-31_2025-09-30,12,-0.5357068689589826,0.07787885846139209,-0.5357068689589826,0.07787885846139209,-0.6135857274203746,0.7902172798537891,-0.5453117772362761,-0.614099669760768,-0.11858833109117162,0.4166666666666667,-0.6266927103207476,-0.48958939855030853,-0.3241186131551814,0.861111111111111
lightgbm,25.0,2024-11-30_2025-10-31,12,-0.624697235439818,0.1960061542824556,-0.624697235439818,0.1960061542824556,-0.8207033897222736,0.7926900837402576,-0.7968041585756828,-0.6733596195995171,-0.11795970406671652,0.3333333333333333,-0.9957815410597095,-0.4494815170159667,-0.42665682689863527,0.8888888888888888
lightgbm,25.0,2024-12-31_2025-11-30,12,-0.4255605536308368,0.22133541890163522,-0.4255605536308368,0.22133541890163522,-0.646895972532472,0.8379086735060681,-0.23188142160517683,-0.6733596195995171,-0.11795970406671652,0.4166666666666667,-0.46830353349031206,-0.5718505914608838,-0.06801233751509561,0.9166666666666665
lightgbm,25.0,2025-01-31_2025-12-31,12,-0.5294557086225533,0.17166648362633885,-0.5294557086225533,0.17166648362633885,-0.7011221922488922,0.8542012122705261,-0.4384031701353539,-0.6733596195995171,-0.03669877287899381,0.4166666666666667,-0.6224090749975713,-0.25291764460524846,-0.28434822805265414,0.9166666666666665
lightgbm,25.0,2025-02-28_2026-01-31,12,-0.6693974166239018,0.31334945156909844,-0.6693974166239018,0.31334945156909844,-0.9827468681930003,0.8415409627554391,-0.8531310225724589,-0.7271433181600162,-0.04758367670999886,0.3333333333333333,-1.2205848448911534,1.6500605285224845,-0.7126831338569648,0.9166666666666665
lightgbm,25.0,2025-03-31_2026-02-28,12,-0.720827122628704,0.08257309459079365,-0.720827122628704,0.08257309459079365,-0.8034002172194976,0.8711575341973521,-0.9696396951830321,-0.8122454475362815,-0.18488813271044613,0.3333333333333333,-1.1647882613109015,1.667976637347979,-0.6526112581549575,0.9444444444444443
lightgbm,25.0,2025-04-30_2026-03-31,12,-0.6995613747637903,0.028079656548997578,-0.6995613747637903,0.028079656548997578,-0.7276410313127879,0.9086220939481475,-0.8276463695362627,-0.8122454475362815,-0.19546042589812018,0.3333333333333333,-0.9174770735691856,1.2712156664305843,-0.5691163920950357,0.9444444444444443
lightgbm,25.0,2025-05-31_2026-04-30,12,-0.7932032514735035,-0.14610708694572017,-0.7932032514735035,-0.14610708694572017,-0.6470961645277833,0.9170672778535741,-1.1832788546569397,-0.8191205265456479,-0.29138146686445754,0.25,-1.0945927813442478,1.2838585176658217,-0.6144114814245724,0.9166666666666665
lightgbm,25.0,2025-06-30_2026-05-31,12,-0.8485759842588718,-0.18541351506394133,-0.8485759842588718,-0.18541351506394133,-0.6631624691949305,0.9407065280963651,-1.4228887223416342,-0.8746712217725764,-0.34737666250868915,0.25,-1.3204528154969537,1.4696216086712592,-0.6774302649096262,0.9444444444444443
lightgbm,25.0,2025-07-31_2026-06-30,12,-0.7924173992980413,-0.1667764227923394,-0.7924173992980413,-0.1667764227923394,-0.6256409765057019,0.9930268211175501,-1.0189946162871406,-0.8746712217725764,-0.34737666250868904,0.3333333333333333,-0.9630292642809472,2.0029152116211355,-0.5183277129198394,0.9444444444444442
lightgbm,25.0,2025-08-31_2026-07-31,11,-0.848684309739056,-0.20361006057922837,-0.872553486257269,-0.2199234939209873,-0.6526299923362817,0.9012747319395398,-1.6748884853219732,-0.8153202618946631,-0.34737666250868904,0.2727272727272727,-1.578885845120542,1.5965166258344878,-0.7065004798364332,0.9393939393939393
ensemble,25.0,2015-01-31_2015-12-31,12,0.0,-0.12747007924802523,0.0,-0.12747007924802523,0.12747007924802523,0.0,,0.0,-0.23461549146957172,0.5,0.7954677585200284,0.0,0.0,0.0
ensemble,25.0,2015-02-28_2016-01-31,12,0.0,-0.12464243166357358,0.0,-0.12464243166357358,0.12464243166357358,0.0,,0.0,-0.23461549146957184,0.5,0.7692353657490086,0.0,0.0,0.0
ensemble,25.0,2015-03-31_2016-02-29,12,0.0,-0.12200459979370504,0.0,-0.12200459979370504,0.12200459979370504,0.0,,0.0,-0.19026047013875313,0.5,0.7474004123133282,0.0,0.0,0.0
ensemble,25.0,2015-04-30_2016-03-31,12,0.0,-0.0487261301192532,0.0,-0.0487261301192532,0.0487261301192532,0.0,,0.0,-0.19026047013875313,0.5,0.2945962713956538,0.0,0.0,0.0
ensemble,25.0,2015-05-31_2016-04-30,12,-0.028922649738046813,-0.08042164366594717,-0.028922649738046813,-0.08042164366594717,0.05149899392790036,0.02892264973804686,-1.0,-0.028922649738046813,-0.13984886986493428,0.5,0.3350538608388627,0.004083983430235793,-0.028243737765579424,0.08333333333333333
ensemble,25.0,2015-06-30_2016-05-31,12,-0.12096428912286428,0.021583414106036036,-0.12096428912286428,0.021583414106036036,-0.1425477032289003,0.09655002678896561,-1.2812597695804646,-0.12096428912286428,-0.12048248506773218,0.4166666666666667,-0.8199740723963009,-0.23966553911179284,-0.11062800942716955,0.13888888888888887
ensemble,25.0,2015-07-31_2016-06-30,12,0.05613704166471245,0.0860932538897814,0.05613704166471245,0.0860932538897814,-0.029956212225068946,0.23333343194150913,0.33328536102036616,-0.12096428912286428,-0.06335335533136455,0.4166666666666667,-0.05237939683890659,0.20392898982439625,0.06081729686611759,0.16666666666666666
ensemble,25.0,2015-08-31_2016-07-31,12,-0.0061890943971640855,0.19435731551835667,-0.0061890943971640855,0.19435731551835667,-0.20054640991552075,0.24240765726609712,0.07736271017527961,-0.12096428912286428,-0.010009956345255477,0.3333333333333333,-0.6384298926499058,0.14801885442849189,-0.008554949204412798,0.24999999999999997
ensemble,25.0,2015-09-30_2016-08-31,12,-0.12398797423932328,0.2701043538895269,-0.12398797423932328,0.2701043538895269,-0.3940923281288502,0.27058378109541725,-0.36875519613913693,-0.17055079861616984,-0.010009956345255477,0.25,-1.3066030811910556,0.8368181401211763,-0.2650728923702652,0.27777777777777773
ensemble,25.0,2015-10-31_2016-09-30,12,-0.038341821556679756,0.21713191795584685,-0.038341821556679756,0.21713191795584685,-0.2554737395125266,0.2907711987153404,-0.006915873225651583,-0.17055079861616984,-0.010009956345255366,0.3333333333333333,-0.7089431697948494,0.8623373763228566,-0.1612768209831127,0.3055555555555555
ensemble,25.0,2015-11-30_2016-10-31,12,0.025861235282152784,0.15798016020915506,0.025861235282152784,0.15798016020915506,-0.13211892492700228,0.29837825079047564,0.21701290172235174,-0.17055079861616984,-0.05046191183613391,0.3333333333333333,-0.2756696671269553,-0.08404655086840739,0.08030838816348296,0.3055555555555556
ensemble,25.0,2015-12-31_2016-11-30,12,0.1265338785769481,0.15321182844166992,0.1265338785769481,0.15321182844166992,-0.02667794986472183,0.3122573665348065,0.5216424165447695,-0.17055079861616984,-0.05046191183613402,0.4166666666666667,0.04809019076618241,0.12080728152250068,0.1551298822578111,0.3888888888888889
ensemble,25.0,2016-01-31_2016-12-31,12,0.7072822239828154,0.14711071499834882,0.7072822239828154,0.14711071499834882,0.5601715089844665,0.5899117585767372,1.1500102299316912,-0.17055079861616984,-0.05046191183613413,0.5,0.8836955675074373,-0.6642740463163068,1.1146872724319574,0.4166666666666666
ensemble,25.0,2016-02-29_2017-01-31,12,0.5178605337902702,0.12905921429286393,0.5178605337902702,0.12905921429286393,0.38880131949740626,0.6115478707202828,0.9279000543697579,-0.17055079861616984,-0.05046191183613391,0.5,0.7040399284007822,-0.686824498514052,0.8901562627557047,0.47222222222222215
ensemble,25.0,2016-03-31_2017-02-28,12,0.9572540026256215,0.14915985778953056,0.9572540026256215,0.14915985778953056,0.808094144836091,0.6541588124861034,1.3099837460909178,-0.17055079861616984,-0.05046191183613402,0.5833333333333334,1.0796966377029122,0.02958373465531663,1.2790290442440297,0.5277777777777778
ensemble,25.0,2016-04-30_2017-03-31,12,0.8559795870792093,0.1749923153912778,0.8559795870792093,0.1749923153912778,0.6809872716879315,0.6623164128524329,1.2157245129802343,-0.17055079861616984,-0.05046191183613413,0.5,0.9512521021905773,-0.22001550354859356,1.2559559230729578,0.5833333333333334
ensemble,25.0,2016-05-31_2017-04-30,12,0.8032688100472243,0.19622916884670505,0.8032688100472243,0.19622916884670505,0.6070396412005192,0.6672342459318025,1.1654305903158677,-0.17055079861616973,-0.05046191183613402,0.5,0.8744727618639827,-0.4456260427647936,1.2940432705939555,0.5555555555555556
ensemble,25.0,2016-06-30_2017-05-31,12,0.9272552355860022,0.1620726033918518,0.9272552355860022,0.1620726033918518,0.7651826321941504,0.6537618026575047,1.284649448859065,-0.17055079861616973,-0.05046191183613391,0.5,1.0444600344607258,0.2611939966791203,1.1684752335699895,0.5833333333333334
ensemble,25.0,2016-07-31_2017-06-30,12,0.4806244119148768,0.11981317604468589,0.4806244119148768,0.11981317604468589,0.3608112358701909,0.6519619542628602,0.8611240707098041,-0.20105296291712782,-0.05046191183613402,0.4166666666666667,0.6754911874615431,-0.20070834311635777,0.7700573769168919,0.638888888888889
ensemble,25.0,2016-08-31_2017-07-31,12,0.5696785878827,0.0887429950023102,0.5696785878827,0.0887429950023102,0.4809355928803898,0.6443548564149406,0.9591253250070665,-0.20298351831881656,-0.05046191183613402,0.4166666666666667,0.8208645330462889,0.3340979489451647,0.7765316209546753,0.6388888888888888
ensemble,25.0,2016-09-30_2017-08-31,12,0.6989763012338042,0.09991973328039871,0.6989763012338042,0.09991973328039871,0.5990565679534054,0.627318651028986,1.1009163928161514,-0.23958583333249217,-0.05046191183613402,0.4166666666666667,0.9375963557942468,-0.03472389050107749,0.9634533662889511,0.6944444444444443
ensemble,25.0,2016-10-31_2017-09-30,12,0.3792248447221105,0.1075588143605537,0.3792248447221105,0.1075588143605537,0.2716660303615568,0.6465950387041762,0.7485716949281425,-0.32234505584866835,-0.0004923640702735321,0.3333333333333333,0.5795040352574028,-0.3473539516035494,0.6645851327010575,0.7222222222222222
ensemble,25.0,2016-11-30_2017-10-31,12,0.047127037268567484,0.1559996199134983,0.047127037268567484,0.1559996199134983,-0.10887258264493083,0.6850198625432905,0.3316128008041404,-0.4511662592036374,-0.008932388259170088,0.25,0.118561308664128,2.7944732762497506,-0.16819913938147812,0.8055555555555555
ensemble,25.0,2016-12-31_2017-11-30,12,0.017383615595991442,0.19992461049678534,0.017383615595991442,0.19992461049678534,-0.1825409949007939,0.6817879639481483,0.2874340417163973,-0.4511662592036373,-0.008932388259169977,0.16666666666666666,0.015093191802420839,1.4191109157006019,-0.06560905881175039,0.7777777777777777
ensemble,25.0,2017-01-31_2017-12-31,12,-0.16997207614093823,0.24773371905633135,-0.16997207614093823,0.24773371905633135,-0.4177057951972696,0.4886303158859377,-0.17010865814495538,-0.4511662592036373,-0.008932388259170088,0.16666666666666666,-0.6915931971742864,4.4519949340470895,-0.6801698406222295,0.8055555555555554
ensemble,25.0,2017-02-28_2018-01-31,12,-0.22876301279647515,0.22472528642954592,-0.22876301279647515,0.22472528642954592,-0.4534882992260211,0.5069683534931484,-0.2881674440677648,-0.4511662592036373,-0.008932388259170088,0.16666666666666666,-0.7680987155517005,4.747143500090424,-0.6941226091687824,0.8055555555555554
ensemble,25.0,2017-03-31_2018-02-28,12,-0.3308385961198719,0.11150665310004948,-0.3308385961198719,0.11150665310004948,-0.44234524921992135,0.41691493198747676,-0.7597681609134264,-0.4212182917161422,-0.06307407298992962,0.16666666666666666,-1.0380615867581844,0.6706271178271082,-0.3282784039958333,0.8333333333333331
ensemble,25.0,2017-04-30_2018-03-31,12,-0.15175270861235046,0.054403018339003184,-0.15175270861235046,0.054403018339003184,-0.20615572695135365,0.4734846091184194,-0.1330121831454379,-0.3865577318341237,-0.09250223900477905,0.25,-0.24914640541024735,-0.09228306073296348,-0.05605670974618848,0.861111111111111
ensemble,25.0,2017-05-31_2018-04-30,12,-0.13254716220960028,0.042771960341875914,-0.13254716220960028,0.042771960341875914,-0.1753191225514762,0.47143947279737136,-0.08827656127854212,-0.36592265019415826,-0.09416874157139277,0.25,-0.1837915665259541,-0.05327343734841334,-0.038384088620803114,0.8888888888888888
ensemble,25.0,2017-06-30_2018-05-31,12,-0.2418777978421166,-0.005226881237519021,-0.2418777978421166,-0.005226881237519021,-0.23665091660459758,0.49483174662106977,-0.3305200142324796,-0.3130536627305448,-0.12207676452647664,0.25,-0.32994662781997186,0.36499890696069553,-0.1521226931270171,0.861111111111111
ensemble,25.0,2017-07-31_2018-06-30,12,-0.18170210922570473,0.0163507796990916,-0.18170210922570473,0.0163507796990916,-0.19805288892479633,0.4900024339631827,-0.18425622454568855,-0.3113897222819252,-0.12207676452647676,0.25,-0.2287312437864564,0.36742905380352386,-0.09427451607832016,0.8333333333333331
ensemble,25.0,2017-08-31_2018-07-31,12,0.24852958480309062,0.02633003466478856,0.24852958480309062,0.02633003466478856,0.22219955013830206,0.7218315261923168,0.6015360806309196,-0.27824366660393784,-0.12207676452647653,0.3333333333333333,0.5613315252611973,0.8153505495540078,0.49320162569751846,0.8333333333333331
ensemble,25.0,2017-09-30_2018-08-31,12,0.8819364130108442,0.012828519177035869,0.8819364130108442,0.012828519177035869,0.8691078938338084,0.8176853954520537,1.1229644125008302,-0.19009852206759847,-0.12207676452647664,0.4166666666666667,1.1012009350360084,0.5771436943295681,1.3975689556827757,0.8055555555555555
ensemble,25.0,2017-10-31_2018-09-30,12,1.0499756309780088,-0.028994428060318933,1.0499756309780088,-0.028994428060318933,1.0789700590383278,0.8017240027165459,1.2445733203863572,-0.18720516485257344,-0.12207676452647676,0.4166666666666667,1.2881011304635053,1.0166786972869666,1.6639740705863848,0.8333333333333331
ensemble,25.0,2017-11-30_2018-10-31,12,2.1059737233490354,0.017470333624036494,2.1059737233490354,0.017470333624036494,2.088503389724999,0.7537185902662878,1.8773671735599433,-0.18720516485257355,-0.12207676452647676,0.5,1.875256126325279,1.0726788812870662,2.7206812279271855,0.8333333333333334
ensemble,25.0,2017-12-31_2018-11-30,12,1.8017331778914554,-0.025356283802123625,1.8017331778914554,-0.025356283802123625,1.8270894616935789,0.7685295026974022,1.70519926766163,-0.18720516485257332,-0.12207676452647687,0.5,1.7651161488095093,1.4548382611568251,2.56195562585462,0.861111111111111
ensemble,25.0,2018-01-31_2018-12-31,12,1.422006180108918,-0.01099995180484914,1.422006180108918,-0.01099995180484914,1.4330061319137672,0.756442283578355,1.5109139634294904,-0.18720516485257344,-0.12095719505337177,0.5,1.5238097304146712,0.6793197368565532,1.9885658664970407,0.8888888888888888
ensemble,25.0,2018-02-28_2019-01-31,12,2.2493581071627404,-0.023323412109537922,2.2493581071627404,-0.023323412109537922,2.2726815192722785,0.6972197054976752,2.0439841589248697,-0.18720516485257344,-0.06297476655901424,0.5833333333333334,2.078218805991752,0.6611856230646572,2.8842115457866306,0.9166666666666665
ensemble,25.0,2018-03-31_2019-02-28,12,2.5152663877211703,0.045204178762284775,2.5152663877211703,0.045204178762284775,2.4700622089588853,0.7032135534656898,2.156760566978601,-0.18720516485257344,-0.032589089243883484,0.5833333333333334,2.106441463837784,0.9770534829751064,2.9993278382723143,0.9166666666666665
ensemble,25.0,2018-04-30_2019-03-31,12,1.351761748434042,0.07686204312787948,1.351761748434042,0.07686204312787948,1.2748997053061626,0.7662464459874587,1.4601122532197008,-0.1958210811835882,-0.031039511736595693,0.5,1.3852420276311284,1.9556749561411222,1.5339326570647929,0.9166666666666665
ensemble,25.0,2018-05-31_2019-04-30,12,1.2401944112979701,0.03769148450195714,1.2401944112979701,0.03769148450195714,1.202502926796013,0.7759182819013,1.3829200446453311,-0.26088917640100506,-0.04957195403333192,0.5,1.369536768102131,2.2971882842700437,1.560034694403396,0.9166666666666666
ensemble,25.0,2018-06-30_2019-05-31,12,2.3496229767373196,0.09645960452265201,2.3496229767373196,0.09645960452265201,2.253163372214668,0.7446893147059366,2.003207401014839,-0.26088917640100495,-0.04957195403333203,0.5833333333333334,1.9107750001241846,1.74024343372789,2.511452507925949,0.9166666666666665
ensemble,25.0,2018-07-31_2019-06-30,12,2.3929679969156483,0.07648721996967378,2.3929679969156483,0.07648721996967378,2.3164807769459745,0.7423796810784558,2.0268059852794704,-0.26088917640100495,-0.04957195403333203,0.6666666666666666,1.9704519737008641,2.1132423370004765,2.5635519886236846,0.9444444444444443
ensemble,25.0,2018-08-31_2019-07-31,12,0.9156190045501862,0.051509897202665744,0.9156190045501862,0.051509897202665744,0.8641091073475204,0.6455586854927885,1.3041794250380665,-0.26088917640100506,-0.04957195403333203,0.5833333333333334,1.2613678118313318,2.081155265509153,1.0297199375891597,0.9444444444444443
ensemble,25.0,2018-09-30_2019-08-31,12,0.3026830501122948,0.032217370272061396,0.3026830501122948,0.032217370272061396,0.2704656798402334,0.5090046553686328,0.7500502756896622,-0.26088917640100495,-0.05569706120271434,0.5833333333333334,0.7381591572965338,2.6432654562244426,0.32762047650656534,0.9444444444444443
ensemble,25.0,2018-10-31_2019-09-30,12,0.17533712067827167,0.0680196854801034,0.17533712067827167,0.0680196854801034,0.10731743519816828,0.5298459107673313,0.5414460187975155,-0.3058862666074825,-0.05569706120271445,0.5833333333333334,0.4380772597011489,2.600577558819493,0.11062789296875697,0.9444444444444443
ensemble,25.0,2018-11-30_2019-10-31,12,-0.05522290906248761,-0.007313909877188718,-0.05522290906248761,-0.007313909877188718,-0.047908999185298895,0.4816245147416142,0.09585918725282841,-0.3153339257564364,-0.07977064350808971,0.5833333333333334,0.10795908581384646,1.7126785607133868,0.05335543348842364,0.9444444444444443
ensemble,25.0,2018-12-31_2019-11-30,12,-0.28491529564111917,0.01695714726683817,-0.28491529564111917,0.01695714726683817,-0.30187244290795734,0.5548459644226342,-0.33850196604951766,-0.5012568513020922,-0.07977064350808971,0.5833333333333334,-0.3731116996993043,0.16270094191330073,-0.1754059320360325,0.9444444444444443
ensemble,25.0,2019-01-31_2019-12-31,12,-0.4655768886070838,-0.0907583313333864,-0.4655768886070838,-0.0907583313333864,-0.3748185572736974,0.5753153165888014,-0.7958332337180338,-0.6015973809139656,-0.08173242622854304,0.5,-0.6410476280603095,0.5992518566215822,-0.3368664878797283,0.9444444444444443
ensemble,25.0,2019-02-28_2020-01-31,12,-0.628711450233253,-0.15374678206850467,-0.628711450233253,-0.15374678206850467,-0.47496466816474836,0.5808278386919714,-1.3707283977877076,-0.693244374118749,-0.157070533612218,0.4166666666666667,-1.1416418683066587,1.313625974417575,-0.45275690743087205,0.9444444444444443
ensemble,25.0,2019-03-31_2020-02-29,12,-0.5922055046802707,-0.2983301643039218,-0.5922055046802707,-0.2983301643039218,-0.2938753403763489,0.6506718185206649,-1.0406945384788422,-0.6747086791088646,-0.2968733323797681,0.4166666666666667,-0.4635021956603399,-1.2820698111006916,-0.6846257998572987,0.9444444444444443
ensemble,25.0,2019-04-30_2020-03-31,12,-0.5167882968506239,-0.26938100433105683,-0.5167882968506239,-0.26938100433105683,-0.247407292519567,0.6326622744060382,-0.8352424092785966,-0.6747086791088645,-0.2897384073692094,0.4166666666666667,-0.32792128093231093,-1.0685622003203434,-0.5800811767018936,0.9444444444444443
ensemble,25.0,2019-05-31_2020-04-30,12,-0.4240814879943279,-0.23441422140073764,-0.4240814879943279,-0.23441422140073764,-0.18966726659359023,0.645884716174525,-0.5451350386086279,-0.6747086791088646,-0.2897384073692094,0.5,-0.14813575337343346,-0.9689391442302581,-0.4524036909736484,0.9444444444444443
ensemble,25.0,2019-06-30_2020-05-31,12,-0.4462384874840243,-0.22854562482453433,-0.4462384874840243,-0.22854562482453433,-0.21769286265948995,0.6231980753561269,-0.6430273744265924,-0.6747086791088643,-0.2897384073692095,0.5,-0.23061018061380467,-0.955871642784937,-0.47386621518342087,0.9722222222222222
ensemble,25.0,2019-07-31_2020-06-30,12,-0.42218794183614783,-0.1941752572672133,-0.42218794183614783,-0.1941752572672133,-0.22801268456893453,0.6279887736397288,-0.5683267183960766,-0.6214647008463283,-0.2827760862119635,0.5,-0.23193342947099205,-0.761435696656405,-0.401003765552123,0.9722222222222222
ensemble,25.0,2019-08-31_2020-07-31,12,-0.40238195693247436,-0.1722348942847023,-0.40238195693247436,-0.1722348942847023,-0.23014706264777207,0.6229841250529219,-0.5256099457764497,-0.6129315667237228,-0.27948217627529803,0.5,-0.22860459480716114,-0.7905165967205364,-0.3721025057141294,0.9722222222222222
ensemble,25.0,2019-09-30_2020-08-31,12,-0.20882220127805373,-0.21057570090232802,-0.20882220127805373,-0.21057570090232802,0.0017534996242742906,0.7014692720718207,-0.01525581769571674,-0.5580614370184456,-0.27948217627529803,0.5,0.24323928005369963,-1.0945970628319697,-0.21430428901307053,0.9999999999999999
ensemble,25.0,2019-10-31_2020-09-30,12,-0.011011165353887131,-0.1766274605970889,-0.011011165353887131,-0.1766274605970889,0.16561629524320176,0.6936265729247206,0.3002731243172802,-0.5519631577770778,-0.2794821762752979,0.5833333333333334,0.46886490700490646,-0.8329721580346522,0.07322785476007265,0.972222222222222
ensemble,25.0,2019-11-30_2020-10-31,12,0.3234291799973261,-0.06643817837031618,0.3234291799973261,-0.06643817837031618,0.3898673583676423,0.7548798577668623,0.7177811807770882,-0.3849426770430583,-0.2794821762752979,0.5833333333333334,0.7051479985311983,-0.24391276953531765,0.6847382202075456,0.9444444444444442
ensemble,25.0,2019-12-31_2020-11-30,12,1.0107465750548061,-0.050871312509224054,1.0107465750548061,-0.050871312509224054,1.0616178875640303,0.6719763649244893,1.3693258437575175,-0.23003612128612128,-0.2358764964179022,0.6666666666666666,1.3117532839563981,0.07082892409708337,1.4297434218208886,0.9444444444444442
ensemble,25.0,2020-01-31_2020-12-31,12,1.0676923002211303,-0.013079995771551722,1.0676923002211303,-0.013079995771551722,1.080772295992682,0.6620791410554695,1.423965027477759,-0.17856384356384358,-0.16758179221927783,0.6666666666666666,1.2815891294463562,-0.1032809376093868,1.4828763828476865,0.9166666666666665
ensemble,25.0,2020-02-29_2021-01-31,12,2.2071105415360575,0.14471568274700242,2.2071105415360575,0.14471568274700242,2.0623948587890553,0.5767949849723343,2.370118118230029,-0.17856384356384358,-0.07033476780972703,0.75,1.7706795094273589,-0.530146994066098,2.9487690732837164,0.9166666666666665
ensemble,25.0,2020-03-31_2021-02-28,12,1.1248129212197089,0.3187076559568369,1.1248129212197089,0.3187076559568369,0.806105265262872,0.5683866955899594,1.6158878942190928,-0.17856384356384358,-0.07033476780972703,0.6666666666666666,1.1565832893804893,1.0437306837578135,0.8184244786491544,0.9166666666666665
ensemble,25.0,2020-04-30_2021-03-31,12,0.9474071767043155,0.2712264885896778,0.9474071767043155,0.2712264885896778,0.6761806881146377,0.5923296517822685,1.4162536006756736,-0.2454072748085011,-0.07033476780972714,0.6666666666666666,1.0529540956486252,1.2775426754645272,0.6525138749999113,0.9166666666666665
ensemble,25.0,2020-05-31_2021-04-30,12,0.8497985572701012,0.2511461011810818,0.8497985572701012,0.2511461011810818,0.5986524560890194,0.5922945313184064,1.3236387694371934,-0.2454072748085011,-0.07033476780972703,0.6666666666666666,0.9855068542573776,1.288515661249764,0.5945296082370637,0.8888888888888888
ensemble,25.0,2020-06-30_2021-05-31,12,0.27105287656176236,0.22018559574957508,0.27105287656176236,0.22018559574957508,0.05086728081218728,0.608896900614691,0.6629274187429823,-0.344161835124415,-0.07033476780972703,0.5833333333333334,0.3335637895954088,1.3083753951945782,0.13140617024930012,0.8888888888888887
ensemble,25.0,2020-07-31_2021-06-30,12,0.09763734725461637,0.1787337447456181,0.09763734725461637,0.1787337447456181,-0.08109639749100173,0.6207404488267709,0.4188308473710914,-0.40360875928741435,-0.07033476780972703,0.5,0.14079614018216313,1.34293514171317,0.021140546864795384,0.861111111111111
ensemble,25.0,2020-08-31_2021-07-31,12,0.16318375650784178,0.17406019021811336,0.16318375650784178,0.17406019021811336,-0.010876433710271582,0.6105322007018383,0.5127667978465403,-0.4382748080592823,-0.0471551797914731,0.5,0.2438133082092545,1.3617938241829728,0.07886424139549164,0.861111111111111
ensemble,25.0,2020-09-30_2021-08-31,12,-0.25732616379688944,0.29094300690606567,-0.25732616379688944,0.29094300690606567,-0.5482691707029551,0.5634858888154853,-0.2750635184175073,-0.5356529212035182,-0.0471551797914731,0.4166666666666667,-0.9255356259889818,3.415889255902539,-0.6723141770803588,0.861111111111111
ensemble,25.0,2020-10-31_2021-09-30,12,0.02397411654617443,0.285307502281577,0.02397411654617443,0.285307502281577,-0.26133338573540255,0.7661292185989165,0.338960570027146,-0.5356529212035182,-0.04715517979147299,0.4166666666666667,-0.0033225781519436244,4.086748041551625,-0.5680398567955727,0.861111111111111
ensemble,25.0,2020-11-30_2021-10-31,12,-0.16651999560041408,0.164192612882329,-0.16651999560041408,0.164192612882329,-0.3307126084827431,0.698161847793917,0.02024153848244373,-0.535652921203518,-0.04715517979147299,0.4166666666666667,-0.22767813076957383,3.7457389278910704,-0.44855026181440183,0.8888888888888887
ensemble,25.0,2020-12-31_2021-11-30,12,-0.3678204139933269,0.10075285366229347,-0.3678204139933269,0.10075285366229347,-0.46857326765562035,0.7051969062310545,-0.3590080859936,-0.5266629143873882,-0.04715517979147321,0.3333333333333333,-0.5441038575574949,4.338824950536585,-0.5088172733787459,0.8888888888888888
ensemble,25.0,2021-01-31_2021-12-31,12,-0.39524393935737334,0.1311417024200292,-0.39524393935737334,0.1311417024200292,-0.5263856417774025,0.714713019737412,-0.4040849008096634,-0.5266629143873882,-0.04715517979147299,0.3333333333333333,-0.6247129504824338,4.275431880596635,-0.5792674578836075,0.9166666666666665
ensemble,25.0,2021-02-28_2022-01-31,12,-0.4350782222700318,0.1035559333431273,-0.4350782222700318,0.1035559333431273,-0.5386341556131591,0.6924820772567388,-0.5306542827081966,-0.46257861926687405,-0.008710521467504728,0.3333333333333333,-0.716833344494665,4.500723633561716,-0.5749939038937598,0.9166666666666665
ensemble,25.0,2021-03-31_2022-02-28,12,-0.3198118116363017,0.1814244316261513,-0.3198118116363017,0.1814244316261513,-0.501236243262453,0.6907089781679726,-0.27183589057793434,-0.4085991272074381,-0.008710521467504728,0.4166666666666667,-0.543795919279539,6.768600789438838,-0.7571733804794064,0.9166666666666665
ensemble,25.0,2021-04-30_2022-03-31,12,-0.2899681992784766,0.2056999327796627,-0.2899681992784766,0.2056999327796627,-0.4956681320581393,0.68503015056006,-0.21815260249828552,-0.40859912720743796,-0.008710521467504728,0.4166666666666667,-0.5189081796732412,6.393085701207982,-0.7651416231902435,0.9166666666666665
ensemble,25.0,2021-05-31_2022-04-30,12,-0.30713494755844883,0.20202014645819677,-0.30713494755844883,0.20202014645819677,-0.5091550940166456,0.6833680408790656,-0.2554964127122684,-0.34034991229383027,-0.011058901373715124,0.4166666666666667,-0.5548189123415747,6.25349418088391,-0.7597024102067236,0.9444444444444443
ensemble,25.0,2021-06-30_2022-05-31,12,-0.4270587968940681,0.1547230806668567,-0.4270587968940681,0.1547230806668567,-0.5817818775609248,0.7316150148260788,-0.4362580783417962,-0.501039321426103,-0.04389760737316839,0.4166666666666667,-0.6819502552011403,6.068709709060157,-0.7219669943257834,0.9444444444444443
ensemble,25.0,2021-07-31_2022-06-30,12,-0.34235543291515635,0.14515293481688385,-0.34235543291515635,0.14515293481688385,-0.4875083677320402,0.7311283196380522,-0.2526697249098165,-0.501039321426103,-0.04389760737316839,0.5,-0.4732625520655937,5.986535583757916,-0.6545668813384669,0.9722222222222222
ensemble,25.0,2021-08-31_2022-07-31,12,-0.26208387505561725,0.16719366722844042,-0.26208387505561725,0.16719366722844042,-0.4292775422840577,0.7328348593852481,-0.09520516644443247,-0.501039321426103,-0.04389760737316839,0.5833333333333334,-0.33377908720850186,5.8089730257812695,-0.644480397696741,0.9722222222222222
ensemble,25.0,2021-09-30_2022-08-31,12,-0.08874664434222546,0.11990803732841937,-0.08874664434222546,0.11990803732841937,-0.20865468167064483,0.7097685094824596,0.1752824530322757,-0.501039321426103,-0.04389760737316817,0.6666666666666666,0.011033525950662744,5.295705134201027,-0.3974192381231595,0.9722222222222222
ensemble,25.0,2021-10-31_2022-09-30,12,-0.26640565296841245,0.07700156092153554,-0.26640565296841245,0.07700156092153554,-0.343407213889948,0.5195065857045166,-0.3270112611641252,-0.501039321426103,-0.04389760737316828,0.6666666666666666,-0.5018383837235068,2.976117121004452,-0.333545255826591,0.9999999999999999
ensemble,25.0,2021-11-30_2022-10-31,12,-0.3089928289576177,0.0837751064100245,-0.3089928289576177,0.0837751064100245,-0.3927679353676422,0.511592549361969,-0.453986395310285,-0.40561714496323864,-0.04389760737316839,0.6666666666666666,-0.656126950790012,3.294339934449843,-0.4039334310481939,0.9999999999999999
ensemble,25.0,2021-12-31_2022-11-30,12,0.038121448377319345,0.04089310124175727,0.038121448377319345,0.04089310124175727,-0.0027716528644379235,0.5564620777748295,0.34041979768768504,-0.36063349905268915,-0.052330809109684795,0.75,0.26593529836992835,1.0670183590474247,0.152938276174043,0.9999999999999999
ensemble,25.0,2022-01-31_2022-12-31,12,0.3666200880678745,0.03139589518781816,0.3666200880678745,0.03139589518781816,0.33522419288005634,0.49669802264128377,0.8819981431590428,-0.36063349905268915,-0.0538908420070876,0.8333333333333334,0.8304388423676635,1.2208564260005117,0.47692723955361993,0.9999999999999999
ensemble,25.0,2022-02-28_2023-01-31,12,0.13799274354669255,-0.006523085673795559,0.13799274354669255,-0.006523085673795559,0.1445158292204881,0.4993358450145205,0.5035777559506698,-0.36063349905268904,-0.053890842007087936,0.75,0.5165290563331741,0.9285497764241851,0.2872534366302353,0.9999999999999999
ensemble,25.0,2022-03-31_2023-02-28,12,0.29335050003559027,-0.03763942955797195,0.29335050003559027,-0.03763942955797195,0.3309899295935622,0.5317667816305189,0.745116436577103,-0.30928747965982006,-0.05860315994470999,0.75,0.8160241154748933,0.7149739656429611,0.5141241967433761,0.9999999999999999
ensemble,25.0,2022-04-30_2023-03-31,12,0.28788832936195163,-0.0433257664262765,0.28788832936195163,-0.0433257664262765,0.33121409578822814,0.5327383875565638,0.736530321186374,-0.30928747965982006,-0.052003665957635614,0.75,0.821175580869139,0.9288520271176451,0.5280737652309901,0.9999999999999999
ensemble,25.0,2022-05-31_2023-04-30,12,0.27797315842055514,-0.07213752035282106,0.27797315842055514,-0.07213752035282106,0.3501106787733762,0.5330732078944026,0.7214036535086233,-0.09218882780427762,-0.07596598010903766,0.75,0.8626622497716325,0.8556763202191706,0.5497174518591725,0.972222222222222
ensemble,25.0,2022-06-30_2023-05-31,12,0.26287322497787824,-0.0361282154897381,0.26287322497787824,-0.0361282154897381,0.29900144046761634,0.5388056103745805,0.6985818563374301,-0.3756999089017765,-0.07596598010903755,0.75,0.7338327537611572,-1.8651312161056248,0.3608463607325305,0.972222222222222
ensemble,25.0,2022-07-31_2023-06-30,12,0.3491994247326806,-0.0028433046031512976,0.3491994247326806,-0.0028433046031512976,0.3520427293358319,0.5452865250458726,0.8211290128434078,-0.3756999089017766,-0.07596598010903743,0.75,0.7971460436344036,-0.8171898456984544,0.5523951500201865,0.972222222222222
ensemble,25.0,2022-08-31_2023-07-31,12,0.32028833958880853,-0.031389184091800915,0.32028833958880853,-0.031389184091800915,0.35167752368060945,0.5448719995819364,0.7801911600089555,-0.3756999089017765,-0.0655917893195096,0.75,0.8096630573412547,-1.1390735454905712,0.47029004284453024,0.9722222222222222
ensemble,25.0,2022-09-30_2023-08-31,12,0.03480604195327164,-0.014331580574544756,0.03480604195327164,-0.014331580574544756,0.049137622527816394,0.5938341849509465,0.3441605894245217,-0.42394000619002625,-0.06559178931950937,0.6666666666666666,0.35553141185065723,-1.2225151126408453,0.20704371368450003,0.9722222222222222
ensemble,25.0,2022-10-31_2023-09-30,12,-0.08548288847410279,-0.04883569016310929,-0.08548288847410279,-0.04883569016310929,-0.0366471983109935,0.5581348434191878,0.11308174236244883,-0.42394000619002614,-0.06327241269436523,0.6666666666666666,0.18995683545609168,-1.8199616500715923,-0.02278775188748916,0.9444444444444443
ensemble,25.0,2022-11-30_2023-10-31,12,0.22517373485530356,-8.074453772832779e-05,0.22517373485530356,-8.074453772832779e-05,0.2252544793930319,0.6593717861829406,0.6170928761168266,-0.42394000619002614,-0.04084242285001627,0.6666666666666666,0.6168041446268792,0.9516857101324192,0.4868362145353724,0.9444444444444443
ensemble,25.0,2022-12-31_2023-11-30,12,-0.4782943244976011,0.06162621592425688,-0.4782943244976011,0.06162621592425688,-0.539920540421858,0.7746671985019189,-0.4095041117389933,-0.5495557013766654,-0.04084242285001627,0.5833333333333334,-0.49291706946672487,0.7253856419664378,-0.30850822250663656,0.9444444444444443
ensemble,25.0,2023-01-31_2023-12-31,12,-0.572401923085518,0.05389394652891433,-0.572401923085518,0.05389394652891433,-0.6262958696144323,0.7811126944727137,-0.6450153848282981,-0.6180869582924,-0.04084242285001627,0.5,-0.7216976718251378,0.9982991974044049,-0.4364214654801639,0.9444444444444443
ensemble,25.0,2023-02-28_2024-01-31,12,-0.5309349947948667,0.06910062416905749,-0.5309349947948667,0.06910062416905749,-0.6000356189639242,0.7826509677203427,-0.5286421107606784,-0.6180869582923999,-0.04084242285001627,0.5833333333333334,-0.6233826571602816,1.0431622602367756,-0.3920333166129033,0.9444444444444443
ensemble,25.0,2023-03-31_2024-02-29,12,-0.630648963027443,0.07105311702696282,-0.630648963027443,0.07105311702696282,-0.7017020800544058,0.7376877714933875,-0.9081786110897051,-0.5961860888842423,-0.04084242285001627,0.5,-1.0207613115718532,1.450399800969619,-0.5512296389926936,0.9444444444444443
ensemble,25.0,2023-04-30_2024-03-31,12,-0.5410728702257994,0.04605177038880415,-0.5410728702257994,0.04605177038880415,-0.5871246406146036,0.7584129782038622,-0.5930637401768631,-0.5961860888842423,-0.028914327222309355,0.5833333333333334,-0.6640066508289606,1.2151019806374608,-0.4055673311317387,0.9444444444444443
ensemble,25.0,2023-05-31_2024-04-30,12,-0.5465038636004778,0.05087612226469651,-0.5465038636004778,0.05087612226469651,-0.5973799858651743,0.7577342298303613,-0.6093305053585435,-0.559656318144601,-0.04720745865673304,0.5833333333333334,-0.6875742615848661,1.3797300071441656,-0.4215405877047682,0.9722222222222222
ensemble,25.0,2023-06-30_2024-05-31,12,-0.3128240751284267,0.06029804021364593,-0.3128240751284267,0.06029804021364593,-0.3731221153420726,0.6955475558450075,-0.15815172150037152,-0.5596563181446008,-0.04720745865673304,0.6666666666666666,-0.2512383424245505,1.4152399292016349,-0.18099516854087105,0.9722222222222222
ensemble,25.0,2023-07-31_2024-06-30,12,-0.4880238801420592,0.046802268590376395,-0.4880238801420592,0.046802268590376395,-0.5348261487324356,0.6982164383312647,-0.5647471860944339,-0.5750599223569337,-0.04720745865673304,0.5833333333333334,-0.6328794956495629,0.2779378087130074,-0.33966894591867136,0.9722222222222222
ensemble,25.0,2023-08-31_2024-07-31,12,0.3912459204762462,0.10318514893952901,0.3912459204762462,0.10318514893952901,0.28806077153671716,1.9753384526092372,0.6995303137473861,-0.5750599223569337,-0.04720745865673315,0.5833333333333334,0.6637994620874544,10.36884116700092,0.36344465546349936,0.9722222222222222
ensemble,25.0,2023-09-30_2024-08-31,12,0.4242688452193457,0.08473288946892565,0.4242688452193457,0.08473288946892565,0.33953595575042006,1.972122760098869,0.7103007840422976,-0.5750599223569336,-0.04720745865673315,0.5833333333333334,0.6843945337856688,10.208434468978954,0.6636830397652711,0.9722222222222222
ensemble,25.0,2023-10-31_2024-09-30,12,0.2644359024063303,0.12170948346779942,0.2644359024063303,0.12170948346779942,0.14272641893853089,1.9786468542830271,0.6470485824999624,-0.5750599223569337,-0.047207458656732815,0.5,0.6022209377203204,11.665597137837812,-0.10747938785216704,0.9999999999999999
ensemble,25.0,2023-11-30_2024-10-31,12,-0.2054413084887956,0.004734660022875703,-0.2054413084887956,0.004734660022875703,-0.2101759685116713,1.9735876547044122,0.39342110799781693,-0.33466090807987103,-0.07254414974326939,0.4166666666666667,0.3989450262907239,9.29101033245496,0.9424795088245534,0.9999999999999999
ensemble,25.0,2023-12-31_2024-11-30,12,0.5509396986639932,-0.026522408525777696,0.5509396986639932,-0.026522408525777696,0.5774621071897709,1.888868724217868,0.6817156865295779,-0.33466090807987103,-0.07702368625268241,0.5,0.7177672204393984,11.527313330159643,3.2571650151756897,0.972222222222222
ensemble,25.0,2024-01-31_2024-12-31,12,1.2166511274887588,-0.013699490369203038,1.2166511274887588,-0.013699490369203038,1.2303506178579617,1.8692942107144432,0.8835412917190905,-0.33466090807987103,-0.07702368625268208,0.5833333333333334,0.919817183226178,11.39823614892492,4.131022539620379,0.972222222222222
ensemble,25.0,2024-02-29_2025-01-31,12,1.0255669391337232,-0.14290566323586873,1.0255669391337232,-0.14290566323586873,1.168472602369592,1.877420037901642,0.8329262588503233,-0.33466090807987103,-0.18252959118595857,0.5833333333333334,0.9464388227780822,6.295411184771073,8.343288943659228,0.9444444444444442
ensemble,25.0,2024-03-31_2025-02-28,12,0.7346855017295246,-0.10676537761977256,0.7346855017295246,-0.10676537761977256,0.8414508793492972,1.896624464438162,0.7526356653033835,-0.36036889294809216,-0.1825295911859588,0.5833333333333334,0.8340646857238152,5.122322001905959,5.031338997153399,0.9444444444444443
ensemble,25.0,2024-04-30_2025-03-31,12,0.6146343196971014,-0.06461005552580057,0.6146343196971014,-0.06461005552580057,0.6792443752229019,1.8978255505647825,0.7110264405863024,-0.36036889294809216,-0.18252959118595868,0.5833333333333334,0.7643293259791855,4.602194432096647,3.4626899939906286,0.9444444444444443
ensemble,25.0,2024-05-31_2025-04-30,12,1.4268307203019024,0.02942056800377868,1.4268307203019024,0.02942056800377868,1.3974101522981237,1.9299992333191953,0.9586643075260974,-0.36036889294809216,-0.18252959118595857,0.5833333333333334,0.971820658828847,4.81379294812509,3.6462231918432035,0.9166666666666665
ensemble,25.0,2024-06-30_2025-05-31,12,1.102401476751231,-0.019239253194651806,1.102401476751231,-0.019239253194651806,1.1216407299458826,1.9442714890619868,0.8805133652693679,-0.36036889294809227,-0.18252959118595835,0.5,0.9187296464162493,4.974657816021436,4.040757616291087,0.9166666666666665
ensemble,25.0,2024-07-31_2025-06-30,12,1.676642568271041,0.03150250800801424,1.676642568271041,0.03150250800801424,1.6451400602630268,1.9176276042113265,1.0110864840096683,-0.36036889294809205,-0.1825295911859589,0.5,1.0263683675176272,4.220459224086027,4.039216057854198,0.9166666666666665
ensemble,25.0,2024-08-31_2025-07-31,12,-0.1630788231537691,0.02082724764079913,-0.1630788231537691,0.02082724764079913,-0.18390607079456822,0.678168731780654,0.010747406267932458,-0.24317017867278878,-0.1720911800730176,0.4166666666666667,-0.04943524681771244,1.4038205373506107,-0.045427780695712516,0.8888888888888887
ensemble,25.0,2024-09-30_2025-08-31,12,0.20183686115595134,0.07082064647411035,0.20183686115595134,0.07082064647411035,0.131016214681841,0.6678449742397081,0.5456767338403279,-0.24317017867278878,-0.1720911800730176,0.5,0.4511827702746565,1.3803420198491763,0.27483897939820423,0.8611111111111108
ensemble,25.0,2024-10-31_2025-09-30,12,-0.06196778064295938,0.07787885846139209,-0.06196778064295938,0.07787885846139209,-0.13984663910435147,0.7245314393006973,0.21413639046075228,-0.27105478390798776,-0.11858833109117162,0.5,0.09149021826129511,1.333996631782829,0.03161667644003985,0.861111111111111
ensemble,25.0,2024-11-30_2025-10-31,12,-0.022002677431534723,0.1960061542824556,-0.022002677431534723,0.1960061542824556,-0.21800883171399033,0.7166003871361709,0.26716009729670626,-0.35249954210026946,-0.11795970406671652,0.5,-0.006396152929015859,1.0080601840963512,-0.005994728097307056,0.8333333333333331
ensemble,25.0,2024-12-31_2025-11-30,12,-0.07796284607297854,0.22133541890163522,-0.07796284607297854,0.22133541890163522,-0.29929826497461376,0.7161620026268385,0.18357214361378751,-0.36009823734970137,-0.11795970406671652,0.4166666666666667,-0.12373373004788198,1.0513461581216512,-0.09246119688452781,0.8333333333333331
ensemble,25.0,2025-01-31_2025-12-31,12,-0.04568751747988509,0.17166648362633885,-0.04568751747988509,0.17166648362633885,-0.21735400110622394,0.7302559071809832,0.238115414540662,-0.36009823734970126,-0.03669877287899381,0.4166666666666667,-0.003088547502972833,0.6420479800380324,0.06253177778241126,0.8333333333333331
ensemble,25.0,2025-02-28_2026-01-31,12,-0.14274404051633416,0.31334945156909844,-0.14274404051633416,0.31334945156909844,-0.4560934920854326,0.7479656852999429,0.10585899950118222,-0.36009823734970137,-0.04758367670999886,0.3333333333333333,-0.2765136047554325,1.0525253577604525,-0.19785557528152165,0.8055555555555555
ensemble,25.0,2025-03-31_2026-02-28,12,-0.2308961900419001,0.08257309459079365,-0.2308961900419001,0.08257309459079365,-0.31346928463269375,0.7757486154458154,-0.005666802655073405,-0.5104760864413689,-0.18488813271044613,0.3333333333333333,-0.14709818564390134,1.6007915494767104,-0.15308997417367742,0.75
ensemble,25.0,2025-04-30_2026-03-31,12,-0.3793465066334255,0.028079656548997578,-0.3793465066334255,0.028079656548997578,-0.4074261631824231,0.7877959805783443,-0.26281852431584773,-0.585245108336442,-0.19546042589812018,0.25,-0.3526269469103525,1.6519451530851899,-0.25162147736990914,0.7222222222222222
ensemble,25.0,2025-05-31_2026-04-30,12,-0.5453737707103608,-0.14610708694572017,-0.5453737707103608,-0.14610708694572017,-0.3992666837646406,0.576381680035564,-1.0537279759676417,-0.5765935897478107,-0.29138146686445754,0.25,-0.8020359780536743,0.3133990951278967,-0.4400334224610617,0.7499999999999999
ensemble,25.0,2025-06-30_2026-05-31,12,-0.5756114068526998,-0.18541351506394133,-0.5756114068526998,-0.18541351506394133,-0.3901978917887586,0.5854138507453717,-1.139267621046958,-0.611817923191821,-0.34737666250868915,0.25,-0.826160020964296,0.40926126252506284,-0.4567181423851895,0.75
ensemble,25.0,2025-07-31_2026-06-30,12,-0.5774713338152005,-0.1667764227923394,-0.5774713338152005,-0.1667764227923394,-0.41069491102286115,0.5844522906966794,-1.1490737815875942,-0.6118179231918209,-0.34737666250868904,0.25,-0.8759514598452501,0.4110820768967323,-0.46493542844235336,0.75
ensemble,25.0,2025-08-31_2026-07-31,11,-0.5191531741643594,-0.20361006057922837,-0.5501183528255835,-0.2199234939209873,-0.33019485890459627,0.6084060231699248,-0.9867153640586441,-0.6118179231918208,-0.34737666250868904,0.2727272727272727,-0.6344147202496797,0.518625491389211,-0.3927017401213915,0.7575757575757575
ensemble_volmanaged,25.0,2015-01-31_2015-12-31,12,0.0,-0.12747007924802523,0.0,-0.12747007924802523,0.12747007924802523,0.0,,0.0,-0.23461549146957172,0.5,0.7954677585200284,0.0,0.0,0.0
ensemble_volmanaged,25.0,2015-02-28_2016-01-31,12,0.0,-0.12464243166357358,0.0,-0.12464243166357358,0.12464243166357358,0.0,,0.0,-0.23461549146957184,0.5,0.7692353657490086,0.0,0.0,0.0
ensemble_volmanaged,25.0,2015-03-31_2016-02-29,12,0.0,-0.12200459979370504,0.0,-0.12200459979370504,0.12200459979370504,0.0,,0.0,-0.19026047013875313,0.5,0.7474004123133282,0.0,0.0,0.0
ensemble_volmanaged,25.0,2015-04-30_2016-03-31,12,0.0,-0.0487261301192532,0.0,-0.0487261301192532,0.0487261301192532,0.0,,0.0,-0.19026047013875313,0.5,0.2945962713956538,0.0,0.0,0.0
ensemble_volmanaged,25.0,2015-05-31_2016-04-30,12,-0.028922649738046813,-0.08042164366594717,-0.028922649738046813,-0.08042164366594717,0.05149899392790036,0.02892264973804686,-1.0,-0.028922649738046813,-0.13984886986493428,0.5,0.3350538608388627,0.004083983430235793,-0.028243737765579424,0.08333333333333333
ensemble_volmanaged,25.0,2015-06-30_2016-05-31,12,-0.12096428912286428,0.021583414106036036,-0.12096428912286428,0.021583414106036036,-0.1425477032289003,0.09655002678896561,-1.2812597695804646,-0.12096428912286428,-0.12048248506773218,0.4166666666666667,-0.8199740723963009,-0.23966553911179284,-0.11062800942716955,0.13888888888888887
ensemble_volmanaged,25.0,2015-07-31_2016-06-30,12,0.05613704166471245,0.0860932538897814,0.05613704166471245,0.0860932538897814,-0.029956212225068946,0.23333343194150913,0.33328536102036616,-0.12096428912286428,-0.06335335533136455,0.4166666666666667,-0.05237939683890659,0.20392898982439625,0.06081729686611759,0.16666666666666666
ensemble_volmanaged,25.0,2015-08-31_2016-07-31,12,-0.0061890943971640855,0.19435731551835667,-0.0061890943971640855,0.19435731551835667,-0.20054640991552075,0.24240765726609712,0.07736271017527961,-0.12096428912286428,-0.010009956345255477,0.3333333333333333,-0.6384298926499058,0.14801885442849189,-0.008554949204412798,0.24999999999999997
ensemble_volmanaged,25.0,2015-09-30_2016-08-31,12,-0.12398797423932328,0.2701043538895269,-0.12398797423932328,0.2701043538895269,-0.3940923281288502,0.27058378109541725,-0.36875519613913693,-0.17055079861616984,-0.010009956345255477,0.25,-1.3066030811910556,0.8368181401211763,-0.2650728923702652,0.27777777777777773
ensemble_volmanaged,25.0,2015-10-31_2016-09-30,12,-0.038341821556679756,0.21713191795584685,-0.038341821556679756,0.21713191795584685,-0.2554737395125266,0.2907711987153404,-0.006915873225651583,-0.17055079861616984,-0.010009956345255366,0.3333333333333333,-0.7089431697948494,0.8623373763228566,-0.1612768209831127,0.3055555555555555
ensemble_volmanaged,25.0,2015-11-30_2016-10-31,12,0.025861235282152784,0.15798016020915506,0.025861235282152784,0.15798016020915506,-0.13211892492700228,0.29837825079047564,0.21701290172235174,-0.17055079861616984,-0.05046191183613391,0.3333333333333333,-0.2756696671269553,-0.08404655086840739,0.08030838816348296,0.3055555555555556
ensemble_volmanaged,25.0,2015-12-31_2016-11-30,12,0.10599042948583515,0.15321182844166992,0.10599042948583515,0.15321182844166992,-0.04722139895583477,0.3069381714264002,0.4654394183425819,-0.17055079861616984,-0.05046191183613402,0.4166666666666667,-0.014166891243124992,0.0792574450075557,0.13936239136841344,0.3888888888888889
ensemble_volmanaged,25.0,2016-01-31_2016-12-31,12,0.5979010626897383,0.14711071499834882,0.5979010626897383,0.14711071499834882,0.4507903476913895,0.5296017696558187,1.1095704310215968,-0.17055079861616984,-0.05046191183613413,0.5,0.8139250868088775,-0.5976249655654382,0.9239071540615094,0.41630201600600647
ensemble_volmanaged,25.0,2016-02-29_2017-01-31,12,0.42748524837881474,0.12905921429286393,0.42748524837881474,0.12905921429286393,0.2984260340859508,0.5506785622332959,0.8734327171117484,-0.17055079861616984,-0.05046191183613391,0.5,0.6261014790664124,-0.6283300565981145,0.7286552753410387,0.4723738067631549
ensemble_volmanaged,25.0,2016-03-31_2017-02-28,12,0.8406697195452368,0.14915985778953056,0.8406697195452368,0.14915985778953056,0.6915098617557063,0.6014275433960531,1.2810019875852312,-0.17055079861616984,-0.05046191183613402,0.5833333333333334,1.0318488671547397,0.10067679887853781,1.0815021822448028,0.5290261495068338
ensemble_volmanaged,25.0,2016-04-30_2017-03-31,12,0.7503977166878455,0.1749923153912778,0.7503977166878455,0.1749923153912778,0.5754054012965677,0.6090896189255668,1.1843689918971638,-0.17055079861616984,-0.05046191183613413,0.5,0.8983700729804105,-0.12471590351421366,1.0546091168925122,0.5861048129816242
ensemble_volmanaged,25.0,2016-05-31_2017-04-30,12,0.707934685877859,0.19622916884670505,0.707934685877859,0.19622916884670505,0.511705517031154,0.6132874592306229,1.1378504621856411,-0.17055079861616973,-0.05046191183613402,0.5,0.8229382708577724,-0.3300794457778531,1.0867892621437698,0.5557558868306108
ensemble_volmanaged,25.0,2016-06-30_2017-05-31,12,0.8253662721038448,0.1620726033918518,0.8253662721038448,0.1620726033918518,0.663293668711993,0.5993557720975213,1.2681432175618716,-0.17055079861616973,-0.05046191183613391,0.5,1.0079165297026134,0.36377265178562246,0.981867106612273,0.5835336646083887
ensemble_volmanaged,25.0,2016-07-31_2017-06-30,12,0.40234765653197324,0.11981317604468589,0.40234765653197324,0.11981317604468589,0.28253448048728735,0.5940017874356253,0.8108297988546185,-0.1953628129868733,-0.05046191183613402,0.4166666666666667,0.6079322542336288,-0.12946249473187876,0.6269703921885943,0.6390892201639443
ensemble_volmanaged,25.0,2016-08-31_2017-07-31,12,0.4866937702174492,0.0887429950023102,0.4866937702174492,0.0887429950023102,0.397950775215139,0.5863428505053543,0.9179463490310009,-0.1973071179228545,-0.05046191183613402,0.4166666666666667,0.7664707475674952,0.37581631652708114,0.6402471777589711,0.6390892201639443
ensemble_volmanaged,25.0,2016-09-30_2017-08-31,12,0.6091558503059191,0.09991973328039871,0.6091558503059191,0.09991973328039871,0.5092361170255204,0.5684951542261794,1.0744851556237842,-0.23417011687495826,-0.05046191183613402,0.4166666666666667,0.8947110720932236,0.021814796206607784,0.810790703568051,0.6946447757194999
ensemble_volmanaged,25.0,2016-10-31_2017-09-30,12,0.3063088202938016,0.1075588143605537,0.3063088202938016,0.1075588143605537,0.19875000593324788,0.5871508427025005,0.6884720798786141,-0.3175187556632665,-0.0004923640702735321,0.3333333333333333,0.5031213560344585,-0.2824817439826532,0.5315504455754743,0.7224225534972776
ensemble_volmanaged,25.0,2016-11-30_2017-10-31,12,-0.008231841250185501,0.1559996199134983,-0.008231841250185501,0.1559996199134983,-0.1642314611636838,0.6262483683399312,0.2353308695048126,-0.44725743155053477,-0.008932388259170088,0.25,0.0011109031506123623,3.1474761336216495,-0.27277076763751296,0.8057558868306108
ensemble_volmanaged,25.0,2016-12-31_2017-11-30,12,-0.01850426935515448,0.19992461049678534,-0.01850426935515448,0.19992461049678534,-0.21842887985193982,0.6250663162192607,0.21791104023220423,-0.447257431550535,-0.008932388259169977,0.16666666666666666,-0.08047078943792885,1.6756083847172119,-0.16169235247777503,0.777978109052833
ensemble_volmanaged,25.0,2017-01-31_2017-12-31,12,-0.16003938346699986,0.24773371905633135,-0.16003938346699986,0.24773371905633135,-0.4077731025233312,0.4869273856680663,-0.14813694684463916,-0.4472574315505349,-0.008932388259170088,0.16666666666666666,-0.6696336747874646,4.443638334700297,-0.6756126753863934,0.806120537491271
ensemble_volmanaged,25.0,2017-02-28_2018-01-31,12,-0.22329003529959557,0.22472528642954592,-0.22329003529959557,0.22472528642954592,-0.4480153217291415,0.5063543525492282,-0.27530705818986895,-0.447257431550535,-0.008932388259170088,0.16666666666666666,-0.7545674938271639,4.742664436344593,-0.6915416654230055,0.805604302289678
ensemble_volmanaged,25.0,2017-03-31_2018-02-28,12,-0.3260727874506013,0.11150665310004948,-0.3260727874506013,0.11150665310004948,-0.4375794405506508,0.41644456080573805,-0.7444855071958862,-0.4187512365053946,-0.06307407298992962,0.16666666666666666,-1.023149954380003,0.6737591697996909,-0.32383965542880433,0.8322852928793326
ensemble_volmanaged,25.0,2017-04-30_2018-03-31,12,-0.19907295636727018,0.054403018339003184,-0.19907295636727018,0.054403018339003184,-0.25347597470627337,0.44324598471424087,-0.2951669595773386,-0.3865577318341237,-0.09250223900477905,0.25,-0.4183155625127431,0.1368438353806366,-0.13037328676044602,0.8585399627378756
ensemble_volmanaged,25.0,2017-05-31_2018-04-30,12,-0.17303415676968703,0.042771960341875914,-0.17303415676968703,0.042771960341875914,-0.21580611711156295,0.4411592708899669,-0.2267365132552973,-0.36592265019415826,-0.09416874157139277,0.25,-0.32777181186488913,0.1613797566318397,-0.10256057898993887,0.8596055837367378
ensemble_volmanaged,25.0,2017-06-30_2018-05-31,12,-0.22669323792700236,-0.005226881237519021,-0.22669323792700236,-0.005226881237519021,-0.22146635668948333,0.44930815174985306,-0.36233923512328375,-0.3130536627305448,-0.12207676452647664,0.25,-0.3619455627589317,0.3981554542393813,-0.1515043250866055,0.810623878841581
ensemble_volmanaged,25.0,2017-07-31_2018-06-30,12,-0.1649393486105719,0.0163507796990916,-0.1649393486105719,0.0163507796990916,-0.1812901283096635,0.4439770368026555,-0.20066586144209947,-0.3113897222819252,-0.12207676452647676,0.25,-0.2499255870933483,0.3999111573619797,-0.09385530108021867,0.7794241994737052
ensemble_volmanaged,25.0,2017-08-31_2018-07-31,12,0.2556359895143563,0.02633003466478856,0.2556359895143563,0.02633003466478856,0.22930595484956773,0.6745670124662279,0.6127462740789059,-0.27824366660393784,-0.12207676452647653,0.3333333333333333,0.5704192768527045,0.8285983882677158,0.4627301835136204,0.7759023317544167
ensemble_volmanaged,25.0,2017-09-30_2018-08-31,12,0.8312553424324038,0.012828519177035869,0.8312553424324038,0.012828519177035869,0.818426823255368,0.7547476223627709,1.1271502891763618,-0.19009852206759847,-0.12207676452647664,0.4166666666666667,1.1049080792493677,0.6191338382759765,1.2496202398694032,0.7475503081889593
ensemble_volmanaged,25.0,2017-10-31_2018-09-30,12,0.9947692175628711,-0.028994428060318933,0.9947692175628711,-0.028994428060318933,1.02376364562319,0.7380872392709761,1.260402098402731,-0.17392078191424298,-0.12207676452647676,0.4166666666666667,1.310261156559467,1.0401208653501317,1.5040950251657565,0.7753280859667372
ensemble_volmanaged,25.0,2017-11-30_2018-10-31,12,2.02232898785237,0.017470333624036494,2.02232898785237,0.017470333624036494,2.0048586542283333,0.6893653993150637,1.9546802637522593,-0.17392078191424287,-0.12207676452647676,0.5,1.9598735253564687,1.112016518925831,2.4986035758390486,0.7753280859667372
ensemble_volmanaged,25.0,2017-12-31_2018-11-30,12,1.7262817248301374,-0.025356283802123625,1.7262817248301374,-0.025356283802123625,1.751638008632261,0.7046187426843206,1.7640438310337194,-0.17392078191424298,-0.12207676452647687,0.5,1.835735167421879,1.4854369381715633,2.3534198535503212,0.8031058637445149
ensemble_volmanaged,25.0,2018-01-31_2018-12-31,12,1.3567808806211774,-0.01099995180484914,1.3567808806211774,-0.01099995180484914,1.3677808324260265,0.6899258979162632,1.5587204555185337,-0.11780561015512236,-0.12095719505337177,0.5,1.5752887010747691,0.7133053818548697,1.809928537724304,0.8308836415222927
ensemble_volmanaged,25.0,2018-02-28_2019-01-31,12,2.160724967024744,-0.023323412109537922,2.160724967024744,-0.023323412109537922,2.184048379134282,0.6271974084414329,2.163901478717255,-0.11780561015512236,-0.06297476655901424,0.5833333333333334,2.205958729666038,0.6894246729233806,2.656680631380723,0.8586614193000704
ensemble_volmanaged,25.0,2018-03-31_2019-02-28,12,2.368531369201575,0.045204178762284775,2.368531369201575,0.045204178762284775,2.32332719043929,0.6322220392627951,2.2630522543253284,-0.11780561015512225,-0.032589089243883484,0.5833333333333334,2.2150206946963147,1.063758640238116,2.6898162998637365,0.8583642201832483
ensemble_volmanaged,25.0,2018-04-30_2019-03-31,12,1.428749004757655,0.07686204312787948,1.428749004757655,0.07686204312787948,1.3518869616297755,0.7011413670285248,1.59090445882802,-0.18514023423285497,-0.031039511736595693,0.5,1.5082335864636363,1.6879659003595604,1.5751788281854409,0.8538188945530965
ensemble_volmanaged,25.0,2018-05-31_2019-04-30,12,1.2816895575229035,0.03769148450195714,1.2816895575229035,0.03769148450195714,1.2439980730209463,0.7140892569129664,1.4791034734723436,-0.2510725430601185,-0.04957195403333192,0.5,1.4658860466973676,2.0912334836096633,1.5404923458225128,0.8831021997052475
ensemble_volmanaged,25.0,2018-06-30_2019-05-31,12,2.127226238448366,0.09645960452265201,2.127226238448366,0.09645960452265201,2.0307666339257135,0.6987234958085524,1.99143734764436,-0.2510725430601185,-0.04957195403333203,0.5833333333333334,1.8959476182239938,1.7609420165606429,2.201255913967387,0.9068388569879816
ensemble_volmanaged,25.0,2018-07-31_2019-06-30,12,2.1634963419229294,0.07648721996967378,2.1634963419229294,0.07648721996967378,2.0870091219532556,0.6966645087097615,2.013917040636638,-0.2510725430601185,-0.04957195403333203,0.6666666666666666,1.9569606412621825,2.113266680589051,2.2510678557459887,0.9304403458597919
ensemble_volmanaged,25.0,2018-08-31_2019-07-31,12,0.8123345966866353,0.051509897202665744,0.8123345966866353,0.051509897202665744,0.7608246994839696,0.6002506613259814,1.2700586550191901,-0.2510725430601185,-0.04957195403333203,0.5833333333333334,1.2261717572622892,2.0819551077820764,0.882515112615947,0.9339622135790804
ensemble_volmanaged,25.0,2018-09-30_2019-08-31,12,0.2737639826648386,0.032217370272061396,0.2737639826648386,0.032217370272061396,0.2415466123927772,0.48521906854810454,0.718967188842732,-0.2510725430601185,-0.05569706120271434,0.5833333333333334,0.7047916619339593,2.574852476919705,0.2886549874102682,0.9345364593667599
ensemble_volmanaged,25.0,2018-10-31_2019-09-30,12,0.14924508435104444,0.0680196854801034,0.14924508435104444,0.0680196854801034,0.08122539887094105,0.5064784842593404,0.5014239981642158,-0.3108044824565338,-0.05569706120271445,0.5833333333333334,0.3905078791029891,2.5371878161534878,0.07965534988828882,0.9345364593667599
ensemble_volmanaged,25.0,2018-11-30_2019-10-31,12,-0.07619660056271671,-0.007313909877188718,-0.07619660056271671,-0.007313909877188718,-0.06888269068552799,0.4542081486914531,0.029162053086638634,-0.3201851992230976,-0.07977064350808971,0.5833333333333334,0.038614513050323776,1.6246021356358382,0.019030251646210417,0.9345364593667599
ensemble_volmanaged,25.0,2018-12-31_2019-11-30,12,-0.30078990366201586,0.01695714726683817,-0.30078990366201586,0.01695714726683817,-0.317747050928854,0.52990216384387,-0.4165654667460196,-0.5047907483286544,-0.07977064350808971,0.5833333333333334,-0.4505683097265964,0.09780845255431506,-0.20143728426427887,0.9345364593667599
ensemble_volmanaged,25.0,2019-01-31_2019-12-31,12,-0.4748845357262963,-0.0907583313333864,-0.4748845357262963,-0.0907583313333864,-0.3841262043929099,0.5486002091718167,-0.8874764620708389,-0.6024851414612966,-0.08173242622854304,0.5,-0.7225871850284602,0.4771950621752719,-0.3638133719481951,0.9345364593667599
ensemble_volmanaged,25.0,2019-02-28_2020-01-31,12,-0.6117464590237587,-0.15374678206850467,-0.6117464590237587,-0.15374678206850467,-0.45799967695525406,0.5392759190107179,-1.4382553426962505,-0.6743859162584702,-0.157070533612218,0.4166666666666667,-1.1754799979888158,0.9870251631579505,-0.47045427989652566,0.932897460694829
ensemble_volmanaged,25.0,2019-03-31_2020-02-29,12,-0.6081215537809017,-0.2983301643039218,-0.6081215537809017,-0.2983301643039218,-0.30979138947698,0.5451467250815695,-1.402345307612863,-0.652246656892252,-0.2968733323797681,0.4166666666666667,-0.6830637811033264,-0.8913374684926982,-0.6698706260048168,0.9152080430580011
ensemble_volmanaged,25.0,2019-04-30_2020-03-31,12,-0.5280703230941846,-0.26938100433105683,-0.5280703230941846,-0.26938100433105683,-0.2586893187631278,0.5298969968024674,-1.1285739189740829,-0.6522466568922521,-0.2897384073692094,0.4166666666666667,-0.5014856845613309,-0.6667042358922607,-0.5586174633597405,0.8880116820216953
ensemble_volmanaged,25.0,2019-05-31_2020-04-30,12,-0.4689595864657259,-0.23441422140073764,-0.4689595864657259,-0.23441422140073764,-0.23454536506498824,0.5350118185709808,-0.9026140940573989,-0.652246656892252,-0.2897384073692094,0.5,-0.3883075967038333,-0.6102929438000342,-0.4770610719429873,0.8366994234305621
ensemble_volmanaged,25.0,2019-06-30_2020-05-31,12,-0.5396264089561167,-0.22854562482453433,-0.5396264089561167,-0.22854562482453433,-0.31108078413158236,0.4610845876930152,-1.4051871819167863,-0.652246656892252,-0.2897384073692095,0.5,-0.7263088829184665,-0.7547683302344405,-0.5747139254801539,0.8085395394531689
ensemble_volmanaged,25.0,2019-07-31_2020-06-30,12,-0.5346886274628134,-0.1941752572672133,-0.5346886274628134,-0.1941752572672133,-0.34051337019560013,0.46280234164346945,-1.3766037432465854,-0.5953260744726865,-0.2827760862119635,0.4166666666666667,-0.7880424092909633,-0.6074911609901469,-0.5403379525026188,0.7628582038119193
ensemble_volmanaged,25.0,2019-08-31_2020-07-31,12,-0.4786424735955893,-0.1722348942847023,-0.4786424735955893,-0.1722348942847023,-0.306407579310887,0.45290642649566765,-1.1781435589010179,-0.5862037102171829,-0.27948217627529803,0.4166666666666667,-0.6632472562323526,-0.5758430213793185,-0.47511719430827815,0.7095786776746039
ensemble_volmanaged,25.0,2019-09-30_2020-08-31,12,-0.4113935848737972,-0.21057570090232802,-0.4113935848737972,-0.21057570090232802,-0.20081788397146916,0.4766625939552321,-0.8547856696153378,-0.5275446873158254,-0.27948217627529803,0.4166666666666667,-0.33464929014233785,-0.7001947239457357,-0.43249460460828815,0.6834595616125801
ensemble_volmanaged,25.0,2019-10-31_2020-09-30,12,-0.2856599160486337,-0.1766274605970889,-0.2856599160486337,-0.1766274605970889,-0.10903245545154483,0.47475155993145296,-0.46414496411198186,-0.5210253095851792,-0.2794821762752979,0.5,-0.09532587085562416,-0.4823914280569577,-0.26194385407146326,0.6458520127911171
ensemble_volmanaged,25.0,2019-11-30_2020-10-31,12,-0.1283392122701067,-0.06643817837031618,-0.1283392122701067,-0.06643817837031618,-0.061901033899790514,0.5242442762446134,-0.0059493815605237066,-0.3424717275725909,-0.2794821762752979,0.5,0.05515717176991527,-0.05661876849410224,-0.005132301201683287,0.6003717302500334
ensemble_volmanaged,25.0,2019-12-31_2020-11-30,12,0.26292280146439206,-0.050871312509224054,0.26292280146439206,-0.050871312509224054,0.3137941139736161,0.43382554905413095,0.7465187420279045,-0.18087569119173685,-0.2358764964179022,0.5,0.7153646901415536,0.2111469953049747,0.3817183756239988,0.570093037569094
ensemble_volmanaged,25.0,2020-01-31_2020-12-31,12,0.43164343218872614,-0.013079995771551722,0.43164343218872614,-0.013079995771551722,0.44472342796027786,0.38370748516966,1.1235087186059365,-0.09003921264009529,-0.16758179221927783,0.5,0.9031108312763242,0.04726118807138117,0.5260119527423441,0.5162456854165315
ensemble_volmanaged,25.0,2020-02-29_2021-01-31,12,0.9094627161938886,0.14471568274700242,0.9094627161938886,0.14471568274700242,0.7647470334468862,0.3043921020515535,2.3144036281705676,-0.09003921264009529,-0.07033476780972703,0.5833333333333334,1.2444785302782846,-0.26462921567751796,1.0668100645117873,0.4765506234251195
ensemble_volmanaged,25.0,2020-03-31_2021-02-28,12,0.49938570028061213,0.3187076559568369,0.49938570028061213,0.3187076559568369,0.1806780443237752,0.2789326353115002,1.59902683300701,-0.09003921264009518,-0.07033476780972703,0.5,0.6192868959003651,0.7949421696929935,0.23564679029927094,0.4509191452659618
ensemble_volmanaged,25.0,2020-04-30_2021-03-31,12,0.4238631210734307,0.2712264885896778,0.4238631210734307,0.2712264885896778,0.15263663248375292,0.29371726198934656,1.350253836728601,-0.1244864923940674,-0.07033476780972714,0.5,0.5617644138869673,0.90857591815544,0.1778290939054712,0.4441415196854804
ensemble_volmanaged,25.0,2020-05-31_2021-04-30,12,0.4062641438141972,0.2511461011810818,0.4062641438141972,0.2511461011810818,0.15511804263311535,0.2939404119397754,1.3057410067023807,-0.1244864923940674,-0.07033476780972703,0.5,0.5737304439402556,0.8987295455070691,0.1825288729531045,0.44223150141842665
ensemble_volmanaged,25.0,2020-06-30_2021-05-31,12,0.1686327714750544,0.22018559574957508,0.1686327714750544,0.22018559574957508,-0.05155282427452068,0.3199594880552881,0.6318527072451544,-0.20115761064834248,-0.07033476780972703,0.4166666666666667,-0.041344795670556905,0.9363889147536127,0.0020944016127650844,0.4662911233067067
ensemble_volmanaged,25.0,2020-07-31_2021-06-30,12,0.062429454615464675,0.1787337447456181,0.062429454615464675,0.1787337447456181,-0.11630429013015342,0.3324030909800562,0.3295729538243151,-0.2598664638477308,-0.07033476780972703,0.4166666666666667,-0.23577518411266407,0.9772770155624039,-0.06253971171741124,0.48568366679402636
ensemble_volmanaged,25.0,2020-08-31_2021-07-31,12,0.04972452555140583,0.17406019021811336,0.04972452555140583,0.17406019021811336,-0.12433566466670753,0.33434568005760956,0.29322036637854365,-0.2958853242134504,-0.0471551797914731,0.4166666666666667,-0.26023171166915515,0.9854603684983858,-0.07098364737303331,0.5253993500559065
ensemble_volmanaged,25.0,2020-09-30_2021-08-31,12,-0.21406580104924366,0.29094300690606567,-0.21406580104924366,0.29094300690606567,-0.5050088079553093,0.3615200671374654,-0.4962860320886413,-0.41794742779896255,-0.0471551797914731,0.3333333333333333,-1.61631892909348,1.9454161382988397,-0.5127763165418431,0.5792962438957082
ensemble_volmanaged,25.0,2020-10-31_2021-09-30,12,0.11612878497543089,0.285307502281577,0.11612878497543089,0.285307502281577,-0.1691787173061461,0.6371868865537605,0.4192690566799442,-0.41794742779896277,-0.04715517979147299,0.3333333333333333,0.009155231649107799,2.6513173757802697,-0.3527919525702957,0.5891260149393934
ensemble_volmanaged,25.0,2020-11-30_2021-10-31,12,-0.0037063925265035103,0.164192612882329,-0.0037063925265035103,0.164192612882329,-0.1678990054088325,0.6095668996910347,0.22626481056868572,-0.41794742779896255,-0.04715517979147299,0.3333333333333333,-0.03687251845218996,2.4804330087911786,-0.22797159543480106,0.634606297480477
ensemble_volmanaged,25.0,2020-12-31_2021-11-30,12,-0.20757172612806596,0.10075285366229347,-0.20757172612806596,0.10075285366229347,-0.30832457979035943,0.6304857969742713,-0.12377996124236725,-0.41451819523639066,-0.04715517979147321,0.3333333333333333,-0.3029633055547196,3.048370620142624,-0.3239363160580865,0.6648849901614163
ensemble_volmanaged,25.0,2021-01-31_2021-12-31,12,-0.3156931906991862,0.1311417024200292,-0.3156931906991862,0.1311417024200292,-0.4468348931192154,0.6599670867820946,-0.30637813706185035,-0.41451819523639066,-0.04715517979147299,0.3333333333333333,-0.5288027416855263,3.133653819182119,-0.4611875335995581,0.7187323423139788
ensemble_volmanaged,25.0,2021-02-28_2022-01-31,12,-0.30123492954806896,0.1035559333431273,-0.30123492954806896,0.1035559333431273,-0.40479086289119626,0.6645277589019171,-0.2695395833550295,-0.38046902517866255,-0.008710521467504728,0.3333333333333333,-0.44547385869468825,3.9436497121158887,-0.44859945903974907,0.760066402977322
ensemble_volmanaged,25.0,2021-03-31_2022-02-28,12,-0.21588967892555788,0.1814244316261513,-0.21588967892555788,0.1814244316261513,-0.3973141105517092,0.6669619200814327,-0.0954955418614447,-0.34913107485532735,-0.008710521467504728,0.4166666666666667,-0.368237686166457,6.539126207840796,-0.7087072692994866,0.8036844978901297
ensemble_volmanaged,25.0,2021-04-30_2022-03-31,12,-0.23290869788798196,0.2056999327796627,-0.23290869788798196,0.2056999327796627,-0.43860863066764466,0.6693421484280158,-0.12537444862715383,-0.34913107485532735,-0.008710521467504728,0.4166666666666667,-0.4293967125470806,6.34730271188277,-0.7446992285663288,0.8422038101370685
ensemble_volmanaged,25.0,2021-05-31_2022-04-30,12,-0.23746420964258763,0.20202014645819677,-0.23746420964258763,0.20202014645819677,-0.4394843561007844,0.6690886493776967,-0.1344878777180274,-0.34034991229383027,-0.011058901373715124,0.4166666666666667,-0.43433811254466975,6.08017406299002,-0.7260454113014772,0.8954260869952554
ensemble_volmanaged,25.0,2021-06-30_2022-05-31,12,-0.4103896011100234,0.1547230806668567,-0.4103896011100234,0.1547230806668567,-0.5651126817768801,0.7297721355186417,-0.40089458551801427,-0.501039321426103,-0.04389760737316839,0.4166666666666667,-0.6449788098182558,6.076020594918443,-0.7139651840795707,0.9247713966967913
ensemble_volmanaged,25.0,2021-07-31_2022-06-30,12,-0.3357494769353795,0.14515293481688385,-0.3357494769353795,0.14515293481688385,-0.48090241175226334,0.7305861013617694,-0.23990737049635205,-0.5010393214261029,-0.04389760737316839,0.5,-0.459840348958414,5.989320163298176,-0.651126585565825,0.958658379346787
ensemble_volmanaged,25.0,2021-08-31_2022-07-31,12,-0.26208387505561725,0.16719366722844042,-0.26208387505561725,0.16719366722844042,-0.4292775422840577,0.7328348593852481,-0.09520516644443247,-0.501039321426103,-0.04389760737316839,0.5833333333333334,-0.33377908720850186,5.8089730257812695,-0.644480397696741,0.9722222222222222
ensemble_volmanaged,25.0,2021-09-30_2022-08-31,12,-0.08874664434222546,0.11990803732841937,-0.08874664434222546,0.11990803732841937,-0.20865468167064483,0.7097685094824596,0.1752824530322757,-0.501039321426103,-0.04389760737316817,0.6666666666666666,0.011033525950662744,5.295705134201027,-0.3974192381231595,0.9722222222222222
ensemble_volmanaged,25.0,2021-10-31_2022-09-30,12,-0.26640565296841245,0.07700156092153554,-0.26640565296841245,0.07700156092153554,-0.343407213889948,0.5195065857045166,-0.3270112611641252,-0.501039321426103,-0.04389760737316828,0.6666666666666666,-0.5018383837235068,2.976117121004452,-0.333545255826591,0.9999999999999999
ensemble_volmanaged,25.0,2021-11-30_2022-10-31,12,-0.3089928289576177,0.0837751064100245,-0.3089928289576177,0.0837751064100245,-0.3927679353676422,0.511592549361969,-0.453986395310285,-0.40561714496323864,-0.04389760737316839,0.6666666666666666,-0.656126950790012,3.294339934449843,-0.4039334310481939,0.9999999999999999
ensemble_volmanaged,25.0,2021-12-31_2022-11-30,12,0.038121448377319345,0.04089310124175727,0.038121448377319345,0.04089310124175727,-0.0027716528644379235,0.5564620777748295,0.34041979768768504,-0.36063349905268915,-0.052330809109684795,0.75,0.26593529836992835,1.0670183590474247,0.152938276174043,0.9999999999999999
ensemble_volmanaged,25.0,2022-01-31_2022-12-31,12,0.3666200880678745,0.03139589518781816,0.3666200880678745,0.03139589518781816,0.33522419288005634,0.49669802264128377,0.8819981431590428,-0.36063349905268915,-0.0538908420070876,0.8333333333333334,0.8304388423676635,1.2208564260005117,0.47692723955361993,0.9999999999999999
ensemble_volmanaged,25.0,2022-02-28_2023-01-31,12,0.13799274354669255,-0.006523085673795559,0.13799274354669255,-0.006523085673795559,0.1445158292204881,0.4993358450145205,0.5035777559506698,-0.36063349905268904,-0.053890842007087936,0.75,0.5165290563331741,0.9285497764241851,0.2872534366302353,0.9999999999999999
ensemble_volmanaged,25.0,2022-03-31_2023-02-28,12,0.29335050003559027,-0.03763942955797195,0.29335050003559027,-0.03763942955797195,0.3309899295935622,0.5317667816305189,0.745116436577103,-0.30928747965982006,-0.05860315994470999,0.75,0.8160241154748933,0.7149739656429611,0.5141241967433761,0.9999999999999999
ensemble_volmanaged,25.0,2022-04-30_2023-03-31,12,0.28788832936195163,-0.0433257664262765,0.28788832936195163,-0.0433257664262765,0.33121409578822814,0.5327383875565638,0.736530321186374,-0.30928747965982006,-0.052003665957635614,0.75,0.821175580869139,0.9288520271176451,0.5280737652309901,0.9999999999999999
ensemble_volmanaged,25.0,2022-05-31_2023-04-30,12,0.27797315842055514,-0.07213752035282106,0.27797315842055514,-0.07213752035282106,0.3501106787733762,0.5330732078944026,0.7214036535086233,-0.09218882780427762,-0.07596598010903766,0.75,0.8626622497716325,0.8556763202191706,0.5497174518591725,0.972222222222222
ensemble_volmanaged,25.0,2022-06-30_2023-05-31,12,0.26287322497787824,-0.0361282154897381,0.26287322497787824,-0.0361282154897381,0.29900144046761634,0.5388056103745805,0.6985818563374301,-0.3756999089017765,-0.07596598010903755,0.75,0.7338327537611572,-1.8651312161056248,0.3608463607325305,0.972222222222222
ensemble_volmanaged,25.0,2022-07-31_2023-06-30,12,0.3491994247326806,-0.0028433046031512976,0.3491994247326806,-0.0028433046031512976,0.3520427293358319,0.5452865250458726,0.8211290128434078,-0.3756999089017766,-0.07596598010903743,0.75,0.7971460436344036,-0.8171898456984544,0.5523951500201865,0.972222222222222
ensemble_volmanaged,25.0,2022-08-31_2023-07-31,12,0.32028833958880853,-0.031389184091800915,0.32028833958880853,-0.031389184091800915,0.35167752368060945,0.5448719995819364,0.7801911600089555,-0.3756999089017765,-0.0655917893195096,0.75,0.8096630573412547,-1.1390735454905712,0.47029004284453024,0.9722222222222222
ensemble_volmanaged,25.0,2022-09-30_2023-08-31,12,0.03480604195327164,-0.014331580574544756,0.03480604195327164,-0.014331580574544756,0.049137622527816394,0.5938341849509465,0.3441605894245217,-0.42394000619002625,-0.06559178931950937,0.6666666666666666,0.35553141185065723,-1.2225151126408453,0.20704371368450003,0.9722222222222222
ensemble_volmanaged,25.0,2022-10-31_2023-09-30,12,-0.08548288847410279,-0.04883569016310929,-0.08548288847410279,-0.04883569016310929,-0.0366471983109935,0.5581348434191878,0.11308174236244883,-0.42394000619002614,-0.06327241269436523,0.6666666666666666,0.18995683545609168,-1.8199616500715923,-0.02278775188748916,0.9444444444444443
ensemble_volmanaged,25.0,2022-11-30_2023-10-31,12,0.22517373485530356,-8.074453772832779e-05,0.22517373485530356,-8.074453772832779e-05,0.2252544793930319,0.6593717861829406,0.6170928761168266,-0.42394000619002614,-0.04084242285001627,0.6666666666666666,0.6168041446268792,0.9516857101324192,0.4868362145353724,0.9444444444444443
ensemble_volmanaged,25.0,2022-12-31_2023-11-30,12,-0.4782943244976011,0.06162621592425688,-0.4782943244976011,0.06162621592425688,-0.539920540421858,0.7746671985019189,-0.4095041117389933,-0.5495557013766654,-0.04084242285001627,0.5833333333333334,-0.49291706946672487,0.7253856419664378,-0.30850822250663656,0.9444444444444443
ensemble_volmanaged,25.0,2023-01-31_2023-12-31,12,-0.572401923085518,0.05389394652891433,-0.572401923085518,0.05389394652891433,-0.6262958696144323,0.7811126944727137,-0.6450153848282981,-0.6180869582924,-0.04084242285001627,0.5,-0.7216976718251378,0.9982991974044049,-0.4364214654801639,0.9444444444444443
ensemble_volmanaged,25.0,2023-02-28_2024-01-31,12,-0.5309349947948667,0.06910062416905749,-0.5309349947948667,0.06910062416905749,-0.6000356189639242,0.7826509677203427,-0.5286421107606784,-0.6180869582923999,-0.04084242285001627,0.5833333333333334,-0.6233826571602816,1.0431622602367756,-0.3920333166129033,0.9444444444444443
ensemble_volmanaged,25.0,2023-03-31_2024-02-29,12,-0.630648963027443,0.07105311702696282,-0.630648963027443,0.07105311702696282,-0.7017020800544058,0.7376877714933875,-0.9081786110897051,-0.5961860888842423,-0.04084242285001627,0.5,-1.0207613115718532,1.450399800969619,-0.5512296389926936,0.9444444444444443
ensemble_volmanaged,25.0,2023-04-30_2024-03-31,12,-0.5410728702257994,0.04605177038880415,-0.5410728702257994,0.04605177038880415,-0.5871246406146036,0.7584129782038622,-0.5930637401768631,-0.5961860888842423,-0.028914327222309355,0.5833333333333334,-0.6640066508289606,1.2151019806374608,-0.4055673311317387,0.9444444444444443
ensemble_volmanaged,25.0,2023-05-31_2024-04-30,12,-0.5465038636004778,0.05087612226469651,-0.5465038636004778,0.05087612226469651,-0.5973799858651743,0.7577342298303613,-0.6093305053585435,-0.559656318144601,-0.04720745865673304,0.5833333333333334,-0.6875742615848661,1.3797300071441656,-0.4215405877047682,0.9722222222222222
ensemble_volmanaged,25.0,2023-06-30_2024-05-31,12,-0.3128240751284267,0.06029804021364593,-0.3128240751284267,0.06029804021364593,-0.3731221153420726,0.6955475558450075,-0.15815172150037152,-0.5596563181446008,-0.04720745865673304,0.6666666666666666,-0.2512383424245505,1.4152399292016349,-0.18099516854087105,0.9722222222222222
ensemble_volmanaged,25.0,2023-07-31_2024-06-30,12,-0.4880238801420592,0.046802268590376395,-0.4880238801420592,0.046802268590376395,-0.5348261487324356,0.6982164383312647,-0.5647471860944339,-0.5750599223569337,-0.04720745865673304,0.5833333333333334,-0.6328794956495629,0.2779378087130074,-0.33966894591867136,0.9722222222222222
ensemble_volmanaged,25.0,2023-08-31_2024-07-31,12,0.3912459204762462,0.10318514893952901,0.3912459204762462,0.10318514893952901,0.28806077153671716,1.9753384526092372,0.6995303137473861,-0.5750599223569337,-0.04720745865673315,0.5833333333333334,0.6637994620874544,10.36884116700092,0.36344465546349936,0.9722222222222222
ensemble_volmanaged,25.0,2023-09-30_2024-08-31,12,0.4559149957257782,0.08473288946892565,0.4559149957257782,0.08473288946892565,0.37118210625685255,1.9692080725001557,0.7205941343123397,-0.5750599223569336,-0.04720745865673315,0.5833333333333334,0.6948560270945926,10.1587351648698,0.6998979154050078,0.9722222222222222
ensemble_volmanaged,25.0,2023-10-31_2024-09-30,12,0.30159078712841514,0.12170948346779942,0.30159078712841514,0.12170948346779942,0.17988130366061572,1.9752828203728365,0.6607475209773361,-0.5750599223569337,-0.047207458656732815,0.5,0.6161345847803925,11.598963667457786,-0.07743440446837946,0.9914994599011077
ensemble_volmanaged,25.0,2023-11-30_2024-10-31,12,-0.16365237327677906,0.004734660022875703,-0.16365237327677906,0.004734660022875703,-0.16838703329965476,1.96860171239866,0.416815078227448,-0.2996681347286779,-0.07254414974326939,0.4166666666666667,0.42283757466844446,9.15054056057674,1.0277931812889785,0.9806854924565886
ensemble_volmanaged,25.0,2023-12-31_2024-11-30,12,0.6104687770606188,-0.026522408525777696,0.6104687770606188,-0.026522408525777696,0.6369911855863964,1.8831379958922387,0.6996888686693263,-0.2996681347286779,-0.07702368625268241,0.5,0.7362471654829762,11.392427389996818,3.3601260196174136,0.9500185703879979
ensemble_volmanaged,25.0,2024-01-31_2024-12-31,12,1.1880387825883374,-0.013699490369203038,1.1880387825883374,-0.013699490369203038,1.2017382729575403,1.861420990165836,0.8712065688378935,-0.2996681347286779,-0.07702368625268208,0.5833333333333334,0.9068330165509823,11.230257177095895,3.992205280841352,0.9264665874580076
ensemble_volmanaged,25.0,2024-02-29_2025-01-31,12,1.035728726623399,-0.14290566323586873,1.035728726623399,-0.14290566323586873,1.1786343898592677,1.8675886594776345,0.8303465590406456,-0.2996681347286779,-0.18252959118595857,0.5833333333333334,0.9433766703538365,6.12254715420412,8.056455838050075,0.8860198105477773
ensemble_volmanaged,25.0,2024-03-31_2025-02-28,12,0.9064086109016918,-0.10676537761977256,0.9064086109016918,-0.10676537761977256,1.0131739885214643,1.8748932548663289,0.7949564859728898,-0.2996681347286779,-0.1825295911859588,0.5833333333333334,0.8792193843713896,5.113854394819191,5.362069295913661,0.8655001504386614
ensemble_volmanaged,25.0,2024-04-30_2025-03-31,12,0.7326681617768964,-0.06461005552580057,0.7326681617768964,-0.06461005552580057,0.797278217302697,1.8774840350122668,0.7391064192368565,-0.2996681347286778,-0.18252959118595868,0.5,0.7938897795108081,4.543931520018725,3.60324995277075,0.8314993586655106
ensemble_volmanaged,25.0,2024-05-31_2025-04-30,12,1.1454692143089047,0.02942056800377868,1.1454692143089047,0.02942056800377868,1.116048646305126,1.8759254410989268,0.8661656584114791,-0.2996681347286778,-0.18252959118595857,0.5,0.872189279421962,4.228406841850717,2.892712552181422,0.777517836140028
ensemble_volmanaged,25.0,2024-06-30_2025-05-31,12,0.9771757594495154,-0.019239253194651806,0.9771757594495154,-0.019239253194651806,0.9964150126441672,1.8824403477050307,0.8200703276921498,-0.2996681347286779,-0.18252959118595835,0.4166666666666667,0.8526714751913164,4.316792500615358,3.337660913295565,0.7332828969538543
ensemble_volmanaged,25.0,2024-07-31_2025-06-30,12,1.4398033343731131,0.03150250800801424,1.4398033343731131,0.03150250800801424,1.408300826365099,1.8587784521741613,0.935095418125128,-0.2996681347286779,-0.1825295911859589,0.4166666666666667,0.9420480733327058,3.61606003290156,3.335564449206908,0.6874650449786501
ensemble_volmanaged,25.0,2024-08-31_2025-07-31,12,-0.17292230390074737,0.02082724764079913,-0.17292230390074737,0.02082724764079913,-0.1937495515415465,0.39455160089060554,-0.3028807048219839,-0.16356798475092926,-0.1720911800730176,0.3333333333333333,-0.4408135261741281,0.8682841620216065,-0.1424626240532728,0.629772961540963
ensemble_volmanaged,25.0,2024-09-30_2025-08-31,12,0.1161207721292814,0.07082064647411035,0.1161207721292814,0.07082064647411035,0.04530012565517105,0.3791681271354505,0.4565472346666903,-0.15737215002434957,-0.1720911800730176,0.4166666666666667,0.2526919444045183,0.843587734125507,0.10504179691644677,0.5971920179956526
ensemble_volmanaged,25.0,2024-10-31_2025-09-30,12,-0.05629417647952961,0.07787885846139209,-0.05629417647952961,0.07787885846139209,-0.1341730349409217,0.42818388495042764,0.057902413173443995,-0.18820268024131703,-0.11858833109117162,0.4166666666666667,-0.17036516926326903,0.8108863402824282,-0.049414671615213734,0.5839220473629482
ensemble_volmanaged,25.0,2024-11-30_2025-10-31,12,-0.003300080164167718,0.1960061542824556,-0.003300080164167718,0.1960061542824556,-0.19930623444662332,0.41444467942340824,0.17786289799422492,-0.25306316004097473,-0.11795970406671652,0.4166666666666667,-0.2960506825440159,0.5226629419940247,-0.028290995302105992,0.5528492685151838
ensemble_volmanaged,25.0,2024-12-31_2025-11-30,12,-0.0446657708674274,0.22133541890163522,-0.0446657708674274,0.22133541890163522,-0.2660011897690626,0.41350844446302104,0.07447680071367525,-0.25965556413570334,-0.11795970406671652,0.3333333333333333,-0.4548320991604505,0.5538337709835495,-0.08578985295203068,0.5427980883489677
ensemble_volmanaged,25.0,2025-01-31_2025-12-31,12,0.04015305494801158,0.17166648362633885,0.04015305494801158,0.17166648362633885,-0.13151342867832727,0.4634419239794878,0.2871347099186383,-0.25965556413570334,-0.03669877287899381,0.3333333333333333,-0.08805922659002542,0.155512546959392,0.1109537069686799,0.5663500712789583
ensemble_volmanaged,25.0,2025-02-28_2026-01-31,12,-0.07491142603276346,0.31334945156909844,-0.07491142603276346,0.31334945156909844,-0.3882608776018619,0.49009170632047716,0.05751462427428699,-0.25965556413570334,-0.04758367670999886,0.25,-0.5075742206238941,0.13585914897182494,-0.010182908527391787,0.5535646725338429
ensemble_volmanaged,25.0,2025-03-31_2026-02-28,12,-0.2410829439558726,0.08257309459079365,-0.2410829439558726,0.08257309459079365,-0.32365603854666625,0.5524910480934206,-0.23793171694202656,-0.4291333116262007,-0.18488813271044613,0.25,-0.46760075177617927,1.1908233922558658,-0.22399827338546474,0.5208521569876133
ensemble_volmanaged,25.0,2025-04-30_2026-03-31,12,-0.3099393763773167,0.028079656548997578,-0.3099393763773167,0.028079656548997578,-0.3380190329263143,0.55368332681582,-0.40541116913236347,-0.4678586938758831,-0.19546042589812018,0.25,-0.548362614120564,1.2053068573159682,-0.2485293216443829,0.5427728534919031
ensemble_volmanaged,25.0,2025-05-31_2026-04-30,12,-0.4162262055767397,-0.14610708694572017,-0.4162262055767397,-0.14610708694572017,-0.27011911863101956,0.4882787985284882,-0.8486028165238065,-0.4678586938758831,-0.29138146686445754,0.25,-0.5738715431209271,0.4593332435682483,-0.3017697265746411,0.5506384328938285
ensemble_volmanaged,25.0,2025-06-30_2026-05-31,12,-0.43206867576722363,-0.18541351506394133,-0.43206867576722363,-0.18541351506394133,-0.2466551607032823,0.48967500117263624,-0.8990062078226441,-0.4853789950395101,-0.34737666250868915,0.3333333333333333,-0.5352837829264807,0.46736264021462237,-0.3046702638567814,0.5487574289564451
ensemble_volmanaged,25.0,2025-07-31_2026-06-30,12,-0.43091798225322653,-0.1667764227923394,-0.43091798225322653,-0.1667764227923394,-0.26414155946088713,0.48996587036720657,-0.8942329443716799,-0.4853789950395102,-0.34737666250868904,0.3333333333333333,-0.5786198964075864,0.4554412222184459,-0.3127113682178312,0.5540824641483164
ensemble_volmanaged,25.0,2025-08-31_2026-07-31,11,-0.4026510216837944,-0.20361006057922837,-0.4299863870601618,-0.2199234939209873,-0.21006289313917448,0.5137317108304066,-0.8299123667970161,-0.4853789950395102,-0.34737666250868904,0.36363636363636365,-0.41032168683104275,0.5006355746917567,-0.2758244037638671,0.5764813246392766
