model,cost_bps,period,months,strategy_total_return,benchmark_total_return,strategy_cagr,benchmark_cagr,excess_cagr,strategy_volatility,strategy_sharpe_rf0,strategy_max_drawdown,benchmark_max_drawdown,active_hit_rate,information_ratio,beta_to_benchmark,annualized_alpha_rf0,average_monthly_turnover
cap150_composite,25.0,2015-02-28_2016-01-31,12,-0.13397036083818414,-0.12464244015822579,-0.13397036083818414,-0.12464244015822579,-0.009327920679958357,0.1339703608381841,-0.9999999999999999,-0.13397036083818414,-0.2346154234110902,0.5,-0.05563904599018853,-0.25944903734980607,-0.1533595071790268,0.08333333333333333
cap150_composite,25.0,2015-03-31_2016-02-29,12,-0.02354439054263746,-0.12200466014015787,-0.02354439054263746,-0.12200466014015787,0.09846026959752041,0.1931639301801824,-0.033453746110861916,-0.13397036083818414,-0.1902603904171294,0.5833333333333334,0.4275705904815662,-0.11401400435602067,-0.019714496211787114,0.1111111111111111
cap150_composite,25.0,2015-04-30_2016-03-31,12,0.02354137960827596,-0.048726200591690305,0.02354137960827596,-0.048726200591690305,0.07226758019996626,0.19923412100601112,0.20959788128179982,-0.13397036083818414,-0.19026039041712928,0.5833333333333334,0.325879749289247,-0.13920979479804074,0.03666847022301645,0.16666666666666666
cap150_composite,25.0,2015-05-31_2016-04-30,12,0.002964284429573194,-0.08042168629585977,0.002964284429573194,-0.08042168629585977,0.08338597072543297,0.20062661355028097,0.10793795408872556,-0.13397036083818414,-0.13984875260474772,0.5833333333333334,0.3837268682125797,-0.13682343264309882,0.011444332176296479,0.16666666666666666
cap150_composite,25.0,2015-06-30_2016-05-31,12,0.36200138790371184,0.021583559353247406,0.36200138790371184,0.021583559353247406,0.34041782855046443,0.40864209638919885,0.929006557238926,-0.13397036083818414,-0.12048239811387595,0.5833333333333334,0.8874525125700279,0.8247585694995345,0.4194275486406307,0.2222222222222222
cap150_composite,25.0,2015-07-31_2016-06-30,12,0.696381435348695,0.08609325121736311,0.696381435348695,0.08609325121736311,0.6102881841313319,0.4586021748603459,1.3631369713596555,-0.13397036083818414,-0.06335332759593715,0.5833333333333334,1.2360018307031329,1.1652475711189028,0.6620549858685478,0.25
cap150_composite,25.0,2015-08-31_2016-07-31,12,0.9402613734474643,0.19435729107699262,0.9402613734474643,0.19435729107699262,0.7459040823704717,0.46329662986531217,1.6596330090109233,-0.13397036083818414,-0.010009943632593221,0.5833333333333334,1.3367211720134178,1.4440982180182573,0.635464541584364,0.2777777777777778
cap150_composite,25.0,2015-09-30_2016-08-31,12,1.1555858179764695,0.27010420996995776,1.1555858179764695,0.27010420996995776,0.8854816080065118,0.45983152524872867,1.9134821375073112,-0.13397036083818414,-0.010009943632593332,0.5833333333333334,1.4385885896319586,1.879977926254996,0.5124339150530812,0.3333333333333333
cap150_composite,25.0,2015-10-31_2016-09-30,12,1.396571503939437,0.2171792753369357,1.396571503939437,0.2171792753369357,1.1793922286025014,0.45393662874558827,2.1846118173203024,-0.13397036083818414,-0.010009943632593221,0.6666666666666666,1.8504842343582362,3.078520237689605,0.44728741860281174,0.3888888888888889
cap150_composite,25.0,2015-11-30_2016-10-31,12,1.7914948243947793,0.15802517726789156,1.7914948243947793,0.15802517726789156,1.6334696471268877,0.4511112189074509,2.563585348904436,-0.13397036083818414,-0.05046191183613391,0.6666666666666666,2.2543506098902557,0.7748478257320001,1.7085311328255637,0.4166666666666667
cap150_composite,25.0,2015-12-31_2016-11-30,12,1.840056663020317,0.15325670090751609,1.840056663020317,0.15325670090751609,1.686799962112801,0.44737691669325413,2.623869100158799,-0.13397036083818414,-0.05046191183613402,0.6666666666666666,2.3327244002562146,0.8780181642048599,1.7222315155628207,0.4166666666666666
cap150_composite,25.0,2016-01-31_2016-12-31,12,1.9949785336169588,0.1471553785298949,1.9949785336169588,0.1471553785298949,1.8478231550870639,0.4375835745066485,2.807251929668156,-0.020103823439534874,-0.05046191183613402,0.75,2.522901052533396,0.8474525410356645,1.8857379884443972,0.4444444444444444
cap150_composite,25.0,2016-02-29_2017-01-31,12,2.9048708260018823,0.12910312615333996,2.9048708260018823,0.12910312615333996,2.7757676998485423,0.3536023873134172,4.218049263477612,-0.020103823439534985,-0.05046191183613391,0.8333333333333334,4.194021374768457,1.6534839256214144,2.3849920381946466,0.38888888888888884
cap150_composite,25.0,2016-03-31_2017-02-28,12,3.218391761332642,0.1492046756740173,3.218391761332642,0.1492046756740173,3.0691870856586245,0.36587562295366866,4.323981981064155,-0.020103823439534985,-0.05046191183613402,0.8333333333333334,4.316913102442752,1.8053373458054536,2.505494227156401,0.38888888888888884
cap150_composite,25.0,2016-04-30_2017-03-31,12,3.510983625190925,0.17503808646495478,3.510983625190925,0.17503808646495478,3.33594553872597,0.35480573415118644,4.663806427311677,0.0,-0.05046191183613402,0.8333333333333334,4.575713904934832,1.665635136100163,2.684547686810436,0.3333333333333333
cap150_composite,25.0,2016-05-31_2017-04-30,12,3.251031495629106,0.19627580709932912,3.251031495629106,0.19627580709932912,3.054755688529777,0.3854110792351764,4.146941739127487,-0.07657179561835159,-0.05046191183613402,0.8333333333333334,3.872392158761689,1.4439415364909909,2.5370731729403886,0.3611111111111111
cap150_composite,25.0,2016-06-30_2017-05-31,12,1.9569185383053527,0.16211773486732262,1.9569185383053527,0.16211773486732262,1.79480080343803,0.3416022905029307,3.4685885488291084,-0.1277514530583861,-0.05046191183613402,0.75,3.0020641625628794,0.4188880282713181,1.918157083307332,0.36111111111111116
cap150_composite,25.0,2016-07-31_2017-06-30,12,1.204047971498278,0.11985678631409691,1.204047971498278,0.11985678631409691,1.084191185184181,0.3401623811278873,2.5510034064347185,-0.190218411542747,-0.05046191183613402,0.6666666666666666,2.1437824637201675,-0.07159077315663151,1.329369699297656,0.3611111111111111
cap150_composite,25.0,2016-08-31_2017-07-31,12,0.883967366196923,0.08878533946639733,0.883967366196923,0.08878533946639733,0.7951820267305256,0.3426453993559933,2.047753522199069,-0.20830672104878234,-0.05046191183613402,0.5833333333333334,1.7214031937443648,-0.37094591599200183,1.0394708164868254,0.4166666666666667
cap150_composite,25.0,2016-09-30_2017-08-31,12,0.9156087364503582,0.09996258200034913,0.9156087364503582,0.09996258200034913,0.8156461544500091,0.3462536117037431,2.080302529259328,-0.20830672104878234,-0.05046191183613402,0.5833333333333334,1.7365759699225713,-0.2800867932956841,1.0656291914076719,0.4166666666666667
cap150_composite,25.0,2016-10-31_2017-09-30,12,0.8213132752240473,0.1075588143605537,0.8213132752240473,0.1075588143605537,0.7137544608634936,0.3416212140875197,1.9483108857472897,-0.20830672104878234,-0.0004923640702735321,0.5833333333333334,1.5817353393235711,-0.30176854160712074,0.9695591539658837,0.38888888888888884
cap150_composite,25.0,2016-11-30_2017-10-31,12,0.5147885578273972,0.1559996199134983,0.5147885578273972,0.1559996199134983,0.3587889379138989,0.32920536203701783,1.4263199911484803,-0.20830672104878245,-0.008932388259170088,0.5,1.0496593664121339,4.189705450226349,-0.13576775090031634,0.4166666666666667
cap150_composite,25.0,2016-12-31_2017-11-30,12,0.46906374566492715,0.19992461049678534,0.46906374566492715,0.19992461049678534,0.2691391351681418,0.3328296007308808,1.3185169272276431,-0.20830672104878223,-0.008932388259169977,0.5,0.7798524354692838,1.0702650231363693,0.2682555054881721,0.4444444444444444
cap150_composite,25.0,2017-01-31_2017-12-31,12,1.1303124159604985,0.24773371905633135,1.1303124159604985,0.24773371905633135,0.8825786969041671,0.5955717811601732,1.5338377379317047,-0.20830672104878245,-0.008932388259170088,0.5,1.2037046566894247,3.3118396027385573,0.1796464772157369,0.4444444444444444
cap150_composite,25.0,2017-02-28_2018-01-31,12,1.1634267936626808,0.22472528642954592,1.1634267936626808,0.22472528642954592,0.9387015072331348,0.5975313852748179,1.5581811926523614,-0.20830672104878234,-0.008932388259170088,0.5,1.256478464006035,2.7966997402181923,0.4155491832668472,0.44444444444444436
cap150_composite,25.0,2017-03-31_2018-02-28,12,0.7406296658406826,0.11150665310004948,0.7406296658406826,0.11150665310004948,0.6291230127406331,0.583750100021905,1.1871899256347536,-0.20830672104878234,-0.06307407298992962,0.5,1.038196710429479,1.705887434445777,0.6370996526051178,0.4166666666666666
cap150_composite,25.0,2017-04-30_2018-03-31,12,0.8588013310309712,0.054403018339003184,0.8588013310309712,0.054403018339003184,0.804398312691968,0.5975321749943305,1.2871644283472246,-0.14265854649592802,-0.09250223900477905,0.5,1.2094256922289606,0.9844621067609817,0.9955773555503555,0.44444444444444436
cap150_composite,25.0,2017-05-31_2018-04-30,12,1.3176827258629897,0.042771960341875914,1.3176827258629897,0.042771960341875914,1.2749107655211138,0.5822792082165418,1.7123888766256743,-0.09235357086331542,-0.09416874157139277,0.5833333333333334,1.6617321506215768,1.0041396043494013,1.4931041846515885,0.4166666666666666
cap150_composite,25.0,2017-06-30_2018-05-31,12,1.6463947036679842,-0.005226881237519021,1.6463947036679842,-0.005226881237519021,1.6516215849055031,0.5625919219066833,2.010437143074037,-0.04414371119787974,-0.12207676452647664,0.6666666666666666,2.0642251762059667,1.1215452305326237,1.9444789120706019,0.38888888888888884
cap150_composite,25.0,2017-07-31_2018-06-30,12,1.8688311565000668,0.0163507796990916,1.8688311565000668,0.0163507796990916,1.8524803768009752,0.5425483233522945,2.2285366421322346,-0.04414371119787952,-0.12207676452647676,0.6666666666666666,2.2329660615241838,0.9288769242565561,2.10447834690232,0.38888888888888884
cap150_composite,25.0,2017-08-31_2018-07-31,12,1.7038541150570317,0.02633003466478856,1.7038541150570317,0.02633003466478856,1.677524080392243,0.5591236119457562,2.061917305818184,-0.07855943656720954,-0.12207676452647653,0.6666666666666666,2.029573501083725,0.7783477747647398,1.9378671233830773,0.36111111111111116
cap150_composite,25.0,2017-09-30_2018-08-31,12,1.3871033753953372,0.012828519177035869,1.3871033753953372,0.012828519177035869,1.3742748562183014,0.5660748776585909,1.8028219383457509,-0.08104591871619171,-0.12207676452647664,0.6666666666666666,1.795102351551275,0.8271502968156226,1.6241173727229987,0.3611111111111111
cap150_composite,25.0,2017-10-31_2018-09-30,12,1.2249625769889105,-0.028994428060318933,1.2249625769889105,-0.028994428060318933,1.2539570050492295,0.5744376534490363,1.651584425724731,-0.09458390111492532,-0.12207676452647676,0.6666666666666666,1.7313093392358616,1.0195458981705903,1.5461170970477989,0.3333333333333333
cap150_composite,25.0,2017-11-30_2018-10-31,12,1.2123444309917715,0.017470333624036494,1.2123444309917715,0.017470333624036494,1.194874097367735,0.5756136098259477,1.6386657497771495,-0.12784827974611956,-0.12207676452647676,0.6666666666666666,1.6000177097761914,0.5543270529700788,1.4481038280630565,0.3333333333333333
cap150_composite,25.0,2017-12-31_2018-11-30,12,1.3487527409937337,-0.025356283802123625,1.3487527409937337,-0.025356283802123625,1.3741090247958572,0.5681826076089923,1.7671698640833775,-0.12784827974611956,-0.12207676452647687,0.75,1.8566561549333527,1.2919801509222137,1.686969334276446,0.3611111111111111
cap150_composite,25.0,2018-01-31_2018-12-31,12,0.5001736986558176,-0.01099995180484914,0.5001736986558176,-0.01099995180484914,0.5111736504606668,0.30166572215297804,1.4969723652936378,-0.12784827974611956,-0.12095719505337177,0.6666666666666666,1.287981091383683,-0.807494476825168,0.5518309614055801,0.3611111111111111
cap150_composite,25.0,2018-02-28_2019-01-31,12,0.3205215007837936,-0.023323412109537922,0.3205215007837936,-0.023323412109537922,0.3438449128933315,0.27782293798888097,1.1311689342098612,-0.12784827974611956,-0.06297476655901424,0.6666666666666666,0.9941939350120185,-0.7701652664120251,0.346018591024154,0.38888888888888884
cap150_composite,25.0,2018-03-31_2019-02-28,12,0.3684427824188137,0.045204178762284775,0.3684427824188137,0.045204178762284775,0.3232386036565289,0.2736166672126407,1.278534653851765,-0.12784827974611956,-0.032589089243883484,0.6666666666666666,0.9035905558901648,-1.504427293658912,0.5149717927017752,0.4166666666666667
cap150_composite,25.0,2018-04-30_2019-03-31,12,0.053322913856760135,0.07686204312787948,0.053322913856760135,0.07686204312787948,-0.02353912927111934,0.22335116263837798,0.33212979752668703,-0.15720564201624498,-0.031039511736595693,0.5833333333333334,-0.013607250447177442,-0.7450985814423525,0.1404184271840625,0.4444444444444444
cap150_composite,25.0,2018-05-31_2019-04-30,12,-0.19210154280081015,0.03769148450195714,-0.19210154280081015,0.03769148450195714,-0.2297930273027673,0.19199038008036873,-1.0109546951020072,-0.25571201074788585,-0.04957195403333192,0.5,-1.1091459154420613,0.07315520996734919,-0.1802556494224118,0.5
cap150_composite,25.0,2018-06-30_2019-05-31,12,-0.15079595993658745,0.09645960452265201,-0.15079595993658745,0.09645960452265201,-0.24725556445923946,0.2264878896616936,-0.6135014992777192,-0.25571201074788574,-0.04957195403333203,0.5,-1.1070701344825016,0.8579396881602347,-0.20042360639553025,0.5277777777777778
cap150_composite,25.0,2018-07-31_2019-06-30,12,-0.14832217802269188,0.07648721996967378,-0.14832217802269188,0.07648721996967378,-0.22480939799236566,0.2267608295992535,-0.599834226913933,-0.1922561055058194,-0.04957195403333203,0.5833333333333334,-0.999180232447613,0.8430134356316386,-0.1839045024566992,0.5277777777777778
cap150_composite,25.0,2018-08-31_2019-07-31,12,0.000203084506290363,0.051509897202665744,0.000203084506290363,0.051509897202665744,-0.05130681269637538,0.2316749858786828,0.10649563915971806,-0.19007053299951604,-0.04957195403333203,0.6666666666666666,-0.13228577130264382,0.7344920603702436,-0.015008582393887804,0.5
cap150_composite,25.0,2018-09-30_2019-08-31,12,0.012026271727263671,0.032217370272061396,0.012026271727263671,0.032217370272061396,-0.020191098544797725,0.23171099536678277,0.15735664237209193,-0.18631161955957132,-0.05569706120271434,0.6666666666666666,0.002274871981666641,0.6428010321679359,0.013436369123699166,0.49999999999999994
cap150_composite,25.0,2018-10-31_2019-09-30,12,0.07022062133898488,0.0680196854801034,0.07022062133898488,0.0680196854801034,0.002200935858881481,0.2338871766232703,0.3981276039746619,-0.18631161955957132,-0.05569706120271445,0.6666666666666666,0.10224693776017153,0.6588625192941417,0.048165846504682364,0.5277777777777777
cap150_composite,25.0,2018-11-30_2019-10-31,12,0.11734250532862123,-0.007313909877188718,0.11734250532862123,-0.007313909877188718,0.12465641520580995,0.22887605822616428,0.5921518079280907,-0.1863116195595712,-0.07977064350808971,0.75,0.6484182587393372,0.878136458177392,0.14771558116292227,0.5277777777777778
cap150_composite,25.0,2018-12-31_2019-11-30,12,0.1857827116566435,0.01695714726683817,0.1857827116566435,0.01695714726683817,0.16882556438980534,0.2481389496300821,0.8047624813102394,-0.18631161955957132,-0.07977064350808971,0.75,0.8080959758801863,1.1237687643274081,0.19030118003962704,0.5
cap150_composite,25.0,2019-01-31_2019-12-31,12,0.07370125566217567,-0.0907583313333864,0.07370125566217567,-0.0907583313333864,0.16445958699556207,0.279527842734866,0.3841175208156557,-0.18631161955957132,-0.08173242622854304,0.75,0.9306427452212781,2.154366334235853,0.34699624249887284,0.5277777777777778
cap150_composite,25.0,2019-02-28_2020-01-31,12,-0.041825359902630366,-0.15374678206850467,-0.041825359902630366,-0.15374678206850467,0.1119214221658743,0.29971928146051985,-0.004113140373875479,-0.20336071246221865,-0.157070533612218,0.6666666666666666,0.7324635194222959,1.9025990345432666,0.345279598406929,0.49999999999999994
cap150_composite,25.0,2019-03-31_2020-02-29,12,-0.025167535893901527,-0.2983301643039218,-0.025167535893901527,-0.2983301643039218,0.27316262841002026,0.30124190234163134,0.05451654616364979,-0.20336071246221865,-0.2968733323797681,0.6666666666666666,1.2152427857295962,0.622824515584595,0.2459922443916862,0.5277777777777778
cap150_composite,25.0,2019-04-30_2020-03-31,12,-0.3473486111298978,-0.26938100433105683,-0.3473486111298978,-0.26938100433105683,-0.07796760679884096,0.4864363243129888,-0.5922509701976012,-0.4922588425970126,-0.2897384073692094,0.6666666666666666,0.0014052886835728554,-0.0126694807812836,-0.2557341446548219,0.47222222222222227
cap150_composite,25.0,2019-05-31_2020-04-30,12,-0.231627512679059,-0.23441422140073764,-0.231627512679059,-0.23441422140073764,0.0027867087216786324,0.47896770108420567,-0.2745638148448921,-0.49225884259701247,-0.2897384073692094,0.75,0.21281777721931638,-0.009227931461338558,-0.12584598857916196,0.5
cap150_composite,25.0,2019-06-30_2020-05-31,12,-0.28634489670768415,-0.22854562482453433,-0.28634489670768415,-0.22854562482453433,-0.057799271883149816,0.45874769949687116,-0.462649414491743,-0.49225884259701236,-0.2897384073692095,0.75,0.044378900314499474,-0.08383370221852554,-0.20880202061512287,0.5277777777777778
cap150_composite,25.0,2019-07-31_2020-06-30,12,-0.19696978350810557,-0.1941752572672133,-0.19696978350810557,-0.1941752572672133,-0.00279452624089227,0.4836159050981365,-0.1774813812133272,-0.49225884259701236,-0.2827760862119635,0.75,0.20116656337331723,0.1375986401092162,-0.058059894578538884,0.5555555555555556
cap150_composite,25.0,2019-08-31_2020-07-31,12,-0.3177784748519731,-0.1722348942847023,-0.3177784748519731,-0.1722348942847023,-0.1455435805672708,0.4781986111602943,-0.5199300885501463,-0.49225884259701247,-0.27948217627529803,0.6666666666666666,-0.1641922483557769,0.07703851515663707,-0.212119440489817,0.5555555555555555
cap150_composite,25.0,2019-09-30_2020-08-31,12,-0.35840813274595085,-0.21057570090232802,-0.35840813274595085,-0.21057570090232802,-0.14783243184362282,0.47788792700214067,-0.6460220941052568,-0.49225884259701247,-0.27948217627529803,0.6666666666666666,-0.19332177731587258,0.11037695728734868,-0.25112562161586394,0.5555555555555556
cap150_composite,25.0,2019-10-31_2020-09-30,12,-0.24749341946208847,-0.1766274605970889,-0.24749341946208847,-0.1766274605970889,-0.07086595886499958,0.5361035916904626,-0.23988717328280454,-0.49225884259701236,-0.2794821762752979,0.6666666666666666,0.0663202082567157,0.3870951443682922,-0.0628656914241481,0.5833333333333334
cap150_composite,25.0,2019-11-30_2020-10-31,12,-0.17116122466664918,-0.06643817837031618,-0.17116122466664918,-0.06643817837031618,-0.104723046296333,0.549055241547542,-0.048431676259288375,-0.49225884259701236,-0.2794821762752979,0.6666666666666666,0.016797002222917558,0.5192239019940684,-0.007987515531488243,0.5833333333333334
cap150_composite,25.0,2019-12-31_2020-11-30,12,-0.09466316586650525,-0.050871312509224054,-0.09466316586650525,-0.050871312509224054,-0.043791853357281196,0.5809367669751287,0.1308436951660282,-0.4258962175046055,-0.2358764964179022,0.6666666666666666,0.1672977035581098,0.6401170647780553,0.09134166308960068,0.5833333333333334
cap150_composite,25.0,2020-01-31_2020-12-31,12,0.1910675903502701,-0.013079995771551722,0.1910675903502701,-0.013079995771551722,0.20414758612182182,0.5840755895778864,0.6080324798034027,-0.3831351758171615,-0.16758179221927783,0.75,0.5750571347253337,0.4997453795456421,0.4058460859874453,0.5555555555555555
cap150_composite,25.0,2020-02-29_2021-01-31,12,0.7613667651914529,0.14471568274700242,0.7613667651914529,0.14471568274700242,0.6166510824444504,0.6371244066266247,1.2343485540806907,-0.3831351758171615,-0.07033476780972703,0.8333333333333334,0.9883083083379263,0.5957672808215031,0.9514144551775616,0.5555555555555555
cap150_composite,25.0,2020-03-31_2021-02-28,12,0.7081334325761268,0.3187076559568369,0.7081334325761268,0.3187076559568369,0.3894257766192899,0.6396129152676204,1.1807250704833077,-0.12755667864356912,-0.07033476780972703,0.8333333333333334,0.763049688089647,1.2464542201755198,0.4686622995516634,0.5555555555555555
cap150_composite,25.0,2020-04-30_2021-03-31,12,1.721880661229807,0.2712264885896778,1.721880661229807,0.2712264885896778,1.4506541726401292,0.43223893133726016,2.594179689648376,-0.12755667864356923,-0.07033476780972714,0.8333333333333334,2.4519083664225945,1.6091374279640673,0.9947591747557003,0.5833333333333333
cap150_composite,25.0,2020-05-31_2021-04-30,12,1.7630401393066313,0.2511461011810818,1.7630401393066313,0.2511461011810818,1.5118940381255495,0.43038857948063186,2.641862764448233,-0.12755667864356934,-0.07033476780972703,0.8333333333333334,2.5598588165856193,1.5846774184766157,1.0854684086183086,0.5555555555555555
cap150_composite,25.0,2020-06-30_2021-05-31,12,1.8523770746756436,0.22018559574957508,1.8523770746756436,0.22018559574957508,1.6321914789260685,0.4281222364894894,2.7353696480872594,-0.12755667864356923,-0.07033476780972703,0.8333333333333334,2.7687567323037316,1.6114104043609152,1.2244980592308221,0.49999999999999994
cap150_composite,25.0,2020-07-31_2021-06-30,12,2.5082822311815782,0.1787337447456181,2.5082822311815782,0.1787337447456181,2.32954848643596,0.522728226036088,2.7399322869529104,-0.05100589721037285,-0.07033476780972703,0.8333333333333334,2.7260700515758254,1.621401978532625,1.9813091625680097,0.5
cap150_composite,25.0,2020-08-31_2021-07-31,12,2.8941076115477222,0.17406019021811336,2.8941076115477222,0.17406019021811336,2.7200474213296086,0.48922851048478755,3.1342088466465285,-0.01703672352811747,-0.0471551797914731,0.9166666666666666,3.2375386096632357,1.6486434100092164,2.273787988499584,0.49999999999999994
cap150_composite,25.0,2020-09-30_2021-08-31,12,2.2351811622870064,0.29094300690606567,2.2351811622870064,0.29094300690606567,1.9442381553809407,0.5725111943201883,2.397794052506391,-0.2115862860692197,-0.0471551797914731,0.8333333333333334,2.0462697080861227,1.4403340274298477,1.5863464559293474,0.5
cap150_composite,25.0,2020-10-31_2021-09-30,12,1.5536956251948313,0.285307502281577,1.5536956251948313,0.285307502281577,1.2683881229132543,0.5775591206896292,1.9311305793007947,-0.23947747988704005,-0.04715517979147299,0.75,1.5234835778649807,1.0319366998173178,1.2628477743261168,0.47222222222222215
cap150_composite,25.0,2020-11-30_2021-10-31,12,1.4230822255564686,0.164192612882329,1.4230822255564686,0.164192612882329,1.2588896126741396,0.5787591820725421,1.829236597794834,-0.23947747988704027,-0.04715517979147299,0.75,1.6160152654278317,1.4645216488942625,1.2231580222759604,0.5
cap150_composite,25.0,2020-12-31_2021-11-30,12,0.9246354045637093,0.10075285366229347,0.9246354045637093,0.10075285366229347,0.8238825509014158,0.5732814608604456,1.4109974437113848,-0.23947747988704016,-0.04715517979147321,0.6666666666666666,1.2599296145181578,1.1592119117847444,0.959892535198291,0.49999999999999994
cap150_composite,25.0,2021-01-31_2021-12-31,12,0.9819461667964404,0.1311417024200292,0.9819461667964404,0.1311417024200292,0.8508044643764112,0.5806189376577069,1.4528387578791335,-0.23947747988704005,-0.04715517979147299,0.6666666666666666,1.269184923679982,1.5915931698938763,0.8656856999105706,0.49999999999999994
cap150_composite,25.0,2021-02-28_2022-01-31,12,0.8057329708846181,0.1035559333431273,0.8057329708846181,0.1035559333431273,0.7021770375414909,0.5324525727245963,1.361836815507722,-0.23947747988704005,-0.008710521467504728,0.6666666666666666,1.1681653240623775,0.408681693507804,0.9439735007249614,0.49999999999999994
cap150_composite,25.0,2021-03-31_2022-02-28,12,0.735945833347807,0.1814244316261513,0.735945833347807,0.1814244316261513,0.5545214017216558,0.5384632844463166,1.2747185442809925,-0.23947747988704005,-0.008710521467504728,0.5833333333333334,0.9467654859334821,-0.6185623371631815,1.1516819480489553,0.44444444444444436
cap150_composite,25.0,2021-04-30_2022-03-31,12,1.0082673596167804,0.2056999327796627,1.0082673596167804,0.2056999327796627,0.8025674268371177,0.5373496567167457,1.564323471286265,-0.23947747988704005,-0.008710521467504728,0.6666666666666666,1.191836310224913,-0.810342694324363,1.6001132456926195,0.44444444444444436
cap150_composite,25.0,2021-05-31_2022-04-30,12,1.2640734415564698,0.20202014645819677,1.2640734415564698,0.20202014645819677,1.062053295098273,0.5500262225765994,1.7726886411352965,-0.23947747988704016,-0.011058901373715124,0.6666666666666666,1.3938871028948476,-1.829146723853558,2.4896312885326153,0.4166666666666666
cap150_composite,25.0,2021-06-30_2022-05-31,12,0.5502696529232345,0.1547230806668567,0.5502696529232345,0.1547230806668567,0.3955465722563778,0.6447299124972053,0.9807555139884251,-0.2557033307247818,-0.04389760737316839,0.5833333333333334,0.7651429496720731,1.6737172870750083,0.4614668486218685,0.4166666666666666
cap150_composite,25.0,2021-07-31_2022-06-30,12,0.12694182851624447,0.14515293481688385,0.12694182851624447,0.14515293481688385,-0.01821110630063938,0.524113019272638,0.4786536270079329,-0.2557033307247818,-0.04389760737316839,0.5833333333333334,0.21841729501148643,1.5455010689795734,0.0365452308884231,0.38888888888888884
cap150_composite,25.0,2021-08-31_2022-07-31,12,0.004186517273248924,0.16719366722844042,0.004186517273248924,0.16719366722844042,-0.1630071499551915,0.5358757828435866,0.2607215878420172,-0.3127531656275948,-0.04389760737316839,0.5,-0.0356417253150846,1.0734360318970086,-0.03007150913346357,0.4444444444444444
cap150_composite,25.0,2021-09-30_2022-08-31,12,0.35382596294922886,0.11990803732841937,0.35382596294922886,0.11990803732841937,0.23391792562080949,0.47835116379836445,0.8659447368216293,-0.31275316562759503,-0.04389760737316817,0.5833333333333334,0.6341789967738775,1.1335675518611972,0.320719680835452,0.4444444444444445
cap150_composite,25.0,2021-10-31_2022-09-30,12,0.33302241981802205,0.07700156092153554,0.33302241981802205,0.07700156092153554,0.2560208588964865,0.48093660643175495,0.8304687034392575,-0.3127531656275949,-0.04389760737316828,0.5833333333333334,0.6968472836865615,2.029159699105937,0.27221296603243217,0.4444444444444445
cap150_composite,25.0,2021-11-30_2022-10-31,12,0.10900885025788165,0.0837751064100245,0.10900885025788165,0.0837751064100245,0.02523374384785715,0.5056255069391451,0.4405981714310582,-0.39331806233571553,-0.04389760737316839,0.5,0.28825830109636963,2.4449759915526896,0.019481487870283587,0.4444444444444444
cap150_composite,25.0,2021-12-31_2022-11-30,12,0.007033240813585806,0.04089310124175727,0.007033240813585806,0.04089310124175727,-0.03385986042817146,0.5234349012051658,0.2561729633377969,-0.4686600585707842,-0.052330809109684795,0.5,0.18420755404877923,2.7355824299838565,0.015575220665196232,0.47222222222222227
cap150_composite,25.0,2022-01-31_2022-12-31,12,-0.16036946233092975,0.03139589518781816,-0.16036946233092975,0.03139589518781816,-0.1917653575187479,0.482067856526671,-0.1350175164059288,-0.46919079687374476,-0.0538908420070876,0.5,-0.2204179236751211,2.6055122916043105,-0.14368582845979716,0.5277777777777778
cap150_composite,25.0,2022-02-28_2023-01-31,12,-0.2662797543275648,-0.006523085673795559,-0.2662797543275648,-0.006523085673795559,-0.25975666865376923,0.4273884252794874,-0.5104802585754292,-0.46919079687374476,-0.053890842007087936,0.5,-0.5192807477125507,1.6446980781195197,-0.1922077921089198,0.5833333333333334
cap150_composite,25.0,2022-03-31_2023-02-28,12,-0.17343360347225478,-0.03763942955797195,-0.17343360347225478,-0.03763942955797195,-0.13579417391428283,0.438844042000742,-0.21939543112950527,-0.46919079687374476,-0.05860315994470999,0.5833333333333334,-0.14226148253635304,2.0158794231158343,-0.023111428351962227,0.611111111111111
cap150_composite,25.0,2022-04-30_2023-03-31,12,-0.3051879639851297,-0.0433257664262765,-0.3051879639851297,-0.0433257664262765,-0.2618621975588532,0.40990453369390617,-0.6770934800920227,-0.46919079687374476,-0.052003665957635614,0.5,-0.5822066433849585,1.0342690339162195,-0.2103717549985834,0.6388888888888888
cap150_composite,25.0,2022-05-31_2023-04-30,12,-0.5779678126118885,-0.07213752035282106,-0.5779678126118885,-0.07213752035282106,-0.5058302922590674,0.41128406247236576,-1.8106177477413883,-0.4416161513683159,-0.07596598010903766,0.4166666666666667,-1.7713192166612828,2.6795452361066787,-0.4315529174143198,0.6388888888888888
cap150_composite,25.0,2022-06-30_2023-05-31,12,-0.33275673991139987,-0.0361282154897381,-0.33275673991139987,-0.0361282154897381,-0.29662852442166177,0.41648360604371537,-0.749665921353995,-0.441616151368316,-0.07596598010903755,0.5,-0.7014719820127225,2.202105434381512,-0.21231728946437067,0.6944444444444443
cap150_composite,25.0,2022-07-31_2023-06-30,12,-0.2814461587159116,-0.0028433046031512976,-0.2814461587159116,-0.0028433046031512976,-0.2786028541127603,0.432001104561265,-0.541976973092952,-0.4222629701993863,-0.07596598010903743,0.5,-0.5827608399007645,2.339100144316918,-0.21105089417524137,0.7222222222222222
cap150_composite,25.0,2022-08-31_2023-07-31,12,-0.24049142418210967,-0.031389184091800915,-0.24049142418210967,-0.031389184091800915,-0.20910224009030876,0.4257458679689551,-0.42821083472133753,-0.4222629701993862,-0.0655917893195096,0.5,-0.3951190873292379,3.3355037704747463,-0.08134291755143419,0.6666666666666666
cap150_composite,25.0,2022-09-30_2023-08-31,12,-0.07850735045161727,-0.014331580574544756,-0.07850735045161727,-0.014331580574544756,-0.06417576987707252,0.5208528706880976,0.08521825237223185,-0.3917282032073054,-0.06559178931950937,0.5,0.11586700246785574,3.7893253399884235,0.09381045451910741,0.6666666666666666
cap150_composite,25.0,2022-10-31_2023-09-30,12,-0.13098202804368153,-0.04883569016310929,-0.13098202804368153,-0.04883569016310929,-0.08214633788057224,0.5296918441581744,-0.018313518742892162,-0.3091440417830217,-0.06327241269436523,0.5,0.0768027152558094,4.037127063448793,0.197254875972666,0.6944444444444445
cap150_composite,25.0,2022-11-30_2023-10-31,12,0.011498487886922204,-8.074453772832779e-05,0.011498487886922204,-8.074453772832779e-05,0.011579232424650532,0.5119516525901577,0.26108599480629036,-0.3091440417830217,-0.04084242285001627,0.5,0.2748884283364812,2.7882911531575614,0.13025781784391666,0.6388888888888888
cap150_composite,25.0,2022-12-31_2023-11-30,12,-0.3585030333115149,0.06162621592425688,-0.3585030333115149,0.06162621592425688,-0.4201292492357718,0.6777322826424645,-0.2754848731246272,-0.4936394943427035,-0.04084242285001627,0.5,-0.37191779091838356,0.9330589823788441,-0.22003762944504102,0.611111111111111
cap150_composite,25.0,2023-01-31_2023-12-31,12,-0.3658852506328293,0.05389394652891433,-0.3658852506328293,0.05389394652891433,-0.4197791971617436,0.6775603358338674,-0.29252198564778265,-0.4999665552631277,-0.04084242285001627,0.4166666666666667,-0.37827322961940646,0.920857205790229,-0.22323707085326805,0.611111111111111
cap150_composite,25.0,2023-02-28_2024-01-31,12,-0.39952037454023637,0.06910062416905749,-0.39952037454023637,0.06910062416905749,-0.46862099870929386,0.6729003453157596,-0.3781468536148693,-0.4999665552631276,-0.04084242285001627,0.3333333333333333,-0.48744276612934423,0.9933434192803393,-0.2804453732030696,0.5833333333333333
cap150_composite,25.0,2023-03-31_2024-02-29,12,-0.3490150133273764,0.07105311702696282,-0.3490150133273764,0.07105311702696282,-0.4200681303543392,0.694482288556485,-0.23497269594871975,-0.4999665552631276,-0.04084242285001627,0.3333333333333333,-0.3416268414630079,0.9030655868150327,-0.20613864971438245,0.6388888888888888
cap150_composite,25.0,2023-04-30_2024-03-31,12,-0.31533379491987346,0.04605177038880415,-0.31533379491987346,0.04605177038880415,-0.3613855653086776,0.6938734158060812,-0.16390198253207158,-0.4999665552631277,-0.028914327222309355,0.4166666666666667,-0.23582838497987554,0.9197630191592308,-0.14754269623091454,0.638888888888889
cap150_composite,25.0,2023-05-31_2024-04-30,12,-0.06773621580164624,0.05087612226469651,-0.06773621580164624,0.05087612226469651,-0.11861233806634275,0.6301288209675984,0.23429330942521798,-0.4999665552631276,-0.04720745865673304,0.5,0.14647573346536769,-0.7323468667315699,0.2033968550068166,0.638888888888889
cap150_composite,25.0,2023-06-30_2024-05-31,12,-0.20727624089505103,0.06029804021364593,-0.20727624089505103,0.06029804021364593,-0.26757428110869697,0.6040606294948843,-0.04718008865244182,-0.4999665552631277,-0.04720745865673304,0.4166666666666667,-0.14642320955757865,-0.7180653429923216,0.016275778433687327,0.611111111111111
cap150_composite,25.0,2023-07-31_2024-06-30,12,-0.249000847613137,0.046802268590376395,-0.249000847613137,0.046802268590376395,-0.2958031162035134,0.5967870105613148,-0.14420302022782178,-0.4999665552631275,-0.04720745865673304,0.4166666666666667,-0.2190916685100309,-1.2218081112855,-0.02594324519349056,0.6111111111111112
cap150_composite,25.0,2023-08-31_2024-07-31,12,-0.2554050800782873,0.10318514893952901,-0.2554050800782873,0.10318514893952901,-0.35859022901781634,0.5973182506994885,-0.15779606911477492,-0.4999665552631277,-0.04720745865673315,0.4166666666666667,-0.31673758051482453,-1.1046400237533514,0.01967360514807992,0.611111111111111
cap150_composite,25.0,2023-09-30_2024-08-31,12,-0.4739250377785226,0.08473288946892565,-0.4739250377785226,0.08473288946892565,-0.5586579272474482,0.5043691257825926,-0.9372613490313557,-0.4514957514120438,-0.04720745865673315,0.3333333333333333,-1.0649470435635686,-0.525746728820422,-0.35283772676882474,0.638888888888889
cap150_composite,25.0,2023-10-31_2024-09-30,12,-0.36105627649756855,0.12170948346779942,-0.36105627649756855,0.12170948346779942,-0.48276575996536797,0.5139169503294506,-0.5459078310397331,-0.4514957514120438,-0.047207458656732815,0.4166666666666667,-0.7425454872239109,-0.9596035904878233,-0.15387231239490184,0.611111111111111
cap150_composite,25.0,2023-11-30_2024-10-31,12,-0.4146006412346668,0.004734660022875703,-0.4146006412346668,0.004734660022875703,-0.4193353012575425,0.5135442535366863,-0.7123861576743202,-0.13175280454292504,-0.07254414974326939,0.4166666666666667,-0.6970208681391158,-0.6651910851792594,-0.3055337036941509,0.611111111111111
cap150_composite,25.0,2023-12-31_2024-11-30,12,0.18670129177142236,-0.026522408525777696,0.18670129177142236,-0.026522408525777696,0.21322370029720006,0.2716679513146551,0.7534626332625673,-0.13175280454292482,-0.07702368625268241,0.5,0.8270615108945796,0.44324563312087384,0.2367522910794302,0.6388888888888888
cap150_composite,25.0,2024-01-31_2024-12-31,12,0.11627834533745807,-0.013699490369203038,0.11627834533745807,-0.013699490369203038,0.1299778357066611,0.28463353519725737,0.5132554333404517,-0.13175280454292504,-0.07702368625268208,0.5,0.5354606421529842,0.37682863104756964,0.16007601834080676,0.5833333333333333
cap150_composite,25.0,2024-02-29_2025-01-31,12,-0.24206304477737606,-0.14290566323586873,-0.24206304477737606,-0.14290566323586873,-0.09915738154150733,0.43646314887805016,-0.40393012431582276,-0.3718181057752773,-0.18252959118595857,0.5,-0.09601235228993771,1.778293980554839,0.07850331355546958,0.5833333333333334
cap150_composite,25.0,2024-03-31_2025-02-28,12,-0.5284000530031853,-0.10676537761977256,-0.5284000530031853,-0.10676537761977256,-0.4216346753834127,0.4502213761286476,-1.3787373161813734,-0.5401763564130776,-0.1825295911859588,0.4166666666666667,-1.2572997288760135,1.0864986647775134,-0.4076174612677118,0.5555555555555556
cap150_composite,25.0,2024-04-30_2025-03-31,12,-0.5800998035617301,-0.06461005552580057,-0.5800998035617301,-0.06461005552580057,-0.5154897480359295,0.44846334839261426,-1.629900260485396,-0.5883920180703721,-0.18252959118595868,0.3333333333333333,-1.611250127494487,0.9186524805378224,-0.5046543642420743,0.5555555555555556
cap150_composite,25.0,2024-05-31_2025-04-30,12,-0.563975357076239,0.02942056800377868,-0.563975357076239,0.02942056800377868,-0.5933959250800177,0.4541563430237437,-1.5262602781517403,-0.5883920180703721,-0.18252959118595857,0.25,-1.7843624540676204,1.068397855641267,-0.5341607723067706,0.5833333333333334
cap150_composite,25.0,2024-06-30_2025-05-31,12,-0.4823285135010722,-0.019239253194651806,-0.4823285135010722,-0.019239253194651806,-0.4630892603064204,0.5150056968011942,-0.9821104640060396,-0.5883920180703721,-0.18252959118595835,0.3333333333333333,-1.0016608119284063,0.718111670839586,-0.40177869071159233,0.5555555555555556
cap150_composite,25.0,2024-07-31_2025-06-30,12,-0.5201514373678369,0.03150250800801424,-0.5201514373678369,0.03150250800801424,-0.5516539453758511,0.5079903583910629,-1.144679726485558,-0.5849630226161043,-0.1825295911859589,0.25,-1.2529146137046625,0.5605439309951145,-0.46476955465790926,0.5277777777777778
cap150_composite,25.0,2024-08-31_2025-07-31,12,-0.5507109837543847,0.02082724764079913,-0.5507109837543847,0.02082724764079913,-0.5715382313951838,0.5114249596865977,-1.2556552011332252,-0.5849630226161042,-0.1720911800730176,0.25,-1.330669496170565,0.5012111925193027,-0.4935173491715693,0.5277777777777777
cap150_composite,25.0,2024-09-30_2025-08-31,12,-0.4197240492601644,0.07082064647411035,-0.4197240492601644,0.07082064647411035,-0.4905446957342747,0.558246581538525,-0.6744950967121573,-0.5849630226161043,-0.1720911800730176,0.3333333333333333,-0.841698007503255,0.623427676228904,-0.35483372551284065,0.49999999999999994
cap150_composite,25.0,2024-10-31_2025-09-30,12,-0.3477634952426556,0.07787885846139209,-0.3477634952426556,0.07787885846139209,-0.4256423537040477,0.6041075482014313,-0.3999693945038752,-0.5849630226161043,-0.11858833109117162,0.3333333333333333,-0.5634952363773416,0.6655825909944107,-0.26463403404027896,0.5555555555555555
cap150_composite,25.0,2024-11-30_2025-10-31,12,-0.30614046543546936,0.1960061542824556,-0.30614046543546936,0.1960061542824556,-0.502146619717925,0.6019425520666492,-0.30254972804391933,-0.5849630226161042,-0.11795970406671652,0.3333333333333333,-0.6367468033364904,0.6515408167187641,-0.26934117388491463,0.5555555555555555
cap150_composite,25.0,2024-12-31_2025-11-30,12,-0.34578370033915795,0.22133541890163522,-0.34578370033915795,0.22133541890163522,-0.5671191192407932,0.5887791396923058,-0.41857735765134896,-0.5531965905003258,-0.11795970406671652,0.3333333333333333,-0.8073511868182851,0.7669082038973851,-0.3430208651333283,0.5277777777777777
cap150_composite,25.0,2025-01-31_2025-12-31,12,-0.44889250623676424,0.17166648362633885,-0.44889250623676424,0.17166648362633885,-0.6205589898631031,0.6198741797077669,-0.6337590017499148,-0.3447630603272669,-0.03669877287899381,0.3333333333333333,-0.963066409462606,1.000992503485296,-0.4418259840614275,0.5277777777777777
cap150_composite,25.0,2025-02-28_2026-01-31,12,-0.3576468680715512,0.31334945156909844,-0.3576468680715512,0.31334945156909844,-0.6709963196406497,0.5715740230760481,-0.4897893194620313,-0.37807086263108813,-0.04758367670999886,0.3333333333333333,-0.9553008393133485,-0.148376743378541,-0.2136746563304348,0.5277777777777777
cap150_composite,25.0,2025-03-31_2026-02-28,12,-0.41035402137915145,0.08257309459079365,-0.41035402137915145,0.08257309459079365,-0.4929271159699451,0.6019703843358426,-0.5648336044201334,-0.5821077830829737,-0.18488813271044613,0.3333333333333333,-0.8139178276008745,1.3084869720618677,-0.3817167822659763,0.5277777777777778
cap150_composite,25.0,2025-04-30_2026-03-31,12,-0.23232311908741643,0.028079656548997578,-0.23232311908741643,0.028079656548997578,-0.260402775636414,0.6247320762931051,-0.111638114409507,-0.5821077830829737,-0.19546042589812018,0.4166666666666667,-0.2078209962787937,1.3181829731742807,-0.12522292870170548,0.5555555555555556
cap150_composite,25.0,2025-05-31_2026-04-30,12,-0.40842728016629026,-0.14610708694572017,-0.40842728016629026,-0.14610708694572017,-0.2623201932205701,0.6565656625154827,-0.463262267583687,-0.6164926287952361,-0.29138146686445754,0.4166666666666667,-0.3014317159185678,1.4873392548898867,-0.10313096126284516,0.5833333333333334
cap150_composite,25.0,2025-06-30_2026-05-31,12,-0.6356176793306492,-0.18541351506394133,-0.6356176793306492,-0.18541351506394133,-0.4502041642667079,0.6533571931167991,-1.1638373654179843,-0.7193701643674704,-0.34737666250868915,0.3333333333333333,-1.0959959392510141,1.7579162937852661,-0.3684237118841994,0.6388888888888888
cap150_composite,25.0,2025-07-31_2026-06-30,12,-0.5049308524871347,-0.1667764227923394,-0.5049308524871347,-0.1667764227923394,-0.33815442969479526,0.7505242917905378,-0.5542593717463208,-0.7193701643674706,-0.34737666250868904,0.4166666666666667,-0.4560477315828613,2.314861042770508,-0.06364200223593242,0.6666666666666666
cap150_composite,25.0,2025-08-31_2026-07-31,11,-0.4451312716310837,-0.20361006057922837,-0.4740616768362599,-0.2199234939209873,-0.25413818291527257,0.7826996626615166,-0.4295798067054893,-0.7193701643674705,-0.34737666250868904,0.45454545454545453,-0.20464557839618533,2.5663984840389915,0.24000714548276858,0.696969696969697
mlp_rank,25.0,2015-02-28_2016-01-31,12,0.0,-0.12464244015822579,0.0,-0.12464244015822579,0.12464244015822579,0.0,,0.0,-0.2346154234110902,0.5,0.7692360062999882,0.0,0.0,0.0
mlp_rank,25.0,2015-03-31_2016-02-29,12,0.0,-0.12200466014015787,0.0,-0.12200466014015787,0.12200466014015787,0.0,,0.0,-0.1902603904171294,0.5,0.7474014716436923,0.0,0.0,0.0
mlp_rank,25.0,2015-04-30_2016-03-31,12,0.0,-0.048726200591690305,0.0,-0.048726200591690305,0.048726200591690305,0.0,,0.0,-0.19026039041712928,0.5,0.2945970850581079,0.0,0.0,0.0
mlp_rank,25.0,2015-05-31_2016-04-30,12,0.0,-0.08042168629585977,0.0,-0.08042168629585977,0.08042168629585977,0.0,,0.0,-0.13984875260474772,0.5833333333333334,0.5552293857372526,0.0,0.0,0.0
mlp_rank,25.0,2015-06-30_2016-05-31,12,0.0,0.021583559353247406,0.0,0.021583559353247406,-0.021583559353247406,0.0,,0.0,-0.12048239811387595,0.5,-0.22352456975877635,0.0,0.0,0.0
mlp_rank,25.0,2015-07-31_2016-06-30,12,0.0,0.08609325121736311,0.0,0.08609325121736311,-0.08609325121736311,0.0,,0.0,-0.06335332759593715,0.4166666666666667,-0.6835017174473557,0.0,0.0,0.0
mlp_rank,25.0,2015-08-31_2016-07-31,12,0.0,0.19435729107699262,0.0,0.19435729107699262,-0.19435729107699262,0.0,,0.0,-0.010009943632593221,0.3333333333333333,-1.6504690257800025,0.0,0.0,0.0
mlp_rank,25.0,2015-09-30_2016-08-31,12,0.0,0.27010420996995776,0.0,0.27010420996995776,-0.27010420996995776,0.0,,0.0,-0.010009943632593332,0.3333333333333333,-3.1921321538999887,0.0,0.0,0.0
mlp_rank,25.0,2015-10-31_2016-09-30,12,0.0,0.2171792753369357,0.0,0.2171792753369357,-0.2171792753369357,0.0,,0.0,-0.010009943632593221,0.3333333333333333,-2.990399217122224,0.0,0.0,0.0
mlp_rank,25.0,2015-11-30_2016-10-31,12,0.0,0.15802517726789156,0.0,0.15802517726789156,-0.15802517726789156,0.0,,0.0,-0.05046191183613391,0.3333333333333333,-1.616240233019667,0.0,0.0,0.0
mlp_rank,25.0,2015-12-31_2016-11-30,12,0.0,0.15325670090751609,0.0,0.15325670090751609,-0.15325670090751609,0.0,,0.0,-0.05046191183613402,0.3333333333333333,-1.5863439736306586,0.0,0.0,0.0
mlp_rank,25.0,2016-01-31_2016-12-31,12,0.0,0.1471553785298949,0.0,0.1471553785298949,-0.1471553785298949,0.0,,0.0,-0.05046191183613402,0.4166666666666667,-1.5190734285942011,0.0,0.0,0.0
mlp_rank,25.0,2016-02-29_2017-01-31,12,0.0,0.12910312615333996,0.0,0.12910312615333996,-0.12910312615333996,0.0,,0.0,-0.05046191183613391,0.4166666666666667,-1.3864377865559228,0.0,0.0,0.0
mlp_rank,25.0,2016-03-31_2017-02-28,12,0.0,0.1492046756740173,0.0,0.1492046756740173,-0.1492046756740173,0.0,,0.0,-0.05046191183613402,0.4166666666666667,-1.537107484845639,0.0,0.0,0.0
mlp_rank,25.0,2016-04-30_2017-03-31,12,0.0,0.17503808646495478,0.0,0.17503808646495478,-0.17503808646495478,0.0,,0.0,-0.05046191183613402,0.3333333333333333,-1.7924897036559229,0.0,0.0,0.0
mlp_rank,25.0,2016-05-31_2017-04-30,12,0.0,0.19627580709932912,0.0,0.19627580709932912,-0.19627580709932912,0.0,,0.0,-0.05046191183613402,0.25,-2.0531682735968855,0.0,0.0,0.0
mlp_rank,25.0,2016-06-30_2017-05-31,12,0.0,0.16211773486732262,0.0,0.16211773486732262,-0.16211773486732262,0.0,,0.0,-0.05046191183613402,0.25,-1.8505590970176535,0.0,0.0,0.0
mlp_rank,25.0,2016-07-31_2017-06-30,12,0.0,0.11985678631409691,0.0,0.11985678631409691,-0.11985678631409691,0.0,,0.0,-0.05046191183613402,0.25,-1.483791488963511,0.0,0.0,0.0
mlp_rank,25.0,2016-08-31_2017-07-31,12,0.0,0.08878533946639733,0.0,0.08878533946639733,-0.08878533946639733,0.0,,0.0,-0.05046191183613402,0.25,-1.178963154453938,0.0,0.0,0.0
mlp_rank,25.0,2016-09-30_2017-08-31,12,0.0,0.09996258200034913,0.0,0.09996258200034913,-0.09996258200034913,0.0,,0.0,-0.05046191183613402,0.16666666666666666,-1.3337702635233109,0.0,0.0,0.0
mlp_rank,25.0,2016-10-31_2017-09-30,12,0.0,0.1075588143605537,0.0,0.1075588143605537,-0.1075588143605537,0.0,,0.0,-0.0004923640702735321,0.16666666666666666,-1.4170583545789386,0.0,0.0,0.0
mlp_rank,25.0,2016-11-30_2017-10-31,12,0.0,0.1559996199134983,0.0,0.1559996199134983,-0.1559996199134983,0.0,,0.0,-0.008932388259170088,0.16666666666666666,-3.396369689056473,0.0,0.0,0.0
mlp_rank,25.0,2016-12-31_2017-11-30,12,0.0,0.19992461049678534,0.0,0.19992461049678534,-0.19992461049678534,0.0,,0.0,-0.008932388259169977,0.16666666666666666,-2.6817886502407284,0.0,0.0,0.0
mlp_rank,25.0,2017-01-31_2017-12-31,12,0.0,0.24773371905633135,0.0,0.24773371905633135,-0.24773371905633135,0.0,,0.0,-0.008932388259170088,0.08333333333333333,-3.1914908218284626,0.0,0.0,0.0
mlp_rank,25.0,2017-02-28_2018-01-31,12,0.2891028162441449,0.22472528642954592,0.2891028162441449,0.22472528642954592,0.06437752981459899,0.2891028162441449,0.9999999999999999,0.0,-0.008932388259170088,0.16666666666666666,0.2592919141726903,-1.080571453743637,0.6519552707090366,0.08333333333333333
mlp_rank,25.0,2017-03-31_2018-02-28,12,0.18519053818928555,0.11150665310004948,0.18519053818928555,0.11150665310004948,0.07368388508923607,0.30710783943435543,0.678897031042109,-0.08060821584240441,-0.06307407298992962,0.16666666666666666,0.30809654998623554,0.26387305057570193,0.1945945545402572,0.1111111111111111
mlp_rank,25.0,2017-04-30_2018-03-31,12,0.2590748128989413,0.054403018339003184,0.2590748128989413,0.054403018339003184,0.2046717945599381,0.30957757066408914,0.8748507685627295,-0.08060821584240441,-0.09250223900477905,0.25,0.6529179916274477,0.11633685213613949,0.2983949541002109,0.19444444444444442
mlp_rank,25.0,2017-05-31_2018-04-30,12,0.23753865870063096,0.042771960341875914,0.23753865870063096,0.042771960341875914,0.19476669835875504,0.3114050839791925,0.8147889781253627,-0.08060821584240441,-0.09416874157139277,0.25,0.6333674297041135,0.1467143668740585,0.2766382019342384,0.2222222222222222
mlp_rank,25.0,2017-06-30_2018-05-31,12,0.2231507764004239,-0.005226881237519021,0.2231507764004239,-0.005226881237519021,0.22837765763794293,0.31248142751830293,0.7747763562165135,-0.08060821584240441,-0.12207676452647664,0.3333333333333333,0.745996623341379,0.2452134465869221,0.27057644346083265,0.27777777777777773
mlp_rank,25.0,2017-07-31_2018-06-30,12,0.20824753954451314,0.0163507796990916,0.20824753954451314,0.0163507796990916,0.19189675984542154,0.3135752503435363,0.7332176912888435,-0.08060821584240441,-0.12207676452647676,0.3333333333333333,0.632725853168547,0.18080642370191702,0.25072512474250064,0.3055555555555555
mlp_rank,25.0,2017-08-31_2018-07-31,12,0.2891264788493757,0.02633003466478856,0.2891264788493757,0.02633003466478856,0.26279644418458714,0.31624672524562414,0.9386910433892982,-0.08060821584240441,-0.12207676452647653,0.4166666666666667,0.8046848942666981,0.2216254809913473,0.3313732815482373,0.3611111111111111
mlp_rank,25.0,2017-09-30_2018-08-31,12,0.16597407081583326,0.012828519177035869,0.16597407081583326,0.012828519177035869,0.1531455516387974,0.338074747485414,0.5955082357295963,-0.09553167206949587,-0.12207676452647664,0.4166666666666667,0.526033471412187,0.30814962523347555,0.21386793051223885,0.4166666666666667
mlp_rank,25.0,2017-10-31_2018-09-30,12,0.16147623222307517,-0.028994428060318933,0.16147623222307517,-0.028994428060318933,0.1904706602833941,0.3383055153190896,0.5836993699165024,-0.09902073126310784,-0.12207676452647676,0.5,0.6397747679587209,0.3614897557959573,0.22623570920982017,0.47222222222222227
mlp_rank,25.0,2017-11-30_2018-10-31,12,0.1941545519876262,0.017470333624036494,0.1941545519876262,0.017470333624036494,0.17668421836358972,0.33798233820695617,0.6675019690197814,-0.09902073126310784,-0.12207676452647676,0.4166666666666667,0.5818506297736115,0.34388790948124076,0.2400816313956724,0.5277777777777778
mlp_rank,25.0,2017-12-31_2018-11-30,12,0.10173140181774754,-0.025356283802123625,0.10173140181774754,-0.025356283802123625,0.12708768561987116,0.3512790333414771,0.42190838898161964,-0.14536593585362523,-0.12207676452647687,0.4166666666666667,0.4740860374184516,0.3758497343757641,0.16745064028921108,0.5555555555555556
mlp_rank,25.0,2018-01-31_2018-12-31,12,0.4307773859933679,-0.01099995180484914,0.4307773859933679,-0.01099995180484914,0.44177733779821704,0.45227017059524377,0.9880602735429893,-0.14536593585362523,-0.12095719505337177,0.5,1.0844823774416632,1.6687207581448396,0.5631868911940408,0.638888888888889
mlp_rank,25.0,2018-02-28_2019-01-31,12,0.09118867782704054,-0.023323412109537922,0.09118867782704054,-0.023323412109537922,0.11451208993657847,0.36059488111489585,0.39076349266104465,-0.14536593585362556,-0.06297476655901424,0.4166666666666667,0.5059923781827341,1.696878522325828,0.18440523487627059,0.6388888888888888
mlp_rank,25.0,2018-03-31_2019-02-28,12,0.051415974111888474,0.045204178762284775,0.051415974111888474,0.045204178762284775,0.006211795349603699,0.37135403869009903,0.2892022710178546,-0.14536593585362567,-0.032589089243883484,0.4166666666666667,0.17416327646642266,1.7790596751409613,0.02146563606404328,0.6944444444444443
mlp_rank,25.0,2018-04-30_2019-03-31,12,-0.012593394206922515,0.07686204312787948,-0.012593394206922515,0.07686204312787948,-0.08945543733480199,0.36681449456458004,0.11646770644800111,-0.14536593585362545,-0.031039511736595693,0.3333333333333333,-0.10796631125883514,2.4069006082594013,-0.13524094689704913,0.6944444444444443
mlp_rank,25.0,2018-05-31_2019-04-30,12,-0.040046401405163023,0.03769148450195714,-0.040046401405163023,0.03769148450195714,-0.07773788590712016,0.3695020850060882,0.04166272950843712,-0.16969634797861877,-0.04957195403333192,0.3333333333333333,-0.08035234899136202,2.127103075381627,-0.07039056317687742,0.6944444444444445
mlp_rank,25.0,2018-06-30_2019-05-31,12,0.05783336112279369,0.09645960452265201,0.05783336112279369,0.09645960452265201,-0.03862624339985832,0.3792749431609786,0.306300320107587,-0.1696963479786191,-0.04957195403333203,0.3333333333333333,0.059977405553895226,2.513984749714437,-0.11898679107168098,0.6666666666666666
mlp_rank,25.0,2018-07-31_2019-06-30,12,0.022088135197523062,0.07648721996967378,0.022088135197523062,0.07648721996967378,-0.05439908477215072,0.382826399897092,0.21626715400130284,-0.169696347978619,-0.04957195403333203,0.3333333333333333,0.01532961097324073,2.6618084887422926,-0.11719298468726924,0.6666666666666666
mlp_rank,25.0,2018-08-31_2019-07-31,12,0.03928468220735182,0.051509897202665744,0.03928468220735182,0.051509897202665744,-0.012225214995313927,0.3863027563034958,0.26079010355982435,-0.1696963479786191,-0.04957195403333203,0.3333333333333333,0.13600330750829698,2.3908180852884136,-0.02838333478455246,0.6944444444444443
mlp_rank,25.0,2018-09-30_2019-08-31,12,0.08719836155447669,0.032217370272061396,0.08719836155447669,0.032217370272061396,0.05498099128241529,0.37618278225741364,0.3786516647838649,-0.1696963479786191,-0.05569706120271434,0.3333333333333333,0.3228759425002019,2.2716504917321334,0.06250486408933442,0.6944444444444443
mlp_rank,25.0,2018-10-31_2019-09-30,12,0.12169439561278694,0.0680196854801034,0.12169439561278694,0.0680196854801034,0.053674710132683545,0.3760689920871621,0.46281170193870624,-0.1696963479786191,-0.05569706120271445,0.3333333333333333,0.3161680375140945,2.4529315405778127,0.0028598909123846994,0.6666666666666666
mlp_rank,25.0,2018-11-30_2019-10-31,12,0.018382262403548122,-0.007313909877188718,0.018382262403548122,-0.007313909877188718,0.02569617228073684,0.384159798081097,0.20656545350774919,-0.169696347978619,-0.07977064350808971,0.3333333333333333,0.249591902455915,2.7019759459123467,0.09239868139466267,0.6666666666666666
mlp_rank,25.0,2018-12-31_2019-11-30,12,0.09377790673362041,0.01695714726683817,0.09377790673362041,0.01695714726683817,0.07682075946678224,0.3737974450658686,0.3950236949940013,-0.169696347978619,-0.07977064350808971,0.3333333333333333,0.3951713881639258,2.3211612754037962,0.10213082454699851,0.6944444444444445
mlp_rank,25.0,2019-01-31_2019-12-31,12,-0.2558245129649033,-0.0907583313333864,-0.2558245129649033,-0.0907583313333864,-0.16506618163151687,0.22952992667234232,-1.165122719239149,-0.24306250359266424,-0.08173242622854304,0.25,-0.89404928015408,1.1684806829302867,-0.15056781261893437,0.6944444444444443
mlp_rank,25.0,2019-02-28_2020-01-31,12,-0.23801527258075605,-0.15374678206850467,-0.23801527258075605,-0.15374678206850467,-0.08426849051225138,0.23133543454742977,-1.0543240511903647,-0.20527408988528484,-0.157070533612218,0.3333333333333333,-0.38168825665419664,0.61008149602036,-0.13767678195654165,0.6666666666666666
mlp_rank,25.0,2019-03-31_2020-02-29,12,-0.19961859809704086,-0.2983301643039218,-0.19961859809704086,-0.2983301643039218,0.09871156620688093,0.215345412872633,-0.9253165150118112,-0.2555600352492382,-0.2968733323797681,0.4166666666666667,0.6198946363454425,0.5244596835620811,-0.025874545918611824,0.638888888888889
mlp_rank,25.0,2019-04-30_2020-03-31,12,-0.2986812044800553,-0.26938100433105683,-0.2986812044800553,-0.26938100433105683,-0.02930020014899848,0.24036724447861096,-1.3427076566592524,-0.3492218133259568,-0.2897384073692094,0.4166666666666667,-0.12331336775003104,0.2906263462310953,-0.21432144580529555,0.6111111111111112
mlp_rank,25.0,2019-05-31_2020-04-30,12,-0.28207764346566033,-0.23441422140073764,-0.28207764346566033,-0.23441422140073764,-0.04766342206492269,0.23963011882780577,-1.2524306055173131,-0.36341494598329627,-0.2897384073692094,0.4166666666666667,-0.20746257363622006,0.28157698438233253,-0.20865364498718686,0.6666666666666666
mlp_rank,25.0,2019-06-30_2020-05-31,12,-0.12689763530658482,-0.22854562482453433,-0.12689763530658482,-0.22854562482453433,0.10164798951794951,0.4141070772231351,-0.15623585420299954,-0.36341494598329616,-0.2897384073692095,0.4166666666666667,0.42196046583524865,0.5984702538795147,0.07861166822474264,0.7222222222222223
mlp_rank,25.0,2019-07-31_2020-06-30,12,-0.06946424162933107,-0.1941752572672133,-0.06946424162933107,-0.1941752572672133,0.12471101563788223,0.4122178930458986,-0.004645011337250231,-0.36341494598329616,-0.2827760862119635,0.4166666666666667,0.4698053061625868,0.5963180293094849,0.11736840581681429,0.7777777777777777
mlp_rank,25.0,2019-08-31_2020-07-31,12,-0.0677575757819624,-0.1722348942847023,-0.0677575757819624,-0.1722348942847023,0.10447731850273989,0.41267030066509053,0.00018175675422274119,-0.3453613898309934,-0.27948217627529803,0.4166666666666667,0.41223066134151853,0.6350243234618742,0.10879522383054696,0.7777777777777777
mlp_rank,25.0,2019-09-30_2020-08-31,12,-0.07195667904867475,-0.21057570090232802,-0.07195667904867475,-0.21057570090232802,0.13861902185365327,0.4132984019203202,-0.010130250887417935,-0.3453613898309934,-0.27948217627529803,0.5,0.5189412545322221,0.6516812012757058,0.13983654669591528,0.75
mlp_rank,25.0,2019-10-31_2020-09-30,12,-0.09224701191651197,-0.1766274605970889,-0.09224701191651197,-0.1766274605970889,0.08438044868057692,0.4122413588125921,-0.0646637630214916,-0.29868176956742765,-0.2794821762752979,0.4166666666666667,0.3468343643280548,0.5957775964149956,0.07401409844160467,0.7777777777777777
mlp_rank,25.0,2019-11-30_2020-10-31,12,0.1801577579162621,-0.06643817837031618,0.1801577579162621,-0.06643817837031618,0.24659593628657828,0.4572586995942722,0.5542947129237412,-0.2922471637484755,-0.2794821762752979,0.5,0.706707354505904,0.8058882655717341,0.32182972998697434,0.7777777777777777
mlp_rank,25.0,2019-12-31_2020-11-30,12,0.8030888312988256,-0.050871312509224054,0.8030888312988256,-0.050871312509224054,0.8539601438080496,0.6694596954629776,1.159882098828026,-0.20429366055719256,-0.2358764964179022,0.5833333333333334,1.3758904018283027,1.315164868161191,1.1705718470516313,0.75
mlp_rank,25.0,2020-01-31_2020-12-31,12,0.9072436520720324,-0.013079995771551722,0.9072436520720324,-0.013079995771551722,0.9203236478435841,0.6562091250197537,1.2610821709133433,-0.20429366055719256,-0.16758179221927783,0.5833333333333334,1.4066812932329054,1.2485994785293297,1.1765675767045511,0.7222222222222222
mlp_rank,25.0,2020-02-29_2021-01-31,12,0.889837509181763,0.14471568274700242,0.889837509181763,0.14471568274700242,0.7451218264347605,0.6572240658843445,1.2451559250763762,-0.14488060265567282,-0.07033476780972703,0.5,1.1070339084488,1.1849580944223,0.8331996932113026,0.7222222222222222
mlp_rank,25.0,2020-03-31_2021-02-28,12,1.0973452114577085,0.3187076559568369,1.0973452114577085,0.3187076559568369,0.7786375555008715,0.6416322445596911,1.4346525916171564,-0.06774195126222138,-0.07033476780972703,0.5,1.068375467671961,1.6919700887964129,0.5192004609212679,0.7222222222222222
mlp_rank,25.0,2020-04-30_2021-03-31,12,1.4229150141752744,0.2712264885896778,1.4229150141752744,0.2712264885896778,1.1516885255855966,0.6083949484144376,1.7360739653130015,-0.06774195126222116,-0.07033476780972714,0.5833333333333334,1.4789193399198324,1.8719651287104744,0.7596577470276815,0.75
mlp_rank,25.0,2020-05-31_2021-04-30,12,1.432377165246952,0.2511461011810818,1.432377165246952,0.2511461011810818,1.18123106406587,0.6076541925096389,1.7444769529925568,-0.06774195126222138,-0.07033476780972703,0.5833333333333334,1.5251795775366785,1.887550666814366,0.8105040085961825,0.7222222222222222
mlp_rank,25.0,2020-06-30_2021-05-31,12,0.8326647875466036,0.22018559574957508,0.8326647875466036,0.22018559574957508,0.6124791917970285,0.5545903075407346,1.3225256559844119,-0.06774195126222127,-0.07033476780972703,0.5,1.076868515799691,1.8008788005154936,0.4101598669289128,0.7222222222222222
mlp_rank,25.0,2020-07-31_2021-06-30,12,1.0412313341425605,0.1787337447456181,1.0412313341425605,0.1787337447456181,0.8624975893969424,0.5566716536858825,1.5255397062495755,-0.06774195126222127,-0.07033476780972703,0.5833333333333334,1.3970194473818054,1.9396799478248061,0.6383022625325538,0.6944444444444445
mlp_rank,25.0,2020-08-31_2021-07-31,12,0.7352425416175439,0.17406019021811336,0.7352425416175439,0.17406019021811336,0.5611823513994305,0.5750665679182088,1.1934218878519858,-0.07604771228830642,-0.0471551797914731,0.5,1.021898783284443,1.9457124164280566,0.4089667531286618,0.6666666666666666
mlp_rank,25.0,2020-09-30_2021-08-31,12,0.8042966144933825,0.29094300690606567,0.8042966144933825,0.29094300690606567,0.5133536075873169,0.5680477451197771,1.2741537823208502,-0.09509225323348391,-0.0471551797914731,0.4166666666666667,0.9001530770705978,2.211834828607686,0.1428572210474932,0.6944444444444445
mlp_rank,25.0,2020-10-31_2021-09-30,12,0.7674817307994108,0.285307502281577,0.7674817307994108,0.285307502281577,0.48217422851783387,0.5705803954202973,1.23254928870855,-0.10887641456226471,-0.04715517979147299,0.4166666666666667,0.8634295137135999,2.2289180116876293,0.12622093441870041,0.6944444444444445
mlp_rank,25.0,2020-11-30_2021-10-31,12,0.43998793492511434,0.164192612882329,0.43998793492511434,0.164192612882329,0.27579532204278534,0.5478191659982248,0.8733012292372621,-0.11894965734954444,-0.04715517979147299,0.3333333333333333,0.6338981163041475,2.2793823528243995,0.12287023230060234,0.7222222222222223
mlp_rank,25.0,2020-12-31_2021-11-30,12,-0.13903062345317352,0.10075285366229347,-0.13903062345317352,0.10075285366229347,-0.239783477115467,0.20253537880658434,-0.6435723566208811,-0.20248264408524896,-0.04715517979147321,0.25,-1.028668886572947,0.011256870087622429,-0.12383938174190545,0.75
mlp_rank,25.0,2021-01-31_2021-12-31,12,-0.11351530271544175,0.1311417024200292,-0.11351530271544175,0.1311417024200292,-0.24465700513547095,0.19619557031533985,-0.5231942420664583,-0.23254081258387205,-0.04715517979147299,0.25,-1.026234801141077,-0.18231237920692642,-0.07652338357101929,0.75
mlp_rank,25.0,2021-02-28_2022-01-31,12,-0.06879663264015023,0.1035559333431273,-0.06879663264015023,0.1035559333431273,-0.17235256598327753,0.20417423140233276,-0.25630331250895927,-0.23254081258387216,-0.008710521467504728,0.3333333333333333,-0.7018584155455649,-0.01640367601788146,-0.0494999708869569,0.7222222222222223
mlp_rank,25.0,2021-03-31_2022-02-28,12,-0.1057663433430639,0.1814244316261513,-0.1057663433430639,0.1814244316261513,-0.2871907749692152,0.200133500423138,-0.46633626768783026,-0.23254081258387216,-0.008710521467504728,0.25,-1.3219640731956848,0.57192740836068,-0.17453051427803123,0.75
mlp_rank,25.0,2021-04-30_2022-03-31,12,-0.03633002624894366,0.2056999327796627,-0.03633002624894366,0.2056999327796627,-0.24202995902860636,0.22186549442198678,-0.06721662179500482,-0.23254081258387205,-0.008710521467504728,0.25,-0.9489149278792832,0.8653091443736489,-0.1653629155260885,0.7222222222222222
mlp_rank,25.0,2021-05-31_2022-04-30,12,-0.07482802582509562,0.20202014645819677,-0.07482802582509562,0.20202014645819677,-0.2768481722832924,0.22846610158262692,-0.2369880938317835,-0.23254081258387205,-0.011058901373715124,0.25,-1.1076502714542484,1.1528956194196374,-0.23882516544220733,0.7222222222222222
mlp_rank,25.0,2021-06-30_2022-05-31,12,-0.16464238811503185,0.1547230806668567,-0.16464238811503185,0.1547230806668567,-0.31936546878188854,0.24708998912504393,-0.6112250496089997,-0.26269304688263395,-0.04389760737316839,0.25,-1.345147110803292,1.4812742416917903,-0.31289959189994754,0.6944444444444445
mlp_rank,25.0,2021-07-31_2022-06-30,12,-0.2857352282842519,0.14515293481688385,-0.2857352282842519,0.14515293481688385,-0.43088816310113576,0.18937848535135532,-1.6647311451653366,-0.22694625987156547,-0.04389760737316839,0.16666666666666666,-2.8933590457704046,1.425423695127589,-0.4083248920417476,0.7222222222222222
mlp_rank,25.0,2021-08-31_2022-07-31,12,-0.23155255050194834,0.16719366722844042,-0.23155255050194834,0.16719366722844042,-0.39874621773038876,0.18211236180978937,-1.3462848575389812,-0.21537993073106376,-0.04389760737316839,0.16666666666666666,-2.750828700973707,1.393392403196875,-0.37837075438149304,0.6944444444444445
mlp_rank,25.0,2021-09-30_2022-08-31,12,-0.26390493125541026,0.11990803732841937,-0.26390493125541026,0.11990803732841937,-0.38381296858382963,0.18676549741846732,-1.5335182316656508,-0.25251879655231924,-0.04389760737316817,0.16666666666666666,-2.7498352438786595,1.4007706860499705,-0.3682020722445908,0.7222222222222222
mlp_rank,25.0,2021-10-31_2022-09-30,12,-0.22156102125392163,0.07700156092153554,-0.22156102125392163,0.07700156092153554,-0.29856258217545717,0.19788294972564704,-1.1610879054111047,-0.24397267917768062,-0.04389760737316828,0.25,-1.9569292132537266,1.7949951393092973,-0.3118201359176962,0.7222222222222222
mlp_rank,25.0,2021-11-30_2022-10-31,12,-0.2052777001843641,0.0837751064100245,-0.2052777001843641,0.0837751064100245,-0.2890528065943886,0.19984811666349808,-1.0461846872742573,-0.23250028553374813,-0.04389760737316839,0.3333333333333333,-1.830344562507264,1.8207135744850613,-0.30658359786842015,0.6388888888888888
mlp_rank,25.0,2021-12-31_2022-11-30,12,-0.1691811133935086,0.04089310124175727,-0.1691811133935086,0.04089310124175727,-0.21007421463526588,0.1862463794224276,-0.9018376607114732,-0.2365396064745916,-0.052330809109684795,0.3333333333333333,-1.5610395845784857,1.6646196797472907,-0.2154017160012185,0.5833333333333334
mlp_rank,25.0,2022-01-31_2022-12-31,12,-0.1755369032721572,0.03139589518781816,-0.1755369032721572,0.03139589518781816,-0.20693279845997536,0.18740986589506511,-0.9355201323719965,-0.27093454817804896,-0.0538908420070876,0.3333333333333333,-1.5520509398440887,1.7022219444569375,-0.21005602889598252,0.5833333333333334
mlp_rank,25.0,2022-02-28_2023-01-31,12,-0.19514692210183804,-0.006523085673795559,-0.19514692210183804,-0.006523085673795559,-0.18862383642804248,0.17986117690710943,-1.1133464433812692,-0.27093454817804885,-0.053890842007087936,0.3333333333333333,-1.4175349140617077,1.6997248455688805,-0.17715896108548534,0.6111111111111112
mlp_rank,25.0,2022-03-31_2023-02-28,12,-0.12953286487449667,-0.03763942955797195,-0.12953286487449667,-0.03763942955797195,-0.09189343531652472,0.20090948905571349,-0.5943066778154357,-0.27093454817804896,-0.05860315994470999,0.4166666666666667,-0.5032082171649614,1.9018601640228572,-0.04944838971807919,0.5833333333333334
mlp_rank,25.0,2022-04-30_2023-03-31,12,-0.23043848615959006,-0.0433257664262765,-0.23043848615959006,-0.0433257664262765,-0.18711271973331356,0.17098691311068062,-1.4361274557275279,-0.2266854334568158,-0.052003665957635614,0.3333333333333333,-1.3508083797131787,1.2569948109248146,-0.17638963660287632,0.5833333333333334
mlp_rank,25.0,2022-05-31_2023-04-30,12,-0.15014383687897637,-0.07213752035282106,-0.15014383687897637,-0.07213752035282106,-0.0780063165261553,0.176136288777197,-0.835665709481329,-0.14182041062535078,-0.07596598010903766,0.4166666666666667,-0.4276598804616303,0.5095126859336867,-0.1050788966585281,0.5833333333333334
mlp_rank,25.0,2022-06-30_2023-05-31,12,-0.07255765968818939,-0.0361282154897381,-0.07255765968818939,-0.0361282154897381,-0.03642944419845129,0.14914311565610808,-0.4353248836067877,-0.11413553723304215,-0.07596598010903755,0.4166666666666667,-0.18490806801141618,0.002838509622699903,-0.06293590138773553,0.5833333333333334
mlp_rank,25.0,2022-07-31_2023-06-30,12,-0.029303177560363936,-0.0028433046031512976,-0.029303177560363936,-0.0028433046031512976,-0.026459872957212638,0.14743688251145456,-0.13392026532115875,-0.10882541592637662,-0.07596598010903743,0.4166666666666667,-0.12298568494598242,0.15204928709571786,-0.019604915330853623,0.5277777777777778
mlp_rank,25.0,2022-08-31_2023-07-31,12,-0.011218856308983893,-0.031389184091800915,-0.011218856308983893,-0.031389184091800915,0.02017032778281702,0.14800783893137956,-0.008280299766617982,-0.09632891378107922,-0.0655917893195096,0.5,0.17809182774032692,0.2317430055946818,0.005581219556079153,0.5277777777777778
mlp_rank,25.0,2022-09-30_2023-08-31,12,-0.0235386546451245,-0.014331580574544756,-0.0235386546451245,-0.014331580574544756,-0.009207074070579746,0.15368020811956018,-0.0840353127758641,-0.09632891378107922,-0.06559178931950937,0.5,-0.0051857940531245044,0.024699551844728905,-0.012544514342775814,0.47222222222222215
mlp_rank,25.0,2022-10-31_2023-09-30,12,-0.11185626075914568,-0.04883569016310929,-0.11185626075914568,-0.04883569016310929,-0.06302057059603638,0.15413370324565004,-0.6948973978830579,-0.12242978060937493,-0.06327241269436523,0.4166666666666667,-0.35883284137958366,0.15126735922550252,-0.09549344980482422,0.47222222222222215
mlp_rank,25.0,2022-11-30_2023-10-31,12,-0.09549999612184912,-8.074453772832779e-05,-0.09549999612184912,-8.074453772832779e-05,-0.09541925158412079,0.15762321213513691,-0.5615808375660604,-0.12242978060937504,-0.04084242285001627,0.3333333333333333,-0.5555550004937488,0.3372360624972116,-0.08619381788878633,0.49999999999999994
mlp_rank,25.0,2022-12-31_2023-11-30,12,-0.01746036656471106,0.06162621592425688,-0.01746036656471106,0.06162621592425688,-0.07908658248896794,0.15251181719805634,-0.04505737374544813,-0.12242978060937504,-0.04084242285001627,0.4166666666666667,-0.42473392673333304,0.2306561005000455,-0.021307437894234393,0.5555555555555555
mlp_rank,25.0,2023-01-31_2023-12-31,12,0.05474435915742837,0.05389394652891433,0.05474435915742837,0.05389394652891433,0.0008504126285140412,0.14619979231152086,0.43300567498843595,-0.12242978060937504,-0.04084242285001627,0.5,0.04298480102861516,0.13923805532186034,0.056908744544950984,0.5833333333333334
mlp_rank,25.0,2023-02-28_2024-01-31,12,-0.0011954303358490126,0.06910062416905749,-0.0011954303358490126,0.06910062416905749,-0.0702960545049065,0.1491109892624355,0.06073129328001449,-0.12242978060937493,-0.04084242285001627,0.4166666666666667,-0.36450374560610344,0.1051597014184594,0.0016257349965782542,0.5833333333333334
mlp_rank,25.0,2023-03-31_2024-02-29,12,0.05597061822938132,0.07105311702696282,0.05597061822938132,0.07105311702696282,-0.0150824987975815,0.18872448412500015,0.37325308894183395,-0.12242978060937504,-0.04084242285001627,0.4166666666666667,-0.009844385589847751,0.041539366673350106,0.06955470494398996,0.5555555555555555
mlp_rank,25.0,2023-04-30_2024-03-31,12,0.02865294805914953,0.04605177038880415,0.02865294805914953,0.04605177038880415,-0.017398822329654617,0.19649706416597043,0.2318182648727721,-0.12242978060937504,-0.028914327222309355,0.4166666666666667,-0.015460181282876675,0.22167124377528952,0.03530148209333417,0.5277777777777778
mlp_rank,25.0,2023-05-31_2024-04-30,12,-0.00922945891720306,0.05087612226469651,-0.00922945891720306,0.05087612226469651,-0.06010558118189957,0.19224078312871315,0.03750009913926855,-0.12242978060937504,-0.04720745865673304,0.4166666666666667,-0.23828242499143268,0.4822256101445873,-0.018282541019983167,0.49999999999999994
mlp_rank,25.0,2023-06-30_2024-05-31,12,0.013901150002196605,0.06029804021364593,0.013901150002196605,0.06029804021364593,-0.046396890211449326,0.19136558017794242,0.15764077443624092,-0.12242978060937493,-0.04720745865673304,0.4166666666666667,-0.16669456884405143,0.4817816722275857,0.0002058650611322932,0.49999999999999994
mlp_rank,25.0,2023-07-31_2024-06-30,12,0.07885468717761301,0.046802268590376395,0.07885468717761301,0.046802268590376395,0.03205241858723662,0.20605278119958348,0.46164068195611613,-0.12242978060937493,-0.04720745865673304,0.5,0.2339898525037833,0.7568288558075534,0.05965053056346714,0.49999999999999994
mlp_rank,25.0,2023-08-31_2024-07-31,12,0.09244866365291715,0.10318514893952901,0.09244866365291715,0.10318514893952901,-0.010736485286611863,0.20675957852053237,0.5217702321702552,-0.06274689490277086,-0.04720745865673315,0.4166666666666667,0.024472687614223346,0.6347507652782158,0.0433544092094158,0.49999999999999994
mlp_rank,25.0,2023-09-30_2024-08-31,12,0.2695193966037137,0.08473288946892565,0.2695193966037137,0.08473288946892565,0.18478650713478806,0.19560585268909123,1.3192253892427024,-0.06274689490277086,-0.04720745865673315,0.5,0.8404094674281521,0.32973794137265494,0.25536773797685,0.5555555555555555
mlp_rank,25.0,2023-10-31_2024-09-30,12,0.2602723421198194,0.12170948346779942,0.2602723421198194,0.12170948346779942,0.13856285865202,0.19856340794077365,1.2648288338398712,-0.06274689490277086,-0.047207458656732815,0.5,0.6082719301554733,0.08292142106172505,0.26978917384479506,0.5277777777777777
mlp_rank,25.0,2023-11-30_2024-10-31,12,0.16840200012269224,0.004734660022875703,0.16840200012269224,0.004734660022875703,0.16366734009981654,0.20950472911955453,0.8410924052174522,-0.10384242998477389,-0.07254414974326939,0.5833333333333334,0.7772031199897249,0.4231007040291205,0.18616131783063938,0.5555555555555555
mlp_rank,25.0,2023-12-31_2024-11-30,12,0.23616255866045055,-0.026522408525777696,0.23616255866045055,-0.026522408525777696,0.26268496718622825,0.2217467293227626,1.0635014888192043,-0.103842429984774,-0.07702368625268241,0.5833333333333334,1.1358511195569772,0.39407721320533745,0.27377685283778397,0.5277777777777778
mlp_rank,25.0,2024-01-31_2024-12-31,12,0.31076161650184053,-0.013699490369203038,0.31076161650184053,-0.013699490369203038,0.32446110687104357,0.23181347253988246,1.284185651534256,-0.10384242998477389,-0.07702368625268208,0.5833333333333334,1.3046570058935347,0.43283884116010735,0.3468622762072935,0.4444444444444444
mlp_rank,25.0,2024-02-29_2025-01-31,12,0.08899264592963685,-0.14290566323586873,0.08899264592963685,-0.14290566323586873,0.23189830916550558,0.3173061847579065,0.4217020038590231,-0.1952559815314555,-0.18252959118595857,0.5833333333333334,1.115821326929701,1.3292921024433781,0.3743961732914953,0.4444444444444444
mlp_rank,25.0,2024-03-31_2025-02-28,12,-0.09732363875317696,-0.10676537761977256,-0.09732363875317696,-0.10676537761977256,0.009441738866595606,0.2938569146049749,-0.2048461589270453,-0.24360273216029404,-0.1825295911859588,0.5,0.16481176233902578,1.0431099275018831,0.044762128173707616,0.47222222222222227
mlp_rank,25.0,2024-04-30_2025-03-31,12,0.2978876076661876,-0.06461005552580057,0.2978876076661876,-0.06461005552580057,0.3624976631919882,0.4506129810939203,0.7770620191547069,-0.24360273216029404,-0.18252959118595868,0.5833333333333334,1.0646417463738183,1.539858708800263,0.5281637597721633,0.5
mlp_rank,25.0,2024-05-31_2025-04-30,12,0.15059528391529553,0.02942056800377868,0.15059528391529553,0.02942056800377868,0.12117471591151685,0.4717544638026768,0.5010014609312243,-0.24360273216029404,-0.18252959118595857,0.5,0.44718048714588965,1.0971996094684398,0.20523909393837925,0.5
mlp_rank,25.0,2024-06-30_2025-05-31,12,0.13000767549168524,-0.019239253194651806,0.13000767549168524,-0.019239253194651806,0.14924692868633704,0.47265362794914656,0.4619521083595731,-0.24360273216029404,-0.18252959118595835,0.5833333333333334,0.517504011886593,1.096004281707733,0.24687449364917535,0.5
mlp_rank,25.0,2024-07-31_2025-06-30,12,0.12111634227608659,0.03150250800801424,0.12111634227608659,0.03150250800801424,0.08961383426807235,0.4715394521221339,0.4450407342011902,-0.24360273216029416,-0.1825295911859589,0.5,0.3746937993602582,0.9980851654510933,0.17315178234262896,0.49999999999999994
mlp_rank,25.0,2024-08-31_2025-07-31,12,0.08748275142564621,0.02082724764079913,0.08748275142564621,0.02082724764079913,0.06665550378484708,0.47198519786145365,0.3794495954919156,-0.24360273216029404,-0.1720911800730176,0.5,0.326395579901441,0.9876003683344162,0.15084572766743687,0.5555555555555555
mlp_rank,25.0,2024-09-30_2025-08-31,12,-0.015101970306456991,0.07082064647411035,-0.015101970306456991,0.07082064647411035,-0.08592261678056734,0.46841312420502285,0.16552344579895734,-0.24360273216029404,-0.1720911800730176,0.4166666666666667,-0.020604867191944404,1.007509067888028,-0.00938189068290407,0.5277777777777778
mlp_rank,25.0,2024-10-31_2025-09-30,12,0.0854464500993235,0.07787885846139209,0.0854464500993235,0.07787885846139209,0.0075675916379314145,0.46343721715283975,0.37444384569211386,-0.24360273216029404,-0.11858833109117162,0.5,0.19175487718436954,1.007972813823748,0.08283892227759693,0.5
mlp_rank,25.0,2024-11-30_2025-10-31,12,0.21226143189527025,0.1960061542824556,0.21226143189527025,0.1960061542824556,0.016255277612814645,0.4607039781818327,0.6183488303933554,-0.24360273216029404,-0.11795970406671652,0.5,0.21163287175072645,1.0404380859207774,0.08415691938869596,0.5
mlp_rank,25.0,2024-12-31_2025-11-30,12,0.13733462748546366,0.22133541890163522,0.13733462748546366,0.22133541890163522,-0.08400079141617156,0.4554184446401591,0.47792561164977926,-0.24360273216029404,-0.11795970406671652,0.5,0.0017083233756048882,1.1071994587398586,-0.022324996928654528,0.5555555555555556
mlp_rank,25.0,2025-01-31_2025-12-31,12,-0.12115270001686673,0.17166648362633885,-0.12115270001686673,0.17166648362633885,-0.2928191836432056,0.4809634944717391,-0.06110437350718092,-0.1600558081213337,-0.03669877287899381,0.4166666666666667,-0.4933258412696029,1.322244438999055,-0.23292463176195244,0.638888888888889
mlp_rank,25.0,2025-02-28_2026-01-31,12,0.10806910705789874,0.31334945156909844,0.10806910705789874,0.31334945156909844,-0.2052803445111997,0.43253363906168035,0.41732047601958094,-0.16005580812133358,-0.04758367670999886,0.5,-0.24758528225018525,1.0253260642456243,-0.104110446109281,0.6666666666666666
mlp_rank,25.0,2025-03-31_2026-02-28,12,0.03495750496984029,0.08257309459079365,0.03495750496984029,0.08257309459079365,-0.04761558962095336,0.44843714091249953,0.2642243598488799,-0.25181417104861836,-0.18488813271044613,0.5833333333333334,0.04515897313155628,0.9590924630096308,0.02248332201560932,0.6666666666666666
mlp_rank,25.0,2025-04-30_2026-03-31,12,-0.2704476999368777,0.028079656548997578,-0.2704476999368777,0.028079656548997578,-0.29852735648587525,0.25731047693922254,-1.0849755086669193,-0.28926894008755943,-0.19546042589812018,0.5,-1.467983763267583,0.6954785923123205,-0.2714620164397009,0.6388888888888888
mlp_rank,25.0,2025-05-31_2026-04-30,12,-0.2145955003268919,-0.14610708694572017,-0.2145955003268919,-0.14610708694572017,-0.06848841338117173,0.24044289367324337,-0.8780317733403291,-0.31978785958111955,-0.29138146686445754,0.5833333333333334,-0.4366518949233306,0.7354587059893318,-0.10849196592185673,0.6388888888888888
mlp_rank,25.0,2025-06-30_2026-05-31,12,-0.24146570593548167,-0.18541351506394133,-0.24146570593548167,-0.18541351506394133,-0.05605219087154034,0.24190764410523,-1.012490081806762,-0.3507274399643744,-0.34737666250868915,0.5833333333333334,-0.3737805391009403,0.7169471657041248,-0.11243380837217132,0.6388888888888888
mlp_rank,25.0,2025-07-31_2026-06-30,12,-0.21785759480043276,-0.1667764227923394,-0.21785759480043276,-0.1667764227923394,-0.05108117200809337,0.25735083428171773,-0.8222814812923297,-0.3507274399643743,-0.34737666250868904,0.5833333333333334,-0.327127619923428,0.7588045688601053,-0.09257505256372334,0.6944444444444443
mlp_rank,25.0,2025-08-31_2026-07-31,11,-0.21357918865700654,-0.20361006057922837,-0.23057004750553067,-0.2199234939209873,-0.010646553584543361,0.2695509908954585,-0.834415804799379,-0.3507274399643743,-0.34737666250868904,0.6363636363636364,-0.050254949452868375,0.7978172915236998,-0.051651769460115626,0.6666666666666666
baseline_mlp_blend_50,25.0,2015-02-28_2016-01-31,12,-0.13397036083818414,-0.12464244015822579,-0.13397036083818414,-0.12464244015822579,-0.009327920679958357,0.1339703608381841,-0.9999999999999999,-0.13397036083818414,-0.2346154234110902,0.5,-0.05563904599018853,-0.25944903734980607,-0.1533595071790268,0.08333333333333333
baseline_mlp_blend_50,25.0,2015-03-31_2016-02-29,12,-0.02354439054263746,-0.12200466014015787,-0.02354439054263746,-0.12200466014015787,0.09846026959752041,0.1931639301801824,-0.033453746110861916,-0.13397036083818414,-0.1902603904171294,0.5833333333333334,0.4275705904815662,-0.11401400435602067,-0.019714496211787114,0.1111111111111111
baseline_mlp_blend_50,25.0,2015-04-30_2016-03-31,12,0.02354137960827596,-0.048726200591690305,0.02354137960827596,-0.048726200591690305,0.07226758019996626,0.19923412100601112,0.20959788128179982,-0.13397036083818414,-0.19026039041712928,0.5833333333333334,0.325879749289247,-0.13920979479804074,0.03666847022301645,0.16666666666666666
baseline_mlp_blend_50,25.0,2015-05-31_2016-04-30,12,0.002964284429573194,-0.08042168629585977,0.002964284429573194,-0.08042168629585977,0.08338597072543297,0.20062661355028097,0.10793795408872556,-0.13397036083818414,-0.13984875260474772,0.5833333333333334,0.3837268682125797,-0.13682343264309882,0.011444332176296479,0.16666666666666666
baseline_mlp_blend_50,25.0,2015-06-30_2016-05-31,12,0.36200138790371184,0.021583559353247406,0.36200138790371184,0.021583559353247406,0.34041782855046443,0.40864209638919885,0.929006557238926,-0.13397036083818414,-0.12048239811387595,0.5833333333333334,0.8874525125700279,0.8247585694995345,0.4194275486406307,0.2222222222222222
baseline_mlp_blend_50,25.0,2015-07-31_2016-06-30,12,0.696381435348695,0.08609325121736311,0.696381435348695,0.08609325121736311,0.6102881841313319,0.4586021748603459,1.3631369713596555,-0.13397036083818414,-0.06335332759593715,0.5833333333333334,1.2360018307031329,1.1652475711189028,0.6620549858685478,0.25
baseline_mlp_blend_50,25.0,2015-08-31_2016-07-31,12,0.9402613734474643,0.19435729107699262,0.9402613734474643,0.19435729107699262,0.7459040823704717,0.46329662986531217,1.6596330090109233,-0.13397036083818414,-0.010009943632593221,0.5833333333333334,1.3367211720134178,1.4440982180182573,0.635464541584364,0.2777777777777778
baseline_mlp_blend_50,25.0,2015-09-30_2016-08-31,12,1.1555858179764695,0.27010420996995776,1.1555858179764695,0.27010420996995776,0.8854816080065118,0.45983152524872867,1.9134821375073112,-0.13397036083818414,-0.010009943632593332,0.5833333333333334,1.4385885896319586,1.879977926254996,0.5124339150530812,0.3333333333333333
baseline_mlp_blend_50,25.0,2015-10-31_2016-09-30,12,1.396571503939437,0.2171792753369357,1.396571503939437,0.2171792753369357,1.1793922286025014,0.45393662874558827,2.1846118173203024,-0.13397036083818414,-0.010009943632593221,0.6666666666666666,1.8504842343582362,3.078520237689605,0.44728741860281174,0.3888888888888889
baseline_mlp_blend_50,25.0,2015-11-30_2016-10-31,12,1.7914948243947793,0.15802517726789156,1.7914948243947793,0.15802517726789156,1.6334696471268877,0.4511112189074509,2.563585348904436,-0.13397036083818414,-0.05046191183613391,0.6666666666666666,2.2543506098902557,0.7748478257320001,1.7085311328255637,0.4166666666666667
baseline_mlp_blend_50,25.0,2015-12-31_2016-11-30,12,1.840056663020317,0.15325670090751609,1.840056663020317,0.15325670090751609,1.686799962112801,0.44737691669325413,2.623869100158799,-0.13397036083818414,-0.05046191183613402,0.6666666666666666,2.3327244002562146,0.8780181642048599,1.7222315155628207,0.4166666666666666
baseline_mlp_blend_50,25.0,2016-01-31_2016-12-31,12,1.9949785336169588,0.1471553785298949,1.9949785336169588,0.1471553785298949,1.8478231550870639,0.4375835745066485,2.807251929668156,-0.020103823439534874,-0.05046191183613402,0.75,2.522901052533396,0.8474525410356645,1.8857379884443972,0.4444444444444444
baseline_mlp_blend_50,25.0,2016-02-29_2017-01-31,12,2.9048708260018823,0.12910312615333996,2.9048708260018823,0.12910312615333996,2.7757676998485423,0.3536023873134172,4.218049263477612,-0.020103823439534985,-0.05046191183613391,0.8333333333333334,4.194021374768457,1.6534839256214144,2.3849920381946466,0.38888888888888884
baseline_mlp_blend_50,25.0,2016-03-31_2017-02-28,12,3.218391761332642,0.1492046756740173,3.218391761332642,0.1492046756740173,3.0691870856586245,0.36587562295366866,4.323981981064155,-0.020103823439534985,-0.05046191183613402,0.8333333333333334,4.316913102442752,1.8053373458054536,2.505494227156401,0.38888888888888884
baseline_mlp_blend_50,25.0,2016-04-30_2017-03-31,12,3.510983625190925,0.17503808646495478,3.510983625190925,0.17503808646495478,3.33594553872597,0.35480573415118644,4.663806427311677,0.0,-0.05046191183613402,0.8333333333333334,4.575713904934832,1.665635136100163,2.684547686810436,0.3333333333333333
baseline_mlp_blend_50,25.0,2016-05-31_2017-04-30,12,3.251031495629106,0.19627580709932912,3.251031495629106,0.19627580709932912,3.054755688529777,0.3854110792351764,4.146941739127487,-0.07657179561835159,-0.05046191183613402,0.8333333333333334,3.872392158761689,1.4439415364909909,2.5370731729403886,0.3611111111111111
baseline_mlp_blend_50,25.0,2016-06-30_2017-05-31,12,1.9569185383053527,0.16211773486732262,1.9569185383053527,0.16211773486732262,1.79480080343803,0.3416022905029307,3.4685885488291084,-0.1277514530583861,-0.05046191183613402,0.75,3.0020641625628794,0.4188880282713181,1.918157083307332,0.36111111111111116
baseline_mlp_blend_50,25.0,2016-07-31_2017-06-30,12,1.204047971498278,0.11985678631409691,1.204047971498278,0.11985678631409691,1.084191185184181,0.3401623811278873,2.5510034064347185,-0.190218411542747,-0.05046191183613402,0.6666666666666666,2.1437824637201675,-0.07159077315663151,1.329369699297656,0.3611111111111111
baseline_mlp_blend_50,25.0,2016-08-31_2017-07-31,12,0.883967366196923,0.08878533946639733,0.883967366196923,0.08878533946639733,0.7951820267305256,0.3426453993559933,2.047753522199069,-0.20830672104878234,-0.05046191183613402,0.5833333333333334,1.7214031937443648,-0.37094591599200183,1.0394708164868254,0.4166666666666667
baseline_mlp_blend_50,25.0,2016-09-30_2017-08-31,12,0.9156087364503582,0.09996258200034913,0.9156087364503582,0.09996258200034913,0.8156461544500091,0.3462536117037431,2.080302529259328,-0.20830672104878234,-0.05046191183613402,0.5833333333333334,1.7365759699225713,-0.2800867932956841,1.0656291914076719,0.4166666666666667
baseline_mlp_blend_50,25.0,2016-10-31_2017-09-30,12,0.8213132752240473,0.1075588143605537,0.8213132752240473,0.1075588143605537,0.7137544608634936,0.3416212140875197,1.9483108857472897,-0.20830672104878234,-0.0004923640702735321,0.5833333333333334,1.5817353393235711,-0.30176854160712074,0.9695591539658837,0.38888888888888884
baseline_mlp_blend_50,25.0,2016-11-30_2017-10-31,12,0.5147885578273972,0.1559996199134983,0.5147885578273972,0.1559996199134983,0.3587889379138989,0.32920536203701783,1.4263199911484803,-0.20830672104878245,-0.008932388259170088,0.5,1.0496593664121339,4.189705450226349,-0.13576775090031634,0.4166666666666667
baseline_mlp_blend_50,25.0,2016-12-31_2017-11-30,12,0.46906374566492715,0.19992461049678534,0.46906374566492715,0.19992461049678534,0.2691391351681418,0.3328296007308808,1.3185169272276431,-0.20830672104878223,-0.008932388259169977,0.5,0.7798524354692838,1.0702650231363693,0.2682555054881721,0.4444444444444444
baseline_mlp_blend_50,25.0,2017-01-31_2017-12-31,12,1.1303124159604985,0.24773371905633135,1.1303124159604985,0.24773371905633135,0.8825786969041671,0.5955717811601732,1.5338377379317047,-0.20830672104878245,-0.008932388259170088,0.5,1.2037046566894247,3.3118396027385573,0.1796464772157369,0.4444444444444444
baseline_mlp_blend_50,25.0,2017-02-28_2018-01-31,12,1.127713438522353,0.22472528642954592,1.127713438522353,0.22472528642954592,0.9029881520928071,0.5954396056257957,1.5318647310883577,-0.20830672104878234,-0.008932388259170088,0.5,1.2296854263811428,2.8674510094992804,0.37007839186195124,0.4166666666666666
baseline_mlp_blend_50,25.0,2017-03-31_2018-02-28,12,0.7104400490008391,0.11150665310004948,0.7104400490008391,0.11150665310004948,0.5989333959007896,0.5810238299823757,1.1587470849826558,-0.20830672104878234,-0.06307407298992962,0.5,1.0089556084850653,1.7313227542880039,0.6019518443235308,0.4166666666666666
baseline_mlp_blend_50,25.0,2017-04-30_2018-03-31,12,0.8265621356027393,0.054403018339003184,0.8265621356027393,0.054403018339003184,0.7721591172637361,0.5950988604356844,1.2592186638708733,-0.14265854649592802,-0.09250223900477905,0.5,1.1814039980928255,0.9995090800565902,0.9570243610504849,0.44444444444444436
baseline_mlp_blend_50,25.0,2017-05-31_2018-04-30,12,1.1387371188989648,0.042771960341875914,1.1387371188989648,0.042771960341875914,1.0959651585570889,0.5754832578186074,1.5763817679497896,-0.09235357086331542,-0.09416874157139277,0.5833333333333334,1.5257713006897826,1.0530627587780101,1.2881503354906751,0.44444444444444436
baseline_mlp_blend_50,25.0,2017-06-30_2018-05-31,12,1.2036382308587847,-0.005226881237519021,1.2036382308587847,-0.005226881237519021,1.2088651120963037,0.5690418372300822,1.6445978622164654,-0.04414371119787974,-0.12207676452647664,0.6666666666666666,1.7084024454639644,1.4016276402967205,1.4594591314279306,0.4166666666666666
baseline_mlp_blend_50,25.0,2017-07-31_2018-06-30,12,1.490176579455,0.0163507796990916,1.490176579455,0.0163507796990916,1.4738257997559083,0.5467891043659657,1.9323034115804782,-0.04414371119787952,-0.12207676452647676,0.75,1.965975986242818,1.2973897833409622,1.6793159313612618,0.4166666666666666
baseline_mlp_blend_50,25.0,2017-08-31_2018-07-31,12,1.412814679126273,0.02633003466478856,1.412814679126273,0.02633003466478856,1.3864846444614845,0.5542704984357829,1.8514237538189546,-0.05271015434804838,-0.12207676452647653,0.75,1.8514130569252034,1.1748775297690734,1.5842050841845494,0.3888888888888889
baseline_mlp_blend_50,25.0,2017-09-30_2018-08-31,12,1.0292894079854005,0.012828519177035869,1.0292894079854005,0.012828519177035869,1.0164608888083646,0.5676025222955794,1.4915895783818467,-0.10000226344776542,-0.12207676452647664,0.6666666666666666,1.5080073128643205,1.241932786715138,1.2160189256115794,0.4166666666666667
baseline_mlp_blend_50,25.0,2017-10-31_2018-09-30,12,0.8833774571350519,-0.028994428060318933,0.8833774571350519,-0.028994428060318933,0.9123718851953708,0.5746179177904888,1.3411062338902835,-0.1170467406245268,-0.12207676452647676,0.6666666666666666,1.4380857741923654,1.3876385268777782,1.173884308750838,0.4444444444444444
baseline_mlp_blend_50,25.0,2017-11-30_2018-10-31,12,0.9416041744392307,0.017470333624036494,0.9416041744392307,0.017470333624036494,0.9241338408151942,0.5699513982973129,1.404635212385104,-0.11819036054081467,-0.12207676452647676,0.6666666666666666,1.3979919558845753,1.0230350899882281,1.1197772088092273,0.4444444444444444
baseline_mlp_blend_50,25.0,2017-12-31_2018-11-30,12,1.0613192334588972,-0.025356283802123625,1.0613192334588972,-0.025356283802123625,1.0866755172610207,0.5638466918518406,1.5277391705588579,-0.11819036054081467,-0.12207676452647687,0.75,1.6498525494693506,1.8888024212974484,1.3811015180918056,0.47222222222222227
baseline_mlp_blend_50,25.0,2018-01-31_2018-12-31,12,0.41794831366581775,-0.01099995180484914,0.41794831366581775,-0.01099995180484914,0.4289482654706669,0.26339243157306474,1.458345463082105,-0.11819036054081478,-0.12095719505337177,0.6666666666666666,1.3696879983918284,0.07292771848425206,0.46001685485530497,0.47222222222222215
baseline_mlp_blend_50,25.0,2018-02-28_2019-01-31,12,0.32468111101794506,-0.023323412109537922,0.32468111101794506,-0.023323412109537922,0.348004523127483,0.2436838853360751,1.2718839527992825,-0.11819036054081489,-0.06297476655901424,0.6666666666666666,1.2242738952822614,0.04908626557400751,0.3591172910866547,0.5555555555555556
baseline_mlp_blend_50,25.0,2018-03-31_2019-02-28,12,0.3869079113961089,0.045204178762284775,0.3869079113961089,0.045204178762284775,0.34170373263382414,0.23835756098773947,1.493276333689402,-0.118190360540815,-0.032589089243883484,0.6666666666666666,1.1517532014074885,-0.2969500223180515,0.44010013840009155,0.5555555555555555
baseline_mlp_blend_50,25.0,2018-04-30_2019-03-31,12,0.14299758087492798,0.07686204312787948,0.14299758087492798,0.07686204312787948,0.0661355377470485,0.15575324444544153,0.9336375488827765,-0.11819036054081489,-0.031039511736595693,0.5833333333333334,0.44924529649718303,0.602661714150036,0.10313284793173993,0.611111111111111
baseline_mlp_blend_50,25.0,2018-05-31_2019-04-30,12,-0.05513688151230556,0.03769148450195714,-0.05513688151230556,0.03769148450195714,-0.0928283660142627,0.17640463104987533,-0.23816639218659383,-0.11823836749794447,-0.04957195403333192,0.5,-0.590374724810016,1.0768731746121805,-0.0832880532366761,0.6388888888888888
baseline_mlp_blend_50,25.0,2018-06-30_2019-05-31,12,0.051338056665542364,0.09645960452265201,0.051338056665542364,0.09645960452265201,-0.045121547857109645,0.1938587346926007,0.34901207438587994,-0.11823836749794459,-0.04957195403333203,0.5,-0.18395734201453687,1.275736548282656,-0.05386349724245576,0.6666666666666666
baseline_mlp_blend_50,25.0,2018-07-31_2019-06-30,12,0.004534667029526762,0.07648721996967378,0.004534667029526762,0.07648721996967378,-0.07195255294014702,0.18797230755842192,0.11148034848723472,-0.11823836749794436,-0.04957195403333203,0.4166666666666667,-0.3710015810535186,1.2223024726072382,-0.07154631393099842,0.6944444444444445
baseline_mlp_blend_50,25.0,2018-08-31_2019-07-31,12,0.15133392415059332,0.051509897202665744,0.15133392415059332,0.051509897202665744,0.09982402694792758,0.19506310131009486,0.8171146269593113,-0.11823836749794447,-0.04957195403333203,0.5,0.6313215534521939,1.1079443263576836,0.10402845369025426,0.6944444444444445
baseline_mlp_blend_50,25.0,2018-09-30_2019-08-31,12,0.11320135496488248,0.032217370272061396,0.11320135496488248,0.032217370272061396,0.08098398469282109,0.20827669331752097,0.614192874804083,-0.11823836749794447,-0.05569706120271434,0.5,0.5359589387039383,1.254153093166416,0.0860573980315873,0.6666666666666666
baseline_mlp_blend_50,25.0,2018-10-31_2019-09-30,12,0.16523183509879624,0.0680196854801034,0.16523183509879624,0.0680196854801034,0.09721214961869284,0.20620521825850968,0.8427352032184406,-0.11823836749794436,-0.05569706120271445,0.5,0.6050998333368042,1.275975156825456,0.08809329508307306,0.6666666666666666
baseline_mlp_blend_50,25.0,2018-11-30_2019-10-31,12,0.11572796333714219,-0.007313909877188718,0.11572796333714219,-0.007313909877188718,0.12304187321433091,0.21396565514562124,0.6138708726385791,-0.11823836749794436,-0.07977064350808971,0.5,0.8170361835368365,1.590013013255753,0.14576645092413387,0.638888888888889
baseline_mlp_blend_50,25.0,2018-12-31_2019-11-30,12,0.1909025858249218,0.01695714726683817,0.1909025858249218,0.01695714726683817,0.17394543855808364,0.23747678155345942,0.8502996037295474,-0.11823836749794436,-0.07977064350808971,0.5,1.030537908530123,1.7383384492866405,0.1774491570321861,0.611111111111111
baseline_mlp_blend_50,25.0,2019-01-31_2019-12-31,12,0.0021961019051626174,-0.0907583313333864,0.0021961019051626174,-0.0907583313333864,0.09295443323854902,0.2672357844461418,0.13187590010174557,-0.11823836749794447,-0.08173242622854304,0.5,0.662873068435601,2.281461950973466,0.2694037378082592,0.611111111111111
baseline_mlp_blend_50,25.0,2019-02-28_2020-01-31,12,-0.1100867223218649,-0.15374678206850467,-0.1100867223218649,-0.15374678206850467,0.04366005974663978,0.2688981962416744,-0.3079138283342953,-0.17182435518915673,-0.157070533612218,0.5,0.42248207618626143,1.7894684061610693,0.22035546745397117,0.5555555555555555
baseline_mlp_blend_50,25.0,2019-03-31_2020-02-29,12,-0.10309315297351296,-0.2983301643039218,-0.10309315297351296,-0.2983301643039218,0.19523701133040883,0.2700641665020456,-0.2767529374377652,-0.17182435518915673,-0.2968733323797681,0.5,0.9635542195417934,0.5356342397650344,0.10693119298049969,0.5833333333333333
baseline_mlp_blend_50,25.0,2019-04-30_2020-03-31,12,-0.20445833671299452,-0.26938100433105683,-0.20445833671299452,-0.26938100433105683,0.06492266761806231,0.2951804161779031,-0.6309120051124242,-0.2512614284808844,-0.2897384073692094,0.5,0.31758191514750767,0.2974457764287728,-0.09583318039514832,0.5277777777777777
baseline_mlp_blend_50,25.0,2019-05-31_2020-04-30,12,-0.22683278239414095,-0.23441422140073764,-0.22683278239414095,-0.23441422140073764,0.007581439006596691,0.30452582976290477,-0.6940999043729965,-0.3495852424459326,-0.2897384073692094,0.5,0.09023342848898783,0.16958278216871334,-0.15752783776961932,0.5277777777777778
baseline_mlp_blend_50,25.0,2019-06-30_2020-05-31,12,-0.2375085455314072,-0.22854562482453433,-0.2375085455314072,-0.22854562482453433,-0.008962920706872879,0.299466132593624,-0.7557583420546337,-0.3495852424459325,-0.2897384073692095,0.5,0.02500696169807079,0.16689610231886895,-0.1718702692057088,0.5555555555555556
baseline_mlp_blend_50,25.0,2019-07-31_2020-06-30,12,-0.1321581405837411,-0.1941752572672133,-0.1321581405837411,-0.1941752572672133,0.062017116683472207,0.3395366089928132,-0.25866648832301337,-0.3495852424459325,-0.2827760862119635,0.5833333333333334,0.28701764859304735,0.37757705630834026,-0.01590328194143098,0.5555555555555556
baseline_mlp_blend_50,25.0,2019-08-31_2020-07-31,12,-0.23542166847894963,-0.1722348942847023,-0.23542166847894963,-0.1722348942847023,-0.06318677419424734,0.3251912116534156,-0.6673481905069365,-0.3495852424459325,-0.27948217627529803,0.5,-0.15407345034416448,0.33679022261068636,-0.15053713379633415,0.5277777777777778
baseline_mlp_blend_50,25.0,2019-09-30_2020-08-31,12,-0.23064951319926996,-0.21057570090232802,-0.23064951319926996,-0.21057570090232802,-0.02007381229694194,0.3240220208206426,-0.6520612918984069,-0.3495852424459326,-0.27948217627529803,0.5,-0.008461900596380429,0.3693056745208409,-0.1263619124980303,0.49999999999999994
baseline_mlp_blend_50,25.0,2019-10-31_2020-09-30,12,-0.09725624864772642,-0.1766274605970889,-0.09725624864772642,-0.1766274605970889,0.07937121194936247,0.39241363603825435,-0.08468398539405776,-0.3495852424459326,-0.2794821762752979,0.5,0.34945718151507443,0.6041532106042002,0.06848343832669168,0.5
baseline_mlp_blend_50,25.0,2019-11-30_2020-10-31,12,0.11951146420672121,-0.06643817837031618,0.11951146420672121,-0.06643817837031618,0.1859496425770374,0.4315048616695475,0.45512974544898416,-0.3495852424459325,-0.2794821762752979,0.5833333333333334,0.603913858712274,0.7824920608504545,0.2489604789289952,0.49999999999999994
baseline_mlp_blend_50,25.0,2019-12-31_2020-11-30,12,0.3624886648383039,-0.050871312509224054,0.3624886648383039,-0.050871312509224054,0.41335997734752794,0.5467643216024132,0.8030185830374333,-0.26526724030605353,-0.2358764964179022,0.5833333333333334,0.9674115100089787,1.0371453340947108,0.5675557464763747,0.5277777777777778
baseline_mlp_blend_50,25.0,2020-01-31_2020-12-31,12,0.7895298026277606,-0.013079995771551722,0.7895298026277606,-0.013079995771551722,0.8026097983993123,0.5332104853273277,1.3437850149494222,-0.23988852325811116,-0.16758179221927783,0.6666666666666666,1.4510239149376682,0.897967698272302,0.9731404048015126,0.5555555555555556
baseline_mlp_blend_50,25.0,2020-02-29_2021-01-31,12,1.6556057327711837,0.14471568274700242,1.6556057327711837,0.14471568274700242,1.5108900500241813,0.6055162676595499,1.9310648143619729,-0.23988852325811127,-0.07033476780972703,0.6666666666666666,1.8394044424326323,1.0591128207346354,1.597316498738044,0.5555555555555555
baseline_mlp_blend_50,25.0,2020-03-31_2021-02-28,12,0.9910180997674363,0.3187076559568369,0.9910180997674363,0.3187076559568369,0.6723104438105993,0.6853773891797217,1.328786855159559,-0.22535583701314854,-0.07033476780972703,0.5833333333333334,1.0489221259219936,2.704266135563404,0.12640515627701077,0.5
baseline_mlp_blend_50,25.0,2020-04-30_2021-03-31,12,1.334800184062932,0.2712264885896778,1.334800184062932,0.2712264885896778,1.0635736954732542,0.6529564971245174,1.6261524157029406,-0.22535583701314854,-0.07033476780972714,0.6666666666666666,1.4872477825119323,2.8629350413005956,0.38668031797588753,0.5555555555555555
baseline_mlp_blend_50,25.0,2020-05-31_2021-04-30,12,1.8891418060407252,0.2511461011810818,1.8891418060407252,0.2511461011810818,1.6379957048596434,0.6082598196929556,2.0847241441188826,-0.22535583701314854,-0.07033476780972703,0.75,2.0850169871993294,2.7050009304058844,0.8321247233652289,0.5277777777777777
baseline_mlp_blend_50,25.0,2020-06-30_2021-05-31,12,2.236474228023896,0.22018559574957508,2.236474228023896,0.22018559574957508,2.016288632274321,0.6131070636811629,2.2776511771404153,-0.22535583701314854,-0.07033476780972703,0.75,2.363228043117884,2.687424527004489,1.2150751340157506,0.47222222222222215
baseline_mlp_blend_50,25.0,2020-07-31_2021-06-30,12,2.272342888399677,0.1787337447456181,2.272342888399677,0.1787337447456181,2.093609143654059,0.6137888149094423,2.2957214473156804,-0.22535583701314854,-0.07033476780972703,0.75,2.4521849698887563,2.7714407218437076,1.4169392401744316,0.44444444444444436
baseline_mlp_blend_50,25.0,2020-08-31_2021-07-31,12,2.394269938049571,0.17406019021811336,2.394269938049571,0.17406019021811336,2.2202097478314577,0.6045626973420808,2.3897082940394987,-0.22535583701314843,-0.0471551797914731,0.75,2.5967522172736186,2.7959385746973586,1.5142539749889834,0.47222222222222215
baseline_mlp_blend_50,25.0,2020-09-30_2021-08-31,12,2.3550599489182993,0.29094300690606567,2.3550599489182993,0.29094300690606567,2.064116942012234,0.6084221331649851,2.3569994752519206,-0.22535583701314865,-0.0471551797914731,0.75,2.2256456556571935,3.0158133416473407,0.8483170613822661,0.47222222222222215
baseline_mlp_blend_50,25.0,2020-10-31_2021-09-30,12,1.6136385530679536,0.285307502281577,1.6136385530679536,0.285307502281577,1.3283310507863766,0.6256445573109778,1.8665067006294278,-0.22535583701314854,-0.04715517979147299,0.6666666666666666,1.6205387759126701,2.623968414215215,0.6017805492014405,0.4444444444444444
baseline_mlp_blend_50,25.0,2020-11-30_2021-10-31,12,1.7663817115513378,0.164192612882329,1.7663817115513378,0.164192612882329,1.6021890986690088,0.6400226595082992,1.932860584460488,-0.22535583701314854,-0.04715517979147299,0.6666666666666666,1.8273101341747415,2.881915763674187,1.1279605022398096,0.47222222222222215
baseline_mlp_blend_50,25.0,2020-12-31_2021-11-30,12,0.9545494607026153,0.10075285366229347,0.9545494607026153,0.10075285366229347,0.8537966070403218,0.5870132987796838,1.4271181199705525,-0.22535583701314854,-0.04715517979147321,0.5833333333333334,1.3202803855548566,2.206525631955445,0.8224417497263339,0.47222222222222227
baseline_mlp_blend_50,25.0,2021-01-31_2021-12-31,12,0.5466822317186197,0.1311417024200292,0.5466822317186197,0.1311417024200292,0.41554052929859053,0.5952152344613449,0.9998236924907622,-0.22535583701314854,-0.04715517979147299,0.5,0.8349261899278686,2.844963252951066,0.25769371266608676,0.47222222222222227
baseline_mlp_blend_50,25.0,2021-02-28_2022-01-31,12,0.21597702429832677,0.1035559333431273,0.21597702429832677,0.1035559333431273,0.11242109095519948,0.4722549896804403,0.6315821036059455,-0.14906625485109748,-0.008710521467504728,0.5,0.42030173435169804,0.8637619097686794,0.23179685042591402,0.5
baseline_mlp_blend_50,25.0,2021-03-31_2022-02-28,12,0.622843182920074,0.1814244316261513,0.622843182920074,0.1814244316261513,0.4414187512939227,0.38562689601229355,1.4456042859615204,-0.14906625485109726,-0.008710521467504728,0.5833333333333334,0.9375455835065554,-2.606792743571162,1.6114617406214005,0.5277777777777778
baseline_mlp_blend_50,25.0,2021-04-30_2022-03-31,12,0.7766351046301434,0.2056999327796627,0.7766351046301434,0.2056999327796627,0.5709351718504807,0.3922323623906899,1.6691756497884935,-0.14906625485109737,-0.008710521467504728,0.5833333333333334,1.1081650522088506,-2.6431928547950827,2.0183634120187857,0.5
baseline_mlp_blend_50,25.0,2021-05-31_2022-04-30,12,0.6146343901887419,0.20202014645819677,0.6146343901887419,0.20202014645819677,0.4126142437305451,0.3988701481512931,1.3956634189483463,-0.14906625485109715,-0.011058901373715124,0.5,0.8819693155684328,-1.7615639345947331,1.3514256233926618,0.5277777777777778
baseline_mlp_blend_50,25.0,2021-06-30_2022-05-31,12,0.14989102873923765,0.1547230806668567,0.14989102873923765,0.1547230806668567,-0.004832051927619041,0.4062112323357418,0.5227345691191602,-0.16766892518847443,-0.04389760737316839,0.4166666666666667,0.1608401684854942,0.6932044981687562,0.11584647106136381,0.5555555555555556
baseline_mlp_blend_50,25.0,2021-07-31_2022-06-30,12,0.16464336354944598,0.14515293481688385,0.16464336354944598,0.14515293481688385,0.019490428732562126,0.4118408061066209,0.5515232743222919,-0.16766892518847432,-0.04389760737316839,0.4166666666666667,0.21361528270010893,0.46763806937698865,0.17471264966922662,0.5833333333333334
baseline_mlp_blend_50,25.0,2021-08-31_2022-07-31,12,0.1474155233568346,0.16719366722844042,0.1474155233568346,0.16719366722844042,-0.019778143871605813,0.41314034468619565,0.5142639081418862,-0.1676689251884742,-0.04389760737316839,0.4166666666666667,0.12947745504329605,0.2997906464419166,0.17798342643877962,0.5555555555555556
baseline_mlp_blend_50,25.0,2021-09-30_2022-08-31,12,0.18013767395892843,0.11990803732841937,0.18013767395892843,0.11990803732841937,0.060229636630509065,0.4067545171213751,0.5863959401190866,-0.16766892518847432,-0.04389760737316817,0.4166666666666667,0.3022856798779511,0.7867647469586929,0.1565749685370461,0.611111111111111
baseline_mlp_blend_50,25.0,2021-10-31_2022-09-30,12,0.2585440124609153,0.07700156092153554,0.2585440124609153,0.07700156092153554,0.18154245153937976,0.3978581855317948,0.7562591874135276,-0.16766892518847443,-0.04389760737316828,0.4166666666666667,0.5881843148640761,1.6884246209936793,0.18494471745182905,0.611111111111111
baseline_mlp_blend_50,25.0,2021-11-30_2022-10-31,12,-0.04200879043577466,0.0837751064100245,-0.04200879043577466,0.0837751064100245,-0.12578389684579916,0.3124700215242621,0.0036135715423305024,-0.16766892518847432,-0.04389760737316839,0.3333333333333333,-0.30015345634597307,2.58941001019498,-0.1945032989004678,0.611111111111111
baseline_mlp_blend_50,25.0,2021-12-31_2022-11-30,12,-0.08706577033624718,0.04089310124175727,-0.08706577033624718,0.04089310124175727,-0.12795887157800445,0.32170841233432,-0.1370490922354097,-0.21721789437016492,-0.052330809109684795,0.3333333333333333,-0.31873353871923976,2.5082794802457244,-0.14259065110656,0.611111111111111
baseline_mlp_blend_50,25.0,2022-01-31_2022-12-31,12,-0.048954938381725266,0.03139589518781816,-0.048954938381725266,0.03139589518781816,-0.08035083356954342,0.31397663428270467,-0.018093947445953894,-0.24971900706982353,-0.0538908420070876,0.3333333333333333,-0.15147057118170504,2.5882733979198465,-0.0901678765633942,0.6111111111111112
baseline_mlp_blend_50,25.0,2022-02-28_2023-01-31,12,-0.07590251336412268,-0.006523085673795559,-0.07590251336412268,-0.006523085673795559,-0.06937942769032712,0.30550622769707186,-0.11982554601342958,-0.24971900706982353,-0.053890842007087936,0.3333333333333333,-0.12303062521119329,2.6081262436692607,-0.025814724077246387,0.638888888888889
baseline_mlp_blend_50,25.0,2022-03-31_2023-02-28,12,-0.07167854775443327,-0.03763942955797195,-0.07167854775443327,-0.03763942955797195,-0.034039118196461327,0.3061645721640602,-0.10413308268329416,-0.24971900706982342,-0.05860315994470999,0.3333333333333333,0.01595655067130469,2.8076937831988067,0.07194996847054869,0.6111111111111112
baseline_mlp_blend_50,25.0,2022-04-30_2023-03-31,12,-0.19502388923499026,-0.0433257664262765,-0.19502388923499026,-0.0433257664262765,-0.15169812280871375,0.27382767859046153,-0.6615104773254857,-0.23198683341871063,-0.052003665957635614,0.25,-0.5608378271602237,2.068030880868653,-0.08990858365270193,0.6111111111111112
baseline_mlp_blend_50,25.0,2022-05-31_2023-04-30,12,-0.2804707734969025,-0.07213752035282106,-0.2804707734969025,-0.07213752035282106,-0.20833325314408147,0.29587713150402634,-0.9626882357881392,-0.2771652204131678,-0.07596598010903766,0.25,-0.8229033474080208,2.3046324588027374,-0.11263971952061735,0.5833333333333334
baseline_mlp_blend_50,25.0,2022-06-30_2023-05-31,12,-0.11355843699873502,-0.0361282154897381,-0.11355843699873502,-0.0361282154897381,-0.07743022150899692,0.2702257957637541,-0.32267352937827243,-0.27716522041316793,-0.07596598010903755,0.3333333333333333,-0.21772053954514595,1.9683416505673734,-0.019162456367627034,0.5833333333333334
baseline_mlp_blend_50,25.0,2022-07-31_2023-06-30,12,-0.20996570026259276,-0.0028433046031512976,-0.20996570026259276,-0.0028433046031512976,-0.20712239565944146,0.201206663589523,-1.0648771365584482,-0.2605257484113318,-0.07596598010903743,0.3333333333333333,-1.3341684687391153,1.5825753934208222,-0.1947516877731369,0.5833333333333334
baseline_mlp_blend_50,25.0,2022-08-31_2023-07-31,12,-0.17981885398071618,-0.031389184091800915,-0.17981885398071618,-0.031389184091800915,-0.14842966988891526,0.20370878571513432,-0.8686915961483715,-0.21391801669496757,-0.0655917893195096,0.4166666666666667,-0.936183123633001,2.0049976884483245,-0.11199525877913241,0.6111111111111112
baseline_mlp_blend_50,25.0,2022-09-30_2023-08-31,12,-0.042444888648378476,-0.014331580574544756,-0.042444888648378476,-0.014331580574544756,-0.02811330807383372,0.2250214270953277,-0.0869432739134004,-0.21391801669496746,-0.06559178931950937,0.5,-0.03982521011196642,1.937910195290534,0.003771584364101299,0.6111111111111112
baseline_mlp_blend_50,25.0,2022-10-31_2023-09-30,12,-0.14320477127634867,-0.04883569016310929,-0.14320477127634867,-0.04883569016310929,-0.09436908111323938,0.24721300180900058,-0.5052358664617744,-0.1772630725316574,-0.06327241269436523,0.5,-0.3802161428391202,2.2031786283947294,-0.02042422190462012,0.638888888888889
baseline_mlp_blend_50,25.0,2022-11-30_2023-10-31,12,-0.02439936899801598,-8.074453772832779e-05,-0.02439936899801598,-8.074453772832779e-05,-0.024318624460287652,0.26229160817562924,0.028914035187221382,-0.14941320563906424,-0.04084242285001627,0.5833333333333334,0.018490010076243246,2.0809461608707367,-0.0003201311605842694,0.611111111111111
baseline_mlp_blend_50,25.0,2022-12-31_2023-11-30,12,-0.23955334521103777,0.06162621592425688,-0.23955334521103777,0.06162621592425688,-0.30117956113529465,0.38319578045126784,-0.507505116717511,-0.3040690766127443,-0.04084242285001627,0.5833333333333334,-0.6898098112910687,0.948520467302378,-0.22697714693007476,0.5555555555555555
baseline_mlp_blend_50,25.0,2023-01-31_2023-12-31,12,-0.20837701943617792,0.05389394652891433,-0.20837701943617792,0.05389394652891433,-0.26227096596509225,0.3823778707376402,-0.40582537767186533,-0.30561740050672515,-0.04084242285001627,0.6666666666666666,-0.564684596023607,0.8809320892570984,-0.18655606667913815,0.5555555555555556
baseline_mlp_blend_50,25.0,2023-02-28_2024-01-31,12,-0.26124790872023484,0.06910062416905749,-0.26124790872023484,0.06910062416905749,-0.33034853288929233,0.37399936093522274,-0.6043057434032465,-0.3127634315084856,-0.04084242285001627,0.5833333333333334,-0.8135056135733836,0.9286966545043754,-0.255646508245327,0.5555555555555555
baseline_mlp_blend_50,25.0,2023-03-31_2024-02-29,12,-0.18134641901836457,0.07105311702696282,-0.18134641901836457,0.07105311702696282,-0.2523995360453274,0.40811867158835907,-0.278549868394669,-0.3127634315084855,-0.04084242285001627,0.5833333333333334,-0.4628007671634986,0.7977950288977343,-0.15864740151243562,0.6111111111111112
baseline_mlp_blend_50,25.0,2023-04-30_2024-03-31,12,-0.2073800197821688,0.04605177038880415,-0.2073800197821688,0.04605177038880415,-0.25343179017097295,0.41064758003648777,-0.3522676950081589,-0.3127634315084855,-0.028914327222309355,0.5833333333333334,-0.4801334712321428,0.8960631895865591,-0.17291179005491408,0.6111111111111112
baseline_mlp_blend_50,25.0,2023-05-31_2024-04-30,12,-0.09255197667511217,0.05087612226469651,-0.09255197667511217,0.05087612226469651,-0.14342809893980868,0.39111112292949574,-0.04641659488006717,-0.31276343150848573,-0.04720745865673304,0.6666666666666666,-0.17913737936426938,0.13040864687282433,-0.024803161201213064,0.611111111111111
baseline_mlp_blend_50,25.0,2023-06-30_2024-05-31,12,-0.16111030647302726,0.06029804021364593,-0.16111030647302726,0.06029804021364593,-0.2214083466866732,0.38782110050129953,-0.2512897514486254,-0.3127634315084856,-0.04720745865673304,0.5833333333333334,-0.40354000765245585,0.10285534830008768,-0.09904850584392866,0.6111111111111112
baseline_mlp_blend_50,25.0,2023-07-31_2024-06-30,12,-0.11586847923854215,0.046802268590376395,-0.11586847923854215,0.046802268590376395,-0.16267074782891855,0.39951300206440626,-0.10337338949319179,-0.3127634315084856,-0.04720745865673304,0.5833333333333334,-0.22320914175584483,0.21841932326040994,-0.05076845526103768,0.5833333333333334
baseline_mlp_blend_50,25.0,2023-08-31_2024-07-31,12,-0.15887911793123344,0.10318514893952901,-0.15887911793123344,0.10318514893952901,-0.26206426687076245,0.40010388248855977,-0.22660677862329173,-0.3127634315084856,-0.04720745865673315,0.5,-0.4698895042048718,-0.0051251265949469865,-0.08650623117498801,0.5555555555555555
baseline_mlp_blend_50,25.0,2023-09-30_2024-08-31,12,-0.2909886161314791,0.08473288946892565,-0.2909886161314791,0.08473288946892565,-0.37572150560040474,0.38784409160757405,-0.6780649309277462,-0.2947631958687871,-0.04720745865673315,0.4166666666666667,-0.8873058518513947,0.28086240831038917,-0.2522677008422126,0.5277777777777778
baseline_mlp_blend_50,25.0,2023-10-31_2024-09-30,12,-0.09158979795069033,0.12170948346779942,-0.09158979795069033,0.12170948346779942,-0.21329928141848975,0.41061874294072337,-0.026977147895697908,-0.2947631958687871,-0.047207458656732815,0.5,-0.3078125364432567,-0.1273738053976314,0.004145264830142326,0.5277777777777778
baseline_mlp_blend_50,25.0,2023-11-30_2024-10-31,12,-0.2035353360911727,0.004734660022875703,-0.2035353360911727,0.004734660022875703,-0.2082699961140484,0.40073773432155235,-0.3621964829092178,-0.10716908820175242,-0.07254414974326939,0.5,-0.3682389283188693,-0.23479553286047858,-0.13379371603240953,0.5277777777777778
baseline_mlp_blend_50,25.0,2023-12-31_2024-11-30,12,0.21290517270355447,-0.026522408525777696,0.21290517270355447,-0.026522408525777696,0.23942758122933216,0.27749073991103884,0.8225867561806343,-0.10716908820175253,-0.07702368625268241,0.5833333333333334,0.9032107444122992,0.5144816797432616,0.2676290886494186,0.5555555555555555
baseline_mlp_blend_50,25.0,2024-01-31_2024-12-31,12,0.32135473086607025,-0.013699490369203038,0.32135473086607025,-0.013699490369203038,0.3350542212352733,0.2842967809230163,1.1167004223107477,-0.10716908820175242,-0.07702368625268208,0.5833333333333334,1.1525962438221498,0.5318467886843902,0.37425142633442365,0.49999999999999994
baseline_mlp_blend_50,25.0,2024-02-29_2025-01-31,12,-0.06250535023055714,-0.14290566323586873,-0.06250535023055714,-0.14290566323586873,0.08040031300531159,0.43190458692265327,0.06936494259281101,-0.2978064995841103,-0.18252959118595857,0.5833333333333334,0.4922314039823726,1.85453349134631,0.33557783662351937,0.47222222222222215
baseline_mlp_blend_50,25.0,2024-03-31_2025-02-28,12,-0.40305634224469145,-0.10676537761977256,-0.40305634224469145,-0.10676537761977256,-0.2962909646249189,0.47535516774373354,-0.8164648720489057,-0.48541534778568407,-0.1825295911859588,0.5,-0.6571296272810737,1.1321430285362986,-0.24298158100036016,0.4444444444444444
baseline_mlp_blend_50,25.0,2024-04-30_2025-03-31,12,-0.14703249402640073,-0.06461005552580057,-0.14703249402640073,-0.06461005552580057,-0.08242243850060016,0.6065585150540278,0.027006647786568225,-0.48541534778568407,-0.18252959118595868,0.5833333333333334,0.12639267181542369,1.6711482267398294,0.11000989334725753,0.4444444444444444
baseline_mlp_blend_50,25.0,2024-05-31_2025-04-30,12,-0.19067720625973206,0.02942056800377868,-0.19067720625973206,0.02942056800377868,-0.22009777426351074,0.6088626836049242,-0.057110638380598995,-0.48541534778568407,-0.18252959118595857,0.5,-0.14074694402600182,1.4247976527493782,-0.09314883266839113,0.4444444444444444
baseline_mlp_blend_50,25.0,2024-06-30_2025-05-31,12,-0.18623928760751574,-0.019239253194651806,-0.18623928760751574,-0.019239253194651806,-0.16700003441286393,0.6086307863554371,-0.04839002701485672,-0.48541534778568407,-0.18252959118595835,0.5833333333333334,-0.04568767589781806,1.4054331796451023,-0.023629626821210836,0.4166666666666666
baseline_mlp_blend_50,25.0,2024-07-31_2025-06-30,12,-0.2995840569831828,0.03150250800801424,-0.2995840569831828,0.03150250800801424,-0.33108656499119704,0.6004039302249488,-0.3036409177150328,-0.48541534778568407,-0.1825295911859589,0.5,-0.40840478991575924,1.0072705433981808,-0.2087339889956631,0.47222222222222215
baseline_mlp_blend_50,25.0,2024-08-31_2025-07-31,12,-0.22404161616900042,0.02082724764079913,-0.22404161616900042,0.02082724764079913,-0.24486886380979955,0.6057433180441204,-0.12906767245153195,-0.48541534778568407,-0.1720911800730176,0.5833333333333334,-0.20700529621901329,1.1747814012191935,-0.11639796714304906,0.5277777777777778
baseline_mlp_blend_50,25.0,2024-09-30_2025-08-31,12,0.1520702108134584,0.07082064647411035,0.1520702108134584,0.07082064647411035,0.08124956433934805,0.7075903099225134,0.5230066488846593,-0.48541534778568407,-0.1720911800730176,0.6666666666666666,0.42996946673452935,1.3681525936420345,0.2832332980858472,0.5277777777777778
baseline_mlp_blend_50,25.0,2024-10-31_2025-09-30,12,0.21319037628022208,0.07787885846139209,0.21319037628022208,0.07787885846139209,0.13531151781883,0.7210435731909208,0.5976872087536748,-0.48541534778568407,-0.11858833109117162,0.6666666666666666,0.5025213535277341,1.3984858211730695,0.3461804157123578,0.5
baseline_mlp_blend_50,25.0,2024-11-30_2025-10-31,12,0.6704283059517817,0.1960061542824556,0.6704283059517817,0.1960061542824556,0.4744221516693261,0.7647142687747938,1.0336660495136976,-0.48541534778568407,-0.11795970406671652,0.6666666666666666,0.8320386475530268,1.6313603403289523,0.5870932565189297,0.5277777777777778
baseline_mlp_blend_50,25.0,2024-12-31_2025-11-30,12,0.8547807026952712,0.22133541890163522,0.8547807026952712,0.22133541890163522,0.633445283793636,0.7777371953649717,1.170685164288768,-0.48541534778568407,-0.11795970406671652,0.6666666666666666,0.9529038345870251,1.6661362170834868,0.7105582720380577,0.5833333333333334
baseline_mlp_blend_50,25.0,2025-01-31_2025-12-31,12,0.3323752850750037,0.17166648362633885,0.3323752850750037,0.17166648362633885,0.16070880144866484,0.8313728025913936,0.7269074562175933,-0.2671754268452474,-0.03669877287899381,0.5833333333333334,0.5595787389676321,2.0023630395655583,0.28283596822993995,0.6666666666666666
baseline_mlp_blend_50,25.0,2025-02-28_2026-01-31,12,0.5180819965241095,0.31334945156909844,0.5180819965241095,0.31334945156909844,0.20473254495501103,0.7914622246604495,0.8872223158808754,-0.37528096814434986,-0.04758367670999886,0.5833333333333334,0.5461348003092746,1.6695907283355202,0.25595850067157455,0.6944444444444443
baseline_mlp_blend_50,25.0,2025-03-31_2026-02-28,12,0.6556565623121253,0.08257309459079365,0.6556565623121253,0.08257309459079365,0.5730834677213317,0.7639573689177523,1.0060959242341758,-0.5007020471014949,-0.18488813271044613,0.5833333333333334,0.9780067961733915,1.8547543735646834,0.7661742862052532,0.7222222222222222
baseline_mlp_blend_50,25.0,2025-04-30_2026-03-31,12,0.27626111797035713,0.028079656548997578,0.27626111797035713,0.028079656548997578,0.24818146142135955,0.6985318145507539,0.6582517583130886,-0.5007020471014949,-0.19546042589812018,0.5833333333333334,0.6582503075881943,1.642304958456425,0.4550270430174326,0.7222222222222222
baseline_mlp_blend_50,25.0,2025-05-31_2026-04-30,12,0.1561208161633325,-0.14610708694572017,0.1561208161633325,-0.14610708694572017,0.3022279031090527,0.7165233030962674,0.5171040464169468,-0.5543217808848071,-0.29138146686445754,0.5833333333333334,0.8247863257706858,1.8608520571831928,0.8225450117580255,0.7222222222222223
baseline_mlp_blend_50,25.0,2025-06-30_2026-05-31,12,0.03264062033006687,-0.18541351506394133,0.03264062033006687,-0.18541351506394133,0.2180541353940082,0.7326783503772444,0.3634755150142871,-0.6116100870318124,-0.34737666250868915,0.5,0.7191987412253213,1.8971257437508071,0.796500816237498,0.7222222222222223
baseline_mlp_blend_50,25.0,2025-07-31_2026-06-30,12,0.1896227111357831,-0.1667764227923394,0.1896227111357831,-0.1667764227923394,0.3563991339281225,0.73015002115411,0.5613979861882101,-0.6116100870318124,-0.34737666250868904,0.5,0.9518121695941103,1.9845893384534348,0.9938940456420806,0.6944444444444443
baseline_mlp_blend_50,25.0,2025-08-31_2026-07-31,11,0.1122578509352008,-0.20361006057922837,0.12306780655213667,-0.2199234939209873,0.342991300473124,0.7647160629262052,0.4855251831322563,-0.6116100870318124,-0.34737666250868904,0.45454545454545453,0.9498059946909019,2.082413051103972,1.2109406557460463,0.6666666666666666
online_best,25.0,2015-02-28_2016-01-31,12,-0.13397036083818414,-0.12464244015822579,-0.13397036083818414,-0.12464244015822579,-0.009327920679958357,0.1339703608381841,-0.9999999999999999,-0.13397036083818414,-0.2346154234110902,0.5,-0.05563904599018853,-0.25944903734980607,-0.1533595071790268,0.08333333333333333
online_best,25.0,2015-03-31_2016-02-29,12,-0.02354439054263746,-0.12200466014015787,-0.02354439054263746,-0.12200466014015787,0.09846026959752041,0.1931639301801824,-0.033453746110861916,-0.13397036083818414,-0.1902603904171294,0.5833333333333334,0.4275705904815662,-0.11401400435602067,-0.019714496211787114,0.1111111111111111
online_best,25.0,2015-04-30_2016-03-31,12,0.02354137960827596,-0.048726200591690305,0.02354137960827596,-0.048726200591690305,0.07226758019996626,0.19923412100601112,0.20959788128179982,-0.13397036083818414,-0.19026039041712928,0.5833333333333334,0.325879749289247,-0.13920979479804074,0.03666847022301645,0.16666666666666666
online_best,25.0,2015-05-31_2016-04-30,12,0.002964284429573194,-0.08042168629585977,0.002964284429573194,-0.08042168629585977,0.08338597072543297,0.20062661355028097,0.10793795408872556,-0.13397036083818414,-0.13984875260474772,0.5833333333333334,0.3837268682125797,-0.13682343264309882,0.011444332176296479,0.16666666666666666
online_best,25.0,2015-06-30_2016-05-31,12,0.36200138790371184,0.021583559353247406,0.36200138790371184,0.021583559353247406,0.34041782855046443,0.40864209638919885,0.929006557238926,-0.13397036083818414,-0.12048239811387595,0.5833333333333334,0.8874525125700279,0.8247585694995345,0.4194275486406307,0.2222222222222222
online_best,25.0,2015-07-31_2016-06-30,12,0.696381435348695,0.08609325121736311,0.696381435348695,0.08609325121736311,0.6102881841313319,0.4586021748603459,1.3631369713596555,-0.13397036083818414,-0.06335332759593715,0.5833333333333334,1.2360018307031329,1.1652475711189028,0.6620549858685478,0.25
online_best,25.0,2015-08-31_2016-07-31,12,0.9402613734474643,0.19435729107699262,0.9402613734474643,0.19435729107699262,0.7459040823704717,0.46329662986531217,1.6596330090109233,-0.13397036083818414,-0.010009943632593221,0.5833333333333334,1.3367211720134178,1.4440982180182573,0.635464541584364,0.2777777777777778
online_best,25.0,2015-09-30_2016-08-31,12,1.1555858179764695,0.27010420996995776,1.1555858179764695,0.27010420996995776,0.8854816080065118,0.45983152524872867,1.9134821375073112,-0.13397036083818414,-0.010009943632593332,0.5833333333333334,1.4385885896319586,1.879977926254996,0.5124339150530812,0.3333333333333333
online_best,25.0,2015-10-31_2016-09-30,12,1.396571503939437,0.2171792753369357,1.396571503939437,0.2171792753369357,1.1793922286025014,0.45393662874558827,2.1846118173203024,-0.13397036083818414,-0.010009943632593221,0.6666666666666666,1.8504842343582362,3.078520237689605,0.44728741860281174,0.3888888888888889
online_best,25.0,2015-11-30_2016-10-31,12,1.7914948243947793,0.15802517726789156,1.7914948243947793,0.15802517726789156,1.6334696471268877,0.4511112189074509,2.563585348904436,-0.13397036083818414,-0.05046191183613391,0.6666666666666666,2.2543506098902557,0.7748478257320001,1.7085311328255637,0.4166666666666667
online_best,25.0,2015-12-31_2016-11-30,12,1.840056663020317,0.15325670090751609,1.840056663020317,0.15325670090751609,1.686799962112801,0.44737691669325413,2.623869100158799,-0.13397036083818414,-0.05046191183613402,0.6666666666666666,2.3327244002562146,0.8780181642048599,1.7222315155628207,0.4166666666666666
online_best,25.0,2016-01-31_2016-12-31,12,1.9949785336169588,0.1471553785298949,1.9949785336169588,0.1471553785298949,1.8478231550870639,0.4375835745066485,2.807251929668156,-0.020103823439534874,-0.05046191183613402,0.75,2.522901052533396,0.8474525410356645,1.8857379884443972,0.4444444444444444
online_best,25.0,2016-02-29_2017-01-31,12,2.9048708260018823,0.12910312615333996,2.9048708260018823,0.12910312615333996,2.7757676998485423,0.3536023873134172,4.218049263477612,-0.020103823439534985,-0.05046191183613391,0.8333333333333334,4.194021374768457,1.6534839256214144,2.3849920381946466,0.38888888888888884
online_best,25.0,2016-03-31_2017-02-28,12,3.218391761332642,0.1492046756740173,3.218391761332642,0.1492046756740173,3.0691870856586245,0.36587562295366866,4.323981981064155,-0.020103823439534985,-0.05046191183613402,0.8333333333333334,4.316913102442752,1.8053373458054536,2.505494227156401,0.38888888888888884
online_best,25.0,2016-04-30_2017-03-31,12,3.510983625190925,0.17503808646495478,3.510983625190925,0.17503808646495478,3.33594553872597,0.35480573415118644,4.663806427311677,0.0,-0.05046191183613402,0.8333333333333334,4.575713904934832,1.665635136100163,2.684547686810436,0.3333333333333333
online_best,25.0,2016-05-31_2017-04-30,12,3.251031495629106,0.19627580709932912,3.251031495629106,0.19627580709932912,3.054755688529777,0.3854110792351764,4.146941739127487,-0.07657179561835159,-0.05046191183613402,0.8333333333333334,3.872392158761689,1.4439415364909909,2.5370731729403886,0.3611111111111111
online_best,25.0,2016-06-30_2017-05-31,12,1.9569185383053527,0.16211773486732262,1.9569185383053527,0.16211773486732262,1.79480080343803,0.3416022905029307,3.4685885488291084,-0.1277514530583861,-0.05046191183613402,0.75,3.0020641625628794,0.4188880282713181,1.918157083307332,0.36111111111111116
online_best,25.0,2016-07-31_2017-06-30,12,1.204047971498278,0.11985678631409691,1.204047971498278,0.11985678631409691,1.084191185184181,0.3401623811278873,2.5510034064347185,-0.190218411542747,-0.05046191183613402,0.6666666666666666,2.1437824637201675,-0.07159077315663151,1.329369699297656,0.3611111111111111
online_best,25.0,2016-08-31_2017-07-31,12,0.883967366196923,0.08878533946639733,0.883967366196923,0.08878533946639733,0.7951820267305256,0.3426453993559933,2.047753522199069,-0.20830672104878234,-0.05046191183613402,0.5833333333333334,1.7214031937443648,-0.37094591599200183,1.0394708164868254,0.4166666666666667
online_best,25.0,2016-09-30_2017-08-31,12,0.9156087364503582,0.09996258200034913,0.9156087364503582,0.09996258200034913,0.8156461544500091,0.3462536117037431,2.080302529259328,-0.20830672104878234,-0.05046191183613402,0.5833333333333334,1.7365759699225713,-0.2800867932956841,1.0656291914076719,0.4166666666666667
online_best,25.0,2016-10-31_2017-09-30,12,0.8213132752240473,0.1075588143605537,0.8213132752240473,0.1075588143605537,0.7137544608634936,0.3416212140875197,1.9483108857472897,-0.20830672104878234,-0.0004923640702735321,0.5833333333333334,1.5817353393235711,-0.30176854160712074,0.9695591539658837,0.38888888888888884
online_best,25.0,2016-11-30_2017-10-31,12,0.5147885578273972,0.1559996199134983,0.5147885578273972,0.1559996199134983,0.3587889379138989,0.32920536203701783,1.4263199911484803,-0.20830672104878245,-0.008932388259170088,0.5,1.0496593664121339,4.189705450226349,-0.13576775090031634,0.4166666666666667
online_best,25.0,2016-12-31_2017-11-30,12,0.46906374566492715,0.19992461049678534,0.46906374566492715,0.19992461049678534,0.2691391351681418,0.3328296007308808,1.3185169272276431,-0.20830672104878223,-0.008932388259169977,0.5,0.7798524354692838,1.0702650231363693,0.2682555054881721,0.4444444444444444
online_best,25.0,2017-01-31_2017-12-31,12,1.1303124159604985,0.24773371905633135,1.1303124159604985,0.24773371905633135,0.8825786969041671,0.5955717811601732,1.5338377379317047,-0.20830672104878245,-0.008932388259170088,0.5,1.2037046566894247,3.3118396027385573,0.1796464772157369,0.4444444444444444
online_best,25.0,2017-02-28_2018-01-31,12,1.1634267936626808,0.22472528642954592,1.1634267936626808,0.22472528642954592,0.9387015072331348,0.5975313852748179,1.5581811926523614,-0.20830672104878234,-0.008932388259170088,0.5,1.256478464006035,2.7966997402181923,0.4155491832668472,0.44444444444444436
online_best,25.0,2017-03-31_2018-02-28,12,0.7406296658406826,0.11150665310004948,0.7406296658406826,0.11150665310004948,0.6291230127406331,0.583750100021905,1.1871899256347536,-0.20830672104878234,-0.06307407298992962,0.5,1.038196710429479,1.705887434445777,0.6370996526051178,0.4166666666666666
online_best,25.0,2017-04-30_2018-03-31,12,0.8588013310309712,0.054403018339003184,0.8588013310309712,0.054403018339003184,0.804398312691968,0.5975321749943305,1.2871644283472246,-0.14265854649592802,-0.09250223900477905,0.5,1.2094256922289606,0.9844621067609817,0.9955773555503555,0.44444444444444436
online_best,25.0,2017-05-31_2018-04-30,12,1.3176827258629897,0.042771960341875914,1.3176827258629897,0.042771960341875914,1.2749107655211138,0.5822792082165418,1.7123888766256743,-0.09235357086331542,-0.09416874157139277,0.5833333333333334,1.6617321506215768,1.0041396043494013,1.4931041846515885,0.4166666666666666
online_best,25.0,2017-06-30_2018-05-31,12,1.6463947036679842,-0.005226881237519021,1.6463947036679842,-0.005226881237519021,1.6516215849055031,0.5625919219066833,2.010437143074037,-0.04414371119787974,-0.12207676452647664,0.6666666666666666,2.0642251762059667,1.1215452305326237,1.9444789120706019,0.38888888888888884
online_best,25.0,2017-07-31_2018-06-30,12,1.8688311565000668,0.0163507796990916,1.8688311565000668,0.0163507796990916,1.8524803768009752,0.5425483233522945,2.2285366421322346,-0.04414371119787952,-0.12207676452647676,0.6666666666666666,2.2329660615241838,0.9288769242565561,2.10447834690232,0.38888888888888884
online_best,25.0,2017-08-31_2018-07-31,12,1.7038541150570317,0.02633003466478856,1.7038541150570317,0.02633003466478856,1.677524080392243,0.5591236119457562,2.061917305818184,-0.07855943656720954,-0.12207676452647653,0.6666666666666666,2.029573501083725,0.7783477747647398,1.9378671233830773,0.36111111111111116
online_best,25.0,2017-09-30_2018-08-31,12,1.3871033753953372,0.012828519177035869,1.3871033753953372,0.012828519177035869,1.3742748562183014,0.5660748776585909,1.8028219383457509,-0.08104591871619171,-0.12207676452647664,0.6666666666666666,1.795102351551275,0.8271502968156226,1.6241173727229987,0.3611111111111111
online_best,25.0,2017-10-31_2018-09-30,12,1.2249625769889105,-0.028994428060318933,1.2249625769889105,-0.028994428060318933,1.2539570050492295,0.5744376534490363,1.651584425724731,-0.09458390111492532,-0.12207676452647676,0.6666666666666666,1.7313093392358616,1.0195458981705903,1.5461170970477989,0.3333333333333333
online_best,25.0,2017-11-30_2018-10-31,12,1.2123444309917715,0.017470333624036494,1.2123444309917715,0.017470333624036494,1.194874097367735,0.5756136098259477,1.6386657497771495,-0.12784827974611956,-0.12207676452647676,0.6666666666666666,1.6000177097761914,0.5543270529700788,1.4481038280630565,0.3333333333333333
online_best,25.0,2017-12-31_2018-11-30,12,1.3487527409937337,-0.025356283802123625,1.3487527409937337,-0.025356283802123625,1.3741090247958572,0.5681826076089923,1.7671698640833775,-0.12784827974611956,-0.12207676452647687,0.75,1.8566561549333527,1.2919801509222137,1.686969334276446,0.3611111111111111
online_best,25.0,2018-01-31_2018-12-31,12,0.5001736986558176,-0.01099995180484914,0.5001736986558176,-0.01099995180484914,0.5111736504606668,0.30166572215297804,1.4969723652936378,-0.12784827974611956,-0.12095719505337177,0.6666666666666666,1.287981091383683,-0.807494476825168,0.5518309614055801,0.3611111111111111
online_best,25.0,2018-02-28_2019-01-31,12,0.3205215007837936,-0.023323412109537922,0.3205215007837936,-0.023323412109537922,0.3438449128933315,0.27782293798888097,1.1311689342098612,-0.12784827974611956,-0.06297476655901424,0.6666666666666666,0.9941939350120185,-0.7701652664120251,0.346018591024154,0.38888888888888884
online_best,25.0,2018-03-31_2019-02-28,12,0.3684427824188137,0.045204178762284775,0.3684427824188137,0.045204178762284775,0.3232386036565289,0.2736166672126407,1.278534653851765,-0.12784827974611956,-0.032589089243883484,0.6666666666666666,0.9035905558901648,-1.504427293658912,0.5149717927017752,0.4166666666666667
online_best,25.0,2018-04-30_2019-03-31,12,0.053322913856760135,0.07686204312787948,0.053322913856760135,0.07686204312787948,-0.02353912927111934,0.22335116263837798,0.33212979752668703,-0.15720564201624498,-0.031039511736595693,0.5833333333333334,-0.013607250447177442,-0.7450985814423525,0.1404184271840625,0.4444444444444444
online_best,25.0,2018-05-31_2019-04-30,12,-0.19210154280081015,0.03769148450195714,-0.19210154280081015,0.03769148450195714,-0.2297930273027673,0.19199038008036873,-1.0109546951020072,-0.25571201074788585,-0.04957195403333192,0.5,-1.1091459154420613,0.07315520996734919,-0.1802556494224118,0.5
online_best,25.0,2018-06-30_2019-05-31,12,-0.18540417780141005,0.09645960452265201,-0.18540417780141005,0.09645960452265201,-0.28186378232406206,0.19694661739113004,-0.94011566336535,-0.25571201074788574,-0.04957195403333203,0.5,-1.520367403795437,0.7634164297647236,-0.23012466247231322,0.5555555555555556
online_best,25.0,2018-07-31_2019-06-30,12,-0.22747743059143088,0.07648721996967378,-0.22747743059143088,0.07648721996967378,-0.30396465056110467,0.19751530911167806,-1.2005817531468488,-0.1922561055058194,-0.04957195403333203,0.5,-1.6842950497724374,0.7463097540748279,-0.2582949728138636,0.5555555555555556
online_best,25.0,2018-08-31_2019-07-31,12,-0.0904435905333314,0.051509897202665744,-0.0904435905333314,0.051509897202665744,-0.14195348773599714,0.21156458935073272,-0.34827960822260884,-0.19007053299951604,-0.04957195403333203,0.5833333333333334,-0.6171562275152904,0.6091458202191034,-0.10161468763714732,0.5833333333333334
online_best,25.0,2018-09-30_2019-08-31,12,-0.13707951095526083,0.032217370272061396,-0.13707951095526083,0.032217370272061396,-0.16929688122732223,0.21677259624011186,-0.5758040128007011,-0.18631161955957132,-0.05569706120271434,0.5,-0.7759347714750476,0.7199529081450192,-0.14071370225746938,0.5833333333333334
online_best,25.0,2018-10-31_2019-09-30,12,-0.09987344371321294,0.0680196854801034,-0.09987344371321294,0.0680196854801034,-0.16789312919331634,0.21998555992670085,-0.3742848896374086,-0.18631161955957132,-0.05569706120271445,0.5,-0.72995421723629,0.7962987158681507,-0.1295200110820075,0.611111111111111
online_best,25.0,2018-11-30_2019-10-31,12,-0.12773944557826145,-0.007313909877188718,-0.12773944557826145,-0.007313909877188718,-0.12042553570107273,0.22633349528666286,-0.4955420786009685,-0.1863116195595712,-0.07977064350808971,0.5,-0.5476637391571242,1.1950873360622363,-0.10283213055096563,0.611111111111111
online_best,25.0,2018-12-31_2019-11-30,12,-0.07569897706217099,0.01695714726683817,-0.07569897706217099,0.01695714726683817,-0.09265612432900916,0.2507731746473263,-0.19803111837595558,-0.18631161955957132,-0.07977064350808971,0.5,-0.3412005914890118,1.429278647482796,-0.07755833898407949,0.638888888888889
online_best,25.0,2019-01-31_2019-12-31,12,-0.16306490288454523,-0.0907583313333864,-0.16306490288454523,-0.0907583313333864,-0.07230657155115883,0.27434373020610014,-0.517534215165738,-0.18631161955957132,-0.08173242622854304,0.5,-0.25629018259449754,2.218894771073294,0.05963965877130861,0.6666666666666666
online_best,25.0,2019-02-28_2020-01-31,12,-0.253116282360227,-0.15374678206850467,-0.253116282360227,-0.15374678206850467,-0.09936950029172231,0.2864201713092125,-0.8748915810646488,-0.26455929904222375,-0.157070533612218,0.4166666666666667,-0.4599251109015186,1.8446499299591466,0.042568631387231326,0.638888888888889
online_best,25.0,2019-03-31_2020-02-29,12,-0.24013174175271956,-0.2983301643039218,-0.24013174175271956,-0.2983301643039218,0.05819842255120222,0.28939937277136996,-0.8048778362650643,-0.20336071246221876,-0.2968733323797681,0.4166666666666667,0.335238469700198,0.49866976912407757,-0.06626388963011676,0.6666666666666666
online_best,25.0,2019-04-30_2020-03-31,12,-0.4912673794074449,-0.26938100433105683,-0.4912673794074449,-0.26938100433105683,-0.2218863750763881,0.46456409113534797,-1.1568827731570435,-0.49225884259701236,-0.2897384073692094,0.4166666666666667,-0.4809587825348425,-0.10329806177336047,-0.4407335759193859,0.611111111111111
online_best,25.0,2019-05-31_2020-04-30,12,-0.40106440324483505,-0.23441422140073764,-0.40106440324483505,-0.23441422140073764,-0.1666501818440974,0.4644444716122104,-0.8200356157178872,-0.49225884259701247,-0.2897384073692094,0.5,-0.2679768655538387,-0.07426867042299198,-0.33347269549036673,0.6388888888888888
online_best,25.0,2019-06-30_2020-05-31,12,-0.42008202734397104,-0.22854562482453433,-0.42008202734397104,-0.22854562482453433,-0.1915364025194367,0.45598124343298324,-0.9109831371831516,-0.49225884259701236,-0.2897384073692095,0.5,-0.3536737781605649,-0.09373235046786525,-0.3595506240181857,0.638888888888889
online_best,25.0,2019-07-31_2020-06-30,12,-0.38193454479103583,-0.1941752572672133,-0.38193454479103583,-0.1941752572672133,-0.18775928752382254,0.4586513320191691,-0.7687922891929332,-0.49225884259701236,-0.2827760862119635,0.5,-0.3190351884861582,-0.0035637181112438622,-0.3013393678389633,0.6944444444444443
online_best,25.0,2019-08-31_2020-07-31,12,-0.38080097072431685,-0.1722348942847023,-0.38080097072431685,-0.1722348942847023,-0.20856607643961456,0.4591961475954746,-0.7635470090926167,-0.49225884259701247,-0.27948217627529803,0.5,-0.3718840740576206,0.06563720203905546,-0.29164635072448686,0.6944444444444443
online_best,25.0,2019-09-30_2020-08-31,12,-0.3835900313796047,-0.21057570090232802,-0.3835900313796047,-0.21057570090232802,-0.17301433047727666,0.45946506962934347,-0.7723757270316486,-0.49225884259701236,-0.27948217627529803,0.5833333333333334,-0.29045059960949127,0.08932284573573822,-0.2889903336320615,0.6666666666666666
online_best,25.0,2019-10-31_2020-09-30,12,-0.3970669490665292,-0.1766274605970889,-0.3970669490665292,-0.1766274605970889,-0.22043948846944028,0.45694940939929585,-0.8258024202892997,-0.49225884259701247,-0.2794821762752979,0.5,-0.42108461253748813,0.10124237362345029,-0.3066224969022153,0.6944444444444443
online_best,25.0,2019-11-30_2020-10-31,12,-0.21613464576355312,-0.06643817837031618,-0.21613464576355312,-0.06643817837031618,-0.14969646739323694,0.5155637812836027,-0.18860279679113234,-0.49225884259701247,-0.2794821762752979,0.5833333333333334,-0.11772576353958009,0.45024029560054607,-0.07818002791788758,0.6944444444444443
online_best,25.0,2019-12-31_2020-11-30,12,0.06910774344123216,-0.050871312509224054,0.06910774344123216,-0.050871312509224054,0.11997905595045621,0.730112360478413,0.4200592953356266,-0.4258962175046055,-0.2358764964179022,0.5833333333333334,0.4697460955205398,0.8874348972185847,0.37528773790440306,0.6388888888888888
online_best,25.0,2020-01-31_2020-12-31,12,0.12979883461873354,-0.013079995771551722,0.12979883461873354,-0.013079995771551722,0.14287883039028526,0.7211955195198981,0.49486782982419747,-0.3831351758171615,-0.16758179221927783,0.5833333333333334,0.4891747417444627,0.8255463989328882,0.3996956109146952,0.638888888888889
online_best,25.0,2020-02-29_2021-01-31,12,0.2511111545496103,0.14471568274700242,0.2511111545496103,0.14471568274700242,0.10639547180260789,0.7087028497159907,0.640064945594479,-0.3831351758171615,-0.07033476780972703,0.5833333333333334,0.4134428522651268,0.6484400645311981,0.406456311907035,0.6666666666666666
online_best,25.0,2020-03-31_2021-02-28,12,0.25048005270262363,0.3187076559568369,0.25048005270262363,0.3187076559568369,-0.06822760325421329,0.7087067209151189,0.6393260425325016,-0.06774195126222127,-0.07033476780972703,0.5833333333333334,0.23907330671417276,1.4226926222195897,0.03753565661706526,0.6666666666666666
online_best,25.0,2020-04-30_2021-03-31,12,1.0471908526287423,0.2712264885896778,1.0471908526287423,0.2712264885896778,0.7759643640390645,0.5438887607867782,1.5556747670013913,-0.06774195126222127,-0.07033476780972714,0.6666666666666666,1.239868332585714,1.7268252471857122,0.4901228021000208,0.75
online_best,25.0,2020-05-31_2021-04-30,12,1.0781478700388223,0.2511461011810818,1.0781478700388223,0.2511461011810818,0.8270017688577405,0.5431440621105811,1.5867542093452773,-0.06774195126222127,-0.07033476780972703,0.6666666666666666,1.3068353658573237,1.6855328173190718,0.5684766975630491,0.7222222222222222
online_best,25.0,2020-06-30_2021-05-31,12,1.145340293091894,0.22018559574957508,1.145340293091894,0.22018559574957508,0.9251546973423188,0.5429210142103856,1.6501132068515436,-0.06774195126222127,-0.07033476780972703,0.6666666666666666,1.4333476059853787,1.6900370899939572,0.687424576013212,0.6666666666666666
online_best,25.0,2020-07-31_2021-06-30,12,1.9461419911385036,0.1787337447456181,1.9461419911385036,0.1787337447456181,1.7674082463928855,0.6255832374720579,2.0390313880947337,-0.06774195126222127,-0.07033476780972703,0.75,1.9462715126865564,1.835685122346234,1.4922394475785095,0.638888888888889
online_best,25.0,2020-08-31_2021-07-31,12,1.766044882314414,0.17406019021811336,1.766044882314414,0.17406019021811336,1.5919846920963006,0.6313348778658291,1.9152166785449563,-0.06774195126222127,-0.0471551797914731,0.75,1.816101562947325,1.842503894227964,1.3566502101225484,0.5833333333333334
online_best,25.0,2020-09-30_2021-08-31,12,1.3152952431307972,0.29094300690606567,1.3152952431307972,0.29094300690606567,1.0243522362247315,0.6894511216174164,1.5311484192437363,-0.2115862860692197,-0.0471551797914731,0.6666666666666666,1.210224320482098,1.8287123168988668,0.7423153696240079,0.611111111111111
online_best,25.0,2020-10-31_2021-09-30,12,1.2216603042166585,0.285307502281577,1.2216603042166585,0.285307502281577,0.9363528019350815,0.6959387240192717,1.458456851131526,-0.23947747988704016,-0.04715517979147299,0.6666666666666666,1.1412766565094512,1.8158933463911053,0.6948563299481882,0.5833333333333334
online_best,25.0,2020-11-30_2021-10-31,12,0.9241299584258216,0.164192612882329,0.9241299584258216,0.164192612882329,0.7599373455434926,0.6819179541649207,1.2501129719668183,-0.23947747988704005,-0.04715517979147299,0.6666666666666666,1.0558553829452997,1.794770313375977,0.7409994603512098,0.611111111111111
online_best,25.0,2020-12-31_2021-11-30,12,0.22581925267119596,0.10075285366229347,0.22581925267119596,0.10075285366229347,0.12506639900890248,0.48574665795372934,0.6238409773716417,-0.23947747988704005,-0.04715517979147321,0.5833333333333334,0.4012961342558397,-0.4384654589313856,0.408146214675575,0.611111111111111
online_best,25.0,2021-01-31_2021-12-31,12,0.5715072590341284,0.1311417024200292,0.5715072590341284,0.1311417024200292,0.44036555661409915,0.5032833702177602,1.125796641966749,-0.23947747988704016,-0.04715517979147299,0.6666666666666666,0.8327084016889128,-0.8923090198134072,0.9387459883285778,0.5833333333333333
online_best,25.0,2021-02-28_2022-01-31,12,0.9120387148595701,0.1035559333431273,0.9120387148595701,0.1035559333431273,0.8084827815164428,0.5258879580304047,1.4884155601963511,-0.23947747988704016,-0.008710521467504728,0.75,1.2834722103994929,0.11633155728784951,1.1109585453832036,0.5555555555555555
online_best,25.0,2021-03-31_2022-02-28,12,0.7834890480738308,0.1814244316261513,0.7834890480738308,0.1814244316261513,0.6020646164476795,0.5350767142510231,1.3330986395481335,-0.23947747988704016,-0.008710521467504728,0.6666666666666666,1.0009665578095528,-0.7193703231260851,1.2422184513093528,0.49999999999999994
online_best,25.0,2021-04-30_2022-03-31,12,1.0082673596167804,0.2056999327796627,1.0082673596167804,0.2056999327796627,0.8025674268371177,0.5373496567167457,1.564323471286265,-0.23947747988704005,-0.008710521467504728,0.6666666666666666,1.191836310224913,-0.810342694324363,1.6001132456926195,0.44444444444444436
online_best,25.0,2021-05-31_2022-04-30,12,1.2640734415564698,0.20202014645819677,1.2640734415564698,0.20202014645819677,1.062053295098273,0.5500262225765994,1.7726886411352965,-0.23947747988704016,-0.011058901373715124,0.6666666666666666,1.3938871028948476,-1.829146723853558,2.4896312885326153,0.4166666666666666
online_best,25.0,2021-06-30_2022-05-31,12,0.5502696529232345,0.1547230806668567,0.5502696529232345,0.1547230806668567,0.3955465722563778,0.6447299124972053,0.9807555139884251,-0.2557033307247818,-0.04389760737316839,0.5833333333333334,0.7651429496720731,1.6737172870750083,0.4614668486218685,0.4166666666666666
online_best,25.0,2021-07-31_2022-06-30,12,0.12694182851624447,0.14515293481688385,0.12694182851624447,0.14515293481688385,-0.01821110630063938,0.524113019272638,0.4786536270079329,-0.2557033307247818,-0.04389760737316839,0.5833333333333334,0.21841729501148643,1.5455010689795734,0.0365452308884231,0.38888888888888884
online_best,25.0,2021-08-31_2022-07-31,12,0.004186517273248924,0.16719366722844042,0.004186517273248924,0.16719366722844042,-0.1630071499551915,0.5358757828435866,0.2607215878420172,-0.3127531656275948,-0.04389760737316839,0.5,-0.0356417253150846,1.0734360318970086,-0.03007150913346357,0.4444444444444444
online_best,25.0,2021-09-30_2022-08-31,12,0.35382596294922886,0.11990803732841937,0.35382596294922886,0.11990803732841937,0.23391792562080949,0.47835116379836445,0.8659447368216293,-0.31275316562759503,-0.04389760737316817,0.5833333333333334,0.6341789967738775,1.1335675518611972,0.320719680835452,0.4444444444444445
online_best,25.0,2021-10-31_2022-09-30,12,0.33302241981802205,0.07700156092153554,0.33302241981802205,0.07700156092153554,0.2560208588964865,0.48093660643175495,0.8304687034392575,-0.3127531656275949,-0.04389760737316828,0.5833333333333334,0.6968472836865615,2.029159699105937,0.27221296603243217,0.4444444444444445
online_best,25.0,2021-11-30_2022-10-31,12,0.10900885025788165,0.0837751064100245,0.10900885025788165,0.0837751064100245,0.02523374384785715,0.5056255069391451,0.4405981714310582,-0.39331806233571553,-0.04389760737316839,0.5,0.28825830109636963,2.4449759915526896,0.019481487870283587,0.4444444444444444
online_best,25.0,2021-12-31_2022-11-30,12,0.007033240813585806,0.04089310124175727,0.007033240813585806,0.04089310124175727,-0.03385986042817146,0.5234349012051658,0.2561729633377969,-0.4686600585707842,-0.052330809109684795,0.5,0.18420755404877923,2.7355824299838565,0.015575220665196232,0.47222222222222227
online_best,25.0,2022-01-31_2022-12-31,12,-0.16036946233092975,0.03139589518781816,-0.16036946233092975,0.03139589518781816,-0.1917653575187479,0.482067856526671,-0.1350175164059288,-0.46919079687374476,-0.0538908420070876,0.5,-0.2204179236751211,2.6055122916043105,-0.14368582845979716,0.5277777777777778
online_best,25.0,2022-02-28_2023-01-31,12,-0.2662797543275648,-0.006523085673795559,-0.2662797543275648,-0.006523085673795559,-0.25975666865376923,0.4273884252794874,-0.5104802585754292,-0.46919079687374476,-0.053890842007087936,0.5,-0.5192807477125507,1.6446980781195197,-0.1922077921089198,0.5833333333333334
online_best,25.0,2022-03-31_2023-02-28,12,-0.17343360347225478,-0.03763942955797195,-0.17343360347225478,-0.03763942955797195,-0.13579417391428283,0.438844042000742,-0.21939543112950527,-0.46919079687374476,-0.05860315994470999,0.5833333333333334,-0.14226148253635304,2.0158794231158343,-0.023111428351962227,0.611111111111111
online_best,25.0,2022-04-30_2023-03-31,12,-0.3051879639851297,-0.0433257664262765,-0.3051879639851297,-0.0433257664262765,-0.2618621975588532,0.40990453369390617,-0.6770934800920227,-0.46919079687374476,-0.052003665957635614,0.5,-0.5822066433849585,1.0342690339162195,-0.2103717549985834,0.6388888888888888
online_best,25.0,2022-05-31_2023-04-30,12,-0.5779678126118885,-0.07213752035282106,-0.5779678126118885,-0.07213752035282106,-0.5058302922590674,0.41128406247236576,-1.8106177477413883,-0.4416161513683159,-0.07596598010903766,0.4166666666666667,-1.7713192166612828,2.6795452361066787,-0.4315529174143198,0.6388888888888888
online_best,25.0,2022-06-30_2023-05-31,12,-0.4428773526690397,-0.0361282154897381,-0.4428773526690397,-0.0361282154897381,-0.4067491371793016,0.3539156394161215,-1.4309411794792772,-0.4513641766888924,-0.07596598010903755,0.4166666666666667,-1.4126455822654607,1.891391414649122,-0.36207825713367847,0.6944444444444443
online_best,25.0,2022-07-31_2023-06-30,12,-0.4437221697046527,-0.0028433046031512976,-0.4437221697046527,-0.0028433046031512976,-0.4408788651015014,0.3536451512658244,-1.4363898698492257,-0.4323488550417428,-0.07596598010903743,0.3333333333333333,-1.5390163211796637,1.684835487902502,-0.40517201006391845,0.6944444444444445
online_best,25.0,2022-08-31_2023-07-31,12,-0.3805406868314204,-0.031389184091800915,-0.3805406868314204,-0.031389184091800915,-0.3491515027396195,0.3533107076571597,-1.1454411632529917,-0.4323488550417427,-0.0655917893195096,0.4166666666666667,-1.1685527660235397,2.458557594612554,-0.28632807477781885,0.6388888888888887
online_best,25.0,2022-09-30_2023-08-31,12,-0.460067412308666,-0.014331580574544756,-0.460067412308666,-0.014331580574544756,-0.44573583173412124,0.3386356909546469,-1.5980473374181285,-0.43153069939920263,-0.06559178931950937,0.3333333333333333,-1.7756831222449228,2.993576091581113,-0.40313083064170085,0.611111111111111
online_best,25.0,2022-10-31_2023-09-30,12,-0.4912877612099651,-0.04883569016310929,-0.4912877612099651,-0.04883569016310929,-0.4424520710468558,0.34395028316395254,-1.7330292187405123,-0.42222065359744,-0.06327241269436523,0.3333333333333333,-1.8312624022765231,2.9908805286958966,-0.370821228261329,0.6666666666666666
online_best,25.0,2022-11-30_2023-10-31,12,-0.4078814513498278,-8.074453772832779e-05,-0.4078814513498278,-8.074453772832779e-05,-0.40780070681209946,0.33927481695412676,-1.3343517993946488,-0.42222065359744,-0.04084242285001627,0.3333333333333333,-1.587199474245864,2.404588596660161,-0.3756022669172756,0.611111111111111
online_best,25.0,2022-12-31_2023-11-30,12,-0.6244757086364157,0.06162621592425688,-0.6244757086364157,0.06162621592425688,-0.6861019245606725,0.5274261013083719,-1.4657605283085502,-0.6733727371975023,-0.04084242285001627,0.3333333333333333,-1.605255506180984,0.922855404146859,-0.577644132368504,0.5833333333333333
online_best,25.0,2023-01-31_2023-12-31,12,-0.6146554728102078,0.05389394652891433,-0.6146554728102078,0.05389394652891433,-0.6685494193391222,0.5314846473891802,-1.4054135933447462,-0.6733727371975025,-0.04084242285001627,0.3333333333333333,-1.5237631902579876,0.7917838995634817,-0.5590331545885959,0.5833333333333333
online_best,25.0,2023-02-28_2024-01-31,12,-0.6480519041418644,0.06910062416905749,-0.6480519041418644,0.06910062416905749,-0.7171525283109219,0.5160432479506825,-1.6255788028084424,-0.6756707649907246,-0.04084242285001627,0.25,-1.784758078054133,0.9111002875882038,-0.6090029180872301,0.5555555555555555
online_best,25.0,2023-03-31_2024-02-29,12,-0.6322343446299767,0.07105311702696282,-0.6322343446299767,0.07105311702696282,-0.7032874616569396,0.5340215040931728,-1.4795263656825135,-0.6607078144515963,-0.04084242285001627,0.25,-1.6331417557964742,0.8892504397622127,-0.5879074500770396,0.5555555555555555
online_best,25.0,2023-04-30_2024-03-31,12,-0.6394082247431051,0.04605177038880415,-0.6394082247431051,0.04605177038880415,-0.6854599951319092,0.5335186605193871,-1.5158706960598634,-0.5346083035133188,-0.028914327222309355,0.25,-1.6230857973625608,0.8444601605916062,-0.5858475758516992,0.5277777777777778
online_best,25.0,2023-05-31_2024-04-30,12,-0.4996692725359615,0.05087612226469651,-0.4996692725359615,0.05087612226469651,-0.550545394800658,0.48459765755393314,-1.0909434371277096,-0.5346083035133188,-0.04720745865673304,0.3333333333333333,-1.1502398089923236,-0.8846919819866984,-0.38832169099203884,0.5277777777777777
online_best,25.0,2023-06-30_2024-05-31,12,-0.4904654711758739,0.06029804021364593,-0.4904654711758739,0.06029804021364593,-0.5507635113895198,0.4860148796599284,-1.050573470393028,-0.5346083035133187,-0.04720745865673304,0.3333333333333333,-1.1309607317093238,-0.820714636185195,-0.37411364388778334,0.49999999999999994
online_best,25.0,2023-07-31_2024-06-30,12,-0.45824194567692944,0.046802268590376395,-0.45824194567692944,0.046802268590376395,-0.5050442142673058,0.49822043077697736,-0.8961341534143823,-0.5346083035133188,-0.04720745865673304,0.4166666666666667,-0.9604579092224371,-0.8046925996976436,-0.3390993737808051,0.5277777777777778
online_best,25.0,2023-08-31_2024-07-31,12,-0.4514155896038601,0.10318514893952901,-0.4514155896038601,0.10318514893952901,-0.5546007385433891,0.49977168662172583,-0.867823665689566,-0.4976698395849718,-0.04720745865673315,0.3333333333333333,-1.0461135932427668,-0.19606120187397677,-0.3434897416133871,0.5277777777777778
online_best,25.0,2023-09-30_2024-08-31,12,-0.3624976872198564,0.08473288946892565,-0.3624976872198564,0.08473288946892565,-0.4472305766887821,0.5099716611458305,-0.5560043916773764,-0.44846327759855664,-0.04720745865673315,0.4166666666666667,-0.6973485840526861,-0.5275107597711283,-0.21370534489874038,0.5833333333333334
online_best,25.0,2023-10-31_2024-09-30,12,-0.3301243980494454,0.12170948346779942,-0.3301243980494454,0.12170948346779942,-0.4518338815172448,0.5040401723368844,-0.47238922120420584,-0.44846327759855675,-0.047207458656732815,0.4166666666666667,-0.6755395980166246,-0.9602091386852479,-0.11666045266295644,0.5277777777777777
online_best,25.0,2023-11-30_2024-10-31,12,-0.372734615316333,0.004734660022875703,-0.372734615316333,0.004734660022875703,-0.3774692753392087,0.5029264535453034,-0.6021608668961875,-0.10384242998477378,-0.07254414974326939,0.5,-0.5892638681981369,-0.7478148695338641,-0.25843244094833884,0.5555555555555555
online_best,25.0,2023-12-31_2024-11-30,12,0.22819049633426336,-0.026522408525777696,0.22819049633426336,-0.026522408525777696,0.25471290486004106,0.2219517037589105,1.0330068738427762,-0.10384242998477389,-0.07702368625268241,0.5833333333333334,1.1034189678682889,0.3829375808198816,0.2653215860670546,0.5555555555555555
online_best,25.0,2024-01-31_2024-12-31,12,0.30230846183515214,-0.013699490369203038,0.30230846183515214,-0.013699490369203038,0.3160079522043552,0.23216828077574173,1.2540093468573008,-0.10384242998477389,-0.07702368625268208,0.5833333333333334,1.2722788566534684,0.422385444361357,0.3381610311991994,0.47222222222222215
online_best,25.0,2024-02-29_2025-01-31,12,0.08196968832160367,-0.14290566323586873,0.08196968832160367,-0.14290566323586873,0.2248753515574724,0.3172580332396965,0.401119276691874,-0.1952559815314554,-0.18252959118595857,0.5833333333333334,1.0861529208754244,1.3212585739749356,0.3641397005782774,0.47222222222222215
online_best,25.0,2024-03-31_2025-02-28,12,-0.10314503510741801,-0.10676537761977256,-0.10314503510741801,-0.10676537761977256,0.0036203425123545463,0.293411447858657,-0.2274819263173804,-0.24360273216029404,-0.1825295911859588,0.5,0.13744127015035318,1.0367842640806562,0.037311055168884444,0.5
online_best,25.0,2024-04-30_2025-03-31,12,0.2895174780030534,-0.06461005552580057,0.2895174780030534,-0.06461005552580057,0.35412753352885395,0.45086490752248,0.7620994361765766,-0.24360273216029404,-0.18252959118595868,0.5833333333333334,1.0454977124121154,1.535006406359883,0.5181527080922514,0.5277777777777778
online_best,25.0,2024-05-31_2025-04-30,12,0.14317504840393247,0.02942056800377868,0.14317504840393247,0.02942056800377868,0.11375448040015379,0.47185150448216406,0.48701621644013804,-0.24360273216029404,-0.18252959118595857,0.5,0.4316597276251618,1.094593935203414,0.19762423636581028,0.5277777777777778
online_best,25.0,2024-06-30_2025-05-31,12,0.12913485442543005,-0.019239253194651806,0.12913485442543005,-0.019239253194651806,0.14837410762008185,0.47253762023435014,0.46030198931823524,-0.24360273216029404,-0.18252959118595835,0.5833333333333334,0.5156473142246907,1.0952366940202274,0.24585102835186867,0.5277777777777778
online_best,25.0,2024-07-31_2025-06-30,12,0.12111634227608659,0.03150250800801424,0.12111634227608659,0.03150250800801424,0.08961383426807235,0.4715394521221339,0.4450407342011902,-0.24360273216029416,-0.1825295911859589,0.5,0.3746937993602582,0.9980851654510933,0.17315178234262896,0.49999999999999994
online_best,25.0,2024-08-31_2025-07-31,12,0.08748275142564621,0.02082724764079913,0.08748275142564621,0.02082724764079913,0.06665550378484708,0.47198519786145365,0.3794495954919156,-0.24360273216029404,-0.1720911800730176,0.5,0.326395579901441,0.9876003683344162,0.15084572766743687,0.5555555555555555
online_best,25.0,2024-09-30_2025-08-31,12,-0.015101970306456991,0.07082064647411035,-0.015101970306456991,0.07082064647411035,-0.08592261678056734,0.46841312420502285,0.16552344579895734,-0.24360273216029404,-0.1720911800730176,0.4166666666666667,-0.020604867191944404,1.007509067888028,-0.00938189068290407,0.5277777777777778
online_best,25.0,2024-10-31_2025-09-30,12,0.0854464500993235,0.07787885846139209,0.0854464500993235,0.07787885846139209,0.0075675916379314145,0.46343721715283975,0.37444384569211386,-0.24360273216029404,-0.11858833109117162,0.5,0.19175487718436954,1.007972813823748,0.08283892227759693,0.5
online_best,25.0,2024-11-30_2025-10-31,12,0.21226143189527025,0.1960061542824556,0.21226143189527025,0.1960061542824556,0.016255277612814645,0.4607039781818327,0.6183488303933554,-0.24360273216029404,-0.11795970406671652,0.5,0.21163287175072645,1.0404380859207774,0.08415691938869596,0.5
online_best,25.0,2024-12-31_2025-11-30,12,0.13733462748546366,0.22133541890163522,0.13733462748546366,0.22133541890163522,-0.08400079141617156,0.4554184446401591,0.47792561164977926,-0.24360273216029404,-0.11795970406671652,0.5,0.0017083233756048882,1.1071994587398586,-0.022324996928654528,0.5555555555555556
online_best,25.0,2025-01-31_2025-12-31,12,-0.12115270001686673,0.17166648362633885,-0.12115270001686673,0.17166648362633885,-0.2928191836432056,0.4809634944717391,-0.06110437350718092,-0.1600558081213337,-0.03669877287899381,0.4166666666666667,-0.4933258412696029,1.322244438999055,-0.23292463176195244,0.638888888888889
online_best,25.0,2025-02-28_2026-01-31,12,0.10806910705789874,0.31334945156909844,0.10806910705789874,0.31334945156909844,-0.2052803445111997,0.43253363906168035,0.41732047601958094,-0.16005580812133358,-0.04758367670999886,0.5,-0.24758528225018525,1.0253260642456243,-0.104110446109281,0.6666666666666666
online_best,25.0,2025-03-31_2026-02-28,12,0.03495750496984029,0.08257309459079365,0.03495750496984029,0.08257309459079365,-0.04761558962095336,0.44843714091249953,0.2642243598488799,-0.25181417104861836,-0.18488813271044613,0.5833333333333334,0.04515897313155628,0.9590924630096308,0.02248332201560932,0.6666666666666666
online_best,25.0,2025-04-30_2026-03-31,12,-0.2704476999368777,0.028079656548997578,-0.2704476999368777,0.028079656548997578,-0.29852735648587525,0.25731047693922254,-1.0849755086669193,-0.28926894008755943,-0.19546042589812018,0.5,-1.467983763267583,0.6954785923123205,-0.2714620164397009,0.6388888888888888
online_best,25.0,2025-05-31_2026-04-30,12,-0.35377445134541463,-0.14610708694572017,-0.35377445134541463,-0.14610708694572017,-0.20766736439969447,0.3097665131143609,-1.2290351300598483,-0.44032601821525885,-0.29138146686445754,0.5,-1.409921558798386,1.11742903462673,-0.2101464007376168,0.6944444444444443
online_best,25.0,2025-06-30_2026-05-31,12,-0.5215424461302796,-0.18541351506394133,-0.5215424461302796,-0.18541351506394133,-0.3361289310663383,0.3880247764556489,-1.6424098451775984,-0.590461020285849,-0.34737666250868915,0.4166666666666667,-1.9489466909391528,1.3339033027819975,-0.33589148148308123,0.7222222222222222
online_best,25.0,2025-07-31_2026-06-30,12,-0.506651255061469,-0.1667764227923394,-0.506651255061469,-0.1667764227923394,-0.3398748322691297,0.40081166399043827,-1.506895886875202,-0.5904610202858489,-0.34737666250868904,0.4166666666666667,-1.90231994952743,1.3332042584134942,-0.33572823440000443,0.7777777777777777
online_best,25.0,2025-08-31_2026-07-31,11,-0.5039525824320801,-0.20361006057922837,-0.5345816702172165,-0.2199234939209873,-0.31465817629622916,0.41722518545604986,-1.564991628947632,-0.5904610202858489,-0.34737666250868904,0.45454545454545453,-1.756310126627417,1.3735564378404657,-0.30388633062179193,0.7575757575757575
online_soft,25.0,2015-02-28_2016-01-31,12,-0.13397036083818414,-0.12464244015822579,-0.13397036083818414,-0.12464244015822579,-0.009327920679958357,0.1339703608381841,-0.9999999999999999,-0.13397036083818414,-0.2346154234110902,0.5,-0.05563904599018853,-0.25944903734980607,-0.1533595071790268,0.08333333333333333
online_soft,25.0,2015-03-31_2016-02-29,12,-0.02354439054263746,-0.12200466014015787,-0.02354439054263746,-0.12200466014015787,0.09846026959752041,0.1931639301801824,-0.033453746110861916,-0.13397036083818414,-0.1902603904171294,0.5833333333333334,0.4275705904815662,-0.11401400435602067,-0.019714496211787114,0.1111111111111111
online_soft,25.0,2015-04-30_2016-03-31,12,0.02354137960827596,-0.048726200591690305,0.02354137960827596,-0.048726200591690305,0.07226758019996626,0.19923412100601112,0.20959788128179982,-0.13397036083818414,-0.19026039041712928,0.5833333333333334,0.325879749289247,-0.13920979479804074,0.03666847022301645,0.16666666666666666
online_soft,25.0,2015-05-31_2016-04-30,12,0.002964284429573194,-0.08042168629585977,0.002964284429573194,-0.08042168629585977,0.08338597072543297,0.20062661355028097,0.10793795408872556,-0.13397036083818414,-0.13984875260474772,0.5833333333333334,0.3837268682125797,-0.13682343264309882,0.011444332176296479,0.16666666666666666
online_soft,25.0,2015-06-30_2016-05-31,12,0.36200138790371184,0.021583559353247406,0.36200138790371184,0.021583559353247406,0.34041782855046443,0.40864209638919885,0.929006557238926,-0.13397036083818414,-0.12048239811387595,0.5833333333333334,0.8874525125700279,0.8247585694995345,0.4194275486406307,0.2222222222222222
online_soft,25.0,2015-07-31_2016-06-30,12,0.696381435348695,0.08609325121736311,0.696381435348695,0.08609325121736311,0.6102881841313319,0.4586021748603459,1.3631369713596555,-0.13397036083818414,-0.06335332759593715,0.5833333333333334,1.2360018307031329,1.1652475711189028,0.6620549858685478,0.25
online_soft,25.0,2015-08-31_2016-07-31,12,0.9402613734474643,0.19435729107699262,0.9402613734474643,0.19435729107699262,0.7459040823704717,0.46329662986531217,1.6596330090109233,-0.13397036083818414,-0.010009943632593221,0.5833333333333334,1.3367211720134178,1.4440982180182573,0.635464541584364,0.2777777777777778
online_soft,25.0,2015-09-30_2016-08-31,12,1.1555858179764695,0.27010420996995776,1.1555858179764695,0.27010420996995776,0.8854816080065118,0.45983152524872867,1.9134821375073112,-0.13397036083818414,-0.010009943632593332,0.5833333333333334,1.4385885896319586,1.879977926254996,0.5124339150530812,0.3333333333333333
online_soft,25.0,2015-10-31_2016-09-30,12,1.396571503939437,0.2171792753369357,1.396571503939437,0.2171792753369357,1.1793922286025014,0.45393662874558827,2.1846118173203024,-0.13397036083818414,-0.010009943632593221,0.6666666666666666,1.8504842343582362,3.078520237689605,0.44728741860281174,0.3888888888888889
online_soft,25.0,2015-11-30_2016-10-31,12,1.7914948243947793,0.15802517726789156,1.7914948243947793,0.15802517726789156,1.6334696471268877,0.4511112189074509,2.563585348904436,-0.13397036083818414,-0.05046191183613391,0.6666666666666666,2.2543506098902557,0.7748478257320001,1.7085311328255637,0.4166666666666667
online_soft,25.0,2015-12-31_2016-11-30,12,1.840056663020317,0.15325670090751609,1.840056663020317,0.15325670090751609,1.686799962112801,0.44737691669325413,2.623869100158799,-0.13397036083818414,-0.05046191183613402,0.6666666666666666,2.3327244002562146,0.8780181642048599,1.7222315155628207,0.4166666666666666
online_soft,25.0,2016-01-31_2016-12-31,12,1.9949785336169588,0.1471553785298949,1.9949785336169588,0.1471553785298949,1.8478231550870639,0.4375835745066485,2.807251929668156,-0.020103823439534874,-0.05046191183613402,0.75,2.522901052533396,0.8474525410356645,1.8857379884443972,0.4444444444444444
online_soft,25.0,2016-02-29_2017-01-31,12,2.9048708260018823,0.12910312615333996,2.9048708260018823,0.12910312615333996,2.7757676998485423,0.3536023873134172,4.218049263477612,-0.020103823439534985,-0.05046191183613391,0.8333333333333334,4.194021374768457,1.6534839256214144,2.3849920381946466,0.38888888888888884
online_soft,25.0,2016-03-31_2017-02-28,12,3.218391761332642,0.1492046756740173,3.218391761332642,0.1492046756740173,3.0691870856586245,0.36587562295366866,4.323981981064155,-0.020103823439534985,-0.05046191183613402,0.8333333333333334,4.316913102442752,1.8053373458054536,2.505494227156401,0.38888888888888884
online_soft,25.0,2016-04-30_2017-03-31,12,3.510983625190925,0.17503808646495478,3.510983625190925,0.17503808646495478,3.33594553872597,0.35480573415118644,4.663806427311677,0.0,-0.05046191183613402,0.8333333333333334,4.575713904934832,1.665635136100163,2.684547686810436,0.3333333333333333
online_soft,25.0,2016-05-31_2017-04-30,12,3.251031495629106,0.19627580709932912,3.251031495629106,0.19627580709932912,3.054755688529777,0.3854110792351764,4.146941739127487,-0.07657179561835159,-0.05046191183613402,0.8333333333333334,3.872392158761689,1.4439415364909909,2.5370731729403886,0.3611111111111111
online_soft,25.0,2016-06-30_2017-05-31,12,1.9569185383053527,0.16211773486732262,1.9569185383053527,0.16211773486732262,1.79480080343803,0.3416022905029307,3.4685885488291084,-0.1277514530583861,-0.05046191183613402,0.75,3.0020641625628794,0.4188880282713181,1.918157083307332,0.36111111111111116
online_soft,25.0,2016-07-31_2017-06-30,12,1.204047971498278,0.11985678631409691,1.204047971498278,0.11985678631409691,1.084191185184181,0.3401623811278873,2.5510034064347185,-0.190218411542747,-0.05046191183613402,0.6666666666666666,2.1437824637201675,-0.07159077315663151,1.329369699297656,0.3611111111111111
online_soft,25.0,2016-08-31_2017-07-31,12,0.883967366196923,0.08878533946639733,0.883967366196923,0.08878533946639733,0.7951820267305256,0.3426453993559933,2.047753522199069,-0.20830672104878234,-0.05046191183613402,0.5833333333333334,1.7214031937443648,-0.37094591599200183,1.0394708164868254,0.4166666666666667
online_soft,25.0,2016-09-30_2017-08-31,12,0.9156087364503582,0.09996258200034913,0.9156087364503582,0.09996258200034913,0.8156461544500091,0.3462536117037431,2.080302529259328,-0.20830672104878234,-0.05046191183613402,0.5833333333333334,1.7365759699225713,-0.2800867932956841,1.0656291914076719,0.4166666666666667
online_soft,25.0,2016-10-31_2017-09-30,12,0.8213132752240473,0.1075588143605537,0.8213132752240473,0.1075588143605537,0.7137544608634936,0.3416212140875197,1.9483108857472897,-0.20830672104878234,-0.0004923640702735321,0.5833333333333334,1.5817353393235711,-0.30176854160712074,0.9695591539658837,0.38888888888888884
online_soft,25.0,2016-11-30_2017-10-31,12,0.5147885578273972,0.1559996199134983,0.5147885578273972,0.1559996199134983,0.3587889379138989,0.32920536203701783,1.4263199911484803,-0.20830672104878245,-0.008932388259170088,0.5,1.0496593664121339,4.189705450226349,-0.13576775090031634,0.4166666666666667
online_soft,25.0,2016-12-31_2017-11-30,12,0.46906374566492715,0.19992461049678534,0.46906374566492715,0.19992461049678534,0.2691391351681418,0.3328296007308808,1.3185169272276431,-0.20830672104878223,-0.008932388259169977,0.5,0.7798524354692838,1.0702650231363693,0.2682555054881721,0.4444444444444444
online_soft,25.0,2017-01-31_2017-12-31,12,1.1303124159604985,0.24773371905633135,1.1303124159604985,0.24773371905633135,0.8825786969041671,0.5955717811601732,1.5338377379317047,-0.20830672104878245,-0.008932388259170088,0.5,1.2037046566894247,3.3118396027385573,0.1796464772157369,0.4444444444444444
online_soft,25.0,2017-02-28_2018-01-31,12,1.1634267936626808,0.22472528642954592,1.1634267936626808,0.22472528642954592,0.9387015072331348,0.5975313852748179,1.5581811926523614,-0.20830672104878234,-0.008932388259170088,0.5,1.256478464006035,2.7966997402181923,0.4155491832668472,0.44444444444444436
online_soft,25.0,2017-03-31_2018-02-28,12,0.7406296658406826,0.11150665310004948,0.7406296658406826,0.11150665310004948,0.6291230127406331,0.583750100021905,1.1871899256347536,-0.20830672104878234,-0.06307407298992962,0.5,1.038196710429479,1.705887434445777,0.6370996526051178,0.4166666666666666
online_soft,25.0,2017-04-30_2018-03-31,12,0.8588013310309712,0.054403018339003184,0.8588013310309712,0.054403018339003184,0.804398312691968,0.5975321749943305,1.2871644283472246,-0.14265854649592802,-0.09250223900477905,0.5,1.2094256922289606,0.9844621067609817,0.9955773555503555,0.44444444444444436
online_soft,25.0,2017-05-31_2018-04-30,12,1.3176827258629897,0.042771960341875914,1.3176827258629897,0.042771960341875914,1.2749107655211138,0.5822792082165418,1.7123888766256743,-0.09235357086331542,-0.09416874157139277,0.5833333333333334,1.6617321506215768,1.0041396043494013,1.4931041846515885,0.4166666666666666
online_soft,25.0,2017-06-30_2018-05-31,12,1.6463947036679842,-0.005226881237519021,1.6463947036679842,-0.005226881237519021,1.6516215849055031,0.5625919219066833,2.010437143074037,-0.04414371119787974,-0.12207676452647664,0.6666666666666666,2.0642251762059667,1.1215452305326237,1.9444789120706019,0.38888888888888884
online_soft,25.0,2017-07-31_2018-06-30,12,1.8688311565000668,0.0163507796990916,1.8688311565000668,0.0163507796990916,1.8524803768009752,0.5425483233522945,2.2285366421322346,-0.04414371119787952,-0.12207676452647676,0.6666666666666666,2.2329660615241838,0.9288769242565561,2.10447834690232,0.38888888888888884
online_soft,25.0,2017-08-31_2018-07-31,12,1.7821509718757946,0.02633003466478856,1.7821509718757946,0.02633003466478856,1.755820937211006,0.5506039514057092,2.1422826045900933,-0.05187682101471491,-0.12207676452647653,0.6666666666666666,2.113231313742658,0.8011246667995123,2.0082972385601536,0.3333333333333333
online_soft,25.0,2017-09-30_2018-08-31,12,1.4528927367204836,0.012828519177035869,1.4528927367204836,0.012828519177035869,1.4400642175434477,0.558476425052616,1.87270329109792,-0.05571923922758937,-0.12207676452647664,0.6666666666666666,1.8685956186348027,0.8529501296500749,1.6848789090254916,0.3611111111111111
online_soft,25.0,2017-10-31_2018-09-30,12,1.2843495605115902,-0.028994428060318933,1.2843495605115902,-0.028994428060318933,1.3133439885719091,0.5673971126959777,1.7152490872504136,-0.07041723354857687,-0.12207676452647676,0.6666666666666666,1.8009155324111275,1.052891871515117,1.606239327077673,0.3611111111111111
online_soft,25.0,2017-11-30_2018-10-31,12,1.3537754263843929,0.017470333624036494,1.3537754263843929,0.017470333624036494,1.3363050927603564,0.5617734094474695,1.78482946605926,-0.0720932697210318,-0.12207676452647676,0.6666666666666666,1.755659227925478,0.6643598991112729,1.5801236552845292,0.36111111111111116
online_soft,25.0,2017-12-31_2018-11-30,12,1.4989040616635343,-0.025356283802123625,1.4989040616635343,-0.025356283802123625,1.5242603454656578,0.5535633888502748,1.9212011303255159,-0.07209326972103158,-0.12207676452647687,0.75,2.0337840399565534,1.4646969846955666,1.8469000667087783,0.3888888888888889
online_soft,25.0,2018-01-31_2018-12-31,12,0.6519905272220836,-0.01099995180484914,0.6519905272220836,-0.01099995180484914,0.6629904790269328,0.2771777101104354,1.9670892113611032,-0.0720932697210317,-0.12095719505337177,0.6666666666666666,1.7101555863557467,-0.5068215488472005,0.7003004995602831,0.38888888888888884
online_soft,25.0,2018-02-28_2019-01-31,12,0.4541576167096979,-0.023323412109537922,0.4541576167096979,-0.023323412109537922,0.4774810288192358,0.2556345158285656,1.5956871430700943,-0.07209326972103192,-0.06297476655901424,0.6666666666666666,1.4077656625679487,-0.4655926460116065,0.481853321845507,0.4166666666666667
online_soft,25.0,2018-03-31_2019-02-28,12,0.5199354125219626,0.045204178762284775,0.5199354125219626,0.045204178762284775,0.47473123375967785,0.2491818171724325,1.8149082070348668,-0.07209326972103158,-0.032589089243883484,0.6666666666666666,1.3354533121324077,-1.1159003610787068,0.6419486121501381,0.47222222222222227
online_soft,25.0,2018-04-30_2019-03-31,12,0.16993038960815499,0.07686204312787948,0.16993038960815499,0.07686204312787948,0.09306834648027551,0.20553337956598203,0.8592050153832299,-0.07862012272800567,-0.031039511736595693,0.5833333333333334,0.4220675206508452,-0.3208689446237845,0.22124508724835867,0.5000000000000001
online_soft,25.0,2018-05-31_2019-04-30,12,-0.09263826306191436,0.03769148450195714,-0.09263826306191436,0.03769148450195714,-0.1303297475638715,0.17877283454207926,-0.4576383779221113,-0.17722079550436032,-0.04957195403333192,0.5,-0.6693927795669,0.3990974971990788,-0.09404015671438015,0.5833333333333334
online_soft,25.0,2018-06-30_2019-05-31,12,-0.059241148497909735,0.09645960452265201,-0.059241148497909735,0.09645960452265201,-0.15570075302056174,0.20230937854671527,-0.20817388003699108,-0.17722079550436032,-0.04957195403333203,0.5,-0.7970581594562244,1.1283523327863765,-0.14081648204420139,0.6111111111111112
online_soft,25.0,2018-07-31_2019-06-30,12,-0.08447366334125916,0.07648721996967378,-0.08447366334125916,0.07648721996967378,-0.16096088331093295,0.20266499744041833,-0.34100162204936474,-0.17722079550436043,-0.04957195403333203,0.5,-0.84269244494929,1.1484642722183027,-0.14733393274967987,0.638888888888889
online_soft,25.0,2018-08-31_2019-07-31,12,0.048395944477171104,0.051509897202665744,0.048395944477171104,0.051509897202665744,-0.0031139527254946398,0.2148523755467559,0.31878292497590127,-0.17722079550436043,-0.04957195403333203,0.5833333333333334,0.07395650315969149,1.0118479533515499,0.01376867349774824,0.6666666666666666
online_soft,25.0,2018-09-30_2019-08-31,12,-0.03301460392347133,0.032217370272061396,-0.03301460392347133,0.032217370272061396,-0.06523197419553273,0.2319258361515722,-0.03814372592758541,-0.17722079550436043,-0.05569706120271434,0.5,-0.22179587571183426,1.2039153440159396,-0.05089658118650797,0.638888888888889
online_soft,25.0,2018-10-31_2019-09-30,12,0.008713666073795423,0.0680196854801034,0.008713666073795423,0.0680196854801034,-0.059306019406307975,0.23285164950849138,0.1444470945453863,-0.17722079550436043,-0.05569706120271445,0.5,-0.17835488109404576,1.284033909532797,-0.054565314990159375,0.6666666666666666
online_soft,25.0,2018-11-30_2019-10-31,12,-0.033649338979921284,-0.007313909877188718,-0.033649338979921284,-0.007313909877188718,-0.026335429102732566,0.23748382247320474,-0.03489328992782403,-0.17722079550436043,-0.07977064350808971,0.5,-0.024277809998316364,1.490832050091083,-0.0031242972412345305,0.638888888888889
online_soft,25.0,2018-12-31_2019-11-30,12,0.024773455598205096,0.01695714726683817,0.024773455598205096,0.01695714726683817,0.007816308331366928,0.2589809271402022,0.21253928058604102,-0.17722079550436043,-0.07977064350808971,0.5,0.1613490902529763,1.652661483978545,0.019604662951477447,0.638888888888889
online_soft,25.0,2019-01-31_2019-12-31,12,-0.10349546313979718,-0.0907583313333864,-0.10349546313979718,-0.0907583313333864,-0.012737131806410784,0.2851802262392518,-0.25069887394471163,-0.17722079550436043,-0.08173242622854304,0.5,0.08815926423709979,2.3255583238797435,0.1472686104488996,0.6666666666666666
online_soft,25.0,2019-02-28_2020-01-31,12,-0.1999563124084135,-0.15374678206850467,-0.1999563124084135,-0.15374678206850467,-0.04620953033990882,0.2991515751042649,-0.6020315652838439,-0.2189553038619544,-0.157070533612218,0.4166666666666667,-0.10240931227893732,1.941130487729558,0.13526430856696714,0.6388888888888888
online_soft,25.0,2019-03-31_2020-02-29,12,-0.19301301642024948,-0.2983301643039218,-0.19301301642024948,-0.2983301643039218,0.1053171478836723,0.3005554775630925,-0.569641709447923,-0.20336071246221865,-0.2968733323797681,0.4166666666666667,0.5420358517994935,0.5583361506720173,0.013124981968028138,0.638888888888889
online_soft,25.0,2019-04-30_2020-03-31,12,-0.23361866963824252,-0.26938100433105683,-0.23361866963824252,-0.26938100433105683,0.03576233469281431,0.31463064519714135,-0.6915110436150755,-0.27977287679924445,-0.2897384073692094,0.4166666666666667,0.21425263749032009,0.36321764394390493,-0.10702106178434356,0.611111111111111
online_soft,25.0,2019-05-31_2020-04-30,12,-0.17415197831918716,-0.23441422140073764,-0.17415197831918716,-0.23441422140073764,0.06026224308155048,0.30059326736314285,-0.49329150805484506,-0.3069424926994193,-0.2897384073692094,0.4166666666666667,0.2884466992195672,0.3032821438599711,-0.07214097272267161,0.5833333333333334
online_soft,25.0,2019-06-30_2020-05-31,12,-0.23522378757460427,-0.22854562482453433,-0.23522378757460427,-0.22854562482453433,-0.006678162750069938,0.27135144752045604,-0.8512006793905669,-0.3069424926994192,-0.2897384073692095,0.4166666666666667,0.012673144647930486,0.21763342251909837,-0.16573335303034065,0.611111111111111
online_soft,25.0,2019-07-31_2020-06-30,12,-0.10848926511322499,-0.1941752572672133,-0.10848926511322499,-0.1941752572672133,0.08568599215398831,0.31544246984357177,-0.2176936846878276,-0.3069424926994193,-0.2827760862119635,0.5,0.3737292046577263,0.436103022634509,0.014360450305831662,0.5833333333333333
online_soft,25.0,2019-08-31_2020-07-31,12,-0.2145691259104231,-0.1722348942847023,-0.2145691259104231,-0.1722348942847023,-0.04233423162572081,0.3006960958242549,-0.6580027498704435,-0.3069424926994193,-0.27948217627529803,0.4166666666666667,-0.10900108997745984,0.3930852355656589,-0.12580547354670912,0.5555555555555555
online_soft,25.0,2019-09-30_2020-08-31,12,-0.20966681840564017,-0.21057570090232802,-0.20966681840564017,-0.21057570090232802,0.0009088824966878573,0.29939792501984186,-0.641705545384488,-0.3069424926994192,-0.27948217627529803,0.4166666666666667,0.051959835997000006,0.42369898890870206,-0.099038567141428,0.5277777777777777
online_soft,25.0,2019-10-31_2020-09-30,12,-0.07263548485221649,-0.1766274605970889,-0.07263548485221649,-0.1766274605970889,0.1039919757448724,0.3715065869944722,-0.03788423241309335,-0.3069424926994193,-0.2794821762752979,0.4166666666666667,0.4346183213638577,0.6530048699868432,0.09776353355205569,0.5277777777777777
online_soft,25.0,2019-11-30_2020-10-31,12,0.15004418989472512,-0.06643817837031618,0.15004418989472512,-0.06643817837031618,0.2164823682650413,0.4116130927377793,0.5236655742799106,-0.3069424926994193,-0.2794821762752979,0.5,0.7083619766876146,0.8202991033908096,0.2743390860923276,0.5277777777777777
online_soft,25.0,2019-12-31_2020-11-30,12,0.29719602310897586,-0.050871312509224054,0.29719602310897586,-0.050871312509224054,0.3480673356181999,0.46737056752766104,0.7653129874270986,-0.2163587083166172,-0.2358764964179022,0.5,0.9616766041666983,0.9669298463284803,0.44719799086513845,0.5555555555555555
online_soft,25.0,2020-01-31_2020-12-31,12,0.5198905169105468,-0.013079995771551722,0.5198905169105468,-0.013079995771551722,0.5329705126820985,0.4396833453344414,1.1588206717451723,-0.15799065890920128,-0.16758179221927783,0.5833333333333334,1.2941728837131927,0.8712559583671825,0.6207683229415504,0.5833333333333334
online_soft,25.0,2020-02-29_2021-01-31,12,1.3425489754464763,0.14471568274700242,1.3425489754464763,0.14471568274700242,1.197833292699474,0.5294280962582582,1.8832807625742185,-0.1579906589092014,-0.07033476780972703,0.6666666666666666,1.7861498352392982,1.0159787008749543,1.227889039631466,0.5833333333333333
online_soft,25.0,2020-03-31_2021-02-28,12,0.7563064246131703,0.3187076559568369,0.7563064246131703,0.3187076559568369,0.4375987686563334,0.6126086257177216,1.205485891663236,-0.22535583701314854,-0.07033476780972703,0.5833333333333334,0.8844142685850397,2.679548375622317,-0.04444310397657936,0.5277777777777778
online_soft,25.0,2020-04-30_2021-03-31,12,1.1009642673381714,0.2712264885896778,1.1009642673381714,0.2712264885896778,0.8297377787484936,0.5787007532687876,1.572841862838382,-0.22535583701314854,-0.07033476780972714,0.6666666666666666,1.4427374513945275,2.8016930701394003,0.21391937725526833,0.5555555555555555
online_soft,25.0,2020-05-31_2021-04-30,12,1.3469194608977717,0.2511461011810818,1.3469194608977717,0.2511461011810818,1.0957733597166899,0.5653937627639068,1.8091043404370963,-0.22535583701314854,-0.07033476780972703,0.75,1.7765071758365147,2.680517992806781,0.4560486678548059,0.5277777777777778
online_soft,25.0,2020-06-30_2021-05-31,12,1.6990389509263686,0.22018559574957508,1.6990389509263686,0.22018559574957508,1.4788533551767935,0.5718084105190229,2.0605229677372963,-0.22535583701314854,-0.07033476780972703,0.75,2.1410006122253615,2.662853406060294,0.8117616681110296,0.47222222222222215
online_soft,25.0,2020-07-31_2021-06-30,12,1.6390940663280698,0.1787337447456181,1.6390940663280698,0.1787337447456181,1.4603603215824517,0.570262073797089,2.021644007935136,-0.22535583701314854,-0.07033476780972703,0.75,2.161926886664133,2.719893160014517,0.9169761140588018,0.5
online_soft,25.0,2020-08-31_2021-07-31,12,1.8131089345722828,0.17406019021811336,1.8131089345722828,0.17406019021811336,1.6390487443541695,0.5567539950030944,2.183977602705615,-0.22535583701314854,-0.0471551797914731,0.8333333333333334,2.409211043063173,2.739567774927249,1.0492100752117155,0.5277777777777778
online_soft,25.0,2020-09-30_2021-08-31,12,1.4716287136656736,0.29094300690606567,1.4716287136656736,0.29094300690606567,1.180685706759608,0.6048907764976533,1.8246819061681683,-0.22535583701314854,-0.0471551797914731,0.8333333333333334,1.6107814523846438,3.0357913478076846,0.3378566297391503,0.5277777777777778
online_soft,25.0,2020-10-31_2021-09-30,12,0.9803456252196341,0.285307502281577,0.9803456252196341,0.285307502281577,0.6950381229380571,0.6035009586718104,1.432016281708991,-0.22535583701314854,-0.04715517979147299,0.75,1.1317740026944483,2.678601897706177,0.17531639803609478,0.47222222222222227
online_soft,25.0,2020-11-30_2021-10-31,12,1.27848774703001,0.164192612882329,1.27848774703001,0.164192612882329,1.114295134147681,0.6636633465810359,1.5712193937598922,-0.22535583701314854,-0.04715517979147299,0.75,1.419270909730575,2.537176373851647,0.8652325351846935,0.5277777777777778
online_soft,25.0,2020-12-31_2021-11-30,12,0.7483135790886304,0.10075285366229347,0.7483135790886304,0.10075285366229347,0.6475607254263369,0.6479182237779455,1.159415508610565,-0.22535583701314843,-0.04715517979147321,0.6666666666666666,1.0491819567568694,2.333161575932662,0.6575796106622585,0.5
online_soft,25.0,2021-01-31_2021-12-31,12,0.67429520981934,0.1311417024200292,0.67429520981934,0.1311417024200292,0.5431535073993108,0.6513419132048781,1.0859662041733715,-0.22535583701314854,-0.04715517979147299,0.5833333333333334,0.9289845133694618,2.505442129314219,0.46373588491398676,0.47222222222222227
online_soft,25.0,2021-02-28_2022-01-31,12,0.31730931917091065,0.1035559333431273,0.31730931917091065,0.1035559333431273,0.21375338582778336,0.5469475531480867,0.7520394640086623,-0.21591558682523226,-0.008710521467504728,0.5833333333333334,0.5651394776013031,0.44267282829341115,0.4344236507731576,0.47222222222222227
online_soft,25.0,2021-03-31_2022-02-28,12,0.7569565918855596,0.1814244316261513,0.7569565918855596,0.1814244316261513,0.5755321602594083,0.4685500385705572,1.4296463723046335,-0.21591558682523215,-0.008710521467504728,0.6666666666666666,1.0030623249343542,-3.54016932534691,2.343964788947688,0.5
online_soft,25.0,2021-04-30_2022-03-31,12,0.7466767300490407,0.2056999327796627,0.7466767300490407,0.2056999327796627,0.540976797269378,0.4687196461171011,1.4160628725350815,-0.21591558682523226,-0.008710521467504728,0.6666666666666666,0.94853578415191,-3.747944684475472,2.6797505249846485,0.47222222222222215
online_soft,25.0,2021-05-31_2022-04-30,12,0.515967561701298,0.20202014645819677,0.515967561701298,0.20202014645819677,0.3139474152431012,0.4835081082018909,1.079102954477965,-0.21591558682523215,-0.011058901373715124,0.5833333333333334,0.6621786405811303,-2.4656169583625727,1.5723030221149115,0.5277777777777777
online_soft,25.0,2021-06-30_2022-05-31,12,0.08455087256267002,0.1547230806668567,0.08455087256267002,0.1547230806668567,-0.07017220810418667,0.48951129311175096,0.3735201422661983,-0.21591558682523226,-0.04389760737316839,0.5,0.07179594026638049,0.23882904584907927,0.1580321437832326,0.5555555555555555
online_soft,25.0,2021-07-31_2022-06-30,12,0.08846320493015614,0.14515293481688385,0.08846320493015614,0.14515293481688385,-0.05668972988672771,0.4904346345607547,0.38102823900955624,-0.21591558682523238,-0.04389760737316839,0.5,0.09646359309338784,0.07997970931665245,0.19061825770468932,0.5833333333333334
online_soft,25.0,2021-08-31_2022-07-31,12,0.03768237463013957,0.16719366722844042,0.03768237463013957,0.16719366722844042,-0.12951129259830085,0.4923111532370932,0.28295329726826374,-0.20512740493088688,-0.04389760737316839,0.4166666666666667,-0.038544728246614965,-0.06799331828787863,0.1608489509269111,0.5833333333333334
online_soft,25.0,2021-09-30_2022-08-31,12,0.3581169624849794,0.11990803732841937,0.3581169624849794,0.11990803732841937,0.23820892515656,0.4428542486580604,0.8808495330938451,-0.205127404930887,-0.04389760737316817,0.5,0.6069249852817918,0.08732806719860968,0.45349223846570474,0.6111111111111112
online_soft,25.0,2021-10-31_2022-09-30,12,0.4081871864127413,0.07700156092153554,0.4081871864127413,0.07700156092153554,0.3311856254912058,0.43838307754866257,0.9710270689289071,-0.2051274049308871,-0.04389760737316828,0.5,0.7989168573109202,0.6491311210533309,0.44765833562792734,0.638888888888889
online_soft,25.0,2021-11-30_2022-10-31,12,-0.013914943349478848,0.0837751064100245,-0.013914943349478848,0.0837751064100245,-0.09769004975950335,0.2567219174952403,0.06502892610691592,-0.205127404930887,-0.04389760737316839,0.4166666666666667,-0.29403698069529055,1.8465537512411785,-0.12869344214390566,0.6111111111111112
online_soft,25.0,2021-12-31_2022-11-30,12,-0.06029325468896318,0.04089310124175727,-0.06029325468896318,0.04089310124175727,-0.10118635593072045,0.26812851888263306,-0.10638416296994908,-0.205127404930887,-0.052330809109684795,0.4166666666666667,-0.3162030523583578,1.93829098246731,-0.10694518070984893,0.6111111111111112
online_soft,25.0,2022-01-31_2022-12-31,12,-0.05400908935194426,0.03139589518781816,-0.05400908935194426,0.03139589518781816,-0.08540498453976242,0.26806866600546936,-0.08165191055753013,-0.205127404930887,-0.0538908420070876,0.5,-0.24673713089295254,1.9396142047062312,-0.08468929623012644,0.638888888888889
online_soft,25.0,2022-02-28_2023-01-31,12,-0.08151471888190887,-0.006523085673795559,-0.08151471888190887,-0.006523085673795559,-0.0749916332081133,0.257579656390933,-0.20827741852486137,-0.205127404930887,-0.053890842007087936,0.5,-0.21664321574857617,1.7617319354748369,-0.045586390129761956,0.6944444444444445
online_soft,25.0,2022-03-31_2023-02-28,12,-0.0767257625744806,-0.03763942955797195,-0.0767257625744806,-0.03763942955797195,-0.039086333016508656,0.25849334270733326,-0.1867013668295538,-0.205127404930887,-0.05860315994470999,0.5,-0.05165411659075483,1.798984239610842,0.016943820969074874,0.6666666666666666
online_soft,25.0,2022-04-30_2023-03-31,12,-0.15188260790041652,-0.0433257664262765,-0.15188260790041652,-0.0433257664262765,-0.10855684147414002,0.25640978382981694,-0.5185805847760498,-0.14799757633004895,-0.052003665957635614,0.4166666666666667,-0.3780413115132741,1.4340312943549633,-0.0700768892715875,0.6944444444444443
online_soft,25.0,2022-05-31_2023-04-30,12,-0.3429861231132132,-0.07213752035282106,-0.3429861231132132,-0.07213752035282106,-0.27084860276039213,0.3682523763089526,-0.9319339557479805,-0.3345435493877559,-0.07596598010903766,0.4166666666666667,-0.8204490855805249,2.803614567694108,-0.13252999583447056,0.6388888888888888
online_soft,25.0,2022-06-30_2023-05-31,12,-0.24232139137757092,-0.0361282154897381,-0.24232139137757092,-0.0361282154897381,-0.2061931758878328,0.34444742234385434,-0.6173565949240067,-0.3461608021901159,-0.07596598010903755,0.4166666666666667,-0.565697502999253,2.484005933867754,-0.11986812731293761,0.6666666666666666
online_soft,25.0,2022-07-31_2023-06-30,12,-0.2987727788697576,-0.0028433046031512976,-0.2987727788697576,-0.0028433046031512976,-0.2959294742666063,0.3169492360160119,-0.9342913727771881,-0.34616080219011613,-0.07596598010903743,0.3333333333333333,-1.0493877150338984,2.030840502128657,-0.2594525164325082,0.611111111111111
online_soft,25.0,2022-08-31_2023-07-31,12,-0.2736039455249756,-0.031389184091800915,-0.2736039455249756,-0.031389184091800915,-0.24221476143317466,0.3184712698158368,-0.8202750362885155,-0.346160802190116,-0.0655917893195096,0.4166666666666667,-0.8258844194953517,2.542919052193355,-0.1715236412751504,0.611111111111111
online_soft,25.0,2022-09-30_2023-08-31,12,-0.28774317143848316,-0.014331580574544756,-0.28774317143848316,-0.014331580574544756,-0.2734115908639384,0.3130955140267953,-0.9004401139301079,-0.346160802190116,-0.06559178931950937,0.4166666666666667,-1.0065203330361792,3.0175727665811545,-0.21975346280362773,0.6388888888888888
online_soft,25.0,2022-10-31_2023-09-30,12,-0.3626912486781598,-0.04883569016310929,-0.3626912486781598,-0.04883569016310929,-0.31385555851505054,0.3216887895079449,-1.2038359698853673,-0.3383660979325779,-0.06327241269436523,0.4166666666666667,-1.2456765810982682,3.0351739912180316,-0.2181585227091416,0.6666666666666666
online_soft,25.0,2022-11-30_2023-10-31,12,-0.32112052185460127,-8.074453772832779e-05,-0.32112052185460127,-8.074453772832779e-05,-0.32103977731687294,0.3251120998623122,-0.9994647262559929,-0.338366097932578,-0.04084242285001627,0.4166666666666667,-1.2063720629656531,2.349270739709402,-0.28722796228954106,0.638888888888889
online_soft,25.0,2022-12-31_2023-11-30,12,-0.47145459807618695,0.06162621592425688,-0.47145459807618695,0.06162621592425688,-0.5330808140004438,0.4146859508780335,-1.2728406549072013,-0.5196528915340656,-0.04084242285001627,0.4166666666666667,-1.4930786102585523,1.4710934766543742,-0.4716000304026924,0.611111111111111
online_soft,25.0,2023-01-31_2023-12-31,12,-0.4721032195864858,0.05389394652891433,-0.4721032195864858,0.05389394652891433,-0.5259971661154001,0.4145491030990145,-1.2762181602877458,-0.5207215793598952,-0.04084242285001627,0.4166666666666667,-1.4745505973475788,1.400281084359385,-0.4640546105737544,0.5833333333333334
online_soft,25.0,2023-02-28_2024-01-31,12,-0.5127309636193993,0.06910062416905749,-0.5127309636193993,0.06910062416905749,-0.5818315877884568,0.3998506849740811,-1.5272598170731018,-0.5308250912085388,-0.04084242285001627,0.3333333333333333,-1.7955888405609381,1.4907343082785582,-0.5220604941330689,0.5833333333333333
online_soft,25.0,2023-03-31_2024-02-29,12,-0.4596382428322,0.07105311702696282,-0.4596382428322,0.07105311702696282,-0.5306913598591628,0.441330521998758,-1.1273047438948305,-0.5091796760049234,-0.04084242285001627,0.3333333333333333,-1.3401739687810403,1.3696371916821906,-0.45780996408047914,0.611111111111111
online_soft,25.0,2023-04-30_2024-03-31,12,-0.475134530294531,0.04605177038880415,-0.475134530294531,0.04605177038880415,-0.5211863006833352,0.44235964476355094,-1.1866518958703898,-0.36483518161540296,-0.028914327222309355,0.3333333333333333,-1.3484172127393799,1.4152283468531892,-0.45617931946766976,0.611111111111111
online_soft,25.0,2023-05-31_2024-04-30,12,-0.27397729219648514,0.05087612226469651,-0.27397729219648514,0.05087612226469651,-0.32485341446118166,0.36231903101213664,-0.6843075589689686,-0.36483518161540307,-0.04720745865673304,0.4166666666666667,-0.7959314625595854,-0.2797666153930668,-0.2097069947044934,0.611111111111111
online_soft,25.0,2023-06-30_2024-05-31,12,-0.2829911897056038,0.06029804021364593,-0.2829911897056038,0.06029804021364593,-0.3432892299192497,0.3624066992739075,-0.7178022842724068,-0.36483518161540307,-0.04720745865673304,0.4166666666666667,-0.851096825806729,-0.28689720350259457,-0.21711875461841057,0.5833333333333334
online_soft,25.0,2023-07-31_2024-06-30,12,-0.24115184889839192,0.046802268590376395,-0.24115184889839192,0.046802268590376395,-0.2879541174887683,0.3778039433830033,-0.5283937748155612,-0.36483518161540307,-0.04720745865673304,0.5,-0.63628407972851,-0.22282558642942166,-0.1732250810668653,0.5833333333333334
online_soft,25.0,2023-08-31_2024-07-31,12,-0.22729041839357467,0.10318514893952901,-0.22729041839357467,0.10318514893952901,-0.3304755673331037,0.3794992353690647,-0.4775670300967651,-0.36483518161540307,-0.04720745865673315,0.4166666666666667,-0.7290256342126163,0.08714342933975924,-0.1744733539497575,0.5555555555555555
online_soft,25.0,2023-09-30_2024-08-31,12,-0.3137386301478021,0.08473288946892565,-0.3137386301478021,0.08473288946892565,-0.3984715196167278,0.3781911781271135,-0.7875333998064582,-0.30326540133554636,-0.04720745865673315,0.3333333333333333,-1.0012551147259665,0.29868195564745054,-0.27967510751668345,0.49999999999999994
online_soft,25.0,2023-10-31_2024-09-30,12,-0.030462461351975945,0.12170948346779942,-0.030462461351975945,0.12170948346779942,-0.15217194481977536,0.4643569507506589,0.1548296957872255,-0.30326540133554636,-0.047207458656732815,0.4166666666666667,-0.09975513169295533,-0.15018079711046523,0.09362805964408794,0.49999999999999994
online_soft,25.0,2023-11-30_2024-10-31,12,-0.09054623677398865,0.004734660022875703,-0.09054623677398865,0.004734660022875703,-0.09528089679686436,0.46688826996806804,0.018898370059002752,-0.09930301673602104,-0.07254414974326939,0.5,-0.0026664947876483894,0.127641731097593,0.007561226192362103,0.47222222222222215
online_soft,25.0,2023-12-31_2024-11-30,12,0.386589869064071,-0.026522408525777696,0.386589869064071,-0.026522408525777696,0.4131122775898487,0.35123113684089124,1.0906287228252955,-0.09930301673602115,-0.07702368625268241,0.5833333333333334,1.2011136261132274,0.9476954684276743,0.4875573175748762,0.47222222222222215
online_soft,25.0,2024-01-31_2024-12-31,12,0.5105691067133211,-0.013699490369203038,0.5105691067133211,-0.013699490369203038,0.5242685970825242,0.3530946710376908,1.3375361698494108,-0.09930301673602104,-0.07702368625268208,0.5833333333333334,1.4188980772398292,0.949340916554225,0.6020125709693209,0.4166666666666666
online_soft,25.0,2024-02-29_2025-01-31,12,0.7703174426894246,-0.14290566323586873,0.7703174426894246,-0.14290566323586873,0.9132231059252933,0.36168244278993983,1.7711834205606165,-0.09930301673602115,-0.18252959118595857,0.6666666666666666,1.9830303979657062,-0.01917218540718553,0.8617399349061694,0.3888888888888889
online_soft,25.0,2024-03-31_2025-02-28,12,0.1277034877200145,-0.10676537761977256,0.1277034877200145,-0.10676537761977256,0.23446886533978706,0.4646417374643157,0.47894128991664414,-0.26634209351191407,-0.1825295911859588,0.5833333333333334,0.6126809497970088,-0.6507337274313179,0.16951630771382864,0.3611111111111111
online_soft,25.0,2024-04-30_2025-03-31,12,0.6367456318898894,-0.06461005552580057,0.6367456318898894,-0.06461005552580057,0.70135568741569,0.5560557907362091,1.1539351425927027,-0.2663420935119142,-0.18252959118595868,0.6666666666666666,1.18856626957419,-0.06255877652719832,0.8625420127289822,0.3611111111111111
online_soft,25.0,2024-05-31_2025-04-30,12,0.5987065115733234,0.02942056800377868,0.5987065115733234,0.02942056800377868,0.5692859435695448,0.5589836833380125,1.1063259787633382,-0.26634209351191407,-0.18252959118595857,0.5833333333333334,0.9553109212035346,-0.28457574359777155,0.8494644537916933,0.3611111111111111
online_soft,25.0,2024-06-30_2025-05-31,12,0.628335820770924,-0.019239253194651806,0.628335820770924,-0.019239253194651806,0.6475750739655758,0.556417528679915,1.143748732255172,-0.26634209351191407,-0.18252959118595835,0.6666666666666666,1.077941460162927,-0.16388445410856295,0.8579699440961854,0.3611111111111111
online_soft,25.0,2024-07-31_2025-06-30,12,0.5882240732535544,0.03150250800801424,0.5882240732535544,0.03150250800801424,0.5567215652455402,0.554718603758884,1.0985177530360348,-0.26634209351191407,-0.1825295911859589,0.5833333333333334,0.9383594207325837,-0.12994268464482814,0.8229970444273689,0.3611111111111111
online_soft,25.0,2024-08-31_2025-07-31,12,0.7366211566939058,0.02082724764079913,0.7366211566939058,0.02082724764079913,0.7157939090531067,0.5581833905873844,1.2633300081546834,-0.26634209351191407,-0.1720911800730176,0.6666666666666666,1.1281397948513976,-0.005746122308922928,0.9846361021140819,0.3888888888888889
online_soft,25.0,2024-09-30_2025-08-31,12,1.5760509019136237,0.07082064647411035,1.5760509019136237,0.07082064647411035,1.5052302554395134,0.6178951213246914,1.8653534737692583,-0.26634209351191407,-0.1720911800730176,0.75,1.6612711972834149,0.09773864707211088,1.9827577644172805,0.4166666666666667
online_soft,25.0,2024-10-31_2025-09-30,12,1.4601306312444131,0.07787885846139209,1.4601306312444131,0.07787885846139209,1.382251772783021,0.6033163001940631,1.8160434575213567,-0.26634209351191407,-0.11858833109117162,0.75,1.600771363686048,0.12202398908088395,1.823800825361055,0.38888888888888884
online_soft,25.0,2024-11-30_2025-10-31,12,2.3843697239242876,0.1960061542824556,2.3843697239242876,0.1960061542824556,2.188363569641832,0.621072890707758,2.341618777392983,-0.26634209351191407,-0.11795970406671652,0.75,1.9424290093540046,-0.01893828429909772,2.9591434217477923,0.4444444444444444
online_soft,25.0,2024-12-31_2025-11-30,12,2.1339816826138036,0.22133541890163522,2.1339816826138036,0.22133541890163522,1.9126462637121684,0.6309589568203742,2.1774061575181434,-0.26634209351191407,-0.11795970406671652,0.6666666666666666,1.7585257466728488,-0.038243558676865595,2.6994416726442583,0.5
online_soft,25.0,2025-01-31_2025-12-31,12,1.6588746789206827,0.17166648362633885,1.6588746789206827,0.17166648362633885,1.487208195294344,0.6596591928080954,1.8328675695970458,-0.26634209351191407,-0.03669877287899381,0.5833333333333334,1.53669798370895,0.2625968697255076,2.033976222920956,0.5833333333333334
online_soft,25.0,2025-02-28_2026-01-31,12,1.2733983971069405,0.31334945156909844,1.2733983971069405,0.31334945156909844,0.960048945537842,0.6677892231477801,1.5614852935546804,-0.09538909497352333,-0.04758367670999886,0.5,1.1731151935387187,1.3394208651036172,0.9083963043332812,0.5833333333333334
online_soft,25.0,2025-03-31_2026-02-28,12,1.4809985611487346,0.08257309459079365,1.4809985611487346,0.08257309459079365,1.398425466557941,0.6315040957367868,1.7572943326460906,-0.2757201816569832,-0.18488813271044613,0.5,1.902036062899364,1.8598017177972181,1.4335359243647754,0.638888888888889
online_soft,25.0,2025-04-30_2026-03-31,12,0.8085539056174593,0.028079656548997578,0.8085539056174593,0.028079656548997578,0.7804742490684617,0.5734929253927319,1.2981627053402436,-0.288502737375134,-0.19546042589812018,0.4166666666666667,1.463312632239617,1.7105399947292288,0.9054410110093565,0.638888888888889
online_soft,25.0,2025-05-31_2026-04-30,12,0.5914641942650223,-0.14610708694572017,0.5914641942650223,-0.14610708694572017,0.7375712812107424,0.6037489319892082,1.0389665262649195,-0.38863063855322777,-0.29138146686445754,0.4166666666666667,1.651865510299765,1.963066746249243,1.350318330094506,0.638888888888889
online_soft,25.0,2025-06-30_2026-05-31,12,0.4032742939837908,-0.18541351506394133,0.4032742939837908,-0.18541351506394133,0.5886878090477321,0.6280736421826735,0.8126525961091777,-0.46721719191227606,-0.34737666250868915,0.3333333333333333,1.4547123865614384,2.014798026798251,1.3057946572383141,0.611111111111111
online_soft,25.0,2025-07-31_2026-06-30,12,0.426573388412383,-0.1667764227923394,0.426573388412383,-0.1667764227923394,0.5933498112047224,0.6291841547415489,0.8394646484967123,-0.4672171919122762,-0.34737666250868904,0.3333333333333333,1.4365605345209433,1.8782821727746353,1.1949834022426828,0.6388888888888888
online_soft,25.0,2025-08-31_2026-07-31,11,0.27245275003067704,-0.20361006057922837,0.3006323244236102,-0.2199234939209873,0.5205558183445975,0.6539701582496378,0.6790250497790877,-0.46721719191227606,-0.34737666250868904,0.2727272727272727,1.3307758164742465,1.9184799158039254,1.2896595191480253,0.6363636363636362
