model,cost_bps,period,months,strategy_total_return,benchmark_total_return,strategy_cagr,benchmark_cagr,excess_cagr,strategy_volatility,strategy_sharpe_rf0,strategy_max_drawdown,benchmark_max_drawdown,active_hit_rate,information_ratio,beta_to_benchmark,annualized_alpha_rf0,average_monthly_turnover
cap300_composite,25.0,2019-01-31_2019-12-31,12,-0.05654301439342335,-0.0907583313333864,-0.05654301439342335,-0.0907583313333864,0.03421531693996305,0.3454943537689278,-0.003254438790724015,-0.2887123423852268,-0.08173242622854304,0.5833333333333334,0.30510642416542577,2.210707941408235,0.21722040989588165,0.6111111111111112
cap300_composite,25.0,2019-02-28_2020-01-31,12,-0.1278638964548271,-0.15374678206850467,-0.1278638964548271,-0.15374678206850467,0.025882885613677575,0.35345892825032216,-0.2172381287503049,-0.2887123423852268,-0.157070533612218,0.5833333333333334,0.2800706678197294,1.777506749619248,0.2253061524777391,0.5555555555555555
cap300_composite,25.0,2019-03-31_2020-02-29,12,-0.2059787968378124,-0.2983301643039218,-0.2059787968378124,-0.2983301643039218,0.09235136746610939,0.3401855403764972,-0.5104785039806321,-0.19427404807531323,-0.2968733323797681,0.5833333333333334,0.48907508994093374,0.6752327061848844,0.05029867377491026,0.5277777777777777
cap300_composite,25.0,2019-04-30_2020-03-31,12,-0.19836228550525603,-0.26938100433105683,-0.19836228550525603,-0.26938100433105683,0.0710187188258008,0.33603436276091236,-0.4934356321039094,-0.3346318685533467,-0.2897384073692094,0.5833333333333334,0.3591393908056407,0.4480338300825387,-0.03580159954350237,0.5555555555555555
cap300_composite,25.0,2019-05-31_2020-04-30,12,-0.08072911125012783,-0.23441422140073764,-0.08072911125012783,-0.23441422140073764,0.15368511015060982,0.31103492637117636,-0.12283551743148946,-0.336495255877569,-0.2897384073692094,0.5833333333333334,0.6291466560675375,0.395906347147676,0.05948367682398392,0.49999999999999994
cap300_composite,25.0,2019-06-30_2020-05-31,12,-0.20975579120265075,-0.22854562482453433,-0.20975579120265075,-0.22854562482453433,0.018789833621883578,0.3016044971782506,-0.6311149721271746,-0.3817387397848361,-0.2897384073692095,0.5,0.13074024570875215,0.21160870201395987,-0.13190974833718916,0.5555555555555555
cap300_composite,25.0,2019-07-31_2020-06-30,12,-0.04431717847845418,-0.1941752572672133,-0.04431717847845418,-0.1941752572672133,0.14985807878875912,0.3621085583772435,0.040828872754172275,-0.3817387397848361,-0.2827760862119635,0.5833333333333334,0.5641165887008527,0.4908576763106171,0.1136577462509949,0.5555555555555555
cap300_composite,25.0,2019-08-31_2020-07-31,12,-0.1756474838508083,-0.1722348942847023,-0.1756474838508083,-0.1722348942847023,-0.003412589566106017,0.3567136647299575,-0.3751131272342607,-0.3817387397848361,-0.27948217627529803,0.5,0.0801770164453626,0.4267202331327287,-0.06230777723835146,0.5277777777777778
cap300_composite,25.0,2019-09-30_2020-08-31,12,-0.18473620002671376,-0.21057570090232802,-0.18473620002671376,-0.21057570090232802,0.025839500875614263,0.3574023066579328,-0.40439807259465066,-0.3817387397848361,-0.27948217627529803,0.5833333333333334,0.173500698529797,0.42778119890821564,-0.05401266497178758,0.5555555555555555
cap300_composite,25.0,2019-10-31_2020-09-30,12,-0.08878186718392012,-0.1766274605970889,-0.08878186718392012,-0.1766274605970889,0.08784559341316878,0.42349420221828604,-0.032991737160968426,-0.38173873978483597,-0.2794821762752979,0.5833333333333334,0.37638924194380463,0.6612307551831719,0.09935413619683842,0.5555555555555556
cap300_composite,25.0,2019-11-30_2020-10-31,12,-0.10356164974259896,-0.06643817837031618,-0.10356164974259896,-0.06643817837031618,-0.03712347137228278,0.42352104433341536,-0.07150443594110327,-0.3817387397848361,-0.2794821762752979,0.5,0.013191802003733042,0.54520755934231,-0.010726237222881907,0.5
cap300_composite,25.0,2019-12-31_2020-11-30,12,-0.04448814043579086,-0.050871312509224054,-0.04448814043579086,-0.050871312509224054,0.0063831720734331965,0.45054583553179917,0.09538268684019847,-0.30093095096843037,-0.2358764964179022,0.5,0.14283063798207957,0.6348759945496003,0.0559803389305531,0.5277777777777778
cap300_composite,25.0,2020-01-31_2020-12-31,12,0.25617787895868416,-0.013079995771551722,0.25617787895868416,-0.013079995771551722,0.2692578747302359,0.45615473757672803,0.7042916107500867,-0.24441369563975535,-0.16758179221927783,0.5833333333333334,0.6613016764184405,0.49622621217008356,0.3603432628636618,0.5277777777777778
cap300_composite,25.0,2020-02-29_2021-01-31,12,0.8085823760605169,0.14471568274700242,0.8085823760605169,0.14471568274700242,0.6638666933135144,0.5323966821464986,1.367632877985942,-0.23266557476734417,-0.07033476780972703,0.5833333333333334,1.0897670865412121,0.6405953556115404,0.8334573352682573,0.5277777777777778
cap300_composite,25.0,2020-03-31_2021-02-28,12,1.2698150468567206,0.3187076559568369,1.2698150468567206,0.3187076559568369,0.9511073908998837,0.5521541330025291,1.7734959627203086,-0.10271449511728681,-0.07033476780972703,0.5833333333333334,1.2328792320153963,0.4033296141954773,1.2973386065674566,0.5555555555555556
cap300_composite,25.0,2020-04-30_2021-03-31,12,1.7017995173753877,0.2712264885896778,1.7017995173753877,0.2712264885896778,1.43057302878571,0.4917913526101882,2.3107499603048636,-0.10271449511728681,-0.07033476780972714,0.5833333333333334,1.8247345104941868,0.6538234141625247,1.5406487661305963,0.5277777777777778
cap300_composite,25.0,2020-05-31_2021-04-30,12,1.8595594368377517,0.2511461011810818,1.8595594368377517,0.2511461011810818,1.6084133356566699,0.48255827765890125,2.475626389067591,-0.10271449511728692,-0.07033476780972703,0.6666666666666666,2.013585914569501,0.6345659069958792,1.7182713554212117,0.5555555555555555
cap300_composite,25.0,2020-06-30_2021-05-31,12,2.426507552639431,0.22018559574957508,2.426507552639431,0.22018559574957508,2.206321956889856,0.44651984690281726,3.08917689143471,-0.10271449511728692,-0.07033476780972703,0.75,2.6964240049242902,0.7177035852297381,2.213504730315788,0.49999999999999994
cap300_composite,25.0,2020-07-31_2021-06-30,12,3.039379233723926,0.1787337447456181,3.039379233723926,0.1787337447456181,2.8606454889783075,0.52600791961965,3.0252887037539535,-0.037976107551810356,-0.07033476780972703,0.75,2.7261953343789798,0.6443022130353445,3.025351174553177,0.5
cap300_composite,25.0,2020-08-31_2021-07-31,12,3.4193354536984097,0.17406019021811336,3.4193354536984097,0.17406019021811336,3.2452752634802966,0.49610097117445273,3.3845105434277016,-0.01703672352811747,-0.0471551797914731,0.8333333333333334,3.0937605933045202,0.6720235027962316,3.3427661823797816,0.5
cap300_composite,25.0,2020-09-30_2021-08-31,12,2.6218068028325816,0.29094300690606567,2.6218068028325816,0.29094300690606567,2.3308637959265157,0.5862096840337515,2.5681063108138122,-0.2115862860692197,-0.0471551797914731,0.75,2.060414223453482,0.025416186459961233,3.105052060657381,0.5
cap300_composite,25.0,2020-10-31_2021-09-30,12,1.817811751281719,0.285307502281577,1.817811751281719,0.285307502281577,1.532504249000142,0.592195501479114,2.077382458234579,-0.23947747988704005,-0.04715517979147299,0.6666666666666666,1.5596457335255665,-0.4344978971899613,2.574919382524945,0.47222222222222215
cap300_composite,25.0,2020-11-30_2021-10-31,12,1.941259279071113,0.164192612882329,1.941259279071113,0.164192612882329,1.777066666188784,0.5846992230041315,2.1781458423158515,-0.23947747988704016,-0.04715517979147299,0.75,1.890956554587996,0.2803585658452553,2.222292132403996,0.5555555555555555
cap300_composite,25.0,2020-12-31_2021-11-30,12,1.2358416557197018,0.10075285366229347,1.2358416557197018,0.10075285366229347,1.1350888020574084,0.611366506133916,1.6182909182220842,-0.29255307274529363,-0.04715517979147321,0.6666666666666666,1.4312284396091985,-0.10654492851293788,1.6132832631352816,0.5277777777777778
cap300_composite,25.0,2021-01-31_2021-12-31,12,1.0670028778544984,0.1311417024200292,1.0670028778544984,0.1311417024200292,0.9358611754344692,0.6050658650050618,1.490033030526503,-0.2925530727452934,-0.04715517979147299,0.6666666666666666,1.2693377873304885,0.18713783207332133,1.3327283344894254,0.49999999999999994
cap300_composite,25.0,2021-02-28_2022-01-31,12,0.8064965271101017,0.1035559333431273,0.8064965271101017,0.1035559333431273,0.7029405937669744,0.5478868319687962,1.3391224818746497,-0.2925530727452935,-0.008710521467504728,0.6666666666666666,1.1017137004347854,-1.7586135538703243,1.4102920748403371,0.49999999999999994
cap300_composite,25.0,2021-03-31_2022-02-28,12,0.4518613241287941,0.1814244316261513,0.4518613241287941,0.1814244316261513,0.2704368925026428,0.5163149978565122,0.9511335347968464,-0.2925530727452934,-0.008710521467504728,0.5833333333333334,0.6150123802698736,-0.4399741680471376,0.7380049446950767,0.49999999999999994
cap300_composite,25.0,2021-04-30_2022-03-31,12,0.678387053224204,0.2056999327796627,0.678387053224204,0.2056999327796627,0.4726871204445413,0.520295891843253,1.2386235062416364,-0.2925530727452935,-0.008710521467504728,0.6666666666666666,0.8619868558231151,-0.5217800655634539,1.0575305587681498,0.5277777777777778
cap300_composite,25.0,2021-05-31_2022-04-30,12,0.8921741339172411,0.20202014645819677,0.8921741339172411,0.20202014645819677,0.6901539874590443,0.537853334247537,1.4481406529275318,-0.2925530727452935,-0.011058901373715124,0.6666666666666666,1.0726542591634298,-1.5685199935451377,1.7928747753194187,0.5
cap300_composite,25.0,2021-06-30_2022-05-31,12,0.2613238538352207,0.1547230806668567,0.2613238538352207,0.1547230806668567,0.10660077316836403,0.6212197543660518,0.6545635349039718,-0.29255307274529363,-0.04389760737316839,0.5833333333333334,0.425532367020382,1.746296662338861,0.1597295649608843,0.5
cap300_composite,25.0,2021-07-31_2022-06-30,12,-0.1589799545548347,0.14515293481688385,-0.1589799545548347,0.14515293481688385,-0.30413288937171856,0.483620670063695,-0.1217087586072282,-0.30673669693645433,-0.04389760737316839,0.5,-0.42233699343753905,1.6779896503253189,-0.2560810546524026,0.49999999999999994
cap300_composite,25.0,2021-08-31_2022-07-31,12,-0.34301868307699446,0.16719366722844042,-0.34301868307699446,0.16719366722844042,-0.5102123503054349,0.5209648469713146,-0.5416133835424722,-0.44737310393378693,-0.04389760737316839,0.4166666666666667,-0.854506866939344,0.9142548898523131,-0.35268135191435146,0.5277777777777778
cap300_composite,25.0,2021-09-30_2022-08-31,12,-0.1142697609223966,0.11990803732841937,-0.1142697609223966,0.11990803732841937,-0.23417779825081597,0.48385706818454244,-0.0158109622101691,-0.44737310393378693,-0.04389760737316817,0.5,-0.26024173797067923,0.7793241000815994,-0.09458305612287898,0.5277777777777778
cap300_composite,25.0,2021-10-31_2022-09-30,12,-0.14573013026257342,0.07700156092153554,-0.14573013026257342,0.07700156092153554,-0.22273169118410896,0.487738126387723,-0.08593308300146635,-0.453505033501615,-0.04389760737316828,0.5,-0.24842092101352914,1.2829037525642957,-0.1319512564478338,0.5277777777777778
cap300_composite,25.0,2021-11-30_2022-10-31,12,-0.13871758662040157,0.0837751064100245,-0.13871758662040157,0.0837751064100245,-0.22249269303042607,0.4884975456680511,-0.06844570094188254,-0.453505033501615,-0.04389760737316839,0.5,-0.24359868477835156,1.3511954414507537,-0.1365112447625466,0.5277777777777778
cap300_composite,25.0,2021-12-31_2022-11-30,12,0.38906088456278765,0.04089310124175727,0.38906088456278765,0.04089310124175727,0.3481677833210304,0.6535506756113494,0.7934037582463475,-0.45350503350161486,-0.052330809109684795,0.5833333333333334,0.704758467127614,-1.4540494538704194,0.764607997730895,0.5277777777777778
cap300_composite,25.0,2022-01-31_2022-12-31,12,0.21956331478200708,0.03139589518781816,0.21956331478200708,0.03139589518781816,0.18816741959418892,0.6597455476949037,0.5871463546096647,-0.4535050335016151,-0.0538908420070876,0.5,0.5195917828158665,-1.4066241663425596,0.5337542184551487,0.5833333333333333
cap300_composite,25.0,2022-02-28_2023-01-31,12,0.37345604352710104,-0.006523085673795559,0.37345604352710104,-0.006523085673795559,0.3799791292008966,0.7064843565138395,0.7562389184422835,-0.453505033501615,-0.053890842007087936,0.5,0.7358711511581608,-2.772637939312908,0.668701773057462,0.6388888888888888
cap300_composite,25.0,2022-03-31_2023-02-28,12,0.2544350158961102,-0.03763942955797195,0.2544350158961102,-0.03763942955797195,0.2920744454540821,0.7184459586387519,0.6238487577681767,-0.453505033501615,-0.05860315994470999,0.5,0.6547963325957116,-2.845063796909976,0.405527535202757,0.611111111111111
cap300_composite,25.0,2022-04-30_2023-03-31,12,0.10913273170251125,-0.0433257664262765,0.10913273170251125,-0.0433257664262765,0.15245849812878776,0.710678917795121,0.44546079977349273,-0.453505033501615,-0.052003665957635614,0.4166666666666667,0.48700176002801987,-3.8424498919216887,0.16578229783292597,0.6388888888888888
cap300_composite,25.0,2022-05-31_2023-04-30,12,-0.29961627620435827,-0.07213752035282106,-0.29961627620435827,-0.07213752035282106,-0.2274787558515372,0.7354861284477155,-0.16576930444755233,-0.3152025111583945,-0.07596598010903766,0.3333333333333333,-0.0668739082512161,-0.93217835051406,-0.1734870498512855,0.6666666666666666
cap300_composite,25.0,2022-06-30_2023-05-31,12,0.04005187324104953,-0.0361282154897381,0.04005187324104953,-0.0361282154897381,0.07618008873078763,0.6912709318211591,0.34580331271801495,-0.3152025111583946,-0.07596598010903755,0.4166666666666667,0.38381096837173584,-2.5613025370679887,0.16160154537453764,0.7222222222222222
cap300_composite,25.0,2022-07-31_2023-06-30,12,0.22015094346261033,-0.0028433046031512976,0.22015094346261033,-0.0028433046031512976,0.22299424806576162,0.6875545374094643,0.5822581177304261,-0.3152025111583947,-0.07596598010903743,0.5,0.5674639350842919,-1.3008106443285339,0.48307891843338857,0.75
cap300_composite,25.0,2022-08-31_2023-07-31,12,0.47113707873410093,-0.031389184091800915,0.47113707873410093,-0.031389184091800915,0.5025262628259018,0.6442885316642579,0.8758596343301046,-0.3152025111583946,-0.0655917893195096,0.5,0.9149136671643835,-0.03084986133172048,0.7342518276461549,0.7222222222222222
cap300_composite,25.0,2022-09-30_2023-08-31,12,0.6551528373862152,-0.014331580574544756,0.6551528373862152,-0.014331580574544756,0.66948441796076,0.6613598909214465,1.0542841698004775,-0.3152025111583946,-0.06559178931950937,0.5,1.0661700560027234,-0.000795416501249859,0.9694356170960867,0.7222222222222222
cap300_composite,25.0,2022-10-31_2023-09-30,12,0.6593745147813999,-0.04883569016310929,0.6593745147813999,-0.04883569016310929,0.7082102049445091,0.6608639393869977,1.058666127501515,-0.3152025111583946,-0.06327241269436523,0.5,1.1354829392521342,0.848285832616867,1.0500794677325387,0.7499999999999999
cap300_composite,25.0,2022-11-30_2023-10-31,12,0.5998179876222696,-8.074453772832779e-05,0.5998179876222696,-8.074453772832779e-05,0.5998987321599979,0.6629732107992531,0.9989321421884502,-0.3152025111583946,-0.04084242285001627,0.4166666666666667,0.9879983375760217,0.22691969614564922,0.9037379718393828,0.7222222222222222
cap300_composite,25.0,2022-12-31_2023-11-30,12,-0.25028536285194336,0.06162621592425688,-0.25028536285194336,0.06162621592425688,-0.31191157877620024,0.6048901826451183,-0.18131011631504265,-0.3940786586387902,-0.04084242285001627,0.3333333333333333,-0.290726802634084,1.2125844012228242,-0.17150026286089493,0.7222222222222223
cap300_composite,25.0,2023-01-31_2023-12-31,12,-0.20393863881622398,0.05389394652891433,-0.20393863881622398,0.05389394652891433,-0.2578325853451383,0.6027414284042594,-0.0851638853272663,-0.3940786586387902,-0.04084242285001627,0.4166666666666667,-0.18094462384790969,1.1257797751902037,-0.1087975135036855,0.6944444444444445
cap300_composite,25.0,2023-02-28_2024-01-31,12,-0.4400253561765902,0.06910062416905749,-0.4400253561765902,0.06910062416905749,-0.5091259803456477,0.49693947369687785,-0.8857360296169583,-0.41092647460770215,-0.04084242285001627,0.3333333333333333,-1.0539991911669615,1.2517294848167106,-0.41760596346751544,0.6666666666666666
cap300_composite,25.0,2023-03-31_2024-02-29,12,-0.30984265745273953,0.07105311702696282,-0.30984265745273953,0.07105311702696282,-0.38089577447970235,0.5153373360599843,-0.44488581971348584,-0.41092647460770204,-0.04084242285001627,0.4166666666666667,-0.5938496663507915,0.9626755333179895,-0.26127675669596795,0.7222222222222222
cap300_composite,25.0,2023-04-30_2024-03-31,12,-0.30860671680375773,0.04605177038880415,-0.30860671680375773,0.04605177038880415,-0.3546584871925619,0.5154311669269551,-0.4413140834808496,-0.41092647460770215,-0.028914327222309355,0.5,-0.5421455716979128,0.8787151240793921,-0.23921496841447054,0.6666666666666666
cap300_composite,25.0,2023-05-31_2024-04-30,12,-0.17141743952305033,0.05087612226469651,-0.17141743952305033,0.05087612226469651,-0.22229356178774684,0.46171940203883033,-0.16975329651377294,-0.41092647460770215,-0.04720745865673304,0.5,-0.2790967217952741,-0.09325446116834221,-0.0709978989423895,0.6388888888888888
cap300_composite,25.0,2023-06-30_2024-05-31,12,-0.19965255249851932,0.06029804021364593,-0.19965255249851932,0.06029804021364593,-0.25995059271216525,0.45322929443806315,-0.25603315350444894,-0.41092647460770215,-0.04720745865673304,0.5,-0.3861923631956878,0.007152556628632712,-0.11046426287777755,0.611111111111111
cap300_composite,25.0,2023-07-31_2024-06-30,12,-0.2574371492946541,0.046802268590376395,-0.2574371492946541,0.046802268590376395,-0.3042394178850305,0.44047203645462646,-0.4425610562731242,-0.41092647460770215,-0.04720745865673304,0.4166666666666667,-0.5351527010554507,-0.4994905105533221,-0.15777731733799716,0.5277777777777778
cap300_composite,25.0,2023-08-31_2024-07-31,12,-0.25069230872042414,0.10318514893952901,-0.25069230872042414,0.10318514893952901,-0.35387745765995315,0.44006875532752676,-0.42312892113707873,-0.41092647460770226,-0.04720745865673315,0.4166666666666667,-0.628240100370224,-0.4443186755201647,-0.13175337625021877,0.5555555555555556
cap300_composite,25.0,2023-09-30_2024-08-31,12,-0.2988679538219873,0.08473288946892565,-0.2988679538219873,0.08473288946892565,-0.38360084329091293,0.40510420489476034,-0.6494456770494412,-0.3708433774195855,-0.04720745865673315,0.4166666666666667,-0.809307325606856,-0.5792921879777901,-0.19347877466891705,0.5555555555555556
cap300_composite,25.0,2023-10-31_2024-09-30,12,-0.17841888888245183,0.12170948346779942,-0.17841888888245183,0.12170948346779942,-0.30012837235025125,0.4170532945041536,-0.2466271687101788,-0.3708433774195855,-0.047207458656732815,0.5,-0.4978009078082958,-0.9272656963697872,0.007933417139672105,0.5555555555555556
cap300_composite,25.0,2023-11-30_2024-10-31,12,-0.29968400060581946,0.004734660022875703,-0.29968400060581946,0.004734660022875703,-0.30441866062869516,0.43804348858147474,-0.5730462548360957,-0.1443493273418508,-0.07254414974326939,0.5,-0.57929938030691,0.01606779890600457,-0.22418986330007928,0.5555555555555557
cap300_composite,25.0,2023-12-31_2024-11-30,12,0.12691400000601027,-0.026522408525777696,0.12691400000601027,-0.026522408525777696,0.15343640853178797,0.30651941242886876,0.5339900895224593,-0.1443493273418507,-0.07702368625268241,0.5833333333333334,0.631397733843719,0.8505413958806197,0.19829688900622133,0.6111111111111112
cap300_composite,25.0,2024-01-31_2024-12-31,12,0.30413354070174137,-0.013699490369203038,0.30413354070174137,-0.013699490369203038,0.3178330310709444,0.3388391816783131,0.9481363283947091,-0.1443493273418509,-0.07702368625268208,0.5833333333333334,1.014615314385736,0.9152403466932907,0.3838746055297366,0.5833333333333334
cap300_composite,25.0,2024-02-29_2025-01-31,12,0.20236838555403103,-0.14290566323586873,0.20236838555403103,-0.14290566323586873,0.34527404878989976,0.3693263689748098,0.675011524546373,-0.14971030852461764,-0.18252959118595857,0.5833333333333334,1.27862192201826,1.395513628849126,0.5511796294736935,0.5833333333333334
cap300_composite,25.0,2024-03-31_2025-02-28,12,-0.08824278677221775,-0.10676537761977256,-0.08824278677221775,-0.10676537761977256,0.01852259084755481,0.38998105037573644,-0.05366072491159898,-0.2791227771085303,-0.1825295911859588,0.5,0.21841038788951425,0.9122421284712721,0.07237765132738705,0.5555555555555556
cap300_composite,25.0,2024-04-30_2025-03-31,12,-0.0012039978805543639,-0.06461005552580057,-0.0012039978805543639,-0.06461005552580057,0.0634060576452462,0.4037907334930886,0.18612899665252078,-0.2791227771085302,-0.18252959118595868,0.5,0.35052508687457545,1.0143011629903875,0.13672441666261426,0.5555555555555555
cap300_composite,25.0,2024-05-31_2025-04-30,12,0.010759541729550737,0.02942056800377868,0.010759541729550737,0.02942056800377868,-0.018661026274227943,0.4008407456124082,0.2144061810166716,-0.2791227771085303,-0.18252959118595857,0.5,0.10675835067735999,0.5939724560500763,0.061511915571998754,0.5833333333333334
cap300_composite,25.0,2024-06-30_2025-05-31,12,-0.15106311330135258,-0.019239253194651806,-0.15106311330135258,-0.019239253194651806,-0.13182386010670077,0.4090841168523327,-0.2077318087713288,-0.35055532261051414,-0.18252959118595835,0.4166666666666667,-0.20494536061605312,0.669554198446733,-0.07929321432407943,0.5833333333333334
cap300_composite,25.0,2024-07-31_2025-06-30,12,-0.15546958111821219,0.03150250800801424,-0.15546958111821219,0.03150250800801424,-0.18697208912622643,0.4088244171467589,-0.22073569891721334,-0.35055532261051425,-0.1825295911859589,0.4166666666666667,-0.3479802950098062,0.5853138316233365,-0.11274812002753754,0.638888888888889
cap300_composite,25.0,2024-08-31_2025-07-31,12,-0.21040748428951206,0.02082724764079913,-0.21040748428951206,0.02082724764079913,-0.2312347319303112,0.4174134348466856,-0.36733760559539785,-0.4060696882162753,-0.1720911800730176,0.4166666666666667,-0.46209350808972055,0.5313743351908942,-0.16047865015794416,0.638888888888889
cap300_composite,25.0,2024-09-30_2025-08-31,12,0.48010825606559004,0.07082064647411035,0.48010825606559004,0.07082064647411035,0.4092876095914797,1.1887811015474712,0.6941997820656634,-0.4060696882162753,-0.1720911800730176,0.4166666666666667,0.6360893189940021,1.3486003501553046,0.9911452241655889,0.6666666666666666
cap300_composite,25.0,2024-10-31_2025-09-30,12,0.4266196003618039,0.07787885846139209,0.4266196003618039,0.07787885846139209,0.3487407419004118,1.188560113327787,0.6610969277874289,-0.4060696882162753,-0.11858833109117162,0.4166666666666667,0.5964720849868841,1.346490196907968,0.902309420510103,0.6666666666666666
cap300_composite,25.0,2024-11-30_2025-10-31,12,1.1735775253844274,0.1960061542824556,1.1735775253844274,0.1960061542824556,0.9775713711019718,1.1867114040087268,1.0396462638979522,-0.4060696882162753,-0.11795970406671652,0.5,0.8894014596852641,1.2101457177482169,1.6051284890136244,0.6944444444444445
cap300_composite,25.0,2024-12-31_2025-11-30,12,1.2293802905577715,0.22133541890163522,1.2293802905577715,0.22133541890163522,1.0080448716561363,1.186854997061421,1.063217095803025,-0.4060696882162752,-0.11795970406671652,0.5,0.8953554416315241,1.22301048097049,1.604715847489584,0.6388888888888888
cap300_composite,25.0,2025-01-31_2025-12-31,12,0.5952429718540904,0.17166648362633885,0.5952429718540904,0.17166648362633885,0.4235764882277515,1.2158145573183088,0.7665835208161306,-0.30149651614243955,-0.03669877287899381,0.4166666666666667,0.6383110276945163,1.5787325220644923,0.890383577000134,0.6666666666666666
cap300_composite,25.0,2025-02-28_2026-01-31,12,0.4911301816946687,0.31334945156909844,0.4911301816946687,0.31334945156909844,0.17778073012557027,1.228338316969228,0.7135897585344044,-0.3404764758180552,-0.04758367670999886,0.4166666666666667,0.4910209169476672,1.989103392715551,0.3634424641099516,0.6666666666666666
cap300_composite,25.0,2025-03-31_2026-02-28,12,0.3131938907606693,0.08257309459079365,0.3131938907606693,0.08257309459079365,0.23062079616987563,1.2525046008951612,0.6190489011696845,-0.5075774040509162,-0.18488813271044613,0.4166666666666667,0.5652234349072297,2.154019256483319,0.7273572758634341,0.6944444444444443
cap300_composite,25.0,2025-04-30_2026-03-31,12,0.19541033470829983,0.028079656548997578,0.19541033470829983,0.028079656548997578,0.16733067815930225,1.2531374773156814,0.5398191181728245,-0.5075774040509162,-0.19546042589812018,0.4166666666666667,0.5259542592875195,2.186808696369182,0.7476414534960234,0.75
cap300_composite,25.0,2025-05-31_2026-04-30,12,-0.004104484183201418,-0.14610708694572017,-0.004104484183201418,-0.14610708694572017,0.14200260276251875,1.281266238106675,0.409268191166362,-0.6247951934077713,-0.29138146686445754,0.4166666666666667,0.5512395309975464,2.6483487574390194,1.3227236691616429,0.7499999999999999
cap300_composite,25.0,2025-06-30_2026-05-31,12,0.24197652941188474,-0.18541351506394133,0.24197652941188474,-0.18541351506394133,0.42739004447582607,1.2726590867954113,0.5861316480493814,-0.6247951934077713,-0.34737666250868915,0.5,0.7749907603216366,2.3005846172125435,2.0016016622678023,0.6944444444444443
cap300_composite,25.0,2025-07-31_2026-06-30,12,0.26552437948430874,-0.1667764227923394,0.26552437948430874,-0.1667764227923394,0.43230080227664813,1.2719240492061992,0.6015046260210807,-0.6247951934077713,-0.34737666250868904,0.5,0.7697862017844935,2.1054114791540965,1.822410351925623,0.6666666666666666
cap300_composite,25.0,2025-08-31_2026-07-31,11,0.3956689931221944,-0.20361006057922837,0.43861461891941533,-0.2199234939209873,0.6585381128404026,1.3218548314084513,0.7083576172358431,-0.6247951934077713,-0.34737666250868904,0.5454545454545454,0.9411625684194496,2.4429304046999145,2.9767978804973185,0.6666666666666666
cap300_rank_ridge,25.0,2019-01-31_2019-12-31,12,-0.05261584938161923,-0.0907583313333864,-0.05261584938161923,-0.0907583313333864,0.03814248195176717,0.1063066029925359,-0.45840078141135987,-0.08909213730945176,-0.08173242622854304,0.5,0.4820735316495776,0.6958240786832361,0.014093334605635333,0.47222222222222215
cap300_rank_ridge,25.0,2019-02-28_2020-01-31,12,-0.09306292835028529,-0.15374678206850467,-0.09306292835028529,-0.15374678206850467,0.06068385371821938,0.11289619579470625,-0.8098099257585705,-0.1279819184308424,-0.157070533612218,0.5,0.7224463925603986,0.6324197160846603,0.008839246549102286,0.5277777777777778
cap300_rank_ridge,25.0,2019-03-31_2020-02-29,12,-0.11718614732274168,-0.2983301643039218,-0.11718614732274168,-0.2983301643039218,0.1811440169811801,0.11406531627070621,-1.034696808216456,-0.15117634259454982,-0.2968733323797681,0.5833333333333334,1.299625105145637,0.32387993711956503,-0.011083216786184402,0.5833333333333334
cap300_rank_ridge,25.0,2019-04-30_2020-03-31,12,-0.17935580744979618,-0.26938100433105683,-0.17935580744979618,-0.26938100433105683,0.09002519688126065,0.1282926617788475,-1.4688695209504106,-0.21095233968460947,-0.2897384073692094,0.5,0.4849435857523067,0.18999648265736457,-0.1256864314076077,0.638888888888889
cap300_rank_ridge,25.0,2019-05-31_2020-04-30,12,-0.18147276644924348,-0.23441422140073764,-0.18147276644924348,-0.23441422140073764,0.05294145495149416,0.1279737328178393,-1.4926876570616532,-0.2129877912976973,-0.2897384073692094,0.4166666666666667,0.2524688829391257,0.20329208867673282,-0.13281918509550783,0.6944444444444445
cap300_rank_ridge,25.0,2019-06-30_2020-05-31,12,-0.2109850976282892,-0.22854562482453433,-0.2109850976282892,-0.22854562482453433,0.017560527196245124,0.12935429208315016,-1.7543772863067255,-0.24439339759820522,-0.2897384073692095,0.4166666666666667,0.03695056308642044,0.15606833279559218,-0.17452152957570366,0.638888888888889
cap300_rank_ridge,25.0,2019-07-31_2020-06-30,12,-0.2073434444448563,-0.1941752572672133,-0.2073434444448563,-0.1941752572672133,-0.01316818717764301,0.1304095375697501,-1.704576333520149,-0.24439339759820533,-0.2827760862119635,0.3333333333333333,-0.14560921658066214,0.17384573121456912,-0.17365218160014861,0.6666666666666666
cap300_rank_ridge,25.0,2019-08-31_2020-07-31,12,-0.21997926455882055,-0.1722348942847023,-0.21997926455882055,-0.1722348942847023,-0.047744370274118264,0.13145098797456067,-1.8099945408423899,-0.26305628103342316,-0.27948217627529803,0.3333333333333333,-0.3304689774497722,0.1589284240896588,-0.19255556390014594,0.6666666666666666
cap300_rank_ridge,25.0,2019-09-30_2020-08-31,12,-0.22221869910136094,-0.21057570090232802,-0.22221869910136094,-0.21057570090232802,-0.011642998199032917,0.1311066015619207,-1.8365590362246893,-0.2681283600383041,-0.27948217627529803,0.3333333333333333,-0.13770251006184064,0.13773416299227784,-0.19263747741173376,0.6944444444444443
cap300_rank_ridge,25.0,2019-10-31_2020-09-30,12,-0.2640221500593556,-0.1766274605970889,-0.2640221500593556,-0.1766274605970889,-0.0873946894622667,0.10066491388355144,-2.9593585084690073,-0.2480704636667661,-0.2794821762752979,0.25,-0.5759564254015695,0.12287935120049648,-0.24489377062306805,0.7222222222222222
cap300_rank_ridge,25.0,2019-11-30_2020-10-31,12,-0.21219305232205377,-0.06643817837031618,-0.21219305232205377,-0.06643817837031618,-0.14575487395173758,0.10998093656325098,-2.095518766158161,-0.248070463666766,-0.2794821762752979,0.25,-0.8180985323813147,0.1724019294698977,-0.20261874513828948,0.7222222222222222
cap300_rank_ridge,25.0,2019-12-31_2020-11-30,12,-0.1235281598243444,-0.050871312509224054,-0.1235281598243444,-0.050871312509224054,-0.07265684731512034,0.18458818486334463,-0.6288211719925357,-0.19654701651167328,-0.2358764964179022,0.3333333333333333,-0.39011441744398395,0.2953724070122282,-0.10522295039159535,0.75
cap300_rank_ridge,25.0,2020-01-31_2020-12-31,12,-0.045058635389796264,-0.013079995771551722,-0.045058635389796264,-0.013079995771551722,-0.03197863961824454,0.17646053447277654,-0.1829608124021945,-0.16071506379234057,-0.16758179221927783,0.4166666666666667,-0.20201900626267516,0.24716623364431475,-0.036419205369434215,0.75
cap300_rank_ridge,25.0,2020-02-29_2021-01-31,12,0.017803242977750156,0.14471568274700242,0.017803242977750156,0.14471568274700242,-0.12691243976925226,0.1720738480702557,0.17859897189820312,-0.1377812887558233,-0.07033476780972703,0.3333333333333333,-0.5343293889917233,0.22112936932609464,-0.005961685818531848,0.7499999999999999
cap300_rank_ridge,25.0,2020-03-31_2021-02-28,12,0.07420263221051693,0.3187076559568369,0.07420263221051693,0.3187076559568369,-0.24450502374632,0.1705496281592694,0.4964606000795146,-0.07246206183646864,-0.07033476780972703,0.3333333333333333,-0.9771214763755557,0.2088531406676538,0.023830365105318885,0.7777777777777777
cap300_rank_ridge,25.0,2020-04-30_2021-03-31,12,0.1563465009885221,0.2712264885896778,0.1563465009885221,0.2712264885896778,-0.1148799876011557,0.14874084058511255,1.0471611940817593,-0.07006316818328351,-0.07033476780972714,0.3333333333333333,-0.5296218579884637,0.2661776589709155,0.09147240625773256,0.8055555555555555
cap300_rank_ridge,25.0,2020-05-31_2021-04-30,12,0.12963453128065305,0.2511461011810818,0.12963453128065305,0.2511461011810818,-0.12151156990042877,0.15309110868157005,0.8669014912275966,-0.041629598229076414,-0.07033476780972703,0.3333333333333333,-0.5668896828772642,0.29344390711489027,0.06434560020704949,0.8333333333333331
cap300_rank_ridge,25.0,2020-06-30_2021-05-31,12,0.159165943941741,0.22018559574957508,0.159165943941741,0.22018559574957508,-0.061019651807834085,0.14586276631861045,1.0819357977544275,-0.041629598229076414,-0.07033476780972703,0.3333333333333333,-0.3177634519183028,0.3322372711438514,0.09036618372350103,0.861111111111111
cap300_rank_ridge,25.0,2020-07-31_2021-06-30,12,0.19068368659952784,0.1787337447456181,0.19068368659952784,0.1787337447456181,0.01194994185390974,0.14792507797514265,1.252620981835237,-0.04004664617416587,-0.07033476780972703,0.4166666666666667,0.04200134931715073,0.34972088805206725,0.1302242564524405,0.861111111111111
cap300_rank_ridge,25.0,2020-08-31_2021-07-31,12,0.07989493968205874,0.17406019021811336,0.07989493968205874,0.17406019021811336,-0.09416525053605462,0.1995585895986039,0.4785723077127292,-0.12778289209477567,-0.0471551797914731,0.4166666666666667,-0.360504853585845,0.3624218711913677,0.03293978942150555,0.861111111111111
cap300_rank_ridge,25.0,2020-09-30_2021-08-31,12,0.10202368671269402,0.29094300690606567,0.10202368671269402,0.29094300690606567,-0.18891932019337165,0.19894423571534214,0.5823428523212613,-0.12778289209477556,-0.0471551797914731,0.3333333333333333,-0.7390478572461601,0.4474698503295983,-0.0034015663678094166,0.8611111111111108
cap300_rank_ridge,25.0,2020-10-31_2021-09-30,12,0.17786471117936808,0.285307502281577,0.17786471117936808,0.285307502281577,-0.10744279110220889,0.2091833035784303,0.8846769561102864,-0.12778289209477545,-0.04715517979147299,0.4166666666666667,-0.37778510297367873,0.5634713567082651,0.038122557423324155,0.8333333333333331
cap300_rank_ridge,25.0,2020-11-30_2021-10-31,12,0.2669559271056394,0.164192612882329,0.2669559271056394,0.164192612882329,0.10276331422331042,0.22670668323876808,1.1582875778190032,-0.12778289209477567,-0.04715517979147299,0.5,0.46786882056641627,0.5846000546287256,0.1836094252724374,0.8055555555555555
cap300_rank_ridge,25.0,2020-12-31_2021-11-30,12,0.1367156770763036,0.10075285366229347,0.1367156770763036,0.10075285366229347,0.03596282341401014,0.1930848246207392,0.7579397038640838,-0.12778289209477545,-0.04715517979147321,0.5,0.21405156081742838,0.08080539831965984,0.14730538802941084,0.75
cap300_rank_ridge,25.0,2021-01-31_2021-12-31,12,0.09201526574407493,0.1311417024200292,0.09201526574407493,0.1311417024200292,-0.03912643667595428,0.19554157843454548,0.5433594214361598,-0.12778289209477567,-0.04715517979147299,0.4166666666666667,-0.10198457298604761,0.12997974663003975,0.0934119145493677,0.6944444444444443
cap300_rank_ridge,25.0,2021-02-28_2022-01-31,12,0.10325164567136724,0.1035559333431273,0.10325164567136724,0.1035559333431273,-0.00030428767176005067,0.19649291958953802,0.5941591558444024,-0.12778289209477567,-0.008710521467504728,0.4166666666666667,0.07214759990362044,0.18223777789877194,0.10272897438285522,0.6666666666666665
cap300_rank_ridge,25.0,2021-03-31_2022-02-28,12,0.08466191062566808,0.1814244316261513,0.08466191062566808,0.1814244316261513,-0.09676252100048321,0.19556064740567364,0.5084736331398466,-0.12778289209477556,-0.008710521467504728,0.3333333333333333,-0.3622455441596123,0.6135005346433212,-0.004548969486861676,0.6388888888888887
cap300_rank_ridge,25.0,2021-04-30_2022-03-31,12,0.15807806062481378,0.2056999327796627,0.15807806062481378,0.2056999327796627,-0.04762187215484892,0.20421736638058952,0.8185788007248089,-0.12477865992933967,-0.008710521467504728,0.4166666666666667,-0.11443366953617701,0.7242897609417579,0.029886120831067453,0.5833333333333333
cap300_rank_ridge,25.0,2021-05-31_2022-04-30,12,0.20078536355623622,0.20202014645819677,0.20078536355623622,0.20202014645819677,-0.0012347829019605516,0.19973768514661636,1.0168382945112757,-0.12477865992933967,-0.011058901373715124,0.5,0.07984524767791872,0.44123593150542495,0.12745015199416,0.5555555555555555
cap300_rank_ridge,25.0,2021-06-30_2022-05-31,12,0.18206609572802557,0.1547230806668567,0.18206609572802557,0.1547230806668567,0.027343015061168874,0.20296377151512182,0.9250052164726312,-0.12477865992933967,-0.04389760737316839,0.5833333333333334,0.20208179181218353,0.6224349819661071,0.10028798448295917,0.5555555555555556
cap300_rank_ridge,25.0,2021-07-31_2022-06-30,12,0.14220781696469964,0.14515293481688385,0.14220781696469964,0.14515293481688385,-0.002945117852184209,0.20174612939030478,0.7570766504384479,-0.030163994427548246,-0.04389760737316839,0.5,0.06904136928735562,0.621575697715717,0.06835149569898413,0.5277777777777778
cap300_rank_ridge,25.0,2021-08-31_2022-07-31,12,0.3544357550524522,0.16719366722844042,0.3544357550524522,0.16719366722844042,0.18724208782401175,0.13549308873724888,2.3274825243065385,-0.030163994427548246,-0.04389760737316839,0.5833333333333334,1.2294530285599097,0.6609603536334139,0.2321089483340666,0.5277777777777778
cap300_rank_ridge,25.0,2021-09-30_2022-08-31,12,0.21013389300795304,0.11990803732841937,0.21013389300795304,0.11990803732841937,0.09022585567953367,0.18175599059988198,1.140995203713331,-0.09450713040234937,-0.04389760737316817,0.5833333333333334,0.5841065973530565,1.1191830313713464,0.07899169701360198,0.5277777777777778
cap300_rank_ridge,25.0,2021-10-31_2022-09-30,12,0.09988596598112398,0.07700156092153554,0.09988596598112398,0.07700156092153554,0.022884405059588442,0.17415990357949318,0.6285185722657273,-0.11542720724659294,-0.04389760737316828,0.5,0.20615679275616974,0.9893220779725772,0.033813417983934,0.5555555555555556
cap300_rank_ridge,25.0,2021-11-30_2022-10-31,12,0.06665785468072505,0.0837751064100245,0.06665785468072505,0.0837751064100245,-0.017117251729299454,0.15700227167280054,0.48504696312219797,-0.11542720724659294,-0.04389760737316839,0.5,-0.05416379702900852,1.198386419068095,-0.023321752953916364,0.611111111111111
cap300_rank_ridge,25.0,2021-12-31_2022-11-30,12,0.30369404784673093,0.04089310124175727,0.30369404784673093,0.04089310124175727,0.26280094660497366,0.2820029926776972,1.069540877919012,-0.11542720724659283,-0.052330809109684795,0.5,0.8515729587924489,-0.38568587082247563,0.36914876754023074,0.6666666666666666
cap300_rank_ridge,25.0,2022-01-31_2022-12-31,12,0.3379058731698341,0.03139589518781816,0.3379058731698341,0.03139589518781816,0.30650997798201596,0.27862262135221033,1.174777655305013,-0.11542720724659294,-0.0538908420070876,0.5833333333333334,0.9803457535892701,-0.3382912046000951,0.3967980620204874,0.6944444444444443
cap300_rank_ridge,25.0,2022-02-28_2023-01-31,12,0.3030431676958987,-0.006523085673795559,0.3030431676958987,-0.006523085673795559,0.30956625336969423,0.27954291627884187,1.0748216959595394,-0.11542720724659283,-0.053890842007087936,0.6666666666666666,1.0220775477346071,-0.46440814275966324,0.3430429847317833,0.7222222222222222
cap300_rank_ridge,25.0,2022-03-31_2023-02-28,12,0.28728170873645165,-0.03763942955797195,0.28728170873645165,-0.03763942955797195,0.3249211382944236,0.2805237307587306,1.0275123168553688,-0.11542720724659283,-0.05860315994470999,0.75,1.0978660391890047,-0.42936475854086387,0.3095159216790311,0.6944444444444445
cap300_rank_ridge,25.0,2022-04-30_2023-03-31,12,0.17977449126992018,-0.0433257664262765,0.17977449126992018,-0.0433257664262765,0.22310025769619668,0.2793145942742214,0.7125114706499802,-0.11542720724659294,-0.052003665957635614,0.6666666666666666,0.8006632344421408,-0.9685815011134239,0.17010676938665004,0.7222222222222222
cap300_rank_ridge,25.0,2022-05-31_2023-04-30,12,0.19032108857005237,-0.07213752035282106,0.19032108857005237,-0.07213752035282106,0.2624586089228734,0.2792393613589068,0.7450473431163742,-0.11542720724659294,-0.07596598010903766,0.6666666666666666,0.9213398367248872,-0.7597904227543713,0.16459398575154238,0.7499999999999999
cap300_rank_ridge,25.0,2022-06-30_2023-05-31,12,0.3809024998937478,-0.0361282154897381,0.3809024998937478,-0.0361282154897381,0.4170307153834859,0.29324627237380163,1.2389799617460913,-0.11542720724659283,-0.07596598010903755,0.6666666666666666,1.25147285236955,-1.035123072765865,0.3816046953430776,0.7777777777777777
cap300_rank_ridge,25.0,2022-07-31_2023-06-30,12,0.4232944737690989,-0.0028433046031512976,0.4232944737690989,-0.0028433046031512976,0.4261377783722502,0.2917501253983792,1.350886413102817,-0.11542720724659294,-0.07596598010903743,0.6666666666666666,1.2371218929610426,-0.7018140085046948,0.47397026978698387,0.7777777777777777
cap300_rank_ridge,25.0,2022-08-31_2023-07-31,12,0.42625839308331837,-0.031389184091800915,0.42625839308331837,-0.031389184091800915,0.4576475771751193,0.29179852002734624,1.3580689832658972,-0.02310352466225296,-0.0655917893195096,0.6666666666666666,1.3428187169831403,-0.8856022612283855,0.44011884494855735,0.75
cap300_rank_ridge,25.0,2022-09-30_2023-08-31,12,0.6058880302431882,-0.014331580574544756,0.6058880302431882,-0.014331580574544756,0.6202196108177329,0.25772060665409297,1.98014634219471,-0.022975723470666676,-0.06559178931950937,0.75,1.7768432429980248,-1.4274869765680582,0.6213781564024472,0.7499999999999999
cap300_rank_ridge,25.0,2022-10-31_2023-09-30,12,0.6317056606770419,-0.04883569016310929,0.6317056606770419,-0.04883569016310929,0.6805413508401512,0.2538063228229575,2.0725643655156407,-0.022975723470666676,-0.06327241269436523,0.8333333333333334,2.018398417404121,-0.9221105516303812,0.6047057260721505,0.6666666666666666
cap300_rank_ridge,25.0,2022-11-30_2023-10-31,12,0.4820437253372494,-8.074453772832779e-05,0.4820437253372494,-8.074453772832779e-05,0.4821244698749777,0.26190706862258256,1.633999115541412,-0.03599619609380644,-0.04084242285001627,0.75,1.375009416335649,-1.062283551746351,0.5286681261802064,0.638888888888889
cap300_rank_ridge,25.0,2022-12-31_2023-11-30,12,0.11775264286889375,0.06162621592425688,0.11775264286889375,0.06162621592425688,0.056126426944636876,0.15997885182238727,0.7698105809361243,-0.0984403929600034,-0.04084242285001627,0.6666666666666666,0.30078320156227906,-0.3830019288774579,0.15786191890971413,0.6111111111111112
cap300_rank_ridge,25.0,2023-01-31_2023-12-31,12,0.09940461955518831,0.05389394652891433,0.09940461955518831,0.05389394652891433,0.045510673026273984,0.16138568840223783,0.6608505764253745,-0.10856752720680418,-0.04084242285001627,0.5833333333333334,0.25409453227719303,-0.33933056248229276,0.13323651672508197,0.6111111111111112
cap300_rank_ridge,25.0,2023-02-28_2024-01-31,12,0.06741799409496751,0.06910062416905749,0.06741799409496751,0.06910062416905749,-0.0016826300740899747,0.16496200776119166,0.46945387889458623,-0.13107419668002318,-0.04084242285001627,0.5,0.03331950213150086,-0.3818864837955876,0.10957442692882124,0.6111111111111112
cap300_rank_ridge,25.0,2023-03-31_2024-02-29,12,0.057984870085806994,0.07105311702696282,0.057984870085806994,0.07105311702696282,-0.013068246941155826,0.1656999290693705,0.41414656536397,-0.14063710352316838,-0.04084242285001627,0.4166666666666667,-0.018957475045744,-0.37426389003750166,0.10006733037841586,0.638888888888889
cap300_rank_ridge,25.0,2023-04-30_2024-03-31,12,0.03390164167868637,0.04605177038880415,0.03390164167868637,0.04605177038880415,-0.01215012871011778,0.17101033759271667,0.2709485474640176,-0.17769533461903486,-0.028914327222309355,0.4166666666666667,-0.011934097240882862,-0.2518319607018799,0.060214979009505454,0.638888888888889
cap300_rank_ridge,25.0,2023-05-31_2024-04-30,12,-0.012683754202425623,0.05087612226469651,-0.012683754202425623,0.05087612226469651,-0.06355987646712213,0.1726340166555429,0.002349081420245665,-0.19955648144129656,-0.04720745865673304,0.4166666666666667,-0.2736480702863709,0.013539507528490266,-0.0003145060690753487,0.6111111111111112
cap300_rank_ridge,25.0,2023-06-30_2024-05-31,12,-0.04929847943982657,0.06029804021364593,-0.04929847943982657,0.06029804021364593,-0.1095965196534725,0.1419734825034942,-0.2910367541609231,-0.19955648144129623,-0.04720745865673304,0.4166666666666667,-0.6429847415527307,0.1251531118320766,-0.04801242317190413,0.5833333333333334
cap300_rank_ridge,25.0,2023-07-31_2024-06-30,12,0.033912088324918876,0.046802268590376395,0.033912088324918876,0.046802268590376395,-0.012890180265457518,0.1890112916173024,0.2601738211799004,-0.19955648144129645,-0.04720745865673304,0.5,0.0011967018503413088,0.3955932241850127,0.03022420832916839,0.5555555555555556
cap300_rank_ridge,25.0,2023-08-31_2024-07-31,12,0.03603305054630512,0.10318514893952901,0.03603305054630512,0.10318514893952901,-0.06715209839322389,0.18946490880784655,0.27081134751791064,-0.19955648144129645,-0.04720745865673315,0.4166666666666667,-0.27354589205425583,0.5114160561531101,-0.0013541700609572827,0.5555555555555555
cap300_rank_ridge,25.0,2023-09-30_2024-08-31,12,0.07923965595130111,0.08473288946892565,0.07923965595130111,0.08473288946892565,-0.005493233517624541,0.19778860615431687,0.47438432423600396,-0.19359058328136258,-0.04720745865673315,0.4166666666666667,0.03659225689973597,0.33554568960868897,0.0668401406525112,0.5555555555555555
cap300_rank_ridge,25.0,2023-10-31_2024-09-30,12,0.1563570674426622,0.12170948346779942,0.1563570674426622,0.12170948346779942,0.03464758397486278,0.20444093630384264,0.8058782178757247,-0.1696676762941548,-0.047207458656732815,0.4166666666666667,0.21238449630811904,0.2924531700941028,0.13783111241859647,0.5833333333333333
cap300_rank_ridge,25.0,2023-11-30_2024-10-31,12,0.137251475117266,0.004734660022875703,0.137251475117266,0.004734660022875703,0.13251681509439028,0.2086694160281149,0.7126501838344463,-0.11215685318165225,-0.07254414974326939,0.5,0.7141815381822362,0.7518676882397667,0.1506148082457599,0.5833333333333334
cap300_rank_ridge,25.0,2023-12-31_2024-11-30,12,0.22752328704047686,-0.026522408525777696,0.22752328704047686,-0.026522408525777696,0.25404569556625456,0.19119367670628146,1.1660623515534954,-0.10207049553556113,-0.07702368625268241,0.5833333333333334,1.5489313153179514,1.0336693731800326,0.275147808820009,0.5833333333333334
cap300_rank_ridge,25.0,2024-01-31_2024-12-31,12,0.23476462292780242,-0.013699490369203038,0.23476462292780242,-0.013699490369203038,0.24846411329700546,0.19028834515153192,1.202262949679967,-0.07881258042932715,-0.07702368625268208,0.5833333333333334,1.491046919748197,1.0003037872062124,0.2652424803418032,0.5833333333333334
cap300_rank_ridge,25.0,2024-02-29_2025-01-31,12,0.17401321509953016,-0.14290566323586873,0.17401321509953016,-0.14290566323586873,0.3169188783353989,0.2077171197254183,0.8705013660416375,-0.11123157184919585,-0.18252959118595857,0.6666666666666666,2.2012180431002277,0.952807290493249,0.36589996558259497,0.5833333333333334
cap300_rank_ridge,25.0,2024-03-31_2025-02-28,12,0.2007229216980828,-0.10676537761977256,0.2007229216980828,-0.10676537761977256,0.3074882993178554,0.2058462295403064,0.9877199424526547,-0.11123157184919619,-0.1825295911859588,0.6666666666666666,1.9850641522851962,0.8605512345281487,0.33074799077279593,0.6111111111111112
cap300_rank_ridge,25.0,2024-04-30_2025-03-31,12,0.22197687984314318,-0.06461005552580057,0.22197687984314318,-0.06461005552580057,0.28658693536894375,0.2010965402429922,1.0952753167094422,-0.12455537143099804,-0.18252959118595868,0.6666666666666666,1.6273911390116103,0.7135351778881448,0.2908282654345975,0.5833333333333334
cap300_rank_ridge,25.0,2024-05-31_2025-04-30,12,0.3190442443532062,0.02942056800377868,0.3190442443532062,0.02942056800377868,0.28962367634942754,0.19707127655488774,1.510006894511283,-0.12455537143099815,-0.18252959118595857,0.5833333333333334,1.4865612544723812,0.6552182855191938,0.30450272329482564,0.611111111111111
cap300_rank_ridge,25.0,2024-06-30_2025-05-31,12,0.19893645921801695,-0.019239253194651806,0.19893645921801695,-0.019239253194651806,0.21817571241266875,0.1896251164865987,1.0490647806002809,-0.12455537143099837,-0.18252959118595835,0.5833333333333334,1.2518040322172495,0.6485432554894545,0.22118627141211444,0.5555555555555555
cap300_rank_ridge,25.0,2024-07-31_2025-06-30,12,0.07278259392605757,0.03150250800801424,0.07278259392605757,0.03150250800801424,0.04128008591804333,0.1487136132639683,0.5420835495221775,-0.12455537143099815,-0.1825295911859589,0.5,0.19633833795284208,0.45461082847998796,0.05983500505531647,0.5555555555555555
cap300_rank_ridge,25.0,2024-08-31_2025-07-31,12,0.03692075324385802,0.02082724764079913,0.03692075324385802,0.02082724764079913,0.01609350560305889,0.14365672402489607,0.31866119498186996,-0.12455537143099815,-0.1720911800730176,0.5,0.04573948047318199,0.4135906784311121,0.03037444824632063,0.5833333333333334
cap300_rank_ridge,25.0,2024-09-30_2025-08-31,12,-0.05478901065268604,0.07082064647411035,-0.05478901065268604,0.07082064647411035,-0.1256096571267964,0.13238180333803704,-0.3637568192225766,-0.12455537143099826,-0.1720911800730176,0.4166666666666667,-0.8968167246410804,0.43394654077986033,-0.08232735788754897,0.5833333333333334
cap300_rank_ridge,25.0,2024-10-31_2025-09-30,12,-0.0625862911970897,0.07787885846139209,-0.0625862911970897,0.07787885846139209,-0.14046514965848178,0.12770688814692518,-0.44577153455173185,-0.09202987758066172,-0.11858833109117162,0.4166666666666667,-1.0489962475561616,0.4453576558895441,-0.09400764105554749,0.6111111111111112
cap300_rank_ridge,25.0,2024-11-30_2025-10-31,12,0.23745842039504428,0.1960061542824556,0.23745842039504428,0.1960061542824556,0.041452266112588676,0.2881262292451935,0.8634799263256008,-0.09202987758066172,-0.11795970406671652,0.4166666666666667,0.19442096824279909,0.636613536516813,0.1313984904214862,0.5833333333333334
cap300_rank_ridge,25.0,2024-12-31_2025-11-30,12,0.1506409515616245,0.22133541890163522,0.1506409515616245,0.22133541890163522,-0.07069446734001072,0.2996236343566399,0.5939773896576571,-0.08710019393369473,-0.11795970406671652,0.3333333333333333,-0.13738102315442455,0.6434061140589974,0.0390616026037216,0.611111111111111
cap300_rank_ridge,25.0,2025-01-31_2025-12-31,12,0.18633969839686926,0.17166648362633885,0.18633969839686926,0.17166648362633885,0.014673214770530407,0.29893888781023326,0.6985615893702709,-0.061361982641907176,-0.03669877287899381,0.4166666666666667,0.11239448392659449,0.5665624637024171,0.11466299687083614,0.5833333333333333
cap300_rank_ridge,25.0,2025-02-28_2026-01-31,12,0.34226571495672786,0.31334945156909844,0.34226571495672786,0.31334945156909844,0.028916263387629426,0.283057333807362,1.1681023091656442,-0.06136198264190729,-0.04758367670999886,0.4166666666666667,0.16291365105141328,0.30244814134093934,0.274614772284991,0.5555555555555555
cap300_rank_ridge,25.0,2025-03-31_2026-02-28,12,0.27221247573017604,0.08257309459079365,0.27221247573017604,0.08257309459079365,0.1896393811393824,0.29113200271725204,0.9543770726998482,-0.061361982641907176,-0.18488813271044613,0.5,0.5777202672448732,0.3879677997373357,0.2669019888489883,0.49999999999999983
cap300_rank_ridge,25.0,2025-04-30_2026-03-31,12,0.29385683802402185,0.028079656548997578,0.29385683802402185,0.028079656548997578,0.26577718147502427,0.28852872880722596,1.0204092387276433,-0.061361982641907176,-0.19546042589812018,0.5833333333333334,0.8349657710163734,0.45465486003225586,0.30935542373938496,0.49999999999999983
cap300_rank_ridge,25.0,2025-05-31_2026-04-30,12,0.15903600939338958,-0.14610708694572017,0.15903600939338958,-0.14610708694572017,0.30514309633910974,0.2982900647176364,0.6199661549297366,-0.10629783976005602,-0.29138146686445754,0.6666666666666666,1.070982266025999,0.5152457155395237,0.2842011172528365,0.44444444444444436
cap300_rank_ridge,25.0,2025-06-30_2026-05-31,12,0.23861382380302887,-0.18541351506394133,0.23861382380302887,-0.18541351506394133,0.4240273388669702,0.29836875074359714,0.8464046070083552,-0.10629783976005613,-0.34737666250868915,0.6666666666666666,1.3677661953303926,0.4190158267350934,0.3798396244666207,0.5277777777777777
cap300_rank_ridge,25.0,2025-07-31_2026-06-30,12,0.3041373299223853,-0.1667764227923394,0.3041373299223853,-0.1667764227923394,0.4709137527147247,0.30020442356437543,1.0185217305748049,-0.10629783976005602,-0.34737666250868904,0.6666666666666666,1.5056583203676968,0.4835164769019186,0.45222301963199807,0.5555555555555555
cap300_rank_ridge,25.0,2025-08-31_2026-07-31,11,0.29468718975793484,-0.20361006057922837,0.32544483019116766,-0.2199234939209873,0.545368324112155,0.31416912071680386,1.0363806359068652,-0.10629783976005591,-0.34737666250868904,0.7272727272727273,1.7686638590492831,0.5395535884184032,0.543385068130511,0.5454545454545454
chronos2_daily_abs_individual_median,25.0,2019-01-31_2019-12-31,12,-0.7497295288353125,-0.0907583313333864,-0.7497295288353125,-0.0907583313333864,-0.6589711975019261,0.3779346617659329,-3.2520743369169334,-0.7477496124750493,-0.08173242622854304,0.16666666666666666,-3.132503438658033,1.0322634351152071,-0.6968204890065988,0.9444444444444443
chronos2_daily_abs_individual_median,25.0,2019-02-28_2020-01-31,12,-0.7934725214851464,-0.15374678206850467,-0.7934725214851464,-0.15374678206850467,-0.6397257394166417,0.3703024891621058,-3.787397218160358,-0.7762887152928146,-0.157070533612218,0.08333333333333333,-3.589223049249631,1.0450367029382899,-0.7289233077030468,0.9444444444444443
chronos2_daily_abs_individual_median,25.0,2019-03-31_2020-02-29,12,-0.7995032108018687,-0.2983301643039218,-0.7995032108018687,-0.2983301643039218,-0.5011730464979469,0.36809562837199145,-3.8833389287938984,-0.7442106258818529,-0.2968733323797681,0.16666666666666666,-2.8553974032755547,0.33471401353563934,-0.7527268377621652,0.9444444444444443
chronos2_daily_abs_individual_median,25.0,2019-04-30_2020-03-31,12,-0.7330433981422985,-0.26938100433105683,-0.7330433981422985,-0.26938100433105683,-0.46366239381124164,0.38469335707222607,-3.0403895665754708,-0.7289700858468773,-0.2897384073692094,0.25,-2.3741303894957677,0.6216042431892965,-0.6441745456725277,0.9444444444444443
chronos2_daily_abs_individual_median,25.0,2019-05-31_2020-04-30,12,-0.7006013820777879,-0.23441422140073764,-0.7006013820777879,-0.23441422140073764,-0.46618716067705024,0.4140797031887044,-2.5476396014741924,-0.7200299729575874,-0.2897384073692094,0.3333333333333333,-2.092475853638105,0.7406183965149031,-0.5969326030888421,0.9444444444444443
chronos2_daily_abs_individual_median,25.0,2019-06-30_2020-05-31,12,-0.6852032999391431,-0.22854562482453433,-0.6852032999391431,-0.22854562482453433,-0.4566576751146088,0.42428952339764386,-2.368991081020606,-0.7154042400255052,-0.2897384073692095,0.3333333333333333,-1.9660637799181881,0.8011451144989227,-0.5708902902702198,0.9444444444444443
chronos2_daily_abs_individual_median,25.0,2019-07-31_2020-06-30,12,-0.7594062138889697,-0.1941752572672133,-0.7594062138889697,-0.1941752572672133,-0.5652309566217564,0.4594056024119833,-2.678677000989684,-0.7660720190399549,-0.2827760862119635,0.3333333333333333,-2.232158337569065,0.4360794244044136,-0.7007030136832468,0.9444444444444443
chronos2_daily_abs_individual_median,25.0,2019-08-31_2020-07-31,12,-0.7851435457174705,-0.1722348942847023,-0.7851435457174705,-0.1722348942847023,-0.6129086514327682,0.43783697320666565,-3.061919762195165,-0.773876948816796,-0.27948217627529803,0.25,-2.6414369406277745,0.4295556538344803,-0.7389204295678142,0.9444444444444443
chronos2_daily_abs_individual_median,25.0,2019-09-30_2020-08-31,12,-0.7655569451387921,-0.21057570090232802,-0.7655569451387921,-0.21057570090232802,-0.5549812442364641,0.4592397790721411,-2.730605068891409,-0.7648152104677587,-0.27948217627529803,0.3333333333333333,-2.1470634899121235,0.25106754982789004,-0.7180999015063199,0.9166666666666665
chronos2_daily_abs_individual_median,25.0,2019-10-31_2020-09-30,12,-0.7923817462568612,-0.1766274605970889,-0.7923817462568612,-0.1766274605970889,-0.6157542856597723,0.455158440124203,-2.9967874965292163,-0.7399961672150159,-0.2794821762752979,0.3333333333333333,-2.4094365375529994,0.14616499418746864,-0.7584768470174141,0.9444444444444443
chronos2_daily_abs_individual_median,25.0,2019-11-30_2020-10-31,12,-0.7606659456074077,-0.06643817837031618,-0.7606659456074077,-0.06643817837031618,-0.6942277672370916,0.44573336938702895,-2.786488867899412,-0.701242053837154,-0.2794821762752979,0.3333333333333333,-2.4185250073148286,0.13164840247903944,-0.7290622814905121,0.9444444444444443
chronos2_daily_abs_individual_median,25.0,2019-12-31_2020-11-30,12,-0.6792994636193056,-0.050871312509224054,-0.6792994636193056,-0.050871312509224054,-0.6284281511100815,0.4649341301087439,-2.085632841171774,-0.549840353440209,-0.2358764964179022,0.4166666666666667,-1.9735030005527907,0.3844067614755266,-0.6333899463525585,0.9444444444444443
chronos2_daily_abs_individual_median,25.0,2020-01-31_2020-12-31,12,-0.5333261269213907,-0.013079995771551722,-0.5333261269213907,-0.013079995771551722,-0.520246131149839,0.372834823498774,-1.7906014232608742,-0.45438990348806096,-0.16758179221927783,0.4166666666666667,-1.588503805889181,0.1426113092113569,-0.49832062220733586,0.9722222222222222
chronos2_daily_abs_individual_median,25.0,2020-02-29_2021-01-31,12,-0.28639610906658997,0.14471568274700242,-0.28639610906658997,0.14471568274700242,-0.4311117918135924,0.4560052290249993,-0.5139867756519306,-0.45438990348806096,-0.07033476780972703,0.5,-0.8126206386766055,0.21837098673438918,-0.23946368314915922,0.9722222222222222
chronos2_daily_abs_individual_median,25.0,2020-03-31_2021-02-28,12,-0.2643315552673381,0.3187076559568369,-0.2643315552673381,0.3187076559568369,-0.583039211224175,0.4512378030555797,-0.45800533457289044,-0.4543899034880611,-0.07033476780972703,0.4166666666666667,-1.037348775457159,-0.0036598817052605434,-0.18728951120444637,0.9722222222222222
chronos2_daily_abs_individual_median,25.0,2020-04-30_2021-03-31,12,-0.33317624298758786,0.2712264885896778,-0.33317624298758786,0.2712264885896778,-0.6044027315772657,0.44741623324987273,-0.6802077998569651,-0.45438990348806096,-0.07033476780972714,0.3333333333333333,-1.168721508511664,-0.017913973040176622,-0.26182432271771927,0.9444444444444443
chronos2_daily_abs_individual_median,25.0,2020-05-31_2021-04-30,12,-0.389628206805404,0.2511461011810818,-0.389628206805404,0.2511461011810818,-0.6407743079864858,0.43797618205167005,-0.8994623924651054,-0.45438990348806096,-0.07033476780972703,0.25,-1.353099645455015,0.027087078900151017,-0.3345259189482087,0.9444444444444443
chronos2_daily_abs_individual_median,25.0,2020-06-30_2021-05-31,12,-0.22330616035655804,0.22018559574957508,-0.22330616035655804,0.22018559574957508,-0.4434917561061331,0.5471946960204948,-0.21305878080600224,-0.2536418435956588,-0.07033476780972703,0.3333333333333333,-0.5695139275846752,-0.1426079362726653,-0.08279527604192227,0.9444444444444443
chronos2_daily_abs_individual_median,25.0,2020-07-31_2021-06-30,12,0.45254172930787195,0.1787337447456181,0.45254172930787195,0.1787337447456181,0.27380798456225386,0.5867252183838604,0.8854712034316111,-0.2162302159375783,-0.07033476780972703,0.4166666666666667,0.568671062461762,0.2006397135435758,0.6069132119382232,0.9444444444444443
chronos2_daily_abs_individual_median,25.0,2020-08-31_2021-07-31,12,0.4839416209912273,0.17406019021811336,0.4839416209912273,0.17406019021811336,0.3098814307731139,0.5824375376046586,0.9260788697314015,-0.2162302159375783,-0.0471551797914731,0.4166666666666667,0.6136248299037397,0.21968238520643307,0.6339203492574763,0.9444444444444443
chronos2_daily_abs_individual_median,25.0,2020-09-30_2021-08-31,12,0.2960672898059806,0.29094300690606567,0.2960672898059806,0.29094300690606567,0.005124282899914956,0.5989982476077458,0.681337289502699,-0.15318344416064056,-0.0471551797914731,0.3333333333333333,0.2336489908138467,0.27567446710389176,0.3910589393852082,0.9722222222222222
chronos2_daily_abs_individual_median,25.0,2020-10-31_2021-09-30,12,0.4560668511241619,0.285307502281577,0.4560668511241619,0.285307502281577,0.17075934884258492,0.5726970771091117,0.8961674837843223,-0.1872158379538118,-0.04715517979147299,0.3333333333333333,0.438644195644867,0.49319154111467844,0.4594147569605478,0.9722222222222222
chronos2_daily_abs_individual_median,25.0,2020-11-30_2021-10-31,12,0.2203878094268843,0.164192612882329,0.2203878094268843,0.164192612882329,0.05619519654455529,0.6244411169481091,0.5833056029756436,-0.37292927482627614,-0.04715517979147299,0.3333333333333333,0.34734054108253126,2.054584175643336,0.038643902557976784,0.9722222222222222
chronos2_daily_abs_individual_median,25.0,2020-12-31_2021-11-30,12,0.32041669892474145,0.10075285366229347,0.32041669892474145,0.10075285366229347,0.21966384526244798,0.6371345337100813,0.7097791910992287,-0.37292927482627614,-0.04715517979147321,0.3333333333333333,0.5791634030715667,2.447413337650677,0.22619535394238022,0.9166666666666666
chronos2_daily_abs_individual_median,25.0,2021-01-31_2021-12-31,12,0.4715848190697651,0.1311417024200292,0.4715848190697651,0.1311417024200292,0.3404431166497359,0.6330978579110407,0.8889453323190054,-0.372929274826276,-0.04715517979147299,0.4166666666666667,0.7177679581376772,2.4180876281099852,0.2854112937124853,0.9166666666666666
chronos2_daily_abs_individual_median,25.0,2021-02-28_2022-01-31,12,0.013637879045411472,0.1035559333431273,0.013637879045411472,0.1035559333431273,-0.08991805429771582,0.6150559563268121,0.28158220820490004,-0.37292927482627614,-0.008710521467504728,0.3333333333333333,0.11577719785318427,0.3901713680004736,0.14192342325112173,0.8888888888888888
chronos2_daily_abs_individual_median,25.0,2021-03-31_2022-02-28,12,0.04553027665932108,0.1814244316261513,0.04553027665932108,0.1814244316261513,-0.13589415496683022,0.6110641777465691,0.33099480072788834,-0.37292927482627636,-0.008710521467504728,0.3333333333333333,0.05280162041888411,-1.0492201982993412,0.45385511188452465,0.8611111111111108
chronos2_daily_abs_individual_median,25.0,2021-04-30_2022-03-31,12,0.014022030926074347,0.2056999327796627,0.014022030926074347,0.2056999327796627,-0.19167790185358835,0.6153209871273866,0.28237382881103273,-0.4089363434035993,-0.008710521467504728,0.3333333333333333,-0.02606163267716076,-1.6031486824304286,0.5987253847625589,0.8611111111111108
chronos2_daily_abs_individual_median,25.0,2021-05-31_2022-04-30,12,0.03275926493435821,0.20202014645819677,0.03275926493435821,0.20202014645819677,-0.16926088152383856,0.6141321050353947,0.31207151044405856,-0.4167647635425533,-0.011058901373715124,0.3333333333333333,0.007317750401948468,-1.6311179258003112,0.627058881709962,0.8333333333333331
chronos2_daily_abs_individual_median,25.0,2021-06-30_2022-05-31,12,-0.2997095531827352,0.1547230806668567,-0.2997095531827352,0.1547230806668567,-0.45443263384959187,0.5449567860751672,-0.4134379367155718,-0.48777080310594323,-0.04389760737316839,0.25,-0.6832568518573618,0.4432518941084311,-0.2549093683608785,0.8055555555555555
chronos2_daily_abs_individual_median,25.0,2021-07-31_2022-06-30,12,-0.4348981631204023,0.14515293481688385,-0.4348981631204023,0.14515293481688385,-0.5800510979372862,0.3800124264751755,-1.287399790516988,-0.45410401587253435,-0.04389760737316839,0.25,-1.6286160081793517,0.13518163656221724,-0.40494052794760527,0.7777777777777777
chronos2_daily_abs_individual_median,25.0,2021-08-31_2022-07-31,12,-0.4751875527187227,0.16719366722844042,-0.4751875527187227,0.16719366722844042,-0.6423812199471631,0.3897896835545461,-1.4267353720491336,-0.420436724778652,-0.04389760737316839,0.25,-1.7837131150881576,-0.1614056172164396,-0.4187758940042734,0.7777777777777778
chronos2_daily_abs_individual_median,25.0,2021-09-30_2022-08-31,12,-0.5197584348765096,0.11990803732841937,-0.5197584348765096,0.11990803732841937,-0.639666472204929,0.40733922630488123,-1.5540634040172256,-0.4979555015677447,-0.04389760737316817,0.25,-1.8400060644471852,0.4797798961989173,-0.5082692425382997,0.7777777777777778
chronos2_daily_abs_individual_median,25.0,2021-10-31_2022-09-30,12,-0.6071164191748699,0.07700156092153554,-0.6071164191748699,0.07700156092153554,-0.6841179800964055,0.4389337846978805,-1.8386268672893007,-0.5926307709936632,-0.04389760737316828,0.25,-2.013811264171796,0.496517650589454,-0.5837649090541562,0.7777777777777777
chronos2_daily_abs_individual_median,25.0,2021-11-30_2022-10-31,12,-0.447190850046713,0.0837751064100245,-0.447190850046713,0.0837751064100245,-0.5309659564567375,0.42521715342517286,-1.159379297902614,-0.5926307709936632,-0.04389760737316839,0.3333333333333333,-1.324268538158429,-0.2788739572952189,-0.3807357763628356,0.7222222222222222
chronos2_daily_abs_individual_median,25.0,2021-12-31_2022-11-30,12,-0.5421386779295034,0.04089310124175727,-0.5421386779295034,0.04089310124175727,-0.5830317791712607,0.3639535447421064,-1.9026321611496877,-0.5926307709936632,-0.052330809109684795,0.25,-1.936450925903911,-0.3492624904744611,-0.5020178130841714,0.7777777777777778
chronos2_daily_abs_individual_median,25.0,2022-01-31_2022-12-31,12,-0.6542685717794243,0.03139589518781816,-0.6542685717794243,0.03139589518781816,-0.6856644669672425,0.35336018232149763,-2.705622974177064,-0.5990856465068386,-0.0538908420070876,0.16666666666666666,-2.676262356188547,-0.3563669900135775,-0.6258403349787818,0.7777777777777777
chronos2_daily_abs_individual_median,25.0,2022-02-28_2023-01-31,12,-0.6089014407489729,-0.006523085673795559,-0.6089014407489729,-0.006523085673795559,-0.6023783550751773,0.3512204176849094,-2.399918188438155,-0.5896183012741819,-0.053890842007087936,0.16666666666666666,-2.3373745867113667,0.0039400133737264535,-0.5827001522740527,0.8055555555555555
chronos2_daily_abs_individual_median,25.0,2022-03-31_2023-02-28,12,-0.6393962648215048,-0.03763942955797195,-0.6393962648215048,-0.03763942955797195,-0.601756835263533,0.3537054036703315,-2.59314304958145,-0.6069639905395144,-0.05860315994470999,0.16666666666666666,-2.4349092945528428,-0.12687593710419093,-0.6167728114516142,0.8333333333333334
chronos2_daily_abs_individual_median,25.0,2022-04-30_2023-03-31,12,-0.5925703745173805,-0.0433257664262765,-0.5925703745173805,-0.0433257664262765,-0.549244608091104,0.37110688553080406,-2.1505119104471038,-0.6016885016467594,-0.052003665957635614,0.25,-2.0344925780690453,0.46460690791100323,-0.5528472497799903,0.8333333333333331
chronos2_daily_abs_individual_median,25.0,2022-05-31_2023-04-30,12,-0.7243205897553286,-0.07213752035282106,-0.7243205897553286,-0.07213752035282106,-0.6521830694025077,0.4499517765813607,-2.482835241239249,-0.7154743879292011,-0.07596598010903766,0.25,-2.4408879130032224,2.170539636642641,-0.6326867664470588,0.861111111111111
chronos2_daily_abs_individual_median,25.0,2022-06-30_2023-05-31,12,-0.7178998205200782,-0.0361282154897381,-0.7178998205200782,-0.0361282154897381,-0.6817716050303401,0.4489949174376226,-2.4425687355302306,-0.7442939680101284,-0.07596598010903755,0.25,-2.478411712172857,2.326899905848522,-0.6542796660014458,0.8888888888888888
chronos2_daily_abs_individual_median,25.0,2022-07-31_2023-06-30,12,-0.7483498188093847,-0.0028433046031512976,-0.7483498188093847,-0.0028433046031512976,-0.7455065142062334,0.4064648472448556,-2.9911147426746405,-0.7112211321178015,-0.07596598010903743,0.16666666666666666,-3.194324472218495,2.0012538458879088,-0.7226402771133189,0.8888888888888888
chronos2_daily_abs_individual_median,25.0,2022-08-31_2023-07-31,12,-0.6934834728161483,-0.031389184091800915,-0.6934834728161483,-0.031389184091800915,-0.6620942887243475,0.43590476443754445,-2.3532403312650563,-0.6514969993455625,-0.0655917893195096,0.25,-2.457588942006681,2.8183374987796572,-0.6255556329539378,0.861111111111111
chronos2_daily_abs_individual_median,25.0,2022-09-30_2023-08-31,12,-0.6517966915223758,-0.014331580574544756,-0.6517966915223758,-0.014331580574544756,-0.6374651109478311,0.426138757046935,-2.142715236820006,-0.5901182432031495,-0.06559178931950937,0.25,-2.258881810562164,2.665540961481613,-0.5994919127839313,0.861111111111111
chronos2_daily_abs_individual_median,25.0,2022-10-31_2023-09-30,12,-0.5287631598572704,-0.04883569016310929,-0.5287631598572704,-0.04883569016310929,-0.4799274696941611,0.41567010231617674,-1.53146232720575,-0.5901182432031498,-0.06327241269436523,0.3333333333333333,-1.5020901755629228,2.150630404218288,-0.4213574338648245,0.8333333333333334
chronos2_daily_abs_individual_median,25.0,2022-11-30_2023-10-31,12,-0.5292978335849159,-8.074453772832779e-05,-0.5292978335849159,-8.074453772832779e-05,-0.5292170890471876,0.4152236411809805,-1.5360753371033953,-0.5739049535660163,-0.04084242285001627,0.3333333333333333,-1.7089134948693827,2.349604115454721,-0.4856338740233923,0.861111111111111
chronos2_daily_abs_individual_median,25.0,2022-12-31_2023-11-30,12,-0.6641237147497212,0.06162621592425688,-0.6641237147497212,0.06162621592425688,-0.7257499306739781,0.4891351111779343,-1.8672781748261238,-0.5867304160820555,-0.04084242285001627,0.3333333333333333,-2.091019169753477,1.850147909812468,-0.6596641466112729,0.8055555555555555
chronos2_daily_abs_individual_median,25.0,2023-01-31_2023-12-31,12,-0.5915768320206027,0.05389394652891433,-0.5915768320206027,0.05389394652891433,-0.6454707785495171,0.47696403997076964,-1.5468830551350996,-0.5813262246333399,-0.04084242285001627,0.3333333333333333,-1.7323396426847635,1.595252814512307,-0.5757453897750617,0.7777777777777778
chronos2_daily_abs_individual_median,25.0,2023-02-28_2024-01-31,12,-0.6377520612456011,0.06910062416905749,-0.6377520612456011,0.06910062416905749,-0.7068526854146586,0.4803696081137953,-1.7655090101009412,-0.6023111417071088,-0.04084242285001627,0.3333333333333333,-1.9839380309525736,1.5154752813591588,-0.630406306976397,0.7777777777777777
chronos2_daily_abs_individual_median,25.0,2023-03-31_2024-02-29,12,-0.6108426155525444,0.07105311702696282,-0.6108426155525444,0.07105311702696282,-0.6818957325795072,0.47729055583306845,-1.6401387704384092,-0.6245907124349925,-0.04084242285001627,0.3333333333333333,-1.8529610025066634,1.423697196840741,-0.6016518800731877,0.7777777777777777
chronos2_daily_abs_individual_median,25.0,2023-04-30_2024-03-31,12,-0.6096027810299351,0.04605177038880415,-0.6096027810299351,0.04605177038880415,-0.6556545514187393,0.4780702184236926,-1.6305557103170953,-0.44594366152850196,-0.028914327222309355,0.3333333333333333,-1.7691242324233911,1.083377846079103,-0.5779455264572375,0.8055555555555557
chronos2_daily_abs_individual_median,25.0,2023-05-31_2024-04-30,12,-0.5286446581395732,0.05087612226469651,-0.5286446581395732,0.05087612226469651,-0.5795207804042697,0.4085974920802728,-1.5689355174648065,-0.5355290329930917,-0.04720745865673304,0.3333333333333333,-1.6734588181628383,0.16095032840902201,-0.4871994814760795,0.7777777777777777
chronos2_daily_abs_individual_median,25.0,2023-06-30_2024-05-31,12,-0.44836410610207056,0.06029804021364593,-0.44836410610207056,0.06029804021364593,-0.5086621463157165,0.4176065199140187,-1.1685548738191485,-0.5355290329930917,-0.04720745865673304,0.4166666666666667,-1.3046047104206058,0.27496941830926835,-0.40311697690839376,0.7777777777777777
chronos2_daily_abs_individual_median,25.0,2023-07-31_2024-06-30,12,-0.3396507295305041,0.046802268590376395,-0.3396507295305041,0.046802268590376395,-0.3864529981208805,0.47170728857981253,-0.6233685586221075,-0.5355290329930917,-0.04720745865673304,0.5,-0.737916811039023,0.9722507865289516,-0.2929061174637215,0.7777777777777777
chronos2_daily_abs_individual_median,25.0,2023-08-31_2024-07-31,12,-0.33741542792170454,0.10318514893952901,-0.33741542792170454,0.10318514893952901,-0.44060057686123355,0.4724344084810457,-0.6148039590185536,-0.5355290329930917,-0.04720745865673315,0.5,-0.8605140182084601,1.2336809104190771,-0.3461852931076884,0.8055555555555555
chronos2_daily_abs_individual_median,25.0,2023-09-30_2024-08-31,12,-0.3417667114232479,0.08473288946892565,-0.3417667114232479,0.08473288946892565,-0.42649960089217354,0.4729666543298684,-0.6271823345067831,-0.5355290329930917,-0.04720745865673315,0.5,-0.8384026672221196,1.2323282566466782,-0.3362745844112168,0.7777777777777778
chronos2_daily_abs_individual_median,25.0,2023-10-31_2024-09-30,12,-0.2828374723047852,0.12170948346779942,-0.2828374723047852,0.12170948346779942,-0.4045469557725846,0.5000226827785671,-0.40362349818603505,-0.5355290329930917,-0.047207458656732815,0.5,-0.6724221149869541,1.717415096345331,-0.3390163520846199,0.8055555555555555
chronos2_daily_abs_individual_median,25.0,2023-11-30_2024-10-31,12,-0.45363566754970264,0.004734660022875703,-0.45363566754970264,0.004734660022875703,-0.45837032757257834,0.509630460134589,-0.9027363852655272,-0.323335605816502,-0.07254414974326939,0.4166666666666667,-0.9800056951107573,1.7681568975550164,-0.38595361185792965,0.8055555555555555
chronos2_daily_abs_individual_median,25.0,2023-12-31_2024-11-30,12,-0.1280879214381373,-0.026522408525777696,-0.1280879214381373,-0.026522408525777696,-0.1015655129123596,0.42588839606876167,-0.11990778546583067,-0.31530619572881613,-0.07702368625268241,0.5,-0.07963855488517274,2.6613271127138907,0.007134241695835097,0.8611111111111112
chronos2_daily_abs_individual_median,25.0,2024-01-31_2024-12-31,12,-0.15082353870231713,-0.013699490369203038,-0.15082353870231713,-0.013699490369203038,-0.1371240483331141,0.42715932353727154,-0.17987932441082802,-0.2086543239139509,-0.07702368625268208,0.5,-0.1844501587596595,2.646622574039104,-0.05223732246837509,0.8888888888888888
chronos2_daily_abs_individual_median,25.0,2024-02-29_2025-01-31,12,-0.08109476717421393,-0.14290566323586873,-0.08109476717421393,-0.14290566323586873,0.061810896061654796,0.40940688812285886,-0.014143333381391251,-0.1938739746457867,-0.18252959118595857,0.5833333333333334,0.40360816051857445,1.6305196624963452,0.2501735579391511,0.888888888888889
chronos2_daily_abs_individual_median,25.0,2024-03-31_2025-02-28,12,-0.15148499192812692,-0.10676537761977256,-0.15148499192812692,-0.10676537761977256,-0.04471961430835436,0.4261518025936166,-0.1832708108300797,-0.28918683001516543,-0.1825295911859588,0.5833333333333334,0.05739575677927818,1.2406306653124726,0.04663708579966008,0.8888888888888888
chronos2_daily_abs_individual_median,25.0,2024-04-30_2025-03-31,12,-0.20814559151903667,-0.06461005552580057,-0.20814559151903667,-0.06461005552580057,-0.1435355359932361,0.4235475780303,-0.34835133781128497,-0.3101685681092622,-0.18252959118595868,0.5,-0.24899938850708997,1.1093849410465455,-0.08530193995518032,0.861111111111111
chronos2_daily_abs_individual_median,25.0,2024-05-31_2025-04-30,12,0.22501122271695784,0.02942056800377868,0.22501122271695784,0.02942056800377868,0.19559065471317916,0.44625570727231784,0.6575159552865372,-0.3101685681092622,-0.18252959118595857,0.5833333333333334,0.6430539102066674,1.2761338124380397,0.26494527073826535,0.8888888888888888
chronos2_daily_abs_individual_median,25.0,2024-06-30_2025-05-31,12,0.12273585929068398,-0.019239253194651806,0.12273585929068398,-0.019239253194651806,0.14197511248533579,0.44902100242107046,0.45790305504800854,-0.31016856810926197,-0.18252959118595835,0.5,0.540075877276369,1.2826720285269797,0.23226791178137218,0.861111111111111
chronos2_daily_abs_individual_median,25.0,2024-07-31_2025-06-30,12,0.06591654530166458,0.03150250800801424,0.06591654530166458,0.03150250800801424,0.034414037293650335,0.42922893926041633,0.3401158281207754,-0.3101685681092621,-0.1825295911859589,0.5,0.2680035329304811,1.196045432577119,0.09072484478854093,0.8888888888888888
chronos2_daily_abs_individual_median,25.0,2024-08-31_2025-07-31,12,0.9674515789753895,0.02082724764079913,0.9674515789753895,0.02082724764079913,0.9466243313345903,1.0485694905307346,0.9982751486866059,-0.3101685681092621,-0.1720911800730176,0.5,1.0286688097592025,2.3447729871986263,1.5113761343790566,0.8888888888888888
chronos2_daily_abs_individual_median,25.0,2024-09-30_2025-08-31,12,2.360305331833057,0.07082064647411035,2.360305331833057,0.07082064647411035,2.2894846853589463,1.1480844805315715,1.4883845245251357,-0.3101685681092622,-0.1720911800730176,0.5833333333333334,1.504087259612482,2.5591780593464737,3.0659554986416717,0.8888888888888888
chronos2_daily_abs_individual_median,25.0,2024-10-31_2025-09-30,12,1.5474772122064469,0.07787885846139209,1.5474772122064469,0.07787885846139209,1.4695983537450548,1.1785602436820484,1.2130686888851496,-0.23766997129202827,-0.11858833109117162,0.5,1.2016607343801866,2.518814844878081,2.125832657101528,0.861111111111111
chronos2_daily_abs_individual_median,25.0,2024-11-30_2025-10-31,12,2.583594146907411,0.1960061542824556,2.583594146907411,0.1960061542824556,2.3875879926249555,1.1344882864369201,1.5563508358311284,-0.23766997129202827,-0.11795970406671652,0.5833333333333334,1.446602659697907,2.1714215086978235,2.5630501194061814,0.8888888888888887
chronos2_daily_abs_individual_median,25.0,2024-12-31_2025-11-30,12,3.5268594591229405,0.22133541890163522,3.5268594591229405,0.22133541890163522,3.3055240402213055,1.156570285351399,1.7759338623004703,-0.20797143076025992,-0.11795970406671652,0.5833333333333334,1.6556282308827093,2.1522311499149676,3.4394456240719604,0.861111111111111
chronos2_daily_abs_individual_median,25.0,2025-01-31_2025-12-31,12,3.17247086466545,0.17166648362633885,3.17247086466545,0.17166648362633885,3.000804381039111,1.1737277326418247,1.6857760048940231,-0.15406322431754138,-0.03669877287899381,0.5833333333333334,1.6141620673463408,2.3587155893041327,3.346915556757783,0.8055555555555557
chronos2_daily_abs_individual_median,25.0,2025-02-28_2026-01-31,12,3.853770535214119,0.31334945156909844,3.853770535214119,0.31334945156909844,3.540421083645021,1.150979581603486,1.8519190723094459,-0.1252230659705743,-0.04758367670999886,0.5833333333333334,1.6605805810961836,3.2248238659235464,2.1948283612270725,0.7777777777777777
chronos2_daily_abs_individual_median,25.0,2025-03-31_2026-02-28,12,3.5527895955342412,0.08257309459079365,3.5527895955342412,0.08257309459079365,3.4702165009434474,1.1678004298119604,1.7789591337255783,-0.20998364410564807,-0.18488813271044613,0.5833333333333334,1.8309004114147263,2.7938990345248813,4.336940432043085,0.7777777777777777
chronos2_daily_abs_individual_median,25.0,2025-04-30_2026-03-31,12,4.538358413029328,0.028079656548997578,4.538358413029328,0.028079656548997578,4.51027875648033,1.1467387741973483,1.9948354269102537,-0.20998364410564818,-0.19546042589812018,0.6666666666666666,2.1341330480774197,3.0282956167131956,6.17802872849128,0.8055555555555555
chronos2_daily_abs_individual_median,25.0,2025-05-31_2026-04-30,12,2.509221167176912,-0.14610708694572017,2.509221167176912,-0.14610708694572017,2.655328254122632,1.2113998798951966,1.5111838184833257,-0.2630221642778532,-0.29138146686445754,0.5833333333333334,1.807923341259611,3.259819283015907,6.9284425089146,0.7777777777777778
chronos2_daily_abs_individual_median,25.0,2025-06-30_2026-05-31,12,2.2059190298341296,-0.18541351506394133,2.2059190298341296,-0.18541351506394133,2.391332544898071,1.2282966851210166,1.4225654030069705,-0.3509809372182495,-0.34737666250868915,0.5833333333333334,1.7605588008443012,3.2790626457255225,7.372742226095662,0.8055555555555555
chronos2_daily_abs_individual_median,25.0,2025-07-31_2026-06-30,12,2.426668167853605,-0.1667764227923394,2.426668167853605,-0.1667764227923394,2.5934445906459445,1.2288542746980307,1.4845912821771798,-0.35098093721824974,-0.34737666250868904,0.5833333333333334,1.8169757913566953,3.124463998965342,7.182303497248398,0.8055555555555557
chronos2_daily_abs_cross_median,25.0,2019-01-31_2019-12-31,12,-0.8589791546004781,-0.0907583313333864,-0.8589791546004781,-0.0907583313333864,-0.7682208232670917,0.47480870594779767,-3.5432880114134084,-0.8581841929071437,-0.08173242622854304,0.16666666666666666,-3.440802653151995,1.065393044332727,-0.8175807516070664,0.6944444444444443
chronos2_daily_abs_cross_median,25.0,2019-02-28_2020-01-31,12,-0.8908673651713243,-0.15374678206850467,-0.8908673651713243,-0.15374678206850467,-0.7371205831028196,0.45822803760066616,-4.162208269756904,-0.8747985213926825,-0.157070533612218,0.08333333333333333,-4.006104983847352,1.1227415622067272,-0.8454662690594308,0.6944444444444445
chronos2_daily_abs_cross_median,25.0,2019-03-31_2020-02-29,12,-0.8579793226957375,-0.2983301643039218,-0.8579793226957375,-0.2983301643039218,-0.5596491583918157,0.5445251484320784,-3.020171959350846,-0.8549477537199359,-0.2968733323797681,0.16666666666666666,-2.1000662754427446,-0.7347901267310917,-0.871660254799113,0.7222222222222222
chronos2_daily_abs_cross_median,25.0,2019-04-30_2020-03-31,12,-0.8201166037927476,-0.26938100433105683,-0.8201166037927476,-0.26938100433105683,-0.5507355994616909,0.5912343618916592,-2.3923582982921854,-0.8351974295002409,-0.2897384073692094,0.25,-1.742838904734151,-0.2934365785975494,-0.7983984361698918,0.6944444444444445
chronos2_daily_abs_cross_median,25.0,2019-05-31_2020-04-30,12,-0.8072269554514486,-0.23441422140073764,-0.8072269554514486,-0.23441422140073764,-0.572812734050711,0.59436042983755,-2.273664529907151,-0.8224079987020543,-0.2897384073692094,0.25,-1.7149427448577585,-0.24623536883807695,-0.7771542931808724,0.6944444444444445
chronos2_daily_abs_cross_median,25.0,2019-06-30_2020-05-31,12,-0.7746971149934442,-0.22854562482453433,-0.7746971149934442,-0.22854562482453433,-0.5461514901689098,0.625825181825718,-1.9091303279574847,-0.8143757492683183,-0.2897384073692095,0.3333333333333333,-1.4490096346526733,-0.034244124190521356,-0.7184565128561184,0.7222222222222223
chronos2_daily_abs_cross_median,25.0,2019-07-31_2020-06-30,12,-0.8228059632704066,-0.1941752572672133,-0.8228059632704066,-0.1941752572672133,-0.6286307060031933,0.6389836814394193,-2.189526547855897,-0.7513649886260851,-0.2827760862119635,0.3333333333333333,-1.7384092848661918,-0.27600314139604093,-0.7871452481378887,0.75
chronos2_daily_abs_cross_median,25.0,2019-08-31_2020-07-31,12,-0.7435689998595633,-0.1722348942847023,-0.7435689998595633,-0.1722348942847023,-0.571334105574861,0.5918928434039058,-1.866418806403849,-0.7631509311630725,-0.27948217627529803,0.3333333333333333,-1.4525339017171754,-0.20370427558255283,-0.6974770479519811,0.7222222222222222
chronos2_daily_abs_cross_median,25.0,2019-09-30_2020-08-31,12,-0.7454324437684898,-0.21057570090232802,-0.7454324437684898,-0.21057570090232802,-0.5348567428661617,0.5894060962334999,-1.887641787851055,-0.7518797201907707,-0.27948217627529803,0.3333333333333333,-1.3683276119714165,-0.345901293942429,-0.7127193272618961,0.7777777777777777
chronos2_daily_abs_cross_median,25.0,2019-10-31_2020-09-30,12,-0.7636470747460158,-0.1766274605970889,-0.7636470747460158,-0.1766274605970889,-0.587019614148927,0.5873819138094456,-2.010427116118781,-0.6612236720608563,-0.2794821762752979,0.3333333333333333,-1.524306442026908,-0.3668590163396624,-0.7302922757858707,0.8055555555555555
chronos2_daily_abs_cross_median,25.0,2019-11-30_2020-10-31,12,-0.6211410109708453,-0.06643817837031618,-0.6211410109708453,-0.06643817837031618,-0.5547028326005291,0.5786225860630858,-1.3138773554606593,-0.5613847432003171,-0.2794821762752979,0.4166666666666667,-1.1275159469663252,-0.0740215632862857,-0.5453450248777806,0.8055555555555555
chronos2_daily_abs_cross_median,25.0,2019-12-31_2020-11-30,12,0.044400272035932886,-0.050871312509224054,0.044400272035932886,-0.050871312509224054,0.09527158454515694,1.2998092930925433,0.45898649519408163,-0.3334196518060757,-0.2358764964179022,0.5,0.48947371791652455,1.2929497294280095,0.8308118393897919,0.8333333333333334
chronos2_daily_abs_cross_median,25.0,2020-01-31_2020-12-31,12,0.18944798339579405,-0.013079995771551722,0.18944798339579405,-0.013079995771551722,0.20252797916734577,1.2726957517349096,0.5405690688219946,-0.317222573129062,-0.16758179221927783,0.5,0.5386128582413138,1.0829167544729568,0.9141163883586472,0.8055555555555555
chronos2_daily_abs_cross_median,25.0,2020-02-29_2021-01-31,12,0.9343588572382564,0.14471568274700242,0.9343588572382564,0.14471568274700242,0.789643174491254,1.244749921992007,0.9398798677693178,-0.317222573129062,-0.07033476780972703,0.5833333333333334,0.818430047147912,0.8622791184899551,1.678332467348631,0.8055555555555555
chronos2_daily_abs_cross_median,25.0,2020-03-31_2021-02-28,12,0.5097702283644547,0.3187076559568369,0.5097702283644547,0.3187076559568369,0.19106257240761781,1.2614994106526012,0.7300282829192255,-0.3172225731290621,-0.07033476780972703,0.5,0.5188579886537343,2.743677157403081,0.12493454484511801,0.8055555555555554
chronos2_daily_abs_cross_median,25.0,2020-04-30_2021-03-31,12,0.39602602782527874,0.2712264885896778,0.39602602782527874,0.2712264885896778,0.12479953923560094,1.2630108112283736,0.6639414351159665,-0.3172225731290621,-0.07033476780972714,0.5,0.4814395101218303,2.763032414546548,0.1421510953520153,0.8333333333333331
chronos2_daily_abs_cross_median,25.0,2020-05-31_2021-04-30,12,0.9678174296795568,0.2511461011810818,0.9678174296795568,0.2511461011810818,0.7166713284984749,1.2797227927661174,0.9571576295999578,-0.3172225731290621,-0.07033476780972703,0.5833333333333334,0.7966225671302827,2.3596488558044633,0.9020421899495057,0.861111111111111
chronos2_daily_abs_cross_median,25.0,2020-06-30_2021-05-31,12,1.3514978308434098,0.22018559574957508,1.3514978308434098,0.22018559574957508,1.1313122350938347,1.2939617160602224,1.110052169349951,-0.25060687186956,-0.07033476780972703,0.5833333333333334,0.975218991771012,2.2861509318730677,1.4900816443011262,0.8333333333333331
chronos2_daily_abs_cross_median,25.0,2020-07-31_2021-06-30,12,2.264098770193088,0.1787337447456181,2.264098770193088,0.1787337447456181,2.0853650254474703,1.2351600167106302,1.3993178774096966,-0.25060687186956,-0.07033476780972703,0.6666666666666666,1.313184219762193,2.89982499975706,2.1734231862481415,0.8333333333333331
chronos2_daily_abs_cross_median,25.0,2020-08-31_2021-07-31,12,2.019854569226243,0.17406019021811336,2.019854569226243,0.17406019021811336,1.8457943790081297,1.249189027217708,1.3265414740745463,-0.25060687186956,-0.0471551797914731,0.6666666666666666,1.2416289162517515,2.934663509311594,1.989301506163025,0.861111111111111
chronos2_daily_abs_cross_median,25.0,2020-09-30_2021-08-31,12,2.170778661284356,0.29094300690606567,2.170778661284356,0.29094300690606567,1.8798356543782904,1.2473740453935425,1.3715349383722943,-0.25060687186956,-0.0471551797914731,0.6666666666666666,1.20925116432902,3.927538574103521,0.9085025159647322,0.861111111111111
chronos2_daily_abs_cross_median,25.0,2020-10-31_2021-09-30,12,2.8551699339861414,0.285307502281577,2.8551699339861414,0.285307502281577,2.569862431704564,1.21883770424552,1.560595865636273,-0.25060687186956,-0.04715517979147299,0.75,1.4157503099387425,4.355957362155022,1.0917706627187274,0.8888888888888888
chronos2_daily_abs_cross_median,25.0,2020-11-30_2021-10-31,12,2.603327116142538,0.164192612882329,2.603327116142538,0.164192612882329,2.4391345032602088,1.223645760139366,1.4947610119970294,-0.25060687186956,-0.04715517979147299,0.75,1.4452087451278672,6.767210139149948,1.0785517637364141,0.8888888888888888
chronos2_daily_abs_cross_median,25.0,2020-12-31_2021-11-30,12,0.25223219029564947,0.10075285366229347,0.25223219029564947,0.10075285366229347,0.151479336633356,0.6830787584348531,0.6438389520678226,-0.2600542565343008,-0.04715517979147321,0.6666666666666666,0.5218678516294241,2.8027165041661717,0.16930257617516964,0.861111111111111
chronos2_daily_abs_cross_median,25.0,2021-01-31_2021-12-31,12,0.29057087806025317,0.1311417024200292,0.29057087806025317,0.1311417024200292,0.15942917564022396,0.6728620136952288,0.6877135731836539,-0.42851270501047534,-0.04715517979147299,0.6666666666666666,0.5140892301253684,2.117768903206478,0.20989679088138513,0.861111111111111
chronos2_daily_abs_cross_median,25.0,2021-02-28_2022-01-31,12,-0.14139459347074357,0.1035559333431273,-0.14139459347074357,0.1035559333431273,-0.24495052681387086,0.6584974917128784,0.06660187803697092,-0.5241830273412734,-0.008710521467504728,0.5833333333333334,-0.08716239880744034,-0.20997558119371543,0.06722950481941359,0.8055555555555555
chronos2_daily_abs_cross_median,25.0,2021-03-31_2022-02-28,12,0.06497861567483332,0.1814244316261513,0.06497861567483332,0.1814244316261513,-0.11644581595131798,0.6511345324900517,0.3941722032261012,-0.5241830273412733,-0.008710521467504728,0.6666666666666666,0.13108981631215,-1.9786637026988905,0.7823351874854465,0.75
chronos2_daily_abs_cross_median,25.0,2021-04-30_2022-03-31,12,-0.14426774423574396,0.2056999327796627,-0.14426774423574396,0.2056999327796627,-0.34996767701540665,0.684085141386709,0.08484116888642074,-0.5755687994846943,-0.008710521467504728,0.5833333333333334,-0.18883285832813498,-2.5218973059163616,0.691727986493625,0.6944444444444443
chronos2_daily_abs_cross_median,25.0,2021-05-31_2022-04-30,12,-0.11520697167692662,0.20202014645819677,-0.11520697167692662,0.20202014645819677,-0.3172271181351234,0.7085199114099243,0.14564235072253717,-0.5755687994846943,-0.011058901373715124,0.5833333333333334,-0.11542880724048274,-3.059183624224248,0.9292618118734361,0.6666666666666666
chronos2_daily_abs_cross_median,25.0,2021-06-30_2022-05-31,12,-0.35911376895045666,0.1547230806668567,-0.35911376895045666,0.1547230806668567,-0.5138368496173134,0.6368497661127221,-0.39897135650478005,-0.5755687994846943,-0.04389760737316839,0.5,-0.6171630014068494,-0.975288661495785,-0.10485629730543078,0.6944444444444443
chronos2_daily_abs_cross_median,25.0,2021-07-31_2022-06-30,12,-0.43365584127221524,0.14515293481688385,-0.43365584127221524,0.14515293481688385,-0.5788087760890991,0.6347758995494713,-0.5916518717186606,-0.5755687994846943,-0.04389760737316839,0.4166666666666667,-0.7937274717700077,-0.9402955731016344,-0.21912318771268147,0.6388888888888888
chronos2_daily_abs_cross_median,25.0,2021-08-31_2022-07-31,12,-0.49637609179480746,0.16719366722844042,-0.49637609179480746,0.16719366722844042,-0.6635697590232479,0.6565633685632548,-0.7206745704967384,-0.6037900129445128,-0.04389760737316839,0.4166666666666667,-0.9346536116838049,-1.4803906374051385,-0.21402648392205703,0.6388888888888888
chronos2_daily_abs_cross_median,25.0,2021-09-30_2022-08-31,12,-0.526716572696157,0.11990803732841937,-0.526716572696157,0.11990803732841937,-0.6466246100245764,0.6409242118922627,-0.8443365853832423,-0.6037900129445127,-0.04389760737316817,0.4166666666666667,-0.9831717690836862,-2.0346923165311868,-0.2641090126250858,0.6388888888888888
chronos2_daily_abs_cross_median,25.0,2021-10-31_2022-09-30,12,-0.6925253571340826,0.07700156092153554,-0.6925253571340826,0.07700156092153554,-0.7695269180556181,0.6725063573472445,-1.3660363493302343,-0.7058393324544303,-0.04389760737316828,0.3333333333333333,-1.4076432583729743,-3.7641656203347558,-0.4758434088623562,0.6388888888888888
chronos2_daily_abs_cross_median,25.0,2021-11-30_2022-10-31,12,-0.6090775108216985,0.0837751064100245,-0.6090775108216985,0.0837751064100245,-0.692852617231723,0.7798314288749555,-0.8142618035987634,-0.6024564366465531,-0.04389760737316839,0.3333333333333333,-0.883934343516252,-4.2603800200738755,-0.24706182424717282,0.611111111111111
chronos2_daily_abs_cross_median,25.0,2021-12-31_2022-11-30,12,-0.49591031227043014,0.04089310124175727,-0.49591031227043014,0.04089310124175727,-0.5368034135121874,0.7464671849369959,-0.563697727843694,-0.49584216817414273,-0.052330809109684795,0.3333333333333333,-0.5944186662392656,-3.2368626192718275,-0.24704379899415974,0.638888888888889
chronos2_daily_abs_cross_median,25.0,2022-01-31_2022-12-31,12,-0.2518669326680131,0.03139589518781816,-0.2518669326680131,0.03139589518781816,-0.28326282785583123,0.7347784683656958,-0.06379181757530306,-0.49584216817414284,-0.0538908420070876,0.4166666666666667,-0.1053130809907128,-3.220261327735412,0.06502678232761805,0.6944444444444443
chronos2_daily_abs_cross_median,25.0,2022-02-28_2023-01-31,12,-0.14038022349260637,-0.006523085673795559,-0.14038022349260637,-0.006523085673795559,-0.1338571378188108,0.7148659534313851,0.10799260293538644,-0.49584216817414284,-0.053890842007087936,0.4166666666666667,0.10972204775587213,-2.857314011819034,0.06773255307834747,0.75
chronos2_daily_abs_cross_median,25.0,2022-03-31_2023-02-28,12,-0.25802769794094893,-0.03763942955797195,-0.25802769794094893,-0.03763942955797195,-0.22038826838297698,0.7096091023538376,-0.1030045870055057,-0.49584216817414273,-0.05860315994470999,0.3333333333333333,-0.05000171070507392,-3.9884829096527215,-0.1969684713732679,0.8055555555555554
chronos2_daily_abs_cross_median,25.0,2022-04-30_2023-03-31,12,-0.1290351896423826,-0.0433257664262765,-0.1290351896423826,-0.0433257664262765,-0.08570942321610608,0.6837579789477758,0.09962889457971853,-0.49584216817414273,-0.052003665957635614,0.3333333333333333,0.15597515385669392,-3.2849810197167697,-0.06831096853635443,0.8333333333333331
chronos2_daily_abs_cross_median,25.0,2022-05-31_2023-04-30,12,-0.3462617434368469,-0.07213752035282106,-0.3462617434368469,-0.07213752035282106,-0.27412422308402584,0.5558955109276027,-0.4942347784731349,-0.4629602117248063,-0.07596598010903766,0.3333333333333333,-0.3470999009608574,-2.311960309088376,-0.36206051264514405,0.8333333333333331
chronos2_daily_abs_cross_median,25.0,2022-06-30_2023-05-31,12,-0.25663978644705754,-0.0361282154897381,-0.25663978644705754,-0.0361282154897381,-0.22051157095731944,0.5610875296883534,-0.2602896136287469,-0.4181417019230449,-0.07596598010903755,0.4166666666666667,-0.18931985235326426,-2.81276653777329,-0.21769813601919552,0.8055555555555555
chronos2_daily_abs_cross_median,25.0,2022-07-31_2023-06-30,12,0.01282780443220699,-0.0028433046031512976,0.01282780443220699,-0.0028433046031512976,0.015671109035358288,0.6159684295075023,0.306074180611384,-0.29994372042913064,-0.07596598010903743,0.5,0.30181780060886826,-0.21977619214812077,0.20577339154518626,0.861111111111111
chronos2_daily_abs_cross_median,25.0,2022-08-31_2023-07-31,12,0.508986026704259,-0.031389184091800915,0.508986026704259,-0.031389184091800915,0.5403752107960599,0.5766124926648817,0.9927875470804629,-0.29994372042913064,-0.0655917893195096,0.5833333333333334,1.0615951222033144,1.5107199695272433,0.8246869864133575,0.8333333333333334
chronos2_daily_abs_cross_median,25.0,2022-09-30_2023-08-31,12,0.3083177128763195,-0.014331580574544756,0.3083177128763195,-0.014331580574544756,0.32264929345086424,0.5902738502832496,0.7308828009746083,-0.13538556926619494,-0.06559178931950937,0.5,0.7648581510303608,1.681496594095335,0.5579499835899575,0.8055555555555554
chronos2_daily_abs_cross_median,25.0,2022-10-31_2023-09-30,12,0.8450331942204388,-0.04883569016310929,0.8450331942204388,-0.04883569016310929,0.8938688843835481,0.4695008048035657,1.5305775609076684,-0.13538556926619494,-0.06327241269436523,0.5833333333333334,1.7243370998258627,2.5201936442462154,1.2477660821282837,0.7777777777777777
chronos2_daily_abs_cross_median,25.0,2022-11-30_2023-10-31,12,0.30612756100213767,-8.074453772832779e-05,0.30612756100213767,-8.074453772832779e-05,0.306208305539866,0.37846528779983574,0.8731157101976313,-0.14598477608441818,-0.04084242285001627,0.5,0.892948546601791,1.0541737000828302,0.3799933723403768,0.75
chronos2_daily_abs_cross_median,25.0,2022-12-31_2023-11-30,12,0.42301209282082186,0.06162621592425688,0.42301209282082186,0.06162621592425688,0.361385876896565,0.3699393792728749,1.1240499612531487,-0.14598477608441818,-0.04084242285001627,0.5833333333333334,0.9690079838652395,0.7988689482118295,0.4328397402812525,0.7222222222222222
chronos2_daily_abs_cross_median,25.0,2023-01-31_2023-12-31,12,0.18091440222783062,0.05389394652891433,0.18091440222783062,0.05389394652891433,0.1270204556989163,0.35693690607800754,0.6186500534318805,-0.15551252375171365,-0.04084242285001627,0.5,0.4773278138291946,1.0353605600893898,0.1752849011821611,0.6666666666666666
chronos2_daily_abs_cross_median,25.0,2023-02-28_2024-01-31,12,0.18045034341601007,0.06910062416905749,0.18045034341601007,0.06910062416905749,0.11134971924695258,0.35700802853170116,0.6174737849766931,-0.19242398085920254,-0.04084242285001627,0.5,0.43061501012169506,0.9035272857365066,0.1683375191506089,0.6388888888888888
chronos2_daily_abs_cross_median,25.0,2023-03-31_2024-02-29,12,0.08502495790675191,0.07105311702696282,0.08502495790675191,0.07105311702696282,0.013971840879789088,0.3809376804893156,0.3775416125497073,-0.29640958381871874,-0.04084242285001627,0.5,0.19256445126905816,0.993128109224017,0.0742491356662418,0.6666666666666666
chronos2_daily_abs_cross_median,25.0,2023-04-30_2024-03-31,12,0.07076869422361454,0.04605177038880415,0.07076869422361454,0.04605177038880415,0.02471692383481039,0.3832353163683026,0.34258791425936086,-0.3379467233988259,-0.028914327222309355,0.5,0.2240499430965666,1.1972847275453538,0.07539851345625936,0.6944444444444443
chronos2_daily_abs_cross_median,25.0,2023-05-31_2024-04-30,12,0.15521118568124792,0.05087612226469651,0.15521118568124792,0.05087612226469651,0.10433506341655141,0.3964870693654346,0.5363721524562944,-0.33794672339882603,-0.04720745865673304,0.5,0.40817360069307923,0.7987014757287048,0.18410960377853414,0.6944444444444445
chronos2_daily_abs_cross_median,25.0,2023-06-30_2024-05-31,12,0.1313541427993421,0.06029804021364593,0.1313541427993421,0.06029804021364593,0.07105610258569617,0.39407513922873855,0.4837138248152846,-0.33794672339882603,-0.04720745865673304,0.5,0.3313359866088212,0.8286581425826862,0.14830494881973721,0.6666666666666666
chronos2_daily_abs_cross_median,25.0,2023-07-31_2024-06-30,12,-0.24428179973060482,0.046802268590376395,-0.24428179973060482,0.046802268590376395,-0.2910840683209812,0.33087309459151343,-0.6858115090111768,-0.3527795510514856,-0.04720745865673304,0.4166666666666667,-0.760328205133612,-1.120657596608597,-0.15912425945085973,0.6666666666666666
chronos2_daily_abs_cross_median,25.0,2023-08-31_2024-07-31,12,-0.1766054700007017,0.10318514893952901,-0.1766054700007017,0.10318514893952901,-0.2797906189402307,0.4036948927665134,-0.3030803850111789,-0.2961210152623509,-0.04720745865673315,0.4166666666666667,-0.5725960471116336,0.9202763608705392,-0.19676489725353663,0.6666666666666666
chronos2_daily_abs_cross_median,25.0,2023-09-30_2024-08-31,12,0.256826704642269,0.08473288946892565,0.256826704642269,0.08473288946892565,0.17209381517334332,0.5683398075344667,0.63636675411085,-0.28702536339296647,-0.04720745865673315,0.5,0.4721121812587675,-0.3363506664204807,0.4688336294625566,0.6666666666666666
chronos2_daily_abs_cross_median,25.0,2023-10-31_2024-09-30,12,0.19738514158581677,0.12170948346779942,0.19738514158581677,0.12170948346779942,0.07567565811801735,0.5740733755072895,0.5486771792560834,-0.27096800791435705,-0.047207458656732815,0.4166666666666667,0.3313896600379954,-0.5401256471458482,0.4529870414305195,0.6666666666666666
chronos2_daily_abs_cross_median,25.0,2023-11-30_2024-10-31,12,0.1834889515874547,0.004734660022875703,0.1834889515874547,0.004734660022875703,0.178754291564579,0.5759474441546586,0.527934981362749,-0.27096800791435705,-0.07254414974326939,0.4166666666666667,0.5108367542698771,0.5237104972730414,0.3432850582723119,0.6944444444444445
chronos2_daily_abs_cross_median,25.0,2023-12-31_2024-11-30,12,-0.12941922873592382,-0.026522408525777696,-0.12941922873592382,-0.026522408525777696,-0.10289682021014612,0.6314605837914097,0.04626528304669149,-0.3312172192054521,-0.07702368625268241,0.3333333333333333,0.08110630020361118,0.6004143669389035,0.043171543642386734,0.7222222222222223
chronos2_daily_abs_cross_median,25.0,2024-01-31_2024-12-31,12,-0.103670448738713,-0.013699490369203038,-0.103670448738713,-0.013699490369203038,-0.08997095836950997,0.6295960191706489,0.09108847391128992,-0.3450150861728547,-0.07702368625268208,0.3333333333333333,0.10521447612036382,0.5485700819993502,0.0639825818842259,0.7222222222222223
chronos2_daily_abs_cross_median,25.0,2024-02-29_2025-01-31,12,-0.14789216006416595,-0.14290566323586873,-0.14789216006416595,-0.14290566323586873,-0.0049864968282972155,0.6353017758930126,0.016006456601999047,-0.404545825935661,-0.18252959118595857,0.4166666666666667,0.24308985966888433,0.7701909020063415,0.12611220516769683,0.75
chronos2_daily_abs_cross_median,25.0,2024-03-31_2025-02-28,12,0.05166465724118474,-0.10676537761977256,0.05166465724118474,-0.10676537761977256,0.1584300348609573,0.6225276782202849,0.34409029539041003,-0.404545825935661,-0.1825295911859588,0.5,0.5173845796112291,0.8648068745515143,0.34552166736707024,0.7499999999999999
chronos2_daily_abs_cross_median,25.0,2024-04-30_2025-03-31,12,0.6846652484787181,-0.06461005552580057,0.6846652484787181,-0.06461005552580057,0.7492753040045187,0.7831381564925921,0.9967273718693479,-0.4045458259356609,-0.18252959118595868,0.5833333333333334,1.1238047230201693,1.6010097921679824,1.306038749029034,0.75
chronos2_daily_abs_cross_median,25.0,2024-05-31_2025-04-30,12,0.36672928846700814,0.02942056800377868,0.36672928846700814,0.02942056800377868,0.33730872046322946,0.7970970093689431,0.71570337536163,-0.404545825935661,-0.18252959118595857,0.5,0.6851490506381039,1.2142854268167127,0.6591336670846415,0.7777777777777777
chronos2_daily_abs_cross_median,25.0,2024-06-30_2025-05-31,12,0.28507818496125825,-0.019239253194651806,0.28507818496125825,-0.019239253194651806,0.30431743815591006,0.7997203859223322,0.6352586607206445,-0.404545825935661,-0.18252959118595835,0.5,0.6658770207939909,1.2413811704277793,0.6524880291219481,0.7777777777777778
chronos2_daily_abs_cross_median,25.0,2024-07-31_2025-06-30,12,0.3660787912103203,0.03150250800801424,0.3660787912103203,0.03150250800801424,0.33457628320230604,0.7867551214726328,0.7130259447504668,-0.404545825935661,-0.1825295911859589,0.5,0.6655647135774936,0.8583988319686767,0.661722740694783,0.7777777777777778
chronos2_daily_abs_cross_median,25.0,2024-08-31_2025-07-31,12,0.08808857957038407,0.02082724764079913,0.08808857957038407,0.02082724764079913,0.06726133192958494,0.7474357807808607,0.4041688435189059,-0.404545825935661,-0.1720911800730176,0.4166666666666667,0.35272547154560885,0.4884307919666688,0.3232816837430923,0.8055555555555555
chronos2_daily_abs_cross_median,25.0,2024-09-30_2025-08-31,12,-0.0402777889914544,0.07082064647411035,-0.0402777889914544,0.07082064647411035,-0.11109843546556475,0.670365576047394,0.20363509564246376,-0.36690926079695674,-0.1720911800730176,0.4166666666666667,0.07758897161305296,0.9098528981578758,0.05954860971108511,0.8333333333333334
chronos2_daily_abs_cross_median,25.0,2024-10-31_2025-09-30,12,0.5500662521392556,0.07787885846139209,0.5500662521392556,0.07787885846139209,0.47218739367786355,0.8334927483861443,0.8579096290843184,-0.3191551532149173,-0.11858833109117162,0.5,0.7665373180802328,0.9797402707584245,0.8373457691646029,0.861111111111111
chronos2_daily_abs_cross_median,25.0,2024-11-30_2025-10-31,12,0.7932205021969221,0.1960061542824556,0.7932205021969221,0.1960061542824556,0.5972143479144665,0.8214016800022713,1.048118002671739,-0.20727706629195264,-0.11795970406671652,0.5833333333333334,0.821860591313402,0.8037610364490885,0.981070107540094,0.8888888888888888
chronos2_daily_abs_cross_median,25.0,2024-12-31_2025-11-30,12,1.4370231396307545,0.22133541890163522,1.4370231396307545,0.22133541890163522,1.2156877207291192,0.752428328919463,1.5090670866937672,-0.20727706629195253,-0.11795970406671652,0.6666666666666666,1.2263860108050586,0.5808678740761312,1.6359019048401469,0.8888888888888888
chronos2_daily_abs_cross_median,25.0,2025-01-31_2025-12-31,12,1.6236476958169574,0.17166648362633885,1.6236476958169574,0.17166648362633885,1.4519812121906186,0.7435817705269238,1.627882571819981,-0.20727706629195275,-0.03669877287899381,0.75,1.3962988762667174,0.5592622429290652,1.8962708050123562,0.9444444444444443
chronos2_daily_abs_cross_median,25.0,2025-02-28_2026-01-31,12,1.2796636031022803,0.31334945156909844,1.2796636031022803,0.31334945156909844,0.9663141515331819,0.7854867698309256,1.38929270794657,-0.21008148241979496,-0.04758367670999886,0.6666666666666666,1.0194996563161833,0.11972688254639959,1.7549354562947466,0.9444444444444443
chronos2_daily_abs_cross_median,25.0,2025-03-31_2026-02-28,12,0.7957535087699072,0.08257309459079365,0.7957535087699072,0.08257309459079365,0.7131804141791136,0.8227328476135142,1.0489672431316353,-0.33092088757786453,-0.18488813271044613,0.5833333333333334,0.9578322633890682,0.9974666699571038,1.095232760649112,0.9166666666666665
chronos2_daily_abs_cross_median,25.0,2025-04-30_2026-03-31,12,0.27888964500778046,0.028079656548997578,0.27888964500778046,0.028079656548997578,0.2508099884587829,0.6730223582307155,0.6376765857567777,-0.3309208875778644,-0.19546042589812018,0.5833333333333334,0.5726998919246272,0.6185583833713411,0.4813627058426797,0.8888888888888887
chronos2_daily_abs_cross_median,25.0,2025-05-31_2026-04-30,12,0.27902013152805516,-0.14610708694572017,0.27902013152805516,-0.14610708694572017,0.4251272184737753,0.6730025532322272,0.6378322704496937,-0.3512667325715023,-0.29138146686445754,0.6666666666666666,0.8856769806937251,0.9943604521929343,0.7289066750852466,0.8611111111111108
chronos2_daily_abs_cross_median,25.0,2025-06-30_2026-05-31,12,0.4656910857586276,-0.18541351506394133,0.4656910857586276,-0.18541351506394133,0.6511046008225689,0.6760074658724831,0.8472176696651101,-0.3512667325715023,-0.34737666250868915,0.6666666666666666,1.1494057357902916,0.7871159401669394,0.9957983362029732,0.8888888888888887
chronos2_daily_abs_cross_median,25.0,2025-07-31_2026-06-30,12,1.2047324884616848,-0.1667764227923394,1.2047324884616848,-0.1667764227923394,1.3715089112540242,0.712515927538008,1.4357311599764595,-0.3512667325715022,-0.34737666250868904,0.75,1.9213233550675715,1.5738161666388009,2.3176052481713096,0.8611111111111108
chronos2_daily_abs_cross_lower10,25.0,2019-01-31_2019-12-31,12,-0.012950156130846269,-0.0907583313333864,-0.012950156130846269,-0.0907583313333864,0.07780817520254013,0.06969261632911895,-0.15469155950571767,-0.0455904832208166,-0.08173242622854304,0.5833333333333334,0.9872856573120735,0.4196451853575655,0.02739151619872393,0.6944444444444445
chronos2_daily_abs_cross_lower10,25.0,2019-02-28_2020-01-31,12,0.007272134512201767,-0.15374678206850467,0.007272134512201767,-0.15374678206850467,0.16101891658070644,0.06563849271515208,0.14081718331712123,-0.0480818175329214,-0.157070533612218,0.6666666666666666,1.5795211208026327,0.27657900401774754,0.054386631087357085,0.6666666666666666
chronos2_daily_abs_cross_lower10,25.0,2019-03-31_2020-02-29,12,0.013910060865704121,-0.2983301643039218,0.013910060865704121,-0.2983301643039218,0.3122402251696259,0.06498596017819419,0.24280591269992483,-0.04966834783703311,-0.2968733323797681,0.75,1.9083333900860984,0.12936338282440563,0.06006263051452221,0.6666666666666666
chronos2_daily_abs_cross_lower10,25.0,2019-04-30_2020-03-31,12,0.28323070480213053,-0.26938100433105683,0.28323070480213053,-0.26938100433105683,0.5526117091331874,0.272062807887094,1.0343374414975928,-0.04966834783703311,-0.2897384073692094,0.75,2.1535316931419177,0.5458321829030508,0.539133135673171,0.75
chronos2_daily_abs_cross_lower10,25.0,2019-05-31_2020-04-30,12,0.5544418207383526,-0.23441422140073764,0.5544418207383526,-0.23441422140073764,0.7888560421390902,0.33081162887303944,1.4913787070887958,-0.04966834783703333,-0.2897384073692094,0.75,2.384698512631473,0.6633259086471883,0.8911811725397236,0.7777777777777778
chronos2_daily_abs_cross_lower10,25.0,2019-06-30_2020-05-31,12,0.5523513088634049,-0.22854562482453433,0.5523513088634049,-0.22854562482453433,0.7808969336879392,0.33096949870747167,1.4865781089751884,-0.04966834783703322,-0.2897384073692095,0.75,2.334488889603582,0.6425089295265138,0.8707460708597397,0.7499999999999999
chronos2_daily_abs_cross_lower10,25.0,2019-07-31_2020-06-30,12,0.5433409762161143,-0.1941752572672133,0.5433409762161143,-0.1941752572672133,0.7375162334833276,0.3317122721489882,1.4656638234948787,-0.04966834783703322,-0.2827760862119635,0.75,2.075224047994806,0.539268620001348,0.7766837967870932,0.7222222222222222
chronos2_daily_abs_cross_lower10,25.0,2019-08-31_2020-07-31,12,0.4949562977628821,-0.1722348942847023,0.4949562977628821,-0.1722348942847023,0.6671911920475844,0.3342371972303204,1.3578392004275044,-0.04966834783703322,-0.27948217627529803,0.6666666666666666,1.8462744479887163,0.5001440394586559,0.6885457265420583,0.7222222222222223
chronos2_daily_abs_cross_lower10,25.0,2019-09-30_2020-08-31,12,0.5936336617570701,-0.21057570090232802,0.5936336617570701,-0.21057570090232802,0.8042093626593981,0.3313601469290629,1.5677059699012303,-0.04966834783703322,-0.27948217627529803,0.6666666666666666,2.1345356854637485,0.4387026537438932,0.8145636546240012,0.6666666666666666
chronos2_daily_abs_cross_lower10,25.0,2019-10-31_2020-09-30,12,0.5578070783675297,-0.1766274605970889,0.5578070783675297,-0.1766274605970889,0.7344345389646186,0.3338092138545909,1.487423062739817,-0.04966834783703322,-0.2794821762752979,0.5833333333333334,1.8505443960421086,0.35723093838921216,0.7211094741622945,0.6388888888888888
chronos2_daily_abs_cross_lower10,25.0,2019-11-30_2020-10-31,12,1.3472463541208883,-0.06643817837031618,1.3472463541208883,-0.06643817837031618,1.4136845324912044,0.5554929762389945,1.797973958435279,-0.04966834783703322,-0.2794821762752979,0.5833333333333334,2.098154726857942,0.9814327526597955,1.695916096138078,0.5833333333333334
chronos2_daily_abs_cross_lower10,25.0,2019-12-31_2020-11-30,12,1.4382086809516714,-0.050871312509224054,1.4382086809516714,-0.050871312509224054,1.4890799934608956,0.5514626622567526,1.8823114241181205,-0.004272657118904344,-0.2358764964179022,0.5833333333333334,2.165967518886664,0.9718360354970944,1.750876312349928,0.611111111111111
chronos2_daily_abs_cross_lower10,25.0,2020-01-31_2020-12-31,12,1.723030505918762,-0.013079995771551722,1.723030505918762,-0.013079995771551722,1.7361105016903138,0.5333005166960474,2.1554728540514687,-0.0016666666666667052,-0.16758179221927783,0.5833333333333334,2.3518691229966135,0.8983752482110109,1.950432359809926,0.5833333333333334
chronos2_daily_abs_cross_lower10,25.0,2020-02-29_2021-01-31,12,2.2850280272940373,0.14471568274700242,2.2850280272940373,0.14471568274700242,2.140312344547035,0.5315897858585894,2.549640477572475,-0.0016666666666667052,-0.07033476780972703,0.5833333333333334,2.4663345076798096,0.9045903875616585,2.153266622341534,0.611111111111111
chronos2_daily_abs_cross_lower10,25.0,2020-03-31_2021-02-28,12,2.2424325316660303,0.3187076559568369,2.2424325316660303,0.3187076559568369,1.9237248757091934,0.5347825370403054,2.510212654169121,-0.014611610448568624,-0.07033476780972703,0.5833333333333334,2.1812330153820167,1.4781580957073661,1.4040360273121877,0.6111111111111112
chronos2_daily_abs_cross_lower10,25.0,2020-04-30_2021-03-31,12,1.7305801970392851,0.2712264885896778,1.7305801970392851,0.2712264885896778,1.4593537084496073,0.5088072121377173,2.245694291511858,-0.014611610448568513,-0.07033476780972714,0.5833333333333334,1.9423271168619864,1.395834334537796,1.1421594488629454,0.5555555555555555
chronos2_daily_abs_cross_lower10,25.0,2020-05-31_2021-04-30,12,1.2646566802514507,0.2511461011810818,1.2646566802514507,0.2511461011810818,1.013510579070369,0.49774408847064183,1.879145826108799,-0.014611610448568624,-0.07033476780972703,0.5833333333333334,1.5975704960687755,1.5089389168408058,0.7525444462345627,0.5277777777777778
chronos2_daily_abs_cross_lower10,25.0,2020-06-30_2021-05-31,12,1.190750835339303,0.22018559574957508,1.190750835339303,0.22018559574957508,0.970565239589728,0.5040284289767681,1.7906452164888529,-0.02779763099829402,-0.07033476780972703,0.5833333333333334,1.575115024889092,1.5949267738274489,0.7315234220834519,0.5555555555555556
chronos2_daily_abs_cross_lower10,25.0,2020-07-31_2021-06-30,12,1.1907508353393026,0.1787337447456181,1.1907508353393026,0.1787337447456181,1.0120170905936845,0.5040284289767681,1.7906452164888529,-0.02860779963912885,-0.07033476780972703,0.5833333333333334,1.6884459685237945,1.773413146427849,0.7735156516363633,0.5555555555555555
chronos2_daily_abs_cross_lower10,25.0,2020-08-31_2021-07-31,12,1.2279864308169914,0.17406019021811336,1.2279864308169914,0.17406019021811336,1.053926240598878,0.501513102038918,1.8334888069242554,-0.02860779963912896,-0.0471551797914731,0.6666666666666666,1.7525057515038498,1.7850703620405408,0.8112584234143514,0.611111111111111
chronos2_daily_abs_cross_lower10,25.0,2020-09-30_2021-08-31,12,1.1031423189900318,0.29094300690606567,1.1031423189900318,0.29094300690606567,0.8121993120839661,0.5071469438422439,1.6960017153071025,-0.02860779963912874,-0.0471551797914731,0.5833333333333334,1.3934975303549701,2.5059094155735004,0.21011821955392396,0.6388888888888888
chronos2_daily_abs_cross_lower10,25.0,2020-10-31_2021-09-30,12,1.1215010418457103,0.285307502281577,1.1215010418457103,0.285307502281577,0.8361935395641333,0.5058452648503885,1.717593868170833,-0.02860779963912885,-0.04715517979147299,0.5833333333333334,1.4360593378490396,2.5780859162875505,0.21170214903778883,0.6388888888888888
chronos2_daily_abs_cross_lower10,25.0,2020-11-30_2021-10-31,12,0.48199002733132446,0.164192612882329,0.48199002733132446,0.164192612882329,0.31779741444899545,0.21236669861047172,1.9715062933740086,-0.02860779963912885,-0.04715517979147299,0.5833333333333334,1.38338769697809,0.8803398190074456,0.31744545053433715,0.7222222222222222
chronos2_daily_abs_cross_lower10,25.0,2020-12-31_2021-11-30,12,0.4800548766925925,0.10075285366229347,0.4800548766925925,0.10075285366229347,0.37930202303029903,0.2122473830431167,1.9661399497052539,-0.02860779963912885,-0.04715517979147321,0.6666666666666666,1.7110449788830304,1.0597289981662599,0.3587901747820035,0.6944444444444443
chronos2_daily_abs_cross_lower10,25.0,2021-01-31_2021-12-31,12,0.4209491751107506,0.1311417024200292,0.4209491751107506,0.1311417024200292,0.2898074726907214,0.2096909248877668,1.7871138587743585,-0.02860779963912885,-0.04715517979147299,0.6666666666666666,1.423078186050945,1.2922051153570269,0.23093062516889673,0.6944444444444445
chronos2_daily_abs_cross_lower10,25.0,2021-02-28_2022-01-31,12,0.15174262325176868,0.1035559333431273,0.15174262325176868,0.1035559333431273,0.04818668990864139,0.10190324380785876,1.440401919904465,-0.02860779963912885,-0.008710521467504728,0.5833333333333334,0.32655089565319095,-0.1721505774687857,0.1772721334800076,0.6944444444444445
chronos2_daily_abs_cross_lower10,25.0,2021-03-31_2022-02-28,12,0.16687294513023265,0.1814244316261513,0.16687294513023265,0.1814244316261513,-0.014551486495918642,0.09896307579698742,1.614001692256384,-0.02860779963912874,-0.008710521467504728,0.5,-0.07058989725045937,-0.8002421415122278,0.3388362164413574,0.6944444444444445
chronos2_daily_abs_cross_lower10,25.0,2021-04-30_2022-03-31,12,0.08581848600338549,0.2056999327796627,0.08581848600338549,0.2056999327796627,-0.11988144677627721,0.0824066138261564,1.0398512948922736,-0.03433417966291463,-0.008710521467504728,0.4166666666666667,-0.8593677689012875,-0.6419850196790519,0.2286930730904817,0.7222222222222222
chronos2_daily_abs_cross_lower10,25.0,2021-05-31_2022-04-30,12,0.0815735165892324,0.20202014645819677,0.0815735165892324,0.20202014645819677,-0.12044662986896437,0.0824790153007634,0.9911807769649917,-0.03433417966291452,-0.011058901373715124,0.4166666666666667,-0.8682682553473358,-0.581739079603831,0.20813570749432841,0.7222222222222222
chronos2_daily_abs_cross_lower10,25.0,2021-06-30_2022-05-31,12,0.09174093498451708,0.1547230806668567,0.09174093498451708,0.1547230806668567,-0.06298214568233962,0.07871580490898043,1.1546712981492342,-0.04892316014481857,-0.04389760737316839,0.5,-0.471717700185782,-0.18031280000373054,0.1240180713533181,0.6944444444444445
chronos2_daily_abs_cross_lower10,25.0,2021-07-31_2022-06-30,12,0.08562728637230732,0.14515293481688385,0.08562728637230732,0.14515293481688385,-0.05952564844457653,0.07956206780636395,1.072064134942782,-0.055037228536724325,-0.04389760737316839,0.5,-0.44914970820296574,-0.16056720320313678,0.11309540801295626,0.7222222222222222
chronos2_daily_abs_cross_lower10,25.0,2021-08-31_2022-07-31,12,0.12173021307224507,0.16719366722844042,0.12173021307224507,0.16719366722844042,-0.04546345415619535,0.09021447585951123,1.3200547602934554,-0.055037228536724436,-0.04389760737316839,0.5,-0.3248723879516889,-0.009335115624465144,0.12745918698552483,0.6944444444444445
chronos2_daily_abs_cross_lower10,25.0,2021-09-30_2022-08-31,12,0.10291772368570062,0.11990803732841937,0.10291772368570062,0.11990803732841937,-0.016990313642718746,0.09360295510987299,1.0929886890935978,-0.05503722853672455,-0.04389760737316817,0.5833333333333334,-0.12376211349385904,0.12022429357316117,0.09187865789985317,0.6944444444444445
chronos2_daily_abs_cross_lower10,25.0,2021-10-31_2022-09-30,12,0.12641175493262624,0.07700156092153554,0.12641175493262624,0.07700156092153554,0.0494101940110907,0.09566889085305635,1.2936160531210095,-0.055037228536724436,-0.04389760737316828,0.6666666666666666,0.41361594028259085,0.17721824769398153,0.11584685213838242,0.6666666666666666
chronos2_daily_abs_cross_lower10,25.0,2021-11-30_2022-10-31,12,0.08772488096798559,0.0837751064100245,0.08772488096798559,0.0837751064100245,0.003949774557961083,0.08869649081924581,0.9913649358818253,-0.055037228536724436,-0.04389760737316839,0.6666666666666666,0.04676014794966876,0.2908271066123704,0.06562308046403986,0.611111111111111
chronos2_daily_abs_cross_lower10,25.0,2021-12-31_2022-11-30,12,0.2714623722410574,0.04089310124175727,0.2714623722410574,0.04089310124175727,0.23056927099930014,0.23732195109526386,1.11861468900658,-0.055037228536724436,-0.052330809109684795,0.6666666666666666,0.7953390447122878,-1.042224116595732,0.3589510425171214,0.6388888888888887
chronos2_daily_abs_cross_lower10,25.0,2022-01-31_2022-12-31,12,0.2563422668162536,0.03139589518781816,0.2563422668162536,0.03139589518781816,0.22494637162843545,0.237566110809206,1.0662397946711262,-0.031083458482542792,-0.0538908420070876,0.6666666666666666,0.7845473851030889,-1.034631400142761,0.3300804089319893,0.6388888888888888
chronos2_daily_abs_cross_lower10,25.0,2022-02-28_2023-01-31,12,0.2807168813358776,-0.006523085673795559,0.2807168813358776,-0.006523085673795559,0.28723996700967314,0.23431523538718912,1.1617855404969462,-0.029465901651962834,-0.053890842007087936,0.6666666666666666,1.0360653993207578,-0.9725681619325063,0.3038996830233349,0.6388888888888888
chronos2_daily_abs_cross_lower10,25.0,2022-03-31_2023-02-28,12,0.2804696071324244,-0.03763942955797195,0.2804696071324244,-0.03763942955797195,0.31810903669039636,0.2343371672929159,1.1608542617785729,-0.0249669927139039,-0.05860315994470999,0.75,1.1772906001597088,-0.9678192587832101,0.2645444081437138,0.638888888888889
chronos2_daily_abs_cross_lower10,25.0,2022-04-30_2023-03-31,12,0.28783202258086105,-0.0433257664262765,0.28783202258086105,-0.0433257664262765,0.33115778900713755,0.23358578220325188,1.1890017924229566,-0.024966992713904013,-0.052003665957635614,0.75,1.233913196596312,-0.9588162732742713,0.2648379890031227,0.6666666666666666
chronos2_daily_abs_cross_lower10,25.0,2022-05-31_2023-04-30,12,0.293964707591327,-0.07213752035282106,0.293964707591327,-0.07213752035282106,0.36610222794414804,0.23319851864696034,1.211470671813362,-0.01617765829714557,-0.07596598010903766,0.75,1.364261454298485,-0.6488330578304708,0.2630284994895635,0.6388888888888888
chronos2_daily_abs_cross_lower10,25.0,2022-06-30_2023-05-31,12,0.3163694002642796,-0.0361282154897381,0.3163694002642796,-0.0361282154897381,0.3524976157540177,0.23044685520096822,1.299669999625522,-0.01617765829714579,-0.07596598010903755,0.6666666666666666,1.274983815824701,-1.0825942233311583,0.29609714746281957,0.638888888888889
chronos2_daily_abs_cross_lower10,25.0,2022-07-31_2023-06-30,12,0.3308961595415547,-0.0028433046031512976,0.3308961595415547,-0.0028433046031512976,0.333739464144706,0.2290744583474307,1.3553208739192202,-0.01617765829714568,-0.07596598010903743,0.6666666666666666,1.1621305568534024,-0.8894630896473946,0.3589886087358345,0.638888888888889
chronos2_daily_abs_cross_lower10,25.0,2022-08-31_2023-07-31,12,0.2605016400432909,-0.031389184091800915,0.2605016400432909,-0.031389184091800915,0.2918908241350918,0.22944017444576145,1.1111187614792475,-0.010130121870841613,-0.0655917893195096,0.5833333333333334,1.056252045160485,-1.2904423158294613,0.24007376903471944,0.638888888888889
chronos2_daily_abs_cross_lower10,25.0,2022-09-30_2023-08-31,12,0.2627823968355103,-0.014331580574544756,0.2627823968355103,-0.014331580574544756,0.27711397741005506,0.2291301317175216,1.1203913369419773,-0.019909481620741243,-0.06559178931950937,0.5,0.9922731937477999,-1.5094508688995016,0.26643282979098215,0.6111111111111112
chronos2_daily_abs_cross_lower10,25.0,2022-10-31_2023-09-30,12,0.2197450472688025,-0.04883569016310929,0.2197450472688025,-0.04883569016310929,0.2685807374319118,0.23062043464691867,0.9611582596513835,-0.026331882865563982,-0.06327241269436523,0.5,0.993173762762307,-1.262311948415233,0.174486684083331,0.611111111111111
chronos2_daily_abs_cross_lower10,25.0,2022-11-30_2023-10-31,12,0.25979759979031036,-8.074453772832779e-05,0.25979759979031036,-8.074453772832779e-05,0.2598783443280387,0.23125165226730798,1.1015745364163523,-0.02633188286556387,-0.04084242285001627,0.4166666666666667,0.9213724807373792,-0.7175635320321717,0.29013040807136203,0.6666666666666666
chronos2_daily_abs_cross_lower10,25.0,2022-12-31_2023-11-30,12,0.0006346739062934592,0.06162621592425688,0.0006346739062934592,0.06162621592425688,-0.06099154201796342,0.05488276750082861,0.03642573472788288,-0.026331882865564094,-0.04084242285001627,0.3333333333333333,-0.6866498445829115,0.17804578550418562,-0.009267133271165351,0.6666666666666666
chronos2_daily_abs_cross_lower10,25.0,2023-01-31_2023-12-31,12,-0.012062341152656919,0.05389394652891433,-0.012062341152656919,0.05389394652891433,-0.06595628768157125,0.05356194584715781,-0.20222333953201477,-0.026331882865563982,-0.04084242285001627,0.3333333333333333,-0.7575821457035811,0.18738149886547742,-0.021159607980039463,0.6666666666666666
chronos2_daily_abs_cross_lower10,25.0,2023-02-28_2024-01-31,12,-0.005810552933254165,0.06910062416905749,-0.005810552933254165,0.06910062416905749,-0.07491117710231165,0.05330319515285935,-0.08517430049071224,-0.026331882865564094,-0.04084242285001627,0.3333333333333333,-0.8452887451316681,0.18372630743771345,-0.017383146554150186,0.6666666666666666
chronos2_daily_abs_cross_lower10,25.0,2023-03-31_2024-02-29,12,-0.007237228925732642,0.07105311702696282,-0.007237228925732642,0.07105311702696282,-0.07829034595269546,0.05336582035704016,-0.11191448470081673,-0.028514230937106144,-0.04084242285001627,0.3333333333333333,-0.8851623577955948,0.18623919739194042,-0.019298529257251062,0.6944444444444443
chronos2_daily_abs_cross_lower10,25.0,2023-04-30_2024-03-31,12,0.03920781710786003,0.04605177038880415,0.03920781710786003,0.04605177038880415,-0.006843953280944115,0.0694393148913143,0.5860406684034393,-0.028514230937106144,-0.028914327222309355,0.4166666666666667,-0.07712330171547482,0.11848365593224758,0.03548122611717042,0.6944444444444443
chronos2_daily_abs_cross_lower10,25.0,2023-05-31_2024-04-30,12,0.008628689986516669,0.05087612226469651,0.008628689986516669,0.05087612226469651,-0.04224743227817984,0.07333602225601843,0.1502909958612877,-0.028514230937106255,-0.04720745865673304,0.4166666666666667,-0.46036611127029814,0.30206092349048835,-0.005031370936539159,0.7222222222222222
chronos2_daily_abs_cross_lower10,25.0,2023-06-30_2024-05-31,12,0.012888915768624498,0.06029804021364593,0.012888915768624498,0.06029804021364593,-0.04740912444502143,0.07329508378668205,0.20790595343798673,-0.028514230937106144,-0.04720745865673304,0.4166666666666667,-0.511161274114385,0.30052998060893216,-0.003445504624462581,0.7222222222222222
chronos2_daily_abs_cross_lower10,25.0,2023-07-31_2024-06-30,12,0.46792451455953255,0.046802268590376395,0.46792451455953255,0.046802268590376395,0.42112224596915615,0.46069992600633286,1.0126364881603103,-0.028514230937106144,-0.04720745865673304,0.5,0.9535152856743468,1.9961686022781255,0.4380162344693832,0.6944444444444445
chronos2_daily_abs_cross_lower10,25.0,2023-08-31_2024-07-31,12,0.4733716658693159,0.10318514893952901,0.4733716658693159,0.10318514893952901,0.3701865169297869,0.46032598994393964,1.0214752095745845,-0.028514230937106144,-0.04720745865673315,0.5,0.8230070764034197,1.1631538380582152,0.4125743097135428,0.6944444444444445
chronos2_daily_abs_cross_lower10,25.0,2023-09-30_2024-08-31,12,0.4802629235024962,0.08473288946892565,0.4802629235024962,0.08473288946892565,0.39553003403357057,0.4597633610913542,1.032751823186361,-0.028514230937106033,-0.04720745865673315,0.5833333333333334,0.8741573728744964,1.1706093533824786,0.44500572567779617,0.7222222222222222
chronos2_daily_abs_cross_lower10,25.0,2023-10-31_2024-09-30,12,0.4112236070217232,0.12170948346779942,0.4112236070217232,0.12170948346779942,0.2895141235539238,0.46711000240688727,0.9173153454274544,-0.06394135483403096,-0.047207458656732815,0.5,0.6809948228036623,1.185967988561171,0.3277021793806605,0.75
chronos2_daily_abs_cross_lower10,25.0,2023-11-30_2024-10-31,12,0.3650646902411028,0.004734660022875703,0.3650646902411028,0.004734660022875703,0.36033003021822707,0.46797358381829773,0.8429030738462012,-0.0639413548340313,-0.07254414974326939,0.5833333333333334,0.8467983727699808,1.0564139171232656,0.459048409428938,0.75
chronos2_daily_abs_cross_lower10,25.0,2023-12-31_2024-11-30,12,0.36564102271674237,-0.026522408525777696,0.36564102271674237,-0.026522408525777696,0.39216343124252007,0.4679189896181384,0.8438819182091927,-0.08032178480818175,-0.07702368625268241,0.5833333333333334,0.9290712773167027,1.3186058838438675,0.5164705620834644,0.7222222222222222
chronos2_daily_abs_cross_lower10,25.0,2024-01-31_2024-12-31,12,0.3645010886410194,-0.013699490369203038,0.3645010886410194,-0.013699490369203038,0.3782005790102224,0.46798689525918247,0.8419787929615047,-0.08262098034616117,-0.07702368625268208,0.5,0.8958284420599905,1.2765297332123067,0.4897116168354161,0.75
chronos2_daily_abs_cross_lower10,25.0,2024-02-29_2025-01-31,12,0.1977501749291799,-0.14290566323586873,0.1977501749291799,-0.14290566323586873,0.34065583816504863,0.49253365944437805,0.5517766113876503,-0.1943354392643828,-0.18252959118595857,0.5,0.9219243960462686,1.36470440764047,0.5784665792954551,0.7222222222222222
chronos2_daily_abs_cross_lower10,25.0,2024-03-31_2025-02-28,12,0.19792276091463634,-0.10676537761977256,0.19792276091463634,-0.10676537761977256,0.3046881385344089,0.492525429142383,0.5520774258605734,-0.19687179065929095,-0.1825295911859588,0.4166666666666667,0.818762857833736,1.190649456379993,0.46883650476466965,0.6944444444444445
chronos2_daily_abs_cross_lower10,25.0,2024-04-30_2025-03-31,12,0.22472167057444214,-0.06461005552580057,0.22472167057444214,-0.06461005552580057,0.2893317261002427,0.4941893194899495,0.5974863651757111,-0.19687179065929117,-0.18252959118595868,0.4166666666666667,0.767984386957248,1.1733010392050327,0.42211987472443857,0.6666666666666666
chronos2_daily_abs_cross_lower10,25.0,2024-05-31_2025-04-30,12,0.2887848357253082,0.02942056800377868,0.2887848357253082,0.02942056800377868,0.25936426772152954,0.49164945323403725,0.7047030353466439,-0.19687179065929095,-0.18252959118595857,0.3333333333333333,0.6616976108229559,1.0217282624512078,0.34695160050921414,0.6666666666666666
chronos2_daily_abs_cross_lower10,25.0,2024-06-30_2025-05-31,12,0.27703164230323774,-0.019239253194651806,0.27703164230323774,-0.019239253194651806,0.29627089549788954,0.4922680692284907,0.6852445532679128,-0.19687179065929095,-0.18252959118595835,0.4166666666666667,0.7492317207329241,1.0341165098805774,0.4002488602028451,0.6666666666666666
chronos2_daily_abs_cross_lower10,25.0,2024-07-31_2025-06-30,12,-0.11257490067442233,0.03150250800801424,-0.11257490067442233,0.03150250800801424,-0.14407740868243657,0.15850525449384645,-0.6739735390452538,-0.19534097404397244,-0.1825295911859589,0.3333333333333333,-1.086948057362434,0.5585207546049362,-0.12633439837094507,0.638888888888889
chronos2_daily_abs_cross_lower10,25.0,2024-08-31_2025-07-31,12,0.11061339235523415,0.02082724764079913,0.11061339235523415,0.02082724764079913,0.08978614471443502,0.30326552674575824,0.47547171147301387,-0.18738739506606172,-0.1720911800730176,0.4166666666666667,0.4225014215351787,0.8879983132792761,0.11597508729482264,0.638888888888889
chronos2_daily_abs_cross_lower10,25.0,2024-09-30_2025-08-31,12,0.0974104839334311,0.07082064647411035,0.0974104839334311,0.07082064647411035,0.026589837459320753,0.304415092035584,0.43500665682336076,-0.14746537436291607,-0.1720911800730176,0.3333333333333333,0.17887604882291053,0.849343205756212,0.060746127338998646,0.6944444444444445
chronos2_daily_abs_cross_lower10,25.0,2024-10-31_2025-09-30,12,0.18110455751389298,0.07787885846139209,0.18110455751389298,0.07787885846139209,0.1032256990525009,0.2963309477153299,0.690627184198529,-0.14746537436291607,-0.11858833109117162,0.4166666666666667,0.4494914548011061,0.8468938689529242,0.13347483265308835,0.7222222222222223
chronos2_daily_abs_cross_lower10,25.0,2024-11-30_2025-10-31,12,0.1899999229798437,0.1960061542824556,0.1899999229798437,0.1960061542824556,-0.0060062313026119085,0.29613046463204856,0.7166901591663127,-0.12672911451621205,-0.11795970406671652,0.3333333333333333,0.06742119643088579,0.9403763816341414,0.028396375197879964,0.7222222222222223
chronos2_daily_abs_cross_lower10,25.0,2024-12-31_2025-11-30,12,0.21664731128432968,0.22133541890163522,0.21664731128432968,0.22133541890163522,-0.004688107617305537,0.2935898487159774,0.797353273744617,-0.1245404656804131,-0.11795970406671652,0.3333333333333333,0.07067837442035048,0.9248845415541086,0.03395334088279056,0.6944444444444445
chronos2_daily_abs_cross_lower10,25.0,2025-01-31_2025-12-31,12,0.25233209647550203,0.17166648362633885,0.25233209647550203,0.17166648362633885,0.08066561284916318,0.2926536040269003,0.8998759091149138,-0.02155925136104153,-0.03669877287899381,0.4166666666666667,0.3489708470852768,0.8295388876358297,0.12376525472924449,0.6666666666666666
chronos2_daily_abs_cross_lower10,25.0,2025-02-28_2026-01-31,12,0.5327558408445423,0.31334945156909844,0.5327558408445423,0.31334945156909844,0.21940638927544387,0.2503061312265821,1.8377695949003532,-0.02155925136104153,-0.04758367670999886,0.5,0.6776011766902375,0.3161692925301165,0.44050148948455137,0.6666666666666666
chronos2_daily_abs_cross_lower10,25.0,2025-03-31_2026-02-28,12,0.6608329010071472,0.08257309459079365,0.6608329010071472,0.08257309459079365,0.5782598064163536,0.2491037319414051,2.1810268447258934,-0.02155925136104153,-0.18488813271044613,0.5833333333333334,1.3577168894302454,-0.015214146053088767,0.7037339596896444,0.6666666666666666
chronos2_daily_abs_cross_lower10,25.0,2025-04-30_2026-03-31,12,0.5964537130949561,0.028079656548997578,0.5964537130949561,0.028079656548997578,0.5683740565459585,0.24850779101742093,2.0197403536824403,-0.02155925136104153,-0.19546042589812018,0.5833333333333334,1.3918199887657627,-0.027417005374533336,0.6371743548134976,0.6944444444444445
chronos2_daily_abs_cross_lower10,25.0,2025-05-31_2026-04-30,12,0.6241762263985207,-0.14610708694572017,0.6241762263985207,-0.14610708694572017,0.7702833133442408,0.24821640483160917,2.0941639325469588,-0.02155925136104153,-0.29138146686445754,0.6666666666666666,1.9133880601706161,-0.01788086239326251,0.6596487716286252,0.6666666666666666
chronos2_daily_abs_cross_lower10,25.0,2025-06-30_2026-05-31,12,0.7030960254122907,-0.18541351506394133,0.7030960254122907,-0.18541351506394133,0.888509540476232,0.2422499544789557,2.345000059856894,-0.02155925136104142,-0.34737666250868915,0.6666666666666666,2.155450337600299,-0.03362136967817267,0.7321884183629384,0.6944444444444443
chronos2_daily_abs_cross_lower10,25.0,2025-07-31_2026-06-30,12,0.7028759658425114,-0.1667764227923394,0.7028759658425114,-0.1667764227923394,0.8696523886348508,0.24227098805655106,2.3442569139424254,-0.021559251361041643,-0.34737666250868904,0.6666666666666666,2.019250954617219,-0.04620810829845657,0.7301956353088239,0.7499999999999999
chronos2_daily_norm_cross_median,25.0,2019-01-31_2019-12-31,12,-0.8589791546004781,-0.0907583313333864,-0.8589791546004781,-0.0907583313333864,-0.7682208232670917,0.47480870594779767,-3.5432880114134084,-0.8581841929071437,-0.08173242622854304,0.16666666666666666,-3.440802653151995,1.065393044332727,-0.8175807516070664,0.6944444444444443
chronos2_daily_norm_cross_median,25.0,2019-02-28_2020-01-31,12,-0.8908673651713243,-0.15374678206850467,-0.8908673651713243,-0.15374678206850467,-0.7371205831028196,0.45822803760066616,-4.162208269756904,-0.8747985213926825,-0.157070533612218,0.08333333333333333,-4.006104983847352,1.1227415622067272,-0.8454662690594308,0.6944444444444445
chronos2_daily_norm_cross_median,25.0,2019-03-31_2020-02-29,12,-0.8579793226957375,-0.2983301643039218,-0.8579793226957375,-0.2983301643039218,-0.5596491583918157,0.5445251484320784,-3.020171959350846,-0.8549477537199359,-0.2968733323797681,0.16666666666666666,-2.1000662754427446,-0.7347901267310917,-0.871660254799113,0.7222222222222222
chronos2_daily_norm_cross_median,25.0,2019-04-30_2020-03-31,12,-0.8201166037927476,-0.26938100433105683,-0.8201166037927476,-0.26938100433105683,-0.5507355994616909,0.5912343618916592,-2.3923582982921854,-0.8351974295002409,-0.2897384073692094,0.25,-1.742838904734151,-0.2934365785975494,-0.7983984361698918,0.6944444444444445
chronos2_daily_norm_cross_median,25.0,2019-05-31_2020-04-30,12,-0.8072269554514486,-0.23441422140073764,-0.8072269554514486,-0.23441422140073764,-0.572812734050711,0.59436042983755,-2.273664529907151,-0.8224079987020543,-0.2897384073692094,0.25,-1.7149427448577585,-0.24623536883807695,-0.7771542931808724,0.6944444444444445
chronos2_daily_norm_cross_median,25.0,2019-06-30_2020-05-31,12,-0.7746971149934442,-0.22854562482453433,-0.7746971149934442,-0.22854562482453433,-0.5461514901689098,0.625825181825718,-1.9091303279574847,-0.8143757492683183,-0.2897384073692095,0.3333333333333333,-1.4490096346526733,-0.034244124190521356,-0.7184565128561184,0.7222222222222223
chronos2_daily_norm_cross_median,25.0,2019-07-31_2020-06-30,12,-0.8228059632704066,-0.1941752572672133,-0.8228059632704066,-0.1941752572672133,-0.6286307060031933,0.6389836814394193,-2.189526547855897,-0.7513649886260851,-0.2827760862119635,0.3333333333333333,-1.7384092848661918,-0.27600314139604093,-0.7871452481378887,0.75
chronos2_daily_norm_cross_median,25.0,2019-08-31_2020-07-31,12,-0.7435689998595633,-0.1722348942847023,-0.7435689998595633,-0.1722348942847023,-0.571334105574861,0.5918928434039058,-1.866418806403849,-0.7631509311630725,-0.27948217627529803,0.3333333333333333,-1.4525339017171754,-0.20370427558255283,-0.6974770479519811,0.7222222222222222
chronos2_daily_norm_cross_median,25.0,2019-09-30_2020-08-31,12,-0.7454324437684898,-0.21057570090232802,-0.7454324437684898,-0.21057570090232802,-0.5348567428661617,0.5894060962334999,-1.887641787851055,-0.7518797201907707,-0.27948217627529803,0.3333333333333333,-1.3683276119714165,-0.345901293942429,-0.7127193272618961,0.7777777777777777
chronos2_daily_norm_cross_median,25.0,2019-10-31_2020-09-30,12,-0.7636470747460158,-0.1766274605970889,-0.7636470747460158,-0.1766274605970889,-0.587019614148927,0.5873819138094456,-2.010427116118781,-0.6612236720608563,-0.2794821762752979,0.3333333333333333,-1.524306442026908,-0.3668590163396624,-0.7302922757858707,0.8055555555555555
chronos2_daily_norm_cross_median,25.0,2019-11-30_2020-10-31,12,-0.6211410109708453,-0.06643817837031618,-0.6211410109708453,-0.06643817837031618,-0.5547028326005291,0.5786225860630858,-1.3138773554606593,-0.5613847432003171,-0.2794821762752979,0.4166666666666667,-1.1275159469663252,-0.0740215632862857,-0.5453450248777806,0.8055555555555555
chronos2_daily_norm_cross_median,25.0,2019-12-31_2020-11-30,12,0.044400272035932886,-0.050871312509224054,0.044400272035932886,-0.050871312509224054,0.09527158454515694,1.2998092930925433,0.45898649519408163,-0.3334196518060757,-0.2358764964179022,0.5,0.48947371791652455,1.2929497294280095,0.8308118393897919,0.8333333333333334
chronos2_daily_norm_cross_median,25.0,2020-01-31_2020-12-31,12,0.18944798339579405,-0.013079995771551722,0.18944798339579405,-0.013079995771551722,0.20252797916734577,1.2726957517349096,0.5405690688219946,-0.317222573129062,-0.16758179221927783,0.5,0.5386128582413138,1.0829167544729568,0.9141163883586472,0.8055555555555555
chronos2_daily_norm_cross_median,25.0,2020-02-29_2021-01-31,12,0.9343588572382564,0.14471568274700242,0.9343588572382564,0.14471568274700242,0.789643174491254,1.244749921992007,0.9398798677693178,-0.317222573129062,-0.07033476780972703,0.5833333333333334,0.818430047147912,0.8622791184899551,1.678332467348631,0.8055555555555555
chronos2_daily_norm_cross_median,25.0,2020-03-31_2021-02-28,12,0.5097702283644547,0.3187076559568369,0.5097702283644547,0.3187076559568369,0.19106257240761781,1.2614994106526012,0.7300282829192255,-0.3172225731290621,-0.07033476780972703,0.5,0.5188579886537343,2.743677157403081,0.12493454484511801,0.8055555555555554
chronos2_daily_norm_cross_median,25.0,2020-04-30_2021-03-31,12,0.39602602782527874,0.2712264885896778,0.39602602782527874,0.2712264885896778,0.12479953923560094,1.2630108112283736,0.6639414351159665,-0.3172225731290621,-0.07033476780972714,0.5,0.4814395101218303,2.763032414546548,0.1421510953520153,0.8333333333333331
chronos2_daily_norm_cross_median,25.0,2020-05-31_2021-04-30,12,0.9678174296795568,0.2511461011810818,0.9678174296795568,0.2511461011810818,0.7166713284984749,1.2797227927661174,0.9571576295999578,-0.3172225731290621,-0.07033476780972703,0.5833333333333334,0.7966225671302827,2.3596488558044633,0.9020421899495057,0.861111111111111
chronos2_daily_norm_cross_median,25.0,2020-06-30_2021-05-31,12,1.3514978308434098,0.22018559574957508,1.3514978308434098,0.22018559574957508,1.1313122350938347,1.2939617160602224,1.110052169349951,-0.25060687186956,-0.07033476780972703,0.5833333333333334,0.975218991771012,2.2861509318730677,1.4900816443011262,0.8333333333333331
chronos2_daily_norm_cross_median,25.0,2020-07-31_2021-06-30,12,2.264098770193088,0.1787337447456181,2.264098770193088,0.1787337447456181,2.0853650254474703,1.2351600167106302,1.3993178774096966,-0.25060687186956,-0.07033476780972703,0.6666666666666666,1.313184219762193,2.89982499975706,2.1734231862481415,0.8333333333333331
chronos2_daily_norm_cross_median,25.0,2020-08-31_2021-07-31,12,2.019854569226243,0.17406019021811336,2.019854569226243,0.17406019021811336,1.8457943790081297,1.249189027217708,1.3265414740745463,-0.25060687186956,-0.0471551797914731,0.6666666666666666,1.2416289162517515,2.934663509311594,1.989301506163025,0.861111111111111
chronos2_daily_norm_cross_median,25.0,2020-09-30_2021-08-31,12,2.170778661284356,0.29094300690606567,2.170778661284356,0.29094300690606567,1.8798356543782904,1.2473740453935425,1.3715349383722943,-0.25060687186956,-0.0471551797914731,0.6666666666666666,1.20925116432902,3.927538574103521,0.9085025159647322,0.861111111111111
chronos2_daily_norm_cross_median,25.0,2020-10-31_2021-09-30,12,2.8551699339861414,0.285307502281577,2.8551699339861414,0.285307502281577,2.569862431704564,1.21883770424552,1.560595865636273,-0.25060687186956,-0.04715517979147299,0.75,1.4157503099387425,4.355957362155022,1.0917706627187274,0.8888888888888888
chronos2_daily_norm_cross_median,25.0,2020-11-30_2021-10-31,12,2.603327116142538,0.164192612882329,2.603327116142538,0.164192612882329,2.4391345032602088,1.223645760139366,1.4947610119970294,-0.25060687186956,-0.04715517979147299,0.75,1.4452087451278672,6.767210139149948,1.0785517637364141,0.8888888888888888
chronos2_daily_norm_cross_median,25.0,2020-12-31_2021-11-30,12,0.25223219029564947,0.10075285366229347,0.25223219029564947,0.10075285366229347,0.151479336633356,0.6830787584348531,0.6438389520678226,-0.2600542565343008,-0.04715517979147321,0.6666666666666666,0.5218678516294241,2.8027165041661717,0.16930257617516964,0.861111111111111
chronos2_daily_norm_cross_median,25.0,2021-01-31_2021-12-31,12,0.29057087806025317,0.1311417024200292,0.29057087806025317,0.1311417024200292,0.15942917564022396,0.6728620136952288,0.6877135731836539,-0.42851270501047534,-0.04715517979147299,0.6666666666666666,0.5140892301253684,2.117768903206478,0.20989679088138513,0.861111111111111
chronos2_daily_norm_cross_median,25.0,2021-02-28_2022-01-31,12,-0.14139459347074357,0.1035559333431273,-0.14139459347074357,0.1035559333431273,-0.24495052681387086,0.6584974917128784,0.06660187803697092,-0.5241830273412734,-0.008710521467504728,0.5833333333333334,-0.08716239880744034,-0.20997558119371543,0.06722950481941359,0.8055555555555555
chronos2_daily_norm_cross_median,25.0,2021-03-31_2022-02-28,12,0.06497861567483332,0.1814244316261513,0.06497861567483332,0.1814244316261513,-0.11644581595131798,0.6511345324900517,0.3941722032261012,-0.5241830273412733,-0.008710521467504728,0.6666666666666666,0.13108981631215,-1.9786637026988905,0.7823351874854465,0.75
chronos2_daily_norm_cross_median,25.0,2021-04-30_2022-03-31,12,-0.14426774423574396,0.2056999327796627,-0.14426774423574396,0.2056999327796627,-0.34996767701540665,0.684085141386709,0.08484116888642074,-0.5755687994846943,-0.008710521467504728,0.5833333333333334,-0.18883285832813498,-2.5218973059163616,0.691727986493625,0.6944444444444443
chronos2_daily_norm_cross_median,25.0,2021-05-31_2022-04-30,12,-0.11520697167692662,0.20202014645819677,-0.11520697167692662,0.20202014645819677,-0.3172271181351234,0.7085199114099243,0.14564235072253717,-0.5755687994846943,-0.011058901373715124,0.5833333333333334,-0.11542880724048274,-3.059183624224248,0.9292618118734361,0.6666666666666666
chronos2_daily_norm_cross_median,25.0,2021-06-30_2022-05-31,12,-0.35911376895045666,0.1547230806668567,-0.35911376895045666,0.1547230806668567,-0.5138368496173134,0.6368497661127221,-0.39897135650478005,-0.5755687994846943,-0.04389760737316839,0.5,-0.6171630014068494,-0.975288661495785,-0.10485629730543078,0.6944444444444443
chronos2_daily_norm_cross_median,25.0,2021-07-31_2022-06-30,12,-0.43365584127221524,0.14515293481688385,-0.43365584127221524,0.14515293481688385,-0.5788087760890991,0.6347758995494713,-0.5916518717186606,-0.5755687994846943,-0.04389760737316839,0.4166666666666667,-0.7937274717700077,-0.9402955731016344,-0.21912318771268147,0.6388888888888888
chronos2_daily_norm_cross_median,25.0,2021-08-31_2022-07-31,12,-0.49637609179480746,0.16719366722844042,-0.49637609179480746,0.16719366722844042,-0.6635697590232479,0.6565633685632548,-0.7206745704967384,-0.6037900129445128,-0.04389760737316839,0.4166666666666667,-0.9346536116838049,-1.4803906374051385,-0.21402648392205703,0.6388888888888888
chronos2_daily_norm_cross_median,25.0,2021-09-30_2022-08-31,12,-0.526716572696157,0.11990803732841937,-0.526716572696157,0.11990803732841937,-0.6466246100245764,0.6409242118922627,-0.8443365853832423,-0.6037900129445127,-0.04389760737316817,0.4166666666666667,-0.9831717690836862,-2.0346923165311868,-0.2641090126250858,0.6388888888888888
chronos2_daily_norm_cross_median,25.0,2021-10-31_2022-09-30,12,-0.6925253571340826,0.07700156092153554,-0.6925253571340826,0.07700156092153554,-0.7695269180556181,0.6725063573472445,-1.3660363493302343,-0.7058393324544303,-0.04389760737316828,0.3333333333333333,-1.4076432583729743,-3.7641656203347558,-0.4758434088623562,0.6388888888888888
chronos2_daily_norm_cross_median,25.0,2021-11-30_2022-10-31,12,-0.6090775108216985,0.0837751064100245,-0.6090775108216985,0.0837751064100245,-0.692852617231723,0.7798314288749555,-0.8142618035987634,-0.6024564366465531,-0.04389760737316839,0.3333333333333333,-0.883934343516252,-4.2603800200738755,-0.24706182424717282,0.611111111111111
chronos2_daily_norm_cross_median,25.0,2021-12-31_2022-11-30,12,-0.49591031227043014,0.04089310124175727,-0.49591031227043014,0.04089310124175727,-0.5368034135121874,0.7464671849369959,-0.563697727843694,-0.49584216817414273,-0.052330809109684795,0.3333333333333333,-0.5944186662392656,-3.2368626192718275,-0.24704379899415974,0.638888888888889
chronos2_daily_norm_cross_median,25.0,2022-01-31_2022-12-31,12,-0.2518669326680131,0.03139589518781816,-0.2518669326680131,0.03139589518781816,-0.28326282785583123,0.7347784683656958,-0.06379181757530306,-0.49584216817414284,-0.0538908420070876,0.4166666666666667,-0.1053130809907128,-3.220261327735412,0.06502678232761805,0.6944444444444443
chronos2_daily_norm_cross_median,25.0,2022-02-28_2023-01-31,12,-0.14038022349260637,-0.006523085673795559,-0.14038022349260637,-0.006523085673795559,-0.1338571378188108,0.7148659534313851,0.10799260293538644,-0.49584216817414284,-0.053890842007087936,0.4166666666666667,0.10972204775587213,-2.857314011819034,0.06773255307834747,0.75
chronos2_daily_norm_cross_median,25.0,2022-03-31_2023-02-28,12,-0.25802769794094893,-0.03763942955797195,-0.25802769794094893,-0.03763942955797195,-0.22038826838297698,0.7096091023538376,-0.1030045870055057,-0.49584216817414273,-0.05860315994470999,0.3333333333333333,-0.05000171070507392,-3.9884829096527215,-0.1969684713732679,0.8055555555555554
chronos2_daily_norm_cross_median,25.0,2022-04-30_2023-03-31,12,-0.1290351896423826,-0.0433257664262765,-0.1290351896423826,-0.0433257664262765,-0.08570942321610608,0.6837579789477758,0.09962889457971853,-0.49584216817414273,-0.052003665957635614,0.3333333333333333,0.15597515385669392,-3.2849810197167697,-0.06831096853635443,0.8333333333333331
chronos2_daily_norm_cross_median,25.0,2022-05-31_2023-04-30,12,-0.3462617434368469,-0.07213752035282106,-0.3462617434368469,-0.07213752035282106,-0.27412422308402584,0.5558955109276027,-0.4942347784731349,-0.4629602117248063,-0.07596598010903766,0.3333333333333333,-0.3470999009608574,-2.311960309088376,-0.36206051264514405,0.8333333333333331
chronos2_daily_norm_cross_median,25.0,2022-06-30_2023-05-31,12,-0.25663978644705754,-0.0361282154897381,-0.25663978644705754,-0.0361282154897381,-0.22051157095731944,0.5610875296883534,-0.2602896136287469,-0.4181417019230449,-0.07596598010903755,0.4166666666666667,-0.18931985235326426,-2.81276653777329,-0.21769813601919552,0.8055555555555555
chronos2_daily_norm_cross_median,25.0,2022-07-31_2023-06-30,12,0.01282780443220699,-0.0028433046031512976,0.01282780443220699,-0.0028433046031512976,0.015671109035358288,0.6159684295075023,0.306074180611384,-0.29994372042913064,-0.07596598010903743,0.5,0.30181780060886826,-0.21977619214812077,0.20577339154518626,0.861111111111111
chronos2_daily_norm_cross_median,25.0,2022-08-31_2023-07-31,12,0.508986026704259,-0.031389184091800915,0.508986026704259,-0.031389184091800915,0.5403752107960599,0.5766124926648817,0.9927875470804629,-0.29994372042913064,-0.0655917893195096,0.5833333333333334,1.0615951222033144,1.5107199695272433,0.8246869864133575,0.8333333333333334
chronos2_daily_norm_cross_median,25.0,2022-09-30_2023-08-31,12,0.3083177128763195,-0.014331580574544756,0.3083177128763195,-0.014331580574544756,0.32264929345086424,0.5902738502832496,0.7308828009746083,-0.13538556926619494,-0.06559178931950937,0.5,0.7648581510303608,1.681496594095335,0.5579499835899575,0.8055555555555554
chronos2_daily_norm_cross_median,25.0,2022-10-31_2023-09-30,12,0.8450331942204388,-0.04883569016310929,0.8450331942204388,-0.04883569016310929,0.8938688843835481,0.4695008048035657,1.5305775609076684,-0.13538556926619494,-0.06327241269436523,0.5833333333333334,1.7243370998258627,2.5201936442462154,1.2477660821282837,0.7777777777777777
chronos2_daily_norm_cross_median,25.0,2022-11-30_2023-10-31,12,0.30612756100213767,-8.074453772832779e-05,0.30612756100213767,-8.074453772832779e-05,0.306208305539866,0.37846528779983574,0.8731157101976313,-0.14598477608441818,-0.04084242285001627,0.5,0.892948546601791,1.0541737000828302,0.3799933723403768,0.75
chronos2_daily_norm_cross_median,25.0,2022-12-31_2023-11-30,12,0.42301209282082186,0.06162621592425688,0.42301209282082186,0.06162621592425688,0.361385876896565,0.3699393792728749,1.1240499612531487,-0.14598477608441818,-0.04084242285001627,0.5833333333333334,0.9690079838652395,0.7988689482118295,0.4328397402812525,0.7222222222222222
chronos2_daily_norm_cross_median,25.0,2023-01-31_2023-12-31,12,0.18091440222783062,0.05389394652891433,0.18091440222783062,0.05389394652891433,0.1270204556989163,0.35693690607800754,0.6186500534318805,-0.15551252375171365,-0.04084242285001627,0.5,0.4773278138291946,1.0353605600893898,0.1752849011821611,0.6666666666666666
chronos2_daily_norm_cross_median,25.0,2023-02-28_2024-01-31,12,0.18045034341601007,0.06910062416905749,0.18045034341601007,0.06910062416905749,0.11134971924695258,0.35700802853170116,0.6174737849766931,-0.19242398085920254,-0.04084242285001627,0.5,0.43061501012169506,0.9035272857365066,0.1683375191506089,0.6388888888888888
chronos2_daily_norm_cross_median,25.0,2023-03-31_2024-02-29,12,0.08502495790675191,0.07105311702696282,0.08502495790675191,0.07105311702696282,0.013971840879789088,0.3809376804893156,0.3775416125497073,-0.29640958381871874,-0.04084242285001627,0.5,0.19256445126905816,0.993128109224017,0.0742491356662418,0.6666666666666666
chronos2_daily_norm_cross_median,25.0,2023-04-30_2024-03-31,12,0.07076869422361454,0.04605177038880415,0.07076869422361454,0.04605177038880415,0.02471692383481039,0.3832353163683026,0.34258791425936086,-0.3379467233988259,-0.028914327222309355,0.5,0.2240499430965666,1.1972847275453538,0.07539851345625936,0.6944444444444443
chronos2_daily_norm_cross_median,25.0,2023-05-31_2024-04-30,12,0.15521118568124792,0.05087612226469651,0.15521118568124792,0.05087612226469651,0.10433506341655141,0.3964870693654346,0.5363721524562944,-0.33794672339882603,-0.04720745865673304,0.5,0.40817360069307923,0.7987014757287048,0.18410960377853414,0.6944444444444445
chronos2_daily_norm_cross_median,25.0,2023-06-30_2024-05-31,12,0.1313541427993421,0.06029804021364593,0.1313541427993421,0.06029804021364593,0.07105610258569617,0.39407513922873855,0.4837138248152846,-0.33794672339882603,-0.04720745865673304,0.5,0.3313359866088212,0.8286581425826862,0.14830494881973721,0.6666666666666666
chronos2_daily_norm_cross_median,25.0,2023-07-31_2024-06-30,12,-0.24428179973060482,0.046802268590376395,-0.24428179973060482,0.046802268590376395,-0.2910840683209812,0.33087309459151343,-0.6858115090111768,-0.3527795510514856,-0.04720745865673304,0.4166666666666667,-0.760328205133612,-1.120657596608597,-0.15912425945085973,0.6666666666666666
chronos2_daily_norm_cross_median,25.0,2023-08-31_2024-07-31,12,-0.1766054700007017,0.10318514893952901,-0.1766054700007017,0.10318514893952901,-0.2797906189402307,0.4036948927665134,-0.3030803850111789,-0.2961210152623509,-0.04720745865673315,0.4166666666666667,-0.5725960471116336,0.9202763608705392,-0.19676489725353663,0.6666666666666666
chronos2_daily_norm_cross_median,25.0,2023-09-30_2024-08-31,12,0.256826704642269,0.08473288946892565,0.256826704642269,0.08473288946892565,0.17209381517334332,0.5683398075344667,0.63636675411085,-0.28702536339296647,-0.04720745865673315,0.5,0.4721121812587675,-0.3363506664204807,0.4688336294625566,0.6666666666666666
chronos2_daily_norm_cross_median,25.0,2023-10-31_2024-09-30,12,0.19738514158581677,0.12170948346779942,0.19738514158581677,0.12170948346779942,0.07567565811801735,0.5740733755072895,0.5486771792560834,-0.27096800791435705,-0.047207458656732815,0.4166666666666667,0.3313896600379954,-0.5401256471458482,0.4529870414305195,0.6666666666666666
chronos2_daily_norm_cross_median,25.0,2023-11-30_2024-10-31,12,0.1834889515874547,0.004734660022875703,0.1834889515874547,0.004734660022875703,0.178754291564579,0.5759474441546586,0.527934981362749,-0.27096800791435705,-0.07254414974326939,0.4166666666666667,0.5108367542698771,0.5237104972730414,0.3432850582723119,0.6944444444444445
chronos2_daily_norm_cross_median,25.0,2023-12-31_2024-11-30,12,-0.12941922873592382,-0.026522408525777696,-0.12941922873592382,-0.026522408525777696,-0.10289682021014612,0.6314605837914097,0.04626528304669149,-0.3312172192054521,-0.07702368625268241,0.3333333333333333,0.08110630020361118,0.6004143669389035,0.043171543642386734,0.7222222222222223
chronos2_daily_norm_cross_median,25.0,2024-01-31_2024-12-31,12,-0.103670448738713,-0.013699490369203038,-0.103670448738713,-0.013699490369203038,-0.08997095836950997,0.6295960191706489,0.09108847391128992,-0.3450150861728547,-0.07702368625268208,0.3333333333333333,0.10521447612036382,0.5485700819993502,0.0639825818842259,0.7222222222222223
chronos2_daily_norm_cross_median,25.0,2024-02-29_2025-01-31,12,-0.14789216006416595,-0.14290566323586873,-0.14789216006416595,-0.14290566323586873,-0.0049864968282972155,0.6353017758930126,0.016006456601999047,-0.404545825935661,-0.18252959118595857,0.4166666666666667,0.24308985966888433,0.7701909020063415,0.12611220516769683,0.75
chronos2_daily_norm_cross_median,25.0,2024-03-31_2025-02-28,12,0.05166465724118474,-0.10676537761977256,0.05166465724118474,-0.10676537761977256,0.1584300348609573,0.6225276782202849,0.34409029539041003,-0.404545825935661,-0.1825295911859588,0.5,0.5173845796112291,0.8648068745515143,0.34552166736707024,0.7499999999999999
chronos2_daily_norm_cross_median,25.0,2024-04-30_2025-03-31,12,0.6846652484787181,-0.06461005552580057,0.6846652484787181,-0.06461005552580057,0.7492753040045187,0.7831381564925921,0.9967273718693479,-0.4045458259356609,-0.18252959118595868,0.5833333333333334,1.1238047230201693,1.6010097921679824,1.306038749029034,0.75
chronos2_daily_norm_cross_median,25.0,2024-05-31_2025-04-30,12,0.36672928846700814,0.02942056800377868,0.36672928846700814,0.02942056800377868,0.33730872046322946,0.7970970093689431,0.71570337536163,-0.404545825935661,-0.18252959118595857,0.5,0.6851490506381039,1.2142854268167127,0.6591336670846415,0.7777777777777777
chronos2_daily_norm_cross_median,25.0,2024-06-30_2025-05-31,12,0.28507818496125825,-0.019239253194651806,0.28507818496125825,-0.019239253194651806,0.30431743815591006,0.7997203859223322,0.6352586607206445,-0.404545825935661,-0.18252959118595835,0.5,0.6658770207939909,1.2413811704277793,0.6524880291219481,0.7777777777777778
chronos2_daily_norm_cross_median,25.0,2024-07-31_2025-06-30,12,0.3660787912103203,0.03150250800801424,0.3660787912103203,0.03150250800801424,0.33457628320230604,0.7867551214726328,0.7130259447504668,-0.404545825935661,-0.1825295911859589,0.5,0.6655647135774936,0.8583988319686767,0.661722740694783,0.7777777777777778
chronos2_daily_norm_cross_median,25.0,2024-08-31_2025-07-31,12,0.08808857957038407,0.02082724764079913,0.08808857957038407,0.02082724764079913,0.06726133192958494,0.7474357807808607,0.4041688435189059,-0.404545825935661,-0.1720911800730176,0.4166666666666667,0.35272547154560885,0.4884307919666688,0.3232816837430923,0.8055555555555555
chronos2_daily_norm_cross_median,25.0,2024-09-30_2025-08-31,12,-0.0402777889914544,0.07082064647411035,-0.0402777889914544,0.07082064647411035,-0.11109843546556475,0.670365576047394,0.20363509564246376,-0.36690926079695674,-0.1720911800730176,0.4166666666666667,0.07758897161305296,0.9098528981578758,0.05954860971108511,0.8333333333333334
chronos2_daily_norm_cross_median,25.0,2024-10-31_2025-09-30,12,0.5500662521392556,0.07787885846139209,0.5500662521392556,0.07787885846139209,0.47218739367786355,0.8334927483861443,0.8579096290843184,-0.3191551532149173,-0.11858833109117162,0.5,0.7665373180802328,0.9797402707584245,0.8373457691646029,0.861111111111111
chronos2_daily_norm_cross_median,25.0,2024-11-30_2025-10-31,12,0.7932205021969221,0.1960061542824556,0.7932205021969221,0.1960061542824556,0.5972143479144665,0.8214016800022713,1.048118002671739,-0.20727706629195264,-0.11795970406671652,0.5833333333333334,0.821860591313402,0.8037610364490885,0.981070107540094,0.8888888888888888
chronos2_daily_norm_cross_median,25.0,2024-12-31_2025-11-30,12,1.4370231396307545,0.22133541890163522,1.4370231396307545,0.22133541890163522,1.2156877207291192,0.752428328919463,1.5090670866937672,-0.20727706629195253,-0.11795970406671652,0.6666666666666666,1.2263860108050586,0.5808678740761312,1.6359019048401469,0.8888888888888888
chronos2_daily_norm_cross_median,25.0,2025-01-31_2025-12-31,12,1.6236476958169574,0.17166648362633885,1.6236476958169574,0.17166648362633885,1.4519812121906186,0.7435817705269238,1.627882571819981,-0.20727706629195275,-0.03669877287899381,0.75,1.3962988762667174,0.5592622429290652,1.8962708050123562,0.9444444444444443
chronos2_daily_norm_cross_median,25.0,2025-02-28_2026-01-31,12,1.2796636031022803,0.31334945156909844,1.2796636031022803,0.31334945156909844,0.9663141515331819,0.7854867698309256,1.38929270794657,-0.21008148241979496,-0.04758367670999886,0.6666666666666666,1.0194996563161833,0.11972688254639959,1.7549354562947466,0.9444444444444443
chronos2_daily_norm_cross_median,25.0,2025-03-31_2026-02-28,12,0.7957535087699072,0.08257309459079365,0.7957535087699072,0.08257309459079365,0.7131804141791136,0.8227328476135142,1.0489672431316353,-0.33092088757786453,-0.18488813271044613,0.5833333333333334,0.9578322633890682,0.9974666699571038,1.095232760649112,0.9166666666666665
chronos2_daily_norm_cross_median,25.0,2025-04-30_2026-03-31,12,0.27888964500778046,0.028079656548997578,0.27888964500778046,0.028079656548997578,0.2508099884587829,0.6730223582307155,0.6376765857567777,-0.3309208875778644,-0.19546042589812018,0.5833333333333334,0.5726998919246272,0.6185583833713411,0.4813627058426797,0.8888888888888887
chronos2_daily_norm_cross_median,25.0,2025-05-31_2026-04-30,12,0.27902013152805516,-0.14610708694572017,0.27902013152805516,-0.14610708694572017,0.4251272184737753,0.6730025532322272,0.6378322704496937,-0.3512667325715023,-0.29138146686445754,0.6666666666666666,0.8856769806937251,0.9943604521929343,0.7289066750852466,0.8611111111111108
chronos2_daily_norm_cross_median,25.0,2025-06-30_2026-05-31,12,0.4656910857586276,-0.18541351506394133,0.4656910857586276,-0.18541351506394133,0.6511046008225689,0.6760074658724831,0.8472176696651101,-0.3512667325715023,-0.34737666250868915,0.6666666666666666,1.1494057357902916,0.7871159401669394,0.9957983362029732,0.8888888888888887
chronos2_daily_norm_cross_median,25.0,2025-07-31_2026-06-30,12,1.2047324884616848,-0.1667764227923394,1.2047324884616848,-0.1667764227923394,1.3715089112540242,0.712515927538008,1.4357311599764595,-0.3512667325715022,-0.34737666250868904,0.75,1.9213233550675715,1.5738161666388009,2.3176052481713096,0.8611111111111108
chronos2_daily_norm_cross_lower10,25.0,2019-01-31_2019-12-31,12,-0.012950156130846269,-0.0907583313333864,-0.012950156130846269,-0.0907583313333864,0.07780817520254013,0.06969261632911895,-0.15469155950571767,-0.0455904832208166,-0.08173242622854304,0.5833333333333334,0.9872856573120735,0.4196451853575655,0.02739151619872393,0.6944444444444445
chronos2_daily_norm_cross_lower10,25.0,2019-02-28_2020-01-31,12,0.007272134512201767,-0.15374678206850467,0.007272134512201767,-0.15374678206850467,0.16101891658070644,0.06563849271515208,0.14081718331712123,-0.0480818175329214,-0.157070533612218,0.6666666666666666,1.5795211208026327,0.27657900401774754,0.054386631087357085,0.6666666666666666
chronos2_daily_norm_cross_lower10,25.0,2019-03-31_2020-02-29,12,0.013910060865704121,-0.2983301643039218,0.013910060865704121,-0.2983301643039218,0.3122402251696259,0.06498596017819419,0.24280591269992483,-0.04966834783703311,-0.2968733323797681,0.75,1.9083333900860984,0.12936338282440563,0.06006263051452221,0.6666666666666666
chronos2_daily_norm_cross_lower10,25.0,2019-04-30_2020-03-31,12,0.28323070480213053,-0.26938100433105683,0.28323070480213053,-0.26938100433105683,0.5526117091331874,0.272062807887094,1.0343374414975928,-0.04966834783703311,-0.2897384073692094,0.75,2.1535316931419177,0.5458321829030508,0.539133135673171,0.75
chronos2_daily_norm_cross_lower10,25.0,2019-05-31_2020-04-30,12,0.5544418207383526,-0.23441422140073764,0.5544418207383526,-0.23441422140073764,0.7888560421390902,0.33081162887303944,1.4913787070887958,-0.04966834783703333,-0.2897384073692094,0.75,2.384698512631473,0.6633259086471883,0.8911811725397236,0.7777777777777778
chronos2_daily_norm_cross_lower10,25.0,2019-06-30_2020-05-31,12,0.5523513088634049,-0.22854562482453433,0.5523513088634049,-0.22854562482453433,0.7808969336879392,0.33096949870747167,1.4865781089751884,-0.04966834783703322,-0.2897384073692095,0.75,2.334488889603582,0.6425089295265138,0.8707460708597397,0.7499999999999999
chronos2_daily_norm_cross_lower10,25.0,2019-07-31_2020-06-30,12,0.5433409762161143,-0.1941752572672133,0.5433409762161143,-0.1941752572672133,0.7375162334833276,0.3317122721489882,1.4656638234948787,-0.04966834783703322,-0.2827760862119635,0.75,2.075224047994806,0.539268620001348,0.7766837967870932,0.7222222222222222
chronos2_daily_norm_cross_lower10,25.0,2019-08-31_2020-07-31,12,0.4949562977628821,-0.1722348942847023,0.4949562977628821,-0.1722348942847023,0.6671911920475844,0.3342371972303204,1.3578392004275044,-0.04966834783703322,-0.27948217627529803,0.6666666666666666,1.8462744479887163,0.5001440394586559,0.6885457265420583,0.7222222222222223
chronos2_daily_norm_cross_lower10,25.0,2019-09-30_2020-08-31,12,0.5936336617570701,-0.21057570090232802,0.5936336617570701,-0.21057570090232802,0.8042093626593981,0.3313601469290629,1.5677059699012303,-0.04966834783703322,-0.27948217627529803,0.6666666666666666,2.1345356854637485,0.4387026537438932,0.8145636546240012,0.6666666666666666
chronos2_daily_norm_cross_lower10,25.0,2019-10-31_2020-09-30,12,0.5578070783675297,-0.1766274605970889,0.5578070783675297,-0.1766274605970889,0.7344345389646186,0.3338092138545909,1.487423062739817,-0.04966834783703322,-0.2794821762752979,0.5833333333333334,1.8505443960421086,0.35723093838921216,0.7211094741622945,0.6388888888888888
chronos2_daily_norm_cross_lower10,25.0,2019-11-30_2020-10-31,12,1.3472463541208883,-0.06643817837031618,1.3472463541208883,-0.06643817837031618,1.4136845324912044,0.5554929762389945,1.797973958435279,-0.04966834783703322,-0.2794821762752979,0.5833333333333334,2.098154726857942,0.9814327526597955,1.695916096138078,0.5833333333333334
chronos2_daily_norm_cross_lower10,25.0,2019-12-31_2020-11-30,12,1.4382086809516714,-0.050871312509224054,1.4382086809516714,-0.050871312509224054,1.4890799934608956,0.5514626622567526,1.8823114241181205,-0.004272657118904344,-0.2358764964179022,0.5833333333333334,2.165967518886664,0.9718360354970944,1.750876312349928,0.611111111111111
chronos2_daily_norm_cross_lower10,25.0,2020-01-31_2020-12-31,12,1.723030505918762,-0.013079995771551722,1.723030505918762,-0.013079995771551722,1.7361105016903138,0.5333005166960474,2.1554728540514687,-0.0016666666666667052,-0.16758179221927783,0.5833333333333334,2.3518691229966135,0.8983752482110109,1.950432359809926,0.5833333333333334
chronos2_daily_norm_cross_lower10,25.0,2020-02-29_2021-01-31,12,2.2850280272940373,0.14471568274700242,2.2850280272940373,0.14471568274700242,2.140312344547035,0.5315897858585894,2.549640477572475,-0.0016666666666667052,-0.07033476780972703,0.5833333333333334,2.4663345076798096,0.9045903875616585,2.153266622341534,0.611111111111111
chronos2_daily_norm_cross_lower10,25.0,2020-03-31_2021-02-28,12,2.2424325316660303,0.3187076559568369,2.2424325316660303,0.3187076559568369,1.9237248757091934,0.5347825370403054,2.510212654169121,-0.014611610448568624,-0.07033476780972703,0.5833333333333334,2.1812330153820167,1.4781580957073661,1.4040360273121877,0.6111111111111112
chronos2_daily_norm_cross_lower10,25.0,2020-04-30_2021-03-31,12,1.7305801970392851,0.2712264885896778,1.7305801970392851,0.2712264885896778,1.4593537084496073,0.5088072121377173,2.245694291511858,-0.014611610448568513,-0.07033476780972714,0.5833333333333334,1.9423271168619864,1.395834334537796,1.1421594488629454,0.5555555555555555
chronos2_daily_norm_cross_lower10,25.0,2020-05-31_2021-04-30,12,1.2646566802514507,0.2511461011810818,1.2646566802514507,0.2511461011810818,1.013510579070369,0.49774408847064183,1.879145826108799,-0.014611610448568624,-0.07033476780972703,0.5833333333333334,1.5975704960687755,1.5089389168408058,0.7525444462345627,0.5277777777777778
chronos2_daily_norm_cross_lower10,25.0,2020-06-30_2021-05-31,12,1.190750835339303,0.22018559574957508,1.190750835339303,0.22018559574957508,0.970565239589728,0.5040284289767681,1.7906452164888529,-0.02779763099829402,-0.07033476780972703,0.5833333333333334,1.575115024889092,1.5949267738274489,0.7315234220834519,0.5555555555555556
chronos2_daily_norm_cross_lower10,25.0,2020-07-31_2021-06-30,12,1.1907508353393026,0.1787337447456181,1.1907508353393026,0.1787337447456181,1.0120170905936845,0.5040284289767681,1.7906452164888529,-0.02860779963912885,-0.07033476780972703,0.5833333333333334,1.6884459685237945,1.773413146427849,0.7735156516363633,0.5555555555555555
chronos2_daily_norm_cross_lower10,25.0,2020-08-31_2021-07-31,12,1.2279864308169914,0.17406019021811336,1.2279864308169914,0.17406019021811336,1.053926240598878,0.501513102038918,1.8334888069242554,-0.02860779963912896,-0.0471551797914731,0.6666666666666666,1.7525057515038498,1.7850703620405408,0.8112584234143514,0.611111111111111
chronos2_daily_norm_cross_lower10,25.0,2020-09-30_2021-08-31,12,1.1031423189900318,0.29094300690606567,1.1031423189900318,0.29094300690606567,0.8121993120839661,0.5071469438422439,1.6960017153071025,-0.02860779963912874,-0.0471551797914731,0.5833333333333334,1.3934975303549701,2.5059094155735004,0.21011821955392396,0.6388888888888888
chronos2_daily_norm_cross_lower10,25.0,2020-10-31_2021-09-30,12,1.1215010418457103,0.285307502281577,1.1215010418457103,0.285307502281577,0.8361935395641333,0.5058452648503885,1.717593868170833,-0.02860779963912885,-0.04715517979147299,0.5833333333333334,1.4360593378490396,2.5780859162875505,0.21170214903778883,0.6388888888888888
chronos2_daily_norm_cross_lower10,25.0,2020-11-30_2021-10-31,12,0.48199002733132446,0.164192612882329,0.48199002733132446,0.164192612882329,0.31779741444899545,0.21236669861047172,1.9715062933740086,-0.02860779963912885,-0.04715517979147299,0.5833333333333334,1.38338769697809,0.8803398190074456,0.31744545053433715,0.7222222222222222
chronos2_daily_norm_cross_lower10,25.0,2020-12-31_2021-11-30,12,0.4800548766925925,0.10075285366229347,0.4800548766925925,0.10075285366229347,0.37930202303029903,0.2122473830431167,1.9661399497052539,-0.02860779963912885,-0.04715517979147321,0.6666666666666666,1.7110449788830304,1.0597289981662599,0.3587901747820035,0.6944444444444443
chronos2_daily_norm_cross_lower10,25.0,2021-01-31_2021-12-31,12,0.4209491751107506,0.1311417024200292,0.4209491751107506,0.1311417024200292,0.2898074726907214,0.2096909248877668,1.7871138587743585,-0.02860779963912885,-0.04715517979147299,0.6666666666666666,1.423078186050945,1.2922051153570269,0.23093062516889673,0.6944444444444445
chronos2_daily_norm_cross_lower10,25.0,2021-02-28_2022-01-31,12,0.15174262325176868,0.1035559333431273,0.15174262325176868,0.1035559333431273,0.04818668990864139,0.10190324380785876,1.440401919904465,-0.02860779963912885,-0.008710521467504728,0.5833333333333334,0.32655089565319095,-0.1721505774687857,0.1772721334800076,0.6944444444444445
chronos2_daily_norm_cross_lower10,25.0,2021-03-31_2022-02-28,12,0.16687294513023265,0.1814244316261513,0.16687294513023265,0.1814244316261513,-0.014551486495918642,0.09896307579698742,1.614001692256384,-0.02860779963912874,-0.008710521467504728,0.5,-0.07058989725045937,-0.8002421415122278,0.3388362164413574,0.6944444444444445
chronos2_daily_norm_cross_lower10,25.0,2021-04-30_2022-03-31,12,0.08581848600338549,0.2056999327796627,0.08581848600338549,0.2056999327796627,-0.11988144677627721,0.0824066138261564,1.0398512948922736,-0.03433417966291463,-0.008710521467504728,0.4166666666666667,-0.8593677689012875,-0.6419850196790519,0.2286930730904817,0.7222222222222222
chronos2_daily_norm_cross_lower10,25.0,2021-05-31_2022-04-30,12,0.0815735165892324,0.20202014645819677,0.0815735165892324,0.20202014645819677,-0.12044662986896437,0.0824790153007634,0.9911807769649917,-0.03433417966291452,-0.011058901373715124,0.4166666666666667,-0.8682682553473358,-0.581739079603831,0.20813570749432841,0.7222222222222222
chronos2_daily_norm_cross_lower10,25.0,2021-06-30_2022-05-31,12,0.09174093498451708,0.1547230806668567,0.09174093498451708,0.1547230806668567,-0.06298214568233962,0.07871580490898043,1.1546712981492342,-0.04892316014481857,-0.04389760737316839,0.5,-0.471717700185782,-0.18031280000373054,0.1240180713533181,0.6944444444444445
chronos2_daily_norm_cross_lower10,25.0,2021-07-31_2022-06-30,12,0.08562728637230732,0.14515293481688385,0.08562728637230732,0.14515293481688385,-0.05952564844457653,0.07956206780636395,1.072064134942782,-0.055037228536724325,-0.04389760737316839,0.5,-0.44914970820296574,-0.16056720320313678,0.11309540801295626,0.7222222222222222
chronos2_daily_norm_cross_lower10,25.0,2021-08-31_2022-07-31,12,0.12173021307224507,0.16719366722844042,0.12173021307224507,0.16719366722844042,-0.04546345415619535,0.09021447585951123,1.3200547602934554,-0.055037228536724436,-0.04389760737316839,0.5,-0.3248723879516889,-0.009335115624465144,0.12745918698552483,0.6944444444444445
chronos2_daily_norm_cross_lower10,25.0,2021-09-30_2022-08-31,12,0.10291772368570062,0.11990803732841937,0.10291772368570062,0.11990803732841937,-0.016990313642718746,0.09360295510987299,1.0929886890935978,-0.05503722853672455,-0.04389760737316817,0.5833333333333334,-0.12376211349385904,0.12022429357316117,0.09187865789985317,0.6944444444444445
chronos2_daily_norm_cross_lower10,25.0,2021-10-31_2022-09-30,12,0.12641175493262624,0.07700156092153554,0.12641175493262624,0.07700156092153554,0.0494101940110907,0.09566889085305635,1.2936160531210095,-0.055037228536724436,-0.04389760737316828,0.6666666666666666,0.41361594028259085,0.17721824769398153,0.11584685213838242,0.6666666666666666
chronos2_daily_norm_cross_lower10,25.0,2021-11-30_2022-10-31,12,0.08772488096798559,0.0837751064100245,0.08772488096798559,0.0837751064100245,0.003949774557961083,0.08869649081924581,0.9913649358818253,-0.055037228536724436,-0.04389760737316839,0.6666666666666666,0.04676014794966876,0.2908271066123704,0.06562308046403986,0.611111111111111
chronos2_daily_norm_cross_lower10,25.0,2021-12-31_2022-11-30,12,0.2714623722410574,0.04089310124175727,0.2714623722410574,0.04089310124175727,0.23056927099930014,0.23732195109526386,1.11861468900658,-0.055037228536724436,-0.052330809109684795,0.6666666666666666,0.7953390447122878,-1.042224116595732,0.3589510425171214,0.6388888888888887
chronos2_daily_norm_cross_lower10,25.0,2022-01-31_2022-12-31,12,0.2563422668162536,0.03139589518781816,0.2563422668162536,0.03139589518781816,0.22494637162843545,0.237566110809206,1.0662397946711262,-0.031083458482542792,-0.0538908420070876,0.6666666666666666,0.7845473851030889,-1.034631400142761,0.3300804089319893,0.6388888888888888
chronos2_daily_norm_cross_lower10,25.0,2022-02-28_2023-01-31,12,0.2807168813358776,-0.006523085673795559,0.2807168813358776,-0.006523085673795559,0.28723996700967314,0.23431523538718912,1.1617855404969462,-0.029465901651962834,-0.053890842007087936,0.6666666666666666,1.0360653993207578,-0.9725681619325063,0.3038996830233349,0.6388888888888888
chronos2_daily_norm_cross_lower10,25.0,2022-03-31_2023-02-28,12,0.2804696071324244,-0.03763942955797195,0.2804696071324244,-0.03763942955797195,0.31810903669039636,0.2343371672929159,1.1608542617785729,-0.0249669927139039,-0.05860315994470999,0.75,1.1772906001597088,-0.9678192587832101,0.2645444081437138,0.638888888888889
chronos2_daily_norm_cross_lower10,25.0,2022-04-30_2023-03-31,12,0.28783202258086105,-0.0433257664262765,0.28783202258086105,-0.0433257664262765,0.33115778900713755,0.23358578220325188,1.1890017924229566,-0.024966992713904013,-0.052003665957635614,0.75,1.233913196596312,-0.9588162732742713,0.2648379890031227,0.6666666666666666
chronos2_daily_norm_cross_lower10,25.0,2022-05-31_2023-04-30,12,0.293964707591327,-0.07213752035282106,0.293964707591327,-0.07213752035282106,0.36610222794414804,0.23319851864696034,1.211470671813362,-0.01617765829714557,-0.07596598010903766,0.75,1.364261454298485,-0.6488330578304708,0.2630284994895635,0.6388888888888888
chronos2_daily_norm_cross_lower10,25.0,2022-06-30_2023-05-31,12,0.3163694002642796,-0.0361282154897381,0.3163694002642796,-0.0361282154897381,0.3524976157540177,0.23044685520096822,1.299669999625522,-0.01617765829714579,-0.07596598010903755,0.6666666666666666,1.274983815824701,-1.0825942233311583,0.29609714746281957,0.638888888888889
chronos2_daily_norm_cross_lower10,25.0,2022-07-31_2023-06-30,12,0.3308961595415547,-0.0028433046031512976,0.3308961595415547,-0.0028433046031512976,0.333739464144706,0.2290744583474307,1.3553208739192202,-0.01617765829714568,-0.07596598010903743,0.6666666666666666,1.1621305568534024,-0.8894630896473946,0.3589886087358345,0.638888888888889
chronos2_daily_norm_cross_lower10,25.0,2022-08-31_2023-07-31,12,0.2605016400432909,-0.031389184091800915,0.2605016400432909,-0.031389184091800915,0.2918908241350918,0.22944017444576145,1.1111187614792475,-0.010130121870841613,-0.0655917893195096,0.5833333333333334,1.056252045160485,-1.2904423158294613,0.24007376903471944,0.638888888888889
chronos2_daily_norm_cross_lower10,25.0,2022-09-30_2023-08-31,12,0.2627823968355103,-0.014331580574544756,0.2627823968355103,-0.014331580574544756,0.27711397741005506,0.2291301317175216,1.1203913369419773,-0.019909481620741243,-0.06559178931950937,0.5,0.9922731937477999,-1.5094508688995016,0.26643282979098215,0.6111111111111112
chronos2_daily_norm_cross_lower10,25.0,2022-10-31_2023-09-30,12,0.2197450472688025,-0.04883569016310929,0.2197450472688025,-0.04883569016310929,0.2685807374319118,0.23062043464691867,0.9611582596513835,-0.026331882865563982,-0.06327241269436523,0.5,0.993173762762307,-1.262311948415233,0.174486684083331,0.611111111111111
chronos2_daily_norm_cross_lower10,25.0,2022-11-30_2023-10-31,12,0.25979759979031036,-8.074453772832779e-05,0.25979759979031036,-8.074453772832779e-05,0.2598783443280387,0.23125165226730798,1.1015745364163523,-0.02633188286556387,-0.04084242285001627,0.4166666666666667,0.9213724807373792,-0.7175635320321717,0.29013040807136203,0.6666666666666666
chronos2_daily_norm_cross_lower10,25.0,2022-12-31_2023-11-30,12,0.0006346739062934592,0.06162621592425688,0.0006346739062934592,0.06162621592425688,-0.06099154201796342,0.05488276750082861,0.03642573472788288,-0.026331882865564094,-0.04084242285001627,0.3333333333333333,-0.6866498445829115,0.17804578550418562,-0.009267133271165351,0.6666666666666666
chronos2_daily_norm_cross_lower10,25.0,2023-01-31_2023-12-31,12,-0.012062341152656919,0.05389394652891433,-0.012062341152656919,0.05389394652891433,-0.06595628768157125,0.05356194584715781,-0.20222333953201477,-0.026331882865563982,-0.04084242285001627,0.3333333333333333,-0.7575821457035811,0.18738149886547742,-0.021159607980039463,0.6666666666666666
chronos2_daily_norm_cross_lower10,25.0,2023-02-28_2024-01-31,12,-0.005810552933254165,0.06910062416905749,-0.005810552933254165,0.06910062416905749,-0.07491117710231165,0.05330319515285935,-0.08517430049071224,-0.026331882865564094,-0.04084242285001627,0.3333333333333333,-0.8452887451316681,0.18372630743771345,-0.017383146554150186,0.6666666666666666
chronos2_daily_norm_cross_lower10,25.0,2023-03-31_2024-02-29,12,-0.007237228925732642,0.07105311702696282,-0.007237228925732642,0.07105311702696282,-0.07829034595269546,0.05336582035704016,-0.11191448470081673,-0.028514230937106144,-0.04084242285001627,0.3333333333333333,-0.8851623577955948,0.18623919739194042,-0.019298529257251062,0.6944444444444443
chronos2_daily_norm_cross_lower10,25.0,2023-04-30_2024-03-31,12,0.03920781710786003,0.04605177038880415,0.03920781710786003,0.04605177038880415,-0.006843953280944115,0.0694393148913143,0.5860406684034393,-0.028514230937106144,-0.028914327222309355,0.4166666666666667,-0.07712330171547482,0.11848365593224758,0.03548122611717042,0.6944444444444443
chronos2_daily_norm_cross_lower10,25.0,2023-05-31_2024-04-30,12,0.008628689986516669,0.05087612226469651,0.008628689986516669,0.05087612226469651,-0.04224743227817984,0.07333602225601843,0.1502909958612877,-0.028514230937106255,-0.04720745865673304,0.4166666666666667,-0.46036611127029814,0.30206092349048835,-0.005031370936539159,0.7222222222222222
chronos2_daily_norm_cross_lower10,25.0,2023-06-30_2024-05-31,12,0.012888915768624498,0.06029804021364593,0.012888915768624498,0.06029804021364593,-0.04740912444502143,0.07329508378668205,0.20790595343798673,-0.028514230937106144,-0.04720745865673304,0.4166666666666667,-0.511161274114385,0.30052998060893216,-0.003445504624462581,0.7222222222222222
chronos2_daily_norm_cross_lower10,25.0,2023-07-31_2024-06-30,12,0.46792451455953255,0.046802268590376395,0.46792451455953255,0.046802268590376395,0.42112224596915615,0.46069992600633286,1.0126364881603103,-0.028514230937106144,-0.04720745865673304,0.5,0.9535152856743468,1.9961686022781255,0.4380162344693832,0.6944444444444445
chronos2_daily_norm_cross_lower10,25.0,2023-08-31_2024-07-31,12,0.4733716658693159,0.10318514893952901,0.4733716658693159,0.10318514893952901,0.3701865169297869,0.46032598994393964,1.0214752095745845,-0.028514230937106144,-0.04720745865673315,0.5,0.8230070764034197,1.1631538380582152,0.4125743097135428,0.6944444444444445
chronos2_daily_norm_cross_lower10,25.0,2023-09-30_2024-08-31,12,0.4802629235024962,0.08473288946892565,0.4802629235024962,0.08473288946892565,0.39553003403357057,0.4597633610913542,1.032751823186361,-0.028514230937106033,-0.04720745865673315,0.5833333333333334,0.8741573728744964,1.1706093533824786,0.44500572567779617,0.7222222222222222
chronos2_daily_norm_cross_lower10,25.0,2023-10-31_2024-09-30,12,0.4112236070217232,0.12170948346779942,0.4112236070217232,0.12170948346779942,0.2895141235539238,0.46711000240688727,0.9173153454274544,-0.06394135483403096,-0.047207458656732815,0.5,0.6809948228036623,1.185967988561171,0.3277021793806605,0.75
chronos2_daily_norm_cross_lower10,25.0,2023-11-30_2024-10-31,12,0.3650646902411028,0.004734660022875703,0.3650646902411028,0.004734660022875703,0.36033003021822707,0.46797358381829773,0.8429030738462012,-0.0639413548340313,-0.07254414974326939,0.5833333333333334,0.8467983727699808,1.0564139171232656,0.459048409428938,0.75
chronos2_daily_norm_cross_lower10,25.0,2023-12-31_2024-11-30,12,0.36564102271674237,-0.026522408525777696,0.36564102271674237,-0.026522408525777696,0.39216343124252007,0.4679189896181384,0.8438819182091927,-0.08032178480818175,-0.07702368625268241,0.5833333333333334,0.9290712773167027,1.3186058838438675,0.5164705620834644,0.7222222222222222
chronos2_daily_norm_cross_lower10,25.0,2024-01-31_2024-12-31,12,0.3645010886410194,-0.013699490369203038,0.3645010886410194,-0.013699490369203038,0.3782005790102224,0.46798689525918247,0.8419787929615047,-0.08262098034616117,-0.07702368625268208,0.5,0.8958284420599905,1.2765297332123067,0.4897116168354161,0.75
chronos2_daily_norm_cross_lower10,25.0,2024-02-29_2025-01-31,12,0.1977501749291799,-0.14290566323586873,0.1977501749291799,-0.14290566323586873,0.34065583816504863,0.49253365944437805,0.5517766113876503,-0.1943354392643828,-0.18252959118595857,0.5,0.9219243960462686,1.36470440764047,0.5784665792954551,0.7222222222222222
chronos2_daily_norm_cross_lower10,25.0,2024-03-31_2025-02-28,12,0.19792276091463634,-0.10676537761977256,0.19792276091463634,-0.10676537761977256,0.3046881385344089,0.492525429142383,0.5520774258605734,-0.19687179065929095,-0.1825295911859588,0.4166666666666667,0.818762857833736,1.190649456379993,0.46883650476466965,0.6944444444444445
chronos2_daily_norm_cross_lower10,25.0,2024-04-30_2025-03-31,12,0.22472167057444214,-0.06461005552580057,0.22472167057444214,-0.06461005552580057,0.2893317261002427,0.4941893194899495,0.5974863651757111,-0.19687179065929117,-0.18252959118595868,0.4166666666666667,0.767984386957248,1.1733010392050327,0.42211987472443857,0.6666666666666666
chronos2_daily_norm_cross_lower10,25.0,2024-05-31_2025-04-30,12,0.2887848357253082,0.02942056800377868,0.2887848357253082,0.02942056800377868,0.25936426772152954,0.49164945323403725,0.7047030353466439,-0.19687179065929095,-0.18252959118595857,0.3333333333333333,0.6616976108229559,1.0217282624512078,0.34695160050921414,0.6666666666666666
chronos2_daily_norm_cross_lower10,25.0,2024-06-30_2025-05-31,12,0.27703164230323774,-0.019239253194651806,0.27703164230323774,-0.019239253194651806,0.29627089549788954,0.4922680692284907,0.6852445532679128,-0.19687179065929095,-0.18252959118595835,0.4166666666666667,0.7492317207329241,1.0341165098805774,0.4002488602028451,0.6666666666666666
chronos2_daily_norm_cross_lower10,25.0,2024-07-31_2025-06-30,12,-0.11257490067442233,0.03150250800801424,-0.11257490067442233,0.03150250800801424,-0.14407740868243657,0.15850525449384645,-0.6739735390452538,-0.19534097404397244,-0.1825295911859589,0.3333333333333333,-1.086948057362434,0.5585207546049362,-0.12633439837094507,0.638888888888889
chronos2_daily_norm_cross_lower10,25.0,2024-08-31_2025-07-31,12,0.11061339235523415,0.02082724764079913,0.11061339235523415,0.02082724764079913,0.08978614471443502,0.30326552674575824,0.47547171147301387,-0.18738739506606172,-0.1720911800730176,0.4166666666666667,0.4225014215351787,0.8879983132792761,0.11597508729482264,0.638888888888889
chronos2_daily_norm_cross_lower10,25.0,2024-09-30_2025-08-31,12,0.0974104839334311,0.07082064647411035,0.0974104839334311,0.07082064647411035,0.026589837459320753,0.304415092035584,0.43500665682336076,-0.14746537436291607,-0.1720911800730176,0.3333333333333333,0.17887604882291053,0.849343205756212,0.060746127338998646,0.6944444444444445
chronos2_daily_norm_cross_lower10,25.0,2024-10-31_2025-09-30,12,0.18110455751389298,0.07787885846139209,0.18110455751389298,0.07787885846139209,0.1032256990525009,0.2963309477153299,0.690627184198529,-0.14746537436291607,-0.11858833109117162,0.4166666666666667,0.4494914548011061,0.8468938689529242,0.13347483265308835,0.7222222222222223
chronos2_daily_norm_cross_lower10,25.0,2024-11-30_2025-10-31,12,0.1899999229798437,0.1960061542824556,0.1899999229798437,0.1960061542824556,-0.0060062313026119085,0.29613046463204856,0.7166901591663127,-0.12672911451621205,-0.11795970406671652,0.3333333333333333,0.06742119643088579,0.9403763816341414,0.028396375197879964,0.7222222222222223
chronos2_daily_norm_cross_lower10,25.0,2024-12-31_2025-11-30,12,0.21664731128432968,0.22133541890163522,0.21664731128432968,0.22133541890163522,-0.004688107617305537,0.2935898487159774,0.797353273744617,-0.1245404656804131,-0.11795970406671652,0.3333333333333333,0.07067837442035048,0.9248845415541086,0.03395334088279056,0.6944444444444445
chronos2_daily_norm_cross_lower10,25.0,2025-01-31_2025-12-31,12,0.25233209647550203,0.17166648362633885,0.25233209647550203,0.17166648362633885,0.08066561284916318,0.2926536040269003,0.8998759091149138,-0.02155925136104153,-0.03669877287899381,0.4166666666666667,0.3489708470852768,0.8295388876358297,0.12376525472924449,0.6666666666666666
chronos2_daily_norm_cross_lower10,25.0,2025-02-28_2026-01-31,12,0.5327558408445423,0.31334945156909844,0.5327558408445423,0.31334945156909844,0.21940638927544387,0.2503061312265821,1.8377695949003532,-0.02155925136104153,-0.04758367670999886,0.5,0.6776011766902375,0.3161692925301165,0.44050148948455137,0.6666666666666666
chronos2_daily_norm_cross_lower10,25.0,2025-03-31_2026-02-28,12,0.6608329010071472,0.08257309459079365,0.6608329010071472,0.08257309459079365,0.5782598064163536,0.2491037319414051,2.1810268447258934,-0.02155925136104153,-0.18488813271044613,0.5833333333333334,1.3577168894302454,-0.015214146053088767,0.7037339596896444,0.6666666666666666
chronos2_daily_norm_cross_lower10,25.0,2025-04-30_2026-03-31,12,0.5964537130949561,0.028079656548997578,0.5964537130949561,0.028079656548997578,0.5683740565459585,0.24850779101742093,2.0197403536824403,-0.02155925136104153,-0.19546042589812018,0.5833333333333334,1.3918199887657627,-0.027417005374533336,0.6371743548134976,0.6944444444444445
chronos2_daily_norm_cross_lower10,25.0,2025-05-31_2026-04-30,12,0.6241762263985207,-0.14610708694572017,0.6241762263985207,-0.14610708694572017,0.7702833133442408,0.24821640483160917,2.0941639325469588,-0.02155925136104153,-0.29138146686445754,0.6666666666666666,1.9133880601706161,-0.01788086239326251,0.6596487716286252,0.6666666666666666
chronos2_daily_norm_cross_lower10,25.0,2025-06-30_2026-05-31,12,0.7030960254122907,-0.18541351506394133,0.7030960254122907,-0.18541351506394133,0.888509540476232,0.2422499544789557,2.345000059856894,-0.02155925136104142,-0.34737666250868915,0.6666666666666666,2.155450337600299,-0.03362136967817267,0.7321884183629384,0.6944444444444443
chronos2_daily_norm_cross_lower10,25.0,2025-07-31_2026-06-30,12,0.7028759658425114,-0.1667764227923394,0.7028759658425114,-0.1667764227923394,0.8696523886348508,0.24227098805655106,2.3442569139424254,-0.021559251361041643,-0.34737666250868904,0.6666666666666666,2.019250954617219,-0.04620810829845657,0.7301956353088239,0.7499999999999999
