model,cost_bps,period,months,strategy_total_return,benchmark_total_return,strategy_cagr,benchmark_cagr,excess_cagr,strategy_volatility,strategy_sharpe_rf0,strategy_max_drawdown,benchmark_max_drawdown,active_hit_rate,information_ratio,beta_to_benchmark,annualized_alpha_rf0,average_monthly_turnover
cap300_composite,25.0,2019-01-31_2019-12-31,12,-0.19706481285739563,-0.0907583313333864,-0.19706481285739563,-0.0907583313333864,-0.10630648152400923,0.3553058007388072,-0.44091839157956947,-0.3124212700030299,-0.08173242622854304,0.5,-0.21956115712815713,2.225099881965904,0.04484600734684263,0.5833333333333334
cap300_composite,25.0,2019-02-28_2020-01-31,12,-0.25776294052946547,-0.15374678206850467,-0.25776294052946547,-0.15374678206850467,-0.1040161584609608,0.36009644435321925,-0.6451640109823631,-0.3124212700030301,-0.157070533612218,0.5,-0.2441348296721702,1.7247780658053626,0.041807973562055345,0.5277777777777778
cap300_composite,25.0,2019-03-31_2020-02-29,12,-0.29636580265933643,-0.2983301643039218,-0.29636580265933643,-0.2983301643039218,0.001964361644585355,0.354602737848236,-0.8075048440420309,-0.19427403403365728,-0.2968733323797681,0.5,0.12833095438055958,0.6291747971277906,-0.07593210881286683,0.5277777777777778
cap300_composite,25.0,2019-04-30_2020-03-31,12,-0.2651210210600361,-0.26938100433105683,-0.2651210210600361,-0.26938100433105683,0.004259983271020729,0.33581185869821717,-0.7481361287005655,-0.3346318319782927,-0.2897384073692094,0.5,0.10919148390104781,0.4315552820222334,-0.11949221403360999,0.5277777777777778
cap300_composite,25.0,2019-05-31_2020-04-30,12,-0.15728409097968032,-0.23441422140073764,-0.15728409097968032,-0.23441422140073764,0.07713013042105732,0.31396670833950746,-0.3937608257952357,-0.3364952328346519,-0.2897384073692094,0.5,0.3621793435205157,0.3879559888322177,-0.02903722124841346,0.47222222222222215
cap300_composite,25.0,2019-06-30_2020-05-31,12,-0.2722580392056465,-0.22854562482453433,-0.2722580392056465,-0.22854562482453433,-0.043712414381112175,0.30258129988675775,-0.8951052405027129,-0.38173869430195195,-0.2897384073692095,0.4166666666666667,-0.1048837030883014,0.21050923915115966,-0.20024508101245697,0.5
cap300_composite,25.0,2019-07-31_2020-06-30,12,-0.09252353615377396,-0.1941752572672133,-0.09252353615377396,-0.1941752572672133,0.10165172111343934,0.36432825126225993,-0.09921324473955251,-0.38173869430195206,-0.2827760862119635,0.5,0.4244084428464919,0.5104827965943098,0.06266673895322694,0.5277777777777778
cap300_composite,25.0,2019-08-31_2020-07-31,12,-0.2168758808031649,-0.1722348942847023,-0.2168758808031649,-0.1722348942847023,-0.0446409865184626,0.35718872588442796,-0.5158356024439156,-0.38173869430195206,-0.27948217627529803,0.4166666666666667,-0.05775035244641957,0.448473648856473,-0.10557180406638567,0.5277777777777778
cap300_composite,25.0,2019-09-30_2020-08-31,12,-0.23258261122596202,-0.21057570090232802,-0.23258261122596202,-0.21057570090232802,-0.022006910323634,0.3584283018879633,-0.5684835626437527,-0.38173869430195184,-0.27948217627529803,0.5,0.012611805245128716,0.4539199096755981,-0.10387818061492593,0.5555555555555555
cap300_composite,25.0,2019-10-31_2020-09-30,12,-0.2786661706804755,-0.1766274605970889,-0.2786661706804755,-0.1766274605970889,-0.10203871008338661,0.3385088246729764,-0.7986829778272874,-0.38173869430195195,-0.2794821762752979,0.4166666666666667,-0.3022267160930558,0.4382819640607555,-0.1810397907140594,0.5555555555555556
cap300_composite,25.0,2019-11-30_2020-10-31,12,-0.25433781811434886,-0.06643817837031618,-0.25433781811434886,-0.06643817837031618,-0.18789963974403268,0.33784171670465535,-0.7047946174225488,-0.38173869430195206,-0.2794821762752979,0.4166666666666667,-0.5588529548711528,0.3753587198882995,-0.20292853426107482,0.5555555555555555
cap300_composite,25.0,2019-12-31_2020-11-30,12,-0.20460397681842257,-0.050871312509224054,-0.20460397681842257,-0.050871312509224054,-0.15373266430919852,0.3751717580584531,-0.43718073712344196,-0.3009309118473217,-0.2358764964179022,0.4166666666666667,-0.38379209941482106,0.47579342396567964,-0.14471796679741555,0.5555555555555556
cap300_composite,25.0,2020-01-31_2020-12-31,12,0.04567919685471633,-0.013079995771551722,0.04567919685471633,-0.013079995771551722,0.05875919262626805,0.39536430920038185,0.2890341922132172,-0.24441365322230113,-0.16758179221927783,0.5,0.22540313209199017,0.3402288390624877,0.11320808891754353,0.5555555555555556
cap300_composite,25.0,2020-02-29_2021-01-31,12,0.5055168489709263,0.14471568274700242,0.5055168489709263,0.14471568274700242,0.3608011662239239,0.4969849738893821,1.0485851277716243,-0.2326655316903683,-0.07033476780972703,0.5,0.7174307675270312,0.5160296911036295,0.5338003576822317,0.5555555555555555
cap300_composite,25.0,2020-03-31_2021-02-28,12,0.8894605108631604,0.3187076559568369,0.8894605108631604,0.3187076559568369,0.5707528549063234,0.5271365390908398,1.4649924267181094,-0.11090841849511268,-0.07033476780972703,0.5,0.8848993144421089,0.21165471645900605,0.9939245448093326,0.5833333333333334
cap300_composite,25.0,2020-04-30_2021-03-31,12,1.2490569994894956,0.2712264885896778,1.2490569994894956,0.2712264885896778,0.9778305108998178,0.4698641678088522,1.9780498601040568,-0.11090841849511268,-0.07033476780972714,0.5,1.4239977648511135,0.438329446067521,1.2054655210788119,0.5555555555555555
cap300_composite,25.0,2020-05-31_2021-04-30,12,1.3803810222370294,0.2511461011810818,1.3803810222370294,0.2511461011810818,1.1292349210559476,0.46256617267237304,2.1351365228315675,-0.11090841849511268,-0.07033476780972703,0.5833333333333334,1.599684567471765,0.41402069304123523,1.3566599552475869,0.5833333333333334
cap300_composite,25.0,2020-06-30_2021-05-31,12,1.8523251270856815,0.22018559574957508,1.8523251270856815,0.22018559574957508,1.6321395313361065,0.43294089129697133,2.707960146666517,-0.11090841849511246,-0.07033476780972703,0.6666666666666666,2.207785183241257,0.4802702424283341,1.7863778520573832,0.5277777777777778
cap300_composite,25.0,2020-07-31_2021-06-30,12,2.362497438939923,0.1787337447456181,2.362497438939923,0.1787337447456181,2.1837636941943046,0.52222482477976,2.6508385500795524,-0.04676122595430965,-0.07033476780972703,0.6666666666666666,2.2807628303261787,0.37189477556089306,2.492577785147507,0.5277777777777778
cap300_composite,25.0,2020-08-31_2021-07-31,12,2.6787840493838178,0.17406019021811336,2.6787840493838178,0.17406019021811336,2.504723859165704,0.4954315758333754,2.9712818139473587,-0.0170367015809052,-0.0471551797914731,0.75,2.5904142177096947,0.39680044446435475,2.7693204051124565,0.5277777777777778
cap300_composite,25.0,2020-09-30_2021-08-31,12,2.0426834342265057,0.29094300690606567,2.0426834342265057,0.29094300690606567,1.75174042732044,0.5775388441579864,2.2634698826015,-0.21158627749921566,-0.0471551797914731,0.6666666666666666,1.7229235890609187,-0.3293893891648725,2.7423970448148833,0.5277777777777778
cap300_composite,25.0,2020-10-31_2021-09-30,12,1.815438229014017,0.285307502281577,1.815438229014017,0.285307502281577,1.53013072673244,0.592369762193294,2.075364494647052,-0.2394774735793963,-0.04715517979147299,0.6666666666666666,1.5576197411877246,-0.4380479888329865,2.5752295778193988,0.5
cap300_composite,25.0,2020-11-30_2021-10-31,12,1.9412592557635895,0.164192612882329,1.9412592557635895,0.164192612882329,1.7770666428812605,0.5846992067784138,2.178145874819656,-0.2394774735793963,-0.04715517979147299,0.75,1.8909565420919972,0.2803580469427679,2.222292325503349,0.5555555555555555
cap300_composite,25.0,2020-12-31_2021-11-30,12,1.2358417353196955,0.10075285366229347,1.2358417353196955,0.10075285366229347,1.135088881657402,0.61136649758482,1.6182909968707724,-0.2925530794274235,-0.04715517979147321,0.6666666666666666,1.4312284999410674,-0.10654532517184402,1.6132834421475661,0.5277777777777778
cap300_composite,25.0,2021-01-31_2021-12-31,12,1.0670029735669209,0.1311417024200292,1.0670029735669209,0.1311417024200292,0.9358612711468917,0.6050658564177195,1.490033126977834,-0.2925530794274235,-0.04715517979147299,0.6666666666666666,1.2693378665646058,0.18713738832025942,1.3327285568242133,0.49999999999999994
cap300_composite,25.0,2021-02-28_2022-01-31,12,0.8064966048731832,0.1035559333431273,0.8064966048731832,0.1035559333431273,0.7029406715300559,0.5478868241688637,1.3391225779398783,-0.2925530794274235,-0.008710521467504728,0.6666666666666666,1.1017137756067226,-1.7586141501976522,1.4102923053775784,0.49999999999999994
cap300_composite,25.0,2021-03-31_2022-02-28,12,0.5378237033880808,0.1814244316261513,0.5378237033880808,0.1814244316261513,0.35639927176192954,0.513728516301027,1.0703915489022713,-0.29255307942742337,-0.008710521467504728,0.6666666666666666,0.7332225427023515,-0.21904265790747246,0.7737833287071789,0.4722222222222221
cap300_composite,25.0,2021-04-30_2022-03-31,12,0.7790652844690966,0.2056999327796627,0.7790652844690966,0.2056999327796627,0.5733653516894339,0.5162807757963643,1.363773703085685,-0.29255307942742337,-0.008710521467504728,0.75,0.9850292132307539,-0.3221629264794464,1.0999562882563483,0.4722222222222221
cap300_composite,25.0,2021-05-31_2022-04-30,12,1.0056765867240047,0.20202014645819677,1.0056765867240047,0.20202014645819677,0.803656440265808,0.5326035058781542,1.5743922070208625,-0.2925530794274236,-0.011058901373715124,0.75,1.1946547773113279,-1.3735244024384055,1.8528398024231607,0.44444444444444436
cap300_composite,25.0,2021-06-30_2022-05-31,12,0.3369845979303241,0.1547230806668567,0.3369845979303241,0.1547230806668567,0.1822615172634674,0.6199442654861331,0.7521116664489129,-0.29255307942742337,-0.04389760737316839,0.6666666666666666,0.5259016134151319,1.9004190134744328,0.20272524529885616,0.44444444444444436
cap300_composite,25.0,2021-07-31_2022-06-30,12,-0.18613014237613246,0.14515293481688385,-0.18613014237613246,0.14515293481688385,-0.3312830771930163,0.5060312482793683,-0.15868407275893978,-0.36708262960759463,-0.04389760737316839,0.5833333333333334,-0.44887815949256615,1.924401615037256,-0.29746123677718095,0.4444444444444444
cap300_composite,25.0,2021-08-31_2022-07-31,12,-0.3642276664882864,0.16719366722844042,-0.3642276664882864,0.16719366722844042,-0.5314213337167268,0.5410292592930008,-0.5611522406601726,-0.4954771887407382,-0.04389760737316839,0.5,-0.8668343451408457,1.1494705625814818,-0.3910228232594153,0.47222222222222227
cap300_composite,25.0,2021-09-30_2022-08-31,12,-0.14286338683903665,0.11990803732841937,-0.14286338683903665,0.11990803732841937,-0.262771424167456,0.5064542943720471,-0.05743571812990471,-0.4954771887407382,-0.04389760737316817,0.5833333333333334,-0.2927976188999689,0.9750155992001012,-0.1342647340999491,0.47222222222222227
cap300_composite,25.0,2021-10-31_2022-09-30,12,-0.1561712053307568,0.07700156092153554,-0.1561712053307568,0.07700156092153554,-0.23317276625229233,0.5077371491070298,-0.0867874605373057,-0.4954771887407382,-0.04389760737316828,0.5833333333333334,-0.24398099684199973,1.5331980670215761,-0.15058060375948756,0.4444444444444444
cap300_composite,25.0,2021-11-30_2022-10-31,12,-0.14924433224281808,0.0837751064100245,-0.14924433224281808,0.0837751064100245,-0.23301943865284258,0.5084699660533738,-0.06999014591666072,-0.4954771887407382,-0.04389760737316839,0.5833333333333334,-0.23933549187318073,1.6093551820277203,-0.15694682111082858,0.4444444444444444
cap300_composite,25.0,2021-12-31_2022-11-30,12,0.3477797282093016,0.04089310124175727,0.3477797282093016,0.04089310124175727,0.3068866269675443,0.6518570206588467,0.7526882886445255,-0.4954771887407382,-0.052330809109684795,0.6666666666666666,0.6686050262743648,-1.1096500442761605,0.6938759953457065,0.44444444444444436
cap300_composite,25.0,2022-01-31_2022-12-31,12,0.22551662875784118,0.03139589518781816,0.22551662875784118,0.03139589518781816,0.19412073357002302,0.6535976858233077,0.601496017741794,-0.4954771887407382,-0.0538908420070876,0.5833333333333334,0.5353914416946598,-1.0892836525292622,0.5262605076078479,0.49999999999999994
cap300_composite,25.0,2022-02-28_2023-01-31,12,0.380160609077401,-0.006523085673795559,0.380160609077401,-0.006523085673795559,0.38668369475119657,0.700636716479761,0.770784894909775,-0.4954771887407383,-0.053890842007087936,0.5833333333333334,0.7527662097173144,-2.3630883108025134,0.6805973773369758,0.5555555555555555
cap300_composite,25.0,2022-03-31_2023-02-28,12,0.19009493956708856,-0.03763942955797195,0.19009493956708856,-0.03763942955797195,0.2277343691250605,0.7139083407158139,0.5535229696893454,-0.4954771887407383,-0.05860315994470999,0.5,0.5869920645075767,-2.76586186845242,0.338493355699941,0.5555555555555555
cap300_composite,25.0,2022-04-30_2023-03-31,12,0.04176970696695026,-0.0433257664262765,0.04176970696695026,-0.0433257664262765,0.08509547339322676,0.7053514862396814,0.3593053060939535,-0.4954771887407382,-0.052003665957635614,0.4166666666666667,0.40420061128989676,-3.8159326266140434,0.09636447615564858,0.611111111111111
cap300_composite,25.0,2022-05-31_2023-04-30,12,-0.3457027726594789,-0.07213752035282106,-0.3457027726594789,-0.07213752035282106,-0.27356525230665785,0.7283135268990214,-0.25966481618794063,-0.3251827925064107,-0.07596598010903766,0.3333333333333333,-0.1584115487669483,-0.9149998127848398,-0.2272060141548763,0.6388888888888888
cap300_composite,25.0,2022-06-30_2023-05-31,12,-0.11301274186324284,-0.0361282154897381,-0.11301274186324284,-0.0361282154897381,-0.07688452637350474,0.6796563205572463,0.11120244799040892,-0.3251827925064106,-0.07596598010903755,0.4166666666666667,0.15677686534052523,-2.648502052399642,-0.015619141805047865,0.6944444444444443
cap300_composite,25.0,2022-07-31_2023-06-30,12,0.2259156639059503,-0.0028433046031512976,0.2259156639059503,-0.0028433046031512976,0.2287589685091016,0.6759877287173377,0.5924822599593921,-0.3251827925064108,-0.07596598010903743,0.5,0.582084916163516,-0.6742524311017739,0.4831044033743488,0.6944444444444445
cap300_composite,25.0,2022-08-31_2023-07-31,12,0.563456453132188,-0.031389184091800915,0.563456453132188,-0.031389184091800915,0.5948456372239889,0.6261028543369174,0.990241477141203,-0.3251827925064106,-0.0655917893195096,0.5833333333333334,1.041428303910523,0.7973785523084392,0.871444870731815,0.6666666666666666
cap300_composite,25.0,2022-09-30_2023-08-31,12,0.760245746526967,-0.014331580574544756,0.760245746526967,-0.014331580574544756,0.7745773271015117,0.6427990235277867,1.172654795977072,-0.3251827925064106,-0.06559178931950937,0.5833333333333334,1.196860691782931,0.8635626990704893,1.0976785824991735,0.6388888888888888
cap300_composite,25.0,2022-10-31_2023-09-30,12,0.7288962668492718,-0.04883569016310929,0.7288962668492718,-0.04883569016310929,0.7777319570123811,0.6462605089936603,1.1402033739916728,-0.3251827925064107,-0.06327241269436523,0.5833333333333334,1.23248933707587,1.6189829453788287,1.1970410913137655,0.6944444444444443
cap300_composite,25.0,2022-11-30_2023-10-31,12,0.6668445143831376,-8.074453772832779e-05,0.6668445143831376,-8.074453772832779e-05,0.666925258920866,0.6486123338011763,1.0784552550667623,-0.3251827925064107,-0.04084242285001627,0.5,1.0775179188284387,0.7253884308213144,0.9684911077855809,0.6666666666666666
cap300_composite,25.0,2022-12-31_2023-11-30,12,-0.20478945846139462,0.06162621592425688,-0.20478945846139462,0.06162621592425688,-0.2664156743856515,0.6142114537354683,-0.07604304358727937,-0.37943802687628336,-0.04084242285001627,0.4166666666666667,-0.18362053774353104,1.5946101646572153,-0.13833072279446845,0.6666666666666666
cap300_composite,25.0,2023-01-31_2023-12-31,12,-0.18470375677814732,0.05389394652891433,-0.18470375677814732,0.05389394652891433,-0.23859770330706165,0.613886721268671,-0.03586864653309279,-0.37943802687628303,-0.04084242285001627,0.5,-0.13033639520226098,1.5344735052414962,-0.10308297199160577,0.638888888888889
cap300_composite,25.0,2023-02-28_2024-01-31,12,-0.4264949203624888,0.06910062416905749,-0.4264949203624888,0.06910062416905749,-0.4955955445315463,0.5124263537852863,-0.8017633348284362,-0.4109264896932001,-0.04084242285001627,0.4166666666666667,-0.9745824546950674,1.6516139650169874,-0.4169632416653267,0.6111111111111112
cap300_composite,25.0,2023-03-31_2024-02-29,12,-0.23550101558172554,0.07105311702696282,-0.23550101558172554,0.07105311702696282,-0.30655413260868836,0.5614310610683139,-0.19368636157740046,-0.4109264896932002,-0.04084242285001627,0.5,-0.3290304430685328,1.2422229986622424,-0.18163343526277398,0.6666666666666666
cap300_composite,25.0,2023-04-30_2024-03-31,12,-0.22699761900077775,0.04605177038880415,-0.22699761900077775,0.04605177038880415,-0.2730493893895819,0.5616369363723134,-0.17390146043748583,-0.4109264896932,-0.028914327222309355,0.5833333333333334,-0.2655183680157677,1.204805371984301,-0.14567570906064387,0.611111111111111
cap300_composite,25.0,2023-05-31_2024-04-30,12,-0.06859066489905463,0.05087612226469651,-0.06859066489905463,0.05087612226469651,-0.11946678716375114,0.5071262651302322,0.10938566951882765,-0.4109264896932,-0.04720745865673304,0.5833333333333334,0.0044754956313460175,0.21738744524745543,0.04480546053659684,0.5833333333333333
cap300_composite,25.0,2023-06-30_2024-05-31,12,-0.016181649145766253,0.06029804021364593,-0.016181649145766253,0.06029804021364593,-0.07647968935941218,0.5108246458808695,0.21973667102768943,-0.4109264896932001,-0.04720745865673304,0.5833333333333334,0.09738523702514539,0.2863587378077872,0.09863563378714546,0.5555555555555555
cap300_composite,25.0,2023-07-31_2024-06-30,12,-0.15133535358429095,0.046802268590376395,-0.15133535358429095,0.046802268590376395,-0.19813762217466735,0.4780760812114961,-0.10293384798876486,-0.4109264896932001,-0.04720745865673304,0.5,-0.19873529072370588,-0.6247915896995895,-0.01847145685226781,0.49999999999999994
cap300_composite,25.0,2023-08-31_2024-07-31,12,-0.19038698097996065,0.10318514893952901,-0.19038698097996065,0.10318514893952901,-0.29357212991948967,0.47815285569222044,-0.20075254798816394,-0.4109264896932,-0.04720745865673315,0.4166666666666667,-0.3984615754532205,-0.5732728924619219,-0.03633669880464252,0.5277777777777778
cap300_composite,25.0,2023-09-30_2024-08-31,12,-0.2429673986087626,0.08473288946892565,-0.2429673986087626,0.08473288946892565,-0.32770028807768825,0.447165594515184,-0.38847151520804407,-0.37084339417423806,-0.04720745865673315,0.4166666666666667,-0.5488376178919216,-0.6858904743110582,-0.10870549059350154,0.5555555555555556
cap300_composite,25.0,2023-10-31_2024-09-30,12,-0.11291504281998122,0.12170948346779942,-0.11291504281998122,0.12170948346779942,-0.23462452628778063,0.45516705946018043,-0.029603606711279793,-0.37084339417423806,-0.047207458656732815,0.5,-0.2739619080083206,-1.0804724810888007,0.1219117335319917,0.5555555555555556
cap300_composite,25.0,2023-11-30_2024-10-31,12,-0.2284970786589814,0.004734660022875703,-0.2284970786589814,0.004734660022875703,-0.2332317386818571,0.4720961572903558,-0.3055852782299337,-0.126977859267273,-0.07254414974326939,0.5,-0.3167707714505774,-0.12514646437365073,-0.13399226917052354,0.5277777777777778
cap300_composite,25.0,2023-12-31_2024-11-30,12,0.24146448745636517,-0.026522408525777696,0.24146448745636517,-0.026522408525777696,0.26798689598214287,0.341902986726178,0.7909608175261589,-0.1269778592672729,-0.07702368625268241,0.5833333333333334,0.8735236978729408,0.7273560912695513,0.32706487285104946,0.5833333333333334
cap300_composite,25.0,2024-01-31_2024-12-31,12,0.4366983979652226,-0.013699490369203038,0.4366983979652226,-0.013699490369203038,0.4503978883344256,0.36701057056774444,1.1662315645596228,-0.126977859267273,-0.07702368625268208,0.5833333333333334,1.2179159722989619,0.7799782688459644,0.5329480865503078,0.5555555555555555
cap300_composite,25.0,2024-02-29_2025-01-31,12,0.32458880136089374,-0.14290566323586873,0.32458880136089374,-0.14290566323586873,0.46749446459676247,0.397093924935419,0.8966470659152849,-0.14971030385403472,-0.18252959118595857,0.5833333333333334,1.46690397484709,1.388312443017766,0.7168985882174936,0.5555555555555555
cap300_composite,25.0,2024-03-31_2025-02-28,12,-0.07132694639561599,-0.10676537761977256,-0.07132694639561599,-0.10676537761977256,0.035438431224156575,0.383033021871448,-0.014059672489387514,-0.2791227813008379,-0.1825295911859588,0.5,0.2648404754993449,0.8730501480128589,0.0848444225664493,0.5277777777777778
cap300_composite,25.0,2024-04-30_2025-03-31,12,0.01732668433840101,-0.06461005552580057,0.01732668433840101,-0.06461005552580057,0.08193673986420158,0.39674239718391074,0.2286080904431143,-0.2791227813008379,-0.18252959118595868,0.5,0.3982186329000424,0.9759136169544612,0.15201158394095815,0.5277777777777778
cap300_composite,25.0,2024-05-31_2025-04-30,12,0.06841332280218593,0.02942056800377868,0.06841332280218593,0.02942056800377868,0.03899275479840725,0.385852763023102,0.35224854847542764,-0.279122781300838,-0.18252959118595857,0.5,0.24476127604877726,0.6225057547098656,0.11413060415181753,0.5277777777777778
cap300_composite,25.0,2024-06-30_2025-05-31,12,-0.10455126596376207,-0.019239253194651806,-0.10455126596376207,-0.019239253194651806,-0.08531201276911027,0.39768950797662994,-0.0920825744103032,-0.3286040285789913,-0.18252959118595835,0.4166666666666667,-0.08590606201022431,0.7084162471858296,-0.033297381737222964,0.5277777777777778
cap300_composite,25.0,2024-07-31_2025-06-30,12,-0.1091991735401533,0.03150250800801424,-0.1091991735401533,0.03150250800801424,-0.14070168154816753,0.3974805701070036,-0.10537031415847384,-0.3286040285789914,-0.1825295911859589,0.4166666666666667,-0.23566696610725765,0.6120745990691134,-0.06966046849535501,0.5833333333333334
cap300_composite,25.0,2024-08-31_2025-07-31,12,-0.16714704488854493,0.02082724764079913,-0.16714704488854493,0.02082724764079913,-0.18797429252934406,0.40699152404783795,-0.2579222616261612,-0.3859948024204536,-0.1720911800730176,0.4166666666666667,-0.3567920591413878,0.560237694436196,-0.11932750073668963,0.5833333333333334
cap300_composite,25.0,2024-09-30_2025-08-31,12,0.5612008891189013,0.07082064647411035,0.5612008891189013,0.07082064647411035,0.49038024264479096,1.18152626301719,0.7393919955025466,-0.3859948024204535,-0.1720911800730176,0.4166666666666667,0.6825232474929727,1.3718122042975553,1.080068568782551,0.6111111111111112
cap300_composite,25.0,2024-10-31_2025-09-30,12,0.5047816615933116,0.07787885846139209,0.5047816615933116,0.07787885846139209,0.42690280313191953,1.1814509041469794,0.7060072518910289,-0.3859948024204535,-0.11858833109117162,0.4166666666666667,0.6425349843835401,1.3689076944425935,0.9874453159374861,0.6111111111111112
cap300_composite,25.0,2024-11-30_2025-10-31,12,1.4699877659447989,0.1960061542824556,1.4699877659447989,0.1960061542824556,1.2739816116623432,1.212163389640637,1.150085896475843,-0.38599480242045336,-0.11795970406671652,0.5,1.0084331765220624,1.3781959526445275,1.92868064880252,0.638888888888889
cap300_composite,25.0,2024-12-31_2025-11-30,12,1.5334004067261167,0.22133541890163522,1.5334004067261167,0.22133541890163522,1.3120649878244814,1.2119657779065498,1.1734790857592923,-0.3859948024204535,-0.11795970406671652,0.5,1.0143449777844318,1.3842853522962693,1.9226788620218378,0.5833333333333334
cap300_composite,25.0,2025-01-31_2025-12-31,12,0.8127859115596221,0.17166648362633885,0.8127859115596221,0.17166648362633885,0.6411194279332832,1.2442094576704743,0.8779513500468503,-0.27788705383283496,-0.03669877287899381,0.4166666666666667,0.7581122936366411,1.7435910295427286,1.1396660514766834,0.6111111111111112
cap300_composite,25.0,2025-02-28_2026-01-31,12,0.6944753062598421,0.31334945156909844,0.6944753062598421,0.31334945156909844,0.38112585469074367,1.2570938166048118,0.82480846628784,-0.34047646797053144,-0.04758367670999886,0.4166666666666667,0.6105988587335577,2.259922566476549,0.47897663631775567,0.6111111111111112
cap300_composite,25.0,2025-03-31_2026-02-28,12,0.49227389580412484,0.08257309459079365,0.49227389580412484,0.08257309459079365,0.4097008012133312,1.2818684761678456,0.7299450791768155,-0.5075773981916893,-0.18488813271044613,0.4166666666666667,0.6850676312778694,2.3141374517957543,0.9810940816796798,0.638888888888889
cap300_composite,25.0,2025-04-30_2026-03-31,12,0.43448447836292803,0.028079656548997578,0.43448447836292803,0.028079656548997578,0.40640482181393045,1.2816851070352246,0.6967350574790249,-0.5075773981916893,-0.19546042589812018,0.4166666666666667,0.6929656244089378,2.343383192357577,1.1300269564761027,0.6666666666666666
cap300_composite,25.0,2025-05-31_2026-04-30,12,0.1515553651624415,-0.14610708694572017,0.1515553651624415,-0.14610708694572017,0.29766245210816167,1.3152563567571802,0.5371400897688762,-0.6037880622926936,-0.29138146686445754,0.4166666666666667,0.686700513986138,2.79088919564975,1.7969609496545798,0.6944444444444445
cap300_composite,25.0,2025-06-30_2026-05-31,12,0.44134910863753896,-0.18541351506394133,0.44134910863753896,-0.18541351506394133,0.6267626237014803,1.303530005127196,0.7144157979542249,-0.6037880622926936,-0.34737666250868915,0.5,0.9106368092158127,2.4443368526132097,2.6321242558473483,0.638888888888889
cap300_composite,25.0,2025-07-31_2026-06-30,12,0.46867707802948044,-0.1667764227923394,0.46867707802948044,-0.1667764227923394,0.6354535008218198,1.3025650839586838,0.7296256327370767,-0.6037880622926936,-0.34737666250868904,0.5,0.9054130591181215,2.2292880324195337,2.398422200310322,0.611111111111111
cap300_composite,25.0,2025-08-31_2026-07-31,11,0.6197136322187742,-0.20361006057922837,0.6923028162738945,-0.2199234939209873,0.9122263101948818,1.3518185435385075,0.8422059331274291,-0.6037880622926937,-0.34737666250868904,0.5454545454545454,1.0845745321285458,2.594120694227205,3.893565466654744,0.606060606060606
cap300_rank_ridge,25.0,2019-01-31_2019-12-31,12,-0.04446059062867147,-0.0907583313333864,-0.04446059062867147,-0.0907583313333864,0.04629774070471493,0.10845030693698036,-0.3689709818760842,-0.08055539786199917,-0.08173242622854304,0.6666666666666666,0.5470178325115548,0.667948617132248,0.020394109682314587,0.5
cap300_rank_ridge,25.0,2019-02-28_2020-01-31,12,-0.08525587380008115,-0.15374678206850467,-0.08525587380008115,-0.15374678206850467,0.06849090826842352,0.11521105032377357,-0.7178866576090642,-0.11980966883897737,-0.157070533612218,0.6666666666666666,0.7736502296839236,0.618015786806998,0.01534369453124973,0.5555555555555556
cap300_rank_ridge,25.0,2019-03-31_2020-02-29,12,-0.06931497084508798,-0.2983301643039218,-0.06931497084508798,-0.2983301643039218,0.2290151934588338,0.11764069579369582,-0.5549257447888164,-0.11980966883897737,-0.2968733323797681,0.75,1.3063234654731088,0.14726763503871998,-0.01655532988832309,0.6111111111111112
cap300_rank_ridge,25.0,2019-04-30_2020-03-31,12,-0.13563144624307322,-0.26938100433105683,-0.13563144624307322,-0.26938100433105683,0.1337495580879836,0.13442813836003067,-1.015690645552435,-0.16828234061794067,-0.2897384073692094,0.6666666666666666,0.6290866819232455,0.023906229523875056,-0.12220104160155554,0.6944444444444445
cap300_rank_ridge,25.0,2019-05-31_2020-04-30,12,-0.12317327285932533,-0.23441422140073764,-0.12317327285932533,-0.23441422140073764,0.11124094854141231,0.13651543226967444,-0.8945828802376885,-0.16828234061794067,-0.2897384073692094,0.6666666666666666,0.5017216424301043,0.046935403437092536,-0.1052781143810847,0.75
cap300_rank_ridge,25.0,2019-06-30_2020-05-31,12,-0.1438543376479332,-0.22854562482453433,-0.1438543376479332,-0.22854562482453433,0.08469128717660113,0.1396604858613199,-1.0404978683070043,-0.18996271809631582,-0.2897384073692095,0.6666666666666666,0.35923105116863446,0.015242587080317338,-0.1328808087216985,0.6944444444444445
cap300_rank_ridge,25.0,2019-07-31_2020-06-30,12,-0.14587874643029763,-0.1941752572672133,-0.14587874643029763,-0.1941752572672133,0.04829651083691566,0.13920940187398903,-1.0610768474727543,-0.1899627180963156,-0.2827760862119635,0.5833333333333334,0.1672989594047098,0.03566400587025643,-0.13217352141590322,0.7222222222222222
cap300_rank_ridge,25.0,2019-08-31_2020-07-31,12,-0.13368484746973386,-0.1722348942847023,-0.13368484746973386,-0.1722348942847023,0.03855004681496843,0.14069636158073054,-0.948938429452876,-0.1899627180963157,-0.27948217627529803,0.5,0.11688771777738918,0.048626621033222864,-0.11859435539589713,0.7222222222222222
cap300_rank_ridge,25.0,2019-09-30_2020-08-31,12,-0.11236714996223407,-0.21057570090232802,-0.11236714996223407,-0.21057570090232802,0.09820855094009395,0.14151675880445375,-0.7726518647249203,-0.18996271809631549,-0.27948217627529803,0.5,0.3739650735291397,0.02547444039382645,-0.09921509638147896,0.6944444444444445
cap300_rank_ridge,25.0,2019-10-31_2020-09-30,12,-0.19713590379964585,-0.1766274605970889,-0.19713590379964585,-0.1766274605970889,-0.02050844320255696,0.11522417311696756,-1.8341118840394597,-0.18279098354108236,-0.2794821762752979,0.4166666666666667,-0.16897125946076139,-0.04251884238233717,-0.19776876548226052,0.7222222222222222
cap300_rank_ridge,25.0,2019-11-30_2020-10-31,12,-0.05472891108187794,-0.06643817837031618,-0.05472891108187794,-0.06643817837031618,0.011709267288438241,0.19171843399537813,-0.2080576082114503,-0.18279098354108236,-0.2794821762752979,0.4166666666666667,-0.014767552643467994,0.19940922673473027,-0.032267508442170745,0.75
cap300_rank_ridge,25.0,2019-12-31_2020-11-30,12,0.05165805477469698,-0.050871312509224054,0.05165805477469698,-0.050871312509224054,0.10252936728392104,0.2340280464089701,0.3183623599763636,-0.12679448622196465,-0.2358764964179022,0.5,0.3272205571384126,0.31720609745544914,0.08333416767794377,0.7777777777777777
cap300_rank_ridge,25.0,2020-01-31_2020-12-31,12,0.14581177627098096,-0.013079995771551722,0.14581177627098096,-0.013079995771551722,0.1588917720425327,0.22120432536278758,0.7155976509449863,-0.10347512342291176,-0.16758179221927783,0.5833333333333334,0.488308694358182,0.26032535063578527,0.16452472669755935,0.7777777777777777
cap300_rank_ridge,25.0,2020-02-29_2021-01-31,12,0.2212382897383962,0.14471568274700242,0.2212382897383962,0.14471568274700242,0.0765226069913938,0.21264721399544223,1.0407419859474987,-0.10347512342291176,-0.07033476780972703,0.5,0.19191027001892375,0.1942836903096204,0.2063310150850275,0.7777777777777777
cap300_rank_ridge,25.0,2020-03-31_2021-02-28,12,0.23313807542771814,0.3187076559568369,0.23313807542771814,0.3187076559568369,-0.08556958052911878,0.21282656470739225,1.0864467145144707,-0.04840688009572258,-0.07033476780972703,0.5,-0.2722186790891437,0.4021544134143692,0.11968308066496824,0.8055555555555555
cap300_rank_ridge,25.0,2020-04-30_2021-03-31,12,0.32862677492595416,0.2712264885896778,0.32862677492595416,0.2712264885896778,0.05740028633627636,0.19042848925498232,1.5918969952561217,-0.04840688009572258,-0.07033476780972714,0.5,0.24771967389295627,0.4765153651004725,0.19747184983264,0.8055555555555555
cap300_rank_ridge,25.0,2020-05-31_2021-04-30,12,0.2972941585997948,0.2511461011810818,0.2972941585997948,0.2511461011810818,0.04614805741871297,0.19339481269667272,1.4437819211045844,-0.034021641304688766,-0.07033476780972703,0.4166666666666667,0.20638512582559806,0.4966023933505466,0.17277009658428333,0.8333333333333331
cap300_rank_ridge,25.0,2020-06-30_2021-05-31,12,0.3112862330945523,0.22018559574957508,0.3112862330945523,0.22018559574957508,0.0911006373449772,0.1899513170379737,1.5244701898978967,-0.03877825616775521,-0.07033476780972703,0.4166666666666667,0.41787437925921145,0.5537788510289364,0.18535311433470825,0.861111111111111
cap300_rank_ridge,25.0,2020-07-31_2021-06-30,12,0.30917039253915446,0.1787337447456181,0.30917039253915446,0.1787337447456181,0.13043664779353636,0.1900844220642841,1.5148235337735378,-0.03877825616775521,-0.07033476780972703,0.4166666666666667,0.62663591031447,0.5974650058676658,0.197496755072887,0.861111111111111
cap300_rank_ridge,25.0,2020-08-31_2021-07-31,12,0.09523780649839053,0.17406019021811336,0.09523780649839053,0.17406019021811336,-0.07882238371972283,0.26223577757221067,0.46939762780456573,-0.18143636234102856,-0.0471551797914731,0.4166666666666667,-0.2029897949325684,0.6083648756875388,0.01739278154977697,0.861111111111111
cap300_rank_ridge,25.0,2020-09-30_2021-08-31,12,-0.14396730437473337,0.29094300690606567,-0.14396730437473337,0.29094300690606567,-0.43491031128079904,0.3448877298027627,-0.2803813302495887,-0.35614796943564275,-0.0471551797914731,0.3333333333333333,-1.119720744692966,0.8633863868308936,-0.28204215569487834,0.8888888888888887
cap300_rank_ridge,25.0,2020-10-31_2021-09-30,12,-0.062293261588911686,0.285307502281577,-0.062293261588911686,0.285307502281577,-0.34760076387048866,0.34960107317980443,-0.012975150912336572,-0.35614796943564264,-0.04715517979147299,0.4166666666666667,-0.8318613118439643,1.0275612250445771,-0.24183146720640436,0.8888888888888887
cap300_rank_ridge,25.0,2020-11-30_2021-10-31,12,-0.08226401575085651,0.164192612882329,-0.08226401575085651,0.164192612882329,-0.24645662863318551,0.33983755991452524,-0.084667266963842,-0.35614796943564253,-0.04715517979147299,0.4166666666666667,-0.5411196569416342,0.3190375916949234,-0.07660646745949096,0.861111111111111
cap300_rank_ridge,25.0,2020-12-31_2021-11-30,12,-0.18214081302435114,0.10075285366229347,-0.18214081302435114,0.10075285366229347,-0.2828936666866446,0.3080051541396973,-0.4929748828096244,-0.35614796943564264,-0.04715517979147321,0.4166666666666667,-0.7518017394532965,-0.4316957320627934,-0.1031255875182403,0.861111111111111
cap300_rank_ridge,25.0,2021-01-31_2021-12-31,12,-0.20509003268802384,0.1311417024200292,-0.20509003268802384,0.1311417024200292,-0.33623173510805304,0.30605331043539735,-0.5896050565657732,-0.35614796943564275,-0.04715517979147299,0.3333333333333333,-0.9351639260507794,-0.356759517558905,-0.1268213787052329,0.8333333333333331
cap300_rank_ridge,25.0,2021-02-28_2022-01-31,12,-0.19196548399456892,0.1035559333431273,-0.19196548399456892,0.1035559333431273,-0.2955214173376962,0.30862949516440064,-0.5300992923594742,-0.35614796943564264,-0.008710521467504728,0.3333333333333333,-0.8049720115618808,-0.5608065412107588,-0.1014406763536323,0.8055555555555555
cap300_rank_ridge,25.0,2021-03-31_2022-02-28,12,-0.19512260888240318,0.1814244316261513,-0.19512260888240318,0.1814244316261513,-0.3765470405085545,0.30807374789983977,-0.5440848749110603,-0.35614796943564275,-0.008710521467504728,0.25,-1.0675584092863775,-0.16468408780403979,-0.13109531620682913,0.75
cap300_rank_ridge,25.0,2021-04-30_2022-03-31,12,-0.19523160572538156,0.2056999327796627,-0.19523160572538156,0.2056999327796627,-0.40093153850504426,0.3080667571983259,-0.5445370939407403,-0.34996642863681005,-0.008710521467504728,0.25,-1.137703907356607,-0.07717442376251028,-0.1427864032930315,0.6944444444444443
cap300_rank_ridge,25.0,2021-05-31_2022-04-30,12,-0.19733210151454894,0.20202014645819677,-0.19733210151454894,0.20202014645819677,-0.3993522479727457,0.3080366824196182,-0.5529829021277798,-0.3361682489828851,-0.011058901373715124,0.25,-1.136139764823793,-0.0571332373871061,-0.14847191973370577,0.6944444444444443
cap300_rank_ridge,25.0,2021-06-30_2022-05-31,12,-0.19221378717042992,0.1547230806668567,-0.19221378717042992,0.1547230806668567,-0.3469368678372866,0.30776221123809,-0.5333689851905122,-0.3361682489828851,-0.04389760737316839,0.3333333333333333,-0.9832563664276429,0.024478285469300087,-0.15544402921289002,0.6666666666666666
cap300_rank_ridge,25.0,2021-07-31_2022-06-30,12,-0.22971486903376548,0.14515293481688385,-0.22971486903376548,0.14515293481688385,-0.37486780385064933,0.30755623587769443,-0.6860357938669032,-0.21343680449118851,-0.04389760737316839,0.3333333333333333,-1.1060476052640658,0.03945882173548935,-0.19624302621405476,0.611111111111111
cap300_rank_ridge,25.0,2021-08-31_2022-07-31,12,-0.10797399126072471,0.16719366722844042,-0.10797399126072471,0.16719366722844042,-0.27516765848916513,0.2684953694431706,-0.2890510695604005,-0.09268298830474653,-0.04389760737316839,0.3333333333333333,-0.8438509648566326,0.020353625691417975,-0.07790749467861702,0.611111111111111
cap300_rank_ridge,25.0,2021-09-30_2022-08-31,12,0.05827905984529558,0.11990803732841937,0.05827905984529558,0.11990803732841937,-0.06162897748312379,0.16547404991274586,0.4169133721453652,-0.15332768230878047,-0.04389760737316817,0.3333333333333333,-0.30409623228614585,0.6550388562424775,-0.0077232028323660495,0.5833333333333333
cap300_rank_ridge,25.0,2021-10-31_2022-09-30,12,0.03767284182667363,0.07700156092153554,0.03767284182667363,0.07700156092153554,-0.03932871909486191,0.1595334488770614,0.3032893047936883,-0.15332768230878047,-0.04389760737316828,0.3333333333333333,-0.17718243537925712,0.4464500938450301,0.014105504606736874,0.5555555555555555
cap300_rank_ridge,25.0,2021-11-30_2022-10-31,12,-0.007529033904714044,0.0837751064100245,-0.007529033904714044,0.0837751064100245,-0.09130414031473855,0.12722680139357856,-0.001042741751352426,-0.15332768230878036,-0.04389760737316839,0.3333333333333333,-0.7011046652046247,0.6877949529773727,-0.055885400418204556,0.5555555555555556
cap300_rank_ridge,25.0,2021-12-31_2022-11-30,12,-0.011382559999956743,0.04089310124175727,-0.011382559999956743,0.04089310124175727,-0.05227566124171401,0.1270265719438053,-0.031847655665809896,-0.15332768230878047,-0.052330809109684795,0.3333333333333333,-0.37471838957199577,0.5091550728788617,-0.025813758552352573,0.5555555555555556
cap300_rank_ridge,25.0,2022-01-31_2022-12-31,12,0.024336624835700205,0.03139589518781816,0.024336624835700205,0.03139589518781816,-0.007059270352117952,0.12940201973117996,0.24544836295861694,-0.15332768230878047,-0.0538908420070876,0.4166666666666667,-0.01858689290053759,0.49606726309407334,0.01491151806029234,0.5277777777777778
cap300_rank_ridge,25.0,2022-02-28_2023-01-31,12,0.0048509422810731895,-0.006523085673795559,0.0048509422810731895,-0.006523085673795559,0.011374027954868748,0.12509202100221534,0.09618277154487956,-0.15332768230878047,-0.053890842007087936,0.5,0.12279681255713143,0.3692664872294215,0.013599835334377808,0.5555555555555556
cap300_rank_ridge,25.0,2022-03-31_2023-02-28,12,-0.007303733183509298,-0.03763942955797195,-0.007303733183509298,-0.03763942955797195,0.03033569637446265,0.12328152857807244,-0.002810300863338209,-0.15332768230878047,-0.05860315994470999,0.5833333333333334,0.27256662875174076,0.2760095843919099,0.0096803298437389,0.5277777777777778
cap300_rank_ridge,25.0,2022-04-30_2023-03-31,12,-0.028807303634919568,-0.0433257664262765,-0.028807303634919568,-0.0433257664262765,0.014518462791356934,0.12506713653943716,-0.17606264599897495,-0.14296196712470677,-0.052003665957635614,0.5833333333333334,0.14901303473098165,0.18652593125206285,-0.014054413192752246,0.5555555555555556
cap300_rank_ridge,25.0,2022-05-31_2023-04-30,12,-0.03788030578155699,-0.07213752035282106,-0.03788030578155699,-0.07213752035282106,0.03425721457126407,0.12622820872173218,-0.24755784461343117,-0.12246135767722177,-0.07596598010903766,0.6666666666666666,0.2982569495694465,0.2612249594507551,-0.012370704645942365,0.5555555555555556
cap300_rank_ridge,25.0,2022-06-30_2023-05-31,12,0.03812209070568895,-0.0361282154897381,0.03812209070568895,-0.0361282154897381,0.07425030619542705,0.13561551183367407,0.3384607170237866,-0.08797507167168284,-0.07596598010903755,0.6666666666666666,0.557405692810325,0.25496627075051964,0.056082872252357197,0.5833333333333334
cap300_rank_ridge,25.0,2022-07-31_2023-06-30,12,0.0959185645987517,-0.0028433046031512976,0.0959185645987517,-0.0028433046031512976,0.098761869201903,0.1280416079432311,0.7768520778010608,-0.06683958662995182,-0.07596598010903743,0.6666666666666666,0.7182120268988365,0.30106664204928935,0.10404834060913348,0.6111111111111112
cap300_rank_ridge,25.0,2022-08-31_2023-07-31,12,0.15550643806633224,-0.031389184091800915,0.15550643806633224,-0.031389184091800915,0.18689562215813316,0.1250259576615263,1.22062991247308,-0.04201945728235734,-0.0655917893195096,0.75,1.513920786120058,0.6078931583404037,0.18439166116229377,0.5833333333333334
cap300_rank_ridge,25.0,2022-09-30_2023-08-31,12,0.262461492188228,-0.014331580574544756,0.262461492188228,-0.014331580574544756,0.27679307276277276,0.08999572170195515,2.6555136190200987,-0.04201945728235723,-0.06559178931950937,0.8333333333333334,2.542747440974612,0.3413561334052192,0.27209441994025463,0.6111111111111112
cap300_rank_ridge,25.0,2022-10-31_2023-09-30,12,0.16497669361137723,-0.04883569016310929,0.16497669361137723,-0.04883569016310929,0.21381238377448653,0.10694556166853046,1.4855049215691807,-0.042577949304364426,-0.06327241269436523,0.75,1.9717557751926473,0.5437647080933238,0.20105527102891863,0.5833333333333334
cap300_rank_ridge,25.0,2022-11-30_2023-10-31,12,0.10266991214638299,-8.074453772832779e-05,0.10266991214638299,-8.074453772832779e-05,0.10275065668411132,0.09064040941159524,1.1241571414053655,-0.042577949304364315,-0.04084242285001627,0.6666666666666666,0.9484432408856625,0.354036169806922,0.1053150467910815,0.611111111111111
cap300_rank_ridge,25.0,2022-12-31_2023-11-30,12,0.016827628035104514,0.06162621592425688,0.016827628035104514,0.06162621592425688,-0.044798587889152364,0.12295141784355255,0.19313482258382214,-0.1063771896331619,-0.04084242285001627,0.5833333333333334,-0.2729805133685022,0.10861206670276484,0.01698008615104296,0.5833333333333334
cap300_rank_ridge,25.0,2023-01-31_2023-12-31,12,-0.020063433230930516,0.05389394652891433,-0.020063433230930516,0.05389394652891433,-0.07395737975984484,0.12034506740380878,-0.11224947307939552,-0.11567048325529827,-0.04084242285001627,0.5,-0.49280396108639024,0.15114116872409572,-0.021786469308775924,0.5833333333333333
cap300_rank_ridge,25.0,2023-02-28_2024-01-31,12,-0.061178247613235204,0.06910062416905749,-0.061178247613235204,0.06910062416905749,-0.1302788717822927,0.1207310865093007,-0.46547272152184593,-0.1379978072860768,-0.04084242285001627,0.4166666666666667,-0.8868791588419762,0.1331761574216769,-0.06367066765649843,0.5833333333333334
cap300_rank_ridge,25.0,2023-03-31_2024-02-29,12,-0.06735908966869886,0.07105311702696282,-0.06735908966869886,0.07105311702696282,-0.13841220669566168,0.11997208769040278,-0.5238945516351482,-0.1379978072860768,-0.04084242285001627,0.4166666666666667,-0.956170721125689,0.14664845018382133,-0.07105707113993132,0.638888888888889
cap300_rank_ridge,25.0,2023-04-30_2024-03-31,12,-0.1105256275843467,0.04605177038880415,-0.1105256275843467,0.04605177038880415,-0.15657739797315084,0.13423276160268274,-0.8057509608650425,-0.19182512116838013,-0.028914327222309355,0.4166666666666667,-1.0645487876664674,0.2686168215833963,-0.11473901325869051,0.611111111111111
cap300_rank_ridge,25.0,2023-05-31_2024-04-30,12,-0.08778409537706622,0.05087612226469651,-0.08778409537706622,0.05087612226469651,-0.13866021764176273,0.1340613737101367,-0.6201338129300665,-0.19182512116838013,-0.04720745865673304,0.4166666666666667,-0.8870461983755087,0.12873759133919904,-0.08636288402645265,0.5833333333333334
cap300_rank_ridge,25.0,2023-06-30_2024-05-31,12,-0.11288528951924004,0.06029804021364593,-0.11288528951924004,0.06029804021364593,-0.17318332973288597,0.12236027011342879,-0.9164149463862677,-0.19182512116838035,-0.04720745865673304,0.4166666666666667,-1.2321027025492137,0.17155908163822936,-0.11612038585585571,0.5833333333333334
cap300_rank_ridge,25.0,2023-07-31_2024-06-30,12,-0.05653111633720298,0.046802268590376395,-0.05653111633720298,0.046802268590376395,-0.10333338492757937,0.15056360542139735,-0.3161895545683602,-0.19182512116838013,-0.04720745865673304,0.5,-0.6188702082152432,0.3778231992133512,-0.0641330503492904,0.5277777777777778
cap300_rank_ridge,25.0,2023-08-31_2024-07-31,12,-0.04586957315439999,0.10318514893952901,-0.04586957315439999,0.10318514893952901,-0.149054722093929,0.1538847140562529,-0.2336925211601435,-0.19182512116838013,-0.04720745865673315,0.4166666666666667,-0.9188390643577802,0.542266699523237,-0.08803698227278445,0.5277777777777778
cap300_rank_ridge,25.0,2023-09-30_2024-08-31,12,0.012848984447777934,0.08473288946892565,0.012848984447777934,0.08473288946892565,-0.07188390502114772,0.17521913836795788,0.1528482191359416,-0.1628287957056358,-0.04720745865673315,0.4166666666666667,-0.3184981435643118,0.2963393174940788,0.0012135223680755924,0.5277777777777778
cap300_rank_ridge,25.0,2023-10-31_2024-09-30,12,0.12421662085278928,0.12170948346779942,0.12421662085278928,0.12170948346779942,0.002507137384989866,0.17745976470262734,0.7441411346852788,-0.1628287957056359,-0.047207458656732815,0.5,0.06429732246783083,0.1112569975433973,0.12544853356125008,0.5555555555555556
cap300_rank_ridge,25.0,2023-11-30_2024-10-31,12,0.06732495454209086,0.004734660022875703,0.06732495454209086,0.004734660022875703,0.06259029451921516,0.18546483540975134,0.4369007489664854,-0.09561968488711836,-0.07254414974326939,0.5833333333333334,0.3709504775874538,0.4068528621189494,0.07969423588744107,0.5555555555555556
cap300_rank_ridge,25.0,2023-12-31_2024-11-30,12,0.14905031965831084,-0.026522408525777696,0.14905031965831084,-0.026522408525777696,0.17557272818408853,0.1639643320304265,0.9264799914664035,-0.08611568026521843,-0.07702368625268241,0.6666666666666666,1.1443640887808795,0.6763937521750731,0.18004064091309813,0.5833333333333334
cap300_rank_ridge,25.0,2024-01-31_2024-12-31,12,0.16969812629175784,-0.013699490369203038,0.16969812629175784,-0.013699490369203038,0.18339761666096088,0.16219088225964262,1.0462502563080645,-0.0664518904992426,-0.07702368625268208,0.75,1.1791430511324092,0.6567464038678691,0.19029936633626265,0.6388888888888888
cap300_rank_ridge,25.0,2024-02-29_2025-01-31,12,0.16465506092354976,-0.14290566323586873,0.16465506092354976,-0.14290566323586873,0.3075607241594185,0.16335455041576763,1.0130705314041966,-0.06727791231498637,-0.18252959118595857,0.8333333333333334,1.9830452250614818,0.5559365807838896,0.27360645115567706,0.611111111111111
cap300_rank_ridge,25.0,2024-03-31_2025-02-28,12,0.1739738351992064,-0.10676537761977256,0.1739738351992064,-0.10676537761977256,0.28073921281897896,0.16304218924890984,1.0642971955682148,-0.06727791231498614,-0.1825295911859588,0.75,1.6799056305339488,0.5022235876028248,0.2480357263191495,0.611111111111111
cap300_rank_ridge,25.0,2024-04-30_2025-03-31,12,0.20858871182010463,-0.06461005552580057,0.20858871182010463,-0.06461005552580057,0.2731987673459052,0.14993705913834884,1.3409040911903354,-0.0925338105177621,-0.18252959118595868,0.75,1.4594672871780072,0.3641394810035697,0.24399077993801788,0.611111111111111
cap300_rank_ridge,25.0,2024-05-31_2025-04-30,12,0.26499014397640686,0.02942056800377868,0.26499014397640686,0.02942056800377868,0.23556957597262818,0.15277700668057712,1.622567375495167,-0.0925338105177621,-0.18252959118595857,0.6666666666666666,1.1636920643681827,0.3822880445487092,0.2572110814387758,0.6388888888888887
cap300_rank_ridge,25.0,2024-06-30_2025-05-31,12,0.234530685209696,-0.019239253194651806,0.234530685209696,-0.019239253194651806,0.2537699384043478,0.15403626176803725,1.4491083760777483,-0.09253381051776188,-0.18252959118595835,0.6666666666666666,1.2907574115236347,0.3888719012120945,0.24941494347585946,0.5833333333333334
cap300_rank_ridge,25.0,2024-07-31_2025-06-30,12,0.31347190856070184,0.03150250800801424,0.31347190856070184,0.03150250800801424,0.2819694005526876,0.1944098355584186,1.5034894759037036,-0.09253381051776177,-0.1825295911859589,0.6666666666666666,1.3502414495768198,0.5696128272155486,0.2987567563011466,0.6388888888888888
cap300_rank_ridge,25.0,2024-08-31_2025-07-31,12,0.28061986724325627,0.02082724764079913,0.28061986724325627,0.02082724764079913,0.25979261960245714,0.19355492334492722,1.3754629815980755,-0.0925338105177621,-0.1720911800730176,0.6666666666666666,1.2398595044060237,0.5487245333196578,0.27477379786892286,0.6666666666666666
cap300_rank_ridge,25.0,2024-09-30_2025-08-31,12,0.14553972147156102,0.07082064647411035,0.14553972147156102,0.07082064647411035,0.07471907499745067,0.1884892839577,0.8067757864731668,-0.09253381051776222,-0.1720911800730176,0.5833333333333334,0.37265546756168494,0.5584966320365493,0.10895605185600199,0.6666666666666666
cap300_rank_ridge,25.0,2024-10-31_2025-09-30,12,0.13698078891166898,0.07787885846139209,0.13698078891166898,0.07787885846139209,0.059101930450276896,0.186345593285127,0.773448033789112,-0.055730493266298975,-0.11858833109117162,0.5833333333333334,0.29688933995960876,0.5665579760518091,0.0954071722178278,0.6666666666666666
cap300_rank_ridge,25.0,2024-11-30_2025-10-31,12,0.8441785758467755,0.1960061542824556,0.8441785758467755,0.1960061542824556,0.6481724215643199,0.564033403812104,1.3111755006051022,-0.055730493266298864,-0.11795970406671652,0.5833333333333334,1.0148469827128836,0.9753479445703511,0.7097209231042123,0.6111111111111112
cap300_rank_ridge,25.0,2024-12-31_2025-11-30,12,0.7645921976789936,0.22133541890163522,0.7645921976789936,0.22133541890163522,0.5432567787773583,0.5710416065195094,1.2197702518821787,-0.055730493266298864,-0.11795970406671652,0.5,0.8796597584623524,0.9475973963462397,0.6179758114412837,0.611111111111111
cap300_rank_ridge,25.0,2025-01-31_2025-12-31,12,0.8174298867282574,0.17166648362633885,0.8174298867282574,0.17166648362633885,0.6457634031019186,0.5689149165705795,1.2773507965808202,-0.046442365912428674,-0.03669877287899381,0.5,1.010990744403784,0.8852487729439039,0.7465368054580506,0.5555555555555555
cap300_rank_ridge,25.0,2025-02-28_2026-01-31,12,0.9398383744876087,0.31334945156909844,0.9398383744876087,0.31334945156909844,0.6264889229185102,0.5613376132353892,1.4110454617876889,-0.046442365912428674,-0.04758367670999886,0.5,0.9385561163402666,1.1596001975207866,0.5768193513959785,0.5555555555555555
cap300_rank_ridge,25.0,2025-03-31_2026-02-28,12,0.8354873332638972,0.08257309459079365,0.8354873332638972,0.08257309459079365,0.7529142386731036,0.5695991491726418,1.2949738965184736,-0.046442365912428674,-0.18488813271044613,0.5833333333333334,1.1798709179468567,0.8796158810545726,0.882116995671705,0.5555555555555555
cap300_rank_ridge,25.0,2025-04-30_2026-03-31,12,0.8623206220590127,0.028079656548997578,0.8623206220590127,0.028079656548997578,0.8342409655100151,0.5670652886146443,1.325537186067557,-0.06595651066296715,-0.19546042589812018,0.5833333333333334,1.336667347408151,1.0256243330336983,0.9790685704646938,0.5833333333333334
cap300_rank_ridge,25.0,2025-05-31_2026-04-30,12,0.6855787915069496,-0.14610708694572017,0.6855787915069496,-0.14610708694572017,0.8316858784526697,0.5780445233753472,1.1278815977782297,-0.11187627019196777,-0.29138146686445754,0.6666666666666666,1.5037554035410623,1.0967749172220955,1.1620268181346076,0.5555555555555556
cap300_rank_ridge,25.0,2025-06-30_2026-05-31,12,0.5129043509826512,-0.18541351506394133,0.5129043509826512,-0.18541351506394133,0.6983178660465925,0.5972866595485607,0.920013427754078,-0.20276574718561124,-0.34737666250868915,0.5833333333333334,1.3742292263461635,1.187489689040278,1.0867407333020678,0.6111111111111112
cap300_rank_ridge,25.0,2025-07-31_2026-06-30,12,0.35642836619691587,-0.1667764227923394,0.35642836619691587,-0.1667764227923394,0.5232047889892553,0.5865330428377855,0.7342063061061479,-0.20276574718561124,-0.34737666250868904,0.5,1.0684295813931783,0.8786868610434199,0.7346555151142777,0.638888888888889
cap300_rank_ridge,25.0,2025-08-31_2026-07-31,11,0.33497386965871057,-0.20361006057922837,0.3705010734866372,-0.2199234939209873,0.5904245674076245,0.6147431204800473,0.7356778580876133,-0.20276574718561113,-0.34737666250868904,0.5454545454545454,1.1837311855139443,0.9646335802772742,0.9016001470508828,0.6363636363636364
chronos2_daily_abs_individual_median,25.0,2019-01-31_2019-12-31,12,-0.754346073618348,-0.0907583313333864,-0.754346073618348,-0.0907583313333864,-0.6635877422849616,0.37558180574522027,-3.319199360886121,-0.7524026659308435,-0.08173242622854304,0.16666666666666666,-3.2123339535204356,1.072751609710929,-0.7014456809203491,0.9444444444444443
chronos2_daily_abs_individual_median,25.0,2019-02-28_2020-01-31,12,-0.7970758296910299,-0.15374678206850467,-0.7970758296910299,-0.15374678206850467,-0.6433290476225253,0.36699276171833545,-3.867129402248565,-0.7801918297251133,-0.157070533612218,0.08333333333333333,-3.6823036855019264,1.0599930464760798,-0.733230268206148,0.9166666666666665
chronos2_daily_abs_individual_median,25.0,2019-03-31_2020-02-29,12,-0.8030012916872415,-0.2983301643039218,-0.8030012916872415,-0.2983301643039218,-0.5046711273833198,0.36465348990726754,-3.9658633827973353,-0.7486734074927459,-0.2968733323797681,0.16666666666666666,-2.9232614879414642,0.33399882101611816,-0.7573980470898457,0.9166666666666665
chronos2_daily_abs_individual_median,25.0,2019-04-30_2020-03-31,12,-0.7377010120717662,-0.26938100433105683,-0.7377010120717662,-0.26938100433105683,-0.46832000774070937,0.38243548614314765,-3.102074889429555,-0.7323673025719744,-0.2897384073692094,0.25,-2.435209526886625,0.6224263384006216,-0.650516722469746,0.9166666666666665
chronos2_daily_abs_individual_median,25.0,2019-05-31_2020-04-30,12,-0.708968733326178,-0.23441422140073764,-0.708968733326178,-0.23441422140073764,-0.47455451192544046,0.40663529634394574,-2.664494009095373,-0.7235392423026499,-0.2897384073692094,0.3333333333333333,-2.2038367377093278,0.729213803637901,-0.610341041843146,0.9166666666666666
chronos2_daily_abs_individual_median,25.0,2019-06-30_2020-05-31,12,-0.6940009770910005,-0.22854562482453433,-0.6940009770910005,-0.22854562482453433,-0.4654553522664661,0.4173371811780257,-2.4768690194107332,-0.7189714917137051,-0.2897384073692095,0.3333333333333333,-2.0723340433182065,0.7904147743364043,-0.5849811870274395,0.9166666666666666
chronos2_daily_abs_individual_median,25.0,2019-07-31_2020-06-30,12,-0.7661301239045706,-0.1941752572672133,-0.7661301239045706,-0.1941752572672133,-0.5719548666373573,0.45169881630157344,-2.787588973684594,-0.7726096419041477,-0.2827760862119635,0.3333333333333333,-2.32744953273935,0.42871992810702625,-0.7104661761050759,0.9166666666666666
chronos2_daily_abs_individual_median,25.0,2019-08-31_2020-07-31,12,-0.7911481777199635,-0.1722348942847023,-0.7911481777199635,-0.1722348942847023,-0.6189132834352612,0.429078521511411,-3.190961707320861,-0.7771797791748871,-0.27948217627529803,0.25,-2.7545813680198994,0.423768701278605,-0.7474040614897276,0.9166666666666666
chronos2_daily_abs_individual_median,25.0,2019-09-30_2020-08-31,12,-0.768981300306421,-0.21057570090232802,-0.768981300306421,-0.21057570090232802,-0.558405599404093,0.4529500702622114,-2.8031564080630016,-0.7682504008053219,-0.27948217627529803,0.3333333333333333,-2.2012395669003495,0.24132953398269252,-0.723600161207654,0.8888888888888888
chronos2_daily_abs_individual_median,25.0,2019-10-31_2020-09-30,12,-0.7954142902431397,-0.1766274605970889,-0.7954142902431397,-0.1766274605970889,-0.6187868296460508,0.4484618349869595,-3.0765172035049946,-0.7437938837608008,-0.2794821762752979,0.3333333333333333,-2.466727231926965,0.13826469143194955,-0.7630559820409584,0.9166666666666665
chronos2_daily_abs_individual_median,25.0,2019-11-30_2020-10-31,12,-0.7641617641972904,-0.06643817837031618,-0.7641617641972904,-0.06643817837031618,-0.6977235858269741,0.4392891725839705,-2.8630766743903853,-0.7056058439577109,-0.2794821762752979,0.3333333333333333,-2.475829305370245,0.1277089461624055,-0.7338053417396297,0.9166666666666665
chronos2_daily_abs_individual_median,25.0,2019-12-31_2020-11-30,12,-0.6839837568750656,-0.050871312509224054,-0.6839837568750656,-0.050871312509224054,-0.6331124443658416,0.45960559245386856,-2.14394563165481,-0.5564155834669284,-0.2358764964179022,0.4166666666666667,-2.025489416836466,0.38094800613039703,-0.6396189384326427,0.9166666666666666
chronos2_daily_abs_individual_median,25.0,2020-01-31_2020-12-31,12,-0.44387668600403785,-0.013079995771551722,-0.44387668600403785,-0.013079995771551722,-0.4307966902324861,0.43107332995850856,-1.1160895801348858,-0.45876176898501353,-0.16758179221927783,0.5,-1.0140499188965937,0.07033507051592185,-0.3888647909851526,0.9444444444444443
chronos2_daily_abs_individual_median,25.0,2020-02-29_2021-01-31,12,-0.14651650419134687,0.14471568274700242,-0.14651650419134687,0.14471568274700242,-0.2912321869383493,0.4936495881486406,-0.08688157514634616,-0.45438993569929353,-0.07033476780972703,0.5833333333333334,-0.38634449797061143,0.10638307599563789,-0.05889753685715027,0.9722222222222222
chronos2_daily_abs_individual_median,25.0,2020-03-31_2021-02-28,12,-0.12012690955657102,0.3187076559568369,-0.12012690955657102,0.3187076559568369,-0.43883456551340794,0.48826211345263637,-0.031085226778789297,-0.4543899356992934,-0.07033476780972703,0.5,-0.5767820035259357,-0.33239637313870474,0.08521819261404162,0.9722222222222222
chronos2_daily_abs_individual_median,25.0,2020-04-30_2021-03-31,12,-0.20246643939249576,0.2712264885896778,-0.20246643939249576,0.2712264885896778,-0.47369292798217355,0.4882274547604052,-0.23113087673091157,-0.4543899356992933,-0.07033476780972714,0.4166666666666667,-0.6901327946433637,-0.3210315266193653,-0.03050686820533144,0.9444444444444443
chronos2_daily_abs_individual_median,25.0,2020-05-31_2021-04-30,12,-0.2584089874005364,0.2511461011810818,-0.2584089874005364,0.2511461011810818,-0.5095550885816182,0.48530453128738815,-0.3831216511889934,-0.4543899356992934,-0.07033476780972703,0.3333333333333333,-0.8041712238364022,-0.2663485070218246,-0.11560029820407292,0.9444444444444443
chronos2_daily_abs_individual_median,25.0,2020-06-30_2021-05-31,12,-0.05633060867413575,0.22018559574957508,-0.05633060867413575,0.22018559574957508,-0.27651620442371083,0.5767404763019901,0.15852505022866126,-0.25364189903307544,-0.07033476780972703,0.4166666666666667,-0.19691898605420952,-0.41936450538130765,0.19683429771408778,0.9444444444444443
chronos2_daily_abs_individual_median,25.0,2020-07-31_2021-06-30,12,0.764812695451121,0.1787337447456181,0.764812695451121,0.1787337447456181,0.5860789507055029,0.5944711581020147,1.2238452815106902,-0.21623025854920008,-0.07033476780972703,0.5,0.8864105960535861,-0.06381604533067936,1.0483693286822664,0.9444444444444443
chronos2_daily_abs_individual_median,25.0,2020-08-31_2021-07-31,12,0.8029630367450507,0.17406019021811336,0.8029630367450507,0.17406019021811336,0.6289028465269373,0.5896032897456402,1.2676244491412583,-0.2162302585492002,-0.0471551797914731,0.5,0.9334384246645501,-0.042042826429998625,1.0790838363642155,0.9444444444444443
chronos2_daily_abs_individual_median,25.0,2020-09-30_2021-08-31,12,0.5746990202307511,0.29094300690606567,0.5746990202307511,0.29094300690606567,0.2837560133246855,0.6100507269225296,1.0099689486671148,-0.15318341292026516,-0.0471551797914731,0.4166666666666667,0.5538229722707874,-0.1974839940467217,0.9170652059633291,0.9722222222222222
chronos2_daily_abs_individual_median,25.0,2020-10-31_2021-09-30,12,0.7690956875404393,0.285307502281577,0.7690956875404393,0.285307502281577,0.48378818525886236,0.5808351939909995,1.2417376887068918,-0.1872158399022198,-0.04715517979147299,0.4166666666666667,0.7705635449005449,0.01738345544272343,1.0059254659224197,0.9722222222222222
chronos2_daily_abs_individual_median,25.0,2020-11-30_2021-10-31,12,0.4827498658428546,0.164192612882329,0.4827498658428546,0.164192612882329,0.3185572529605256,0.6363562192292233,0.8992644178526966,-0.37292927632949147,-0.04715517979147299,0.4166666666666667,0.6719042222491336,1.5197637661486323,0.3860199631330399,0.9722222222222222
chronos2_daily_abs_individual_median,25.0,2020-12-31_2021-11-30,12,0.6042832188784033,0.10075285366229347,0.6042832188784033,0.10075285366229347,0.5035303652161098,0.6462471020353956,1.0216484293184085,-0.37292927632949135,-0.04715517979147321,0.4166666666666667,0.8940864760033747,1.8475281071176075,0.5919836254874564,0.9166666666666666
chronos2_daily_abs_individual_median,25.0,2021-01-31_2021-12-31,12,0.47845270565860964,0.1311417024200292,0.47845270565860964,0.1311417024200292,0.34731100323858044,0.6351858982187851,0.8952218001487815,-0.37292927632949147,-0.04715517979147299,0.4166666666666667,0.7254772371017324,2.4574819525388927,0.2864284293987689,0.9166666666666666
chronos2_daily_abs_individual_median,25.0,2021-02-28_2022-01-31,12,0.01363792586493151,0.1035559333431273,0.01363792586493151,0.1035559333431273,-0.08991800747819578,0.6150559602024512,0.2815822843874901,-0.37292927632949147,-0.008710521467504728,0.3333333333333333,0.11577727463120135,0.39017120892619983,0.1419234956989841,0.8888888888888888
chronos2_daily_abs_individual_median,25.0,2021-03-31_2022-02-28,12,0.045530308750658,0.1814244316261513,0.045530308750658,0.1814244316261513,-0.1358941228754933,0.611064183815017,0.33099485247707205,-0.37292927632949135,-0.008710521467504728,0.3333333333333333,0.05280167407573365,-1.0492203210213358,0.4538551885932378,0.8611111111111108
chronos2_daily_abs_individual_median,25.0,2021-04-30_2022-03-31,12,0.010782117927627954,0.2056999327796627,0.010782117927627954,0.2056999327796627,-0.19491781485203474,0.6158318806952853,0.27737941931318655,-0.4108248750875726,-0.008710521467504728,0.3333333333333333,-0.030709855328423727,-1.6090401945534807,0.5959425565016505,0.8611111111111108
chronos2_daily_abs_individual_median,25.0,2021-05-31_2022-04-30,12,0.029459465571459065,0.20202014645819677,0.029459465571459065,0.20202014645819677,-0.1725606808867377,0.6146517503902408,0.3070383549329879,-0.4186282823208899,-0.011058901373715124,0.3333333333333333,0.002637758456635291,-1.6369611130351227,0.6241889229992383,0.8333333333333331
chronos2_daily_abs_individual_median,25.0,2021-06-30_2022-05-31,12,-0.30194707985526625,0.1547230806668567,-0.30194707985526625,0.1547230806668567,-0.45667016052212295,0.5453385949877604,-0.4185240102456243,-0.48940744758068744,-0.04389760737316839,0.25,-0.6880752823513855,0.43794904006072766,-0.2565490320654181,0.8055555555555555
chronos2_daily_abs_individual_median,25.0,2021-07-31_2022-06-30,12,-0.4367037431314694,0.14515293481688385,-0.4367037431314694,0.14515293481688385,-0.5818566779483533,0.38037489261776575,-1.2938798387371062,-0.4558482269651981,-0.04389760737316839,0.25,-1.634327539435718,0.1295412472527828,-0.4062733028839677,0.7777777777777777
chronos2_daily_abs_individual_median,25.0,2021-08-31_2022-07-31,12,-0.4269995921952193,0.16719366722844042,-0.4269995921952193,0.16719366722844042,-0.5941932594236597,0.3797600997300511,-1.2534082109940092,-0.399079832364326,-0.04389760737316839,0.25,-1.6420120363816009,0.10590932847523486,-0.3954023075936628,0.7777777777777778
chronos2_daily_abs_individual_median,25.0,2021-09-30_2022-08-31,12,-0.47566296075554704,0.11990803732841937,-0.47566296075554704,0.11990803732841937,-0.5955709980839664,0.39915842093482595,-1.3851610724401866,-0.4518580982442387,-0.04389760737316817,0.25,-1.6989419798005332,0.7552912152289218,-0.482713961245835,0.7777777777777778
chronos2_daily_abs_individual_median,25.0,2021-10-31_2022-09-30,12,-0.571042094216321,0.07700156092153554,-0.571042094216321,0.07700156092153554,-0.6480436551378566,0.4342812700506453,-1.6738073055617126,-0.5552263828682431,-0.04389760737316828,0.25,-1.8742100312401304,0.9107701105734631,-0.561642323888048,0.7777777777777777
chronos2_daily_abs_individual_median,25.0,2021-11-30_2022-10-31,12,-0.5240715497272829,0.0837751064100245,-0.5240715497272829,0.0837751064100245,-0.6078466561373074,0.40593968233526184,-1.5825589854343707,-0.6192785879170255,-0.04389760737316839,0.25,-1.7917826791821654,0.5709394569291669,-0.5086334204611846,0.7222222222222222
chronos2_daily_abs_individual_median,25.0,2021-12-31_2022-11-30,12,-0.6058147201954915,0.04089310124175727,-0.6058147201954915,0.04089310124175727,-0.6467078214372488,0.33319610212357276,-2.5267559886050015,-0.6337653710345945,-0.052330809109684795,0.16666666666666666,-2.613426970303581,0.23489675398312523,-0.5868136894264848,0.7777777777777778
chronos2_daily_abs_individual_median,25.0,2022-01-31_2022-12-31,12,-0.7023503957218088,0.03139589518781816,-0.7023503957218088,0.03139589518781816,-0.733746290909627,0.31025653681294746,-3.5631640723564164,-0.6548419121719161,-0.0538908420070876,0.08333333333333333,-3.597781476184489,0.20955975165772278,-0.6889082353773106,0.7777777777777777
chronos2_daily_abs_individual_median,25.0,2022-02-28_2023-01-31,12,-0.6632926110986294,-0.006523085673795559,-0.6632926110986294,-0.006523085673795559,-0.6567695254248338,0.3127715168104209,-3.172718020445827,-0.6466912317562666,-0.053890842007087936,0.08333333333333333,-3.183821411133016,0.6334097235983719,-0.6440637543669685,0.8055555555555555
chronos2_daily_abs_individual_median,25.0,2022-03-31_2023-02-28,12,-0.6606261710519927,-0.03763942955797195,-0.6606261710519927,-0.03763942955797195,-0.6229867414940207,0.31380078254086197,-3.138261053904099,-0.628917629892382,-0.05860315994470999,0.08333333333333333,-3.019554062877259,0.4758562232192797,-0.6353497112741128,0.8333333333333334
chronos2_daily_abs_individual_median,25.0,2022-04-30_2023-03-31,12,-0.6453071012388018,-0.0433257664262765,-0.6453071012388018,-0.0433257664262765,-0.6019813348125252,0.31602283519369184,-2.9855647810761696,-0.6405462691452682,-0.052003665957635614,0.08333333333333333,-2.879448582372154,0.718256276712153,-0.6131827062705275,0.861111111111111
chronos2_daily_abs_individual_median,25.0,2022-05-31_2023-04-30,12,-0.7600038900111843,-0.07213752035282106,-0.7600038900111843,-0.07213752035282106,-0.6878663696583631,0.3951823688587775,-3.1949629425018586,-0.7523027199290141,-0.07596598010903766,0.08333333333333333,-3.232715665848257,2.294283144028114,-0.6836408943294661,0.8888888888888888
chronos2_daily_abs_individual_median,25.0,2022-06-30_2023-05-31,12,-0.7544142101789895,-0.0361282154897381,-0.7544142101789895,-0.0361282154897381,-0.7182859946892514,0.39477821253423795,-3.146419444099566,-0.7773919607424469,-0.07596598010903755,0.08333333333333333,-3.280336655336337,2.5725568373999823,-0.7026095017699721,0.9166666666666666
chronos2_daily_abs_individual_median,25.0,2022-07-31_2023-06-30,12,-0.7681802850327172,-0.0028433046031512976,-0.7681802850327172,-0.0028433046031512976,-0.7653369804295659,0.36301649798847185,-3.592062132097034,-0.7667786250358403,-0.07596598010903743,0.08333333333333333,-4.061586901168836,2.620916379986701,-0.748713600734771,0.9166666666666665
chronos2_daily_abs_individual_median,25.0,2022-08-31_2023-07-31,12,-0.7422098249235549,-0.031389184091800915,-0.7422098249235549,-0.031389184091800915,-0.7108206408317539,0.39742910882763877,-3.0119768453227036,-0.7185446708078569,-0.0655917893195096,0.16666666666666666,-3.228621707831295,2.956700242898157,-0.6881285379016233,0.8888888888888887
chronos2_daily_abs_individual_median,25.0,2022-09-30_2023-08-31,12,-0.7071499012319575,-0.014331580574544756,-0.7071499012319575,-0.014331580574544756,-0.6928183206574128,0.3912035887288886,-2.7718369863433443,-0.6403435924072317,-0.06559178931950937,0.16666666666666666,-2.9914101920917666,2.8645968242816027,-0.666682996635154,0.8888888888888887
chronos2_daily_abs_individual_median,25.0,2022-10-31_2023-09-30,12,-0.4375476555516,-0.04883569016310929,-0.4375476555516,-0.04883569016310929,-0.38871196538849073,0.687270275135408,-0.5294995188607429,-0.5798353435010215,-0.06327241269436523,0.25,-0.4594077213455279,0.2803717387947212,-0.29943161662515805,0.861111111111111
chronos2_daily_abs_individual_median,25.0,2022-11-30_2023-10-31,12,-0.2875128336361138,-8.074453772832779e-05,-0.2875128336361138,-8.074453772832779e-05,-0.28743208909838547,0.6839892615711057,-0.19820948358244955,-0.5632153033110384,-0.04084242285001627,0.3333333333333333,-0.20510576785873702,0.8591966945458517,-0.13033400682899166,0.8888888888888887
chronos2_daily_abs_individual_median,25.0,2022-12-31_2023-11-30,12,-0.49159454776104505,0.06162621592425688,-0.49159454776104505,0.06162621592425688,-0.5532207636853019,0.7482278137033526,-0.5494445131740199,-0.4625704888216787,-0.04084242285001627,0.3333333333333333,-0.6288414998667735,-0.1286116404773026,-0.33625904612275415,0.8333333333333331
chronos2_daily_abs_individual_median,25.0,2023-01-31_2023-12-31,12,-0.3817826022086511,0.05389394652891433,-0.3817826022086511,0.05389394652891433,-0.43567654873756545,0.7294219187839345,-0.3229488225754465,-0.449082056007307,-0.04084242285001627,0.3333333333333333,-0.39533452664898194,-0.3011223812346399,-0.19800311793448233,0.8055555555555555
chronos2_daily_abs_individual_median,25.0,2023-02-28_2024-01-31,12,-0.45167657526725014,0.06910062416905749,-0.45167657526725014,0.06910062416905749,-0.5207771994363076,0.7385037897716269,-0.46831875875051965,-0.4291620117201418,-0.04084242285001627,0.3333333333333333,-0.5563306289045492,-0.44444431851306127,-0.2728638579223899,0.8055555555555555
chronos2_daily_abs_individual_median,25.0,2023-03-31_2024-02-29,12,-0.503100431595525,0.07105311702696282,-0.503100431595525,0.07105311702696282,-0.5741535486224878,0.7453794156021694,-0.5848565470835559,-0.4890856443527668,-0.04084242285001627,0.3333333333333333,-0.6741173643166805,-0.32909083439833,-0.34251206268443446,0.7777777777777777
chronos2_daily_abs_individual_median,25.0,2023-04-30_2024-03-31,12,-0.4593849270438115,0.04605177038880415,-0.4593849270438115,0.04605177038880415,-0.5054366974326157,0.7491486149191903,-0.46966531763966207,-0.4890856443527668,-0.028914327222309355,0.4166666666666667,-0.527754578714975,-0.43458960201239,-0.2848761366014195,0.7777777777777778
chronos2_daily_abs_individual_median,25.0,2023-05-31_2024-04-30,12,-0.3472755429352028,0.05087612226469651,-0.3472755429352028,0.05087612226469651,-0.3981516651998993,0.6991839637880208,-0.30520163423862534,-0.5716953884512064,-0.04720745865673304,0.4166666666666667,-0.37014000364475225,-1.4622780829707434,-0.1275018698599507,0.7499999999999999
chronos2_daily_abs_individual_median,25.0,2023-06-30_2024-05-31,12,-0.2361044718080264,0.06029804021364593,-0.2361044718080264,0.06029804021364593,-0.29640251202167234,0.6959879816748523,-0.08667550428980875,-0.5716953884512065,-0.04720745865673304,0.5,-0.17101147169694786,-1.3771924883663171,0.025616038113629225,0.75
chronos2_daily_abs_individual_median,25.0,2023-07-31_2024-06-30,12,-0.13582458145629006,0.046802268590376395,-0.13582458145629006,0.046802268590376395,-0.18262685004666646,0.7189784130161672,0.10623610569823445,-0.5716953884512065,-0.04720745865673304,0.5,0.03735811710426126,-1.140686352474373,0.14052589660537662,0.7499999999999999
chronos2_daily_abs_individual_median,25.0,2023-08-31_2024-07-31,12,-0.06518913629626266,0.10318514893952901,-0.06518913629626266,0.10318514893952901,-0.16837428523579168,0.7313540904609309,0.22306488123938026,-0.5716953884512065,-0.04720745865673315,0.5,0.08153627899433409,0.004895630831593013,0.17532304172366597,0.7777777777777778
chronos2_daily_abs_individual_median,25.0,2023-09-30_2024-08-31,12,-0.07132817567230332,0.08473288946892565,-0.07132817567230332,0.08473288946892565,-0.15606106514122897,0.7320463200663218,0.21440940911858092,-0.5716953884512064,-0.04720745865673315,0.5,0.0958986008072146,0.1491364327023867,0.1539968597289374,0.7499999999999999
chronos2_daily_abs_individual_median,25.0,2023-10-31_2024-09-30,12,-0.2870386410010898,0.12170948346779942,-0.2870386410010898,0.12170948346779942,-0.4087481244688892,0.5334692443642858,-0.360207016679925,-0.5716953884512066,-0.047207458656732815,0.5,-0.620647089274858,2.3200751057158993,-0.3804203406335347,0.7777777777777778
chronos2_daily_abs_individual_median,25.0,2023-11-30_2024-10-31,12,-0.3558185633163796,0.004734660022875703,-0.3558185633163796,0.004734660022875703,-0.3605532233392553,0.5221412131161252,-0.5683616663243386,-0.37602456351559466,-0.07254414974326939,0.5,-0.6103842539998473,1.3533384069888428,-0.26985340434968264,0.7777777777777778
chronos2_daily_abs_individual_median,25.0,2023-12-31_2024-11-30,12,0.02801285869668302,-0.026522408525777696,0.02801285869668302,-0.026522408525777696,0.054535267222460715,0.4267856402215208,0.26296468678596774,-0.36862036919527497,-0.07702368625268241,0.5833333333333334,0.3533758784912677,2.25921499420784,0.17414333389381453,0.8333333333333331
chronos2_daily_abs_individual_median,25.0,2024-01-31_2024-12-31,12,0.0012068185836136003,-0.013699490369203038,0.0012068185836136003,-0.013699490369203038,0.014906308952816638,0.4289466853982631,0.2015629341697235,-0.2702730304204215,-0.07702368625268208,0.5833333333333334,0.24874464943035848,2.225411031540256,0.11136662075061965,0.861111111111111
chronos2_daily_abs_individual_median,25.0,2024-02-29_2025-01-31,12,0.08341930739030423,-0.14290566323586873,0.08341930739030423,-0.14290566323586873,0.22632497062617296,0.4086988772016845,0.3853851898855441,-0.1938739746457867,-0.18252959118595857,0.6666666666666666,0.8708823120663856,1.5226490355894944,0.4443875623783531,0.861111111111111
chronos2_daily_abs_individual_median,25.0,2024-03-31_2025-02-28,12,0.08490374301681403,-0.10676537761977256,0.08490374301681403,-0.10676537761977256,0.1916691206365866,0.4082462344218,0.3887339348578397,-0.2144831431145795,-0.1825295911859588,0.6666666666666666,0.7082242499983208,1.1332934963390895,0.3083009964583283,0.8888888888888888
chronos2_daily_abs_individual_median,25.0,2024-04-30_2025-03-31,12,0.012458004293300462,-0.06461005552580057,0.012458004293300462,-0.06461005552580057,0.07706805981910103,0.409196756845414,0.2181273056762014,-0.2376699799032389,-0.18252959118595868,0.5833333333333334,0.3798021351265762,0.9754432090607733,0.15034315107568297,0.861111111111111
chronos2_daily_abs_individual_median,25.0,2024-05-31_2025-04-30,12,0.10481680454560016,0.02942056800377868,0.10481680454560016,0.02942056800377868,0.07539623654182148,0.37490048747358223,0.4342317585146814,-0.3294066878447003,-0.18252959118595857,0.5833333333333334,0.30759242832430195,0.36032401299309363,0.1572749525815551,0.8888888888888888
chronos2_daily_abs_individual_median,25.0,2024-06-30_2025-05-31,12,0.005717211620555718,-0.019239253194651806,0.005717211620555718,-0.019239253194651806,0.024956464815207524,0.3762785826192574,0.18191748265569418,-0.35795049148306923,-0.18252959118595835,0.5,0.18786021002744271,0.3929876292150902,0.07229749324182766,0.8888888888888888
chronos2_daily_abs_individual_median,25.0,2024-07-31_2025-06-30,12,-0.045180039522937365,0.03150250800801424,-0.045180039522937365,0.03150250800801424,-0.0766825475309516,0.35030900759854905,0.02520949164106258,-0.35795049148306934,-0.1825295911859589,0.5,-0.1138507913520409,0.4620951064306725,-0.013809850734533669,0.9166666666666666
chronos2_daily_abs_individual_median,25.0,2024-08-31_2025-07-31,12,0.6347378320553139,0.02082724764079913,0.6347378320553139,0.02082724764079913,0.6139105844145147,1.0267535535954306,0.8049053429158819,-0.35795049148306957,-0.1720911800730176,0.5,0.7950995486705225,1.4539986755460728,1.1108356425198762,0.9166666666666666
chronos2_daily_abs_individual_median,25.0,2024-09-30_2025-08-31,12,1.79204749530123,0.07082064647411035,1.79204749530123,0.07082064647411035,1.7212268488271196,1.1398871707238374,1.3058044418593668,-0.35795049148306923,-0.1720911800730176,0.5833333333333334,1.2748361105854773,1.69462785433855,2.569097406783878,0.9166666666666665
chronos2_daily_abs_individual_median,25.0,2024-10-31_2025-09-30,12,0.7865018976143583,0.07787885846139209,0.7865018976143583,0.07787885846139209,0.7086230391529662,1.2020701403277028,0.892542943075306,-0.35795049148306934,-0.11858833109117162,0.5,0.8404642293154907,1.638594048675565,1.4278446889906693,0.9166666666666665
chronos2_daily_abs_individual_median,25.0,2024-11-30_2025-10-31,12,1.0670326620363717,0.1960061542824556,1.0670326620363717,0.1960061542824556,0.8710265077539161,1.196587861310439,1.0252006099410316,-0.35795049148306934,-0.11795970406671652,0.5,0.8847692002124119,1.6342497659790476,1.3965031765489262,0.9166666666666665
chronos2_daily_abs_individual_median,25.0,2024-12-31_2025-11-30,12,1.3321854214707223,0.22133541890163522,1.3321854214707223,0.22133541890163522,1.110850002569087,1.2039417974639586,1.1356513790630167,-0.3329377876275884,-0.11795970406671652,0.5,0.9808005208818137,1.6474607937925472,1.636850929271311,0.8888888888888887
chronos2_daily_abs_individual_median,25.0,2025-01-31_2025-12-31,12,1.14758933978856,0.17166648362633885,1.14758933978856,0.17166648362633885,0.9759228561622211,1.2167379079748601,1.0610950299774509,-0.28753522385634533,-0.03669877287899381,0.5,0.9465917270217908,1.8245232867422365,1.5409757726741429,0.8611111111111108
chronos2_daily_abs_individual_median,25.0,2025-02-28_2026-01-31,12,1.4982572836730292,0.31334945156909844,1.4982572836730292,0.31334945156909844,1.1849078321039308,1.202780152225707,1.2005132622227759,-0.26167693810197346,-0.04758367670999886,0.5,0.9864587520233826,2.451393014898035,1.0713511155290663,0.8333333333333331
chronos2_daily_abs_individual_median,25.0,2025-03-31_2026-02-28,12,1.343341053056021,0.08257309459079365,1.343341053056021,0.08257309459079365,1.2607679584652274,1.216111345200001,1.1429066354496447,-0.26167693810197346,-0.18488813271044613,0.5,1.1189080384722254,2.2481938818910145,2.0381378401307906,0.8333333333333334
chronos2_daily_abs_individual_median,25.0,2025-04-30_2026-03-31,12,2.3656725555838385,0.028079656548997578,2.3656725555838385,0.028079656548997578,2.337592899034841,1.2344737354235142,1.4688808306592407,-0.26167693810197346,-0.19546042589812018,0.5833333333333334,1.5073020287004717,2.3015123261840476,3.9150476654542388,0.8611111111111112
chronos2_daily_abs_individual_median,25.0,2025-05-31_2026-04-30,12,2.0233123598167415,-0.14610708694572017,2.0233123598167415,-0.14610708694572017,2.1694194467624617,1.258938570568365,1.369260193838292,-0.26167693810197346,-0.29138146686445754,0.5833333333333334,1.6179181159397975,3.071986472487318,6.093863461338069,0.8333333333333331
chronos2_daily_abs_individual_median,25.0,2025-06-30_2026-05-31,12,1.7808447632497186,-0.18541351506394133,1.7808447632497186,-0.18541351506394133,1.96625827831366,1.273585327756256,1.2932222120314725,-0.30412636930107917,-0.34737666250868915,0.5833333333333334,1.5821997484061805,3.095242719988054,6.488154119740347,0.8333333333333331
chronos2_daily_abs_individual_median,25.0,2025-07-31_2026-06-30,12,1.9723246617499548,-0.1667764227923394,1.9723246617499548,-0.1667764227923394,2.139101084542294,1.2746741440025833,1.3525361075941464,-0.30412636930107917,-0.34737666250868904,0.5833333333333334,1.633905142652761,2.9611410097240483,6.363794124253972,0.8333333333333334
chronos2_daily_abs_cross_median,25.0,2019-01-31_2019-12-31,12,-0.8057677026552834,-0.0907583313333864,-0.8057677026552834,-0.0907583313333864,-0.715009371321897,0.575395371923158,-2.3665164694076304,-0.804672777748544,-0.08173242622854304,0.25,-2.3304084739167825,2.1688609020185825,-0.7067604512722616,0.6944444444444443
chronos2_daily_abs_cross_median,25.0,2019-02-28_2020-01-31,12,-0.8135731149321854,-0.15374678206850467,-0.8135731149321854,-0.15374678206850467,-0.6598263328636808,0.5685701451840814,-2.46520738848568,-0.7861233562326332,-0.157070533612218,0.25,-2.2489124090376893,1.0676756063643758,-0.7275822571503281,0.6944444444444445
chronos2_daily_abs_cross_median,25.0,2019-03-31_2020-02-29,12,-0.7573917964445778,-0.2983301643039218,-0.7573917964445778,-0.2983301643039218,-0.459061632140656,0.6210147370496393,-1.834034382358117,-0.7650449452737834,-0.2968733323797681,0.3333333333333333,-1.1838618082346348,-0.5527678195234619,-0.7533924098311859,0.7222222222222222
chronos2_daily_abs_cross_median,25.0,2019-04-30_2020-03-31,12,-0.6896328747932883,-0.26938100433105683,-0.6896328747932883,-0.26938100433105683,-0.4202518704622314,0.6452342952574697,-1.3952804568469712,-0.7650449452737834,-0.2897384073692094,0.4166666666666667,-0.8888547438167876,-0.16804917442088088,-0.6278413086396385,0.6944444444444445
chronos2_daily_abs_cross_median,25.0,2019-05-31_2020-04-30,12,-0.6860874897562795,-0.23441422140073764,-0.6860874897562795,-0.23441422140073764,-0.4516732683555419,0.6445503994736046,-1.3811621061304042,-0.7650449452737835,-0.2897384073692094,0.4166666666666667,-0.937491852464549,-0.21018646436777338,-0.6247750874876509,0.6944444444444445
chronos2_daily_abs_cross_median,25.0,2019-06-30_2020-05-31,12,-0.7088218517113789,-0.22854562482453433,-0.7088218517113789,-0.22854562482453433,-0.48027622688684457,0.6072400993456488,-1.6103610012129488,-0.7546319492947811,-0.2897384073692095,0.4166666666666667,-1.1251061501456467,-0.2627247900712187,-0.6629144406244791,0.7222222222222223
chronos2_daily_abs_cross_median,25.0,2019-07-31_2020-06-30,12,-0.7711963088711966,-0.1941752572672133,-0.7711963088711966,-0.1941752572672133,-0.5770210516039833,0.6271674036925612,-1.886257107009267,-0.711548548594289,-0.2827760862119635,0.4166666666666667,-1.417478387591764,-0.5023168520243861,-0.7412513609897454,0.7777777777777778
chronos2_daily_abs_cross_median,25.0,2019-08-31_2020-07-31,12,-0.7027330910231994,-0.1722348942847023,-0.7027330910231994,-0.1722348942847023,-0.5304981967384971,0.6007941684358901,-1.6038892367191298,-0.7252218933585372,-0.27948217627529803,0.4166666666666667,-1.187354292088465,-0.44215115135447897,-0.6614977745588728,0.7499999999999999
chronos2_daily_abs_cross_median,25.0,2019-09-30_2020-08-31,12,-0.7046659653038395,-0.21057570090232802,-0.7046659653038395,-0.21057570090232802,-0.4940902644015115,0.5987608820651565,-1.621083873275814,-0.7121457027484392,-0.27948217627529803,0.4166666666666667,-1.1115275434535483,-0.5591417621340511,-0.6800483106983946,0.7777777777777777
chronos2_daily_abs_cross_median,25.0,2019-10-31_2020-09-30,12,-0.7467292864299626,-0.1766274605970889,-0.7467292864299626,-0.1766274605970889,-0.5701018258328736,0.6053759467061793,-1.827951635201956,-0.6369745965949682,-0.2794821762752979,0.4166666666666667,-1.3328144766446828,-0.6594667087280695,-0.7223581588879495,0.8333333333333334
chronos2_daily_abs_cross_median,25.0,2019-11-30_2020-10-31,12,-0.5940228818152913,-0.06643817837031618,-0.5940228818152913,-0.06643817837031618,-0.5275847034449751,0.5921019998653557,-1.158497335038814,-0.5299893546047598,-0.2794821762752979,0.5,-0.9546371073000908,-0.33313023186831436,-0.5127515521634292,0.8333333333333334
chronos2_daily_abs_cross_median,25.0,2019-12-31_2020-11-30,12,0.11915684496331891,-0.050871312509224054,0.11915684496331891,-0.050871312509224054,0.17002815747254296,1.298829410172333,0.5165309024767578,-0.3697685686841572,-0.2358764964179022,0.5833333333333334,0.5429773724779773,1.040438319528476,0.955845406544237,0.861111111111111
chronos2_daily_abs_cross_median,25.0,2020-01-31_2020-12-31,12,0.5499473779930291,-0.013079995771551722,0.5499473779930291,-0.013079995771551722,0.5630273737645808,1.233064447313582,0.7407709415036696,-0.3697685686841572,-0.16758179221927783,0.5833333333333334,0.7331603373315035,0.7458279008435942,1.379711350071561,0.861111111111111
chronos2_daily_abs_cross_median,25.0,2020-02-29_2021-01-31,12,1.032323206985239,0.14471568274700242,1.032323206985239,0.14471568274700242,0.8876075242382366,1.2368582765463079,0.9786553042249045,-0.369768568684157,-0.07033476780972703,0.5833333333333334,0.8534757878958948,0.7606958832652444,1.8234514269631363,0.861111111111111
chronos2_daily_abs_cross_median,25.0,2020-03-31_2021-02-28,12,0.586231562379925,0.3187076559568369,0.586231562379925,0.3187076559568369,0.2675239064230881,1.2544449577458612,0.766452735573848,-0.3697685686841571,-0.07033476780972703,0.5,0.5531359375230895,2.5006443759910093,0.25579318636087534,0.861111111111111
chronos2_daily_abs_cross_median,25.0,2020-04-30_2021-03-31,12,0.46672689467690165,0.2712264885896778,0.46672689467690165,0.2712264885896778,0.19550040608722385,1.256206528515454,0.6998114855043185,-0.36934378305007,-0.07033476780972714,0.5,0.5155827911068929,2.526651830332979,0.2614211963453683,0.8888888888888888
chronos2_daily_abs_cross_median,25.0,2020-05-31_2021-04-30,12,1.1905988636574487,0.2511461011810818,1.1905988636574487,0.2511461011810818,0.9394527624763669,1.263176686974013,1.0437597316999825,-0.36934378305007,-0.07033476780972703,0.5833333333333334,0.8801972649758715,2.1069451297981105,1.1990321527941772,0.9166666666666665
chronos2_daily_abs_cross_median,25.0,2020-06-30_2021-05-31,12,1.5291214014929606,0.22018559574957508,1.5291214014929606,0.22018559574957508,1.3089358057433855,1.2769166635851037,1.1683837574682538,-0.18138276323394797,-0.07033476780972703,0.5833333333333334,1.0289357458096922,2.0204589266675446,1.7620576212970085,0.8888888888888888
chronos2_daily_abs_cross_median,25.0,2020-07-31_2021-06-30,12,2.51065697227713,0.1787337447456181,2.51065697227713,0.1787337447456181,2.3319232275315116,1.2160795210647126,1.466964256427465,-0.18138276323394797,-0.07033476780972703,0.6666666666666666,1.3760840765435631,2.6289178914547917,2.485830658624592,0.8888888888888888
chronos2_daily_abs_cross_median,25.0,2020-08-31_2021-07-31,12,2.2479634487561535,0.17406019021811336,2.2479634487561535,0.17406019021811336,2.0739032585380404,1.230618734763669,1.391710285820206,-0.18138276323394797,-0.0471551797914731,0.6666666666666666,1.3024729250272138,2.664448955704909,2.2815095567190804,0.9166666666666665
chronos2_daily_abs_cross_median,25.0,2020-09-30_2021-08-31,12,2.4102878522850535,0.29094300690606567,2.4102878522850535,0.29094300690606567,2.119344845378988,1.2285554881079679,1.437770468102921,-0.12738785074912118,-0.0471551797914731,0.6666666666666666,1.2695649740617851,3.5099806454029636,1.2330976089323427,0.9166666666666666
chronos2_daily_abs_cross_median,25.0,2020-10-31_2021-09-30,12,3.4890568137407856,0.285307502281577,3.4890568137407856,0.285307502281577,3.203749311459209,1.1793053146661385,1.717394290909226,-0.12738785074912118,-0.04715517979147299,0.75,1.571902834572659,4.056996715155139,1.524477574921876,0.9166666666666666
chronos2_daily_abs_cross_median,25.0,2020-11-30_2021-10-31,12,3.1958047037712625,0.164192612882329,3.1958047037712625,0.164192612882329,3.0316120908889337,1.1849646875556992,1.6475403256937953,-0.12738785074912118,-0.04715517979147299,0.75,1.603282343786806,6.425731978198223,1.4533878673078546,0.9166666666666666
chronos2_daily_abs_cross_median,25.0,2020-12-31_2021-11-30,12,0.45813058867013234,0.10075285366229347,0.45813058867013234,0.10075285366229347,0.35737773500783887,0.6360448991902271,0.8851761156726952,-0.2600542565343008,-0.04715517979147321,0.6666666666666666,0.7624938083609211,2.4144552693790153,0.3710538497755984,0.8888888888888888
chronos2_daily_abs_cross_median,25.0,2021-01-31_2021-12-31,12,0.8707017444207741,0.1311417024200292,0.8707017444207741,0.1311417024200292,0.7395600420007449,0.6096032360506641,1.3285907736696339,-0.2600542565343008,-0.04715517979147299,0.75,1.160174832448884,1.9833846650876301,0.7227030443826192,0.861111111111111
chronos2_daily_abs_cross_median,25.0,2021-02-28_2022-01-31,12,0.24331568176371543,0.1035559333431273,0.24331568176371543,0.1035559333431273,0.13975974842058814,0.6158709433012854,0.633575485026027,-0.3109865272705624,-0.008710521467504728,0.6666666666666666,0.46227038554859273,-0.2703135014272841,0.5077602155890495,0.8333333333333331
chronos2_daily_abs_cross_median,25.0,2021-03-31_2022-02-28,12,0.5421573210958053,0.1814244316261513,0.5421573210958053,0.1814244316261513,0.360732889469654,0.5968699864186625,1.010274781734582,-0.31098652727056253,-0.008710521467504728,0.75,0.7039114245094422,-2.672428774618095,1.751386991954273,0.7777777777777777
chronos2_daily_abs_cross_median,25.0,2021-04-30_2022-03-31,12,0.23915517523180752,0.2056999327796627,0.23915517523180752,0.2056999327796627,0.03345524245214482,0.6424620823048584,0.6294256986298398,-0.3853964187790275,-0.008710521467504728,0.6666666666666666,0.32298854522014475,-3.4282443524880697,1.7515404935361447,0.7222222222222222
chronos2_daily_abs_cross_median,25.0,2021-05-31_2022-04-30,12,0.2812370527869923,0.20202014645819677,0.2812370527869923,0.20202014645819677,0.07921690632879552,0.6662899029914954,0.6746824190488898,-0.3853964187790273,-0.011058901373715124,0.6666666666666666,0.38038684858116617,-3.8980912125152867,2.0783027147001056,0.6944444444444443
chronos2_daily_abs_cross_median,25.0,2021-06-30_2022-05-31,12,-0.009290417309968713,0.1547230806668567,-0.009290417309968713,0.1547230806668567,-0.1640134979768254,0.6037419638389209,0.2578060598145264,-0.3853964187790274,-0.04389760737316839,0.6666666666666666,0.013062935637467313,-1.8004482025921316,0.5127574496024481,0.6944444444444443
chronos2_daily_abs_cross_median,25.0,2021-07-31_2022-06-30,12,0.07584031008774383,0.14515293481688385,0.07584031008774383,0.14515293481688385,-0.06931262472914002,0.6154058695727069,0.3987569365057293,-0.3853964187790275,-0.04389760737316839,0.6666666666666666,0.16643704491709518,-1.9320036189129706,0.6542714275938075,0.6666666666666666
chronos2_daily_abs_cross_median,25.0,2021-08-31_2022-07-31,12,-0.043304511539064006,0.16719366722844042,-0.043304511539064006,0.16719366722844042,-0.21049817876750443,0.6464355554640753,0.22863096476721625,-0.3853964187790274,-0.04389760737316839,0.6666666666666666,-0.015915134353218053,-2.572754805538984,0.7216054162678129,0.6666666666666666
chronos2_daily_abs_cross_median,25.0,2021-09-30_2022-08-31,12,-0.10093999633737505,0.11990803732841937,-0.10093999633737505,0.11990803732841937,-0.22084803366579442,0.6366028901446662,0.12536532869219064,-0.3853964187790273,-0.04389760737316817,0.6666666666666666,-0.05552442427603964,-2.67847692142633,0.47296787142386787,0.6666666666666666
chronos2_daily_abs_cross_median,25.0,2021-10-31_2022-09-30,12,-0.4159141384157782,0.07700156092153554,-0.4159141384157782,0.07700156092153554,-0.4929156993373137,0.6995471902673676,-0.42556732602885294,-0.4412056703405345,-0.04389760737316828,0.5833333333333334,-0.5087561464320073,-4.208168939287477,0.02657700125219864,0.6666666666666666
chronos2_daily_abs_cross_median,25.0,2021-11-30_2022-10-31,12,-0.4018754129112525,0.0837751064100245,-0.4018754129112525,0.0837751064100245,-0.485650519321277,0.7027362720289898,-0.38788546350604347,-0.4181416895787946,-0.04389760737316839,0.5833333333333334,-0.48139544070926554,-4.296656412760332,0.08837087474821703,0.6388888888888888
chronos2_daily_abs_cross_median,25.0,2021-12-31_2022-11-30,12,-0.22872575006353513,0.04089310124175727,-0.22872575006353513,0.04089310124175727,-0.2696188513052924,0.6548282771222087,-0.08914711664687539,-0.4181416895787946,-0.052330809109684795,0.5833333333333334,-0.14699144552154952,-3.078154075889185,0.07774380286919147,0.6666666666666666
chronos2_daily_abs_cross_median,25.0,2022-01-31_2022-12-31,12,-0.21030901500341403,0.03139589518781816,-0.21030901500341403,0.03139589518781816,-0.2417049101912322,0.660885007007628,-0.04788116730995101,-0.4181416895787947,-0.0538908420070876,0.5833333333333334,-0.0940401971343964,-3.271771403538607,0.08316589838648025,0.7222222222222223
chronos2_daily_abs_cross_median,25.0,2022-02-28_2023-01-31,12,-0.1151290848745794,-0.006523085673795559,-0.1151290848745794,-0.006523085673795559,-0.10860599920078384,0.6407786306184761,0.10706752005938966,-0.4181416895787946,-0.053890842007087936,0.5833333333333334,0.10849356339307846,-2.9115406781053648,0.058412862729938064,0.75
chronos2_daily_abs_cross_median,25.0,2022-03-31_2023-02-28,12,-0.28372094725409747,-0.03763942955797195,-0.28372094725409747,-0.03763942955797195,-0.24608151769612552,0.6420097470738207,-0.21903321980208984,-0.43566314101882897,-0.05860315994470999,0.5,-0.15498979298729493,-4.023031659881665,-0.25144723235214395,0.8333333333333334
chronos2_daily_abs_cross_median,25.0,2022-04-30_2023-03-31,12,-0.15919522220235605,-0.0433257664262765,-0.15919522220235605,-0.0433257664262765,-0.11586945577607954,0.6147277727080981,0.0009656195014282209,-0.4619092722801643,-0.052003665957635614,0.5,0.06675868397780603,-3.330428117321361,-0.1313525499472593,0.861111111111111
chronos2_daily_abs_cross_median,25.0,2022-05-31_2023-04-30,12,-0.3688995895880711,-0.07213752035282106,-0.3688995895880711,-0.07213752035282106,-0.29676206923525006,0.4638700439912042,-0.7378604376962675,-0.46190927228016443,-0.07596598010903766,0.5,-0.542608725170748,-2.37843032145357,-0.4083393144174814,0.861111111111111
chronos2_daily_abs_cross_median,25.0,2022-06-30_2023-05-31,12,-0.26763983431256,-0.0361282154897381,-0.26763983431256,-0.0361282154897381,-0.2315116188228219,0.5017924921963214,-0.36165355199986743,-0.46190927228016443,-0.07596598010903755,0.5,-0.27836151663129505,-2.2625672086065056,-0.2307408408909497,0.8888888888888887
chronos2_daily_abs_cross_median,25.0,2022-07-31_2023-06-30,12,-0.1872885852974624,-0.0028433046031512976,-0.1872885852974624,-0.0028433046031512976,-0.1844452806943111,0.5548188534514561,-0.1027998448498309,-0.3526021813831568,-0.07596598010903743,0.5,-0.10216017339237954,0.008545015700641541,-0.05556974814572502,0.9166666666666665
chronos2_daily_abs_cross_median,25.0,2022-08-31_2023-07-31,12,0.04711382736178904,-0.031389184091800915,0.04711382736178904,-0.031389184091800915,0.07850301145358995,0.5045740326436866,0.33494373356987645,-0.3526021813831567,-0.0655917893195096,0.5833333333333334,0.40180992667338267,1.4958957909485475,0.2348925211071733,0.8888888888888888
chronos2_daily_abs_cross_median,25.0,2022-09-30_2023-08-31,12,-0.09213369541450445,-0.014331580574544756,-0.09213369541450445,-0.014331580574544756,-0.07780211483995969,0.5100890333965644,0.05483594304743291,-0.21004233925844207,-0.06559178931950937,0.5,0.08053221553543388,1.7877885808823297,0.05063148263885231,0.861111111111111
chronos2_daily_abs_cross_median,25.0,2022-10-31_2023-09-30,12,0.2803032394847198,-0.04883569016310929,0.2803032394847198,-0.04883569016310929,0.3291389296478291,0.39149078866886,0.8050191309635786,-0.21004233925844207,-0.06327241269436523,0.5833333333333334,0.9991305188437933,2.390385111115135,0.5232333029120158,0.8333333333333331
chronos2_daily_abs_cross_median,25.0,2022-11-30_2023-10-31,12,0.125280101451827,-8.074453772832779e-05,0.125280101451827,-8.074453772832779e-05,0.12536084598955533,0.3969713756682494,0.46741934555228176,-0.21004233925844218,-0.04084242285001627,0.5,0.4732874264643304,1.0947326873328531,0.19726122164322657,0.8055555555555555
chronos2_daily_abs_cross_median,25.0,2022-12-31_2023-11-30,12,0.14301757118973457,0.06162621592425688,0.14301757118973457,0.06162621592425688,0.0813913552654777,0.3947157901311075,0.5081937792190477,-0.21004233925844218,-0.04084242285001627,0.5,0.3513590428059143,0.7289213255538671,0.16570035390003768,0.7777777777777778
chronos2_daily_abs_cross_median,25.0,2023-01-31_2023-12-31,12,-0.05144450861587069,0.05389394652891433,-0.05144450861587069,0.05389394652891433,-0.10533845514478501,0.3724483258510416,0.0149841452924601,-0.21265967875468028,-0.04084242285001627,0.4166666666666667,-0.13962224874757928,0.9489362235487964,-0.04674391125390931,0.7222222222222222
chronos2_daily_abs_cross_median,25.0,2023-02-28_2024-01-31,12,-0.025597759488171445,0.06910062416905749,-0.025597759488171445,0.06910062416905749,-0.09469838365722894,0.3681979541078395,0.08413073576833734,-0.24619464799031532,-0.04084242285001627,0.4166666666666667,-0.1100064154521829,0.8367154337588842,-0.02778989720479841,0.7222222222222222
chronos2_daily_abs_cross_median,25.0,2023-03-31_2024-02-29,12,-0.04498709531539946,0.07105311702696282,-0.04498709531539946,0.07105311702696282,-0.11604021234236228,0.374524934084476,0.035480409481966915,-0.3432566048059055,-0.04084242285001627,0.4166666666666667,-0.16116542427451805,0.8365309256581215,-0.046330994726900165,0.7222222222222222
chronos2_daily_abs_cross_median,25.0,2023-04-30_2024-03-31,12,-0.008496827515654615,0.04605177038880415,-0.008496827515654615,0.04605177038880415,-0.05454859790445876,0.37122953686560844,0.1339345379584422,-0.3498737920453614,-0.028914327222309355,0.4166666666666667,0.002653732669713409,0.9292573433106801,0.004418583427820755,0.75
chronos2_daily_abs_cross_median,25.0,2023-05-31_2024-04-30,12,0.06969464521733815,0.05087612226469651,0.06969464521733815,0.05087612226469651,0.018818522952641636,0.3864594500420866,0.3392161196108315,-0.3498737920453614,-0.04720745865673304,0.4166666666666667,0.20180763650351588,0.5203982199465567,0.10846195464604125,0.7499999999999999
chronos2_daily_abs_cross_median,25.0,2023-06-30_2024-05-31,12,-0.03841309058774611,0.06029804021364593,-0.03841309058774611,0.06029804021364593,-0.09871113080139204,0.35238916901139866,0.03848014642763566,-0.3498737920453613,-0.04720745865673304,0.4166666666666667,-0.13862916765037886,0.5736761238251853,-0.021893137321837508,0.6944444444444445
chronos2_daily_abs_cross_median,25.0,2023-07-31_2024-06-30,12,-0.3582401470884512,0.046802268590376395,-0.3582401470884512,0.046802268590376395,-0.4050424156788276,0.2534214437312103,-1.5984014188167417,-0.3644394066820502,-0.04720745865673304,0.3333333333333333,-1.5065903277737753,-1.444626005708625,-0.28759479186937287,0.6944444444444443
chronos2_daily_abs_cross_median,25.0,2023-08-31_2024-07-31,12,-0.2558323729703693,0.10318514893952901,-0.2558323729703693,0.10318514893952901,-0.35901752190989833,0.32477895970688775,-0.7510934806843019,-0.3088015901063056,-0.04720745865673315,0.3333333333333333,-1.0335497350264575,0.127737124383453,-0.22886159506628245,0.6666666666666666
chronos2_daily_abs_cross_median,25.0,2023-09-30_2024-08-31,12,0.1786533212507364,0.08473288946892565,0.1786533212507364,0.08473288946892565,0.09392043178181075,0.5685268473627146,0.5152228728894068,-0.29986978794519126,-0.04720745865673315,0.4166666666666667,0.3448207894473447,-1.2402286816829058,0.48202444751510565,0.6666666666666666
chronos2_daily_abs_cross_median,25.0,2023-10-31_2024-09-30,12,0.23638212060366537,0.12170948346779942,0.23638212060366537,0.12170948346779942,0.11467263713586595,0.5671329278755992,0.6017492375743801,-0.25579709824370245,-0.047207458656732815,0.4166666666666667,0.37009597926673393,-1.6046448054264941,0.6844688006267643,0.6944444444444443
chronos2_daily_abs_cross_median,25.0,2023-11-30_2024-10-31,12,-0.022124689250747065,0.004734660022875703,-0.022124689250747065,0.004734660022875703,-0.026859349273622768,0.6308344001850132,0.22917382537631703,-0.2559224097515236,-0.07254414974326939,0.4166666666666667,0.2150757272867461,0.8004437038165577,0.14536285961489437,0.75
chronos2_daily_abs_cross_median,25.0,2023-12-31_2024-11-30,12,-0.05792696391665919,-0.026522408525777696,-0.05792696391665919,-0.026522408525777696,-0.031404555390881495,0.6344518542360318,0.17193805048323846,-0.3052498683569187,-0.07702368625268241,0.4166666666666667,0.20928304144511123,1.0087995809108476,0.13931596095762244,0.7499999999999999
chronos2_daily_abs_cross_median,25.0,2024-01-31_2024-12-31,12,-0.03088899645764387,-0.013699490369203038,-0.03088899645764387,-0.013699490369203038,-0.01718950608844083,0.6323197464107573,0.21569359538208566,-0.320162434313904,-0.07702368625268208,0.4166666666666667,0.23246003951413036,0.9489767774540052,0.1547430666113303,0.7777777777777777
chronos2_daily_abs_cross_median,25.0,2024-02-29_2025-01-31,12,-0.012715600175007391,-0.14290566323586873,-0.012715600175007391,-0.14290566323586873,0.13019006306086134,0.6309016871415278,0.2446359600696932,-0.33691281877476675,-0.18252959118595857,0.5,0.47419557727522205,0.6691098723158226,0.27973160884484916,0.7777777777777778
chronos2_daily_abs_cross_median,25.0,2024-03-31_2025-02-28,12,0.2409445459974937,-0.10676537761977256,0.2409445459974937,-0.10676537761977256,0.34770992361726627,0.6156099785820226,0.6143268791169645,-0.33691281877476664,-0.1825295911859588,0.5833333333333334,0.7926136080050199,0.7905647656705836,0.5660652904367938,0.7777777777777778
chronos2_daily_abs_cross_median,25.0,2024-04-30_2025-03-31,12,0.8895560419332176,-0.06461005552580057,0.8895560419332176,-0.06461005552580057,0.9541660974590181,0.7744262186418659,1.1564627219400285,-0.33691281877476675,-0.18252959118595868,0.6666666666666666,1.2889744981441627,1.5140726351543257,1.5550809739527338,0.7777777777777777
chronos2_daily_abs_cross_median,25.0,2024-05-31_2025-04-30,12,0.5329523678674644,0.02942056800377868,0.5329523678674644,0.02942056800377868,0.5035317998636857,0.7913202877427103,0.866279873163683,-0.33691281877476653,-0.18252959118595857,0.5833333333333334,0.8363443910407081,1.1022838485855688,0.86029344612165,0.8055555555555555
chronos2_daily_abs_cross_median,25.0,2024-06-30_2025-05-31,12,0.4311331097875486,-0.019239253194651806,0.4311331097875486,-0.019239253194651806,0.4503723629822004,0.7954759915087726,0.7744638044210637,-0.33691281877476686,-0.18252959118595835,0.5833333333333334,0.8072603464823049,1.1571478590459152,0.8314895871340402,0.8055555555555555
chronos2_daily_abs_cross_median,25.0,2024-07-31_2025-06-30,12,0.5213397765815002,0.03150250800801424,0.5213397765815002,0.03150250800801424,0.489837268573486,0.7817754923246054,0.8557634104586648,-0.33691281877476664,-0.1825295911859589,0.5833333333333334,0.8069331086952638,0.7737745881549452,0.8495212872159499,0.8055555555555555
chronos2_daily_abs_cross_median,25.0,2024-08-31_2025-07-31,12,0.2740069590417211,0.02082724764079913,0.2740069590417211,0.02082724764079913,0.253179711400922,0.7743328493235065,0.6181549054649305,-0.33691281877476675,-0.1720911800730176,0.5,0.5695547836019488,0.5222316226674544,0.5685242695543387,0.8611111111111112
chronos2_daily_abs_cross_median,25.0,2024-09-30_2025-08-31,12,0.08294202004879292,0.07082064647411035,0.08294202004879292,0.07082064647411035,0.01212137357468257,0.669947623959996,0.3884550227550998,-0.33691281877476675,-0.1720911800730176,0.5,0.27028941442437937,0.9627235746007602,0.1922700611112893,0.8888888888888888
chronos2_daily_abs_cross_median,25.0,2024-10-31_2025-09-30,12,0.5885531563316044,0.07787885846139209,0.5885531563316044,0.07787885846139209,0.5106742978702123,0.8350337122445645,0.8906833594104598,-0.22823492252982092,-0.11858833109117162,0.5,0.8028510310454664,1.0350651154173953,0.8788963063952255,0.8888888888888888
chronos2_daily_abs_cross_median,25.0,2024-11-30_2025-10-31,12,1.2965968359768993,0.1960061542824556,1.2965968359768993,0.1960061542824556,1.1005906816944437,0.7597627819081911,1.415439136465621,-0.2282349225298208,-0.11795970406671652,0.5833333333333334,1.1499752025453949,0.38243532613476516,1.6142095842417965,0.8888888888888888
chronos2_daily_abs_cross_median,25.0,2024-12-31_2025-11-30,12,1.556143317037125,0.22133541890163522,1.556143317037125,0.22133541890163522,1.3348078981354898,0.7432895341371504,1.5887744717866938,-0.22823492252982103,-0.11795970406671652,0.6666666666666666,1.2798982966614736,0.27094062858953183,1.9233446610869693,0.9166666666666666
chronos2_daily_abs_cross_median,25.0,2025-01-31_2025-12-31,12,1.7542335106183589,0.17166648362633885,1.7542335106183589,0.17166648362633885,1.58256702699202,0.7337549596715475,1.7127676378156202,-0.22823492252982103,-0.03669877287899381,0.75,1.451996428431385,0.27952722853223494,2.1599557039375186,0.9444444444444443
chronos2_daily_abs_cross_median,25.0,2025-02-28_2026-01-31,12,1.210159352318334,0.31334945156909844,1.210159352318334,0.31334945156909844,0.8968099007492356,0.7936644405468033,1.3407150773009568,-0.22823492252982092,-0.04758367670999886,0.6666666666666666,0.9755884117297702,0.13406209033874142,1.6768565267344981,0.9166666666666665
chronos2_daily_abs_cross_median,25.0,2025-03-31_2026-02-28,12,0.6647326047923239,0.08257309459079365,0.6647326047923239,0.08257309459079365,0.5821595102015302,0.8361563447045312,0.9493819940591539,-0.35441148127862265,-0.18488813271044613,0.5833333333333334,0.859738234287112,1.0628955750356397,0.9507769881249806,0.8888888888888887
chronos2_daily_abs_cross_median,25.0,2025-04-30_2026-03-31,12,0.18650026553571197,0.028079656548997578,0.18650026553571197,0.028079656548997578,0.1584206089867144,0.6854555280014291,0.5263884949702117,-0.35441148127862276,-0.19546042589812018,0.5833333333333334,0.4637827592393639,0.6770770344080055,0.3824978841503195,0.8333333333333331
chronos2_daily_abs_cross_median,25.0,2025-05-31_2026-04-30,12,0.1866213513659818,-0.14610708694572017,0.1866213513659818,-0.14610708694572017,0.33272843831170196,0.6854369136558025,0.5265372542510149,-0.37355708076796224,-0.29138146686445754,0.6666666666666666,0.764355278235283,1.0202532788786467,0.6246280487355644,0.8055555555555555
chronos2_daily_abs_cross_median,25.0,2025-06-30_2026-05-31,12,0.369534264071524,-0.18541351506394133,0.369534264071524,-0.18541351506394133,0.5549477791354653,0.6889870073821133,0.7421802392813432,-0.37355708076796224,-0.34737666250868915,0.6666666666666666,1.0360243875747024,0.8035170015673845,0.8883524053584664,0.8333333333333331
chronos2_daily_abs_cross_median,25.0,2025-07-31_2026-06-30,12,1.0600908073658735,-0.1667764227923394,1.0600908073658735,-0.1667764227923394,1.2268672301582129,0.728299540141918,1.320347400870839,-0.37355708076796224,-0.34737666250868904,0.75,1.7726827267043126,1.5909193715291126,2.1453705126669838,0.8055555555555554
chronos2_daily_abs_cross_lower10,25.0,2019-01-31_2019-12-31,12,-0.06974622298740307,-0.0907583313333864,-0.06974622298740307,-0.0907583313333864,0.021012108345983327,0.07566113851684002,-0.9177449062296771,-0.06243827424040971,-0.08173242622854304,0.5833333333333334,0.23935089642525195,0.4115137625931724,-0.03186137433188241,0.6944444444444445
chronos2_daily_abs_cross_lower10,25.0,2019-02-28_2020-01-31,12,-0.05068754660121799,-0.15374678206850467,-0.05068754660121799,-0.15374678206850467,0.10305923546728668,0.07341328845610265,-0.6730898037757524,-0.054684213376273716,-0.157070533612218,0.6666666666666666,0.9475970535778753,0.24799849793138395,-0.010063346855632482,0.6666666666666666
chronos2_daily_abs_cross_lower10,25.0,2019-03-31_2020-02-29,12,-0.04443157471813297,-0.2983301643039218,-0.04443157471813297,-0.2983301643039218,0.2538985895857888,0.073307429524791,-0.5849037196773103,-0.05468421337627383,-0.2968733323797681,0.75,1.4987210765853107,0.09411839611148279,-0.011754124316602721,0.6666666666666666
chronos2_daily_abs_cross_lower10,25.0,2019-04-30_2020-03-31,12,0.18986123928217347,-0.26938100433105683,0.18986123928217347,-0.26938100433105683,0.4592422436132303,0.2596190263441956,0.7792536108450331,-0.04966837091850673,-0.2897384073692094,0.75,1.8752301532243008,0.48595536157373775,0.4019571158330957,0.75
chronos2_daily_abs_cross_lower10,25.0,2019-05-31_2020-04-30,12,0.49156860614876075,-0.23441422140073764,0.49156860614876075,-0.23441422140073764,0.7259828275494984,0.31967073402274887,1.4015762135988752,-0.04966837091850673,-0.2897384073692094,0.75,2.2555943321144216,0.5968260867074132,0.7838421607555903,0.7777777777777778
chronos2_daily_abs_cross_lower10,25.0,2019-06-30_2020-05-31,12,0.5251372880224843,-0.22854562482453433,0.5251372880224843,-0.22854562482453433,0.7536829128470186,0.3163075146935579,1.4864117841973317,-0.04966837091850684,-0.2897384073692095,0.75,2.338252838186237,0.6033308641224789,0.8163455586630504,0.7499999999999999
chronos2_daily_abs_cross_lower10,25.0,2019-07-31_2020-06-30,12,0.5354853605779617,-0.1941752572672133,0.5354853605779617,-0.1941752572672133,0.729660617845175,0.31529191566149134,1.5125566559860584,-0.04966837091850673,-0.2827760862119635,0.75,2.1275801458012285,0.5113794295599823,0.7521384098448416,0.75
chronos2_daily_abs_cross_lower10,25.0,2019-08-31_2020-07-31,12,0.4873080389080038,-0.1722348942847023,0.4873080389080038,-0.1722348942847023,0.6595429331927061,0.3179539077363347,1.3981856059568396,-0.04966837091850673,-0.27948217627529803,0.6666666666666666,1.8865309691626726,0.47283129769607835,0.6664701862586822,0.75
chronos2_daily_abs_cross_lower10,25.0,2019-09-30_2020-08-31,12,0.5653584694033169,-0.21057570090232802,0.5653584694033169,-0.21057570090232802,0.7759341703056449,0.316776496844,1.5700967495707412,-0.04966837091850673,-0.27948217627529803,0.6666666666666666,2.1346561451931527,0.41516388458027415,0.7684715866590828,0.7222222222222222
chronos2_daily_abs_cross_lower10,25.0,2019-10-31_2020-09-30,12,0.5301675424767553,-0.1766274605970889,0.5301675424767553,-0.1766274605970889,0.7067950030738442,0.3191929097888182,1.486279852091236,-0.04966837091850673,-0.2794821762752979,0.5833333333333334,1.8415985095688316,0.3370433707945993,0.6797319916077564,0.6944444444444443
chronos2_daily_abs_cross_lower10,25.0,2019-11-30_2020-10-31,12,1.3056001190060758,-0.06643817837031618,1.3056001190060758,-0.06643817837031618,1.3720382973763918,0.5486771286927841,1.7800202009612098,-0.04966837091850673,-0.2794821762752979,0.5833333333333334,2.0779774687641783,0.9682604026242047,1.640409763951256,0.638888888888889
chronos2_daily_abs_cross_lower10,25.0,2019-12-31_2020-11-30,12,1.4418482847233025,-0.050871312509224054,1.4418482847233025,-0.050871312509224054,1.4927195972325267,0.5437995545888102,1.9060850384201626,-0.004272655736609066,-0.2358764964179022,0.6666666666666666,2.208297413590404,0.9809891293654155,1.747518534625668,0.6666666666666666
chronos2_daily_abs_cross_lower10,25.0,2020-01-31_2020-12-31,12,1.7222605881473019,-0.013079995771551722,1.7222605881473019,-0.013079995771551722,1.7353405839188536,0.5255216046501442,2.18093573466637,-0.0024986111111112708,-0.16758179221927783,0.6666666666666666,2.395233641773188,0.9086820861061338,1.9407834493719092,0.638888888888889
chronos2_daily_abs_cross_lower10,25.0,2020-02-29_2021-01-31,12,2.2840991965725506,0.14471568274700242,2.2840991965725506,0.14471568274700242,2.139383513825548,0.5239064242508803,2.580569408760167,-0.0024986111111112708,-0.07033476780972703,0.6666666666666666,2.511606840911141,0.916501955984609,2.1379321554595667,0.6666666666666666
chronos2_daily_abs_cross_lower10,25.0,2020-03-31_2021-02-28,12,2.2415156129743523,0.3187076559568369,2.2415156129743523,0.3187076559568369,1.9228079570175154,0.5271381646616398,2.5401915426015056,-0.014611650485436889,-0.07033476780972703,0.6666666666666666,2.2210392734640823,1.5060893090545726,1.3783380109045642,0.6666666666666666
chronos2_daily_abs_cross_lower10,25.0,2020-04-30_2021-03-31,12,1.7746160228631083,0.2712264885896778,1.7746160228631083,0.2712264885896778,1.5033895342734305,0.507702740493937,2.284168070334339,-0.014611650485436889,-0.07033476780972714,0.6666666666666666,1.996191749677156,1.4373805043801544,1.1551697036341975,0.611111111111111
chronos2_daily_abs_cross_lower10,25.0,2020-05-31_2021-04-30,12,1.3011784835531328,0.2511461011810818,1.3011784835531328,0.2511461011810818,1.050032382372051,0.49726169188213837,1.9152623803159792,-0.014611650485436778,-0.07033476780972703,0.6666666666666666,1.6491421449686876,1.5503057323506804,0.764553422876179,0.5833333333333334
chronos2_daily_abs_cross_lower10,25.0,2020-06-30_2021-05-31,12,1.2260807967231293,0.22018559574957508,1.2260807967231293,0.22018559574957508,1.0058952009735542,0.5036530124616475,1.8258383645755356,-0.027797619047618904,-0.07033476780972703,0.6666666666666666,1.6261838061265783,1.637698064296314,0.7446595314534874,0.611111111111111
chronos2_daily_abs_cross_lower10,25.0,2020-07-31_2021-06-30,12,1.2260807967231289,0.1787337447456181,1.2260807967231289,0.1787337447456181,1.0473470519775108,0.5036530124616475,1.8258383645755356,-0.028607787698412657,-0.07033476780972703,0.6666666666666666,1.7421545848108926,1.8200946683441614,0.7883558863129052,0.611111111111111
chronos2_daily_abs_cross_lower10,25.0,2020-08-31_2021-07-31,12,1.265806648557239,0.17406019021811336,1.265806648557239,0.17406019021811336,1.0917464583391256,0.5009393124718259,1.87129433324056,-0.02860778769841288,-0.0471551797914731,0.75,1.810401244433014,1.8320796667114723,0.8280639892450354,0.6388888888888888
chronos2_daily_abs_cross_lower10,25.0,2020-09-30_2021-08-31,12,1.1405261662279327,0.29094300690606567,1.1405261662279327,0.29094300690606567,0.849583159321867,0.5067457154068128,1.7342853829101332,-0.028607787698412657,-0.0471551797914731,0.6666666666666666,1.4475199427901737,2.5618165493674825,0.2146747679507317,0.6388888888888888
chronos2_daily_abs_cross_lower10,25.0,2020-10-31_2021-09-30,12,1.1932164592140055,0.285307502281577,1.1932164592140055,0.285307502281577,0.9079089569324286,0.5033676723760367,1.794744260799097,-0.028607787698412657,-0.04715517979147299,0.6666666666666666,1.5420150339120198,2.660025858819759,0.2274370567062367,0.6388888888888888
chronos2_daily_abs_cross_lower10,25.0,2020-11-30_2021-10-31,12,0.4355762238860523,0.164192612882329,0.4355762238860523,0.164192612882329,0.2713836110037233,0.22129706289274387,1.7512595304318643,-0.028607787698412657,-0.04715517979147299,0.5833333333333334,1.2723467532143553,1.145636419318081,0.22615325280374354,0.6944444444444443
chronos2_daily_abs_cross_lower10,25.0,2020-12-31_2021-11-30,12,0.4000152748443968,0.10075285366229347,0.4000152748443968,0.10075285366229347,0.29926242118210333,0.21752421878878583,1.6594401924889701,-0.028607787698412657,-0.04715517979147321,0.5833333333333334,1.4427206283460068,1.264784026203754,0.26024146114833635,0.6666666666666666
chronos2_daily_abs_cross_lower10,25.0,2021-01-31_2021-12-31,12,0.35487391769747223,0.1311417024200292,0.35487391769747223,0.1311417024200292,0.22373221527744303,0.21436902691150342,1.5238257690300174,-0.028607787698412768,-0.04715517979147299,0.5833333333333334,1.1879516937093628,1.525000445384215,0.13999815179086283,0.6666666666666666
chronos2_daily_abs_cross_lower10,25.0,2021-02-28_2022-01-31,12,0.09818568535556227,0.1035559333431273,0.09818568535556227,0.1035559333431273,-0.005370247987565024,0.10185903282189065,0.9689972250371819,-0.028607787698412546,-0.008710521467504728,0.5,-0.02562724548493522,0.13025380954469812,0.08886115230644309,0.6666666666666666
chronos2_daily_abs_cross_lower10,25.0,2021-03-31_2022-02-28,12,0.11261248057181938,0.1814244316261513,0.11261248057181938,0.1814244316261513,-0.06881195105433191,0.099487905250943,1.122207806934353,-0.02860778769841288,-0.008710521467504728,0.4166666666666667,-0.4743141062034447,-0.1879282200927076,0.15332721983530728,0.6666666666666666
chronos2_daily_abs_cross_lower10,25.0,2021-04-30_2022-03-31,12,0.03532711440844283,0.2056999327796627,0.03532711440844283,0.2056999327796627,-0.17037281837121987,0.07904294927995219,0.47581924255544367,-0.0343341796629143,-0.008710521467504728,0.3333333333333333,-1.5564011701753757,0.019804527460174037,0.0343754155914997,0.6944444444444445
chronos2_daily_abs_cross_lower10,25.0,2021-05-31_2022-04-30,12,0.019698767556902252,0.20202014645819677,0.019698767556902252,0.20202014645819677,-0.18232137890129452,0.07957597707313076,0.281504545576758,-0.04172346083467082,-0.011058901373715124,0.3333333333333333,-1.7362205408069147,0.1358434679613432,-0.003006702718985732,0.6944444444444445
chronos2_daily_abs_cross_lower10,25.0,2021-06-30_2022-05-31,12,0.02091830886457502,0.1547230806668567,0.02091830886457502,0.1547230806668567,-0.13380477180228167,0.0791102594516262,0.2978594169117193,-0.06724704391574599,-0.04389760737316839,0.4166666666666667,-1.3181200706994087,0.2858546344457176,-0.018432976361497433,0.638888888888889
chronos2_daily_abs_cross_lower10,25.0,2021-07-31_2022-06-30,12,0.021567430522879016,0.14515293481688385,0.021567430522879016,0.14515293481688385,-0.12358550429400483,0.07908830432536572,0.30597478929653116,-0.0674317680214237,-0.04389760737316839,0.4166666666666667,-1.2226177388300512,0.2876735961907435,-0.0156916450137633,0.6666666666666666
chronos2_daily_abs_cross_lower10,25.0,2021-08-31_2022-07-31,12,0.055539980526893684,0.16719366722844042,0.055539980526893684,0.16719366722844042,-0.11165368670154674,0.09186330796363108,0.6312791778039255,-0.06743176802142348,-0.04389760737316839,0.4166666666666667,-1.0362075775113413,0.4245614605261415,-0.009289062169721585,0.638888888888889
chronos2_daily_abs_cross_lower10,25.0,2021-09-30_2022-08-31,12,0.02743262273606506,0.11990803732841937,0.02743262273606506,0.11990803732841937,-0.09247541459235431,0.09692601264137779,0.32341068940462214,-0.06743176802142381,-0.04389760737316817,0.4166666666666667,-0.893992109620217,0.5123253135816775,-0.028299127232151777,0.6666666666666666
chronos2_daily_abs_cross_lower10,25.0,2021-10-31_2022-09-30,12,0.031375293596886955,0.07700156092153554,0.031375293596886955,0.07700156092153554,-0.045626267324648584,0.09789728347726673,0.3602982121039971,-0.06743176802142381,-0.04389760737316828,0.5,-0.43045740411194283,0.5172137883314479,-0.004535686386154092,0.6944444444444445
chronos2_daily_abs_cross_lower10,25.0,2021-11-30_2022-10-31,12,0.07007394135741518,0.0837751064100245,0.07007394135741518,0.0837751064100245,-0.013701165052609321,0.09428994230471811,0.7630516912716927,-0.06743176802142348,-0.04389760737316839,0.5833333333333334,-0.11485566797732154,0.4324145996673849,0.036561813711589286,0.6666666666666666
chronos2_daily_abs_cross_lower10,25.0,2021-12-31_2022-11-30,12,0.25632423666478377,0.04089310124175727,0.25632423666478377,0.04089310124175727,0.2154311354230265,0.2411215114935712,1.053767208208789,-0.06743176802142348,-0.052330809109684795,0.5833333333333334,0.7528838526714213,-0.9376833166111428,0.33801296466209685,0.6944444444444443
chronos2_daily_abs_cross_lower10,25.0,2022-01-31_2022-12-31,12,0.2212023852634566,0.03139589518781816,0.2212023852634566,0.03139589518781816,0.18980649007563843,0.24172829092860607,0.9320362500605102,-0.04379218595190115,-0.0538908420070876,0.5833333333333334,0.6820634285305307,-0.9290264360561641,0.28959816117369974,0.6944444444444443
chronos2_daily_abs_cross_lower10,25.0,2022-02-28_2023-01-31,12,0.24489528314915687,-0.006523085673795559,0.24489528314915687,-0.006523085673795559,0.25141836882295243,0.23873599542169746,1.022975916932999,-0.042195845694725787,-0.053890842007087936,0.5833333333333334,0.9258382274150064,-0.8551799202358754,0.26921715885787223,0.6944444444444443
chronos2_daily_abs_cross_lower10,25.0,2022-03-31_2023-02-28,12,0.25880462146673655,-0.03763942955797195,0.25880462146673655,-0.03763942955797195,0.2964440510247085,0.23787272732613882,1.0735810444516445,-0.034274370762087836,-0.05860315994470999,0.6666666666666666,1.1087804985113574,-0.853169062452052,0.24912025479382005,0.6944444444444445
chronos2_daily_abs_cross_lower10,25.0,2022-04-30_2023-03-31,12,0.2660424680661613,-0.0433257664262765,0.2660424680661613,-0.0433257664262765,0.3093682344924378,0.23716895518505307,1.1008112981091216,-0.02682764957299799,-0.052003665957635614,0.6666666666666666,1.1641409681524093,-0.8384390467764832,0.25055687288513107,0.7222222222222223
chronos2_daily_abs_cross_lower10,25.0,2022-05-31_2023-04-30,12,0.2865184259431033,-0.07213752035282106,0.2865184259431033,-0.07213752035282106,0.35865594629592434,0.23553534868057038,1.1765864844379033,-0.02604103667617863,-0.07596598010903766,0.6666666666666666,1.340914548550471,-0.5761938115118779,0.26283569865471934,0.6944444444444445
chronos2_daily_abs_cross_lower10,25.0,2022-06-30_2023-05-31,12,0.31951947481440124,-0.0361282154897381,0.31951947481440124,-0.0361282154897381,0.35564769030413934,0.23106552677048875,1.3074036961763933,-0.02604103667617852,-0.07596598010903755,0.5833333333333334,1.2853843074949534,-1.04791976176649,0.30090807727917857,0.7222222222222222
chronos2_daily_abs_cross_lower10,25.0,2022-07-31_2023-06-30,12,0.3267039428302929,-0.0028433046031512976,0.3267039428302929,-0.0028433046031512976,0.3295472474334442,0.23047680267310125,1.3343625162299593,-0.02604103667617863,-0.07596598010903743,0.5833333333333334,1.1484518285551815,-0.8666299317666102,0.35510497630710636,0.7222222222222222
chronos2_daily_abs_cross_lower10,25.0,2022-08-31_2023-07-31,12,0.2575841934934653,-0.031389184091800915,0.2575841934934653,-0.031389184091800915,0.2889733775852662,0.23067294293477855,1.09609238649938,-0.005800578211433094,-0.0655917893195096,0.5,1.046554824623722,-1.2630049240030599,0.23850071637238557,0.6944444444444445
chronos2_daily_abs_cross_lower10,25.0,2022-09-30_2023-08-31,12,0.27261839423314016,-0.014331580574544756,0.27261839423314016,-0.014331580574544756,0.2869499748076849,0.22836105297755846,1.1581763326925107,-0.01908815248268325,-0.06559178931950937,0.5,1.02283385605831,-1.5173358379653001,0.2759924772966593,0.638888888888889
chronos2_daily_abs_cross_lower10,25.0,2022-10-31_2023-09-30,12,0.23124095659922483,-0.04883569016310929,0.23124095659922483,-0.04883569016310929,0.2800766467623341,0.23003101319209243,1.0046310447569966,-0.025515945010190055,-0.06327241269436523,0.5,1.0299987193356188,-1.261233375579966,0.18552520035008158,0.5833333333333333
chronos2_daily_abs_cross_lower10,25.0,2022-11-30_2023-10-31,12,0.006345664634177295,-8.074453772832779e-05,0.006345664634177295,-8.074453772832779e-05,0.006426409171905623,0.2988246528901062,0.153453931638061,-0.1922491021803927,-0.04084242285001627,0.4166666666666667,0.11561048995868847,-2.0316903977781173,0.054908027483520305,0.6388888888888888
chronos2_daily_abs_cross_lower10,25.0,2022-12-31_2023-11-30,12,-0.20067766277894217,0.06162621592425688,-0.20067766277894217,0.06162621592425688,-0.26230387870319904,0.1709738385925106,-1.2100446204774755,-0.2117623518914561,-0.04084242285001627,0.3333333333333333,-1.1601478528800937,-1.1120591851519268,-0.1280734258815952,0.6388888888888888
chronos2_daily_abs_cross_lower10,25.0,2023-01-31_2023-12-31,12,-0.20274043379550166,0.05389394652891433,-0.20274043379550166,0.05389394652891433,-0.256634380324416,0.170693876547363,-1.2271617027204371,-0.21307608130497047,-0.04084242285001627,0.3333333333333333,-1.1371178983576273,-1.1025540754330374,-0.1379033041897465,0.6388888888888888
chronos2_daily_abs_cross_lower10,25.0,2023-02-28_2024-01-31,12,-0.19769529562571153,0.06910062416905749,-0.19769529562571153,0.06910062416905749,-0.266795919794769,0.17127745874798359,-1.1862483039251674,-0.21307608130497036,-0.04084242285001627,0.3333333333333333,-1.1742831942891265,-1.0610433862977964,-0.1209275638582269,0.638888888888889
chronos2_daily_abs_cross_lower10,25.0,2023-03-31_2024-02-29,12,-0.20941221036393964,0.07105311702696282,-0.20941221036393964,0.07105311702696282,-0.28046532739090246,0.16942112451404454,-1.2862636053407261,-0.21682702108799912,-0.04084242285001627,0.25,-1.258001368951931,-1.0403785071102996,-0.13356197983943874,0.6666666666666666
chronos2_daily_abs_cross_lower10,25.0,2023-04-30_2024-03-31,12,-0.17242564710611252,0.04605177038880415,-0.17242564710611252,0.04605177038880415,-0.21847741749491667,0.18021034892022347,-0.9502981421308931,-0.21682702108799934,-0.028914327222309355,0.3333333333333333,-0.9051400992470874,-1.1597371187915144,-0.10886223962248287,0.6666666666666666
chronos2_daily_abs_cross_lower10,25.0,2023-05-31_2024-04-30,12,-0.1967773705274526,0.05087612226469651,-0.1967773705274526,0.05087612226469651,-0.2476534927921491,0.17857397443092252,-1.1251699980749008,-0.21682702108799912,-0.04720745865673304,0.3333333333333333,-1.081374022130984,-1.0345327588259703,-0.13653330054560275,0.6944444444444443
chronos2_daily_abs_cross_lower10,25.0,2023-06-30_2024-05-31,12,-0.19338473477474838,0.06029804021364593,-0.19338473477474838,0.06029804021364593,-0.2536827749883943,0.17901161321299264,-1.0988635568184844,-0.21682702108799912,-0.04720745865673304,0.3333333333333333,-1.103105600279576,-0.9997675876660909,-0.1265421076941019,0.6944444444444445
chronos2_daily_abs_cross_lower10,25.0,2023-07-31_2024-06-30,12,0.17544999636614267,0.046802268590376395,0.17544999636614267,0.046802268590376395,0.12864772777576627,0.5148145971011143,0.5107694536875226,-0.21308196319575556,-0.04720745865673304,0.4166666666666667,0.415991491353695,0.5275120785065426,0.26468091749675926,0.6666666666666666
chronos2_daily_abs_cross_lower10,25.0,2023-08-31_2024-07-31,12,0.18081230883060284,0.10318514893952901,0.18081230883060284,0.10318514893952901,0.07762715989107383,0.5145779576423982,0.5198275183726367,-0.2015867879522426,-0.04720745865673315,0.4166666666666667,0.31667380561392244,0.23581891910833863,0.27223602075702313,0.6944444444444445
chronos2_daily_abs_cross_lower10,25.0,2023-09-30_2024-08-31,12,0.18633520086188726,0.08473288946892565,0.18633520086188726,0.08473288946892565,0.10160231139296161,0.5142399411012476,0.5291336166606339,-0.19632037599610563,-0.04720745865673315,0.5,0.3581887940026892,0.2729151374543955,0.27891817658857043,0.7222222222222222
chronos2_daily_abs_cross_lower10,25.0,2023-10-31_2024-09-30,12,0.2295848120891555,0.12170948346779942,0.2295848120891555,0.12170948346779942,0.10787532862135607,0.5132687674550764,0.6006974307480869,-0.030427597139106366,-0.047207458656732815,0.5,0.3640416550306497,0.17965391535805772,0.32774851335121546,0.75
chronos2_daily_abs_cross_lower10,25.0,2023-11-30_2024-10-31,12,0.5008856057734734,0.004734660022875703,0.5008856057734734,0.004734660022875703,0.4961509457505977,0.4672974621965978,1.0511751350409906,-0.021275082797584277,-0.07254414974326939,0.5833333333333334,1.0641234777783104,1.0982838743751724,0.6012270783742135,0.75
chronos2_daily_abs_cross_lower10,25.0,2023-12-31_2024-11-30,12,0.523286639420768,-0.026522408525777696,0.523286639420768,-0.026522408525777696,0.5498090479465457,0.46530699261904,1.086972978208925,-0.021275082797584277,-0.07702368625268241,0.5833333333333334,1.1878517340773327,1.3852400678055263,0.6894958141366772,0.75
chronos2_daily_abs_cross_lower10,25.0,2024-01-31_2024-12-31,12,0.5220151146800163,-0.013699490369203038,0.5220151146800163,-0.013699490369203038,0.5357146050492193,0.4653933335086015,1.084980720304818,-0.021275082797584277,-0.07702368625268208,0.5,1.1527783442734185,1.3311874513451525,0.6583973734088011,0.7777777777777777
chronos2_daily_abs_cross_lower10,25.0,2024-02-29_2025-01-31,12,0.4342180917579159,-0.14290566323586873,0.4342180917579159,-0.14290566323586873,0.5771237549937847,0.4745086430229759,0.9425112978086956,-0.06860048692512544,-0.18252959118595857,0.5833333333333334,1.3342920584136477,1.1330371333291631,0.8093516179308688,0.7499999999999999
chronos2_daily_abs_cross_lower10,25.0,2024-03-31_2025-02-28,12,0.4372554809207496,-0.10676537761977256,0.4372554809207496,-0.10676537761977256,0.5440208585405222,0.47430732040372664,0.9473529300855978,-0.0715326705773982,-0.1825295911859588,0.5833333333333334,1.2251873312070478,0.9559631460141995,0.7035360140832965,0.7222222222222222
chronos2_daily_abs_cross_lower10,25.0,2024-04-30_2025-03-31,12,0.4694085445513674,-0.06461005552580057,0.4694085445513674,-0.06461005552580057,0.534018600077168,0.4752427544694641,0.9946403991444938,-0.0715326705773981,-0.18252959118595868,0.5833333333333334,1.1720683512924948,0.9309199698857418,0.666840780117703,0.6944444444444445
chronos2_daily_abs_cross_lower10,25.0,2024-05-31_2025-04-30,12,0.523056684694359,0.02942056800377868,0.523056684694359,0.02942056800377868,0.4936361166905803,0.4715959908514258,1.0781027030622072,-0.0715326705773982,-0.18252959118595857,0.5,1.016819063536027,0.7191592052716427,0.5961563333585962,0.6944444444444445
chronos2_daily_abs_cross_lower10,25.0,2024-06-30_2025-05-31,12,0.5091670273118558,-0.019239253194651806,0.5091670273118558,-0.019239253194651806,0.5284062805065076,0.47252585228265087,1.0566322694182562,-0.0715326705773981,-0.18252959118595835,0.5833333333333334,1.108807796797389,0.7650934077190074,0.6357234599519526,0.6944444444444445
chronos2_daily_abs_cross_lower10,25.0,2024-07-31_2025-06-30,12,0.04223301938302404,0.03150250800801424,0.04223301938302404,0.03150250800801424,0.010730511375009799,0.10055751544665899,0.45790889765256937,-0.07153267057739798,-0.1825295911859589,0.5,-0.01980153807688337,0.3052163323316527,0.03147868965673162,0.6666666666666666
chronos2_daily_abs_cross_lower10,25.0,2024-08-31_2025-07-31,12,0.25446496104358607,0.02082724764079913,0.25446496104358607,0.02082724764079913,0.23363771340278694,0.22306488219765347,1.119107347811036,-0.0715326705773982,-0.1720911800730176,0.5833333333333334,1.0028100476366801,0.5710083143341752,0.25314903924768406,0.6666666666666666
chronos2_daily_abs_cross_lower10,25.0,2024-09-30_2025-08-31,12,0.25432585897504545,0.07082064647411035,0.25432585897504545,0.07082064647411035,0.1835052125009351,0.22308133518195708,1.1185326116090537,-0.0715326705773982,-0.1720911800730176,0.5,0.7474826487147105,0.527817210005795,0.22416008027196122,0.6666666666666666
chronos2_daily_abs_cross_lower10,25.0,2024-10-31_2025-09-30,12,0.23860484137699456,0.07787885846139209,0.23860484137699456,0.07787885846139209,0.16072598291560247,0.2228946962713677,1.0615708301497522,-0.07153267057739787,-0.11858833109117162,0.5,0.658299104935891,0.5272474199959799,0.20462081728138992,0.6388888888888888
chronos2_daily_abs_cross_lower10,25.0,2024-11-30_2025-10-31,12,0.23044330662160362,0.1960061542824556,0.23044330662160362,0.1960061542824556,0.034437152339148014,0.22325270740215822,1.0300054318578626,-0.06253975077160479,-0.11795970406671652,0.4166666666666667,0.1603021960256395,0.5711968349905998,0.12466896371577585,0.5833333333333333
chronos2_daily_abs_cross_lower10,25.0,2024-12-31_2025-11-30,12,0.25774176138844274,0.22133541890163522,0.25774176138844274,0.22133541890163522,0.03640634248680752,0.22123746112385917,1.1387065455118417,-0.060190226337448416,-0.11795970406671652,0.4166666666666667,0.16454863682528145,0.5586868770729287,0.13883706096928217,0.5277777777777777
chronos2_daily_abs_cross_lower10,25.0,2025-01-31_2025-12-31,12,0.29942589297946176,0.17166648362633885,0.29942589297946176,0.17166648362633885,0.1277594093531229,0.21987347026420867,1.29612605234093,-0.009897469458987729,-0.03669877287899381,0.5,0.4913804886283369,0.48948327097492106,0.21792410328245837,0.4722222222222221
chronos2_daily_abs_cross_lower10,25.0,2025-02-28_2026-01-31,12,0.4370749568105936,0.31334945156909844,0.4370749568105936,0.31334945156909844,0.12372550524149517,0.20168027705706423,1.9082323089767528,-0.009897469458987729,-0.04758367670999886,0.5,0.4641417679096159,0.25436077715668887,0.36194563651571765,0.49999999999999994
chronos2_daily_abs_cross_lower10,25.0,2025-03-31_2026-02-28,12,0.37341926219668853,0.08257309459079365,0.37341926219668853,0.08257309459079365,0.2908461676058949,0.21451735917687487,1.5882022351061469,-0.0473040195980402,-0.18488813271044613,0.5833333333333334,1.0497946647930987,0.42567028142282803,0.34224890007059683,0.5277777777777778
chronos2_daily_abs_cross_lower10,25.0,2025-04-30_2026-03-31,12,0.35180170454686666,0.028079656548997578,0.35180170454686666,0.028079656548997578,0.3237220479978691,0.2118143899509772,1.5291413386512702,-0.0473040195980402,-0.19546042589812018,0.5833333333333334,1.1837291477486382,0.38825341608001357,0.35179370218757655,0.5277777777777778
chronos2_daily_abs_cross_lower10,25.0,2025-05-31_2026-04-30,12,0.3041685627934123,-0.14610708694572017,0.3041685627934123,-0.14610708694572017,0.4502756497391325,0.21707279924846334,1.327425172489924,-0.04730401959804009,-0.29138146686445754,0.6666666666666666,1.8171740724033407,0.44041861974038754,0.40667850910088976,0.5555555555555556
chronos2_daily_abs_cross_lower10,25.0,2025-06-30_2026-05-31,12,0.3064599091162252,-0.18541351506394133,0.3064599091162252,-0.18541351506394133,0.49187342418016655,0.21681120965316467,1.3370768773887796,-0.0473040195980402,-0.34737666250868915,0.6666666666666666,1.9906383769133331,0.4313046099645006,0.4338685905405548,0.5833333333333334
chronos2_daily_abs_cross_lower10,25.0,2025-07-31_2026-06-30,12,0.3348096956385751,-0.1667764227923394,0.3348096956385751,-0.1667764227923394,0.5015861184309145,0.21654269885333877,1.4401137456498045,-0.0473040195980402,-0.34737666250868904,0.6666666666666666,1.9670844475025582,0.43142841713463825,0.44968637151282076,0.638888888888889
chronos2_daily_norm_cross_median,25.0,2019-01-31_2019-12-31,12,-0.8057677026552834,-0.0907583313333864,-0.8057677026552834,-0.0907583313333864,-0.715009371321897,0.575395371923158,-2.3665164694076304,-0.804672777748544,-0.08173242622854304,0.25,-2.3304084739167825,2.1688609020185825,-0.7067604512722616,0.6944444444444443
chronos2_daily_norm_cross_median,25.0,2019-02-28_2020-01-31,12,-0.8135731149321854,-0.15374678206850467,-0.8135731149321854,-0.15374678206850467,-0.6598263328636808,0.5685701451840814,-2.46520738848568,-0.7861233562326332,-0.157070533612218,0.25,-2.2489124090376893,1.0676756063643758,-0.7275822571503281,0.6944444444444445
chronos2_daily_norm_cross_median,25.0,2019-03-31_2020-02-29,12,-0.7573917964445778,-0.2983301643039218,-0.7573917964445778,-0.2983301643039218,-0.459061632140656,0.6210147370496393,-1.834034382358117,-0.7650449452737834,-0.2968733323797681,0.3333333333333333,-1.1838618082346348,-0.5527678195234619,-0.7533924098311859,0.7222222222222222
chronos2_daily_norm_cross_median,25.0,2019-04-30_2020-03-31,12,-0.6896328747932883,-0.26938100433105683,-0.6896328747932883,-0.26938100433105683,-0.4202518704622314,0.6452342952574697,-1.3952804568469712,-0.7650449452737834,-0.2897384073692094,0.4166666666666667,-0.8888547438167876,-0.16804917442088088,-0.6278413086396385,0.6944444444444445
chronos2_daily_norm_cross_median,25.0,2019-05-31_2020-04-30,12,-0.6860874897562795,-0.23441422140073764,-0.6860874897562795,-0.23441422140073764,-0.4516732683555419,0.6445503994736046,-1.3811621061304042,-0.7650449452737835,-0.2897384073692094,0.4166666666666667,-0.937491852464549,-0.21018646436777338,-0.6247750874876509,0.6944444444444445
chronos2_daily_norm_cross_median,25.0,2019-06-30_2020-05-31,12,-0.7088218517113789,-0.22854562482453433,-0.7088218517113789,-0.22854562482453433,-0.48027622688684457,0.6072400993456488,-1.6103610012129488,-0.7546319492947811,-0.2897384073692095,0.4166666666666667,-1.1251061501456467,-0.2627247900712187,-0.6629144406244791,0.7222222222222223
chronos2_daily_norm_cross_median,25.0,2019-07-31_2020-06-30,12,-0.7711963088711966,-0.1941752572672133,-0.7711963088711966,-0.1941752572672133,-0.5770210516039833,0.6271674036925612,-1.886257107009267,-0.711548548594289,-0.2827760862119635,0.4166666666666667,-1.417478387591764,-0.5023168520243861,-0.7412513609897454,0.7777777777777778
chronos2_daily_norm_cross_median,25.0,2019-08-31_2020-07-31,12,-0.7027330910231994,-0.1722348942847023,-0.7027330910231994,-0.1722348942847023,-0.5304981967384971,0.6007941684358901,-1.6038892367191298,-0.7252218933585372,-0.27948217627529803,0.4166666666666667,-1.187354292088465,-0.44215115135447897,-0.6614977745588728,0.7499999999999999
chronos2_daily_norm_cross_median,25.0,2019-09-30_2020-08-31,12,-0.7046659653038395,-0.21057570090232802,-0.7046659653038395,-0.21057570090232802,-0.4940902644015115,0.5987608820651565,-1.621083873275814,-0.7121457027484392,-0.27948217627529803,0.4166666666666667,-1.1115275434535483,-0.5591417621340511,-0.6800483106983946,0.7777777777777777
chronos2_daily_norm_cross_median,25.0,2019-10-31_2020-09-30,12,-0.7467292864299626,-0.1766274605970889,-0.7467292864299626,-0.1766274605970889,-0.5701018258328736,0.6053759467061793,-1.827951635201956,-0.6369745965949682,-0.2794821762752979,0.4166666666666667,-1.3328144766446828,-0.6594667087280695,-0.7223581588879495,0.8333333333333334
chronos2_daily_norm_cross_median,25.0,2019-11-30_2020-10-31,12,-0.5940228818152913,-0.06643817837031618,-0.5940228818152913,-0.06643817837031618,-0.5275847034449751,0.5921019998653557,-1.158497335038814,-0.5299893546047598,-0.2794821762752979,0.5,-0.9546371073000908,-0.33313023186831436,-0.5127515521634292,0.8333333333333334
chronos2_daily_norm_cross_median,25.0,2019-12-31_2020-11-30,12,0.11915684496331891,-0.050871312509224054,0.11915684496331891,-0.050871312509224054,0.17002815747254296,1.298829410172333,0.5165309024767578,-0.3697685686841572,-0.2358764964179022,0.5833333333333334,0.5429773724779773,1.040438319528476,0.955845406544237,0.861111111111111
chronos2_daily_norm_cross_median,25.0,2020-01-31_2020-12-31,12,0.5499473779930291,-0.013079995771551722,0.5499473779930291,-0.013079995771551722,0.5630273737645808,1.233064447313582,0.7407709415036696,-0.3697685686841572,-0.16758179221927783,0.5833333333333334,0.7331603373315035,0.7458279008435942,1.379711350071561,0.861111111111111
chronos2_daily_norm_cross_median,25.0,2020-02-29_2021-01-31,12,1.032323206985239,0.14471568274700242,1.032323206985239,0.14471568274700242,0.8876075242382366,1.2368582765463079,0.9786553042249045,-0.369768568684157,-0.07033476780972703,0.5833333333333334,0.8534757878958948,0.7606958832652444,1.8234514269631363,0.861111111111111
chronos2_daily_norm_cross_median,25.0,2020-03-31_2021-02-28,12,0.586231562379925,0.3187076559568369,0.586231562379925,0.3187076559568369,0.2675239064230881,1.2544449577458612,0.766452735573848,-0.3697685686841571,-0.07033476780972703,0.5,0.5531359375230895,2.5006443759910093,0.25579318636087534,0.861111111111111
chronos2_daily_norm_cross_median,25.0,2020-04-30_2021-03-31,12,0.46672689467690165,0.2712264885896778,0.46672689467690165,0.2712264885896778,0.19550040608722385,1.256206528515454,0.6998114855043185,-0.36934378305007,-0.07033476780972714,0.5,0.5155827911068929,2.526651830332979,0.2614211963453683,0.8888888888888888
chronos2_daily_norm_cross_median,25.0,2020-05-31_2021-04-30,12,1.1905988636574487,0.2511461011810818,1.1905988636574487,0.2511461011810818,0.9394527624763669,1.263176686974013,1.0437597316999825,-0.36934378305007,-0.07033476780972703,0.5833333333333334,0.8801972649758715,2.1069451297981105,1.1990321527941772,0.9166666666666665
chronos2_daily_norm_cross_median,25.0,2020-06-30_2021-05-31,12,1.5291214014929606,0.22018559574957508,1.5291214014929606,0.22018559574957508,1.3089358057433855,1.2769166635851037,1.1683837574682538,-0.18138276323394797,-0.07033476780972703,0.5833333333333334,1.0289357458096922,2.0204589266675446,1.7620576212970085,0.8888888888888888
chronos2_daily_norm_cross_median,25.0,2020-07-31_2021-06-30,12,2.51065697227713,0.1787337447456181,2.51065697227713,0.1787337447456181,2.3319232275315116,1.2160795210647126,1.466964256427465,-0.18138276323394797,-0.07033476780972703,0.6666666666666666,1.3760840765435631,2.6289178914547917,2.485830658624592,0.8888888888888888
chronos2_daily_norm_cross_median,25.0,2020-08-31_2021-07-31,12,2.2479634487561535,0.17406019021811336,2.2479634487561535,0.17406019021811336,2.0739032585380404,1.230618734763669,1.391710285820206,-0.18138276323394797,-0.0471551797914731,0.6666666666666666,1.3024729250272138,2.664448955704909,2.2815095567190804,0.9166666666666665
chronos2_daily_norm_cross_median,25.0,2020-09-30_2021-08-31,12,2.4102878522850535,0.29094300690606567,2.4102878522850535,0.29094300690606567,2.119344845378988,1.2285554881079679,1.437770468102921,-0.12738785074912118,-0.0471551797914731,0.6666666666666666,1.2695649740617851,3.5099806454029636,1.2330976089323427,0.9166666666666666
chronos2_daily_norm_cross_median,25.0,2020-10-31_2021-09-30,12,3.4890568137407856,0.285307502281577,3.4890568137407856,0.285307502281577,3.203749311459209,1.1793053146661385,1.717394290909226,-0.12738785074912118,-0.04715517979147299,0.75,1.571902834572659,4.056996715155139,1.524477574921876,0.9166666666666666
chronos2_daily_norm_cross_median,25.0,2020-11-30_2021-10-31,12,3.1958047037712625,0.164192612882329,3.1958047037712625,0.164192612882329,3.0316120908889337,1.1849646875556992,1.6475403256937953,-0.12738785074912118,-0.04715517979147299,0.75,1.603282343786806,6.425731978198223,1.4533878673078546,0.9166666666666666
chronos2_daily_norm_cross_median,25.0,2020-12-31_2021-11-30,12,0.45813058867013234,0.10075285366229347,0.45813058867013234,0.10075285366229347,0.35737773500783887,0.6360448991902271,0.8851761156726952,-0.2600542565343008,-0.04715517979147321,0.6666666666666666,0.7624938083609211,2.4144552693790153,0.3710538497755984,0.8888888888888888
chronos2_daily_norm_cross_median,25.0,2021-01-31_2021-12-31,12,0.8707017444207741,0.1311417024200292,0.8707017444207741,0.1311417024200292,0.7395600420007449,0.6096032360506641,1.3285907736696339,-0.2600542565343008,-0.04715517979147299,0.75,1.160174832448884,1.9833846650876301,0.7227030443826192,0.861111111111111
chronos2_daily_norm_cross_median,25.0,2021-02-28_2022-01-31,12,0.24331568176371543,0.1035559333431273,0.24331568176371543,0.1035559333431273,0.13975974842058814,0.6158709433012854,0.633575485026027,-0.3109865272705624,-0.008710521467504728,0.6666666666666666,0.46227038554859273,-0.2703135014272841,0.5077602155890495,0.8333333333333331
chronos2_daily_norm_cross_median,25.0,2021-03-31_2022-02-28,12,0.5421573210958053,0.1814244316261513,0.5421573210958053,0.1814244316261513,0.360732889469654,0.5968699864186625,1.010274781734582,-0.31098652727056253,-0.008710521467504728,0.75,0.7039114245094422,-2.672428774618095,1.751386991954273,0.7777777777777777
chronos2_daily_norm_cross_median,25.0,2021-04-30_2022-03-31,12,0.23915517523180752,0.2056999327796627,0.23915517523180752,0.2056999327796627,0.03345524245214482,0.6424620823048584,0.6294256986298398,-0.3853964187790275,-0.008710521467504728,0.6666666666666666,0.32298854522014475,-3.4282443524880697,1.7515404935361447,0.7222222222222222
chronos2_daily_norm_cross_median,25.0,2021-05-31_2022-04-30,12,0.2812370527869923,0.20202014645819677,0.2812370527869923,0.20202014645819677,0.07921690632879552,0.6662899029914954,0.6746824190488898,-0.3853964187790273,-0.011058901373715124,0.6666666666666666,0.38038684858116617,-3.8980912125152867,2.0783027147001056,0.6944444444444443
chronos2_daily_norm_cross_median,25.0,2021-06-30_2022-05-31,12,-0.009290417309968713,0.1547230806668567,-0.009290417309968713,0.1547230806668567,-0.1640134979768254,0.6037419638389209,0.2578060598145264,-0.3853964187790274,-0.04389760737316839,0.6666666666666666,0.013062935637467313,-1.8004482025921316,0.5127574496024481,0.6944444444444443
chronos2_daily_norm_cross_median,25.0,2021-07-31_2022-06-30,12,0.07584031008774383,0.14515293481688385,0.07584031008774383,0.14515293481688385,-0.06931262472914002,0.6154058695727069,0.3987569365057293,-0.3853964187790275,-0.04389760737316839,0.6666666666666666,0.16643704491709518,-1.9320036189129706,0.6542714275938075,0.6666666666666666
chronos2_daily_norm_cross_median,25.0,2021-08-31_2022-07-31,12,-0.043304511539064006,0.16719366722844042,-0.043304511539064006,0.16719366722844042,-0.21049817876750443,0.6464355554640753,0.22863096476721625,-0.3853964187790274,-0.04389760737316839,0.6666666666666666,-0.015915134353218053,-2.572754805538984,0.7216054162678129,0.6666666666666666
chronos2_daily_norm_cross_median,25.0,2021-09-30_2022-08-31,12,-0.10093999633737505,0.11990803732841937,-0.10093999633737505,0.11990803732841937,-0.22084803366579442,0.6366028901446662,0.12536532869219064,-0.3853964187790273,-0.04389760737316817,0.6666666666666666,-0.05552442427603964,-2.67847692142633,0.47296787142386787,0.6666666666666666
chronos2_daily_norm_cross_median,25.0,2021-10-31_2022-09-30,12,-0.4159141384157782,0.07700156092153554,-0.4159141384157782,0.07700156092153554,-0.4929156993373137,0.6995471902673676,-0.42556732602885294,-0.4412056703405345,-0.04389760737316828,0.5833333333333334,-0.5087561464320073,-4.208168939287477,0.02657700125219864,0.6666666666666666
chronos2_daily_norm_cross_median,25.0,2021-11-30_2022-10-31,12,-0.4018754129112525,0.0837751064100245,-0.4018754129112525,0.0837751064100245,-0.485650519321277,0.7027362720289898,-0.38788546350604347,-0.4181416895787946,-0.04389760737316839,0.5833333333333334,-0.48139544070926554,-4.296656412760332,0.08837087474821703,0.6388888888888888
chronos2_daily_norm_cross_median,25.0,2021-12-31_2022-11-30,12,-0.22872575006353513,0.04089310124175727,-0.22872575006353513,0.04089310124175727,-0.2696188513052924,0.6548282771222087,-0.08914711664687539,-0.4181416895787946,-0.052330809109684795,0.5833333333333334,-0.14699144552154952,-3.078154075889185,0.07774380286919147,0.6666666666666666
chronos2_daily_norm_cross_median,25.0,2022-01-31_2022-12-31,12,-0.21030901500341403,0.03139589518781816,-0.21030901500341403,0.03139589518781816,-0.2417049101912322,0.660885007007628,-0.04788116730995101,-0.4181416895787947,-0.0538908420070876,0.5833333333333334,-0.0940401971343964,-3.271771403538607,0.08316589838648025,0.7222222222222223
chronos2_daily_norm_cross_median,25.0,2022-02-28_2023-01-31,12,-0.1151290848745794,-0.006523085673795559,-0.1151290848745794,-0.006523085673795559,-0.10860599920078384,0.6407786306184761,0.10706752005938966,-0.4181416895787946,-0.053890842007087936,0.5833333333333334,0.10849356339307846,-2.9115406781053648,0.058412862729938064,0.75
chronos2_daily_norm_cross_median,25.0,2022-03-31_2023-02-28,12,-0.28372094725409747,-0.03763942955797195,-0.28372094725409747,-0.03763942955797195,-0.24608151769612552,0.6420097470738207,-0.21903321980208984,-0.43566314101882897,-0.05860315994470999,0.5,-0.15498979298729493,-4.023031659881665,-0.25144723235214395,0.8333333333333334
chronos2_daily_norm_cross_median,25.0,2022-04-30_2023-03-31,12,-0.15919522220235605,-0.0433257664262765,-0.15919522220235605,-0.0433257664262765,-0.11586945577607954,0.6147277727080981,0.0009656195014282209,-0.4619092722801643,-0.052003665957635614,0.5,0.06675868397780603,-3.330428117321361,-0.1313525499472593,0.861111111111111
chronos2_daily_norm_cross_median,25.0,2022-05-31_2023-04-30,12,-0.3688995895880711,-0.07213752035282106,-0.3688995895880711,-0.07213752035282106,-0.29676206923525006,0.4638700439912042,-0.7378604376962675,-0.46190927228016443,-0.07596598010903766,0.5,-0.542608725170748,-2.37843032145357,-0.4083393144174814,0.861111111111111
chronos2_daily_norm_cross_median,25.0,2022-06-30_2023-05-31,12,-0.26763983431256,-0.0361282154897381,-0.26763983431256,-0.0361282154897381,-0.2315116188228219,0.5017924921963214,-0.36165355199986743,-0.46190927228016443,-0.07596598010903755,0.5,-0.27836151663129505,-2.2625672086065056,-0.2307408408909497,0.8888888888888887
chronos2_daily_norm_cross_median,25.0,2022-07-31_2023-06-30,12,-0.1872885852974624,-0.0028433046031512976,-0.1872885852974624,-0.0028433046031512976,-0.1844452806943111,0.5548188534514561,-0.1027998448498309,-0.3526021813831568,-0.07596598010903743,0.5,-0.10216017339237954,0.008545015700641541,-0.05556974814572502,0.9166666666666665
chronos2_daily_norm_cross_median,25.0,2022-08-31_2023-07-31,12,0.04711382736178904,-0.031389184091800915,0.04711382736178904,-0.031389184091800915,0.07850301145358995,0.5045740326436866,0.33494373356987645,-0.3526021813831567,-0.0655917893195096,0.5833333333333334,0.40180992667338267,1.4958957909485475,0.2348925211071733,0.8888888888888888
chronos2_daily_norm_cross_median,25.0,2022-09-30_2023-08-31,12,-0.09213369541450445,-0.014331580574544756,-0.09213369541450445,-0.014331580574544756,-0.07780211483995969,0.5100890333965644,0.05483594304743291,-0.21004233925844207,-0.06559178931950937,0.5,0.08053221553543388,1.7877885808823297,0.05063148263885231,0.861111111111111
chronos2_daily_norm_cross_median,25.0,2022-10-31_2023-09-30,12,0.2803032394847198,-0.04883569016310929,0.2803032394847198,-0.04883569016310929,0.3291389296478291,0.39149078866886,0.8050191309635786,-0.21004233925844207,-0.06327241269436523,0.5833333333333334,0.9991305188437933,2.390385111115135,0.5232333029120158,0.8333333333333331
chronos2_daily_norm_cross_median,25.0,2022-11-30_2023-10-31,12,0.125280101451827,-8.074453772832779e-05,0.125280101451827,-8.074453772832779e-05,0.12536084598955533,0.3969713756682494,0.46741934555228176,-0.21004233925844218,-0.04084242285001627,0.5,0.4732874264643304,1.0947326873328531,0.19726122164322657,0.8055555555555555
chronos2_daily_norm_cross_median,25.0,2022-12-31_2023-11-30,12,0.14301757118973457,0.06162621592425688,0.14301757118973457,0.06162621592425688,0.0813913552654777,0.3947157901311075,0.5081937792190477,-0.21004233925844218,-0.04084242285001627,0.5,0.3513590428059143,0.7289213255538671,0.16570035390003768,0.7777777777777778
chronos2_daily_norm_cross_median,25.0,2023-01-31_2023-12-31,12,-0.05144450861587069,0.05389394652891433,-0.05144450861587069,0.05389394652891433,-0.10533845514478501,0.3724483258510416,0.0149841452924601,-0.21265967875468028,-0.04084242285001627,0.4166666666666667,-0.13962224874757928,0.9489362235487964,-0.04674391125390931,0.7222222222222222
chronos2_daily_norm_cross_median,25.0,2023-02-28_2024-01-31,12,-0.025597759488171445,0.06910062416905749,-0.025597759488171445,0.06910062416905749,-0.09469838365722894,0.3681979541078395,0.08413073576833734,-0.24619464799031532,-0.04084242285001627,0.4166666666666667,-0.1100064154521829,0.8367154337588842,-0.02778989720479841,0.7222222222222222
chronos2_daily_norm_cross_median,25.0,2023-03-31_2024-02-29,12,-0.04498709531539946,0.07105311702696282,-0.04498709531539946,0.07105311702696282,-0.11604021234236228,0.374524934084476,0.035480409481966915,-0.3432566048059055,-0.04084242285001627,0.4166666666666667,-0.16116542427451805,0.8365309256581215,-0.046330994726900165,0.7222222222222222
chronos2_daily_norm_cross_median,25.0,2023-04-30_2024-03-31,12,-0.008496827515654615,0.04605177038880415,-0.008496827515654615,0.04605177038880415,-0.05454859790445876,0.37122953686560844,0.1339345379584422,-0.3498737920453614,-0.028914327222309355,0.4166666666666667,0.002653732669713409,0.9292573433106801,0.004418583427820755,0.75
chronos2_daily_norm_cross_median,25.0,2023-05-31_2024-04-30,12,0.06969464521733815,0.05087612226469651,0.06969464521733815,0.05087612226469651,0.018818522952641636,0.3864594500420866,0.3392161196108315,-0.3498737920453614,-0.04720745865673304,0.4166666666666667,0.20180763650351588,0.5203982199465567,0.10846195464604125,0.7499999999999999
chronos2_daily_norm_cross_median,25.0,2023-06-30_2024-05-31,12,-0.03841309058774611,0.06029804021364593,-0.03841309058774611,0.06029804021364593,-0.09871113080139204,0.35238916901139866,0.03848014642763566,-0.3498737920453613,-0.04720745865673304,0.4166666666666667,-0.13862916765037886,0.5736761238251853,-0.021893137321837508,0.6944444444444445
chronos2_daily_norm_cross_median,25.0,2023-07-31_2024-06-30,12,-0.3582401470884512,0.046802268590376395,-0.3582401470884512,0.046802268590376395,-0.4050424156788276,0.2534214437312103,-1.5984014188167417,-0.3644394066820502,-0.04720745865673304,0.3333333333333333,-1.5065903277737753,-1.444626005708625,-0.28759479186937287,0.6944444444444443
chronos2_daily_norm_cross_median,25.0,2023-08-31_2024-07-31,12,-0.2558323729703693,0.10318514893952901,-0.2558323729703693,0.10318514893952901,-0.35901752190989833,0.32477895970688775,-0.7510934806843019,-0.3088015901063056,-0.04720745865673315,0.3333333333333333,-1.0335497350264575,0.127737124383453,-0.22886159506628245,0.6666666666666666
chronos2_daily_norm_cross_median,25.0,2023-09-30_2024-08-31,12,0.1786533212507364,0.08473288946892565,0.1786533212507364,0.08473288946892565,0.09392043178181075,0.5685268473627146,0.5152228728894068,-0.29986978794519126,-0.04720745865673315,0.4166666666666667,0.3448207894473447,-1.2402286816829058,0.48202444751510565,0.6666666666666666
chronos2_daily_norm_cross_median,25.0,2023-10-31_2024-09-30,12,0.23638212060366537,0.12170948346779942,0.23638212060366537,0.12170948346779942,0.11467263713586595,0.5671329278755992,0.6017492375743801,-0.25579709824370245,-0.047207458656732815,0.4166666666666667,0.37009597926673393,-1.6046448054264941,0.6844688006267643,0.6944444444444443
chronos2_daily_norm_cross_median,25.0,2023-11-30_2024-10-31,12,-0.022124689250747065,0.004734660022875703,-0.022124689250747065,0.004734660022875703,-0.026859349273622768,0.6308344001850132,0.22917382537631703,-0.2559224097515236,-0.07254414974326939,0.4166666666666667,0.2150757272867461,0.8004437038165577,0.14536285961489437,0.75
chronos2_daily_norm_cross_median,25.0,2023-12-31_2024-11-30,12,-0.05792696391665919,-0.026522408525777696,-0.05792696391665919,-0.026522408525777696,-0.031404555390881495,0.6344518542360318,0.17193805048323846,-0.3052498683569187,-0.07702368625268241,0.4166666666666667,0.20928304144511123,1.0087995809108476,0.13931596095762244,0.7499999999999999
chronos2_daily_norm_cross_median,25.0,2024-01-31_2024-12-31,12,-0.03088899645764387,-0.013699490369203038,-0.03088899645764387,-0.013699490369203038,-0.01718950608844083,0.6323197464107573,0.21569359538208566,-0.320162434313904,-0.07702368625268208,0.4166666666666667,0.23246003951413036,0.9489767774540052,0.1547430666113303,0.7777777777777777
chronos2_daily_norm_cross_median,25.0,2024-02-29_2025-01-31,12,-0.012715600175007391,-0.14290566323586873,-0.012715600175007391,-0.14290566323586873,0.13019006306086134,0.6309016871415278,0.2446359600696932,-0.33691281877476675,-0.18252959118595857,0.5,0.47419557727522205,0.6691098723158226,0.27973160884484916,0.7777777777777778
chronos2_daily_norm_cross_median,25.0,2024-03-31_2025-02-28,12,0.2409445459974937,-0.10676537761977256,0.2409445459974937,-0.10676537761977256,0.34770992361726627,0.6156099785820226,0.6143268791169645,-0.33691281877476664,-0.1825295911859588,0.5833333333333334,0.7926136080050199,0.7905647656705836,0.5660652904367938,0.7777777777777778
chronos2_daily_norm_cross_median,25.0,2024-04-30_2025-03-31,12,0.8895560419332176,-0.06461005552580057,0.8895560419332176,-0.06461005552580057,0.9541660974590181,0.7744262186418659,1.1564627219400285,-0.33691281877476675,-0.18252959118595868,0.6666666666666666,1.2889744981441627,1.5140726351543257,1.5550809739527338,0.7777777777777777
chronos2_daily_norm_cross_median,25.0,2024-05-31_2025-04-30,12,0.5329523678674644,0.02942056800377868,0.5329523678674644,0.02942056800377868,0.5035317998636857,0.7913202877427103,0.866279873163683,-0.33691281877476653,-0.18252959118595857,0.5833333333333334,0.8363443910407081,1.1022838485855688,0.86029344612165,0.8055555555555555
chronos2_daily_norm_cross_median,25.0,2024-06-30_2025-05-31,12,0.4311331097875486,-0.019239253194651806,0.4311331097875486,-0.019239253194651806,0.4503723629822004,0.7954759915087726,0.7744638044210637,-0.33691281877476686,-0.18252959118595835,0.5833333333333334,0.8072603464823049,1.1571478590459152,0.8314895871340402,0.8055555555555555
chronos2_daily_norm_cross_median,25.0,2024-07-31_2025-06-30,12,0.5213397765815002,0.03150250800801424,0.5213397765815002,0.03150250800801424,0.489837268573486,0.7817754923246054,0.8557634104586648,-0.33691281877476664,-0.1825295911859589,0.5833333333333334,0.8069331086952638,0.7737745881549452,0.8495212872159499,0.8055555555555555
chronos2_daily_norm_cross_median,25.0,2024-08-31_2025-07-31,12,0.2740069590417211,0.02082724764079913,0.2740069590417211,0.02082724764079913,0.253179711400922,0.7743328493235065,0.6181549054649305,-0.33691281877476675,-0.1720911800730176,0.5,0.5695547836019488,0.5222316226674544,0.5685242695543387,0.8611111111111112
chronos2_daily_norm_cross_median,25.0,2024-09-30_2025-08-31,12,0.08294202004879292,0.07082064647411035,0.08294202004879292,0.07082064647411035,0.01212137357468257,0.669947623959996,0.3884550227550998,-0.33691281877476675,-0.1720911800730176,0.5,0.27028941442437937,0.9627235746007602,0.1922700611112893,0.8888888888888888
chronos2_daily_norm_cross_median,25.0,2024-10-31_2025-09-30,12,0.5885531563316044,0.07787885846139209,0.5885531563316044,0.07787885846139209,0.5106742978702123,0.8350337122445645,0.8906833594104598,-0.22823492252982092,-0.11858833109117162,0.5,0.8028510310454664,1.0350651154173953,0.8788963063952255,0.8888888888888888
chronos2_daily_norm_cross_median,25.0,2024-11-30_2025-10-31,12,1.2965968359768993,0.1960061542824556,1.2965968359768993,0.1960061542824556,1.1005906816944437,0.7597627819081911,1.415439136465621,-0.2282349225298208,-0.11795970406671652,0.5833333333333334,1.1499752025453949,0.38243532613476516,1.6142095842417965,0.8888888888888888
chronos2_daily_norm_cross_median,25.0,2024-12-31_2025-11-30,12,1.556143317037125,0.22133541890163522,1.556143317037125,0.22133541890163522,1.3348078981354898,0.7432895341371504,1.5887744717866938,-0.22823492252982103,-0.11795970406671652,0.6666666666666666,1.2798982966614736,0.27094062858953183,1.9233446610869693,0.9166666666666666
chronos2_daily_norm_cross_median,25.0,2025-01-31_2025-12-31,12,1.7542335106183589,0.17166648362633885,1.7542335106183589,0.17166648362633885,1.58256702699202,0.7337549596715475,1.7127676378156202,-0.22823492252982103,-0.03669877287899381,0.75,1.451996428431385,0.27952722853223494,2.1599557039375186,0.9444444444444443
chronos2_daily_norm_cross_median,25.0,2025-02-28_2026-01-31,12,1.210159352318334,0.31334945156909844,1.210159352318334,0.31334945156909844,0.8968099007492356,0.7936644405468033,1.3407150773009568,-0.22823492252982092,-0.04758367670999886,0.6666666666666666,0.9755884117297702,0.13406209033874142,1.6768565267344981,0.9166666666666665
chronos2_daily_norm_cross_median,25.0,2025-03-31_2026-02-28,12,0.6647326047923239,0.08257309459079365,0.6647326047923239,0.08257309459079365,0.5821595102015302,0.8361563447045312,0.9493819940591539,-0.35441148127862265,-0.18488813271044613,0.5833333333333334,0.859738234287112,1.0628955750356397,0.9507769881249806,0.8888888888888887
chronos2_daily_norm_cross_median,25.0,2025-04-30_2026-03-31,12,0.18650026553571197,0.028079656548997578,0.18650026553571197,0.028079656548997578,0.1584206089867144,0.6854555280014291,0.5263884949702117,-0.35441148127862276,-0.19546042589812018,0.5833333333333334,0.4637827592393639,0.6770770344080055,0.3824978841503195,0.8333333333333331
chronos2_daily_norm_cross_median,25.0,2025-05-31_2026-04-30,12,0.1866213513659818,-0.14610708694572017,0.1866213513659818,-0.14610708694572017,0.33272843831170196,0.6854369136558025,0.5265372542510149,-0.37355708076796224,-0.29138146686445754,0.6666666666666666,0.764355278235283,1.0202532788786467,0.6246280487355644,0.8055555555555555
chronos2_daily_norm_cross_median,25.0,2025-06-30_2026-05-31,12,0.369534264071524,-0.18541351506394133,0.369534264071524,-0.18541351506394133,0.5549477791354653,0.6889870073821133,0.7421802392813432,-0.37355708076796224,-0.34737666250868915,0.6666666666666666,1.0360243875747024,0.8035170015673845,0.8883524053584664,0.8333333333333331
chronos2_daily_norm_cross_median,25.0,2025-07-31_2026-06-30,12,1.0600908073658735,-0.1667764227923394,1.0600908073658735,-0.1667764227923394,1.2268672301582129,0.728299540141918,1.320347400870839,-0.37355708076796224,-0.34737666250868904,0.75,1.7726827267043126,1.5909193715291126,2.1453705126669838,0.8055555555555554
chronos2_daily_norm_cross_lower10,25.0,2019-01-31_2019-12-31,12,-0.06974622298740307,-0.0907583313333864,-0.06974622298740307,-0.0907583313333864,0.021012108345983327,0.07566113851684002,-0.9177449062296771,-0.06243827424040971,-0.08173242622854304,0.5833333333333334,0.23935089642525195,0.4115137625931724,-0.03186137433188241,0.6944444444444445
chronos2_daily_norm_cross_lower10,25.0,2019-02-28_2020-01-31,12,-0.05068754660121799,-0.15374678206850467,-0.05068754660121799,-0.15374678206850467,0.10305923546728668,0.07341328845610265,-0.6730898037757524,-0.054684213376273716,-0.157070533612218,0.6666666666666666,0.9475970535778753,0.24799849793138395,-0.010063346855632482,0.6666666666666666
chronos2_daily_norm_cross_lower10,25.0,2019-03-31_2020-02-29,12,-0.04443157471813297,-0.2983301643039218,-0.04443157471813297,-0.2983301643039218,0.2538985895857888,0.073307429524791,-0.5849037196773103,-0.05468421337627383,-0.2968733323797681,0.75,1.4987210765853107,0.09411839611148279,-0.011754124316602721,0.6666666666666666
chronos2_daily_norm_cross_lower10,25.0,2019-04-30_2020-03-31,12,0.18986123928217347,-0.26938100433105683,0.18986123928217347,-0.26938100433105683,0.4592422436132303,0.2596190263441956,0.7792536108450331,-0.04966837091850673,-0.2897384073692094,0.75,1.8752301532243008,0.48595536157373775,0.4019571158330957,0.75
chronos2_daily_norm_cross_lower10,25.0,2019-05-31_2020-04-30,12,0.49156860614876075,-0.23441422140073764,0.49156860614876075,-0.23441422140073764,0.7259828275494984,0.31967073402274887,1.4015762135988752,-0.04966837091850673,-0.2897384073692094,0.75,2.2555943321144216,0.5968260867074132,0.7838421607555903,0.7777777777777778
chronos2_daily_norm_cross_lower10,25.0,2019-06-30_2020-05-31,12,0.5251372880224843,-0.22854562482453433,0.5251372880224843,-0.22854562482453433,0.7536829128470186,0.3163075146935579,1.4864117841973317,-0.04966837091850684,-0.2897384073692095,0.75,2.338252838186237,0.6033308641224789,0.8163455586630504,0.7499999999999999
chronos2_daily_norm_cross_lower10,25.0,2019-07-31_2020-06-30,12,0.5354853605779617,-0.1941752572672133,0.5354853605779617,-0.1941752572672133,0.729660617845175,0.31529191566149134,1.5125566559860584,-0.04966837091850673,-0.2827760862119635,0.75,2.1275801458012285,0.5113794295599823,0.7521384098448416,0.75
chronos2_daily_norm_cross_lower10,25.0,2019-08-31_2020-07-31,12,0.4873080389080038,-0.1722348942847023,0.4873080389080038,-0.1722348942847023,0.6595429331927061,0.3179539077363347,1.3981856059568396,-0.04966837091850673,-0.27948217627529803,0.6666666666666666,1.8865309691626726,0.47283129769607835,0.6664701862586822,0.75
chronos2_daily_norm_cross_lower10,25.0,2019-09-30_2020-08-31,12,0.5653584694033169,-0.21057570090232802,0.5653584694033169,-0.21057570090232802,0.7759341703056449,0.316776496844,1.5700967495707412,-0.04966837091850673,-0.27948217627529803,0.6666666666666666,2.1346561451931527,0.41516388458027415,0.7684715866590828,0.7222222222222222
chronos2_daily_norm_cross_lower10,25.0,2019-10-31_2020-09-30,12,0.5301675424767553,-0.1766274605970889,0.5301675424767553,-0.1766274605970889,0.7067950030738442,0.3191929097888182,1.486279852091236,-0.04966837091850673,-0.2794821762752979,0.5833333333333334,1.8415985095688316,0.3370433707945993,0.6797319916077564,0.6944444444444443
chronos2_daily_norm_cross_lower10,25.0,2019-11-30_2020-10-31,12,1.3056001190060758,-0.06643817837031618,1.3056001190060758,-0.06643817837031618,1.3720382973763918,0.5486771286927841,1.7800202009612098,-0.04966837091850673,-0.2794821762752979,0.5833333333333334,2.0779774687641783,0.9682604026242047,1.640409763951256,0.638888888888889
chronos2_daily_norm_cross_lower10,25.0,2019-12-31_2020-11-30,12,1.4418482847233025,-0.050871312509224054,1.4418482847233025,-0.050871312509224054,1.4927195972325267,0.5437995545888102,1.9060850384201626,-0.004272655736609066,-0.2358764964179022,0.6666666666666666,2.208297413590404,0.9809891293654155,1.747518534625668,0.6666666666666666
chronos2_daily_norm_cross_lower10,25.0,2020-01-31_2020-12-31,12,1.7222605881473019,-0.013079995771551722,1.7222605881473019,-0.013079995771551722,1.7353405839188536,0.5255216046501442,2.18093573466637,-0.0024986111111112708,-0.16758179221927783,0.6666666666666666,2.395233641773188,0.9086820861061338,1.9407834493719092,0.638888888888889
chronos2_daily_norm_cross_lower10,25.0,2020-02-29_2021-01-31,12,2.2840991965725506,0.14471568274700242,2.2840991965725506,0.14471568274700242,2.139383513825548,0.5239064242508803,2.580569408760167,-0.0024986111111112708,-0.07033476780972703,0.6666666666666666,2.511606840911141,0.916501955984609,2.1379321554595667,0.6666666666666666
chronos2_daily_norm_cross_lower10,25.0,2020-03-31_2021-02-28,12,2.2415156129743523,0.3187076559568369,2.2415156129743523,0.3187076559568369,1.9228079570175154,0.5271381646616398,2.5401915426015056,-0.014611650485436889,-0.07033476780972703,0.6666666666666666,2.2210392734640823,1.5060893090545726,1.3783380109045642,0.6666666666666666
chronos2_daily_norm_cross_lower10,25.0,2020-04-30_2021-03-31,12,1.7746160228631083,0.2712264885896778,1.7746160228631083,0.2712264885896778,1.5033895342734305,0.507702740493937,2.284168070334339,-0.014611650485436889,-0.07033476780972714,0.6666666666666666,1.996191749677156,1.4373805043801544,1.1551697036341975,0.611111111111111
chronos2_daily_norm_cross_lower10,25.0,2020-05-31_2021-04-30,12,1.3011784835531328,0.2511461011810818,1.3011784835531328,0.2511461011810818,1.050032382372051,0.49726169188213837,1.9152623803159792,-0.014611650485436778,-0.07033476780972703,0.6666666666666666,1.6491421449686876,1.5503057323506804,0.764553422876179,0.5833333333333334
chronos2_daily_norm_cross_lower10,25.0,2020-06-30_2021-05-31,12,1.2260807967231293,0.22018559574957508,1.2260807967231293,0.22018559574957508,1.0058952009735542,0.5036530124616475,1.8258383645755356,-0.027797619047618904,-0.07033476780972703,0.6666666666666666,1.6261838061265783,1.637698064296314,0.7446595314534874,0.611111111111111
chronos2_daily_norm_cross_lower10,25.0,2020-07-31_2021-06-30,12,1.2260807967231289,0.1787337447456181,1.2260807967231289,0.1787337447456181,1.0473470519775108,0.5036530124616475,1.8258383645755356,-0.028607787698412657,-0.07033476780972703,0.6666666666666666,1.7421545848108926,1.8200946683441614,0.7883558863129052,0.611111111111111
chronos2_daily_norm_cross_lower10,25.0,2020-08-31_2021-07-31,12,1.265806648557239,0.17406019021811336,1.265806648557239,0.17406019021811336,1.0917464583391256,0.5009393124718259,1.87129433324056,-0.02860778769841288,-0.0471551797914731,0.75,1.810401244433014,1.8320796667114723,0.8280639892450354,0.6388888888888888
chronos2_daily_norm_cross_lower10,25.0,2020-09-30_2021-08-31,12,1.1405261662279327,0.29094300690606567,1.1405261662279327,0.29094300690606567,0.849583159321867,0.5067457154068128,1.7342853829101332,-0.028607787698412657,-0.0471551797914731,0.6666666666666666,1.4475199427901737,2.5618165493674825,0.2146747679507317,0.6388888888888888
chronos2_daily_norm_cross_lower10,25.0,2020-10-31_2021-09-30,12,1.1932164592140055,0.285307502281577,1.1932164592140055,0.285307502281577,0.9079089569324286,0.5033676723760367,1.794744260799097,-0.028607787698412657,-0.04715517979147299,0.6666666666666666,1.5420150339120198,2.660025858819759,0.2274370567062367,0.6388888888888888
chronos2_daily_norm_cross_lower10,25.0,2020-11-30_2021-10-31,12,0.4355762238860523,0.164192612882329,0.4355762238860523,0.164192612882329,0.2713836110037233,0.22129706289274387,1.7512595304318643,-0.028607787698412657,-0.04715517979147299,0.5833333333333334,1.2723467532143553,1.145636419318081,0.22615325280374354,0.6944444444444443
chronos2_daily_norm_cross_lower10,25.0,2020-12-31_2021-11-30,12,0.4000152748443968,0.10075285366229347,0.4000152748443968,0.10075285366229347,0.29926242118210333,0.21752421878878583,1.6594401924889701,-0.028607787698412657,-0.04715517979147321,0.5833333333333334,1.4427206283460068,1.264784026203754,0.26024146114833635,0.6666666666666666
chronos2_daily_norm_cross_lower10,25.0,2021-01-31_2021-12-31,12,0.35487391769747223,0.1311417024200292,0.35487391769747223,0.1311417024200292,0.22373221527744303,0.21436902691150342,1.5238257690300174,-0.028607787698412768,-0.04715517979147299,0.5833333333333334,1.1879516937093628,1.525000445384215,0.13999815179086283,0.6666666666666666
chronos2_daily_norm_cross_lower10,25.0,2021-02-28_2022-01-31,12,0.09818568535556227,0.1035559333431273,0.09818568535556227,0.1035559333431273,-0.005370247987565024,0.10185903282189065,0.9689972250371819,-0.028607787698412546,-0.008710521467504728,0.5,-0.02562724548493522,0.13025380954469812,0.08886115230644309,0.6666666666666666
chronos2_daily_norm_cross_lower10,25.0,2021-03-31_2022-02-28,12,0.11261248057181938,0.1814244316261513,0.11261248057181938,0.1814244316261513,-0.06881195105433191,0.099487905250943,1.122207806934353,-0.02860778769841288,-0.008710521467504728,0.4166666666666667,-0.4743141062034447,-0.1879282200927076,0.15332721983530728,0.6666666666666666
chronos2_daily_norm_cross_lower10,25.0,2021-04-30_2022-03-31,12,0.03532711440844283,0.2056999327796627,0.03532711440844283,0.2056999327796627,-0.17037281837121987,0.07904294927995219,0.47581924255544367,-0.0343341796629143,-0.008710521467504728,0.3333333333333333,-1.5564011701753757,0.019804527460174037,0.0343754155914997,0.6944444444444445
chronos2_daily_norm_cross_lower10,25.0,2021-05-31_2022-04-30,12,0.019698767556902252,0.20202014645819677,0.019698767556902252,0.20202014645819677,-0.18232137890129452,0.07957597707313076,0.281504545576758,-0.04172346083467082,-0.011058901373715124,0.3333333333333333,-1.7362205408069147,0.1358434679613432,-0.003006702718985732,0.6944444444444445
chronos2_daily_norm_cross_lower10,25.0,2021-06-30_2022-05-31,12,0.02091830886457502,0.1547230806668567,0.02091830886457502,0.1547230806668567,-0.13380477180228167,0.0791102594516262,0.2978594169117193,-0.06724704391574599,-0.04389760737316839,0.4166666666666667,-1.3181200706994087,0.2858546344457176,-0.018432976361497433,0.638888888888889
chronos2_daily_norm_cross_lower10,25.0,2021-07-31_2022-06-30,12,0.021567430522879016,0.14515293481688385,0.021567430522879016,0.14515293481688385,-0.12358550429400483,0.07908830432536572,0.30597478929653116,-0.0674317680214237,-0.04389760737316839,0.4166666666666667,-1.2226177388300512,0.2876735961907435,-0.0156916450137633,0.6666666666666666
chronos2_daily_norm_cross_lower10,25.0,2021-08-31_2022-07-31,12,0.055539980526893684,0.16719366722844042,0.055539980526893684,0.16719366722844042,-0.11165368670154674,0.09186330796363108,0.6312791778039255,-0.06743176802142348,-0.04389760737316839,0.4166666666666667,-1.0362075775113413,0.4245614605261415,-0.009289062169721585,0.638888888888889
chronos2_daily_norm_cross_lower10,25.0,2021-09-30_2022-08-31,12,0.02743262273606506,0.11990803732841937,0.02743262273606506,0.11990803732841937,-0.09247541459235431,0.09692601264137779,0.32341068940462214,-0.06743176802142381,-0.04389760737316817,0.4166666666666667,-0.893992109620217,0.5123253135816775,-0.028299127232151777,0.6666666666666666
chronos2_daily_norm_cross_lower10,25.0,2021-10-31_2022-09-30,12,0.031375293596886955,0.07700156092153554,0.031375293596886955,0.07700156092153554,-0.045626267324648584,0.09789728347726673,0.3602982121039971,-0.06743176802142381,-0.04389760737316828,0.5,-0.43045740411194283,0.5172137883314479,-0.004535686386154092,0.6944444444444445
chronos2_daily_norm_cross_lower10,25.0,2021-11-30_2022-10-31,12,0.07007394135741518,0.0837751064100245,0.07007394135741518,0.0837751064100245,-0.013701165052609321,0.09428994230471811,0.7630516912716927,-0.06743176802142348,-0.04389760737316839,0.5833333333333334,-0.11485566797732154,0.4324145996673849,0.036561813711589286,0.6666666666666666
chronos2_daily_norm_cross_lower10,25.0,2021-12-31_2022-11-30,12,0.25632423666478377,0.04089310124175727,0.25632423666478377,0.04089310124175727,0.2154311354230265,0.2411215114935712,1.053767208208789,-0.06743176802142348,-0.052330809109684795,0.5833333333333334,0.7528838526714213,-0.9376833166111428,0.33801296466209685,0.6944444444444443
chronos2_daily_norm_cross_lower10,25.0,2022-01-31_2022-12-31,12,0.2212023852634566,0.03139589518781816,0.2212023852634566,0.03139589518781816,0.18980649007563843,0.24172829092860607,0.9320362500605102,-0.04379218595190115,-0.0538908420070876,0.5833333333333334,0.6820634285305307,-0.9290264360561641,0.28959816117369974,0.6944444444444443
chronos2_daily_norm_cross_lower10,25.0,2022-02-28_2023-01-31,12,0.24489528314915687,-0.006523085673795559,0.24489528314915687,-0.006523085673795559,0.25141836882295243,0.23873599542169746,1.022975916932999,-0.042195845694725787,-0.053890842007087936,0.5833333333333334,0.9258382274150064,-0.8551799202358754,0.26921715885787223,0.6944444444444443
chronos2_daily_norm_cross_lower10,25.0,2022-03-31_2023-02-28,12,0.25880462146673655,-0.03763942955797195,0.25880462146673655,-0.03763942955797195,0.2964440510247085,0.23787272732613882,1.0735810444516445,-0.034274370762087836,-0.05860315994470999,0.6666666666666666,1.1087804985113574,-0.853169062452052,0.24912025479382005,0.6944444444444445
chronos2_daily_norm_cross_lower10,25.0,2022-04-30_2023-03-31,12,0.2660424680661613,-0.0433257664262765,0.2660424680661613,-0.0433257664262765,0.3093682344924378,0.23716895518505307,1.1008112981091216,-0.02682764957299799,-0.052003665957635614,0.6666666666666666,1.1641409681524093,-0.8384390467764832,0.25055687288513107,0.7222222222222223
chronos2_daily_norm_cross_lower10,25.0,2022-05-31_2023-04-30,12,0.2865184259431033,-0.07213752035282106,0.2865184259431033,-0.07213752035282106,0.35865594629592434,0.23553534868057038,1.1765864844379033,-0.02604103667617863,-0.07596598010903766,0.6666666666666666,1.340914548550471,-0.5761938115118779,0.26283569865471934,0.6944444444444445
chronos2_daily_norm_cross_lower10,25.0,2022-06-30_2023-05-31,12,0.31951947481440124,-0.0361282154897381,0.31951947481440124,-0.0361282154897381,0.35564769030413934,0.23106552677048875,1.3074036961763933,-0.02604103667617852,-0.07596598010903755,0.5833333333333334,1.2853843074949534,-1.04791976176649,0.30090807727917857,0.7222222222222222
chronos2_daily_norm_cross_lower10,25.0,2022-07-31_2023-06-30,12,0.3267039428302929,-0.0028433046031512976,0.3267039428302929,-0.0028433046031512976,0.3295472474334442,0.23047680267310125,1.3343625162299593,-0.02604103667617863,-0.07596598010903743,0.5833333333333334,1.1484518285551815,-0.8666299317666102,0.35510497630710636,0.7222222222222222
chronos2_daily_norm_cross_lower10,25.0,2022-08-31_2023-07-31,12,0.2575841934934653,-0.031389184091800915,0.2575841934934653,-0.031389184091800915,0.2889733775852662,0.23067294293477855,1.09609238649938,-0.005800578211433094,-0.0655917893195096,0.5,1.046554824623722,-1.2630049240030599,0.23850071637238557,0.6944444444444445
chronos2_daily_norm_cross_lower10,25.0,2022-09-30_2023-08-31,12,0.27261839423314016,-0.014331580574544756,0.27261839423314016,-0.014331580574544756,0.2869499748076849,0.22836105297755846,1.1581763326925107,-0.01908815248268325,-0.06559178931950937,0.5,1.02283385605831,-1.5173358379653001,0.2759924772966593,0.638888888888889
chronos2_daily_norm_cross_lower10,25.0,2022-10-31_2023-09-30,12,0.23124095659922483,-0.04883569016310929,0.23124095659922483,-0.04883569016310929,0.2800766467623341,0.23003101319209243,1.0046310447569966,-0.025515945010190055,-0.06327241269436523,0.5,1.0299987193356188,-1.261233375579966,0.18552520035008158,0.5833333333333333
chronos2_daily_norm_cross_lower10,25.0,2022-11-30_2023-10-31,12,0.006345664634177295,-8.074453772832779e-05,0.006345664634177295,-8.074453772832779e-05,0.006426409171905623,0.2988246528901062,0.153453931638061,-0.1922491021803927,-0.04084242285001627,0.4166666666666667,0.11561048995868847,-2.0316903977781173,0.054908027483520305,0.6388888888888888
chronos2_daily_norm_cross_lower10,25.0,2022-12-31_2023-11-30,12,-0.20067766277894217,0.06162621592425688,-0.20067766277894217,0.06162621592425688,-0.26230387870319904,0.1709738385925106,-1.2100446204774755,-0.2117623518914561,-0.04084242285001627,0.3333333333333333,-1.1601478528800937,-1.1120591851519268,-0.1280734258815952,0.6388888888888888
chronos2_daily_norm_cross_lower10,25.0,2023-01-31_2023-12-31,12,-0.20274043379550166,0.05389394652891433,-0.20274043379550166,0.05389394652891433,-0.256634380324416,0.170693876547363,-1.2271617027204371,-0.21307608130497047,-0.04084242285001627,0.3333333333333333,-1.1371178983576273,-1.1025540754330374,-0.1379033041897465,0.6388888888888888
chronos2_daily_norm_cross_lower10,25.0,2023-02-28_2024-01-31,12,-0.19769529562571153,0.06910062416905749,-0.19769529562571153,0.06910062416905749,-0.266795919794769,0.17127745874798359,-1.1862483039251674,-0.21307608130497036,-0.04084242285001627,0.3333333333333333,-1.1742831942891265,-1.0610433862977964,-0.1209275638582269,0.638888888888889
chronos2_daily_norm_cross_lower10,25.0,2023-03-31_2024-02-29,12,-0.20941221036393964,0.07105311702696282,-0.20941221036393964,0.07105311702696282,-0.28046532739090246,0.16942112451404454,-1.2862636053407261,-0.21682702108799912,-0.04084242285001627,0.25,-1.258001368951931,-1.0403785071102996,-0.13356197983943874,0.6666666666666666
chronos2_daily_norm_cross_lower10,25.0,2023-04-30_2024-03-31,12,-0.17242564710611252,0.04605177038880415,-0.17242564710611252,0.04605177038880415,-0.21847741749491667,0.18021034892022347,-0.9502981421308931,-0.21682702108799934,-0.028914327222309355,0.3333333333333333,-0.9051400992470874,-1.1597371187915144,-0.10886223962248287,0.6666666666666666
chronos2_daily_norm_cross_lower10,25.0,2023-05-31_2024-04-30,12,-0.1967773705274526,0.05087612226469651,-0.1967773705274526,0.05087612226469651,-0.2476534927921491,0.17857397443092252,-1.1251699980749008,-0.21682702108799912,-0.04720745865673304,0.3333333333333333,-1.081374022130984,-1.0345327588259703,-0.13653330054560275,0.6944444444444443
chronos2_daily_norm_cross_lower10,25.0,2023-06-30_2024-05-31,12,-0.19338473477474838,0.06029804021364593,-0.19338473477474838,0.06029804021364593,-0.2536827749883943,0.17901161321299264,-1.0988635568184844,-0.21682702108799912,-0.04720745865673304,0.3333333333333333,-1.103105600279576,-0.9997675876660909,-0.1265421076941019,0.6944444444444445
chronos2_daily_norm_cross_lower10,25.0,2023-07-31_2024-06-30,12,0.17544999636614267,0.046802268590376395,0.17544999636614267,0.046802268590376395,0.12864772777576627,0.5148145971011143,0.5107694536875226,-0.21308196319575556,-0.04720745865673304,0.4166666666666667,0.415991491353695,0.5275120785065426,0.26468091749675926,0.6666666666666666
chronos2_daily_norm_cross_lower10,25.0,2023-08-31_2024-07-31,12,0.18081230883060284,0.10318514893952901,0.18081230883060284,0.10318514893952901,0.07762715989107383,0.5145779576423982,0.5198275183726367,-0.2015867879522426,-0.04720745865673315,0.4166666666666667,0.31667380561392244,0.23581891910833863,0.27223602075702313,0.6944444444444445
chronos2_daily_norm_cross_lower10,25.0,2023-09-30_2024-08-31,12,0.18633520086188726,0.08473288946892565,0.18633520086188726,0.08473288946892565,0.10160231139296161,0.5142399411012476,0.5291336166606339,-0.19632037599610563,-0.04720745865673315,0.5,0.3581887940026892,0.2729151374543955,0.27891817658857043,0.7222222222222222
chronos2_daily_norm_cross_lower10,25.0,2023-10-31_2024-09-30,12,0.2295848120891555,0.12170948346779942,0.2295848120891555,0.12170948346779942,0.10787532862135607,0.5132687674550764,0.6006974307480869,-0.030427597139106366,-0.047207458656732815,0.5,0.3640416550306497,0.17965391535805772,0.32774851335121546,0.75
chronos2_daily_norm_cross_lower10,25.0,2023-11-30_2024-10-31,12,0.5008856057734734,0.004734660022875703,0.5008856057734734,0.004734660022875703,0.4961509457505977,0.4672974621965978,1.0511751350409906,-0.021275082797584277,-0.07254414974326939,0.5833333333333334,1.0641234777783104,1.0982838743751724,0.6012270783742135,0.75
chronos2_daily_norm_cross_lower10,25.0,2023-12-31_2024-11-30,12,0.523286639420768,-0.026522408525777696,0.523286639420768,-0.026522408525777696,0.5498090479465457,0.46530699261904,1.086972978208925,-0.021275082797584277,-0.07702368625268241,0.5833333333333334,1.1878517340773327,1.3852400678055263,0.6894958141366772,0.75
chronos2_daily_norm_cross_lower10,25.0,2024-01-31_2024-12-31,12,0.5220151146800163,-0.013699490369203038,0.5220151146800163,-0.013699490369203038,0.5357146050492193,0.4653933335086015,1.084980720304818,-0.021275082797584277,-0.07702368625268208,0.5,1.1527783442734185,1.3311874513451525,0.6583973734088011,0.7777777777777777
chronos2_daily_norm_cross_lower10,25.0,2024-02-29_2025-01-31,12,0.4342180917579159,-0.14290566323586873,0.4342180917579159,-0.14290566323586873,0.5771237549937847,0.4745086430229759,0.9425112978086956,-0.06860048692512544,-0.18252959118595857,0.5833333333333334,1.3342920584136477,1.1330371333291631,0.8093516179308688,0.7499999999999999
chronos2_daily_norm_cross_lower10,25.0,2024-03-31_2025-02-28,12,0.4372554809207496,-0.10676537761977256,0.4372554809207496,-0.10676537761977256,0.5440208585405222,0.47430732040372664,0.9473529300855978,-0.0715326705773982,-0.1825295911859588,0.5833333333333334,1.2251873312070478,0.9559631460141995,0.7035360140832965,0.7222222222222222
chronos2_daily_norm_cross_lower10,25.0,2024-04-30_2025-03-31,12,0.4694085445513674,-0.06461005552580057,0.4694085445513674,-0.06461005552580057,0.534018600077168,0.4752427544694641,0.9946403991444938,-0.0715326705773981,-0.18252959118595868,0.5833333333333334,1.1720683512924948,0.9309199698857418,0.666840780117703,0.6944444444444445
chronos2_daily_norm_cross_lower10,25.0,2024-05-31_2025-04-30,12,0.523056684694359,0.02942056800377868,0.523056684694359,0.02942056800377868,0.4936361166905803,0.4715959908514258,1.0781027030622072,-0.0715326705773982,-0.18252959118595857,0.5,1.016819063536027,0.7191592052716427,0.5961563333585962,0.6944444444444445
chronos2_daily_norm_cross_lower10,25.0,2024-06-30_2025-05-31,12,0.5091670273118558,-0.019239253194651806,0.5091670273118558,-0.019239253194651806,0.5284062805065076,0.47252585228265087,1.0566322694182562,-0.0715326705773981,-0.18252959118595835,0.5833333333333334,1.108807796797389,0.7650934077190074,0.6357234599519526,0.6944444444444445
chronos2_daily_norm_cross_lower10,25.0,2024-07-31_2025-06-30,12,0.04223301938302404,0.03150250800801424,0.04223301938302404,0.03150250800801424,0.010730511375009799,0.10055751544665899,0.45790889765256937,-0.07153267057739798,-0.1825295911859589,0.5,-0.01980153807688337,0.3052163323316527,0.03147868965673162,0.6666666666666666
chronos2_daily_norm_cross_lower10,25.0,2024-08-31_2025-07-31,12,0.25446496104358607,0.02082724764079913,0.25446496104358607,0.02082724764079913,0.23363771340278694,0.22306488219765347,1.119107347811036,-0.0715326705773982,-0.1720911800730176,0.5833333333333334,1.0028100476366801,0.5710083143341752,0.25314903924768406,0.6666666666666666
chronos2_daily_norm_cross_lower10,25.0,2024-09-30_2025-08-31,12,0.25432585897504545,0.07082064647411035,0.25432585897504545,0.07082064647411035,0.1835052125009351,0.22308133518195708,1.1185326116090537,-0.0715326705773982,-0.1720911800730176,0.5,0.7474826487147105,0.527817210005795,0.22416008027196122,0.6666666666666666
chronos2_daily_norm_cross_lower10,25.0,2024-10-31_2025-09-30,12,0.23860484137699456,0.07787885846139209,0.23860484137699456,0.07787885846139209,0.16072598291560247,0.2228946962713677,1.0615708301497522,-0.07153267057739787,-0.11858833109117162,0.5,0.658299104935891,0.5272474199959799,0.20462081728138992,0.6388888888888888
chronos2_daily_norm_cross_lower10,25.0,2024-11-30_2025-10-31,12,0.23044330662160362,0.1960061542824556,0.23044330662160362,0.1960061542824556,0.034437152339148014,0.22325270740215822,1.0300054318578626,-0.06253975077160479,-0.11795970406671652,0.4166666666666667,0.1603021960256395,0.5711968349905998,0.12466896371577585,0.5833333333333333
chronos2_daily_norm_cross_lower10,25.0,2024-12-31_2025-11-30,12,0.25774176138844274,0.22133541890163522,0.25774176138844274,0.22133541890163522,0.03640634248680752,0.22123746112385917,1.1387065455118417,-0.060190226337448416,-0.11795970406671652,0.4166666666666667,0.16454863682528145,0.5586868770729287,0.13883706096928217,0.5277777777777777
chronos2_daily_norm_cross_lower10,25.0,2025-01-31_2025-12-31,12,0.29942589297946176,0.17166648362633885,0.29942589297946176,0.17166648362633885,0.1277594093531229,0.21987347026420867,1.29612605234093,-0.009897469458987729,-0.03669877287899381,0.5,0.4913804886283369,0.48948327097492106,0.21792410328245837,0.4722222222222221
chronos2_daily_norm_cross_lower10,25.0,2025-02-28_2026-01-31,12,0.4370749568105936,0.31334945156909844,0.4370749568105936,0.31334945156909844,0.12372550524149517,0.20168027705706423,1.9082323089767528,-0.009897469458987729,-0.04758367670999886,0.5,0.4641417679096159,0.25436077715668887,0.36194563651571765,0.49999999999999994
chronos2_daily_norm_cross_lower10,25.0,2025-03-31_2026-02-28,12,0.37341926219668853,0.08257309459079365,0.37341926219668853,0.08257309459079365,0.2908461676058949,0.21451735917687487,1.5882022351061469,-0.0473040195980402,-0.18488813271044613,0.5833333333333334,1.0497946647930987,0.42567028142282803,0.34224890007059683,0.5277777777777778
chronos2_daily_norm_cross_lower10,25.0,2025-04-30_2026-03-31,12,0.35180170454686666,0.028079656548997578,0.35180170454686666,0.028079656548997578,0.3237220479978691,0.2118143899509772,1.5291413386512702,-0.0473040195980402,-0.19546042589812018,0.5833333333333334,1.1837291477486382,0.38825341608001357,0.35179370218757655,0.5277777777777778
chronos2_daily_norm_cross_lower10,25.0,2025-05-31_2026-04-30,12,0.3041685627934123,-0.14610708694572017,0.3041685627934123,-0.14610708694572017,0.4502756497391325,0.21707279924846334,1.327425172489924,-0.04730401959804009,-0.29138146686445754,0.6666666666666666,1.8171740724033407,0.44041861974038754,0.40667850910088976,0.5555555555555556
chronos2_daily_norm_cross_lower10,25.0,2025-06-30_2026-05-31,12,0.3064599091162252,-0.18541351506394133,0.3064599091162252,-0.18541351506394133,0.49187342418016655,0.21681120965316467,1.3370768773887796,-0.0473040195980402,-0.34737666250868915,0.6666666666666666,1.9906383769133331,0.4313046099645006,0.4338685905405548,0.5833333333333334
chronos2_daily_norm_cross_lower10,25.0,2025-07-31_2026-06-30,12,0.3348096956385751,-0.1667764227923394,0.3348096956385751,-0.1667764227923394,0.5015861184309145,0.21654269885333877,1.4401137456498045,-0.0473040195980402,-0.34737666250868904,0.6666666666666666,1.9670844475025582,0.43142841713463825,0.44968637151282076,0.638888888888889
