model,cost_bps,period,months,strategy_total_return,benchmark_total_return,strategy_cagr,benchmark_cagr,excess_cagr,strategy_volatility,strategy_sharpe_rf0,strategy_max_drawdown,benchmark_max_drawdown,active_hit_rate,information_ratio,beta_to_benchmark,annualized_alpha_rf0,average_monthly_turnover
cap150_composite,25.0,2019-01-31_2019-12-31,12,0.07281480684245811,-0.0907583313333864,0.07281480684245811,-0.0907583313333864,0.1635731381758445,0.27952772519352853,0.38113646345159913,-0.18631161955957132,-0.08173242622854304,0.75,0.9268333080844844,2.1549304670114173,0.3459684561291827,0.5555555555555555
cap150_composite,25.0,2019-02-28_2020-01-31,12,-0.041825359902630366,-0.15374678206850467,-0.041825359902630366,-0.15374678206850467,0.1119214221658743,0.29971928146051985,-0.004113140373875479,-0.20336071246221865,-0.157070533612218,0.6666666666666666,0.7324635194222959,1.9025990345432666,0.345279598406929,0.49999999999999994
cap150_composite,25.0,2019-03-31_2020-02-29,12,-0.025167535893901527,-0.2983301643039218,-0.025167535893901527,-0.2983301643039218,0.27316262841002026,0.30124190234163134,0.05451654616364979,-0.20336071246221865,-0.2968733323797681,0.6666666666666666,1.2152427857295962,0.622824515584595,0.2459922443916862,0.5277777777777778
cap150_composite,25.0,2019-04-30_2020-03-31,12,-0.3473486111298978,-0.26938100433105683,-0.3473486111298978,-0.26938100433105683,-0.07796760679884096,0.4864363243129888,-0.5922509701976012,-0.4922588425970126,-0.2897384073692094,0.6666666666666666,0.0014052886835728554,-0.0126694807812836,-0.2557341446548219,0.47222222222222227
cap150_composite,25.0,2019-05-31_2020-04-30,12,-0.231627512679059,-0.23441422140073764,-0.231627512679059,-0.23441422140073764,0.0027867087216786324,0.47896770108420567,-0.2745638148448921,-0.49225884259701247,-0.2897384073692094,0.75,0.21281777721931638,-0.009227931461338558,-0.12584598857916196,0.5
cap150_composite,25.0,2019-06-30_2020-05-31,12,-0.28634489670768415,-0.22854562482453433,-0.28634489670768415,-0.22854562482453433,-0.057799271883149816,0.45874769949687116,-0.462649414491743,-0.49225884259701236,-0.2897384073692095,0.75,0.044378900314499474,-0.08383370221852554,-0.20880202061512287,0.5277777777777778
cap150_composite,25.0,2019-07-31_2020-06-30,12,-0.19696978350810557,-0.1941752572672133,-0.19696978350810557,-0.1941752572672133,-0.00279452624089227,0.4836159050981365,-0.1774813812133272,-0.49225884259701236,-0.2827760862119635,0.75,0.20116656337331723,0.1375986401092162,-0.058059894578538884,0.5555555555555556
cap150_composite,25.0,2019-08-31_2020-07-31,12,-0.3177784748519731,-0.1722348942847023,-0.3177784748519731,-0.1722348942847023,-0.1455435805672708,0.4781986111602943,-0.5199300885501463,-0.49225884259701247,-0.27948217627529803,0.6666666666666666,-0.1641922483557769,0.07703851515663707,-0.212119440489817,0.5555555555555555
cap150_composite,25.0,2019-09-30_2020-08-31,12,-0.35840813274595085,-0.21057570090232802,-0.35840813274595085,-0.21057570090232802,-0.14783243184362282,0.47788792700214067,-0.6460220941052568,-0.49225884259701247,-0.27948217627529803,0.6666666666666666,-0.19332177731587258,0.11037695728734868,-0.25112562161586394,0.5555555555555556
cap150_composite,25.0,2019-10-31_2020-09-30,12,-0.24749341946208847,-0.1766274605970889,-0.24749341946208847,-0.1766274605970889,-0.07086595886499958,0.5361035916904626,-0.23988717328280454,-0.49225884259701236,-0.2794821762752979,0.6666666666666666,0.0663202082567157,0.3870951443682922,-0.0628656914241481,0.5833333333333334
cap150_composite,25.0,2019-11-30_2020-10-31,12,-0.17116122466664918,-0.06643817837031618,-0.17116122466664918,-0.06643817837031618,-0.104723046296333,0.549055241547542,-0.048431676259288375,-0.49225884259701236,-0.2794821762752979,0.6666666666666666,0.016797002222917558,0.5192239019940684,-0.007987515531488243,0.5833333333333334
cap150_composite,25.0,2019-12-31_2020-11-30,12,-0.09466316586650525,-0.050871312509224054,-0.09466316586650525,-0.050871312509224054,-0.043791853357281196,0.5809367669751287,0.1308436951660282,-0.4258962175046055,-0.2358764964179022,0.6666666666666666,0.1672977035581098,0.6401170647780553,0.09134166308960068,0.5833333333333334
cap150_composite,25.0,2020-01-31_2020-12-31,12,0.1910675903502701,-0.013079995771551722,0.1910675903502701,-0.013079995771551722,0.20414758612182182,0.5840755895778864,0.6080324798034027,-0.3831351758171615,-0.16758179221927783,0.75,0.5750571347253337,0.4997453795456421,0.4058460859874453,0.5555555555555555
cap150_composite,25.0,2020-02-29_2021-01-31,12,0.7613667651914529,0.14471568274700242,0.7613667651914529,0.14471568274700242,0.6166510824444504,0.6371244066266247,1.2343485540806907,-0.3831351758171615,-0.07033476780972703,0.8333333333333334,0.9883083083379263,0.5957672808215031,0.9514144551775616,0.5555555555555555
cap150_composite,25.0,2020-03-31_2021-02-28,12,0.7081334325761268,0.3187076559568369,0.7081334325761268,0.3187076559568369,0.3894257766192899,0.6396129152676204,1.1807250704833077,-0.12755667864356912,-0.07033476780972703,0.8333333333333334,0.763049688089647,1.2464542201755198,0.4686622995516634,0.5555555555555555
cap150_composite,25.0,2020-04-30_2021-03-31,12,1.721880661229807,0.2712264885896778,1.721880661229807,0.2712264885896778,1.4506541726401292,0.43223893133726016,2.594179689648376,-0.12755667864356923,-0.07033476780972714,0.8333333333333334,2.4519083664225945,1.6091374279640673,0.9947591747557003,0.5833333333333333
cap150_composite,25.0,2020-05-31_2021-04-30,12,1.7630401393066313,0.2511461011810818,1.7630401393066313,0.2511461011810818,1.5118940381255495,0.43038857948063186,2.641862764448233,-0.12755667864356934,-0.07033476780972703,0.8333333333333334,2.5598588165856193,1.5846774184766157,1.0854684086183086,0.5555555555555555
cap150_composite,25.0,2020-06-30_2021-05-31,12,1.8523770746756436,0.22018559574957508,1.8523770746756436,0.22018559574957508,1.6321914789260685,0.4281222364894894,2.7353696480872594,-0.12755667864356923,-0.07033476780972703,0.8333333333333334,2.7687567323037316,1.6114104043609152,1.2244980592308221,0.49999999999999994
cap150_composite,25.0,2020-07-31_2021-06-30,12,2.5082822311815782,0.1787337447456181,2.5082822311815782,0.1787337447456181,2.32954848643596,0.522728226036088,2.7399322869529104,-0.05100589721037285,-0.07033476780972703,0.8333333333333334,2.7260700515758254,1.621401978532625,1.9813091625680097,0.5
cap150_composite,25.0,2020-08-31_2021-07-31,12,2.8941076115477222,0.17406019021811336,2.8941076115477222,0.17406019021811336,2.7200474213296086,0.48922851048478755,3.1342088466465285,-0.01703672352811747,-0.0471551797914731,0.9166666666666666,3.2375386096632357,1.6486434100092164,2.273787988499584,0.49999999999999994
cap150_composite,25.0,2020-09-30_2021-08-31,12,2.2351811622870064,0.29094300690606567,2.2351811622870064,0.29094300690606567,1.9442381553809407,0.5725111943201883,2.397794052506391,-0.2115862860692197,-0.0471551797914731,0.8333333333333334,2.0462697080861227,1.4403340274298477,1.5863464559293474,0.5
cap150_composite,25.0,2020-10-31_2021-09-30,12,1.5536956251948313,0.285307502281577,1.5536956251948313,0.285307502281577,1.2683881229132543,0.5775591206896292,1.9311305793007947,-0.23947747988704005,-0.04715517979147299,0.75,1.5234835778649807,1.0319366998173178,1.2628477743261168,0.47222222222222215
cap150_composite,25.0,2020-11-30_2021-10-31,12,1.4230822255564686,0.164192612882329,1.4230822255564686,0.164192612882329,1.2588896126741396,0.5787591820725421,1.829236597794834,-0.23947747988704027,-0.04715517979147299,0.75,1.6160152654278317,1.4645216488942625,1.2231580222759604,0.5
cap150_composite,25.0,2020-12-31_2021-11-30,12,0.9246354045637093,0.10075285366229347,0.9246354045637093,0.10075285366229347,0.8238825509014158,0.5732814608604456,1.4109974437113848,-0.23947747988704016,-0.04715517979147321,0.6666666666666666,1.2599296145181578,1.1592119117847444,0.959892535198291,0.49999999999999994
cap150_composite,25.0,2021-01-31_2021-12-31,12,0.9819461667964404,0.1311417024200292,0.9819461667964404,0.1311417024200292,0.8508044643764112,0.5806189376577069,1.4528387578791335,-0.23947747988704005,-0.04715517979147299,0.6666666666666666,1.269184923679982,1.5915931698938763,0.8656856999105706,0.49999999999999994
cap150_composite,25.0,2021-02-28_2022-01-31,12,0.8057329708846181,0.1035559333431273,0.8057329708846181,0.1035559333431273,0.7021770375414909,0.5324525727245963,1.361836815507722,-0.23947747988704005,-0.008710521467504728,0.6666666666666666,1.1681653240623775,0.408681693507804,0.9439735007249614,0.49999999999999994
cap150_composite,25.0,2021-03-31_2022-02-28,12,0.735945833347807,0.1814244316261513,0.735945833347807,0.1814244316261513,0.5545214017216558,0.5384632844463166,1.2747185442809925,-0.23947747988704005,-0.008710521467504728,0.5833333333333334,0.9467654859334821,-0.6185623371631815,1.1516819480489553,0.44444444444444436
cap150_composite,25.0,2021-04-30_2022-03-31,12,1.0082673596167804,0.2056999327796627,1.0082673596167804,0.2056999327796627,0.8025674268371177,0.5373496567167457,1.564323471286265,-0.23947747988704005,-0.008710521467504728,0.6666666666666666,1.191836310224913,-0.810342694324363,1.6001132456926195,0.44444444444444436
cap150_composite,25.0,2021-05-31_2022-04-30,12,1.2640734415564698,0.20202014645819677,1.2640734415564698,0.20202014645819677,1.062053295098273,0.5500262225765994,1.7726886411352965,-0.23947747988704016,-0.011058901373715124,0.6666666666666666,1.3938871028948476,-1.829146723853558,2.4896312885326153,0.4166666666666666
cap150_composite,25.0,2021-06-30_2022-05-31,12,0.5502696529232345,0.1547230806668567,0.5502696529232345,0.1547230806668567,0.3955465722563778,0.6447299124972053,0.9807555139884251,-0.2557033307247818,-0.04389760737316839,0.5833333333333334,0.7651429496720731,1.6737172870750083,0.4614668486218685,0.4166666666666666
cap150_composite,25.0,2021-07-31_2022-06-30,12,0.12694182851624447,0.14515293481688385,0.12694182851624447,0.14515293481688385,-0.01821110630063938,0.524113019272638,0.4786536270079329,-0.2557033307247818,-0.04389760737316839,0.5833333333333334,0.21841729501148643,1.5455010689795734,0.0365452308884231,0.38888888888888884
cap150_composite,25.0,2021-08-31_2022-07-31,12,0.004186517273248924,0.16719366722844042,0.004186517273248924,0.16719366722844042,-0.1630071499551915,0.5358757828435866,0.2607215878420172,-0.3127531656275948,-0.04389760737316839,0.5,-0.0356417253150846,1.0734360318970086,-0.03007150913346357,0.4444444444444444
cap150_composite,25.0,2021-09-30_2022-08-31,12,0.35382596294922886,0.11990803732841937,0.35382596294922886,0.11990803732841937,0.23391792562080949,0.47835116379836445,0.8659447368216293,-0.31275316562759503,-0.04389760737316817,0.5833333333333334,0.6341789967738775,1.1335675518611972,0.320719680835452,0.4444444444444445
cap150_composite,25.0,2021-10-31_2022-09-30,12,0.33302241981802205,0.07700156092153554,0.33302241981802205,0.07700156092153554,0.2560208588964865,0.48093660643175495,0.8304687034392575,-0.3127531656275949,-0.04389760737316828,0.5833333333333334,0.6968472836865615,2.029159699105937,0.27221296603243217,0.4444444444444444
cap150_composite,25.0,2021-11-30_2022-10-31,12,0.10900885025788165,0.0837751064100245,0.10900885025788165,0.0837751064100245,0.02523374384785715,0.5056255069391451,0.4405981714310582,-0.39331806233571553,-0.04389760737316839,0.5,0.28825830109636963,2.4449759915526896,0.019481487870283587,0.4444444444444444
cap150_composite,25.0,2021-12-31_2022-11-30,12,0.007033240813585806,0.04089310124175727,0.007033240813585806,0.04089310124175727,-0.03385986042817146,0.5234349012051658,0.2561729633377969,-0.4686600585707842,-0.052330809109684795,0.5,0.18420755404877923,2.7355824299838565,0.015575220665196232,0.47222222222222227
cap150_composite,25.0,2022-01-31_2022-12-31,12,-0.16036946233092975,0.03139589518781816,-0.16036946233092975,0.03139589518781816,-0.1917653575187479,0.482067856526671,-0.1350175164059288,-0.46919079687374476,-0.0538908420070876,0.5,-0.2204179236751211,2.6055122916043105,-0.14368582845979716,0.5277777777777778
cap150_composite,25.0,2022-02-28_2023-01-31,12,-0.2662797543275648,-0.006523085673795559,-0.2662797543275648,-0.006523085673795559,-0.25975666865376923,0.4273884252794874,-0.5104802585754292,-0.46919079687374476,-0.053890842007087936,0.5,-0.5192807477125507,1.6446980781195197,-0.1922077921089198,0.5833333333333334
cap150_composite,25.0,2022-03-31_2023-02-28,12,-0.17343360347225478,-0.03763942955797195,-0.17343360347225478,-0.03763942955797195,-0.13579417391428283,0.438844042000742,-0.21939543112950527,-0.46919079687374476,-0.05860315994470999,0.5833333333333334,-0.14226148253635304,2.0158794231158343,-0.023111428351962227,0.611111111111111
cap150_composite,25.0,2022-04-30_2023-03-31,12,-0.3051879639851297,-0.0433257664262765,-0.3051879639851297,-0.0433257664262765,-0.2618621975588532,0.40990453369390617,-0.6770934800920227,-0.46919079687374476,-0.052003665957635614,0.5,-0.5822066433849585,1.0342690339162195,-0.2103717549985834,0.6388888888888888
cap150_composite,25.0,2022-05-31_2023-04-30,12,-0.5779678126118885,-0.07213752035282106,-0.5779678126118885,-0.07213752035282106,-0.5058302922590674,0.41128406247236576,-1.8106177477413883,-0.4416161513683159,-0.07596598010903766,0.4166666666666667,-1.7713192166612828,2.6795452361066787,-0.4315529174143198,0.6388888888888888
cap150_composite,25.0,2022-06-30_2023-05-31,12,-0.33275673991139987,-0.0361282154897381,-0.33275673991139987,-0.0361282154897381,-0.29662852442166177,0.41648360604371537,-0.749665921353995,-0.441616151368316,-0.07596598010903755,0.5,-0.7014719820127225,2.202105434381512,-0.21231728946437067,0.6944444444444443
cap150_composite,25.0,2022-07-31_2023-06-30,12,-0.2814461587159116,-0.0028433046031512976,-0.2814461587159116,-0.0028433046031512976,-0.2786028541127603,0.432001104561265,-0.541976973092952,-0.4222629701993863,-0.07596598010903743,0.5,-0.5827608399007645,2.339100144316918,-0.21105089417524137,0.7222222222222222
cap150_composite,25.0,2022-08-31_2023-07-31,12,-0.24049142418210967,-0.031389184091800915,-0.24049142418210967,-0.031389184091800915,-0.20910224009030876,0.4257458679689551,-0.42821083472133753,-0.4222629701993862,-0.0655917893195096,0.5,-0.3951190873292379,3.3355037704747463,-0.08134291755143419,0.6666666666666666
cap150_composite,25.0,2022-09-30_2023-08-31,12,-0.07850735045161727,-0.014331580574544756,-0.07850735045161727,-0.014331580574544756,-0.06417576987707252,0.5208528706880976,0.08521825237223185,-0.3917282032073054,-0.06559178931950937,0.5,0.11586700246785574,3.7893253399884235,0.09381045451910741,0.6666666666666666
cap150_composite,25.0,2022-10-31_2023-09-30,12,-0.13098202804368153,-0.04883569016310929,-0.13098202804368153,-0.04883569016310929,-0.08214633788057224,0.5296918441581744,-0.018313518742892162,-0.3091440417830217,-0.06327241269436523,0.5,0.0768027152558094,4.037127063448793,0.197254875972666,0.6944444444444443
cap150_composite,25.0,2022-11-30_2023-10-31,12,0.011498487886922204,-8.074453772832779e-05,0.011498487886922204,-8.074453772832779e-05,0.011579232424650532,0.5119516525901577,0.26108599480629036,-0.3091440417830217,-0.04084242285001627,0.5,0.2748884283364812,2.7882911531575614,0.13025781784391666,0.6388888888888888
cap150_composite,25.0,2022-12-31_2023-11-30,12,-0.3585030333115149,0.06162621592425688,-0.3585030333115149,0.06162621592425688,-0.4201292492357718,0.6777322826424645,-0.2754848731246272,-0.4936394943427035,-0.04084242285001627,0.5,-0.37191779091838356,0.9330589823788441,-0.22003762944504102,0.611111111111111
cap150_composite,25.0,2023-01-31_2023-12-31,12,-0.3658852506328293,0.05389394652891433,-0.3658852506328293,0.05389394652891433,-0.4197791971617436,0.6775603358338674,-0.29252198564778265,-0.4999665552631277,-0.04084242285001627,0.4166666666666667,-0.37827322961940646,0.920857205790229,-0.22323707085326805,0.611111111111111
cap150_composite,25.0,2023-02-28_2024-01-31,12,-0.39952037454023637,0.06910062416905749,-0.39952037454023637,0.06910062416905749,-0.46862099870929386,0.6729003453157596,-0.3781468536148693,-0.4999665552631276,-0.04084242285001627,0.3333333333333333,-0.48744276612934423,0.9933434192803393,-0.2804453732030696,0.5833333333333333
cap150_composite,25.0,2023-03-31_2024-02-29,12,-0.3490150133273764,0.07105311702696282,-0.3490150133273764,0.07105311702696282,-0.4200681303543392,0.694482288556485,-0.23497269594871975,-0.4999665552631276,-0.04084242285001627,0.3333333333333333,-0.3416268414630079,0.9030655868150327,-0.20613864971438245,0.6388888888888888
cap150_composite,25.0,2023-04-30_2024-03-31,12,-0.31533379491987346,0.04605177038880415,-0.31533379491987346,0.04605177038880415,-0.3613855653086776,0.6938734158060812,-0.16390198253207158,-0.4999665552631277,-0.028914327222309355,0.4166666666666667,-0.23582838497987554,0.9197630191592308,-0.14754269623091454,0.638888888888889
cap150_composite,25.0,2023-05-31_2024-04-30,12,-0.06773621580164624,0.05087612226469651,-0.06773621580164624,0.05087612226469651,-0.11861233806634275,0.6301288209675984,0.23429330942521798,-0.4999665552631276,-0.04720745865673304,0.5,0.14647573346536769,-0.7323468667315699,0.2033968550068166,0.638888888888889
cap150_composite,25.0,2023-06-30_2024-05-31,12,-0.20727624089505103,0.06029804021364593,-0.20727624089505103,0.06029804021364593,-0.26757428110869697,0.6040606294948843,-0.04718008865244182,-0.4999665552631277,-0.04720745865673304,0.4166666666666667,-0.14642320955757865,-0.7180653429923216,0.016275778433687327,0.611111111111111
cap150_composite,25.0,2023-07-31_2024-06-30,12,-0.249000847613137,0.046802268590376395,-0.249000847613137,0.046802268590376395,-0.2958031162035134,0.5967870105613148,-0.14420302022782178,-0.4999665552631275,-0.04720745865673304,0.4166666666666667,-0.2190916685100309,-1.2218081112855,-0.02594324519349056,0.6111111111111112
cap150_composite,25.0,2023-08-31_2024-07-31,12,-0.2554050800782873,0.10318514893952901,-0.2554050800782873,0.10318514893952901,-0.35859022901781634,0.5973182506994885,-0.15779606911477492,-0.4999665552631277,-0.04720745865673315,0.4166666666666667,-0.31673758051482453,-1.1046400237533514,0.01967360514807992,0.611111111111111
cap150_composite,25.0,2023-09-30_2024-08-31,12,-0.4739250377785226,0.08473288946892565,-0.4739250377785226,0.08473288946892565,-0.5586579272474482,0.5043691257825926,-0.9372613490313557,-0.4514957514120438,-0.04720745865673315,0.3333333333333333,-1.0649470435635686,-0.525746728820422,-0.35283772676882474,0.638888888888889
cap150_composite,25.0,2023-10-31_2024-09-30,12,-0.36105627649756855,0.12170948346779942,-0.36105627649756855,0.12170948346779942,-0.48276575996536797,0.5139169503294506,-0.5459078310397331,-0.4514957514120438,-0.047207458656732815,0.4166666666666667,-0.7425454872239109,-0.9596035904878233,-0.15387231239490184,0.611111111111111
cap150_composite,25.0,2023-11-30_2024-10-31,12,-0.4146006412346668,0.004734660022875703,-0.4146006412346668,0.004734660022875703,-0.4193353012575425,0.5135442535366863,-0.7123861576743202,-0.13175280454292504,-0.07254414974326939,0.4166666666666667,-0.6970208681391158,-0.6651910851792594,-0.3055337036941509,0.611111111111111
cap150_composite,25.0,2023-12-31_2024-11-30,12,0.18670129177142236,-0.026522408525777696,0.18670129177142236,-0.026522408525777696,0.21322370029720006,0.2716679513146551,0.7534626332625673,-0.13175280454292482,-0.07702368625268241,0.5,0.8270615108945796,0.44324563312087384,0.2367522910794302,0.6388888888888888
cap150_composite,25.0,2024-01-31_2024-12-31,12,0.11627834533745807,-0.013699490369203038,0.11627834533745807,-0.013699490369203038,0.1299778357066611,0.28463353519725737,0.5132554333404517,-0.13175280454292504,-0.07702368625268208,0.5,0.5354606421529842,0.37682863104756964,0.16007601834080676,0.5833333333333333
cap150_composite,25.0,2024-02-29_2025-01-31,12,-0.24206304477737606,-0.14290566323586873,-0.24206304477737606,-0.14290566323586873,-0.09915738154150733,0.43646314887805016,-0.40393012431582276,-0.3718181057752773,-0.18252959118595857,0.5,-0.09601235228993771,1.778293980554839,0.07850331355546958,0.5833333333333334
cap150_composite,25.0,2024-03-31_2025-02-28,12,-0.5284000530031853,-0.10676537761977256,-0.5284000530031853,-0.10676537761977256,-0.4216346753834127,0.4502213761286476,-1.3787373161813734,-0.5401763564130776,-0.1825295911859588,0.4166666666666667,-1.2572997288760135,1.0864986647775134,-0.4076174612677118,0.5555555555555556
cap150_composite,25.0,2024-04-30_2025-03-31,12,-0.5800998035617301,-0.06461005552580057,-0.5800998035617301,-0.06461005552580057,-0.5154897480359295,0.44846334839261426,-1.629900260485396,-0.5883920180703721,-0.18252959118595868,0.3333333333333333,-1.611250127494487,0.9186524805378224,-0.5046543642420743,0.5555555555555556
cap150_composite,25.0,2024-05-31_2025-04-30,12,-0.563975357076239,0.02942056800377868,-0.563975357076239,0.02942056800377868,-0.5933959250800177,0.4541563430237437,-1.5262602781517403,-0.5883920180703721,-0.18252959118595857,0.25,-1.7843624540676204,1.068397855641267,-0.5341607723067706,0.5833333333333334
cap150_composite,25.0,2024-06-30_2025-05-31,12,-0.4823285135010722,-0.019239253194651806,-0.4823285135010722,-0.019239253194651806,-0.4630892603064204,0.5150056968011942,-0.9821104640060396,-0.5883920180703721,-0.18252959118595835,0.3333333333333333,-1.0016608119284063,0.718111670839586,-0.40177869071159233,0.5555555555555556
cap150_composite,25.0,2024-07-31_2025-06-30,12,-0.5201514373678369,0.03150250800801424,-0.5201514373678369,0.03150250800801424,-0.5516539453758511,0.5079903583910629,-1.144679726485558,-0.5849630226161043,-0.1825295911859589,0.25,-1.2529146137046625,0.5605439309951145,-0.46476955465790926,0.5277777777777778
cap150_composite,25.0,2024-08-31_2025-07-31,12,-0.5507109837543847,0.02082724764079913,-0.5507109837543847,0.02082724764079913,-0.5715382313951838,0.5114249596865977,-1.2556552011332252,-0.5849630226161042,-0.1720911800730176,0.25,-1.330669496170565,0.5012111925193027,-0.4935173491715693,0.5277777777777777
cap150_composite,25.0,2024-09-30_2025-08-31,12,-0.4197240492601644,0.07082064647411035,-0.4197240492601644,0.07082064647411035,-0.4905446957342747,0.558246581538525,-0.6744950967121573,-0.5849630226161043,-0.1720911800730176,0.3333333333333333,-0.841698007503255,0.623427676228904,-0.35483372551284065,0.49999999999999994
cap150_composite,25.0,2024-10-31_2025-09-30,12,-0.3477634952426556,0.07787885846139209,-0.3477634952426556,0.07787885846139209,-0.4256423537040477,0.6041075482014313,-0.3999693945038752,-0.5849630226161043,-0.11858833109117162,0.3333333333333333,-0.5634952363773416,0.6655825909944107,-0.26463403404027896,0.5555555555555555
cap150_composite,25.0,2024-11-30_2025-10-31,12,-0.30614046543546936,0.1960061542824556,-0.30614046543546936,0.1960061542824556,-0.502146619717925,0.6019425520666492,-0.30254972804391933,-0.5849630226161042,-0.11795970406671652,0.3333333333333333,-0.6367468033364904,0.6515408167187641,-0.26934117388491463,0.5555555555555555
cap150_composite,25.0,2024-12-31_2025-11-30,12,-0.34578370033915795,0.22133541890163522,-0.34578370033915795,0.22133541890163522,-0.5671191192407932,0.5887791396923058,-0.41857735765134896,-0.5531965905003258,-0.11795970406671652,0.3333333333333333,-0.8073511868182851,0.7669082038973851,-0.3430208651333283,0.5277777777777777
cap150_composite,25.0,2025-01-31_2025-12-31,12,-0.44889250623676424,0.17166648362633885,-0.44889250623676424,0.17166648362633885,-0.6205589898631031,0.6198741797077669,-0.6337590017499148,-0.3447630603272669,-0.03669877287899381,0.3333333333333333,-0.963066409462606,1.000992503485296,-0.4418259840614275,0.5277777777777777
cap150_composite,25.0,2025-02-28_2026-01-31,12,-0.3576468680715512,0.31334945156909844,-0.3576468680715512,0.31334945156909844,-0.6709963196406497,0.5715740230760481,-0.4897893194620313,-0.37807086263108813,-0.04758367670999886,0.3333333333333333,-0.9553008393133485,-0.148376743378541,-0.2136746563304348,0.5277777777777777
cap150_composite,25.0,2025-03-31_2026-02-28,12,-0.41035402137915145,0.08257309459079365,-0.41035402137915145,0.08257309459079365,-0.4929271159699451,0.6019703843358426,-0.5648336044201334,-0.5821077830829737,-0.18488813271044613,0.3333333333333333,-0.8139178276008745,1.3084869720618677,-0.3817167822659763,0.5277777777777778
cap150_composite,25.0,2025-04-30_2026-03-31,12,-0.23232311908741643,0.028079656548997578,-0.23232311908741643,0.028079656548997578,-0.260402775636414,0.6247320762931051,-0.111638114409507,-0.5821077830829737,-0.19546042589812018,0.4166666666666667,-0.2078209962787937,1.3181829731742807,-0.12522292870170548,0.5555555555555556
cap150_composite,25.0,2025-05-31_2026-04-30,12,-0.40842728016629026,-0.14610708694572017,-0.40842728016629026,-0.14610708694572017,-0.2623201932205701,0.6565656625154827,-0.463262267583687,-0.6164926287952361,-0.29138146686445754,0.4166666666666667,-0.3014317159185678,1.4873392548898867,-0.10313096126284516,0.5833333333333334
cap150_composite,25.0,2025-06-30_2026-05-31,12,-0.6356176793306492,-0.18541351506394133,-0.6356176793306492,-0.18541351506394133,-0.4502041642667079,0.6533571931167991,-1.1638373654179843,-0.7193701643674704,-0.34737666250868915,0.3333333333333333,-1.0959959392510141,1.7579162937852661,-0.3684237118841994,0.6388888888888888
cap150_composite,25.0,2025-07-31_2026-06-30,12,-0.5049308524871347,-0.1667764227923394,-0.5049308524871347,-0.1667764227923394,-0.33815442969479526,0.7505242917905378,-0.5542593717463208,-0.7193701643674706,-0.34737666250868904,0.4166666666666667,-0.4560477315828613,2.314861042770508,-0.06364200223593242,0.6666666666666666
cap150_composite,25.0,2025-08-31_2026-07-31,11,-0.4451312716310837,-0.20361006057922837,-0.4740616768362599,-0.2199234939209873,-0.25413818291527257,0.7826996626615166,-0.4295798067054893,-0.7193701643674705,-0.34737666250868904,0.45454545454545453,-0.20464557839618533,2.5663984840389915,0.24000714548276858,0.696969696969697
cap150_rank_ridge,25.0,2019-01-31_2019-12-31,12,-0.07771451212982328,-0.0907583313333864,-0.07771451212982328,-0.0907583313333864,0.013043819203563123,0.06083903665638702,-1.296814755069417,-0.0935895866789821,-0.08173242622854304,0.5833333333333334,0.12753232459752673,0.2952144426342684,-0.051046254697457605,0.2222222222222222
cap150_rank_ridge,25.0,2019-02-28_2020-01-31,12,-0.15279236947483799,-0.15374678206850467,-0.15279236947483799,-0.15374678206850467,0.000954412593666687,0.09570939372882063,-1.6748732237932842,-0.16737514722651003,-0.157070533612218,0.5833333333333334,-0.020844744167525773,0.5499283082997722,-0.07074340805040336,0.25
cap150_rank_ridge,25.0,2019-03-31_2020-02-29,12,-0.16714500794844234,-0.2983301643039218,-0.16714500794844234,-0.2983301643039218,0.13118515635547945,0.0946230918872466,-1.8731390852412768,-0.18148073724414027,-0.2968733323797681,0.6666666666666666,0.8787714122596653,0.22448764512914046,-0.09841898382099001,0.3055555555555555
cap150_rank_ridge,25.0,2019-04-30_2020-03-31,12,-0.3444071916293101,-0.26938100433105683,-0.3444071916293101,-0.26938100433105683,-0.07502618729825328,0.21770204662442272,-1.7918021837357556,-0.3556917503084358,-0.2897384073692094,0.5833333333333334,-0.3191249747340391,-0.12541485874815908,-0.3521265555295857,0.3611111111111111
cap150_rank_ridge,25.0,2019-05-31_2020-04-30,12,-0.3544204241651506,-0.23441422140073764,-0.3544204241651506,-0.23441422140073764,-0.12000620276441298,0.21574107006597465,-1.8788845211238625,-0.36553262752146676,-0.2897384073692094,0.5,-0.5187808935335575,-0.09647969223339348,-0.3537869644696382,0.4166666666666667
cap150_rank_ridge,25.0,2019-06-30_2020-05-31,12,-0.3486889470020875,-0.22854562482453433,-0.3486889470020875,-0.22854562482453433,-0.12014332217755319,0.21743353926527612,-1.8234285513702928,-0.36553262752146676,-0.2897384073692095,0.5,-0.5155594155366416,-0.07681303497122945,-0.3441680801969409,0.47222222222222227
cap150_rank_ridge,25.0,2019-07-31_2020-06-30,12,-0.3329228052148736,-0.1941752572672133,-0.3329228052148736,-0.1941752572672133,-0.1387475479476603,0.22272918208159925,-1.6713918781323114,-0.36553262752146676,-0.2827760862119635,0.5,-0.5810839296598772,-0.0008318311715627792,-0.3149939307770234,0.5277777777777778
cap150_rank_ridge,25.0,2019-08-31_2020-07-31,12,-0.32648564919952094,-0.1722348942847023,-0.32648564919952094,-0.1722348942847023,-0.15425075491481866,0.22439820324207352,-1.615957476300773,-0.36553262752146676,-0.27948217627529803,0.4166666666666667,-0.6384173508689035,0.02413418340670087,-0.30521208086084495,0.5555555555555556
cap150_rank_ridge,25.0,2019-09-30_2020-08-31,12,-0.33241684812991623,-0.21057570090232802,-0.33241684812991623,-0.21057570090232802,-0.12184114722758821,0.22327449100226657,-1.6635321676679635,-0.36553262752146676,-0.27948217627529803,0.4166666666666667,-0.5100738984281573,0.004119492405010123,-0.31367784982949354,0.6111111111111112
cap150_rank_ridge,25.0,2019-10-31_2020-09-30,12,-0.3048150281428115,-0.1766274605970889,-0.3048150281428115,-0.1766274605970889,-0.12818756754572258,0.23679117835014893,-1.3909059809269697,-0.3380187199199106,-0.2794821762752979,0.4166666666666667,-0.514440570892418,0.09747238723546371,-0.27198826788680863,0.5833333333333334
cap150_rank_ridge,25.0,2019-11-30_2020-10-31,12,-0.15850500635159714,-0.06643817837031618,-0.15850500635159714,-0.06643817837031618,-0.09206682798128096,0.3009085805576883,-0.4241809539161495,-0.3287810206595556,-0.2794821762752979,0.5,-0.27891271456712075,0.36805609251648913,-0.10865374987539322,0.638888888888889
cap150_rank_ridge,25.0,2019-12-31_2020-11-30,12,-0.1405510097067838,-0.050871312509224054,-0.1405510097067838,-0.050871312509224054,-0.08967969719755975,0.3014054340062821,-0.3536681149592698,-0.3000219733201278,-0.2358764964179022,0.5,-0.2685803465280669,0.3773037429744606,-0.09526095845936211,0.6666666666666666
cap150_rank_ridge,25.0,2020-01-31_2020-12-31,12,-0.10010559638310013,-0.013079995771551722,-0.10010559638310013,-0.013079995771551722,-0.0870256006115484,0.29951801514286286,-0.20523395836754105,-0.23799131101466675,-0.16758179221927783,0.5,-0.24501637269779525,0.3598007997322326,-0.06629120303415548,0.6944444444444443
cap150_rank_ridge,25.0,2020-02-29_2021-01-31,12,-0.02423657600176743,0.14471568274700242,-0.02423657600176743,0.14471568274700242,-0.16895225874876985,0.2877836007538099,0.055508548317219165,-0.22485957099854315,-0.07033476780972703,0.4166666666666667,-0.44789973279373474,0.26233721980422675,-0.02723092329106802,0.7222222222222222
cap150_rank_ridge,25.0,2020-03-31_2021-02-28,12,0.007540605204356288,0.3187076559568369,0.007540605204356288,0.3187076559568369,-0.31116705075248063,0.28734651151523377,0.1670081828577344,-0.015273554572274639,-0.07033476780972703,0.4166666666666667,-0.8267023535879516,0.4111149295041179,-0.06993006406791291,0.7222222222222222
cap150_rank_ridge,25.0,2020-04-30_2021-03-31,12,0.286823159641002,0.2712264885896778,0.286823159641002,0.2712264885896778,0.015596671051324229,0.16416383165664172,1.6214585199582698,-0.008806343804472871,-0.07033476780972714,0.5,0.07185191276162962,0.5580735517864277,0.1310802512803999,0.75
cap150_rank_ridge,25.0,2020-05-31_2021-04-30,12,0.22899430357731632,0.2511461011810818,0.22899430357731632,0.2511461011810818,-0.02215179760376551,0.18034545496762278,1.230593720937891,-0.059526413598087746,-0.07033476780972703,0.5,-0.10711940482507157,0.6138547042869502,0.07773600384353174,0.7777777777777777
cap150_rank_ridge,25.0,2020-06-30_2021-05-31,12,0.0721731217010968,0.22018559574957508,0.0721731217010968,0.22018559574957508,-0.14801247404847828,0.2275915571674403,0.40949633648819284,-0.17224785528036846,-0.07033476780972703,0.5,-0.5912894782485293,0.6794569224742111,-0.05075858866199545,0.8055555555555555
cap150_rank_ridge,25.0,2020-07-31_2021-06-30,12,0.13744161441513025,0.1787337447456181,0.13744161441513025,0.1787337447456181,-0.04129213033048784,0.240669238061098,0.6463079939288361,-0.17224785528036857,-0.07033476780972703,0.5833333333333334,-0.10272368179564097,0.6845211899964164,0.03422486897150656,0.8333333333333334
cap150_rank_ridge,25.0,2020-08-31_2021-07-31,12,0.1847103911571426,0.17406019021811336,0.1847103911571426,0.17406019021811336,0.010650200939029242,0.24367792499165625,0.8105148278888898,-0.17224785528036846,-0.0471551797914731,0.6666666666666666,0.10596059938068375,0.6830512307171455,0.08157402715871576,0.861111111111111
cap150_rank_ridge,25.0,2020-09-30_2021-08-31,12,0.24440229459127294,0.29094300690606567,0.24440229459127294,0.29094300690606567,-0.04654071231479273,0.24314629745657443,1.0176839729901803,-0.17224785528036834,-0.0471551797914731,0.6666666666666666,-0.08932263410364517,0.8578159482927402,0.018982297971317674,0.8611111111111108
cap150_rank_ridge,25.0,2020-10-31_2021-09-30,12,0.256601095009922,0.285307502281577,0.256601095009922,0.285307502281577,-0.028706407271654966,0.24517551613206806,1.0516267465866975,-0.17224785528036846,-0.04715517979147299,0.6666666666666666,-0.01905906744497217,0.8767936345109095,0.028545476688056848,0.8611111111111108
cap150_rank_ridge,25.0,2020-11-30_2021-10-31,12,0.09646702467735557,0.164192612882329,0.09646702467735557,0.164192612882329,-0.06772558820497343,0.19297598261179064,0.5699674673376254,-0.17224785528036846,-0.04715517979147299,0.6666666666666666,-0.23914695179069947,0.3288308508551603,0.05932687808416337,0.8055555555555555
cap150_rank_ridge,25.0,2020-12-31_2021-11-30,12,0.09654141605448463,0.10075285366229347,0.09654141605448463,0.10075285366229347,-0.004211437607808843,0.19297526600512208,0.5703237242511978,-0.17224785528036846,-0.04715517979147321,0.75,0.04765663500163534,0.4510204762900649,0.06656868185086551,0.7777777777777777
cap150_rank_ridge,25.0,2021-01-31_2021-12-31,12,0.11379578315423244,0.1311417024200292,0.11379578315423244,0.1311417024200292,-0.01734591926579676,0.19316363999749522,0.651557480316091,-0.17224785528036846,-0.04715517979147299,0.75,-0.01007107218155939,0.47480949869919675,0.06715216346012554,0.7777777777777777
cap150_rank_ridge,25.0,2021-02-28_2022-01-31,12,0.21604780601281615,0.1035559333431273,0.21604780601281615,0.1035559333431273,0.11249187266968885,0.20686117801083748,1.0504571933022355,-0.17224785528036846,-0.008710521467504728,0.8333333333333334,0.6262573575726125,1.1923379243409582,0.1001876091292091,0.7777777777777777
cap150_rank_ridge,25.0,2021-03-31_2022-02-28,12,0.2553721393007915,0.1814244316261513,0.2553721393007915,0.1814244316261513,0.0739477076746402,0.2089299225744577,1.1971673426592135,-0.17224785528036846,-0.008710521467504728,0.8333333333333334,0.45302174296601067,2.154003650500221,-0.10913357365805809,0.75
cap150_rank_ridge,25.0,2021-04-30_2022-03-31,12,0.3284335216477392,0.2056999327796627,0.3284335216477392,0.2056999327796627,0.1227335888680765,0.21236392812939253,1.4533303516335314,-0.11985604201127353,-0.008710521467504728,0.8333333333333334,0.6540305871623222,2.255279556160265,-0.11368822134553624,0.7222222222222222
cap150_rank_ridge,25.0,2021-05-31_2022-04-30,12,0.39941543063243823,0.20202014645819677,0.39941543063243823,0.20202014645819677,0.19739528417424146,0.1956457462187285,1.8343719535631449,-0.009274286243087349,-0.011058901373715124,0.9166666666666666,1.0168046837663982,1.8297700485128627,0.016723999969828984,0.7222222222222222
cap150_rank_ridge,25.0,2021-06-30_2022-05-31,12,0.5365284184481187,0.1547230806668567,0.5365284184481187,0.1547230806668567,0.381805337781262,0.1324229631278575,3.3613692995848847,-0.04258310779788199,-0.04389760737316839,0.9166666666666666,3.9097638705595372,1.4753229256184976,0.2528605473217451,0.6388888888888888
cap150_rank_ridge,25.0,2021-07-31_2022-06-30,12,0.4178648061396206,0.14515293481688385,0.4178648061396206,0.14515293481688385,0.2727118713227368,0.12458579748183077,2.8992836630927137,-0.04258310779788199,-0.04389760737316839,0.8333333333333334,3.676262398893034,1.4801266256254726,0.16693633368475758,0.6111111111111112
cap150_rank_ridge,25.0,2021-08-31_2022-07-31,12,0.3939863546811009,0.16719366722844042,0.3939863546811009,0.16719366722844042,0.22679268745266046,0.12249174284183618,2.804264919306604,-0.04258310779788188,-0.04389760737316839,0.8333333333333334,3.161088116692647,1.3901712471238674,0.13025259494358532,0.5833333333333334
cap150_rank_ridge,25.0,2021-09-30_2022-08-31,12,0.22493303524686392,0.11990803732841937,0.22493303524686392,0.11990803732841937,0.10502499791844455,0.1658311419676061,1.3099916025042109,-0.09200043020632465,-0.04389760737316817,0.75,1.0022099142352412,1.6831857522794027,0.020234323340825977,0.5555555555555555
cap150_rank_ridge,25.0,2021-10-31_2022-09-30,12,0.1350637467523652,0.07700156092153554,0.1350637467523652,0.07700156092153554,0.05806218583082967,0.15741227563937055,0.8813616666925342,-0.09974472416605229,-0.04389760737316828,0.6666666666666666,0.6073680536605955,1.7819806620721057,0.0015536563373015344,0.5555555555555555
cap150_rank_ridge,25.0,2021-11-30_2022-10-31,12,0.07472975082973066,0.0837751064100245,0.07472975082973066,0.0837751064100245,-0.009045355580293846,0.16609130626484647,0.5113342286101517,-0.137105737424161,-0.04389760737316839,0.5833333333333334,0.015693957716997435,1.9383955083453448,-0.07376466812156224,0.5555555555555555
cap150_rank_ridge,25.0,2021-12-31_2022-11-30,12,0.024576015876917046,0.04089310124175727,0.024576015876917046,0.04089310124175727,-0.016317085364840223,0.17253532245276948,0.21977469720054627,-0.17132925075483496,-0.052330809109684795,0.5,-0.04987924518505356,1.7708230459856682,-0.03818531291537419,0.5555555555555555
cap150_rank_ridge,25.0,2022-01-31_2022-12-31,12,-0.07279290503433744,0.03139589518781816,-0.07279290503433744,0.03139589518781816,-0.1041888002221556,0.18877142873850997,-0.31254670596692047,-0.23520266467275386,-0.0538908420070876,0.4166666666666667,-0.7110060406086898,1.8131985743082246,-0.11447255889114782,0.5277777777777778
cap150_rank_ridge,25.0,2022-02-28_2023-01-31,12,-0.15799738423132748,-0.006523085673795559,-0.15799738423132748,-0.006523085673795559,-0.15147429855753192,0.15960827288999271,-0.9957674788131359,-0.24472413453612363,-0.053890842007087936,0.3333333333333333,-1.3395406411362982,1.6008620476715159,-0.14227872409956077,0.5555555555555556
cap150_rank_ridge,25.0,2022-03-31_2023-02-28,12,-0.19906902968477014,-0.03763942955797195,-0.19906902968477014,-0.03763942955797195,-0.1614296001267982,0.1458376487466751,-1.4402844053189463,-0.24715313047884735,-0.05860315994470999,0.3333333333333333,-1.5665775607397943,1.464463985035369,-0.14624470111282295,0.5277777777777778
cap150_rank_ridge,25.0,2022-04-30_2023-03-31,12,-0.21403696167059694,-0.0433257664262765,-0.21403696167059694,-0.0433257664262765,-0.17071119524432044,0.13466270337633832,-1.7074472762127633,-0.2414539517487594,-0.052003665957635614,0.3333333333333333,-1.8049218215333487,1.3424411409321957,-0.16014288883627392,0.5555555555555556
cap150_rank_ridge,25.0,2022-05-31_2023-04-30,12,-0.17337492816683253,-0.07213752035282106,-0.17337492816683253,-0.07213752035282106,-0.10123740781401147,0.14787419768898494,-1.2082836421294452,-0.2414539517487594,-0.07596598010903766,0.3333333333333333,-0.7456978634975363,0.6225093325911242,-0.12594100242655193,0.49999999999999994
cap150_rank_ridge,25.0,2022-06-30_2023-05-31,12,-0.1487725090778954,-0.0361282154897381,-0.1487725090778954,-0.0361282154897381,-0.11264429358815731,0.1466921449399929,-1.021950557923732,-0.2414539517487594,-0.07596598010903755,0.3333333333333333,-0.8086064844864019,0.6161650458507801,-0.12134556308709343,0.5555555555555555
cap150_rank_ridge,25.0,2022-07-31_2023-06-30,12,-0.13989776565328105,-0.0028433046031512976,-0.13989776565328105,-0.0028433046031512976,-0.13705446105012975,0.1482330913633763,-0.9408071451536384,-0.24145395174875928,-0.07596598010903743,0.3333333333333333,-0.972880408536747,0.5998914190218987,-0.1310148561702842,0.5555555555555555
cap150_rank_ridge,25.0,2022-08-31_2023-07-31,12,-0.1883718175989435,-0.031389184091800915,-0.1883718175989435,-0.031389184091800915,-0.1569826335071426,0.13993341283715816,-1.413012402454353,-0.17087309888018798,-0.0655917893195096,0.25,-1.172160779915032,0.40377928550077347,-0.1708444349177033,0.5555555555555555
cap150_rank_ridge,25.0,2022-09-30_2023-08-31,12,-0.13641671398973798,-0.014331580574544756,-0.13641671398973798,-0.014331580574544756,-0.12208513341519323,0.11932874208672431,-1.1662192105790368,-0.1637406747505522,-0.06559178931950937,0.25,-0.9562416920454029,0.16912302452499728,-0.1288290329765145,0.5833333333333334
cap150_rank_ridge,25.0,2022-10-31_2023-09-30,12,-0.15122516866981484,-0.04883569016310929,-0.15122516866981484,-0.04883569016310929,-0.10238947850670554,0.12006078942807186,-1.3007152941504179,-0.12753288302808075,-0.06327241269436523,0.3333333333333333,-0.8166148488372933,0.20758957470516248,-0.13691206443526382,0.5555555555555555
cap150_rank_ridge,25.0,2022-11-30_2023-10-31,12,-0.30489063185015364,-8.074453772832779e-05,-0.30489063185015364,-8.074453772832779e-05,-0.3048098873124253,0.23518677863793477,-1.4018447498249922,-0.27618310868872653,-0.04084242285001627,0.3333333333333333,-1.1581495111832671,-1.123593718663585,-0.2810199401860002,0.5277777777777778
cap150_rank_ridge,25.0,2022-12-31_2023-11-30,12,-0.2699527435056368,0.06162621592425688,-0.2699527435056368,0.06162621592425688,-0.3315789594298937,0.23740110098141262,-1.1854468661497937,-0.27353701181535583,-0.04084242285001627,0.3333333333333333,-1.2006488221527059,-1.1818952952213455,-0.18793224657275542,0.49999999999999994
cap150_rank_ridge,25.0,2023-01-31_2023-12-31,12,-0.19385912362751734,0.05389394652891433,-0.19385912362751734,0.05389394652891433,-0.24775307015643167,0.2331472581476408,-0.7944737181082434,-0.2735370118153557,-0.04084242285001627,0.4166666666666667,-0.8396448061252696,-1.2838125538571545,-0.10736585357086414,0.44444444444444436
cap150_rank_ridge,25.0,2023-02-28_2024-01-31,12,-0.17599622665689163,0.06910062416905749,-0.17599622665689163,0.06910062416905749,-0.24509685082594912,0.23447614826234778,-0.6966452933237104,-0.27353701181535583,-0.04084242285001627,0.4166666666666667,-0.812915109791062,-1.238209003934475,-0.073265890489557,0.4444444444444444
cap150_rank_ridge,25.0,2023-03-31_2024-02-29,12,-0.20497708469442455,0.07105311702696282,-0.20497708469442455,0.07105311702696282,-0.27603020172138737,0.23539945980684276,-0.8428412615360151,-0.27508169660644854,-0.04084242285001627,0.3333333333333333,-0.9432688354264273,-1.1953193100806823,-0.10621426646432108,0.47222222222222215
cap150_rank_ridge,25.0,2023-04-30_2024-03-31,12,-0.2868929211291994,0.04605177038880415,-0.2868929211291994,0.04605177038880415,-0.33294469151800354,0.2297384225273465,-1.3318300168797998,-0.32117216778874,-0.028914327222309355,0.25,-1.2518741843983872,-1.2162455503186598,-0.22060603031029125,0.4444444444444444
cap150_rank_ridge,25.0,2023-05-31_2024-04-30,12,-0.32032703901744297,0.05087612226469651,-0.32032703901744297,0.05087612226469651,-0.3712031612821395,0.21902938189306864,-1.6199924780278634,-0.32583722083822064,-0.04720745865673304,0.25,-1.5413790098930695,-0.9532272840538855,-0.26512143601549,0.47222222222222227
cap150_rank_ridge,25.0,2023-06-30_2024-05-31,12,-0.2974498765590615,0.06029804021364593,-0.2974498765590615,0.06029804021364593,-0.35774791677270745,0.22561396305159734,-1.4242488127508084,-0.32583722083822064,-0.04720745865673304,0.3333333333333333,-1.429340466214245,-0.8731405022515043,-0.23665654505827327,0.47222222222222227
cap150_rank_ridge,25.0,2023-07-31_2024-06-30,12,-0.3060731631333542,0.046802268590376395,-0.3060731631333542,0.046802268590376395,-0.3528754317237306,0.22354974850073478,-1.4930252774302455,-0.30899660040057997,-0.04720745865673304,0.3333333333333333,-1.426241685996968,-1.1110321234156395,-0.24624624595709177,0.47222222222222227
cap150_rank_ridge,25.0,2023-08-31_2024-07-31,12,-0.2942642076939187,0.10318514893952901,-0.2942642076939187,0.10318514893952901,-0.3974493566334477,0.2244434179536709,-1.413107089471053,-0.29014093876862124,-0.04720745865673315,0.3333333333333333,-1.5544919389099299,-0.6750279719516418,-0.22138700934325595,0.47222222222222215
cap150_rank_ridge,25.0,2023-09-30_2024-08-31,12,-0.21810284648285583,0.08473288946892565,-0.21810284648285583,0.08473288946892565,-0.3028357359517815,0.2477503822280952,-0.8561499783181716,-0.27154314699734106,-0.04720745865673315,0.4166666666666667,-0.9912111834863957,-0.9183701012586912,-0.12507116579044375,0.49999999999999994
cap150_rank_ridge,25.0,2023-10-31_2024-09-30,12,-0.19223261191473484,0.12170948346779942,-0.19223261191473484,0.12170948346779942,-0.31394209538253426,0.2487312974672848,-0.723148653289798,-0.1056094666429106,-0.047207458656732815,0.4166666666666667,-0.9945696944250524,-1.1068805503140158,-0.04662626596389885,0.5277777777777778
cap150_rank_ridge,25.0,2023-11-30_2024-10-31,12,0.03903989160349797,0.004734660022875703,0.03903989160349797,0.004734660022875703,0.034305231580622264,0.11952634601736323,0.3754436027258067,-0.10560946664291049,-0.07254414974326939,0.5,0.20725343463706675,-0.09530299151167768,0.04681264020245002,0.5555555555555555
cap150_rank_ridge,25.0,2023-12-31_2024-11-30,12,0.026085495109344103,-0.026522408525777696,0.026085495109344103,-0.026522408525777696,0.0526079036351218,0.11962907866326525,0.2700047901596884,-0.1056094666429106,-0.07702368625268241,0.5833333333333334,0.3258012990782461,-0.11427316811281558,0.03021280908277979,0.5555555555555555
cap150_rank_ridge,25.0,2024-01-31_2024-12-31,12,0.00614552627001741,-0.013699490369203038,0.00614552627001741,-0.013699490369203038,0.019845016639220447,0.11829443063879803,0.10563355922031405,-0.10560946664291038,-0.07702368625268208,0.5,0.1295684997594112,-0.10270738700810943,0.011653217797491955,0.5833333333333333
cap150_rank_ridge,25.0,2024-02-29_2025-01-31,12,-0.03171481748664173,-0.14290566323586873,-0.03171481748664173,-0.14290566323586873,0.111190845749227,0.12141213245662433,-0.20993113414646705,-0.07001550932590728,-0.18252959118595857,0.5833333333333334,0.6258030864726171,0.08652857159973144,-0.013140988091306705,0.5555555555555555
cap150_rank_ridge,25.0,2024-03-31_2025-02-28,12,-0.013392275957275213,-0.10676537761977256,-0.013392275957275213,-0.10676537761977256,0.09337310166249735,0.1167764576973521,-0.062424884733044896,-0.05248114233735679,-0.1825295911859588,0.5833333333333334,0.47822014793805134,0.05064585192778636,-0.0022348382563118774,0.5277777777777778
cap150_rank_ridge,25.0,2024-04-30_2025-03-31,12,0.053530908663927956,-0.06461005552580057,0.053530908663927956,-0.06461005552580057,0.11814096418972853,0.09457381963991265,0.59455247350978,-0.05253929434458948,-0.18252959118595868,0.5833333333333334,0.5805555116932717,0.04015927006300046,0.05994078193390484,0.49999999999999994
cap150_rank_ridge,25.0,2024-05-31_2025-04-30,12,0.09669632969252917,0.02942056800377868,0.09669632969252917,0.02942056800377868,0.06727576168875049,0.09784589739154796,0.9905338531228832,-0.05253929434458915,-0.18252959118595857,0.5,0.27922816076753787,0.07827555097969068,0.0975911736527153,0.47222222222222215
cap150_rank_ridge,25.0,2024-06-30_2025-05-31,12,0.10004168646769718,-0.019239253194651806,0.10004168646769718,-0.019239253194651806,0.11928093966234898,0.09861247178497254,1.0146528137508863,-0.05253929434458937,-0.18252959118595835,0.5,0.5212679916974645,0.0386560626432554,0.10494360944376036,0.4166666666666666
cap150_rank_ridge,25.0,2024-07-31_2025-06-30,12,0.14824909387611074,0.03150250800801424,0.14824909387611074,0.03150250800801424,0.1167465858680965,0.10446475914983643,1.377590253156955,-0.05253929434458937,-0.1825295911859589,0.5,0.46999847022720814,0.11554053383641501,0.14732882066402153,0.3611111111111111
cap150_rank_ridge,25.0,2024-08-31_2025-07-31,12,0.19372870321739266,0.02082724764079913,0.19372870321739266,0.02082724764079913,0.17290145557659353,0.10374475127340761,1.765966300017556,-0.05253929434458937,-0.1720911800730176,0.5,0.7731464416438973,0.17462518885799722,0.1915382750750949,0.38888888888888884
cap150_rank_ridge,25.0,2024-09-30_2025-08-31,12,0.11949300609955715,0.07082064647411035,0.11949300609955715,0.07082064647411035,0.048672359625446804,0.0775237614059708,1.4981290741886693,-0.05253929434458937,-0.1720911800730176,0.4166666666666667,0.18137927709180127,0.21948249073479403,0.10164667266690364,0.3333333333333333
cap150_rank_ridge,25.0,2024-10-31_2025-09-30,12,0.1324030719921343,0.07787885846139209,0.1324030719921343,0.07787885846139209,0.054524213530742216,0.0779073803209674,1.639768418794924,-0.05253929434458926,-0.11858833109117162,0.4166666666666667,0.21162662106681987,0.22043415509691572,0.11269663432704413,0.3333333333333333
cap150_rank_ridge,25.0,2024-11-30_2025-10-31,12,0.4170376992759328,0.1960061542824556,0.4170376992759328,0.1960061542824556,0.2210315449934772,0.2645112402844452,1.4424577376342569,-0.04876543870459371,-0.11795970406671652,0.4166666666666667,0.6917638130598632,0.468401019698957,0.331561398184695,0.3333333333333333
cap150_rank_ridge,25.0,2024-12-31_2025-11-30,12,0.4528123437278522,0.22133541890163522,0.4528123437278522,0.22133541890163522,0.23147692482621696,0.2619855471779099,1.5523459533107007,-0.04811158281593497,-0.11795970406671652,0.4166666666666667,0.7074839095490402,0.4490099220126143,0.3571117838717699,0.3611111111111111
cap150_rank_ridge,25.0,2025-01-31_2025-12-31,12,0.373483332093681,0.17166648362633885,0.373483332093681,0.17166648362633885,0.20181684846734216,0.2751918051549228,1.2795655550210885,-0.055253153010872746,-0.03669877287899381,0.4166666666666667,0.6526371561303315,0.5426914413500403,0.2889701571716896,0.3333333333333333
cap150_rank_ridge,25.0,2025-02-28_2026-01-31,12,0.4797825169523089,0.31334945156909844,0.4797825169523089,0.31334945156909844,0.16643306538321045,0.2681160542962946,1.5937506835738804,-0.055253153010872746,-0.04758367670999886,0.4166666666666667,0.5518688861858584,0.6053667699975699,0.28843688614584373,0.3333333333333333
cap150_rank_ridge,25.0,2025-03-31_2026-02-28,12,0.659951514315213,0.08257309459079365,0.659951514315213,0.08257309459079365,0.5773784197244194,0.267629703051179,2.042447453826536,-0.05525315301087286,-0.18488813271044613,0.5,1.3258804420336678,0.016374329648737373,0.7039754455995553,0.3611111111111111
cap150_rank_ridge,25.0,2025-04-30_2026-03-31,12,0.6771229566585928,0.028079656548997578,0.6771229566585928,0.028079656548997578,0.6490433001095952,0.2659008008733136,2.0946289495273462,-0.05525315301087297,-0.19546042589812018,0.5833333333333334,1.557713813406538,0.07372714940703624,0.7177939080065743,0.3611111111111111
cap150_rank_ridge,25.0,2025-05-31_2026-04-30,12,0.5739483718156859,-0.14610708694572017,0.5739483718156859,-0.14610708694572017,0.7200554587614061,0.27657882578685916,1.7838106489859447,-0.05525315301087286,-0.29138146686445754,0.6666666666666666,1.949959678258757,0.24976959393261045,0.6736957094891316,0.4166666666666667
cap150_rank_ridge,25.0,2025-06-30_2026-05-31,12,0.5924935341144051,-0.18541351506394133,0.5924935341144051,-0.18541351506394133,0.7779070491783464,0.2763981250125338,1.8289603578320324,-0.05525315301087286,-0.34737666250868915,0.6666666666666666,2.0769375851914766,0.22392019259399554,0.7039344102309861,0.4444444444444444
cap150_rank_ridge,25.0,2025-07-31_2026-06-30,12,0.6301960232710389,-0.1667764227923394,0.6301960232710389,-0.1667764227923394,0.7969724460633782,0.2777340308532461,1.9092013717876386,-0.05525315301087297,-0.34737666250868904,0.6666666666666666,2.076994372864132,0.2552295305719367,0.7433560993131878,0.5
cap150_rank_ridge,25.0,2025-08-31_2026-07-31,11,0.5803644683865257,-0.20361006057922837,0.6475025608512512,-0.2199234939209873,0.8674260547722386,0.29092977489447897,1.8700614395827055,-0.05525315301087286,-0.34737666250868904,0.7272727272727273,2.2721673065046617,0.28848400026770077,0.806576369608415,0.4848484848484848
chronos2_daily_abs_individual_median,25.0,2019-01-31_2019-12-31,12,-0.6115618170805122,-0.0907583313333864,-0.6115618170805122,-0.0907583313333864,-0.5208034857471258,0.4681184171261236,-1.6729968792366683,-0.6057199025451797,-0.08173242622854304,0.16666666666666666,-1.6565282309821405,2.7061828513841775,-0.42400999804361406,0.861111111111111
chronos2_daily_abs_individual_median,25.0,2019-02-28_2020-01-31,12,-0.6768585521504797,-0.15374678206850467,-0.6768585521504797,-0.15374678206850467,-0.5231117700819752,0.4778426179508053,-1.9855296198882666,-0.6722745910136143,-0.157070533612218,0.16666666666666666,-1.9030459118903575,2.2918613639872616,-0.45136230674787325,0.8333333333333331
chronos2_daily_abs_individual_median,25.0,2019-03-31_2020-02-29,12,-0.7474646008079231,-0.2983301643039218,-0.7474646008079231,-0.2983301643039218,-0.44913443650400126,0.5075122373011708,-2.27924381602702,-0.7562198269432342,-0.2968733323797681,0.16666666666666666,-1.9894569770469321,1.5996094663929263,-0.47582859782684395,0.861111111111111
chronos2_daily_abs_individual_median,25.0,2019-04-30_2020-03-31,12,-0.7159661781149422,-0.26938100433105683,-0.7159661781149422,-0.26938100433105683,-0.4465851737838854,0.5316863075559357,-1.9534671637903382,-0.7562198269432342,-0.2897384073692094,0.25,-1.759399695012853,1.6870077914678931,-0.4313164384433844,0.8611111111111112
chronos2_daily_abs_individual_median,25.0,2019-05-31_2020-04-30,12,-0.6658219967619434,-0.23441422140073764,-0.6658219967619434,-0.23441422140073764,-0.4314077753612057,0.5459903948753609,-1.61554170689185,-0.7562198269432342,-0.2897384073692094,0.3333333333333333,-1.4634800868346436,1.7395901547926726,-0.3742030621591841,0.8611111111111112
chronos2_daily_abs_individual_median,25.0,2019-06-30_2020-05-31,12,-0.6833835966662042,-0.22854562482453433,-0.6833835966662042,-0.22854562482453433,-0.45483797184166985,0.5221102238970079,-1.8049751240680443,-0.7562198269432343,-0.2897384073692095,0.3333333333333333,-1.7203268747538774,1.6733568354205477,-0.4300477079135361,0.8333333333333331
chronos2_daily_abs_individual_median,25.0,2019-07-31_2020-06-30,12,-0.7400417458560993,-0.1941752572672133,-0.7400417458560993,-0.1941752572672133,-0.545866488588886,0.4953098435769305,-2.2908757362598413,-0.7526564711775041,-0.2827760862119635,0.25,-2.3700012419636813,1.391658179897384,-0.5947230911557605,0.861111111111111
chronos2_daily_abs_individual_median,25.0,2019-08-31_2020-07-31,12,-0.7453349424456435,-0.1722348942847023,-0.7453349424456435,-0.1722348942847023,-0.5731000481609412,0.4921637060209694,-2.346295886889436,-0.7396863239946367,-0.27948217627529803,0.25,-2.5312747727390654,1.3950368191951221,-0.6189565159266128,0.8333333333333334
chronos2_daily_abs_individual_median,25.0,2019-09-30_2020-08-31,12,-0.7139237304998691,-0.21057570090232802,-0.7139237304998691,-0.21057570090232802,-0.5033480295975412,0.5175194322112051,-2.00487936342002,-0.7137735534885798,-0.27948217627529803,0.3333333333333333,-1.852565310536023,1.1393547148136511,-0.5631159555683056,0.8333333333333331
chronos2_daily_abs_individual_median,25.0,2019-10-31_2020-09-30,12,-0.6145609661022859,-0.1766274605970889,-0.6145609661022859,-0.1766274605970889,-0.43793350550519705,0.603991331375865,-1.1948499138805642,-0.6843337353357701,-0.2794821762752979,0.4166666666666667,-1.1000487668894636,1.4496837644775191,-0.3889188091987159,0.8333333333333331
chronos2_daily_abs_individual_median,25.0,2019-11-30_2020-10-31,12,-0.5861625618409796,-0.06643817837031618,-0.5861625618409796,-0.06643817837031618,-0.5197243834706633,0.6036892533833357,-1.0847837951070303,-0.6450556219189135,-0.2794821762752979,0.4166666666666667,-1.21027005337656,1.2558938167863127,-0.4652689311906254,0.8055555555555554
chronos2_daily_abs_individual_median,25.0,2019-12-31_2020-11-30,12,-0.5175144845847105,-0.050871312509224054,-0.5175144845847105,-0.050871312509224054,-0.46664317207548645,0.6067548467873878,-0.8361647778661099,-0.39035631686346484,-0.2358764964179022,0.4166666666666667,-0.9815449355066567,1.3537666776959225,-0.38892929590327574,0.8055555555555555
chronos2_daily_abs_individual_median,25.0,2020-01-31_2020-12-31,12,-0.2685260813219116,-0.013079995771551722,-0.2685260813219116,-0.013079995771551722,-0.25544608555035986,0.46072428446544333,-0.44905878848160274,-0.25614503370139086,-0.16758179221927783,0.4166666666666667,-0.618153879146079,1.0846492576878397,-0.20542966535887464,0.8333333333333334
chronos2_daily_abs_individual_median,25.0,2020-02-29_2021-01-31,12,0.1225944136508319,0.14471568274700242,0.1225944136508319,0.14471568274700242,-0.022121269096170515,0.49828005601179376,0.46426727238608045,-0.1481206843716838,-0.07033476780972703,0.5,0.15927787592133869,1.1475553662021685,0.041599213106352506,0.861111111111111
chronos2_daily_abs_individual_median,25.0,2020-03-31_2021-02-28,12,0.30538421445569486,0.3187076559568369,0.30538421445569486,0.3187076559568369,-0.013323441501142064,0.4360838766569563,0.8082287748532272,-0.1481206843716838,-0.07033476780972703,0.5,0.14561043576844573,0.8752015473177452,0.10080493877867336,0.861111111111111
chronos2_daily_abs_individual_median,25.0,2020-04-30_2021-03-31,12,0.1733441730819214,0.2712264885896778,0.1733441730819214,0.2712264885896778,-0.09788231550775639,0.43975573840230214,0.5564992078978188,-0.17192914036006357,-0.07033476780972714,0.4166666666666667,-0.02514354882749198,0.8991688296040763,0.015433214976867005,0.8333333333333331
chronos2_daily_abs_individual_median,25.0,2020-05-31_2021-04-30,12,0.11726781593071722,0.2511461011810818,0.11726781593071722,0.2511461011810818,-0.1338782852503646,0.4397395432107775,0.44312282262130526,-0.17729975586118996,-0.07033476780972703,0.4166666666666667,-0.10770124468767515,0.9157818795123516,-0.023931880232503144,0.861111111111111
chronos2_daily_abs_individual_median,25.0,2020-06-30_2021-05-31,12,0.10713392591699855,0.22018559574957508,0.10713392591699855,0.22018559574957508,-0.11305166983257653,0.4381005585144184,0.4222632669702731,-0.17729975586119007,-0.07033476780972703,0.4166666666666667,-0.06917701570081454,0.8512301257759406,0.0031189221084968466,0.8333333333333334
chronos2_daily_abs_individual_median,25.0,2020-07-31_2021-06-30,12,0.7155348098345504,0.1787337447456181,0.7155348098345504,0.1787337447456181,0.5368010650889323,0.5349652537928304,1.252119024334656,-0.17729975586119007,-0.07033476780972703,0.5,0.9735525940796216,1.0640081706859685,0.6017147334520472,0.8333333333333335
chronos2_daily_abs_individual_median,25.0,2020-08-31_2021-07-31,12,0.6384645291698643,0.17406019021811336,0.6384645291698643,0.17406019021811336,0.46440433895175093,0.5446234660250883,1.1502699804080228,-0.17729975586118984,-0.0471551797914731,0.5,0.8794475317790386,1.0808792726736776,0.5381869821077165,0.8611111111111112
chronos2_daily_abs_individual_median,25.0,2020-09-30_2021-08-31,12,0.16359956779680895,0.29094300690606567,0.16359956779680895,0.29094300690606567,-0.12734343910925672,0.6181218845158177,0.5130294553356125,-0.3009896042009206,-0.0471551797914731,0.4166666666666667,0.08694865614974091,1.6521950910191117,-0.11650443253657194,0.861111111111111
chronos2_daily_abs_individual_median,25.0,2020-10-31_2021-09-30,12,-0.059960613680543395,0.285307502281577,-0.059960613680543395,0.285307502281577,-0.34526811596212037,0.5790683322331283,0.1410715268705299,-0.3080300733693794,-0.04715517979147299,0.3333333333333333,-0.3251941466726933,1.2567796012810395,-0.22126165252020946,0.8888888888888888
chronos2_daily_abs_individual_median,25.0,2020-11-30_2021-10-31,12,0.359404864013958,0.164192612882329,0.359404864013958,0.164192612882329,0.195212251131629,0.701731745943868,0.7353273159697674,-0.3080300733693794,-0.04715517979147299,0.4166666666666667,0.519986410111377,1.2960416118074896,0.3583247678301702,0.9166666666666666
chronos2_daily_abs_individual_median,25.0,2020-12-31_2021-11-30,12,0.27603478497572076,0.10075285366229347,0.27603478497572076,0.10075285366229347,0.17528193131342729,0.7052107381793367,0.6415291734724577,-0.3080300733693794,-0.04715517979147321,0.4166666666666667,0.5115287364122567,1.7771800240416011,0.3103611805140418,0.8888888888888888
chronos2_daily_abs_individual_median,25.0,2021-01-31_2021-12-31,12,0.6569439694779295,0.1311417024200292,0.6569439694779295,0.1311417024200292,0.5258022670579003,0.6911031150708218,1.035879238586637,-0.30803007336937915,-0.04715517979147299,0.5,0.8643086557825662,1.3380226886367146,0.7038200266911268,0.8888888888888888
chronos2_daily_abs_individual_median,25.0,2021-02-28_2022-01-31,12,0.2052912330987804,0.1035559333431273,0.2052912330987804,0.1035559333431273,0.1017352997556531,0.6685452740894499,0.5579963263228883,-0.30803007336937926,-0.008710521467504728,0.4166666666666667,0.3982308962175101,-0.8221033714549038,0.5656426749830605,0.8333333333333334
chronos2_daily_abs_individual_median,25.0,2021-03-31_2022-02-28,12,0.3729414411730909,0.1814244316261513,0.3729414411730909,0.1814244316261513,0.19151700954693962,0.646392581785564,0.7632508977157237,-0.3080300733693794,-0.008710521467504728,0.4166666666666667,0.4810814877377569,-4.374184939818764,2.2392810466303814,0.8055555555555557
chronos2_daily_abs_individual_median,25.0,2021-04-30_2022-03-31,12,0.3098216238331759,0.2056999327796627,0.3098216238331759,0.2056999327796627,0.10412169105351321,0.654068460089128,0.6870031199909394,-0.30803007336937915,-0.008710521467504728,0.4166666666666667,0.37921769732333066,-5.171029925341435,2.8693867307796053,0.8055555555555555
chronos2_daily_abs_individual_median,25.0,2021-05-31_2022-04-30,12,0.29385410527120426,0.20202014645819677,0.29385410527120426,0.20202014645819677,0.09183395881300749,0.6550672728956525,0.6674666099413384,-0.3080300733693794,-0.011058901373715124,0.3333333333333333,0.3657423278299761,-4.799029094857053,2.545945355698695,0.75
chronos2_daily_abs_individual_median,25.0,2021-06-30_2022-05-31,12,-0.031415155673271467,0.1547230806668567,-0.031415155673271467,0.1547230806668567,-0.18613823634012816,0.6914507171415334,0.24050304475750378,-0.34807449503479526,-0.04389760737316839,0.25,0.02673756896012863,-0.9773362158399589,0.3586265614234996,0.8055555555555557
chronos2_daily_abs_individual_median,25.0,2021-07-31_2022-06-30,12,-0.17632391889575916,0.14515293481688385,-0.17632391889575916,0.14515293481688385,-0.321476853712643,0.6018985712075663,-0.06353315081232086,-0.34807449503479515,-0.04389760737316839,0.25,-0.28613620478655755,-1.2900981882112945,0.15066518191117084,0.7777777777777777
chronos2_daily_abs_individual_median,25.0,2021-08-31_2022-07-31,12,-0.22088365178320102,0.16719366722844042,-0.22088365178320102,0.16719366722844042,-0.38807731901164144,0.6106532467980025,-0.14431675046925047,-0.34807449503479526,-0.04389760737316839,0.25,-0.3898943377941853,-1.608288095290527,0.180265646709187,0.7499999999999999
chronos2_daily_abs_individual_median,25.0,2021-09-30_2022-08-31,12,0.014918252767075035,0.11990803732841937,0.014918252767075035,0.11990803732841937,-0.10498978456134433,0.5550540194614426,0.25455276362113016,-0.34807449503479515,-0.04389760737316817,0.3333333333333333,0.042038458433355554,-0.9598882349925872,0.28543569342012054,0.7222222222222222
chronos2_daily_abs_individual_median,25.0,2021-10-31_2022-09-30,12,-0.19563651744611454,0.07700156092153554,-0.19563651744611454,0.07700156092153554,-0.2726380783676501,0.6000423369273423,-0.106792049817879,-0.4878304661073418,-0.04389760737316828,0.3333333333333333,-0.2291952381239077,-1.1653149937969498,0.0259345088127112,0.6666666666666666
chronos2_daily_abs_individual_median,25.0,2021-11-30_2022-10-31,12,-0.4507476320081292,0.0837751064100245,-0.4507476320081292,0.0837751064100245,-0.5345227384181537,0.3960862029331689,-1.2890985654744247,-0.5076297852102633,-0.04389760737316839,0.25,-1.4813505693247946,0.15201870492896774,-0.41432809972241846,0.638888888888889
chronos2_daily_abs_individual_median,25.0,2021-12-31_2022-11-30,12,-0.43339812897700947,0.04089310124175727,-0.43339812897700947,0.04089310124175727,-0.47429123021876674,0.39861128918389893,-1.203806366163335,-0.5076297852102633,-0.052330809109684795,0.3333333333333333,-1.2762953913422344,-0.15247445237712037,-0.3829611274242538,0.638888888888889
chronos2_daily_abs_individual_median,25.0,2022-01-31_2022-12-31,12,-0.5665125813391267,0.03139589518781816,-0.5665125813391267,0.03139589518781816,-0.5979084765269449,0.3493393640326895,-2.1443986895662883,-0.5262159021512984,-0.0538908420070876,0.25,-2.153471924694281,-0.23012744423431694,-0.5347323396120887,0.6111111111111112
chronos2_daily_abs_individual_median,25.0,2022-02-28_2023-01-31,12,-0.4986201788169634,-0.006523085673795559,-0.4986201788169634,-0.006523085673795559,-0.49209709314316785,0.36810100897781606,-1.6458109923575646,-0.5191421429027703,-0.053890842007087936,0.3333333333333333,-1.5966795089580543,-0.09710612052319804,-0.4631644017273865,0.638888888888889
chronos2_daily_abs_individual_median,25.0,2022-03-31_2023-02-28,12,-0.5386989531045643,-0.03763942955797195,-0.5386989531045643,-0.03763942955797195,-0.5010595235465922,0.3681766560767274,-1.8593946619143114,-0.4949195678704027,-0.05860315994470999,0.3333333333333333,-1.7126724997166427,-0.33857831528759313,-0.5122169259231242,0.638888888888889
chronos2_daily_abs_individual_median,25.0,2022-04-30_2023-03-31,12,-0.4981840590637403,-0.0433257664262765,-0.4981840590637403,-0.0433257664262765,-0.4548582926374638,0.3698687923830597,-1.6340145056019615,-0.48867482388116534,-0.052003665957635614,0.3333333333333333,-1.5000660005269895,0.08110428820508361,-0.4601784840152868,0.6666666666666666
chronos2_daily_abs_individual_median,25.0,2022-05-31_2023-04-30,12,-0.4045978707590159,-0.07213752035282106,-0.4045978707590159,-0.07213752035282106,-0.3324603504061948,0.4277701166679121,-0.9849781445485194,-0.4548732413071046,-0.07596598010903766,0.4166666666666667,-0.7735040326999671,-1.3350649213145551,-0.41077859538173533,0.6944444444444445
chronos2_daily_abs_individual_median,25.0,2022-06-30_2023-05-31,12,-0.30476168428035033,-0.0361282154897381,-0.30476168428035033,-0.0361282154897381,-0.26863346879061223,0.3932272125623345,-0.7274694447111082,-0.4548732413071047,-0.07596598010903755,0.4166666666666667,-0.5839406480058759,-2.662175029831947,-0.3188142049088153,0.6944444444444445
chronos2_daily_abs_individual_median,25.0,2022-07-31_2023-06-30,12,-0.4534130651305115,-0.0028433046031512976,-0.4534130651305115,-0.0028433046031512976,-0.4505697605273602,0.3395589761373899,-1.5745181420079601,-0.37504240200745975,-0.07596598010903743,0.3333333333333333,-1.354483670724821,-2.5075726476051328,-0.4208842062087288,0.7222222222222223
chronos2_daily_abs_individual_median,25.0,2022-08-31_2023-07-31,12,-0.3914370090962548,-0.031389184091800915,-0.3914370090962548,-0.031389184091800915,-0.36004782500445387,0.3273100311660465,-1.331270758597442,-0.38369705522682895,-0.0655917893195096,0.3333333333333333,-1.0863276076739152,-2.4732698455850652,-0.4050677852645055,0.75
chronos2_daily_abs_individual_median,25.0,2022-09-30_2023-08-31,12,-0.2361608003178033,-0.014331580574544756,-0.2361608003178033,-0.014331580574544756,-0.22182921974325853,0.4285634397486774,-0.42885228942628023,-0.21445806400782985,-0.06559178931950937,0.3333333333333333,-0.3697355817707188,-2.5944033159623356,-0.195047846266593,0.7777777777777777
chronos2_daily_abs_individual_median,25.0,2022-10-31_2023-09-30,12,-0.12712844363838682,-0.04883569016310929,-0.12712844363838682,-0.04883569016310929,-0.07829275347527753,0.3838087633387562,-0.1870740230094871,-0.1861409258748562,-0.06327241269436523,0.3333333333333333,-0.05930908969685396,-1.4994107433573718,-0.13379034013714508,0.7777777777777778
chronos2_daily_abs_individual_median,25.0,2022-11-30_2023-10-31,12,-0.10319640389965856,-8.074453772832779e-05,-0.10319640389965856,-8.074453772832779e-05,-0.10311565936193023,0.38226282561859404,-0.11887882565290285,-0.1861409258748563,-0.04084242285001627,0.3333333333333333,-0.11850646628629471,-1.0602847876893104,-0.040638476200923423,0.7777777777777777
chronos2_daily_abs_individual_median,25.0,2022-12-31_2023-11-30,12,-0.3792227115305088,0.06162621592425688,-0.3792227115305088,0.06162621592425688,-0.44084892745476567,0.48616733846679955,-0.7291093079775445,-0.3845696493812074,-0.04084242285001627,0.25,-0.7957783174459925,-2.039062732779958,-0.20317877286589425,0.7777777777777777
chronos2_daily_abs_individual_median,25.0,2023-01-31_2023-12-31,12,-0.2445827687352805,0.05389394652891433,-0.2445827687352805,0.05389394652891433,-0.29847671526419484,0.48342535965309336,-0.3398294870946271,-0.3845696493812073,-0.04084242285001627,0.3333333333333333,-0.4185730461866768,-2.2590941979961925,-0.03662730595540309,0.8055555555555555
chronos2_daily_abs_individual_median,25.0,2023-02-28_2024-01-31,12,-0.38177186668329244,0.06910062416905749,-0.38177186668329244,0.06910062416905749,-0.4508724908523499,0.49037906274994597,-0.7269213565969954,-0.43125077553902436,-0.04084242285001627,0.25,-0.7987739516866097,-2.3339784333937286,-0.17558393841547726,0.8055555555555555
chronos2_daily_abs_individual_median,25.0,2023-03-31_2024-02-29,12,-0.34883476176769124,0.07105311702696282,-0.34883476176769124,0.07105311702696282,-0.41988787879465406,0.485885645609058,-0.6342444045216985,-0.45694400351166187,-0.04084242285001627,0.25,-0.7158004935783082,-2.426610474373139,-0.12455213158832257,0.8055555555555554
chronos2_daily_abs_individual_median,25.0,2023-04-30_2024-03-31,12,-0.29393481654571907,0.04605177038880415,-0.29393481654571907,0.04605177038880415,-0.3399865869345232,0.4966021706765683,-0.4518805506836328,-0.456944003511662,-0.028914327222309355,0.3333333333333333,-0.5016923203558139,-2.609679694352249,-0.09294458843822218,0.8055555555555555
chronos2_daily_abs_individual_median,25.0,2023-05-31_2024-04-30,12,-0.3608946160913429,0.05087612226469651,-0.3608946160913429,0.05087612226469651,-0.4117707383560394,0.46334189852610586,-0.7226493326505213,-0.45694400351166187,-0.04720745865673304,0.3333333333333333,-0.7721613394687703,-1.9881289054704288,-0.2065085843735356,0.8333333333333334
chronos2_daily_abs_individual_median,25.0,2023-06-30_2024-05-31,12,-0.2811738247623279,0.06029804021364593,-0.2811738247623279,0.06029804021364593,-0.3414718649759738,0.46989406588064375,-0.4624866972875159,-0.456944003511662,-0.04720745865673304,0.4166666666666667,-0.5511235649759642,-1.870319596548561,-0.09646037018936182,0.8333333333333334
chronos2_daily_abs_individual_median,25.0,2023-07-31_2024-06-30,12,-0.09971576846125585,0.046802268590376395,-0.09971576846125585,0.046802268590376395,-0.14651803705163224,0.4897693305731827,0.027387800049730286,-0.456944003511662,-0.04720745865673304,0.5,-0.0694379762227106,-1.1061928811622515,0.06968798394168307,0.8333333333333334
chronos2_daily_abs_individual_median,25.0,2023-08-31_2024-07-31,12,0.03936364525842473,0.10318514893952901,0.03936364525842473,0.10318514893952901,-0.06382150368110429,0.5025717106610365,0.32521355041531297,-0.456944003511662,-0.04720745865673315,0.5833333333333334,0.11746547610613034,-0.14225952880385134,0.1933733286527033,0.8055555555555555
chronos2_daily_abs_individual_median,25.0,2023-09-30_2024-08-31,12,-0.1348674274548387,0.08473288946892565,-0.1348674274548387,0.08473288946892565,-0.21960031692376436,0.43977560371615043,-0.10077574032855777,-0.3942807916597061,-0.04720745865673315,0.5833333333333334,-0.2898814460999226,0.035397301754684425,-0.04635773013159805,0.8055555555555555
chronos2_daily_abs_individual_median,25.0,2023-10-31_2024-09-30,12,-0.013141354067302435,0.12170948346779942,-0.013141354067302435,0.12170948346779942,-0.13485083753510185,0.4264491440638461,0.1918810295527638,-0.3867376332027266,-0.047207458656732815,0.6666666666666666,-0.0844777236173875,-0.42227317240204393,0.14058828394954204,0.8333333333333331
chronos2_daily_abs_individual_median,25.0,2023-11-30_2024-10-31,12,-0.0770530733278576,0.004734660022875703,-0.0770530733278576,0.004734660022875703,-0.0817877333507333,0.4343027135354713,0.04112637538529029,-0.17306372261377234,-0.07254414974326939,0.6666666666666666,0.017606845799850498,0.24050460914045826,0.015543546970264055,0.8055555555555557
chronos2_daily_abs_individual_median,25.0,2023-12-31_2024-11-30,12,0.2947831371204126,-0.026522408525777696,0.2947831371204126,-0.026522408525777696,0.3213055456461903,0.2824506070062663,1.0545550197501299,-0.17306372261377234,-0.07702368625268241,0.6666666666666666,1.2493770621417553,1.1588571120738551,0.37563774848759524,0.8333333333333334
chronos2_daily_abs_individual_median,25.0,2024-01-31_2024-12-31,12,0.17844808909689025,-0.013699490369203038,0.17844808909689025,-0.013699490369203038,0.1921475794660933,0.2830767174692916,0.7135320252926909,-0.12530869869825434,-0.07702368625268208,0.5833333333333334,0.8228425211198261,1.1707826247034017,0.2342185576747997,0.8055555555555555
chronos2_daily_abs_individual_median,25.0,2024-02-29_2025-01-31,12,0.27398744955451537,-0.14290566323586873,0.27398744955451537,-0.14290566323586873,0.4168931127903841,0.24892815845849325,1.0934790355082908,-0.18104931738241548,-0.18252959118595857,0.6666666666666666,2.2756767647465046,1.1033539419479568,0.5237062690372241,0.8333333333333331
chronos2_daily_abs_individual_median,25.0,2024-03-31_2025-02-28,12,0.19619722642478488,-0.10676537761977256,0.19619722642478488,-0.10676537761977256,0.30296260404455744,0.2720224377629399,0.7863163646157689,-0.26579187404891036,-0.1825295911859588,0.6666666666666666,1.2829249828254368,0.7690154856570616,0.33262728926549845,0.861111111111111
chronos2_daily_abs_individual_median,25.0,2024-04-30_2025-03-31,12,0.20895264771060162,-0.06461005552580057,0.20895264771060162,-0.06461005552580057,0.2735627032364022,0.2749889203621017,0.8196086576760017,-0.26579187404891036,-0.18252959118595868,0.6666666666666666,1.1708483778004994,0.8329579625677179,0.30536851140739163,0.861111111111111
chronos2_daily_abs_individual_median,25.0,2024-05-31_2025-04-30,12,0.08421403300021169,0.02942056800377868,0.08421403300021169,0.02942056800377868,0.054793464996433006,0.2812279144232201,0.4147258538459366,-0.26579187404891036,-0.18252959118595857,0.5833333333333334,0.2775002697465587,0.6671114579942217,0.0908996665343782,0.8333333333333331
chronos2_daily_abs_individual_median,25.0,2024-06-30_2025-05-31,12,-0.12840922731885074,-0.019239253194651806,-0.12840922731885074,-0.019239253194651806,-0.10916997412419893,0.31568031334766106,-0.2887847476129148,-0.3563509322585581,-0.18252959118595835,0.5,-0.3080256879563898,0.7989674858721555,-0.08453752594264508,0.8333333333333331
chronos2_daily_abs_individual_median,25.0,2024-07-31_2025-06-30,12,0.05357029649849099,0.03150250800801424,0.05357029649849099,0.03150250800801424,0.022067788490476747,0.4860382870824231,0.304195438872821,-0.3563509322585581,-0.1825295911859589,0.5,0.24265875867334832,1.4178355830831455,0.0809693461078167,0.8333333333333334
chronos2_daily_abs_individual_median,25.0,2024-08-31_2025-07-31,12,0.3613989269588178,0.02082724764079913,0.3613989269588178,0.02082724764079913,0.3405716793180187,0.6491244355444197,0.7324290495953408,-0.35635093225855796,-0.1720911800730176,0.5,0.7715040990084994,1.8371428326628472,0.4895649021091435,0.8333333333333331
chronos2_daily_abs_individual_median,25.0,2024-09-30_2025-08-31,12,0.7258608842957983,0.07082064647411035,0.7258608842957983,0.07082064647411035,0.655040237821688,0.7020121011699094,1.070659534634091,-0.35635093225855796,-0.1720911800730176,0.5,1.0792283586957507,2.003566385727929,0.7597505921079326,0.7777777777777777
chronos2_daily_abs_individual_median,25.0,2024-10-31_2025-09-30,12,0.4814883419062108,0.07787885846139209,0.4814883419062108,0.07787885846139209,0.40360948344481873,0.7255408020746404,0.8363527929191287,-0.3032093159164626,-0.11858833109117162,0.4166666666666667,0.7969027638066895,1.973264906800166,0.5160602741951741,0.8055555555555555
chronos2_daily_abs_individual_median,25.0,2024-11-30_2025-10-31,12,1.419449253807318,0.1960061542824556,1.419449253807318,0.1960061542824556,1.2234430995248624,0.8405957710665041,1.417617191366882,-0.28533680328697864,-0.11795970406671652,0.5,1.3000781573888196,2.3308816099374225,1.040993225396336,0.8333333333333334
chronos2_daily_abs_individual_median,25.0,2024-12-31_2025-11-30,12,1.8235998055734055,0.22133541890163522,1.8235998055734055,0.22133541890163522,1.6022643866717703,0.8300319530680826,1.6318744608315408,-0.2641414556386449,-0.11795970406671652,0.5833333333333334,1.5003769015555075,2.270317806923931,1.298830561105115,0.8333333333333331
chronos2_daily_abs_individual_median,25.0,2025-01-31_2025-12-31,12,1.6502785486265212,0.17166648362633885,1.6502785486265212,0.17166648362633885,1.4786120650001824,0.8431696698636866,1.5357441830662348,-0.2140563755510061,-0.03669877287899381,0.5833333333333334,1.468489953649981,2.3570134288536715,1.3373578964234927,0.8333333333333331
chronos2_daily_abs_individual_median,25.0,2025-02-28_2026-01-31,12,2.1009246287666183,0.31334945156909844,2.1009246287666183,0.31334945156909844,1.78757517719752,0.8225955471611363,1.7676905382399124,-0.19483301327930647,-0.04758367670999886,0.5833333333333334,1.5397248079759691,3.6292375813893964,0.5225256571229744,0.8055555555555554
chronos2_daily_abs_individual_median,25.0,2025-03-31_2026-02-28,12,1.5924116832625872,0.08257309459079365,1.5924116832625872,0.08257309459079365,1.5098385886717935,0.8776895122933833,1.4892234229494306,-0.25153363835040565,-0.18488813271044613,0.5833333333333334,1.6104662149165507,2.9242580476888347,1.6461809069513595,0.8055555555555555
chronos2_daily_abs_individual_median,25.0,2025-04-30_2026-03-31,12,1.9781896394967133,0.028079656548997578,1.9781896394967133,0.028079656548997578,1.9501099829477158,0.8885230426403385,1.6534169574829152,-0.25153363835040565,-0.19546042589812018,0.5833333333333334,1.860361455883106,2.9358023612961888,2.524133784072576,0.8055555555555557
chronos2_daily_abs_individual_median,25.0,2025-05-31_2026-04-30,12,1.435593818424557,-0.14610708694572017,1.435593818424557,-0.14610708694572017,1.581700905370277,0.9411180636981642,1.3780249461292111,-0.2762912936487314,-0.29138146686445754,0.5833333333333334,1.876151565460756,3.4173865300764485,4.10785479317004,0.8055555555555555
chronos2_daily_abs_individual_median,25.0,2025-06-30_2026-05-31,12,2.0919511028482596,-0.18541351506394133,2.0919511028482596,-0.18541351506394133,2.277364617912201,0.9000261334988825,1.6959872444174158,-0.2762912936487314,-0.34737666250868915,0.6666666666666666,2.370699141325572,3.095312941284055,5.759359409294711,0.8055555555555555
chronos2_daily_abs_individual_median,25.0,2025-07-31_2026-06-30,12,1.6712241178298952,-0.1667764227923394,1.6712241178298952,-0.1667764227923394,1.8380005406222346,0.8602888664132338,1.5554548854084762,-0.2762912936487313,-0.34737666250868904,0.6666666666666666,2.1365292717168334,2.534583587855314,3.9975962208503297,0.8055555555555557
chronos2_daily_abs_cross_median,25.0,2019-01-31_2019-12-31,12,-0.6078477995524534,-0.0907583313333864,-0.6078477995524534,-0.0907583313333864,-0.517089468219067,0.6597921052184583,-1.0429334938419845,-0.6419575475328148,-0.08173242622854304,0.3333333333333333,-0.9297810653067902,1.5861457106424537,-0.42758154246918056,0.7777777777777777
chronos2_daily_abs_cross_median,25.0,2019-02-28_2020-01-31,12,-0.7044151370285747,-0.15374678206850467,-0.7044151370285747,-0.15374678206850467,-0.55066835496007,0.681258823381159,-1.3723738307879183,-0.7294975549215157,-0.157070533612218,0.25,-1.1983717094356063,1.9206292406282208,-0.47676496383556344,0.7499999999999999
chronos2_daily_abs_cross_median,25.0,2019-03-31_2020-02-29,12,-0.5850283916161451,-0.2983301643039218,-0.5850283916161451,-0.2983301643039218,-0.2866982273122233,0.7591018809931325,-0.7540221463525496,-0.7294975549215157,-0.2968733323797681,0.3333333333333333,-0.299109570007326,-0.5411244386020198,-0.5395178648530833,0.75
chronos2_daily_abs_cross_median,25.0,2019-04-30_2020-03-31,12,-0.5008328360887576,-0.26938100433105683,-0.5008328360887576,-0.26938100433105683,-0.2314518317577008,0.7718278150400143,-0.5009870826524747,-0.7294975549215157,-0.2897384073692094,0.4166666666666667,-0.12063370236329399,-0.22902736941889393,-0.3697207226517404,0.7777777777777778
chronos2_daily_abs_cross_median,25.0,2019-05-31_2020-04-30,12,-0.4311988059406271,-0.23441422140073764,-0.4311988059406271,-0.23441422140073764,-0.19678458453988945,0.7701007824176405,-0.3389914797476927,-0.7294975549215157,-0.2897384073692094,0.5,-0.022557655580359215,-0.21432747588473777,-0.27185418146870066,0.8055555555555557
chronos2_daily_abs_cross_median,25.0,2019-06-30_2020-05-31,12,-0.5467959452914228,-0.22854562482453433,-0.5467959452914228,-0.22854562482453433,-0.3182503204668885,0.655740801451276,-0.8239092817306156,-0.7294975549215157,-0.2897384073692095,0.5,-0.42452348589016264,-0.4892743563166143,-0.49022955942533375,0.8055555555555555
chronos2_daily_abs_cross_median,25.0,2019-07-31_2020-06-30,12,-0.6535433725179514,-0.1941752572672133,-0.6535433725179514,-0.1941752572672133,-0.4593681152507381,0.6540499472988515,-1.2131886115623758,-0.7229900159815348,-0.2827760862119635,0.4166666666666667,-0.8179929444817772,-0.6976926182134494,-0.6185840136933075,0.8055555555555555
chronos2_daily_abs_cross_median,25.0,2019-08-31_2020-07-31,12,-0.6169188320567363,-0.1722348942847023,-0.6169188320567363,-0.1722348942847023,-0.444683937772034,0.6626931319412401,-1.0472990202359465,-0.7229900159815348,-0.27948217627529803,0.5,-0.7161883027576145,-0.6108118379441844,-0.5600962396874894,0.7777777777777777
chronos2_daily_abs_cross_median,25.0,2019-09-30_2020-08-31,12,-0.591091307879817,-0.21057570090232802,-0.591091307879817,-0.21057570090232802,-0.38051560697748893,0.6772703752309968,-0.9214259949277644,-0.7107212327886447,-0.27948217627529803,0.5,-0.5413686095847171,-0.7400963626733407,-0.5527554969380111,0.8055555555555555
chronos2_daily_abs_cross_median,25.0,2019-10-31_2020-09-30,12,-0.5568575018077713,-0.1766274605970889,-0.5568575018077713,-0.1766274605970889,-0.38023004121068243,0.6832277866915877,-0.7960526646276416,-0.6858727900131983,-0.2794821762752979,0.5,-0.4935217089883693,-0.5726860093087512,-0.48105397055799815,0.8333333333333331
chronos2_daily_abs_cross_median,25.0,2019-11-30_2020-10-31,12,-0.5669705680198853,-0.06643817837031618,-0.5669705680198853,-0.06643817837031618,-0.5005323896495691,0.6846829707113091,-0.8250553076246246,-0.5239726248297667,-0.2794821762752979,0.5,-0.6740123515090708,-0.5848764349237003,-0.45152165020033497,0.8055555555555554
chronos2_daily_abs_cross_median,25.0,2019-12-31_2020-11-30,12,0.4138176323775715,-0.050871312509224054,0.4138176323775715,-0.050871312509224054,0.4646889448867956,1.3217835497709511,0.703383650563882,-0.24449616738317925,-0.2358764964179022,0.5833333333333334,0.7292455784912683,0.906569558206373,1.486440327254893,0.7777777777777777
chronos2_daily_abs_cross_median,25.0,2020-01-31_2020-12-31,12,0.9020009967405402,-0.013079995771551722,0.9020009967405402,-0.013079995771551722,0.915080992512092,1.2578050626868529,0.9121316749237078,-0.17817204301075273,-0.16758179221927783,0.5833333333333334,0.9007020940089239,0.6011015568299942,1.9598541948858124,0.75
chronos2_daily_abs_cross_median,25.0,2020-02-29_2021-01-31,12,1.6033676347151755,0.14471568274700242,1.6033676347151755,0.14471568274700242,1.458651951968173,1.205387689732744,1.1829201398436915,-0.17817204301075273,-0.07033476780972703,0.5833333333333334,1.0245424720729732,0.0216007871498491,2.834820100001523,0.7777777777777778
chronos2_daily_abs_cross_median,25.0,2020-03-31_2021-02-28,12,1.0907106622681493,0.3187076559568369,1.0907106622681493,0.3187076559568369,0.7720030063113124,1.1991613591957877,0.9821154553057271,-0.17817204301075273,-0.07033476780972703,0.5833333333333334,0.7511711738510053,1.38898792021445,1.1119374097386276,0.8055555555555555
chronos2_daily_abs_cross_median,25.0,2020-04-30_2021-03-31,12,0.9157541857920202,0.2712264885896778,0.9157541857920202,0.2712264885896778,0.6445276972023424,1.2024587056315617,0.9028020533846913,-0.17817204301075273,-0.07033476780972714,0.5833333333333334,0.7036187366617979,1.4453696079086784,1.006196996038649,0.8055555555555555
chronos2_daily_abs_cross_median,25.0,2020-05-31_2021-04-30,12,1.2987450529891187,0.2511461011810818,1.2987450529891187,0.2511461011810818,1.0475989518080369,1.2079658126942487,1.0685048390894638,-0.17817204301075273,-0.07033476780972703,0.5833333333333334,0.8832496522519011,1.2299743133560277,1.6046169192209483,0.8055555555555555
chronos2_daily_abs_cross_median,25.0,2020-06-30_2021-05-31,12,1.475046447390929,0.22018559574957508,1.475046447390929,0.22018559574957508,1.254860851641354,1.2099043887843541,1.1361827966922962,-0.15235773485773496,-0.07033476780972703,0.5833333333333334,0.9731473038591606,1.2067382023283468,1.9091958706813634,0.8055555555555555
chronos2_daily_abs_cross_median,25.0,2020-07-31_2021-06-30,12,2.0694168917922737,0.1787337447456181,2.0694168917922737,0.1787337447456181,1.8906831470466556,1.1733585576633223,1.339769974437418,-0.15235773485773485,-0.07033476780972703,0.6666666666666666,1.2167777051883961,1.669587146671003,2.3587374246868027,0.8055555555555555
chronos2_daily_abs_cross_median,25.0,2020-08-31_2021-07-31,12,1.9798882803293854,0.17406019021811336,1.9798882803293854,0.17406019021811336,1.805828090111272,1.1763086358639494,1.3106170775296726,-0.15235773485773485,-0.0471551797914731,0.5833333333333334,1.1910768054466347,1.6859908910602888,2.279274391098523,0.8333333333333334
chronos2_daily_abs_cross_median,25.0,2020-09-30_2021-08-31,12,1.4682765694500017,0.29094300690606567,1.4682765694500017,0.29094300690606567,1.177333562543936,1.1951522029472372,1.1307851091065029,-0.15235773485773485,-0.0471551797914731,0.5,0.930714733834414,2.3412303395502616,1.0264236610011492,0.8333333333333334
chronos2_daily_abs_cross_median,25.0,2020-10-31_2021-09-30,12,1.3362820546458143,0.285307502281577,1.3362820546458143,0.285307502281577,1.0509745523642373,1.2002221345040798,1.0797707766517481,-0.15235773485773485,-0.04715517979147299,0.5,0.882412201616992,2.3110792644908464,0.9571545870116454,0.861111111111111
chronos2_daily_abs_cross_median,25.0,2020-11-30_2021-10-31,12,1.4851125325422343,0.164192612882329,1.4851125325422343,0.164192612882329,1.3209199196599053,1.1907095900732625,1.136541432746208,-0.15235773485773485,-0.04715517979147299,0.5,1.0473704245637736,5.041814275136941,0.7165414261557952,0.8888888888888888
chronos2_daily_abs_cross_median,25.0,2020-12-31_2021-11-30,12,-0.04543143051231424,0.10075285366229347,-0.04543143051231424,0.10075285366229347,-0.14618428417460771,0.40319767839499865,0.0653691275676862,-0.28587224101768205,-0.04715517979147321,0.4166666666666667,-0.1799292518363636,0.06753561953667461,0.019728941742815254,0.9166666666666666
chronos2_daily_abs_cross_median,25.0,2021-01-31_2021-12-31,12,-0.04995413371344981,0.1311417024200292,-0.04995413371344981,0.1311417024200292,-0.18109583613347902,0.40489351554657066,0.05517645618936674,-0.3975431309495646,-0.04715517979147299,0.4166666666666667,-0.24827045254150426,-0.44547002064373503,0.08222291896937506,0.9444444444444443
chronos2_daily_abs_cross_median,25.0,2021-02-28_2022-01-31,12,-0.26214334128462924,0.1035559333431273,-0.26214334128462924,0.1035559333431273,-0.36569927462775653,0.4483726450008704,-0.46528531728477346,-0.516145458561285,-0.008710521467504728,0.4166666666666667,-0.6441964709046499,-1.9556694866291242,-0.009399453789182166,0.9166666666666665
chronos2_daily_abs_cross_median,25.0,2021-03-31_2022-02-28,12,-0.17695401281888956,0.1814244316261513,-0.17695401281888956,0.1814244316261513,-0.35837844444504086,0.4713767273282256,-0.19469466112011363,-0.5161454585612849,-0.008710521467504728,0.4166666666666667,-0.5298637550720041,-2.393505227242973,0.36331255635413084,0.8888888888888887
chronos2_daily_abs_cross_median,25.0,2021-04-30_2022-03-31,12,-0.1913152887067061,0.2056999327796627,-0.1913152887067061,0.2056999327796627,-0.3970152214863688,0.471033462332148,-0.23220806741974687,-0.5161454585612849,-0.008710521467504728,0.3333333333333333,-0.608492753932514,-2.415360795978256,0.4116636365840367,0.8333333333333331
chronos2_daily_abs_cross_median,25.0,2021-05-31_2022-04-30,12,-0.39145020181527435,0.20202014645819677,-0.39145020181527435,0.20202014645819677,-0.5934703482734711,0.3936090574680373,-1.0520268812229439,-0.516145458561285,-0.011058901373715124,0.25,-1.5061371479138326,-0.09930256337676742,-0.33113684193073145,0.7777777777777778
chronos2_daily_abs_cross_median,25.0,2021-06-30_2022-05-31,12,-0.5204282423854122,0.1547230806668567,-0.5204282423854122,0.1547230806668567,-0.6751513230522689,0.3180685397896835,-2.0872507888683094,-0.5340481509476332,-0.04389760737316839,0.16666666666666666,-2.5463187804470664,0.4698257452617352,-0.5307064261064622,0.7500000000000001
chronos2_daily_abs_cross_median,25.0,2021-07-31_2022-06-30,12,-0.4951934072869658,0.14515293481688385,-0.4951934072869658,0.14515293481688385,-0.6403463421038497,0.33580055176798634,-1.8173279708000492,-0.5340481509476334,-0.04389760737316839,0.16666666666666666,-2.2075678177099216,0.2974472180430262,-0.4882829916241087,0.7222222222222222
chronos2_daily_abs_cross_median,25.0,2021-08-31_2022-07-31,12,-0.6312533950837197,0.16719366722844042,-0.6312533950837197,0.16719366722844042,-0.7984470623121601,0.3883214058830123,-2.272460230789239,-0.5982129173384119,-0.04389760737316839,0.16666666666666666,-2.5808420623924055,-0.4151076420794102,-0.5707599023049434,0.7222222222222222
chronos2_daily_abs_cross_median,25.0,2021-09-30_2022-08-31,12,-0.40104294284608133,0.11990803732841937,-0.40104294284608133,0.11990803732841937,-0.5209509801745007,0.6842602126767754,-0.4522821297966937,-0.5909573491664868,-0.04389760737316817,0.25,-0.5936693595299467,-2.755278549776315,0.013388809163859872,0.6944444444444443
chronos2_daily_abs_cross_median,25.0,2021-10-31_2022-09-30,12,-0.525309712485777,0.07700156092153554,-0.525309712485777,0.07700156092153554,-0.6023112734073125,0.7114512894284312,-0.7214414687114047,-0.5726705802142777,-0.04389760737316828,0.25,-0.7929263909768698,-3.7583201199767386,-0.20232543598906183,0.6666666666666666
chronos2_daily_abs_cross_median,25.0,2021-11-30_2022-10-31,12,-0.5916643849457817,0.0837751064100245,-0.5916643849457817,0.0837751064100245,-0.6754394913558062,0.7239283714698278,-0.8938367826267671,-0.5065915497173273,-0.04389760737316839,0.25,-0.9680374072921101,-3.62176282056998,-0.29584130506508577,0.638888888888889
chronos2_daily_abs_cross_median,25.0,2021-12-31_2022-11-30,12,-0.5510272269623053,0.04089310124175727,-0.5510272269623053,0.04089310124175727,-0.5919203282040626,0.713836387857225,-0.7910968661177267,-0.46780601778374886,-0.052330809109684795,0.25,-0.8181662711866843,-2.5475605784083792,-0.3706469821417476,0.6111111111111112
chronos2_daily_abs_cross_median,25.0,2022-01-31_2022-12-31,12,-0.4607674258939477,0.03139589518781816,-0.4607674258939477,0.03139589518781816,-0.49216332108176586,0.7056034354717883,-0.5599665053069519,-0.41673196895520115,-0.0538908420070876,0.3333333333333333,-0.5840934117761898,-2.5078467053304325,-0.26909999272171725,0.638888888888889
chronos2_daily_abs_cross_median,25.0,2022-02-28_2023-01-31,12,-0.2572394021238137,-0.006523085673795559,-0.2572394021238137,-0.006523085673795559,-0.25071631645001813,0.6937873030455218,-0.13257475163692448,-0.41673196895520115,-0.053890842007087936,0.4166666666666667,-0.12343004266129369,-1.9105965979156971,-0.09522914153858175,0.638888888888889
chronos2_daily_abs_cross_median,25.0,2022-03-31_2023-02-28,12,-0.41458200906754106,-0.03763942955797195,-0.41458200906754106,-0.03763942955797195,-0.3769425795095691,0.6835751548405737,-0.4843929283561688,-0.418287481194198,-0.05860315994470999,0.3333333333333333,-0.4166273501484734,-3.153176875622234,-0.3646928432053165,0.638888888888889
chronos2_daily_abs_cross_median,25.0,2022-04-30_2023-03-31,12,-0.4461866665028209,-0.0433257664262765,-0.4461866665028209,-0.0433257664262765,-0.4028609000765444,0.6840612524397285,-0.5622778990405554,-0.4545128610021222,-0.052003665957635614,0.3333333333333333,-0.48228212032359746,-3.6625999278447834,-0.4240501806589235,0.6666666666666666
chronos2_daily_abs_cross_median,25.0,2022-05-31_2023-04-30,12,-0.4340418774778242,-0.07213752035282106,-0.4340418774778242,-0.07213752035282106,-0.36190435712500313,0.6830201715281079,-0.5333873119701042,-0.48350666520383023,-0.07596598010903766,0.3333333333333333,-0.412204074475501,-2.680606577119143,-0.434851169140431,0.6944444444444445
chronos2_daily_abs_cross_median,25.0,2022-06-30_2023-05-31,12,-0.359485427690194,-0.0361282154897381,-0.359485427690194,-0.0361282154897381,-0.3233572122004559,0.6859965688519913,-0.35270714720154317,-0.4835066652038301,-0.07596598010903755,0.4166666666666667,-0.29122028142201933,-3.273944190594829,-0.30245090452201995,0.7222222222222222
chronos2_daily_abs_cross_median,25.0,2022-07-31_2023-06-30,12,-0.2743856003829088,-0.0028433046031512976,-0.2743856003829088,-0.0028433046031512976,-0.2715422957797575,0.720987389461636,-0.13789410175381508,-0.48350666520383023,-0.07596598010903743,0.4166666666666667,-0.13575740007828752,-0.9226696808927608,-0.09479902656175931,0.75
chronos2_daily_abs_cross_median,25.0,2022-08-31_2023-07-31,12,0.288275532102342,-0.031389184091800915,0.288275532102342,-0.031389184091800915,0.31966471619414294,0.7279864105802255,0.649173495282971,-0.4835066652038301,-0.0655917893195096,0.5,0.6929655311823296,0.9874942859192061,0.6344986159038148,0.75
chronos2_daily_abs_cross_median,25.0,2022-09-30_2023-08-31,12,-0.13801601023521237,-0.014331580574544756,-0.13801601023521237,-0.014331580574544756,-0.12368442966066762,0.5362137087923863,-0.03859515248710529,-0.3365278678109689,-0.06559178931950937,0.4166666666666667,-0.016854630228762508,2.7848950185399386,0.012905920645714053,0.7499999999999999
chronos2_daily_abs_cross_median,25.0,2022-10-31_2023-09-30,12,0.11601020935890927,-0.04883569016310929,0.11601020935890927,-0.04883569016310929,0.16484589952201856,0.47972360249889934,0.4350828735497048,-0.20999691148234578,-0.06327241269436523,0.5,0.5702919668850297,2.9941425217278974,0.4125852701068726,0.7222222222222222
chronos2_daily_abs_cross_median,25.0,2022-11-30_2023-10-31,12,0.3812385869154935,-8.074453772832779e-05,0.3812385869154935,-8.074453772832779e-05,0.38131933145322183,0.4308172388908547,0.9386989221133061,-0.20999691148234578,-0.04084242285001627,0.5,0.9989133370457864,1.9566529288425238,0.47779449566383825,0.7222222222222222
chronos2_daily_abs_cross_median,25.0,2022-12-31_2023-11-30,12,0.17133393929877938,0.06162621592425688,0.17133393929877938,0.06162621592425688,0.1097077233745225,0.49200053823301304,0.5409045313935472,-0.228340963244814,-0.04084242285001627,0.5,0.41422483517178227,0.6786021368616644,0.24730704304091145,0.6944444444444445
chronos2_daily_abs_cross_median,25.0,2023-01-31_2023-12-31,12,0.1289794860316984,0.05389394652891433,0.1289794860316984,0.05389394652891433,0.07508553950278407,0.49408741715469023,0.4644682779955047,-0.24640687122316263,-0.04084242285001627,0.4166666666666667,0.3534609144283655,0.74206651477719,0.20479439177600223,0.6944444444444443
chronos2_daily_abs_cross_median,25.0,2023-02-28_2024-01-31,12,-0.020237384940629544,0.06910062416905749,-0.020237384940629544,0.06910062416905749,-0.08933800910968703,0.48754490570969145,0.17079946793202813,-0.2765086513663608,-0.04084242285001627,0.3333333333333333,0.026055883910787447,0.7245715963752648,0.03254570600384299,0.7222222222222222
chronos2_daily_abs_cross_median,25.0,2023-03-31_2024-02-29,12,0.0984019379054728,0.07105311702696282,0.0984019379054728,0.07105311702696282,0.027348820878509983,0.47091662723850186,0.4056200579538394,-0.2783173797379447,-0.04084242285001627,0.4166666666666667,0.25220674533815696,0.555380326690674,0.16162410139499683,0.7499999999999999
chronos2_daily_abs_cross_median,25.0,2023-04-30_2024-03-31,12,0.20226258274472197,0.04605177038880415,0.20226258274472197,0.04605177038880415,0.15621081235591783,0.46313903273324175,0.6038813159094063,-0.2783173797379447,-0.028914327222309355,0.5,0.501719554321599,0.6659052873887051,0.2772372730065269,0.7777777777777777
chronos2_daily_abs_cross_median,25.0,2023-05-31_2024-04-30,12,0.15388237533715765,0.05087612226469651,0.15388237533715765,0.05087612226469651,0.10300625307246114,0.47149304947067683,0.5123700893795523,-0.3268640160481331,-0.04720745865673304,0.5,0.40482411807039337,0.876985429337809,0.21333295319812295,0.8055555555555555
chronos2_daily_abs_cross_median,25.0,2023-06-30_2024-05-31,12,0.19282282971455156,0.06029804021364593,0.19282282971455156,0.06029804021364593,0.13252478950090563,0.4753602336859781,0.5828285158022984,-0.32686401604813287,-0.04720745865673304,0.5,0.4590605210670577,0.9486977217127467,0.2412241649567437,0.8333333333333334
chronos2_daily_abs_cross_median,25.0,2023-07-31_2024-06-30,12,0.01025541252887785,0.046802268590376395,0.01025541252887785,0.046802268590376395,-0.036546856061498545,0.42724547975124894,0.2130813187160356,-0.32686401604813287,-0.04720745865673304,0.5,0.09663268577429603,-0.02698916817901985,0.09637075032612685,0.8055555555555555
chronos2_daily_abs_cross_median,25.0,2023-08-31_2024-07-31,12,-0.018654508353704302,0.10318514893952901,-0.018654508353704302,0.10318514893952901,-0.12183965729323332,0.3990499852504041,0.13421791786596182,-0.326864016048133,-0.04720745865673315,0.5,-0.1332115685238336,1.6204884581487415,-0.10761025300572902,0.7777777777777777
chronos2_daily_abs_cross_median,25.0,2023-09-30_2024-08-31,12,0.046461764585535414,0.08473288946892565,0.046461764585535414,0.08473288946892565,-0.03827112488339024,0.4032471223572692,0.29695036923565993,-0.32686401604813287,-0.04720745865673315,0.5833333333333334,0.08783737684656945,1.3481983750573896,0.0034229579405038457,0.7777777777777777
chronos2_daily_abs_cross_median,25.0,2023-10-31_2024-09-30,12,-0.03028131044821214,0.12170948346779942,-0.03028131044821214,0.12170948346779942,-0.15199079391601156,0.4103768518877237,0.11167871552566268,-0.32686401604813287,-0.047207458656732815,0.5,-0.19067146260957724,1.5821897705195418,-0.13413145382876135,0.8333333333333334
chronos2_daily_abs_cross_median,25.0,2023-11-30_2024-10-31,12,-0.2684651773299682,0.004734660022875703,-0.2684651773299682,0.004734660022875703,-0.2731998373528439,0.47193635800385075,-0.4332799841494323,-0.2819810702326766,-0.07254414974326939,0.5,-0.511251766019081,2.4976742612703386,-0.20698735192358708,0.8611111111111112
chronos2_daily_abs_cross_median,25.0,2023-12-31_2024-11-30,12,-0.058331441181207255,-0.026522408525777696,-0.058331441181207255,-0.026522408525777696,-0.03180903265542956,0.4119069783808191,0.041705675032124065,-0.286778533059332,-0.07702368625268241,0.5,0.11824420338292388,3.2965685753332754,0.0929864251673691,0.8888888888888888
chronos2_daily_abs_cross_median,25.0,2024-01-31_2024-12-31,12,-0.06676454053991454,-0.013699490369203038,-0.06676454053991454,-0.013699490369203038,-0.0530650501707115,0.4125747251704792,0.020440022474681532,-0.30971402172967466,-0.07702368625268208,0.5,0.05190053681905772,3.26921255035323,0.03786279889272981,0.8333333333333334
chronos2_daily_abs_cross_median,25.0,2024-02-29_2025-01-31,12,0.011223252302022368,-0.14290566323586873,0.011223252302022368,-0.14290566323586873,0.1541289155378911,0.41175177948077474,0.2153290420072767,-0.30971402172967466,-0.18252959118595857,0.5833333333333334,0.6402237862571921,1.3356673521381883,0.31633496967443997,0.8333333333333334
chronos2_daily_abs_cross_median,25.0,2024-03-31_2025-02-28,12,0.03428184364745568,-0.10676537761977256,0.03428184364745568,-0.10676537761977256,0.14104722126722824,0.4117841145983358,0.2705490008138632,-0.30971402172967466,-0.1825295911859588,0.5,0.5841705355107886,1.2356520442848082,0.261644332608836,0.8333333333333334
chronos2_daily_abs_cross_median,25.0,2024-04-30_2025-03-31,12,-0.0370697938589053,-0.06461005552580057,-0.0370697938589053,-0.06461005552580057,0.02754026166689527,0.4146523020314467,0.09791406483708577,-0.30971402172967455,-0.18252959118595868,0.4166666666666667,0.24965474016588116,1.0503445142614531,0.10054414583732951,0.8333333333333334
chronos2_daily_abs_cross_median,25.0,2024-05-31_2025-04-30,12,-0.030670923964413066,0.02942056800377868,-0.030670923964413066,0.02942056800377868,-0.060091491968191746,0.41319014366580564,0.11287562496086988,-0.3595651785882855,-0.18252959118595857,0.4166666666666667,0.006724196688127534,0.6553082447157043,0.01799081640123834,0.8333333333333334
chronos2_daily_abs_cross_median,25.0,2024-06-30_2025-05-31,12,-0.2141293593822543,-0.019239253194651806,-0.2141293593822543,-0.019239253194651806,-0.1948901061876025,0.4193846540634288,-0.3791864502269414,-0.43578224266709076,-0.18252959118595835,0.3333333333333333,-0.3868010723272593,0.7324933054663473,-0.14542462822843927,0.8055555555555555
chronos2_daily_abs_cross_median,25.0,2024-07-31_2025-06-30,12,-0.19199010381173087,0.03150250800801424,-0.19199010381173087,0.03150250800801424,-0.2234926118197451,0.4235786011212063,-0.3069723520724434,-0.43578224266709087,-0.1825295911859589,0.25,-0.4473249765797546,0.7447519375650876,-0.15450015367436287,0.8333333333333331
chronos2_daily_abs_cross_median,25.0,2024-08-31_2025-07-31,12,-0.35293340967670606,0.02082724764079913,-0.35293340967670606,0.02082724764079913,-0.3737606573175052,0.2952063963576565,-1.2988541579971653,-0.43578224266709076,-0.1720911800730176,0.16666666666666666,-1.34937718072475,0.3598405535556385,-0.3322989236859544,0.861111111111111
chronos2_daily_abs_cross_median,25.0,2024-09-30_2025-08-31,12,-0.40528935325241944,0.07082064647411035,-0.40528935325241944,0.07082064647411035,-0.4761099997265298,0.2767767259091569,-1.6962824206322973,-0.39589372681433255,-0.1720911800730176,0.08333333333333333,-1.9493746876379061,0.4375302631483735,-0.4044600966171028,0.888888888888889
chronos2_daily_abs_cross_median,25.0,2024-10-31_2025-09-30,12,-0.4166453859586099,0.07787885846139209,-0.4166453859586099,0.07787885846139209,-0.494524244420002,0.2792316330644569,-1.7452382372323516,-0.2563304408290261,-0.11858833109117162,0.08333333333333333,-2.0108718804688315,0.42941605326443416,-0.4167670873937913,0.8888888888888888
chronos2_daily_abs_cross_median,25.0,2024-11-30_2025-10-31,12,-0.22090920934466496,0.1960061542824556,-0.22090920934466496,0.1960061542824556,-0.41691536362712056,0.19296165705521637,-1.1886947227942626,-0.256330440829026,-0.11795970406671652,0.08333333333333333,-1.6555216678769844,0.06123992726251609,-0.21637809435521183,0.8888888888888888
chronos2_daily_abs_cross_median,25.0,2024-12-31_2025-11-30,12,-0.19824669829699648,0.22133541890163522,-0.19824669829699648,0.22133541890163522,-0.4195821171986317,0.19711127239006077,-1.017082623751498,-0.2563304408290261,-0.11795970406671652,0.16666666666666666,-1.6173333681235569,0.06931976494614805,-0.195453540122298,0.9166666666666666
chronos2_daily_abs_cross_median,25.0,2025-01-31_2025-12-31,12,-0.25957457408970996,0.17166648362633885,-0.25957457408970996,0.17166648362633885,-0.4312410577160488,0.21640098305471636,-1.2685286505583933,-0.30237130107498067,-0.03669877287899381,0.16666666666666666,-1.7302917069736172,0.20123995512004728,-0.2695002256572009,0.9444444444444443
chronos2_daily_abs_cross_median,25.0,2025-02-28_2026-01-31,12,-0.27440132064546574,0.31334945156909844,-0.27440132064546574,0.31334945156909844,-0.5877507722145642,0.2106956776272587,-1.4017476260288035,-0.30237130107498067,-0.04758367670999886,0.16666666666666666,-3.3592723591460767,0.9720113570166806,-0.4424479790177971,0.9444444444444443
chronos2_daily_abs_cross_median,25.0,2025-03-31_2026-02-28,12,-0.41636787729113467,0.08257309459079365,-0.41636787729113467,0.08257309459079365,-0.4989409718819283,0.25436680105855464,-1.9458423523161663,-0.38924204581493305,-0.18488813271044613,0.16666666666666666,-3.5088541577496515,0.9168946467078395,-0.45217405797362575,0.9444444444444443
chronos2_daily_abs_cross_median,25.0,2025-04-30_2026-03-31,12,-0.39060880253045493,0.028079656548997578,-0.39060880253045493,0.028079656548997578,-0.4186884590794525,0.25727384566275413,-1.7599228057143599,-0.3338418704330235,-0.19546042589812018,0.25,-2.8595941755359204,0.9200454178269618,-0.39802930576758666,0.9444444444444443
chronos2_daily_abs_cross_median,25.0,2025-05-31_2026-04-30,12,-0.44691504857193876,-0.14610708694572017,-0.44691504857193876,-0.14610708694572017,-0.3008079616262186,0.28651496249421426,-1.8753155086438718,-0.41775013982941067,-0.29138146686445754,0.25,-3.0111435325562357,1.109724318679009,-0.3281561038322044,0.9444444444444443
chronos2_daily_abs_cross_median,25.0,2025-06-30_2026-05-31,12,-0.2928284200963771,-0.18541351506394133,-0.2928284200963771,-0.18541351506394133,-0.10741490503243578,0.32028028998146885,-0.9112836422645796,-0.4177501398294108,-0.34737666250868915,0.3333333333333333,-0.4370860133227563,0.7858757497588256,-0.14313146866229776,0.9444444444444443
chronos2_daily_abs_cross_median,25.0,2025-07-31_2026-06-30,12,-0.1024705601998831,-0.1667764227923394,-0.1024705601998831,-0.1667764227923394,0.0643058625924563,0.48488615982519184,-0.014398904524348362,-0.4177501398294108,-0.34737666250868904,0.4166666666666667,0.3992028211770631,1.3351787485642093,0.2135607093850298,0.9166666666666665
chronos2_daily_abs_cross_lower10,25.0,2019-01-31_2019-12-31,12,-0.305933528309691,-0.0907583313333864,-0.305933528309691,-0.0907583313333864,-0.2151751969763046,0.1347186788921274,-2.605496190085172,-0.32321148417654555,-0.08173242622854304,0.3333333333333333,-1.4311655014764058,-0.25360778472050793,-0.3160167801709972,0.7499999999999999
chronos2_daily_abs_cross_lower10,25.0,2019-02-28_2020-01-31,12,-0.3234790041898027,-0.15374678206850467,-0.3234790041898027,-0.15374678206850467,-0.16973222212129802,0.13116462772329518,-2.868722262735904,-0.3406688570941515,-0.157070533612218,0.3333333333333333,-1.1120506090512157,-0.1782528065201535,-0.3373448677563503,0.7222222222222222
chronos2_daily_abs_cross_lower10,25.0,2019-03-31_2020-02-29,12,-0.39702371648315604,-0.2983301643039218,-0.39702371648315604,-0.2983301643039218,-0.09869355217923426,0.12518031591197104,-3.8969330575172343,-0.37258985228516817,-0.2968733323797681,0.3333333333333333,-0.7261945280168157,0.09121501570222103,-0.37291645975717713,0.7222222222222222
chronos2_daily_abs_cross_lower10,25.0,2019-04-30_2020-03-31,12,-0.2463086598117905,-0.26938100433105683,-0.2463086598117905,-0.26938100433105683,0.02307234451926632,0.2656915940698378,-0.9373054312603615,-0.37258985228516783,-0.2897384073692094,0.4166666666666667,0.14673592427274776,0.4649467163898587,-0.10889475580639352,0.7777777777777778
chronos2_daily_abs_cross_lower10,25.0,2019-05-31_2020-04-30,12,-0.11643799816192546,-0.23441422140073764,-0.11643799816192546,-0.23441422140073764,0.11797622323881218,0.33280495100065466,-0.22742320810777616,-0.36274749578098,-0.2897384073692094,0.4166666666666667,0.5255141055450977,0.6112865783240043,0.07520890571470162,0.8055555555555557
chronos2_daily_abs_cross_lower10,25.0,2019-06-30_2020-05-31,12,-0.09004850556275734,-0.22854562482453433,-0.09004850556275734,-0.22854562482453433,0.138497119261777,0.3332230217797897,-0.13889106998721037,-0.34803968962569276,-0.2897384073692095,0.4166666666666667,0.5994030020822596,0.6356055796954589,0.10806533171471511,0.7777777777777778
chronos2_daily_abs_cross_lower10,25.0,2019-07-31_2020-06-30,12,-0.05120703579129038,-0.1941752572672133,-0.05120703579129038,-0.1941752572672133,0.14296822147592292,0.3332804057229409,-0.013680503936483268,-0.31828377971324684,-0.2827760862119635,0.4166666666666667,0.5888170096075879,0.6206093749842757,0.11955681194576617,0.75
chronos2_daily_abs_cross_lower10,25.0,2019-08-31_2020-07-31,12,0.037145570240364245,-0.1722348942847023,0.037145570240364245,-0.1722348942847023,0.20938046452506653,0.33256515375110945,0.2540765843240863,-0.2663216468411268,-0.27948217627529803,0.5,0.7972584409954073,0.6417747080968067,0.20655208772841593,0.75
chronos2_daily_abs_cross_lower10,25.0,2019-09-30_2020-08-31,12,0.026592249564050263,-0.21057570090232802,0.026592249564050263,-0.21057570090232802,0.23716795046637829,0.33529595962967296,0.22401884203601546,-0.2663216468411269,-0.27948217627529803,0.5,0.9340724126666756,0.692504294107591,0.24287238167238057,0.7499999999999999
chronos2_daily_abs_cross_lower10,25.0,2019-10-31_2020-09-30,12,0.007506499291789481,-0.1766274605970889,0.007506499291789481,-0.1766274605970889,0.18413395988887837,0.33574386346756485,0.16793160827630882,-0.21136137553395273,-0.2794821762752979,0.5,0.7018241858921949,0.6159519902431665,0.1699393520657202,0.6944444444444445
chronos2_daily_abs_cross_lower10,25.0,2019-11-30_2020-10-31,12,0.14026576041398608,-0.06643817837031618,0.14026576041398608,-0.06643817837031618,0.20670393878430227,0.32841340760794757,0.5449505521796633,-0.12191634961637032,-0.2794821762752979,0.5,0.678175688352861,0.5558202464744083,0.21801611496387907,0.6666666666666666
chronos2_daily_abs_cross_lower10,25.0,2019-12-31_2020-11-30,12,0.29413667583281744,-0.050871312509224054,0.29413667583281744,-0.050871312509224054,0.3450079883420415,0.3027614472374245,0.991428321227139,-0.10906247754042109,-0.2358764964179022,0.5,1.1779597651584144,0.6322400703935651,0.3603700463966133,0.6388888888888888
chronos2_daily_abs_cross_lower10,25.0,2020-01-31_2020-12-31,12,0.4526849731906719,-0.013079995771551722,0.4526849731906719,-0.013079995771551722,0.46576496896222364,0.30960192617270005,1.359524906660327,-0.0973776947166003,-0.16758179221927783,0.5,1.3947409473976353,0.5962725496382534,0.4957193520282761,0.6388888888888888
chronos2_daily_abs_cross_lower10,25.0,2020-02-29_2021-01-31,12,0.7082328111630454,0.14471568274700242,0.7082328111630454,0.14471568274700242,0.563517128416043,0.32009853980502057,1.8503304398333755,-0.09737769471660007,-0.07033476780972703,0.5,1.4641357281468075,0.643097947764041,0.6095595904390365,0.638888888888889
chronos2_daily_abs_cross_lower10,25.0,2020-03-31_2021-02-28,12,0.8172383790451365,0.3187076559568369,0.8172383790451365,0.3187076559568369,0.4985307230882996,0.2978276854140132,2.1846383554654536,-0.09737769471660007,-0.07033476780972703,0.5,1.246901779177289,0.6119711232811214,0.5881819138578641,0.638888888888889
chronos2_daily_abs_cross_lower10,25.0,2020-04-30_2021-03-31,12,0.43918992180707406,0.2712264885896778,0.43918992180707406,0.2712264885896778,0.16796343321739626,0.2731156941825616,1.4727446652386724,-0.09737769471660018,-0.07033476780972714,0.4166666666666667,0.5584803792239085,0.5931520446117122,0.2818648929028753,0.5833333333333334
chronos2_daily_abs_cross_lower10,25.0,2020-05-31_2021-04-30,12,0.1877712284009596,0.2511461011810818,0.1877712284009596,0.2511461011810818,-0.06337487278012222,0.2269095110800718,0.8646807159565895,-0.10449529003274471,-0.07033476780972703,0.3333333333333333,-0.2163710103360476,0.7091380018177175,0.02690300134514545,0.5555555555555556
chronos2_daily_abs_cross_lower10,25.0,2020-06-30_2021-05-31,12,0.11246006592368407,0.22018559574957508,0.11246006592368407,0.22018559574957508,-0.10772552982589101,0.23655102104437914,0.5576540644524269,-0.1495658265844514,-0.07033476780972703,0.3333333333333333,-0.3979225243215903,0.7397837426029821,-0.025842080008015467,0.5277777777777778
chronos2_daily_abs_cross_lower10,25.0,2020-07-31_2021-06-30,12,0.0796751700379088,0.1787337447456181,0.0796751700379088,0.1787337447456181,-0.09905857470770929,0.2373249007988984,0.4292776194343319,-0.15881214655626175,-0.07033476780972703,0.3333333333333333,-0.37167950805229694,0.7618427612901649,-0.03321555263585363,0.5277777777777777
chronos2_daily_abs_cross_lower10,25.0,2020-08-31_2021-07-31,12,0.09763385904741839,0.17406019021811336,0.09763385904741839,0.17406019021811336,-0.07642633117069497,0.24088609467222732,0.49511772912390717,-0.15881214655626164,-0.0471551797914731,0.3333333333333333,-0.26072752940098237,0.7551824235456879,-0.012045049438166866,0.5277777777777778
chronos2_daily_abs_cross_lower10,25.0,2020-09-30_2021-08-31,12,0.2284367336865747,0.29094300690606567,0.2284367336865747,0.29094300690606567,-0.06250627321949098,0.2163894947915906,1.053903190474001,-0.15881214655626186,-0.0471551797914731,0.3333333333333333,-0.18370435466217044,0.5787636476894293,0.07634842703781697,0.5277777777777778
chronos2_daily_abs_cross_lower10,25.0,2020-10-31_2021-09-30,12,0.34469348434537084,0.285307502281577,0.34469348434537084,0.285307502281577,0.05938598206379386,0.2222736169594978,1.4469900626357013,-0.15881214655626175,-0.04715517979147299,0.4166666666666667,0.2969883787526156,0.7418874262438647,0.13500611853281885,0.5555555555555556
chronos2_daily_abs_cross_lower10,25.0,2020-11-30_2021-10-31,12,0.21904211089194203,0.164192612882329,0.21904211089194203,0.164192612882329,0.05484949800961303,0.23126556014605945,0.965308029586806,-0.15881214655626197,-0.04715517979147299,0.4166666666666667,0.3224117110400412,1.024707517146392,0.0622281866189216,0.5555555555555556
chronos2_daily_abs_cross_lower10,25.0,2020-12-31_2021-11-30,12,0.19790540144283564,0.10075285366229347,0.19790540144283564,0.10075285366229347,0.09715254778054216,0.2318792550325422,0.8865325223427775,-0.15881214655626175,-0.04715517979147321,0.4166666666666667,0.5445215593236633,1.3644386560107666,0.07027401175323078,0.5833333333333334
chronos2_daily_abs_cross_lower10,25.0,2021-01-31_2021-12-31,12,0.11481877873203916,0.1311417024200292,0.11481877873203916,0.1311417024200292,-0.016322923687990043,0.21148144906955763,0.6091994374845243,-0.15881214655626186,-0.04715517979147299,0.4166666666666667,0.00698940886265837,1.8380101479223476,-0.10107965579037903,0.5833333333333334
chronos2_daily_abs_cross_lower10,25.0,2021-02-28_2022-01-31,12,-0.014076858657770419,0.1035559333431273,-0.014076858657770419,0.1035559333431273,-0.11763279200089771,0.15264113027167114,-0.023703456437263595,-0.13536758904881396,-0.008710521467504728,0.3333333333333333,-0.8950427378354593,1.2401442646267267,-0.12246004749544126,0.6111111111111112
chronos2_daily_abs_cross_lower10,25.0,2021-03-31_2022-02-28,12,0.28327771109551714,0.1814244316261513,0.28327771109551714,0.1814244316261513,0.10185327946936584,0.3036940200038123,0.9542635203026768,-0.08571598437691452,-0.008710521467504728,0.3333333333333333,0.4362061866769171,2.7326074055757488,-0.1602673212953245,0.6111111111111112
chronos2_daily_abs_cross_lower10,25.0,2021-04-30_2022-03-31,12,0.34580967631658166,0.2056999327796627,0.34580967631658166,0.2056999327796627,0.14010974353691896,0.294049909443909,1.1422760760271493,-0.060655020480576916,-0.008710521467504728,0.3333333333333333,0.539504820703007,2.42603762675901,-0.11834042167052816,0.6666666666666666
chronos2_daily_abs_cross_lower10,25.0,2021-05-31_2022-04-30,12,0.36093020010570975,0.20202014645819677,0.36093020010570975,0.20202014645819677,0.15891005364751298,0.29202834388995463,1.187630234850019,-0.045488209673215096,-0.011058901373715124,0.3333333333333333,0.5942068715740254,2.2777457396074654,-0.07645222051044531,0.6388888888888888
chronos2_daily_abs_cross_lower10,25.0,2021-06-30_2022-05-31,12,0.3829748693297985,0.1547230806668567,0.3829748693297985,0.1547230806668567,0.22825178866294182,0.28785057033529426,1.2583079941720852,-0.05795237555328847,-0.04389760737316839,0.3333333333333333,0.8301995384194857,1.8254567984528818,0.09707804342074722,0.6388888888888888
chronos2_daily_abs_cross_lower10,25.0,2021-07-31_2022-06-30,12,0.38074285970225263,0.14515293481688385,0.38074285970225263,0.14515293481688385,0.23558992488536878,0.28810327607278835,1.2516633161255646,-0.06969861833816715,-0.04389760737316839,0.3333333333333333,0.8603293105489527,1.878169623021748,0.10408320176871033,0.6388888888888887
chronos2_daily_abs_cross_lower10,25.0,2021-08-31_2022-07-31,12,0.24433132424936388,0.16719366722844042,0.24433132424936388,0.16719366722844042,0.07713765702092346,0.2941541609041066,0.8689610334378113,-0.10896027348651005,-0.04389760737316839,0.25,0.35828994926985996,1.511853309604966,0.01599885377388821,0.5833333333333333
chronos2_daily_abs_cross_lower10,25.0,2021-09-30_2022-08-31,12,0.07913879805466295,0.11990803732841937,0.07913879805466295,0.11990803732841937,-0.04076923927375642,0.3237491250536552,0.3705817911517756,-0.2105052236158521,-0.04389760737316817,0.25,0.009741750670040445,1.904076047493147,-0.09835634143643657,0.5555555555555555
chronos2_daily_abs_cross_lower10,25.0,2021-10-31_2022-09-30,12,0.04149933245356108,0.07700156092153554,0.04149933245356108,0.07700156092153554,-0.03550222846797446,0.31667128024477004,0.25965300640760736,-0.21050522361585233,-0.04389760737316828,0.25,0.01805955657646731,1.9277113057934414,-0.06420802883861831,0.5555555555555555
chronos2_daily_abs_cross_lower10,25.0,2021-11-30_2022-10-31,12,0.03058193567357792,0.0837751064100245,0.03058193567357792,0.0837751064100245,-0.05319317073644658,0.3186273925383346,0.22665687809593313,-0.22107306318011255,-0.04389760737316839,0.25,-0.03755678096767312,1.9402336655317736,-0.08568339151345117,0.5555555555555556
chronos2_daily_abs_cross_lower10,25.0,2021-12-31_2022-11-30,12,0.013842381561447459,0.04089310124175727,0.013842381561447459,0.04089310124175727,-0.02705071968030981,0.31928490946615196,0.17523321438290387,-0.2324535484992617,-0.052330809109684795,0.3333333333333333,0.04289334485266742,1.6281285369938334,-0.014554217694934257,0.5833333333333334
chronos2_daily_abs_cross_lower10,25.0,2022-01-31_2022-12-31,12,-0.03781662624296456,0.03139589518781816,-0.03781662624296456,0.03139589518781816,-0.06921252143078271,0.31912773182102827,0.010930516314567524,-0.2500129465350851,-0.0538908420070876,0.25,-0.10463518368337121,1.6278577326972565,-0.05090875508766224,0.5555555555555556
chronos2_daily_abs_cross_lower10,25.0,2022-02-28_2023-01-31,12,-0.01698313544714769,-0.006523085673795559,-0.01698313544714769,-0.006523085673795559,-0.010460049773352131,0.32083985989037445,0.07924459672162452,-0.2500129465350853,-0.053890842007087936,0.3333333333333333,0.10006956238682468,1.988782218701203,0.033934442148974675,0.49999999999999994
chronos2_daily_abs_cross_lower10,25.0,2022-03-31_2023-02-28,12,-0.23680617988783037,-0.03763942955797195,-0.23680617988783037,-0.03763942955797195,-0.19916675032985842,0.14107120917994037,-1.8270761089565848,-0.24379353293902806,-0.05860315994470999,0.25,-1.5806905999970158,0.5271336506476815,-0.2142255110696164,0.4722222222222221
chronos2_daily_abs_cross_lower10,25.0,2022-04-30_2023-03-31,12,-0.25635563049124066,-0.0433257664262765,-0.25635563049124066,-0.0433257664262765,-0.21302986406496416,0.1407544232322782,-2.011677304039036,-0.24446066333716598,-0.052003665957635614,0.25,-1.6814604191428781,0.4170319210876058,-0.23549782144461195,0.4444444444444444
chronos2_daily_abs_cross_lower10,25.0,2022-05-31_2023-04-30,12,-0.2865236934883266,-0.07213752035282106,-0.2865236934883266,-0.07213752035282106,-0.21438617313550556,0.1439515994736118,-2.2443769686508714,-0.26068709069814455,-0.07596598010903766,0.25,-1.7625014054586088,0.5373590141081304,-0.2501017019908435,0.4444444444444444
chronos2_daily_abs_cross_lower10,25.0,2022-06-30_2023-05-31,12,-0.32995798204277316,-0.0361282154897381,-0.32995798204277316,-0.0361282154897381,-0.29382976655303505,0.15875139161162352,-2.4052147456036392,-0.3214978460329393,-0.07596598010903755,0.25,-2.173799749101133,0.46620028949810155,-0.31026526707574487,0.47222222222222215
chronos2_daily_abs_cross_lower10,25.0,2022-07-31_2023-06-30,12,-0.2882509644460095,-0.0028433046031512976,-0.2882509644460095,-0.0028433046031512976,-0.2854076598428582,0.17769538437650587,-1.8028714729173156,-0.29160117948284336,-0.07596598010903743,0.3333333333333333,-1.9557059295917882,0.8477164874449207,-0.2774268614072023,0.47222222222222215
chronos2_daily_abs_cross_lower10,25.0,2022-08-31_2023-07-31,12,-0.25353041092031203,-0.031389184091800915,-0.25353041092031203,-0.031389184091800915,-0.22214122682851112,0.17938219508910927,-1.5254506021463856,-0.23460961731978425,-0.0655917893195096,0.4166666666666667,-1.555522165604821,1.1796019174066084,-0.21453326847214438,0.47222222222222215
chronos2_daily_abs_cross_lower10,25.0,2022-09-30_2023-08-31,12,-0.13260737640261733,-0.014331580574544756,-0.13260737640261733,-0.014331580574544756,-0.11827579582807257,0.1556662144011682,-0.8358046998969452,-0.23460961731978414,-0.06559178931950937,0.5,-0.8324646457207927,0.8965773398729533,-0.11300007726990158,0.47222222222222215
chronos2_daily_abs_cross_lower10,25.0,2022-10-31_2023-09-30,12,-0.16270072614033393,-0.04883569016310929,-0.16270072614033393,-0.04883569016310929,-0.11386503597722464,0.14547477421790853,-1.1434788381720309,-0.18963966778049401,-0.06327241269436523,0.5,-0.8411119144099152,0.5997447847506497,-0.1295620536291212,0.44444444444444436
chronos2_daily_abs_cross_lower10,25.0,2022-11-30_2023-10-31,12,-0.4541089964323872,-8.074453772832779e-05,-0.4541089964323872,-8.074453772832779e-05,-0.4540282518946589,0.39884593099119425,-1.2412492628314784,-0.4522520461123829,-0.04084242285001627,0.5,-1.1154195588633022,-1.9085024307318394,-0.39226149533186516,0.47222222222222215
chronos2_daily_abs_cross_lower10,25.0,2022-12-31_2023-11-30,12,-0.44739998028910055,0.06162621592425688,-0.44739998028910055,0.06162621592425688,-0.5090261962133574,0.39991096516114216,-1.2076606899194477,-0.4536214159971017,-0.04084242285001627,0.4166666666666667,-1.2339718327901616,-1.8251200839597699,-0.3111922491892455,0.47222222222222227
chronos2_daily_abs_cross_lower10,25.0,2023-01-31_2023-12-31,12,-0.3921682921579446,0.05389394652891433,-0.3921682921579446,0.05389394652891433,-0.4460622386868589,0.4161342467336491,-0.9258900256946774,-0.45362141599710193,-0.04084242285001627,0.5,-0.9573776418717844,-1.9874776294924161,-0.24172397372169163,0.47222222222222215
chronos2_daily_abs_cross_lower10,25.0,2023-02-28_2024-01-31,12,-0.41571224782456473,0.06910062416905749,-0.41571224782456473,0.06910062416905749,-0.4848128719936222,0.4109733455364249,-1.0350723518413751,-0.4442484031566183,-0.04084242285001627,0.4166666666666667,-1.0898223474202697,-1.8857927282368765,-0.2560198377393419,0.5277777777777778
chronos2_daily_abs_cross_lower10,25.0,2023-03-31_2024-02-29,12,-0.41530016595699526,0.07105311702696282,-0.41530016595699526,0.07105311702696282,-0.4863532829839581,0.41100813252559887,-1.0332977289667555,-0.4249085765461075,-0.04084242285001627,0.4166666666666667,-1.0924796808650337,-1.892034230785024,-0.2525270017048383,0.5555555555555555
chronos2_daily_abs_cross_lower10,25.0,2023-04-30_2024-03-31,12,-0.4335430745755313,0.04605177038880415,-0.4335430745755313,0.04605177038880415,-0.47959484496433546,0.4119719263927622,-1.1040679335713526,-0.4001475791456163,-0.028914327222309355,0.4166666666666667,-1.1061819871749983,-1.8419435193769456,-0.30974807309868746,0.5
chronos2_daily_abs_cross_lower10,25.0,2023-05-31_2024-04-30,12,-0.4562238871581268,0.05087612226469651,-0.4562238871581268,0.05087612226469651,-0.5071000094228233,0.4154712904445735,-1.1857754295027623,-0.4515353216329573,-0.04720745865673304,0.4166666666666667,-1.201029348500868,-1.7318398335236482,-0.3346136143420254,0.5277777777777778
chronos2_daily_abs_cross_lower10,25.0,2023-06-30_2024-05-31,12,-0.4012253128928721,0.06029804021364593,-0.4012253128928721,0.06029804021364593,-0.46152335310651804,0.412905248439861,-0.9711436956735765,-0.45264924834872977,-0.04720745865673304,0.4166666666666667,-1.0257238470209704,-1.675472727506601,-0.25957249178484887,0.5555555555555556
chronos2_daily_abs_cross_lower10,25.0,2023-07-31_2024-06-30,12,-0.4139347764630511,0.046802268590376395,-0.4139347764630511,0.046802268590376395,-0.4607370450534275,0.4086351989725915,-1.0357800514883952,-0.45264924834872966,-0.04720745865673304,0.3333333333333333,-1.047882850766179,-2.138548865601406,-0.2759465234709626,0.611111111111111
chronos2_daily_abs_cross_lower10,25.0,2023-08-31_2024-07-31,12,-0.4099276359677274,0.10318514893952901,-0.4099276359677274,0.10318514893952901,-0.5131127849072564,0.40942177070347674,-1.017014601900127,-0.45264924834872977,-0.04720745865673315,0.25,-1.1581631703058348,-1.2345956890623546,-0.25382545748349816,0.6666666666666666
chronos2_daily_abs_cross_lower10,25.0,2023-09-30_2024-08-31,12,-0.39268557849981944,0.08473288946892565,-0.39268557849981944,0.08473288946892565,-0.4774184679687451,0.4156317520270731,-0.9294372673703757,-0.45264924834872966,-0.04720745865673315,0.25,-1.0290246212613663,-1.351090738778524,-0.23875868348610407,0.6944444444444445
chronos2_daily_abs_cross_lower10,25.0,2023-10-31_2024-09-30,12,-0.4553083102630855,0.12170948346779942,-0.4553083102630855,0.12170948346779942,-0.5770177937308849,0.41757068643110695,-1.1741196496246538,-0.17493865265918707,-0.047207458656732815,0.16666666666666666,-1.3390001671814507,-1.3465738496163042,-0.2839725508868225,0.6944444444444445
chronos2_daily_abs_cross_lower10,25.0,2023-11-30_2024-10-31,12,-0.08425908643119884,0.004734660022875703,-0.08425908643119884,0.004734660022875703,-0.08899374645407454,0.18994273954108395,-0.37273530507694586,-0.17493865265918718,-0.07254414974326939,0.25,-0.376370991173571,0.0661749339452687,-0.06917121418892003,0.6666666666666666
chronos2_daily_abs_cross_lower10,25.0,2023-12-31_2024-11-30,12,-0.045066640289154414,-0.026522408525777696,-0.045066640289154414,-0.026522408525777696,-0.018544231763376717,0.19549296771438773,-0.14377367736149757,-0.1749386526591873,-0.07702368625268241,0.3333333333333333,-0.028498183797289,0.04728036827885834,-0.026739738393218415,0.6666666666666666
chronos2_daily_abs_cross_lower10,25.0,2024-01-31_2024-12-31,12,-0.1330290084520589,-0.013699490369203038,-0.1330290084520589,-0.013699490369203038,-0.11932951808285586,0.1770850393424082,-0.7177854781548035,-0.17077061998114307,-0.07702368625268208,0.25,-0.5914945677670275,0.1003437231800193,-0.11917298281894739,0.6944444444444443
chronos2_daily_abs_cross_lower10,25.0,2024-02-29_2025-01-31,12,-0.1935700526151204,-0.14290566323586873,-0.1935700526151204,-0.14290566323586873,-0.05066438937925166,0.18799668334945982,-1.045702513640426,-0.18031401351405052,-0.18252959118595857,0.3333333333333333,-0.26550918524508327,0.3478454438553566,-0.1377282877685707,0.6666666666666666
chronos2_daily_abs_cross_lower10,25.0,2024-03-31_2025-02-28,12,-0.17841164223752448,-0.10676537761977256,-0.17841164223752448,-0.10676537761977256,-0.07164626461775192,0.1889265118667092,-0.9426715949498992,-0.1244725602703125,-0.1825295911859588,0.3333333333333333,-0.37522264444404796,0.3507967176657964,-0.13407664742121517,0.6666666666666666
chronos2_daily_abs_cross_lower10,25.0,2024-04-30_2025-03-31,12,-0.09925500961761269,-0.06461005552580057,-0.09925500961761269,-0.06461005552580057,-0.03464495409181212,0.1849273537868239,-0.47529352878562314,-0.12049817209051905,-0.18252959118595868,0.3333333333333333,-0.17323190683923986,0.3858352069775248,-0.06542691208681362,0.7222222222222222
chronos2_daily_abs_cross_lower10,25.0,2024-05-31_2025-04-30,12,0.020585868403341534,0.02942056800377868,0.020585868403341534,0.02942056800377868,-0.008834699600437146,0.16146883489482097,0.20260244727561996,-0.12049817209051938,-0.18252959118595857,0.3333333333333333,-0.057209459677459565,0.301462259277795,0.01964204908302869,0.7222222222222222
chronos2_daily_abs_cross_lower10,25.0,2024-06-30_2025-05-31,12,0.00852162315818994,-0.019239253194651806,0.00852162315818994,-0.019239253194651806,0.027760876352841746,0.16227690605489867,0.12889750021494376,-0.12049817209051916,-0.18252959118595835,0.4166666666666667,0.1264776746637936,0.31072057425372496,0.022372997752829082,0.6666666666666666
chronos2_daily_abs_cross_lower10,25.0,2024-07-31_2025-06-30,12,0.015632918690647424,0.03150250800801424,0.015632918690647424,0.03150250800801424,-0.015869589317366817,0.1636489125469371,0.17205617652688673,-0.12049817209051905,-0.1825295911859589,0.4166666666666667,-0.10380779298581279,0.3154165191759526,0.0127158725659815,0.611111111111111
chronos2_daily_abs_cross_lower10,25.0,2024-08-31_2025-07-31,12,-0.02385729800831371,0.02082724764079913,-0.02385729800831371,0.02082724764079913,-0.04468454564911284,0.16598684125691884,-0.0672846861579284,-0.12049817209051905,-0.1720911800730176,0.4166666666666667,-0.23404657841598933,0.27290885436749135,-0.02139337616473269,0.6388888888888888
chronos2_daily_abs_cross_lower10,25.0,2024-09-30_2025-08-31,12,-0.06867719795706895,0.07082064647411035,-0.06867719795706895,0.07082064647411035,-0.1394978444311793,0.1532563295978277,-0.3903442307985037,-0.09691901828186789,-0.1720911800730176,0.3333333333333333,-0.7644130924927091,0.3259377205936308,-0.08449328760817332,0.6666666666666666
chronos2_daily_abs_cross_lower10,25.0,2024-10-31_2025-09-30,12,0.05995463331405726,0.07787885846139209,0.05995463331405726,0.07787885846139209,-0.017924225147334827,0.11994027385361744,0.5426539595971362,-0.09691901828186777,-0.11858833109117162,0.4166666666666667,-0.16821391623964632,0.3264038548483794,0.035309105006457786,0.7222222222222222
chronos2_daily_abs_cross_lower10,25.0,2024-11-30_2025-10-31,12,0.31208718220953147,0.1960061542824556,0.31208718220953147,0.1960061542824556,0.11608102792707586,0.30176736729035325,1.0317413899740546,-0.09691901828186777,-0.11795970406671652,0.4166666666666667,0.41161160279340037,0.68880644218758,0.19141126430005118,0.6944444444444445
chronos2_daily_abs_cross_lower10,25.0,2024-12-31_2025-11-30,12,0.29654692921548875,0.22133541890163522,0.29654692921548875,0.22133541890163522,0.07521151031385354,0.30138412482425997,0.9921754799645064,-0.07450592760801389,-0.11795970406671652,0.4166666666666667,0.295322991023187,0.7110280341489956,0.15476670781276902,0.6388888888888888
chronos2_daily_abs_cross_lower10,25.0,2025-01-31_2025-12-31,12,0.3637878564191568,0.17166648362633885,0.3637878564191568,0.17166648362633885,0.19212137279281793,0.29659412317837325,1.1788215042225545,-0.027936805438726564,-0.03669877287899381,0.5,0.6190191717514536,0.633732685581395,0.26578074484447756,0.6388888888888888
chronos2_daily_abs_cross_lower10,25.0,2025-02-28_2026-01-31,12,0.5212680890630024,0.31334945156909844,0.5212680890630024,0.31334945156909844,0.20791863749390394,0.27426812867711614,1.6644325731980005,-0.027936805438726564,-0.04758367670999886,0.5,0.6197130067265575,0.39268276639591065,0.4057613253041108,0.611111111111111
chronos2_daily_abs_cross_lower10,25.0,2025-03-31_2026-02-28,12,0.6308967994302608,0.08257309459079365,0.6308967994302608,0.08257309459079365,0.5483237048394671,0.273515837902722,1.933094960974479,-0.027936805438726453,-0.18488813271044613,0.5833333333333334,1.260980135092461,0.028708119314173997,0.6730625771617511,0.611111111111111
chronos2_daily_abs_cross_lower10,25.0,2025-04-30_2026-03-31,12,0.5476252746744457,0.028079656548997578,0.5476252746744457,0.028079656548997578,0.5195456181254481,0.2820896486293043,1.6885566645137342,-0.027936805438726453,-0.19546042589812018,0.5833333333333334,1.2606624910527473,0.07601394365326122,0.5897907630607155,0.638888888888889
chronos2_daily_abs_cross_lower10,25.0,2025-05-31_2026-04-30,12,0.43234786002223524,-0.14610708694572017,0.43234786002223524,-0.14610708694572017,0.5784549469679554,0.2958477507220319,1.3514290417782242,-0.07408577625896551,-0.29138146686445754,0.6666666666666666,1.598545251687851,0.28058454795198956,0.5357147124161721,0.638888888888889
chronos2_daily_abs_cross_lower10,25.0,2025-06-30_2026-05-31,12,0.37192648639021253,-0.18541351506394133,0.37192648639021253,-0.18541351506394133,0.5573400014541539,0.3058359352072968,1.1712721083003224,-0.12540737394606616,-0.34737666250868915,0.6666666666666666,1.6080902552374852,0.3512974636799705,0.5111815191656637,0.638888888888889
chronos2_daily_abs_cross_lower10,25.0,2025-07-31_2026-06-30,12,0.34087326154071196,-0.1667764227923394,0.34087326154071196,-0.1667764227923394,0.5076496843330514,0.3063867352298052,1.0927801506524304,-0.12540737394606627,-0.34737666250868904,0.6666666666666666,1.3904774876694412,0.2726808133027984,0.4481931828310399,0.6388888888888888
chronos2_daily_norm_cross_median,25.0,2019-01-31_2019-12-31,12,-0.6078477995524534,-0.0907583313333864,-0.6078477995524534,-0.0907583313333864,-0.517089468219067,0.6597921052184583,-1.0429334938419845,-0.6419575475328148,-0.08173242622854304,0.3333333333333333,-0.9297810653067902,1.5861457106424537,-0.42758154246918056,0.7777777777777777
chronos2_daily_norm_cross_median,25.0,2019-02-28_2020-01-31,12,-0.7044151370285747,-0.15374678206850467,-0.7044151370285747,-0.15374678206850467,-0.55066835496007,0.681258823381159,-1.3723738307879183,-0.7294975549215157,-0.157070533612218,0.25,-1.1983717094356063,1.9206292406282208,-0.47676496383556344,0.7499999999999999
chronos2_daily_norm_cross_median,25.0,2019-03-31_2020-02-29,12,-0.5850283916161451,-0.2983301643039218,-0.5850283916161451,-0.2983301643039218,-0.2866982273122233,0.7591018809931325,-0.7540221463525496,-0.7294975549215157,-0.2968733323797681,0.3333333333333333,-0.299109570007326,-0.5411244386020198,-0.5395178648530833,0.75
chronos2_daily_norm_cross_median,25.0,2019-04-30_2020-03-31,12,-0.5008328360887576,-0.26938100433105683,-0.5008328360887576,-0.26938100433105683,-0.2314518317577008,0.7718278150400143,-0.5009870826524747,-0.7294975549215157,-0.2897384073692094,0.4166666666666667,-0.12063370236329399,-0.22902736941889393,-0.3697207226517404,0.7777777777777778
chronos2_daily_norm_cross_median,25.0,2019-05-31_2020-04-30,12,-0.4311988059406271,-0.23441422140073764,-0.4311988059406271,-0.23441422140073764,-0.19678458453988945,0.7701007824176405,-0.3389914797476927,-0.7294975549215157,-0.2897384073692094,0.5,-0.022557655580359215,-0.21432747588473777,-0.27185418146870066,0.8055555555555557
chronos2_daily_norm_cross_median,25.0,2019-06-30_2020-05-31,12,-0.5467959452914228,-0.22854562482453433,-0.5467959452914228,-0.22854562482453433,-0.3182503204668885,0.655740801451276,-0.8239092817306156,-0.7294975549215157,-0.2897384073692095,0.5,-0.42452348589016264,-0.4892743563166143,-0.49022955942533375,0.8055555555555555
chronos2_daily_norm_cross_median,25.0,2019-07-31_2020-06-30,12,-0.6535433725179514,-0.1941752572672133,-0.6535433725179514,-0.1941752572672133,-0.4593681152507381,0.6540499472988515,-1.2131886115623758,-0.7229900159815348,-0.2827760862119635,0.4166666666666667,-0.8179929444817772,-0.6976926182134494,-0.6185840136933075,0.8055555555555555
chronos2_daily_norm_cross_median,25.0,2019-08-31_2020-07-31,12,-0.6169188320567363,-0.1722348942847023,-0.6169188320567363,-0.1722348942847023,-0.444683937772034,0.6626931319412401,-1.0472990202359465,-0.7229900159815348,-0.27948217627529803,0.5,-0.7161883027576145,-0.6108118379441844,-0.5600962396874894,0.7777777777777777
chronos2_daily_norm_cross_median,25.0,2019-09-30_2020-08-31,12,-0.591091307879817,-0.21057570090232802,-0.591091307879817,-0.21057570090232802,-0.38051560697748893,0.6772703752309968,-0.9214259949277644,-0.7107212327886447,-0.27948217627529803,0.5,-0.5413686095847171,-0.7400963626733407,-0.5527554969380111,0.8055555555555555
chronos2_daily_norm_cross_median,25.0,2019-10-31_2020-09-30,12,-0.5568575018077713,-0.1766274605970889,-0.5568575018077713,-0.1766274605970889,-0.38023004121068243,0.6832277866915877,-0.7960526646276416,-0.6858727900131983,-0.2794821762752979,0.5,-0.4935217089883693,-0.5726860093087512,-0.48105397055799815,0.8333333333333331
chronos2_daily_norm_cross_median,25.0,2019-11-30_2020-10-31,12,-0.5669705680198853,-0.06643817837031618,-0.5669705680198853,-0.06643817837031618,-0.5005323896495691,0.6846829707113091,-0.8250553076246246,-0.5239726248297667,-0.2794821762752979,0.5,-0.6740123515090708,-0.5848764349237003,-0.45152165020033497,0.8055555555555554
chronos2_daily_norm_cross_median,25.0,2019-12-31_2020-11-30,12,0.4138176323775715,-0.050871312509224054,0.4138176323775715,-0.050871312509224054,0.4646889448867956,1.3217835497709511,0.703383650563882,-0.24449616738317925,-0.2358764964179022,0.5833333333333334,0.7292455784912683,0.906569558206373,1.486440327254893,0.7777777777777777
chronos2_daily_norm_cross_median,25.0,2020-01-31_2020-12-31,12,0.9020009967405402,-0.013079995771551722,0.9020009967405402,-0.013079995771551722,0.915080992512092,1.2578050626868529,0.9121316749237078,-0.17817204301075273,-0.16758179221927783,0.5833333333333334,0.9007020940089239,0.6011015568299942,1.9598541948858124,0.75
chronos2_daily_norm_cross_median,25.0,2020-02-29_2021-01-31,12,1.6033676347151755,0.14471568274700242,1.6033676347151755,0.14471568274700242,1.458651951968173,1.205387689732744,1.1829201398436915,-0.17817204301075273,-0.07033476780972703,0.5833333333333334,1.0245424720729732,0.0216007871498491,2.834820100001523,0.7777777777777778
chronos2_daily_norm_cross_median,25.0,2020-03-31_2021-02-28,12,1.0907106622681493,0.3187076559568369,1.0907106622681493,0.3187076559568369,0.7720030063113124,1.1991613591957877,0.9821154553057271,-0.17817204301075273,-0.07033476780972703,0.5833333333333334,0.7511711738510053,1.38898792021445,1.1119374097386276,0.8055555555555555
chronos2_daily_norm_cross_median,25.0,2020-04-30_2021-03-31,12,0.9157541857920202,0.2712264885896778,0.9157541857920202,0.2712264885896778,0.6445276972023424,1.2024587056315617,0.9028020533846913,-0.17817204301075273,-0.07033476780972714,0.5833333333333334,0.7036187366617979,1.4453696079086784,1.006196996038649,0.8055555555555555
chronos2_daily_norm_cross_median,25.0,2020-05-31_2021-04-30,12,1.2987450529891187,0.2511461011810818,1.2987450529891187,0.2511461011810818,1.0475989518080369,1.2079658126942487,1.0685048390894638,-0.17817204301075273,-0.07033476780972703,0.5833333333333334,0.8832496522519011,1.2299743133560277,1.6046169192209483,0.8055555555555555
chronos2_daily_norm_cross_median,25.0,2020-06-30_2021-05-31,12,1.475046447390929,0.22018559574957508,1.475046447390929,0.22018559574957508,1.254860851641354,1.2099043887843541,1.1361827966922962,-0.15235773485773496,-0.07033476780972703,0.5833333333333334,0.9731473038591606,1.2067382023283468,1.9091958706813634,0.8055555555555555
chronos2_daily_norm_cross_median,25.0,2020-07-31_2021-06-30,12,2.0694168917922737,0.1787337447456181,2.0694168917922737,0.1787337447456181,1.8906831470466556,1.1733585576633223,1.339769974437418,-0.15235773485773485,-0.07033476780972703,0.6666666666666666,1.2167777051883961,1.669587146671003,2.3587374246868027,0.8055555555555555
chronos2_daily_norm_cross_median,25.0,2020-08-31_2021-07-31,12,1.9798882803293854,0.17406019021811336,1.9798882803293854,0.17406019021811336,1.805828090111272,1.1763086358639494,1.3106170775296726,-0.15235773485773485,-0.0471551797914731,0.5833333333333334,1.1910768054466347,1.6859908910602888,2.279274391098523,0.8333333333333334
chronos2_daily_norm_cross_median,25.0,2020-09-30_2021-08-31,12,1.4682765694500017,0.29094300690606567,1.4682765694500017,0.29094300690606567,1.177333562543936,1.1951522029472372,1.1307851091065029,-0.15235773485773485,-0.0471551797914731,0.5,0.930714733834414,2.3412303395502616,1.0264236610011492,0.8333333333333334
chronos2_daily_norm_cross_median,25.0,2020-10-31_2021-09-30,12,1.3362820546458143,0.285307502281577,1.3362820546458143,0.285307502281577,1.0509745523642373,1.2002221345040798,1.0797707766517481,-0.15235773485773485,-0.04715517979147299,0.5,0.882412201616992,2.3110792644908464,0.9571545870116454,0.861111111111111
chronos2_daily_norm_cross_median,25.0,2020-11-30_2021-10-31,12,1.4851125325422343,0.164192612882329,1.4851125325422343,0.164192612882329,1.3209199196599053,1.1907095900732625,1.136541432746208,-0.15235773485773485,-0.04715517979147299,0.5,1.0473704245637736,5.041814275136941,0.7165414261557952,0.8888888888888888
chronos2_daily_norm_cross_median,25.0,2020-12-31_2021-11-30,12,-0.04543143051231424,0.10075285366229347,-0.04543143051231424,0.10075285366229347,-0.14618428417460771,0.40319767839499865,0.0653691275676862,-0.28587224101768205,-0.04715517979147321,0.4166666666666667,-0.1799292518363636,0.06753561953667461,0.019728941742815254,0.9166666666666666
chronos2_daily_norm_cross_median,25.0,2021-01-31_2021-12-31,12,-0.04995413371344981,0.1311417024200292,-0.04995413371344981,0.1311417024200292,-0.18109583613347902,0.40489351554657066,0.05517645618936674,-0.3975431309495646,-0.04715517979147299,0.4166666666666667,-0.24827045254150426,-0.44547002064373503,0.08222291896937506,0.9444444444444443
chronos2_daily_norm_cross_median,25.0,2021-02-28_2022-01-31,12,-0.26214334128462924,0.1035559333431273,-0.26214334128462924,0.1035559333431273,-0.36569927462775653,0.4483726450008704,-0.46528531728477346,-0.516145458561285,-0.008710521467504728,0.4166666666666667,-0.6441964709046499,-1.9556694866291242,-0.009399453789182166,0.9166666666666665
chronos2_daily_norm_cross_median,25.0,2021-03-31_2022-02-28,12,-0.17695401281888956,0.1814244316261513,-0.17695401281888956,0.1814244316261513,-0.35837844444504086,0.4713767273282256,-0.19469466112011363,-0.5161454585612849,-0.008710521467504728,0.4166666666666667,-0.5298637550720041,-2.393505227242973,0.36331255635413084,0.8888888888888887
chronos2_daily_norm_cross_median,25.0,2021-04-30_2022-03-31,12,-0.1913152887067061,0.2056999327796627,-0.1913152887067061,0.2056999327796627,-0.3970152214863688,0.471033462332148,-0.23220806741974687,-0.5161454585612849,-0.008710521467504728,0.3333333333333333,-0.608492753932514,-2.415360795978256,0.4116636365840367,0.8333333333333331
chronos2_daily_norm_cross_median,25.0,2021-05-31_2022-04-30,12,-0.39145020181527435,0.20202014645819677,-0.39145020181527435,0.20202014645819677,-0.5934703482734711,0.3936090574680373,-1.0520268812229439,-0.516145458561285,-0.011058901373715124,0.25,-1.5061371479138326,-0.09930256337676742,-0.33113684193073145,0.7777777777777778
chronos2_daily_norm_cross_median,25.0,2021-06-30_2022-05-31,12,-0.5204282423854122,0.1547230806668567,-0.5204282423854122,0.1547230806668567,-0.6751513230522689,0.3180685397896835,-2.0872507888683094,-0.5340481509476332,-0.04389760737316839,0.16666666666666666,-2.5463187804470664,0.4698257452617352,-0.5307064261064622,0.7500000000000001
chronos2_daily_norm_cross_median,25.0,2021-07-31_2022-06-30,12,-0.4951934072869658,0.14515293481688385,-0.4951934072869658,0.14515293481688385,-0.6403463421038497,0.33580055176798634,-1.8173279708000492,-0.5340481509476334,-0.04389760737316839,0.16666666666666666,-2.2075678177099216,0.2974472180430262,-0.4882829916241087,0.7222222222222222
chronos2_daily_norm_cross_median,25.0,2021-08-31_2022-07-31,12,-0.6312533950837197,0.16719366722844042,-0.6312533950837197,0.16719366722844042,-0.7984470623121601,0.3883214058830123,-2.272460230789239,-0.5982129173384119,-0.04389760737316839,0.16666666666666666,-2.5808420623924055,-0.4151076420794102,-0.5707599023049434,0.7222222222222222
chronos2_daily_norm_cross_median,25.0,2021-09-30_2022-08-31,12,-0.40104294284608133,0.11990803732841937,-0.40104294284608133,0.11990803732841937,-0.5209509801745007,0.6842602126767754,-0.4522821297966937,-0.5909573491664868,-0.04389760737316817,0.25,-0.5936693595299467,-2.755278549776315,0.013388809163859872,0.6944444444444443
chronos2_daily_norm_cross_median,25.0,2021-10-31_2022-09-30,12,-0.525309712485777,0.07700156092153554,-0.525309712485777,0.07700156092153554,-0.6023112734073125,0.7114512894284312,-0.7214414687114047,-0.5726705802142777,-0.04389760737316828,0.25,-0.7929263909768698,-3.7583201199767386,-0.20232543598906183,0.6666666666666666
chronos2_daily_norm_cross_median,25.0,2021-11-30_2022-10-31,12,-0.5916643849457817,0.0837751064100245,-0.5916643849457817,0.0837751064100245,-0.6754394913558062,0.7239283714698278,-0.8938367826267671,-0.5065915497173273,-0.04389760737316839,0.25,-0.9680374072921101,-3.62176282056998,-0.29584130506508577,0.638888888888889
chronos2_daily_norm_cross_median,25.0,2021-12-31_2022-11-30,12,-0.5510272269623053,0.04089310124175727,-0.5510272269623053,0.04089310124175727,-0.5919203282040626,0.713836387857225,-0.7910968661177267,-0.46780601778374886,-0.052330809109684795,0.25,-0.8181662711866843,-2.5475605784083792,-0.3706469821417476,0.6111111111111112
chronos2_daily_norm_cross_median,25.0,2022-01-31_2022-12-31,12,-0.4607674258939477,0.03139589518781816,-0.4607674258939477,0.03139589518781816,-0.49216332108176586,0.7056034354717883,-0.5599665053069519,-0.41673196895520115,-0.0538908420070876,0.3333333333333333,-0.5840934117761898,-2.5078467053304325,-0.26909999272171725,0.638888888888889
chronos2_daily_norm_cross_median,25.0,2022-02-28_2023-01-31,12,-0.2572394021238137,-0.006523085673795559,-0.2572394021238137,-0.006523085673795559,-0.25071631645001813,0.6937873030455218,-0.13257475163692448,-0.41673196895520115,-0.053890842007087936,0.4166666666666667,-0.12343004266129369,-1.9105965979156971,-0.09522914153858175,0.638888888888889
chronos2_daily_norm_cross_median,25.0,2022-03-31_2023-02-28,12,-0.41458200906754106,-0.03763942955797195,-0.41458200906754106,-0.03763942955797195,-0.3769425795095691,0.6835751548405737,-0.4843929283561688,-0.418287481194198,-0.05860315994470999,0.3333333333333333,-0.4166273501484734,-3.153176875622234,-0.3646928432053165,0.638888888888889
chronos2_daily_norm_cross_median,25.0,2022-04-30_2023-03-31,12,-0.4461866665028209,-0.0433257664262765,-0.4461866665028209,-0.0433257664262765,-0.4028609000765444,0.6840612524397285,-0.5622778990405554,-0.4545128610021222,-0.052003665957635614,0.3333333333333333,-0.48228212032359746,-3.6625999278447834,-0.4240501806589235,0.6666666666666666
chronos2_daily_norm_cross_median,25.0,2022-05-31_2023-04-30,12,-0.4340418774778242,-0.07213752035282106,-0.4340418774778242,-0.07213752035282106,-0.36190435712500313,0.6830201715281079,-0.5333873119701042,-0.48350666520383023,-0.07596598010903766,0.3333333333333333,-0.412204074475501,-2.680606577119143,-0.434851169140431,0.6944444444444445
chronos2_daily_norm_cross_median,25.0,2022-06-30_2023-05-31,12,-0.359485427690194,-0.0361282154897381,-0.359485427690194,-0.0361282154897381,-0.3233572122004559,0.6859965688519913,-0.35270714720154317,-0.4835066652038301,-0.07596598010903755,0.4166666666666667,-0.29122028142201933,-3.273944190594829,-0.30245090452201995,0.7222222222222222
chronos2_daily_norm_cross_median,25.0,2022-07-31_2023-06-30,12,-0.2743856003829088,-0.0028433046031512976,-0.2743856003829088,-0.0028433046031512976,-0.2715422957797575,0.720987389461636,-0.13789410175381508,-0.48350666520383023,-0.07596598010903743,0.4166666666666667,-0.13575740007828752,-0.9226696808927608,-0.09479902656175931,0.75
chronos2_daily_norm_cross_median,25.0,2022-08-31_2023-07-31,12,0.288275532102342,-0.031389184091800915,0.288275532102342,-0.031389184091800915,0.31966471619414294,0.7279864105802255,0.649173495282971,-0.4835066652038301,-0.0655917893195096,0.5,0.6929655311823296,0.9874942859192061,0.6344986159038148,0.75
chronos2_daily_norm_cross_median,25.0,2022-09-30_2023-08-31,12,-0.13801601023521237,-0.014331580574544756,-0.13801601023521237,-0.014331580574544756,-0.12368442966066762,0.5362137087923863,-0.03859515248710529,-0.3365278678109689,-0.06559178931950937,0.4166666666666667,-0.016854630228762508,2.7848950185399386,0.012905920645714053,0.7499999999999999
chronos2_daily_norm_cross_median,25.0,2022-10-31_2023-09-30,12,0.11601020935890927,-0.04883569016310929,0.11601020935890927,-0.04883569016310929,0.16484589952201856,0.47972360249889934,0.4350828735497048,-0.20999691148234578,-0.06327241269436523,0.5,0.5702919668850297,2.9941425217278974,0.4125852701068726,0.7222222222222222
chronos2_daily_norm_cross_median,25.0,2022-11-30_2023-10-31,12,0.3812385869154935,-8.074453772832779e-05,0.3812385869154935,-8.074453772832779e-05,0.38131933145322183,0.4308172388908547,0.9386989221133061,-0.20999691148234578,-0.04084242285001627,0.5,0.9989133370457864,1.9566529288425238,0.47779449566383825,0.7222222222222222
chronos2_daily_norm_cross_median,25.0,2022-12-31_2023-11-30,12,0.17133393929877938,0.06162621592425688,0.17133393929877938,0.06162621592425688,0.1097077233745225,0.49200053823301304,0.5409045313935472,-0.228340963244814,-0.04084242285001627,0.5,0.41422483517178227,0.6786021368616644,0.24730704304091145,0.6944444444444445
chronos2_daily_norm_cross_median,25.0,2023-01-31_2023-12-31,12,0.1289794860316984,0.05389394652891433,0.1289794860316984,0.05389394652891433,0.07508553950278407,0.49408741715469023,0.4644682779955047,-0.24640687122316263,-0.04084242285001627,0.4166666666666667,0.3534609144283655,0.74206651477719,0.20479439177600223,0.6944444444444443
chronos2_daily_norm_cross_median,25.0,2023-02-28_2024-01-31,12,-0.020237384940629544,0.06910062416905749,-0.020237384940629544,0.06910062416905749,-0.08933800910968703,0.48754490570969145,0.17079946793202813,-0.2765086513663608,-0.04084242285001627,0.3333333333333333,0.026055883910787447,0.7245715963752648,0.03254570600384299,0.7222222222222222
chronos2_daily_norm_cross_median,25.0,2023-03-31_2024-02-29,12,0.0984019379054728,0.07105311702696282,0.0984019379054728,0.07105311702696282,0.027348820878509983,0.47091662723850186,0.4056200579538394,-0.2783173797379447,-0.04084242285001627,0.4166666666666667,0.25220674533815696,0.555380326690674,0.16162410139499683,0.7499999999999999
chronos2_daily_norm_cross_median,25.0,2023-04-30_2024-03-31,12,0.20226258274472197,0.04605177038880415,0.20226258274472197,0.04605177038880415,0.15621081235591783,0.46313903273324175,0.6038813159094063,-0.2783173797379447,-0.028914327222309355,0.5,0.501719554321599,0.6659052873887051,0.2772372730065269,0.7777777777777777
chronos2_daily_norm_cross_median,25.0,2023-05-31_2024-04-30,12,0.15388237533715765,0.05087612226469651,0.15388237533715765,0.05087612226469651,0.10300625307246114,0.47149304947067683,0.5123700893795523,-0.3268640160481331,-0.04720745865673304,0.5,0.40482411807039337,0.876985429337809,0.21333295319812295,0.8055555555555555
chronos2_daily_norm_cross_median,25.0,2023-06-30_2024-05-31,12,0.19282282971455156,0.06029804021364593,0.19282282971455156,0.06029804021364593,0.13252478950090563,0.4753602336859781,0.5828285158022984,-0.32686401604813287,-0.04720745865673304,0.5,0.4590605210670577,0.9486977217127467,0.2412241649567437,0.8333333333333334
chronos2_daily_norm_cross_median,25.0,2023-07-31_2024-06-30,12,0.01025541252887785,0.046802268590376395,0.01025541252887785,0.046802268590376395,-0.036546856061498545,0.42724547975124894,0.2130813187160356,-0.32686401604813287,-0.04720745865673304,0.5,0.09663268577429603,-0.02698916817901985,0.09637075032612685,0.8055555555555555
chronos2_daily_norm_cross_median,25.0,2023-08-31_2024-07-31,12,-0.018654508353704302,0.10318514893952901,-0.018654508353704302,0.10318514893952901,-0.12183965729323332,0.3990499852504041,0.13421791786596182,-0.326864016048133,-0.04720745865673315,0.5,-0.1332115685238336,1.6204884581487415,-0.10761025300572902,0.7777777777777777
chronos2_daily_norm_cross_median,25.0,2023-09-30_2024-08-31,12,0.046461764585535414,0.08473288946892565,0.046461764585535414,0.08473288946892565,-0.03827112488339024,0.4032471223572692,0.29695036923565993,-0.32686401604813287,-0.04720745865673315,0.5833333333333334,0.08783737684656945,1.3481983750573896,0.0034229579405038457,0.7777777777777777
chronos2_daily_norm_cross_median,25.0,2023-10-31_2024-09-30,12,-0.03028131044821214,0.12170948346779942,-0.03028131044821214,0.12170948346779942,-0.15199079391601156,0.4103768518877237,0.11167871552566268,-0.32686401604813287,-0.047207458656732815,0.5,-0.19067146260957724,1.5821897705195418,-0.13413145382876135,0.8333333333333334
chronos2_daily_norm_cross_median,25.0,2023-11-30_2024-10-31,12,-0.2684651773299682,0.004734660022875703,-0.2684651773299682,0.004734660022875703,-0.2731998373528439,0.47193635800385075,-0.4332799841494323,-0.2819810702326766,-0.07254414974326939,0.5,-0.511251766019081,2.4976742612703386,-0.20698735192358708,0.8611111111111112
chronos2_daily_norm_cross_median,25.0,2023-12-31_2024-11-30,12,-0.058331441181207255,-0.026522408525777696,-0.058331441181207255,-0.026522408525777696,-0.03180903265542956,0.4119069783808191,0.041705675032124065,-0.286778533059332,-0.07702368625268241,0.5,0.11824420338292388,3.2965685753332754,0.0929864251673691,0.8888888888888888
chronos2_daily_norm_cross_median,25.0,2024-01-31_2024-12-31,12,-0.06676454053991454,-0.013699490369203038,-0.06676454053991454,-0.013699490369203038,-0.0530650501707115,0.4125747251704792,0.020440022474681532,-0.30971402172967466,-0.07702368625268208,0.5,0.05190053681905772,3.26921255035323,0.03786279889272981,0.8333333333333334
chronos2_daily_norm_cross_median,25.0,2024-02-29_2025-01-31,12,0.011223252302022368,-0.14290566323586873,0.011223252302022368,-0.14290566323586873,0.1541289155378911,0.41175177948077474,0.2153290420072767,-0.30971402172967466,-0.18252959118595857,0.5833333333333334,0.6402237862571921,1.3356673521381883,0.31633496967443997,0.8333333333333334
chronos2_daily_norm_cross_median,25.0,2024-03-31_2025-02-28,12,0.03428184364745568,-0.10676537761977256,0.03428184364745568,-0.10676537761977256,0.14104722126722824,0.4117841145983358,0.2705490008138632,-0.30971402172967466,-0.1825295911859588,0.5,0.5841705355107886,1.2356520442848082,0.261644332608836,0.8333333333333334
chronos2_daily_norm_cross_median,25.0,2024-04-30_2025-03-31,12,-0.0370697938589053,-0.06461005552580057,-0.0370697938589053,-0.06461005552580057,0.02754026166689527,0.4146523020314467,0.09791406483708577,-0.30971402172967455,-0.18252959118595868,0.4166666666666667,0.24965474016588116,1.0503445142614531,0.10054414583732951,0.8333333333333334
chronos2_daily_norm_cross_median,25.0,2024-05-31_2025-04-30,12,-0.030670923964413066,0.02942056800377868,-0.030670923964413066,0.02942056800377868,-0.060091491968191746,0.41319014366580564,0.11287562496086988,-0.3595651785882855,-0.18252959118595857,0.4166666666666667,0.006724196688127534,0.6553082447157043,0.01799081640123834,0.8333333333333334
chronos2_daily_norm_cross_median,25.0,2024-06-30_2025-05-31,12,-0.2141293593822543,-0.019239253194651806,-0.2141293593822543,-0.019239253194651806,-0.1948901061876025,0.4193846540634288,-0.3791864502269414,-0.43578224266709076,-0.18252959118595835,0.3333333333333333,-0.3868010723272593,0.7324933054663473,-0.14542462822843927,0.8055555555555555
chronos2_daily_norm_cross_median,25.0,2024-07-31_2025-06-30,12,-0.19199010381173087,0.03150250800801424,-0.19199010381173087,0.03150250800801424,-0.2234926118197451,0.4235786011212063,-0.3069723520724434,-0.43578224266709087,-0.1825295911859589,0.25,-0.4473249765797546,0.7447519375650876,-0.15450015367436287,0.8333333333333331
chronos2_daily_norm_cross_median,25.0,2024-08-31_2025-07-31,12,-0.35293340967670606,0.02082724764079913,-0.35293340967670606,0.02082724764079913,-0.3737606573175052,0.2952063963576565,-1.2988541579971653,-0.43578224266709076,-0.1720911800730176,0.16666666666666666,-1.34937718072475,0.3598405535556385,-0.3322989236859544,0.861111111111111
chronos2_daily_norm_cross_median,25.0,2024-09-30_2025-08-31,12,-0.40528935325241944,0.07082064647411035,-0.40528935325241944,0.07082064647411035,-0.4761099997265298,0.2767767259091569,-1.6962824206322973,-0.39589372681433255,-0.1720911800730176,0.08333333333333333,-1.9493746876379061,0.4375302631483735,-0.4044600966171028,0.888888888888889
chronos2_daily_norm_cross_median,25.0,2024-10-31_2025-09-30,12,-0.4166453859586099,0.07787885846139209,-0.4166453859586099,0.07787885846139209,-0.494524244420002,0.2792316330644569,-1.7452382372323516,-0.2563304408290261,-0.11858833109117162,0.08333333333333333,-2.0108718804688315,0.42941605326443416,-0.4167670873937913,0.8888888888888888
chronos2_daily_norm_cross_median,25.0,2024-11-30_2025-10-31,12,-0.22090920934466496,0.1960061542824556,-0.22090920934466496,0.1960061542824556,-0.41691536362712056,0.19296165705521637,-1.1886947227942626,-0.256330440829026,-0.11795970406671652,0.08333333333333333,-1.6555216678769844,0.06123992726251609,-0.21637809435521183,0.8888888888888888
chronos2_daily_norm_cross_median,25.0,2024-12-31_2025-11-30,12,-0.19824669829699648,0.22133541890163522,-0.19824669829699648,0.22133541890163522,-0.4195821171986317,0.19711127239006077,-1.017082623751498,-0.2563304408290261,-0.11795970406671652,0.16666666666666666,-1.6173333681235569,0.06931976494614805,-0.195453540122298,0.9166666666666666
chronos2_daily_norm_cross_median,25.0,2025-01-31_2025-12-31,12,-0.25957457408970996,0.17166648362633885,-0.25957457408970996,0.17166648362633885,-0.4312410577160488,0.21640098305471636,-1.2685286505583933,-0.30237130107498067,-0.03669877287899381,0.16666666666666666,-1.7302917069736172,0.20123995512004728,-0.2695002256572009,0.9444444444444443
chronos2_daily_norm_cross_median,25.0,2025-02-28_2026-01-31,12,-0.27440132064546574,0.31334945156909844,-0.27440132064546574,0.31334945156909844,-0.5877507722145642,0.2106956776272587,-1.4017476260288035,-0.30237130107498067,-0.04758367670999886,0.16666666666666666,-3.3592723591460767,0.9720113570166806,-0.4424479790177971,0.9444444444444443
chronos2_daily_norm_cross_median,25.0,2025-03-31_2026-02-28,12,-0.41636787729113467,0.08257309459079365,-0.41636787729113467,0.08257309459079365,-0.4989409718819283,0.25436680105855464,-1.9458423523161663,-0.38924204581493305,-0.18488813271044613,0.16666666666666666,-3.5088541577496515,0.9168946467078395,-0.45217405797362575,0.9444444444444443
chronos2_daily_norm_cross_median,25.0,2025-04-30_2026-03-31,12,-0.39060880253045493,0.028079656548997578,-0.39060880253045493,0.028079656548997578,-0.4186884590794525,0.25727384566275413,-1.7599228057143599,-0.3338418704330235,-0.19546042589812018,0.25,-2.8595941755359204,0.9200454178269618,-0.39802930576758666,0.9444444444444443
chronos2_daily_norm_cross_median,25.0,2025-05-31_2026-04-30,12,-0.44691504857193876,-0.14610708694572017,-0.44691504857193876,-0.14610708694572017,-0.3008079616262186,0.28651496249421426,-1.8753155086438718,-0.41775013982941067,-0.29138146686445754,0.25,-3.0111435325562357,1.109724318679009,-0.3281561038322044,0.9444444444444443
chronos2_daily_norm_cross_median,25.0,2025-06-30_2026-05-31,12,-0.2928284200963771,-0.18541351506394133,-0.2928284200963771,-0.18541351506394133,-0.10741490503243578,0.32028028998146885,-0.9112836422645796,-0.4177501398294108,-0.34737666250868915,0.3333333333333333,-0.4370860133227563,0.7858757497588256,-0.14313146866229776,0.9444444444444443
chronos2_daily_norm_cross_median,25.0,2025-07-31_2026-06-30,12,-0.1024705601998831,-0.1667764227923394,-0.1024705601998831,-0.1667764227923394,0.0643058625924563,0.48488615982519184,-0.014398904524348362,-0.4177501398294108,-0.34737666250868904,0.4166666666666667,0.3992028211770631,1.3351787485642093,0.2135607093850298,0.9166666666666665
chronos2_daily_norm_cross_lower10,25.0,2019-01-31_2019-12-31,12,-0.305933528309691,-0.0907583313333864,-0.305933528309691,-0.0907583313333864,-0.2151751969763046,0.1347186788921274,-2.605496190085172,-0.32321148417654555,-0.08173242622854304,0.3333333333333333,-1.4311655014764058,-0.25360778472050793,-0.3160167801709972,0.7499999999999999
chronos2_daily_norm_cross_lower10,25.0,2019-02-28_2020-01-31,12,-0.3234790041898027,-0.15374678206850467,-0.3234790041898027,-0.15374678206850467,-0.16973222212129802,0.13116462772329518,-2.868722262735904,-0.3406688570941515,-0.157070533612218,0.3333333333333333,-1.1120506090512157,-0.1782528065201535,-0.3373448677563503,0.7222222222222222
chronos2_daily_norm_cross_lower10,25.0,2019-03-31_2020-02-29,12,-0.39702371648315604,-0.2983301643039218,-0.39702371648315604,-0.2983301643039218,-0.09869355217923426,0.12518031591197104,-3.8969330575172343,-0.37258985228516817,-0.2968733323797681,0.3333333333333333,-0.7261945280168157,0.09121501570222103,-0.37291645975717713,0.7222222222222222
chronos2_daily_norm_cross_lower10,25.0,2019-04-30_2020-03-31,12,-0.2463086598117905,-0.26938100433105683,-0.2463086598117905,-0.26938100433105683,0.02307234451926632,0.2656915940698378,-0.9373054312603615,-0.37258985228516783,-0.2897384073692094,0.4166666666666667,0.14673592427274776,0.4649467163898587,-0.10889475580639352,0.7777777777777778
chronos2_daily_norm_cross_lower10,25.0,2019-05-31_2020-04-30,12,-0.11643799816192546,-0.23441422140073764,-0.11643799816192546,-0.23441422140073764,0.11797622323881218,0.33280495100065466,-0.22742320810777616,-0.36274749578098,-0.2897384073692094,0.4166666666666667,0.5255141055450977,0.6112865783240043,0.07520890571470162,0.8055555555555557
chronos2_daily_norm_cross_lower10,25.0,2019-06-30_2020-05-31,12,-0.09004850556275734,-0.22854562482453433,-0.09004850556275734,-0.22854562482453433,0.138497119261777,0.3332230217797897,-0.13889106998721037,-0.34803968962569276,-0.2897384073692095,0.4166666666666667,0.5994030020822596,0.6356055796954589,0.10806533171471511,0.7777777777777778
chronos2_daily_norm_cross_lower10,25.0,2019-07-31_2020-06-30,12,-0.05120703579129038,-0.1941752572672133,-0.05120703579129038,-0.1941752572672133,0.14296822147592292,0.3332804057229409,-0.013680503936483268,-0.31828377971324684,-0.2827760862119635,0.4166666666666667,0.5888170096075879,0.6206093749842757,0.11955681194576617,0.75
chronos2_daily_norm_cross_lower10,25.0,2019-08-31_2020-07-31,12,0.037145570240364245,-0.1722348942847023,0.037145570240364245,-0.1722348942847023,0.20938046452506653,0.33256515375110945,0.2540765843240863,-0.2663216468411268,-0.27948217627529803,0.5,0.7972584409954073,0.6417747080968067,0.20655208772841593,0.75
chronos2_daily_norm_cross_lower10,25.0,2019-09-30_2020-08-31,12,0.026592249564050263,-0.21057570090232802,0.026592249564050263,-0.21057570090232802,0.23716795046637829,0.33529595962967296,0.22401884203601546,-0.2663216468411269,-0.27948217627529803,0.5,0.9340724126666756,0.692504294107591,0.24287238167238057,0.7499999999999999
chronos2_daily_norm_cross_lower10,25.0,2019-10-31_2020-09-30,12,0.007506499291789481,-0.1766274605970889,0.007506499291789481,-0.1766274605970889,0.18413395988887837,0.33574386346756485,0.16793160827630882,-0.21136137553395273,-0.2794821762752979,0.5,0.7018241858921949,0.6159519902431665,0.1699393520657202,0.6944444444444445
chronos2_daily_norm_cross_lower10,25.0,2019-11-30_2020-10-31,12,0.14026576041398608,-0.06643817837031618,0.14026576041398608,-0.06643817837031618,0.20670393878430227,0.32841340760794757,0.5449505521796633,-0.12191634961637032,-0.2794821762752979,0.5,0.678175688352861,0.5558202464744083,0.21801611496387907,0.6666666666666666
chronos2_daily_norm_cross_lower10,25.0,2019-12-31_2020-11-30,12,0.29413667583281744,-0.050871312509224054,0.29413667583281744,-0.050871312509224054,0.3450079883420415,0.3027614472374245,0.991428321227139,-0.10906247754042109,-0.2358764964179022,0.5,1.1779597651584144,0.6322400703935651,0.3603700463966133,0.6388888888888888
chronos2_daily_norm_cross_lower10,25.0,2020-01-31_2020-12-31,12,0.4526849731906719,-0.013079995771551722,0.4526849731906719,-0.013079995771551722,0.46576496896222364,0.30960192617270005,1.359524906660327,-0.0973776947166003,-0.16758179221927783,0.5,1.3947409473976353,0.5962725496382534,0.4957193520282761,0.6388888888888888
chronos2_daily_norm_cross_lower10,25.0,2020-02-29_2021-01-31,12,0.7082328111630454,0.14471568274700242,0.7082328111630454,0.14471568274700242,0.563517128416043,0.32009853980502057,1.8503304398333755,-0.09737769471660007,-0.07033476780972703,0.5,1.4641357281468075,0.643097947764041,0.6095595904390365,0.638888888888889
chronos2_daily_norm_cross_lower10,25.0,2020-03-31_2021-02-28,12,0.8172383790451365,0.3187076559568369,0.8172383790451365,0.3187076559568369,0.4985307230882996,0.2978276854140132,2.1846383554654536,-0.09737769471660007,-0.07033476780972703,0.5,1.246901779177289,0.6119711232811214,0.5881819138578641,0.638888888888889
chronos2_daily_norm_cross_lower10,25.0,2020-04-30_2021-03-31,12,0.43918992180707406,0.2712264885896778,0.43918992180707406,0.2712264885896778,0.16796343321739626,0.2731156941825616,1.4727446652386724,-0.09737769471660018,-0.07033476780972714,0.4166666666666667,0.5584803792239085,0.5931520446117122,0.2818648929028753,0.5833333333333334
chronos2_daily_norm_cross_lower10,25.0,2020-05-31_2021-04-30,12,0.1877712284009596,0.2511461011810818,0.1877712284009596,0.2511461011810818,-0.06337487278012222,0.2269095110800718,0.8646807159565895,-0.10449529003274471,-0.07033476780972703,0.3333333333333333,-0.2163710103360476,0.7091380018177175,0.02690300134514545,0.5555555555555556
chronos2_daily_norm_cross_lower10,25.0,2020-06-30_2021-05-31,12,0.11246006592368407,0.22018559574957508,0.11246006592368407,0.22018559574957508,-0.10772552982589101,0.23655102104437914,0.5576540644524269,-0.1495658265844514,-0.07033476780972703,0.3333333333333333,-0.3979225243215903,0.7397837426029821,-0.025842080008015467,0.5277777777777778
chronos2_daily_norm_cross_lower10,25.0,2020-07-31_2021-06-30,12,0.0796751700379088,0.1787337447456181,0.0796751700379088,0.1787337447456181,-0.09905857470770929,0.2373249007988984,0.4292776194343319,-0.15881214655626175,-0.07033476780972703,0.3333333333333333,-0.37167950805229694,0.7618427612901649,-0.03321555263585363,0.5277777777777777
chronos2_daily_norm_cross_lower10,25.0,2020-08-31_2021-07-31,12,0.09763385904741839,0.17406019021811336,0.09763385904741839,0.17406019021811336,-0.07642633117069497,0.24088609467222732,0.49511772912390717,-0.15881214655626164,-0.0471551797914731,0.3333333333333333,-0.26072752940098237,0.7551824235456879,-0.012045049438166866,0.5277777777777778
chronos2_daily_norm_cross_lower10,25.0,2020-09-30_2021-08-31,12,0.2284367336865747,0.29094300690606567,0.2284367336865747,0.29094300690606567,-0.06250627321949098,0.2163894947915906,1.053903190474001,-0.15881214655626186,-0.0471551797914731,0.3333333333333333,-0.18370435466217044,0.5787636476894293,0.07634842703781697,0.5277777777777778
chronos2_daily_norm_cross_lower10,25.0,2020-10-31_2021-09-30,12,0.34469348434537084,0.285307502281577,0.34469348434537084,0.285307502281577,0.05938598206379386,0.2222736169594978,1.4469900626357013,-0.15881214655626175,-0.04715517979147299,0.4166666666666667,0.2969883787526156,0.7418874262438647,0.13500611853281885,0.5555555555555556
chronos2_daily_norm_cross_lower10,25.0,2020-11-30_2021-10-31,12,0.21904211089194203,0.164192612882329,0.21904211089194203,0.164192612882329,0.05484949800961303,0.23126556014605945,0.965308029586806,-0.15881214655626197,-0.04715517979147299,0.4166666666666667,0.3224117110400412,1.024707517146392,0.0622281866189216,0.5555555555555556
chronos2_daily_norm_cross_lower10,25.0,2020-12-31_2021-11-30,12,0.19790540144283564,0.10075285366229347,0.19790540144283564,0.10075285366229347,0.09715254778054216,0.2318792550325422,0.8865325223427775,-0.15881214655626175,-0.04715517979147321,0.4166666666666667,0.5445215593236633,1.3644386560107666,0.07027401175323078,0.5833333333333334
chronos2_daily_norm_cross_lower10,25.0,2021-01-31_2021-12-31,12,0.11481877873203916,0.1311417024200292,0.11481877873203916,0.1311417024200292,-0.016322923687990043,0.21148144906955763,0.6091994374845243,-0.15881214655626186,-0.04715517979147299,0.4166666666666667,0.00698940886265837,1.8380101479223476,-0.10107965579037903,0.5833333333333334
chronos2_daily_norm_cross_lower10,25.0,2021-02-28_2022-01-31,12,-0.014076858657770419,0.1035559333431273,-0.014076858657770419,0.1035559333431273,-0.11763279200089771,0.15264113027167114,-0.023703456437263595,-0.13536758904881396,-0.008710521467504728,0.3333333333333333,-0.8950427378354593,1.2401442646267267,-0.12246004749544126,0.6111111111111112
chronos2_daily_norm_cross_lower10,25.0,2021-03-31_2022-02-28,12,0.28327771109551714,0.1814244316261513,0.28327771109551714,0.1814244316261513,0.10185327946936584,0.3036940200038123,0.9542635203026768,-0.08571598437691452,-0.008710521467504728,0.3333333333333333,0.4362061866769171,2.7326074055757488,-0.1602673212953245,0.6111111111111112
chronos2_daily_norm_cross_lower10,25.0,2021-04-30_2022-03-31,12,0.34580967631658166,0.2056999327796627,0.34580967631658166,0.2056999327796627,0.14010974353691896,0.294049909443909,1.1422760760271493,-0.060655020480576916,-0.008710521467504728,0.3333333333333333,0.539504820703007,2.42603762675901,-0.11834042167052816,0.6666666666666666
chronos2_daily_norm_cross_lower10,25.0,2021-05-31_2022-04-30,12,0.36093020010570975,0.20202014645819677,0.36093020010570975,0.20202014645819677,0.15891005364751298,0.29202834388995463,1.187630234850019,-0.045488209673215096,-0.011058901373715124,0.3333333333333333,0.5942068715740254,2.2777457396074654,-0.07645222051044531,0.6388888888888888
chronos2_daily_norm_cross_lower10,25.0,2021-06-30_2022-05-31,12,0.3829748693297985,0.1547230806668567,0.3829748693297985,0.1547230806668567,0.22825178866294182,0.28785057033529426,1.2583079941720852,-0.05795237555328847,-0.04389760737316839,0.3333333333333333,0.8301995384194857,1.8254567984528818,0.09707804342074722,0.6388888888888888
chronos2_daily_norm_cross_lower10,25.0,2021-07-31_2022-06-30,12,0.38074285970225263,0.14515293481688385,0.38074285970225263,0.14515293481688385,0.23558992488536878,0.28810327607278835,1.2516633161255646,-0.06969861833816715,-0.04389760737316839,0.3333333333333333,0.8603293105489527,1.878169623021748,0.10408320176871033,0.6388888888888887
chronos2_daily_norm_cross_lower10,25.0,2021-08-31_2022-07-31,12,0.24433132424936388,0.16719366722844042,0.24433132424936388,0.16719366722844042,0.07713765702092346,0.2941541609041066,0.8689610334378113,-0.10896027348651005,-0.04389760737316839,0.25,0.35828994926985996,1.511853309604966,0.01599885377388821,0.5833333333333333
chronos2_daily_norm_cross_lower10,25.0,2021-09-30_2022-08-31,12,0.07913879805466295,0.11990803732841937,0.07913879805466295,0.11990803732841937,-0.04076923927375642,0.3237491250536552,0.3705817911517756,-0.2105052236158521,-0.04389760737316817,0.25,0.009741750670040445,1.904076047493147,-0.09835634143643657,0.5555555555555555
chronos2_daily_norm_cross_lower10,25.0,2021-10-31_2022-09-30,12,0.04149933245356108,0.07700156092153554,0.04149933245356108,0.07700156092153554,-0.03550222846797446,0.31667128024477004,0.25965300640760736,-0.21050522361585233,-0.04389760737316828,0.25,0.01805955657646731,1.9277113057934414,-0.06420802883861831,0.5555555555555555
chronos2_daily_norm_cross_lower10,25.0,2021-11-30_2022-10-31,12,0.03058193567357792,0.0837751064100245,0.03058193567357792,0.0837751064100245,-0.05319317073644658,0.3186273925383346,0.22665687809593313,-0.22107306318011255,-0.04389760737316839,0.25,-0.03755678096767312,1.9402336655317736,-0.08568339151345117,0.5555555555555556
chronos2_daily_norm_cross_lower10,25.0,2021-12-31_2022-11-30,12,0.013842381561447459,0.04089310124175727,0.013842381561447459,0.04089310124175727,-0.02705071968030981,0.31928490946615196,0.17523321438290387,-0.2324535484992617,-0.052330809109684795,0.3333333333333333,0.04289334485266742,1.6281285369938334,-0.014554217694934257,0.5833333333333334
chronos2_daily_norm_cross_lower10,25.0,2022-01-31_2022-12-31,12,-0.03781662624296456,0.03139589518781816,-0.03781662624296456,0.03139589518781816,-0.06921252143078271,0.31912773182102827,0.010930516314567524,-0.2500129465350851,-0.0538908420070876,0.25,-0.10463518368337121,1.6278577326972565,-0.05090875508766224,0.5555555555555556
chronos2_daily_norm_cross_lower10,25.0,2022-02-28_2023-01-31,12,-0.01698313544714769,-0.006523085673795559,-0.01698313544714769,-0.006523085673795559,-0.010460049773352131,0.32083985989037445,0.07924459672162452,-0.2500129465350853,-0.053890842007087936,0.3333333333333333,0.10006956238682468,1.988782218701203,0.033934442148974675,0.49999999999999994
chronos2_daily_norm_cross_lower10,25.0,2022-03-31_2023-02-28,12,-0.23680617988783037,-0.03763942955797195,-0.23680617988783037,-0.03763942955797195,-0.19916675032985842,0.14107120917994037,-1.8270761089565848,-0.24379353293902806,-0.05860315994470999,0.25,-1.5806905999970158,0.5271336506476815,-0.2142255110696164,0.4722222222222221
chronos2_daily_norm_cross_lower10,25.0,2022-04-30_2023-03-31,12,-0.25635563049124066,-0.0433257664262765,-0.25635563049124066,-0.0433257664262765,-0.21302986406496416,0.1407544232322782,-2.011677304039036,-0.24446066333716598,-0.052003665957635614,0.25,-1.6814604191428781,0.4170319210876058,-0.23549782144461195,0.4444444444444444
chronos2_daily_norm_cross_lower10,25.0,2022-05-31_2023-04-30,12,-0.2865236934883266,-0.07213752035282106,-0.2865236934883266,-0.07213752035282106,-0.21438617313550556,0.1439515994736118,-2.2443769686508714,-0.26068709069814455,-0.07596598010903766,0.25,-1.7625014054586088,0.5373590141081304,-0.2501017019908435,0.4444444444444444
chronos2_daily_norm_cross_lower10,25.0,2022-06-30_2023-05-31,12,-0.32995798204277316,-0.0361282154897381,-0.32995798204277316,-0.0361282154897381,-0.29382976655303505,0.15875139161162352,-2.4052147456036392,-0.3214978460329393,-0.07596598010903755,0.25,-2.173799749101133,0.46620028949810155,-0.31026526707574487,0.47222222222222215
chronos2_daily_norm_cross_lower10,25.0,2022-07-31_2023-06-30,12,-0.2882509644460095,-0.0028433046031512976,-0.2882509644460095,-0.0028433046031512976,-0.2854076598428582,0.17769538437650587,-1.8028714729173156,-0.29160117948284336,-0.07596598010903743,0.3333333333333333,-1.9557059295917882,0.8477164874449207,-0.2774268614072023,0.47222222222222215
chronos2_daily_norm_cross_lower10,25.0,2022-08-31_2023-07-31,12,-0.25353041092031203,-0.031389184091800915,-0.25353041092031203,-0.031389184091800915,-0.22214122682851112,0.17938219508910927,-1.5254506021463856,-0.23460961731978425,-0.0655917893195096,0.4166666666666667,-1.555522165604821,1.1796019174066084,-0.21453326847214438,0.47222222222222215
chronos2_daily_norm_cross_lower10,25.0,2022-09-30_2023-08-31,12,-0.13260737640261733,-0.014331580574544756,-0.13260737640261733,-0.014331580574544756,-0.11827579582807257,0.1556662144011682,-0.8358046998969452,-0.23460961731978414,-0.06559178931950937,0.5,-0.8324646457207927,0.8965773398729533,-0.11300007726990158,0.47222222222222215
chronos2_daily_norm_cross_lower10,25.0,2022-10-31_2023-09-30,12,-0.16270072614033393,-0.04883569016310929,-0.16270072614033393,-0.04883569016310929,-0.11386503597722464,0.14547477421790853,-1.1434788381720309,-0.18963966778049401,-0.06327241269436523,0.5,-0.8411119144099152,0.5997447847506497,-0.1295620536291212,0.44444444444444436
chronos2_daily_norm_cross_lower10,25.0,2022-11-30_2023-10-31,12,-0.4541089964323872,-8.074453772832779e-05,-0.4541089964323872,-8.074453772832779e-05,-0.4540282518946589,0.39884593099119425,-1.2412492628314784,-0.4522520461123829,-0.04084242285001627,0.5,-1.1154195588633022,-1.9085024307318394,-0.39226149533186516,0.47222222222222215
chronos2_daily_norm_cross_lower10,25.0,2022-12-31_2023-11-30,12,-0.44739998028910055,0.06162621592425688,-0.44739998028910055,0.06162621592425688,-0.5090261962133574,0.39991096516114216,-1.2076606899194477,-0.4536214159971017,-0.04084242285001627,0.4166666666666667,-1.2339718327901616,-1.8251200839597699,-0.3111922491892455,0.47222222222222227
chronos2_daily_norm_cross_lower10,25.0,2023-01-31_2023-12-31,12,-0.3921682921579446,0.05389394652891433,-0.3921682921579446,0.05389394652891433,-0.4460622386868589,0.4161342467336491,-0.9258900256946774,-0.45362141599710193,-0.04084242285001627,0.5,-0.9573776418717844,-1.9874776294924161,-0.24172397372169163,0.47222222222222215
chronos2_daily_norm_cross_lower10,25.0,2023-02-28_2024-01-31,12,-0.41571224782456473,0.06910062416905749,-0.41571224782456473,0.06910062416905749,-0.4848128719936222,0.4109733455364249,-1.0350723518413751,-0.4442484031566183,-0.04084242285001627,0.4166666666666667,-1.0898223474202697,-1.8857927282368765,-0.2560198377393419,0.5277777777777778
chronos2_daily_norm_cross_lower10,25.0,2023-03-31_2024-02-29,12,-0.41530016595699526,0.07105311702696282,-0.41530016595699526,0.07105311702696282,-0.4863532829839581,0.41100813252559887,-1.0332977289667555,-0.4249085765461075,-0.04084242285001627,0.4166666666666667,-1.0924796808650337,-1.892034230785024,-0.2525270017048383,0.5555555555555555
chronos2_daily_norm_cross_lower10,25.0,2023-04-30_2024-03-31,12,-0.4335430745755313,0.04605177038880415,-0.4335430745755313,0.04605177038880415,-0.47959484496433546,0.4119719263927622,-1.1040679335713526,-0.4001475791456163,-0.028914327222309355,0.4166666666666667,-1.1061819871749983,-1.8419435193769456,-0.30974807309868746,0.5
chronos2_daily_norm_cross_lower10,25.0,2023-05-31_2024-04-30,12,-0.4562238871581268,0.05087612226469651,-0.4562238871581268,0.05087612226469651,-0.5071000094228233,0.4154712904445735,-1.1857754295027623,-0.4515353216329573,-0.04720745865673304,0.4166666666666667,-1.201029348500868,-1.7318398335236482,-0.3346136143420254,0.5277777777777778
chronos2_daily_norm_cross_lower10,25.0,2023-06-30_2024-05-31,12,-0.4012253128928721,0.06029804021364593,-0.4012253128928721,0.06029804021364593,-0.46152335310651804,0.412905248439861,-0.9711436956735765,-0.45264924834872977,-0.04720745865673304,0.4166666666666667,-1.0257238470209704,-1.675472727506601,-0.25957249178484887,0.5555555555555556
chronos2_daily_norm_cross_lower10,25.0,2023-07-31_2024-06-30,12,-0.4139347764630511,0.046802268590376395,-0.4139347764630511,0.046802268590376395,-0.4607370450534275,0.4086351989725915,-1.0357800514883952,-0.45264924834872966,-0.04720745865673304,0.3333333333333333,-1.047882850766179,-2.138548865601406,-0.2759465234709626,0.611111111111111
chronos2_daily_norm_cross_lower10,25.0,2023-08-31_2024-07-31,12,-0.4099276359677274,0.10318514893952901,-0.4099276359677274,0.10318514893952901,-0.5131127849072564,0.40942177070347674,-1.017014601900127,-0.45264924834872977,-0.04720745865673315,0.25,-1.1581631703058348,-1.2345956890623546,-0.25382545748349816,0.6666666666666666
chronos2_daily_norm_cross_lower10,25.0,2023-09-30_2024-08-31,12,-0.39268557849981944,0.08473288946892565,-0.39268557849981944,0.08473288946892565,-0.4774184679687451,0.4156317520270731,-0.9294372673703757,-0.45264924834872966,-0.04720745865673315,0.25,-1.0290246212613663,-1.351090738778524,-0.23875868348610407,0.6944444444444445
chronos2_daily_norm_cross_lower10,25.0,2023-10-31_2024-09-30,12,-0.4553083102630855,0.12170948346779942,-0.4553083102630855,0.12170948346779942,-0.5770177937308849,0.41757068643110695,-1.1741196496246538,-0.17493865265918707,-0.047207458656732815,0.16666666666666666,-1.3390001671814507,-1.3465738496163042,-0.2839725508868225,0.6944444444444445
chronos2_daily_norm_cross_lower10,25.0,2023-11-30_2024-10-31,12,-0.08425908643119884,0.004734660022875703,-0.08425908643119884,0.004734660022875703,-0.08899374645407454,0.18994273954108395,-0.37273530507694586,-0.17493865265918718,-0.07254414974326939,0.25,-0.376370991173571,0.0661749339452687,-0.06917121418892003,0.6666666666666666
chronos2_daily_norm_cross_lower10,25.0,2023-12-31_2024-11-30,12,-0.045066640289154414,-0.026522408525777696,-0.045066640289154414,-0.026522408525777696,-0.018544231763376717,0.19549296771438773,-0.14377367736149757,-0.1749386526591873,-0.07702368625268241,0.3333333333333333,-0.028498183797289,0.04728036827885834,-0.026739738393218415,0.6666666666666666
chronos2_daily_norm_cross_lower10,25.0,2024-01-31_2024-12-31,12,-0.1330290084520589,-0.013699490369203038,-0.1330290084520589,-0.013699490369203038,-0.11932951808285586,0.1770850393424082,-0.7177854781548035,-0.17077061998114307,-0.07702368625268208,0.25,-0.5914945677670275,0.1003437231800193,-0.11917298281894739,0.6944444444444443
chronos2_daily_norm_cross_lower10,25.0,2024-02-29_2025-01-31,12,-0.1935700526151204,-0.14290566323586873,-0.1935700526151204,-0.14290566323586873,-0.05066438937925166,0.18799668334945982,-1.045702513640426,-0.18031401351405052,-0.18252959118595857,0.3333333333333333,-0.26550918524508327,0.3478454438553566,-0.1377282877685707,0.6666666666666666
chronos2_daily_norm_cross_lower10,25.0,2024-03-31_2025-02-28,12,-0.17841164223752448,-0.10676537761977256,-0.17841164223752448,-0.10676537761977256,-0.07164626461775192,0.1889265118667092,-0.9426715949498992,-0.1244725602703125,-0.1825295911859588,0.3333333333333333,-0.37522264444404796,0.3507967176657964,-0.13407664742121517,0.6666666666666666
chronos2_daily_norm_cross_lower10,25.0,2024-04-30_2025-03-31,12,-0.09925500961761269,-0.06461005552580057,-0.09925500961761269,-0.06461005552580057,-0.03464495409181212,0.1849273537868239,-0.47529352878562314,-0.12049817209051905,-0.18252959118595868,0.3333333333333333,-0.17323190683923986,0.3858352069775248,-0.06542691208681362,0.7222222222222222
chronos2_daily_norm_cross_lower10,25.0,2024-05-31_2025-04-30,12,0.020585868403341534,0.02942056800377868,0.020585868403341534,0.02942056800377868,-0.008834699600437146,0.16146883489482097,0.20260244727561996,-0.12049817209051938,-0.18252959118595857,0.3333333333333333,-0.057209459677459565,0.301462259277795,0.01964204908302869,0.7222222222222222
chronos2_daily_norm_cross_lower10,25.0,2024-06-30_2025-05-31,12,0.00852162315818994,-0.019239253194651806,0.00852162315818994,-0.019239253194651806,0.027760876352841746,0.16227690605489867,0.12889750021494376,-0.12049817209051916,-0.18252959118595835,0.4166666666666667,0.1264776746637936,0.31072057425372496,0.022372997752829082,0.6666666666666666
chronos2_daily_norm_cross_lower10,25.0,2024-07-31_2025-06-30,12,0.015632918690647424,0.03150250800801424,0.015632918690647424,0.03150250800801424,-0.015869589317366817,0.1636489125469371,0.17205617652688673,-0.12049817209051905,-0.1825295911859589,0.4166666666666667,-0.10380779298581279,0.3154165191759526,0.0127158725659815,0.611111111111111
chronos2_daily_norm_cross_lower10,25.0,2024-08-31_2025-07-31,12,-0.02385729800831371,0.02082724764079913,-0.02385729800831371,0.02082724764079913,-0.04468454564911284,0.16598684125691884,-0.0672846861579284,-0.12049817209051905,-0.1720911800730176,0.4166666666666667,-0.23404657841598933,0.27290885436749135,-0.02139337616473269,0.6388888888888888
chronos2_daily_norm_cross_lower10,25.0,2024-09-30_2025-08-31,12,-0.06867719795706895,0.07082064647411035,-0.06867719795706895,0.07082064647411035,-0.1394978444311793,0.1532563295978277,-0.3903442307985037,-0.09691901828186789,-0.1720911800730176,0.3333333333333333,-0.7644130924927091,0.3259377205936308,-0.08449328760817332,0.6666666666666666
chronos2_daily_norm_cross_lower10,25.0,2024-10-31_2025-09-30,12,0.05995463331405726,0.07787885846139209,0.05995463331405726,0.07787885846139209,-0.017924225147334827,0.11994027385361744,0.5426539595971362,-0.09691901828186777,-0.11858833109117162,0.4166666666666667,-0.16821391623964632,0.3264038548483794,0.035309105006457786,0.7222222222222222
chronos2_daily_norm_cross_lower10,25.0,2024-11-30_2025-10-31,12,0.31208718220953147,0.1960061542824556,0.31208718220953147,0.1960061542824556,0.11608102792707586,0.30176736729035325,1.0317413899740546,-0.09691901828186777,-0.11795970406671652,0.4166666666666667,0.41161160279340037,0.68880644218758,0.19141126430005118,0.6944444444444445
chronos2_daily_norm_cross_lower10,25.0,2024-12-31_2025-11-30,12,0.29654692921548875,0.22133541890163522,0.29654692921548875,0.22133541890163522,0.07521151031385354,0.30138412482425997,0.9921754799645064,-0.07450592760801389,-0.11795970406671652,0.4166666666666667,0.295322991023187,0.7110280341489956,0.15476670781276902,0.6388888888888888
chronos2_daily_norm_cross_lower10,25.0,2025-01-31_2025-12-31,12,0.3637878564191568,0.17166648362633885,0.3637878564191568,0.17166648362633885,0.19212137279281793,0.29659412317837325,1.1788215042225545,-0.027936805438726564,-0.03669877287899381,0.5,0.6190191717514536,0.633732685581395,0.26578074484447756,0.6388888888888888
chronos2_daily_norm_cross_lower10,25.0,2025-02-28_2026-01-31,12,0.5212680890630024,0.31334945156909844,0.5212680890630024,0.31334945156909844,0.20791863749390394,0.27426812867711614,1.6644325731980005,-0.027936805438726564,-0.04758367670999886,0.5,0.6197130067265575,0.39268276639591065,0.4057613253041108,0.611111111111111
chronos2_daily_norm_cross_lower10,25.0,2025-03-31_2026-02-28,12,0.6308967994302608,0.08257309459079365,0.6308967994302608,0.08257309459079365,0.5483237048394671,0.273515837902722,1.933094960974479,-0.027936805438726453,-0.18488813271044613,0.5833333333333334,1.260980135092461,0.028708119314173997,0.6730625771617511,0.611111111111111
chronos2_daily_norm_cross_lower10,25.0,2025-04-30_2026-03-31,12,0.5476252746744457,0.028079656548997578,0.5476252746744457,0.028079656548997578,0.5195456181254481,0.2820896486293043,1.6885566645137342,-0.027936805438726453,-0.19546042589812018,0.5833333333333334,1.2606624910527473,0.07601394365326122,0.5897907630607155,0.638888888888889
chronos2_daily_norm_cross_lower10,25.0,2025-05-31_2026-04-30,12,0.43234786002223524,-0.14610708694572017,0.43234786002223524,-0.14610708694572017,0.5784549469679554,0.2958477507220319,1.3514290417782242,-0.07408577625896551,-0.29138146686445754,0.6666666666666666,1.598545251687851,0.28058454795198956,0.5357147124161721,0.638888888888889
chronos2_daily_norm_cross_lower10,25.0,2025-06-30_2026-05-31,12,0.37192648639021253,-0.18541351506394133,0.37192648639021253,-0.18541351506394133,0.5573400014541539,0.3058359352072968,1.1712721083003224,-0.12540737394606616,-0.34737666250868915,0.6666666666666666,1.6080902552374852,0.3512974636799705,0.5111815191656637,0.638888888888889
chronos2_daily_norm_cross_lower10,25.0,2025-07-31_2026-06-30,12,0.34087326154071196,-0.1667764227923394,0.34087326154071196,-0.1667764227923394,0.5076496843330514,0.3063867352298052,1.0927801506524304,-0.12540737394606627,-0.34737666250868904,0.6666666666666666,1.3904774876694412,0.2726808133027984,0.4481931828310399,0.6388888888888888
