model,cost_bps,period,months,strategy_total_return,benchmark_total_return,strategy_cagr,benchmark_cagr,excess_cagr,strategy_volatility,strategy_sharpe_rf0,strategy_max_drawdown,benchmark_max_drawdown,active_hit_rate,information_ratio,beta_to_benchmark,annualized_alpha_rf0,average_monthly_turnover
cap500_composite,25.0,2019-01-31_2019-12-31,12,0.05594872112288041,-0.0907583313333864,0.05594872112288041,-0.0907583313333864,0.1467070524562668,0.2937053975776226,0.3260243769357191,-0.2176543800263795,-0.08173242622854304,0.5833333333333334,0.7208856589054686,1.4876946693005446,0.2557193176025694,0.6111111111111112
cap500_composite,25.0,2019-02-28_2020-01-31,12,-0.019739678060918364,-0.15374678206850467,-0.019739678060918364,-0.15374678206850467,0.1340071040075863,0.30538971134286047,0.07984011732179407,-0.2176543800263796,-0.157070533612218,0.5833333333333334,0.7088063950035186,1.3562717220764273,0.26740780933383546,0.5833333333333334
cap500_composite,25.0,2019-03-31_2020-02-29,12,-0.10753897576961424,-0.2983301643039218,-0.10753897576961424,-0.2983301643039218,0.19079118853430754,0.29298078624399737,-0.24742338946826153,-0.15305050502456996,-0.2968733323797681,0.5833333333333334,0.8976907858385716,0.5459240059431003,0.11314467491791458,0.5555555555555555
cap500_composite,25.0,2019-04-30_2020-03-31,12,-0.13021875155819596,-0.26938100433105683,-0.13021875155819596,-0.26938100433105683,0.13916225277286087,0.30700492838424237,-0.3038278349794307,-0.32483969966574844,-0.2897384073692094,0.5833333333333334,0.5808255540294353,0.2755723962416929,-0.013595850647223795,0.5833333333333334
cap500_composite,25.0,2019-05-31_2020-04-30,12,-0.1089095009633142,-0.23441422140073764,-0.1089095009633142,-0.23441422140073764,0.12550472043742344,0.30491450531290143,-0.22905970523199956,-0.33841031799120735,-0.2897384073692094,0.5833333333333334,0.5101572924141756,0.24619875671624675,-0.010019572280508093,0.5555555555555556
cap500_composite,25.0,2019-06-30_2020-05-31,12,-0.23329578551420727,-0.22854562482453433,-0.23329578551420727,-0.22854562482453433,-0.004750160689672933,0.2936504654266323,-0.7531105757428751,-0.38297189168885293,-0.2897384073692095,0.5,0.03911668179583794,0.06626049734037076,-0.1872767078385189,0.5833333333333334
cap500_composite,25.0,2019-07-31_2020-06-30,12,-0.07278530001838501,-0.1941752572672133,-0.07278530001838501,-0.1941752572672133,0.12138995724882828,0.35712298046769403,-0.044857580938564304,-0.38297189168885293,-0.2827760862119635,0.5833333333333334,0.46381223762735496,0.36130054083753443,0.053982575831532875,0.5833333333333334
cap500_composite,25.0,2019-08-31_2020-07-31,12,-0.20020350504633422,-0.1722348942847023,-0.20020350504633422,-0.1722348942847023,-0.02796861076163193,0.35046629456636474,-0.46969462716024174,-0.38297189168885293,-0.27948217627529803,0.5,-0.0037041957507186712,0.30152824903700587,-0.1094865083954073,0.5555555555555556
cap500_composite,25.0,2019-09-30_2020-08-31,12,-0.16469764124016628,-0.21057570090232802,-0.16469764124016628,-0.21057570090232802,0.04587805966216174,0.35130661980762834,-0.3456476171314304,-0.38297189168885304,-0.27948217627529803,0.5833333333333334,0.2245160851800698,0.24870946817015108,-0.06742752156232545,0.5833333333333334
cap500_composite,25.0,2019-10-31_2020-09-30,12,-0.06575732203046791,-0.1766274605970889,-0.06575732203046791,-0.1766274605970889,0.11087013856662098,0.4182274749207292,0.023829213661270585,-0.38297189168885293,-0.2794821762752979,0.5833333333333334,0.41761832614102307,0.4955192888908792,0.0956556485192408,0.5555555555555555
cap500_composite,25.0,2019-11-30_2020-10-31,12,-0.08091055827561877,-0.06643817837031618,-0.08091055827561877,-0.06643817837031618,-0.01447237990530259,0.41833951639557176,-0.015168999981746839,-0.38297189168885293,-0.2794821762752979,0.5,0.06780167252732712,0.4016001967568514,0.008050640050691449,0.49999999999999994
cap500_composite,25.0,2019-12-31_2020-11-30,12,0.020078190666201978,-0.050871312509224054,0.020078190666201978,-0.050871312509224054,0.07094950317542603,0.45843397458333573,0.24519013475734044,-0.3368809884880939,-0.2358764964179022,0.5,0.288422559273126,0.5341582148925212,0.12925883219689838,0.5
cap500_composite,25.0,2020-01-31_2020-12-31,12,0.2737248809380697,-0.013079995771551722,0.2737248809380697,-0.013079995771551722,0.2868048767096214,0.47315786089004946,0.7265537934899233,-0.28262402189386937,-0.16758179221927783,0.5833333333333334,0.6722288387141717,0.43151942529924747,0.39217489676437567,0.5555555555555555
cap500_composite,25.0,2020-02-29_2021-01-31,12,0.8354989197517901,0.14471568274700242,0.8354989197517901,0.14471568274700242,0.6907832370047877,0.5452814265044399,1.3781236391176495,-0.2714700085758397,-0.07033476780972703,0.5833333333333334,1.0882848130913185,0.5641344211349745,0.8972679479416097,0.5277777777777778
cap500_composite,25.0,2020-03-31_2021-02-28,12,1.3035959664811325,0.3187076559568369,1.3035959664811325,0.3187076559568369,0.9848883105242956,0.5636435396595878,1.778757445686697,-0.08610131844885571,-0.07033476780972703,0.5833333333333334,1.2303526599283787,0.2233725569550662,1.4656127278398556,0.5555555555555556
cap500_composite,25.0,2020-04-30_2021-03-31,12,1.840496235215877,0.2712264885896778,1.840496235215877,0.2712264885896778,1.5692697466261991,0.4859246347994147,2.445608231579584,-0.06735530330875605,-0.07033476780972714,0.5833333333333334,1.9201065067281013,0.4979066798643938,1.7649252576579584,0.5277777777777777
cap500_composite,25.0,2020-05-31_2021-04-30,12,2.059429407570975,0.2511461011810818,2.059429407570975,0.2511461011810818,1.808283306389893,0.4713765919784236,2.681312090431181,-0.06729394984227277,-0.07033476780972703,0.6666666666666666,2.167501450063597,0.47724975034024847,1.9980192805160448,0.5277777777777778
cap500_composite,25.0,2020-06-30_2021-05-31,12,2.6627289376448466,0.22018559574957508,2.6627289376448466,0.22018559574957508,2.442543341895272,0.43212165268500646,3.3504898425532224,-0.06729394984227277,-0.07033476780972703,0.75,2.8851713678660778,0.5654602477820355,2.5205746754204834,0.5
cap500_composite,25.0,2020-07-31_2021-06-30,12,3.3178516265302305,0.1787337447456181,3.3178516265302305,0.1787337447456181,3.139117881784612,0.5112690806516714,3.24636535939971,-0.01703672352811758,-0.07033476780972703,0.75,2.8961973298181594,0.4933938114050961,3.3805478022475945,0.5
cap500_composite,25.0,2020-08-31_2021-07-31,12,3.7240018014705107,0.17406019021811336,3.7240018014705107,0.17406019021811336,3.5499416112523976,0.4793080313143793,3.645879619838346,-0.01703672352811736,-0.0471551797914731,0.8333333333333334,3.2915816031662106,0.5220017591711904,3.7202959641217443,0.49999999999999994
cap500_composite,25.0,2020-09-30_2021-08-31,12,2.6660581225743045,0.29094300690606567,2.6660581225743045,0.29094300690606567,2.3751151156682386,0.5881164272623876,2.5844891739599545,-0.2115862860692197,-0.0471551797914731,0.75,2.0824511528511285,0.0651162944794258,3.1194928887650333,0.5
cap500_composite,25.0,2020-10-31_2021-09-30,12,1.8503240777811096,0.285307502281577,1.8503240777811096,0.285307502281577,1.5650165754995327,0.5944859353645452,2.0924211819787204,-0.23947747988704016,-0.04715517979147299,0.6666666666666666,1.5791238294189662,-0.3953815650607015,2.5860356187072417,0.5
cap500_composite,25.0,2020-11-30_2021-10-31,12,2.1460632676659777,0.164192612882329,2.1460632676659777,0.164192612882329,1.9818706547836487,0.5816801322743129,2.3149621116438066,-0.23947747988704005,-0.04715517979147299,0.75,2.0217709631159906,0.23660744604610992,2.463921589196885,0.5833333333333333
cap500_composite,25.0,2020-12-31_2021-11-30,12,1.0596428383466057,0.10075285366229347,1.0596428383466057,0.10075285366229347,0.9588899846843122,0.6565526487917901,1.4200783190860078,-0.34783705636872564,-0.04715517979147321,0.6666666666666666,1.2471032917072775,-0.20385468391647169,1.5016505613497118,0.5555555555555555
cap500_composite,25.0,2021-01-31_2021-12-31,12,0.9104488162155022,0.1311417024200292,0.9104488162155022,0.1311417024200292,0.779307113795473,0.6501454238785058,1.3046225129471407,-0.34783705636872564,-0.04715517979147299,0.6666666666666666,1.0987767223049811,0.09145382590213257,1.244846709648332,0.5277777777777778
cap500_composite,25.0,2021-02-28_2022-01-31,12,0.6684779500237878,0.1035559333431273,0.6684779500237878,0.1035559333431273,0.5649220166806606,0.5957687913747414,1.1405103504852632,-0.34783705636872575,-0.008710521467504728,0.6666666666666666,0.9301528265340744,-1.9143805390995101,1.3257970420699534,0.5555555555555556
cap500_composite,25.0,2021-03-31_2022-02-28,12,0.36481424819791264,0.1814244316261513,0.36481424819791264,0.1814244316261513,0.18338981657176134,0.5635569657214307,0.8065956427841638,-0.34783705636872564,-0.008710521467504728,0.5833333333333334,0.49982494348912,-0.5548850122523142,0.7099274462242002,0.5833333333333334
cap500_composite,25.0,2021-04-30_2022-03-31,12,0.4546615310052997,0.2056999327796627,0.4546615310052997,0.2056999327796627,0.24896159822563702,0.560384118939092,0.9266361627724272,-0.34783705636872564,-0.008710521467504728,0.6666666666666666,0.5791109784933447,-0.7997230429248982,0.9216627763238996,0.638888888888889
cap500_composite,25.0,2021-05-31_2022-04-30,12,0.6388026787985002,0.20202014645819677,0.6388026787985002,0.20202014645819677,0.4367825323403034,0.5791571724936282,1.1272853797293627,-0.34783705636872564,-0.011058901373715124,0.6666666666666666,0.7845542999540317,-1.8365750553022167,1.604457324109612,0.638888888888889
cap500_composite,25.0,2021-06-30_2022-05-31,12,0.2593354075953087,0.1547230806668567,0.2593354075953087,0.1547230806668567,0.10461232692845202,0.6059769993094457,0.6507427284938464,-0.34783705636872575,-0.04389760737316839,0.5833333333333334,0.40785791463334503,0.5703173449944389,0.3583754084511048,0.6666666666666666
cap500_composite,25.0,2021-07-31_2022-06-30,12,-0.1595545464272976,0.14515293481688385,-0.1595545464272976,0.14515293481688385,-0.30470748124418146,0.46263324701417335,-0.1519999069362997,-0.34783705636872564,-0.04389760737316839,0.5,-0.4526759739630955,0.5067555128387279,-0.13205197599371876,0.638888888888889
cap500_composite,25.0,2021-08-31_2022-07-31,12,0.05871734381379046,0.16719366722844042,0.05871734381379046,0.16719366722844042,-0.10847632341464997,0.5472392876798715,0.35578186289976044,-0.2147355806638549,-0.04389760737316839,0.5,0.06739675634557736,1.4248026604244866,-0.03078183528365719,0.6666666666666666
cap500_composite,25.0,2021-09-30_2022-08-31,12,0.42734342955705573,0.11990803732841937,0.42734342955705573,0.11990803732841937,0.30743539222863636,0.48824536197352136,0.9610108716255656,-0.214735580663855,-0.04389760737316817,0.5833333333333334,0.7438354144410502,1.470117761581538,0.3409343762026025,0.6666666666666666
cap500_composite,25.0,2021-10-31_2022-09-30,12,0.3766454297733941,0.07700156092153554,0.3766454297733941,0.07700156092153554,0.29964386885185856,0.4951009757693805,0.8785006030815135,-0.214735580663855,-0.04389760737316828,0.5833333333333334,0.7587246230710424,2.5004639253743495,0.2712913623260873,0.6666666666666666
cap500_composite,25.0,2021-11-30_2022-10-31,12,0.38563098419824593,0.0837751064100245,0.38563098419824593,0.0837751064100245,0.3018558777882214,0.4960272722454272,0.8912296863030136,-0.20009974872380853,-0.04389760737316839,0.5833333333333334,0.7603805984759128,2.6328203898296523,0.24723336494258596,0.6666666666666666
cap500_composite,25.0,2021-12-31_2022-11-30,12,1.502794435788048,0.04089310124175727,1.502794435788048,0.04089310124175727,1.4619013345462908,0.5471462455972124,1.9650921672773423,-0.20009974872380842,-0.052330809109684795,0.6666666666666666,1.8661147219276697,0.04716371813653165,1.7950335591297617,0.6388888888888888
cap500_composite,25.0,2022-01-31_2022-12-31,12,1.2543909086367555,0.03139589518781816,1.2543909086367555,0.03139589518781816,1.2229950134489374,0.5599877439294335,1.7290204510602647,-0.20009974872380842,-0.0538908420070876,0.5833333333333334,1.6546517429394174,0.1386878692244049,1.5263224183168451,0.6666666666666666
cap500_composite,25.0,2022-02-28_2023-01-31,12,1.060409796539823,-0.006523085673795559,1.060409796539823,-0.006523085673795559,1.0669328822136186,0.5527691461716943,1.5705096117425053,-0.20009974872380842,-0.053890842007087936,0.5833333333333334,1.5510289119741585,-0.46716357599746233,1.3080731510017949,0.6944444444444443
cap500_composite,25.0,2022-03-31_2023-02-28,12,1.0153487764225453,-0.03763942955797195,1.0153487764225453,-0.03763942955797195,1.0529882059805171,0.5558837200974135,1.5219390206447738,-0.20009974872380853,-0.05860315994470999,0.5833333333333334,1.573470773553324,-0.0756191176065121,1.2591173532128184,0.6388888888888888
cap500_composite,25.0,2022-04-30_2023-03-31,12,0.9326986710374598,-0.0433257664262765,0.9326986710374598,-0.0433257664262765,0.9760244374637363,0.5594575744991255,1.4354184439750943,-0.2000997487238083,-0.052003665957635614,0.5,1.4952021297857618,-0.25925428492398905,1.153436033007662,0.6388888888888888
cap500_composite,25.0,2022-05-31_2023-04-30,12,0.27588180186708255,-0.07213752035282106,0.27588180186708255,-0.07213752035282106,0.3480193222199036,0.6071423102228217,0.6571285674061638,-0.22020591064884654,-0.07596598010903766,0.4166666666666667,0.7917823131412649,1.7946968802207888,0.6768034338349704,0.6388888888888888
cap500_composite,25.0,2022-06-30_2023-05-31,12,0.5004712122900057,-0.0361282154897381,0.5004712122900057,-0.0361282154897381,0.5365994277797438,0.5776583733243948,0.9521273848866574,-0.22020591064884665,-0.07596598010903755,0.5,1.017397717959232,0.8728716649419505,0.7621114205577395,0.638888888888889
cap500_composite,25.0,2022-07-31_2023-06-30,12,0.7202332531131341,-0.0028433046031512976,0.7202332531131341,-0.0028433046031512976,0.7230765577162854,0.5643584015147705,1.2165073196482914,-0.22020591064884665,-0.07596598010903743,0.5833333333333334,1.226179641561972,0.887408313978213,0.949187001526741,0.6666666666666666
cap500_composite,25.0,2022-08-31_2023-07-31,12,0.308644958116461,-0.031389184091800915,0.308644958116461,-0.031389184091800915,0.3400341422082619,0.5098355511328955,0.7433449460760583,-0.22020591064884676,-0.0655917893195096,0.5,0.7829514370885298,-0.5873381243880703,0.4282107030823523,0.6111111111111112
cap500_composite,25.0,2022-09-30_2023-08-31,12,0.47130956920901945,-0.014331580574544756,0.47130956920901945,-0.014331580574544756,0.4856411497835642,0.5351854989165201,0.9550058694767524,-0.22020591064884665,-0.06559178931950937,0.5,0.9596387627467762,-0.5367561676488937,0.6393847376279311,0.638888888888889
cap500_composite,25.0,2022-10-31_2023-09-30,12,0.4750623310140605,-0.04883569016310929,0.4750623310140605,-0.04883569016310929,0.5238980211771698,0.5346476197341293,0.9604050925284988,-0.22020591064884676,-0.06327241269436523,0.5,1.0438882426052551,0.2578797338711701,0.6727947987972327,0.6666666666666666
cap500_composite,25.0,2022-11-30_2023-10-31,12,0.347130464672996,-8.074453772832779e-05,0.347130464672996,-8.074453772832779e-05,0.34721120921072435,0.5321795183416453,0.7857310459966715,-0.22020591064884676,-0.04084242285001627,0.4166666666666667,0.7660947322655681,-0.04797939138098078,0.5086355325506859,0.638888888888889
cap500_composite,25.0,2022-12-31_2023-11-30,12,-0.35341920263848925,0.06162621592425688,-0.35341920263848925,0.06162621592425688,-0.4150454185627461,0.4583023020914063,-0.6970360437126805,-0.37354910758489324,-0.04084242285001627,0.3333333333333333,-0.8482606123045573,0.9002089486665663,-0.3179504441585055,0.6666666666666666
cap500_composite,25.0,2023-01-31_2023-12-31,12,-0.3382405044148781,0.05389394652891433,-0.3382405044148781,0.05389394652891433,-0.3921344509437924,0.45872555485493777,-0.6467151535823248,-0.37760286481893424,-0.04084242285001627,0.4166666666666667,-0.7794127937718863,0.8418051894045103,-0.2946245253338692,0.638888888888889
cap500_composite,25.0,2023-02-28_2024-01-31,12,-0.42547192200643347,0.06910062416905749,-0.42547192200643347,0.06910062416905749,-0.49457254617549096,0.4507475355816895,-0.9690984069479675,-0.4216771259900475,-0.04084242285001627,0.3333333333333333,-1.1409495558601348,0.8324527103544033,-0.3972009530264151,0.5833333333333334
cap500_composite,25.0,2023-03-31_2024-02-29,12,-0.36230921631815427,0.07105311702696282,-0.36230921631815427,0.07105311702696282,-0.4333623333451171,0.4700675271926014,-0.6980133668158551,-0.4216771259900475,-0.04084242285001627,0.4166666666666667,-0.8583645195494115,0.6978861219346192,-0.3194144354973508,0.6388888888888888
cap500_composite,25.0,2023-04-30_2024-03-31,12,-0.36169615242154685,0.04605177038880415,-0.36169615242154685,0.04605177038880415,-0.407747922810351,0.4701403586830246,-0.6958507271830198,-0.4154231433878066,-0.028914327222309355,0.5,-0.8021819345048399,0.5898127011378488,-0.3032241769093821,0.611111111111111
cap500_composite,25.0,2023-05-31_2024-04-30,12,-0.26776819011941444,0.05087612226469651,-0.26776819011941444,0.05087612226469651,-0.31864431238411095,0.432489536744705,-0.4893551755621835,-0.41902306607182527,-0.04720745865673304,0.5,-0.5962028361561257,-0.17442465713155786,-0.18461114656600652,0.5833333333333333
cap500_composite,25.0,2023-06-30_2024-05-31,12,-0.22528162389522977,0.06029804021364593,-0.22528162389522977,0.06029804021364593,-0.2855796641088757,0.4403227250358736,-0.34768252962440066,-0.41902306607182516,-0.04720745865673304,0.5,-0.4782211096377008,-0.0708450445261032,-0.13896112516704473,0.5833333333333334
cap500_composite,25.0,2023-07-31_2024-06-30,12,-0.2651325349605842,0.046802268590376395,-0.2651325349605842,0.046802268590376395,-0.3119348035509606,0.4325766046581907,-0.48100436222794724,-0.4190230660718254,-0.04720745865673304,0.4166666666666667,-0.5744490447727247,-0.45484298809909385,-0.17077392308648476,0.5277777777777778
cap500_composite,25.0,2023-08-31_2024-07-31,12,-0.271185083248358,0.10318514893952901,-0.271185083248358,0.10318514893952901,-0.374370232187887,0.4327483560384274,-0.4994251544499511,-0.41902306607182527,-0.04720745865673315,0.4166666666666667,-0.7055465608028442,-0.39570312667766533,-0.1619446528695896,0.5833333333333334
cap500_composite,25.0,2023-09-30_2024-08-31,12,-0.3175676312121213,0.08473288946892565,-0.3175676312121213,0.08473288946892565,-0.40230052068104694,0.3971164892089602,-0.7357524709102612,-0.37949089580294637,-0.04720745865673315,0.4166666666666667,-0.8942222065462414,-0.5390031057996502,-0.219813442240699,0.5555555555555556
cap500_composite,25.0,2023-10-31_2024-09-30,12,-0.20033102627721788,0.12170948346779942,-0.20033102627721788,0.12170948346779942,-0.3220405097450173,0.410332714026673,-0.3215511029605167,-0.37949089580294637,-0.047207458656732815,0.5,-0.5724357145947203,-0.8709459803643225,-0.027554662002713726,0.5555555555555556
cap500_composite,25.0,2023-11-30_2024-10-31,12,-0.31836191346290155,0.004734660022875703,-0.31836191346290155,0.004734660022875703,-0.32309657348577725,0.4307412672549934,-0.6502869946110377,-0.1443493273418508,-0.07254414974326939,0.5,-0.654835648630229,0.03441665753508759,-0.24706925209085662,0.5555555555555556
cap500_composite,25.0,2023-12-31_2024-11-30,12,-0.01764427580052441,-0.026522408525777696,-0.01764427580052441,-0.026522408525777696,0.008878132725253285,0.286106726439354,0.0707202631873772,-0.1605050518914154,-0.07702368625268241,0.5,0.1555379757195888,0.8970747572742135,0.040579929816111804,0.5833333333333334
cap500_composite,25.0,2024-01-31_2024-12-31,12,0.18024649348889632,-0.013699490369203038,0.18024649348889632,-0.013699490369203038,0.19394598385809936,0.34402284644219555,0.6405827943188983,-0.1605050518914155,-0.07702368625268208,0.5,0.6979825830309443,0.9873069211172075,0.25471725687296276,0.5555555555555556
cap500_composite,25.0,2024-02-29_2025-01-31,12,0.09935753459521313,-0.14290566323586873,0.09935753459521313,-0.14290566323586873,0.24226319783108186,0.3681102268492412,0.42680313487064686,-0.1605050518914155,-0.18252959118595857,0.5,0.9657107172021271,1.3299530353632245,0.40603918620168566,0.5833333333333334
cap500_composite,25.0,2024-03-31_2025-02-28,12,-0.03746343710954836,-0.10676537761977256,-0.03746343710954836,-0.10676537761977256,0.0693019405102242,0.35918029417331526,0.0571361742404506,-0.17379402925667942,-0.1825295911859588,0.4166666666666667,0.38434216767388,1.0875693842858125,0.13693226164547934,0.5833333333333334
cap500_composite,25.0,2024-04-30_2025-03-31,12,0.05529661343541492,-0.06461005552580057,0.05529661343541492,-0.06461005552580057,0.11990666896121549,0.37315072017073,0.31472363526144653,-0.17379402925667942,-0.18252959118595868,0.4166666666666667,0.5365956864298903,1.169473360088719,0.19483150169595143,0.5555555555555555
cap500_composite,25.0,2024-05-31_2025-04-30,12,0.13186211999825637,0.02942056800377868,0.13186211999825637,0.02942056800377868,0.10244155199447769,0.3576659028754565,0.5110083824057785,-0.1737940292566793,-0.18252959118595857,0.4166666666666667,0.4241886934070495,0.8321439925393521,0.1564112789213694,0.5833333333333334
cap500_composite,25.0,2024-06-30_2025-05-31,12,0.14738911493417528,-0.019239253194651806,0.14738911493417528,-0.019239253194651806,0.1666283681288271,0.3602953110298422,0.5479274466520677,-0.1737940292566793,-0.18252959118595835,0.4166666666666667,0.5890896289793855,0.6986767951397147,0.21960794889752777,0.5833333333333334
cap500_composite,25.0,2024-07-31_2025-06-30,12,0.19633290265604209,0.03150250800801424,0.19633290265604209,0.03150250800801424,0.16483039464802784,0.3625406066216276,0.663821675280481,-0.17379402925667942,-0.1825295911859589,0.4166666666666667,0.5583466444353633,0.679038166975212,0.22813012497315865,0.611111111111111
cap500_composite,25.0,2024-08-31_2025-07-31,12,0.760384920647686,0.02082724764079913,0.760384920647686,0.02082724764079913,0.7395576730068869,0.5389146552177424,1.2950599671610499,-0.17379402925667953,-0.1720911800730176,0.5,1.3716989180230614,1.288906377229117,0.8808207854995032,0.638888888888889
cap500_composite,25.0,2024-09-30_2025-08-31,12,0.319499369796153,0.07082064647411035,0.319499369796153,0.07082064647411035,0.24867872332204266,0.5759973954570843,0.7251368112519505,-0.17379402925667942,-0.1720911800730176,0.4166666666666667,0.6263615118116271,1.1917497342844758,0.36446291222903304,0.638888888888889
cap500_composite,25.0,2024-10-31_2025-09-30,12,-0.06306339013804607,0.07787885846139209,-0.06306339013804607,0.07787885846139209,-0.14094224859943816,0.6260793537633498,0.1609887030455522,-0.349064065788693,-0.11858833109117162,0.3333333333333333,0.013412596291262627,1.155921337770641,-0.006618884102078226,0.6666666666666666
cap500_composite,25.0,2024-11-30_2025-10-31,12,0.4138159323520818,0.1960061542824556,0.4138159323520818,0.1960061542824556,0.2178097780696262,0.6606816178265031,0.8117349216122441,-0.34906406578869287,-0.11795970406671652,0.4166666666666667,0.5435998051955474,1.1766722625975263,0.3525350565702172,0.6666666666666666
cap500_composite,25.0,2024-12-31_2025-11-30,12,0.6302502792077427,0.22133541890163522,0.6302502792077427,0.22133541890163522,0.40891486030610746,0.6619864300282893,1.0370199624153156,-0.34906406578869287,-0.11795970406671652,0.5,0.7453108242045471,1.1412964036006155,0.5388685864962732,0.6666666666666666
cap500_composite,25.0,2025-01-31_2025-12-31,12,0.13329884942547232,0.17166648362633885,0.13329884942547232,0.17166648362633885,-0.03836763420086653,0.679918427795622,0.47450530464407864,-0.34906406578869287,-0.03669877287899381,0.4166666666666667,0.23303890634506053,1.4541259306349088,0.0685914551209923,0.6944444444444445
cap500_composite,25.0,2025-02-28_2026-01-31,12,0.04758717032547399,0.31334945156909844,0.04758717032547399,0.31334945156909844,-0.26576228124362444,0.7001575093828966,0.3679117029458779,-0.3729088104885425,-0.04758367670999886,0.4166666666666667,-0.03806920819644184,2.180924719092282,-0.30553128814481356,0.6944444444444445
cap500_composite,25.0,2025-03-31_2026-02-28,12,-0.18600931315898317,0.08257309459079365,-0.18600931315898317,0.08257309459079365,-0.2685824077497768,0.7512953533356742,0.05767306741047657,-0.5317924833400742,-0.18488813271044613,0.4166666666666667,-0.08557016502942245,1.899743188887468,-0.13773933363443402,0.6944444444444445
cap500_composite,25.0,2025-04-30_2026-03-31,12,0.016413660924794238,0.028079656548997578,0.016413660924794238,0.028079656548997578,-0.01166599562420334,0.8359660540760219,0.37982572376938517,-0.5317924833400745,-0.19546042589812018,0.4166666666666667,0.3482471710808003,1.6819966485999598,0.2642089205559217,0.75
cap500_composite,25.0,2025-05-31_2026-04-30,12,-0.20017346364541888,-0.14610708694572017,-0.20017346364541888,-0.14610708694572017,-0.054066376699698715,0.8766055890239723,0.12744995018206137,-0.5317924833400742,-0.29138146686445754,0.4166666666666667,0.3125707620533407,2.0465679459038983,0.45532137777683857,0.7222222222222222
cap500_composite,25.0,2025-06-30_2026-05-31,12,-0.16294798896259433,-0.18541351506394133,-0.16294798896259433,-0.18541351506394133,0.022465526101347,0.8826039055918229,0.1836532182654569,-0.5317924833400743,-0.34737666250868915,0.4166666666666667,0.4243211309612986,1.7679340351300383,0.5909161878266371,0.6944444444444443
cap500_composite,25.0,2025-07-31_2026-06-30,12,-0.18621788242055048,-0.1667764227923394,-0.18621788242055048,-0.1667764227923394,-0.01944145962821109,0.8815099122250536,0.15054453106009452,-0.5317924833400745,-0.34737666250868904,0.4166666666666667,0.3539372946828361,1.563909368663831,0.4388833895698754,0.6944444444444443
cap500_composite,25.0,2025-08-31_2026-07-31,11,-0.42976720572526816,-0.20361006057922837,-0.4581549422170891,-0.2199234939209873,-0.23823144829610177,0.7925713427979925,-0.40521537187580975,-0.5075774040509162,-0.34737666250868904,0.36363636363636365,-0.14345106656018763,1.1746748818402497,-0.06583977834064625,0.6666666666666665
cap150_lower10,25.0,2019-01-31_2019-12-31,12,-0.305933528309691,-0.0907583313333864,-0.305933528309691,-0.0907583313333864,-0.2151751969763046,0.1347186788921274,-2.605496190085172,-0.32321148417654555,-0.08173242622854304,0.3333333333333333,-1.4311655014764058,-0.25360778472050793,-0.3160167801709972,0.7499999999999999
cap150_lower10,25.0,2019-02-28_2020-01-31,12,-0.3234790041898027,-0.15374678206850467,-0.3234790041898027,-0.15374678206850467,-0.16973222212129802,0.13116462772329518,-2.868722262735904,-0.3406688570941515,-0.157070533612218,0.3333333333333333,-1.1120506090512157,-0.1782528065201535,-0.3373448677563503,0.7222222222222222
cap150_lower10,25.0,2019-03-31_2020-02-29,12,-0.39702371648315604,-0.2983301643039218,-0.39702371648315604,-0.2983301643039218,-0.09869355217923426,0.12518031591197104,-3.8969330575172343,-0.37258985228516817,-0.2968733323797681,0.3333333333333333,-0.7261945280168157,0.09121501570222103,-0.37291645975717713,0.7222222222222222
cap150_lower10,25.0,2019-04-30_2020-03-31,12,-0.2463086598117905,-0.26938100433105683,-0.2463086598117905,-0.26938100433105683,0.02307234451926632,0.2656915940698378,-0.9373054312603615,-0.37258985228516783,-0.2897384073692094,0.4166666666666667,0.14673592427274776,0.4649467163898587,-0.10889475580639352,0.7777777777777778
cap150_lower10,25.0,2019-05-31_2020-04-30,12,-0.11643799816192546,-0.23441422140073764,-0.11643799816192546,-0.23441422140073764,0.11797622323881218,0.33280495100065466,-0.22742320810777616,-0.36274749578098,-0.2897384073692094,0.4166666666666667,0.5255141055450977,0.6112865783240043,0.07520890571470162,0.8055555555555557
cap150_lower10,25.0,2019-06-30_2020-05-31,12,-0.09004850556275734,-0.22854562482453433,-0.09004850556275734,-0.22854562482453433,0.138497119261777,0.3332230217797897,-0.13889106998721037,-0.34803968962569276,-0.2897384073692095,0.4166666666666667,0.5994030020822596,0.6356055796954589,0.10806533171471511,0.7777777777777778
cap150_lower10,25.0,2019-07-31_2020-06-30,12,-0.05120703579129038,-0.1941752572672133,-0.05120703579129038,-0.1941752572672133,0.14296822147592292,0.3332804057229409,-0.013680503936483268,-0.31828377971324684,-0.2827760862119635,0.4166666666666667,0.5888170096075879,0.6206093749842757,0.11955681194576617,0.75
cap150_lower10,25.0,2019-08-31_2020-07-31,12,0.037145570240364245,-0.1722348942847023,0.037145570240364245,-0.1722348942847023,0.20938046452506653,0.33256515375110945,0.2540765843240863,-0.2663216468411268,-0.27948217627529803,0.5,0.7972584409954073,0.6417747080968067,0.20655208772841593,0.75
cap150_lower10,25.0,2019-09-30_2020-08-31,12,0.026592249564050263,-0.21057570090232802,0.026592249564050263,-0.21057570090232802,0.23716795046637829,0.33529595962967296,0.22401884203601546,-0.2663216468411269,-0.27948217627529803,0.5,0.9340724126666756,0.692504294107591,0.24287238167238057,0.7499999999999999
cap150_lower10,25.0,2019-10-31_2020-09-30,12,0.007506499291789481,-0.1766274605970889,0.007506499291789481,-0.1766274605970889,0.18413395988887837,0.33574386346756485,0.16793160827630882,-0.21136137553395273,-0.2794821762752979,0.5,0.7018241858921949,0.6159519902431665,0.1699393520657202,0.6944444444444445
cap150_lower10,25.0,2019-11-30_2020-10-31,12,0.14026576041398608,-0.06643817837031618,0.14026576041398608,-0.06643817837031618,0.20670393878430227,0.32841340760794757,0.5449505521796633,-0.12191634961637032,-0.2794821762752979,0.5,0.678175688352861,0.5558202464744083,0.21801611496387907,0.6666666666666666
cap150_lower10,25.0,2019-12-31_2020-11-30,12,0.29413667583281744,-0.050871312509224054,0.29413667583281744,-0.050871312509224054,0.3450079883420415,0.3027614472374245,0.991428321227139,-0.10906247754042109,-0.2358764964179022,0.5,1.1779597651584144,0.6322400703935651,0.3603700463966133,0.6388888888888888
cap150_lower10,25.0,2020-01-31_2020-12-31,12,0.4526849731906719,-0.013079995771551722,0.4526849731906719,-0.013079995771551722,0.46576496896222364,0.30960192617270005,1.359524906660327,-0.0973776947166003,-0.16758179221927783,0.5,1.3947409473976353,0.5962725496382534,0.4957193520282761,0.6388888888888888
cap150_lower10,25.0,2020-02-29_2021-01-31,12,0.7082328111630454,0.14471568274700242,0.7082328111630454,0.14471568274700242,0.563517128416043,0.32009853980502057,1.8503304398333755,-0.09737769471660007,-0.07033476780972703,0.5,1.4641357281468075,0.643097947764041,0.6095595904390365,0.638888888888889
cap150_lower10,25.0,2020-03-31_2021-02-28,12,0.8172383790451365,0.3187076559568369,0.8172383790451365,0.3187076559568369,0.4985307230882996,0.2978276854140132,2.1846383554654536,-0.09737769471660007,-0.07033476780972703,0.5,1.246901779177289,0.6119711232811214,0.5881819138578641,0.638888888888889
cap150_lower10,25.0,2020-04-30_2021-03-31,12,0.43918992180707406,0.2712264885896778,0.43918992180707406,0.2712264885896778,0.16796343321739626,0.2731156941825616,1.4727446652386724,-0.09737769471660018,-0.07033476780972714,0.4166666666666667,0.5584803792239085,0.5931520446117122,0.2818648929028753,0.5833333333333334
cap150_lower10,25.0,2020-05-31_2021-04-30,12,0.1877712284009596,0.2511461011810818,0.1877712284009596,0.2511461011810818,-0.06337487278012222,0.2269095110800718,0.8646807159565895,-0.10449529003274471,-0.07033476780972703,0.3333333333333333,-0.2163710103360476,0.7091380018177175,0.02690300134514545,0.5555555555555556
cap150_lower10,25.0,2020-06-30_2021-05-31,12,0.11246006592368407,0.22018559574957508,0.11246006592368407,0.22018559574957508,-0.10772552982589101,0.23655102104437914,0.5576540644524269,-0.1495658265844514,-0.07033476780972703,0.3333333333333333,-0.3979225243215903,0.7397837426029821,-0.025842080008015467,0.5277777777777778
cap150_lower10,25.0,2020-07-31_2021-06-30,12,0.0796751700379088,0.1787337447456181,0.0796751700379088,0.1787337447456181,-0.09905857470770929,0.2373249007988984,0.4292776194343319,-0.15881214655626175,-0.07033476780972703,0.3333333333333333,-0.37167950805229694,0.7618427612901649,-0.03321555263585363,0.5277777777777777
cap150_lower10,25.0,2020-08-31_2021-07-31,12,0.09763385904741839,0.17406019021811336,0.09763385904741839,0.17406019021811336,-0.07642633117069497,0.24088609467222732,0.49511772912390717,-0.15881214655626164,-0.0471551797914731,0.3333333333333333,-0.26072752940098237,0.7551824235456879,-0.012045049438166866,0.5277777777777778
cap150_lower10,25.0,2020-09-30_2021-08-31,12,0.2284367336865747,0.29094300690606567,0.2284367336865747,0.29094300690606567,-0.06250627321949098,0.2163894947915906,1.053903190474001,-0.15881214655626186,-0.0471551797914731,0.3333333333333333,-0.18370435466217044,0.5787636476894293,0.07634842703781697,0.5277777777777778
cap150_lower10,25.0,2020-10-31_2021-09-30,12,0.34469348434537084,0.285307502281577,0.34469348434537084,0.285307502281577,0.05938598206379386,0.2222736169594978,1.4469900626357013,-0.15881214655626175,-0.04715517979147299,0.4166666666666667,0.2969883787526156,0.7418874262438647,0.13500611853281885,0.5555555555555556
cap150_lower10,25.0,2020-11-30_2021-10-31,12,0.21904211089194203,0.164192612882329,0.21904211089194203,0.164192612882329,0.05484949800961303,0.23126556014605945,0.965308029586806,-0.15881214655626197,-0.04715517979147299,0.4166666666666667,0.3224117110400412,1.024707517146392,0.0622281866189216,0.5555555555555556
cap150_lower10,25.0,2020-12-31_2021-11-30,12,0.19790540144283564,0.10075285366229347,0.19790540144283564,0.10075285366229347,0.09715254778054216,0.2318792550325422,0.8865325223427775,-0.15881214655626175,-0.04715517979147321,0.4166666666666667,0.5445215593236633,1.3644386560107666,0.07027401175323078,0.5833333333333334
cap150_lower10,25.0,2021-01-31_2021-12-31,12,0.11481877873203916,0.1311417024200292,0.11481877873203916,0.1311417024200292,-0.016322923687990043,0.21148144906955763,0.6091994374845243,-0.15881214655626186,-0.04715517979147299,0.4166666666666667,0.00698940886265837,1.8380101479223476,-0.10107965579037903,0.5833333333333334
cap150_lower10,25.0,2021-02-28_2022-01-31,12,-0.014076858657770419,0.1035559333431273,-0.014076858657770419,0.1035559333431273,-0.11763279200089771,0.15264113027167114,-0.023703456437263595,-0.13536758904881396,-0.008710521467504728,0.3333333333333333,-0.8950427378354593,1.2401442646267267,-0.12246004749544126,0.6111111111111112
cap150_lower10,25.0,2021-03-31_2022-02-28,12,0.28327771109551714,0.1814244316261513,0.28327771109551714,0.1814244316261513,0.10185327946936584,0.3036940200038123,0.9542635203026768,-0.08571598437691452,-0.008710521467504728,0.3333333333333333,0.4362061866769171,2.7326074055757488,-0.1602673212953245,0.6111111111111112
cap150_lower10,25.0,2021-04-30_2022-03-31,12,0.34580967631658166,0.2056999327796627,0.34580967631658166,0.2056999327796627,0.14010974353691896,0.294049909443909,1.1422760760271493,-0.060655020480576916,-0.008710521467504728,0.3333333333333333,0.539504820703007,2.42603762675901,-0.11834042167052816,0.6666666666666666
cap150_lower10,25.0,2021-05-31_2022-04-30,12,0.36093020010570975,0.20202014645819677,0.36093020010570975,0.20202014645819677,0.15891005364751298,0.29202834388995463,1.187630234850019,-0.045488209673215096,-0.011058901373715124,0.3333333333333333,0.5942068715740254,2.2777457396074654,-0.07645222051044531,0.6388888888888888
cap150_lower10,25.0,2021-06-30_2022-05-31,12,0.3829748693297985,0.1547230806668567,0.3829748693297985,0.1547230806668567,0.22825178866294182,0.28785057033529426,1.2583079941720852,-0.05795237555328847,-0.04389760737316839,0.3333333333333333,0.8301995384194857,1.8254567984528818,0.09707804342074722,0.6388888888888888
cap150_lower10,25.0,2021-07-31_2022-06-30,12,0.38074285970225263,0.14515293481688385,0.38074285970225263,0.14515293481688385,0.23558992488536878,0.28810327607278835,1.2516633161255646,-0.06969861833816715,-0.04389760737316839,0.3333333333333333,0.8603293105489527,1.878169623021748,0.10408320176871033,0.6388888888888887
cap150_lower10,25.0,2021-08-31_2022-07-31,12,0.24433132424936388,0.16719366722844042,0.24433132424936388,0.16719366722844042,0.07713765702092346,0.2941541609041066,0.8689610334378113,-0.10896027348651005,-0.04389760737316839,0.25,0.35828994926985996,1.511853309604966,0.01599885377388821,0.5833333333333333
cap150_lower10,25.0,2021-09-30_2022-08-31,12,0.07913879805466295,0.11990803732841937,0.07913879805466295,0.11990803732841937,-0.04076923927375642,0.3237491250536552,0.3705817911517756,-0.2105052236158521,-0.04389760737316817,0.25,0.009741750670040445,1.904076047493147,-0.09835634143643657,0.5555555555555555
cap150_lower10,25.0,2021-10-31_2022-09-30,12,0.04149933245356108,0.07700156092153554,0.04149933245356108,0.07700156092153554,-0.03550222846797446,0.31667128024477004,0.25965300640760736,-0.21050522361585233,-0.04389760737316828,0.25,0.01805955657646731,1.9277113057934414,-0.06420802883861831,0.5555555555555555
cap150_lower10,25.0,2021-11-30_2022-10-31,12,0.03058193567357792,0.0837751064100245,0.03058193567357792,0.0837751064100245,-0.05319317073644658,0.3186273925383346,0.22665687809593313,-0.22107306318011255,-0.04389760737316839,0.25,-0.03755678096767312,1.9402336655317736,-0.08568339151345117,0.5555555555555556
cap150_lower10,25.0,2021-12-31_2022-11-30,12,0.013842381561447459,0.04089310124175727,0.013842381561447459,0.04089310124175727,-0.02705071968030981,0.31928490946615196,0.17523321438290387,-0.2324535484992617,-0.052330809109684795,0.3333333333333333,0.04289334485266742,1.6281285369938334,-0.014554217694934257,0.5833333333333334
cap150_lower10,25.0,2022-01-31_2022-12-31,12,-0.03781662624296456,0.03139589518781816,-0.03781662624296456,0.03139589518781816,-0.06921252143078271,0.31912773182102827,0.010930516314567524,-0.2500129465350851,-0.0538908420070876,0.25,-0.10463518368337121,1.6278577326972565,-0.05090875508766224,0.5555555555555556
cap150_lower10,25.0,2022-02-28_2023-01-31,12,-0.01698313544714769,-0.006523085673795559,-0.01698313544714769,-0.006523085673795559,-0.010460049773352131,0.32083985989037445,0.07924459672162452,-0.2500129465350853,-0.053890842007087936,0.3333333333333333,0.10006956238682468,1.988782218701203,0.033934442148974675,0.49999999999999994
cap150_lower10,25.0,2022-03-31_2023-02-28,12,-0.23680617988783037,-0.03763942955797195,-0.23680617988783037,-0.03763942955797195,-0.19916675032985842,0.14107120917994037,-1.8270761089565848,-0.24379353293902806,-0.05860315994470999,0.25,-1.5806905999970158,0.5271336506476815,-0.2142255110696164,0.4722222222222221
cap150_lower10,25.0,2022-04-30_2023-03-31,12,-0.25635563049124066,-0.0433257664262765,-0.25635563049124066,-0.0433257664262765,-0.21302986406496416,0.1407544232322782,-2.011677304039036,-0.24446066333716598,-0.052003665957635614,0.25,-1.6814604191428781,0.4170319210876058,-0.23549782144461195,0.4444444444444444
cap150_lower10,25.0,2022-05-31_2023-04-30,12,-0.2865236934883266,-0.07213752035282106,-0.2865236934883266,-0.07213752035282106,-0.21438617313550556,0.1439515994736118,-2.2443769686508714,-0.26068709069814455,-0.07596598010903766,0.25,-1.7625014054586088,0.5373590141081304,-0.2501017019908435,0.4444444444444444
cap150_lower10,25.0,2022-06-30_2023-05-31,12,-0.32995798204277316,-0.0361282154897381,-0.32995798204277316,-0.0361282154897381,-0.29382976655303505,0.15875139161162352,-2.4052147456036392,-0.3214978460329393,-0.07596598010903755,0.25,-2.173799749101133,0.46620028949810155,-0.31026526707574487,0.47222222222222215
cap150_lower10,25.0,2022-07-31_2023-06-30,12,-0.2882509644460095,-0.0028433046031512976,-0.2882509644460095,-0.0028433046031512976,-0.2854076598428582,0.17769538437650587,-1.8028714729173156,-0.29160117948284336,-0.07596598010903743,0.3333333333333333,-1.9557059295917882,0.8477164874449207,-0.2774268614072023,0.47222222222222215
cap150_lower10,25.0,2022-08-31_2023-07-31,12,-0.25353041092031203,-0.031389184091800915,-0.25353041092031203,-0.031389184091800915,-0.22214122682851112,0.17938219508910927,-1.5254506021463856,-0.23460961731978425,-0.0655917893195096,0.4166666666666667,-1.555522165604821,1.1796019174066084,-0.21453326847214438,0.47222222222222215
cap150_lower10,25.0,2022-09-30_2023-08-31,12,-0.13260737640261733,-0.014331580574544756,-0.13260737640261733,-0.014331580574544756,-0.11827579582807257,0.1556662144011682,-0.8358046998969452,-0.23460961731978414,-0.06559178931950937,0.5,-0.8324646457207927,0.8965773398729533,-0.11300007726990158,0.47222222222222215
cap150_lower10,25.0,2022-10-31_2023-09-30,12,-0.16270072614033393,-0.04883569016310929,-0.16270072614033393,-0.04883569016310929,-0.11386503597722464,0.14547477421790853,-1.1434788381720309,-0.18963966778049401,-0.06327241269436523,0.5,-0.8411119144099152,0.5997447847506497,-0.1295620536291212,0.44444444444444436
cap150_lower10,25.0,2022-11-30_2023-10-31,12,-0.4541089964323872,-8.074453772832779e-05,-0.4541089964323872,-8.074453772832779e-05,-0.4540282518946589,0.39884593099119425,-1.2412492628314784,-0.4522520461123829,-0.04084242285001627,0.5,-1.1154195588633022,-1.9085024307318394,-0.39226149533186516,0.47222222222222215
cap150_lower10,25.0,2022-12-31_2023-11-30,12,-0.44739998028910055,0.06162621592425688,-0.44739998028910055,0.06162621592425688,-0.5090261962133574,0.39991096516114216,-1.2076606899194477,-0.4536214159971017,-0.04084242285001627,0.4166666666666667,-1.2339718327901616,-1.8251200839597699,-0.3111922491892455,0.47222222222222227
cap150_lower10,25.0,2023-01-31_2023-12-31,12,-0.3921682921579446,0.05389394652891433,-0.3921682921579446,0.05389394652891433,-0.4460622386868589,0.4161342467336491,-0.9258900256946774,-0.45362141599710193,-0.04084242285001627,0.5,-0.9573776418717844,-1.9874776294924161,-0.24172397372169163,0.47222222222222215
cap150_lower10,25.0,2023-02-28_2024-01-31,12,-0.41571224782456473,0.06910062416905749,-0.41571224782456473,0.06910062416905749,-0.4848128719936222,0.4109733455364249,-1.0350723518413751,-0.4442484031566183,-0.04084242285001627,0.4166666666666667,-1.0898223474202697,-1.8857927282368765,-0.2560198377393419,0.5277777777777778
cap150_lower10,25.0,2023-03-31_2024-02-29,12,-0.41530016595699526,0.07105311702696282,-0.41530016595699526,0.07105311702696282,-0.4863532829839581,0.41100813252559887,-1.0332977289667555,-0.4249085765461075,-0.04084242285001627,0.4166666666666667,-1.0924796808650337,-1.892034230785024,-0.2525270017048383,0.5555555555555555
cap150_lower10,25.0,2023-04-30_2024-03-31,12,-0.4335430745755313,0.04605177038880415,-0.4335430745755313,0.04605177038880415,-0.47959484496433546,0.4119719263927622,-1.1040679335713526,-0.4001475791456163,-0.028914327222309355,0.4166666666666667,-1.1061819871749983,-1.8419435193769456,-0.30974807309868746,0.5
cap150_lower10,25.0,2023-05-31_2024-04-30,12,-0.4562238871581268,0.05087612226469651,-0.4562238871581268,0.05087612226469651,-0.5071000094228233,0.4154712904445735,-1.1857754295027623,-0.4515353216329573,-0.04720745865673304,0.4166666666666667,-1.201029348500868,-1.7318398335236482,-0.3346136143420254,0.5277777777777778
cap150_lower10,25.0,2023-06-30_2024-05-31,12,-0.4012253128928721,0.06029804021364593,-0.4012253128928721,0.06029804021364593,-0.46152335310651804,0.412905248439861,-0.9711436956735765,-0.45264924834872977,-0.04720745865673304,0.4166666666666667,-1.0257238470209704,-1.675472727506601,-0.25957249178484887,0.5555555555555556
cap150_lower10,25.0,2023-07-31_2024-06-30,12,-0.4139347764630511,0.046802268590376395,-0.4139347764630511,0.046802268590376395,-0.4607370450534275,0.4086351989725915,-1.0357800514883952,-0.45264924834872966,-0.04720745865673304,0.3333333333333333,-1.047882850766179,-2.138548865601406,-0.2759465234709626,0.611111111111111
cap150_lower10,25.0,2023-08-31_2024-07-31,12,-0.4099276359677274,0.10318514893952901,-0.4099276359677274,0.10318514893952901,-0.5131127849072564,0.40942177070347674,-1.017014601900127,-0.45264924834872977,-0.04720745865673315,0.25,-1.1581631703058348,-1.2345956890623546,-0.25382545748349816,0.6666666666666666
cap150_lower10,25.0,2023-09-30_2024-08-31,12,-0.39268557849981944,0.08473288946892565,-0.39268557849981944,0.08473288946892565,-0.4774184679687451,0.4156317520270731,-0.9294372673703757,-0.45264924834872966,-0.04720745865673315,0.25,-1.0290246212613663,-1.351090738778524,-0.23875868348610407,0.6944444444444445
cap150_lower10,25.0,2023-10-31_2024-09-30,12,-0.4553083102630855,0.12170948346779942,-0.4553083102630855,0.12170948346779942,-0.5770177937308849,0.41757068643110695,-1.1741196496246538,-0.17493865265918707,-0.047207458656732815,0.16666666666666666,-1.3390001671814507,-1.3465738496163042,-0.2839725508868225,0.6944444444444445
cap150_lower10,25.0,2023-11-30_2024-10-31,12,-0.08425908643119884,0.004734660022875703,-0.08425908643119884,0.004734660022875703,-0.08899374645407454,0.18994273954108395,-0.37273530507694586,-0.17493865265918718,-0.07254414974326939,0.25,-0.376370991173571,0.0661749339452687,-0.06917121418892003,0.6666666666666666
cap150_lower10,25.0,2023-12-31_2024-11-30,12,-0.045066640289154414,-0.026522408525777696,-0.045066640289154414,-0.026522408525777696,-0.018544231763376717,0.19549296771438773,-0.14377367736149757,-0.1749386526591873,-0.07702368625268241,0.3333333333333333,-0.028498183797289,0.04728036827885834,-0.026739738393218415,0.6666666666666666
cap150_lower10,25.0,2024-01-31_2024-12-31,12,-0.1330290084520589,-0.013699490369203038,-0.1330290084520589,-0.013699490369203038,-0.11932951808285586,0.1770850393424082,-0.7177854781548035,-0.17077061998114307,-0.07702368625268208,0.25,-0.5914945677670275,0.1003437231800193,-0.11917298281894739,0.6944444444444443
cap150_lower10,25.0,2024-02-29_2025-01-31,12,-0.1935700526151204,-0.14290566323586873,-0.1935700526151204,-0.14290566323586873,-0.05066438937925166,0.18799668334945982,-1.045702513640426,-0.18031401351405052,-0.18252959118595857,0.3333333333333333,-0.26550918524508327,0.3478454438553566,-0.1377282877685707,0.6666666666666666
cap150_lower10,25.0,2024-03-31_2025-02-28,12,-0.17841164223752448,-0.10676537761977256,-0.17841164223752448,-0.10676537761977256,-0.07164626461775192,0.1889265118667092,-0.9426715949498992,-0.1244725602703125,-0.1825295911859588,0.3333333333333333,-0.37522264444404796,0.3507967176657964,-0.13407664742121517,0.6666666666666666
cap150_lower10,25.0,2024-04-30_2025-03-31,12,-0.09925500961761269,-0.06461005552580057,-0.09925500961761269,-0.06461005552580057,-0.03464495409181212,0.1849273537868239,-0.47529352878562314,-0.12049817209051905,-0.18252959118595868,0.3333333333333333,-0.17323190683923986,0.3858352069775248,-0.06542691208681362,0.7222222222222222
cap150_lower10,25.0,2024-05-31_2025-04-30,12,0.020585868403341534,0.02942056800377868,0.020585868403341534,0.02942056800377868,-0.008834699600437146,0.16146883489482097,0.20260244727561996,-0.12049817209051938,-0.18252959118595857,0.3333333333333333,-0.057209459677459565,0.301462259277795,0.01964204908302869,0.7222222222222222
cap150_lower10,25.0,2024-06-30_2025-05-31,12,0.00852162315818994,-0.019239253194651806,0.00852162315818994,-0.019239253194651806,0.027760876352841746,0.16227690605489867,0.12889750021494376,-0.12049817209051916,-0.18252959118595835,0.4166666666666667,0.1264776746637936,0.31072057425372496,0.022372997752829082,0.6666666666666666
cap150_lower10,25.0,2024-07-31_2025-06-30,12,0.015632918690647424,0.03150250800801424,0.015632918690647424,0.03150250800801424,-0.015869589317366817,0.1636489125469371,0.17205617652688673,-0.12049817209051905,-0.1825295911859589,0.4166666666666667,-0.10380779298581279,0.3154165191759526,0.0127158725659815,0.611111111111111
cap150_lower10,25.0,2024-08-31_2025-07-31,12,-0.02385729800831371,0.02082724764079913,-0.02385729800831371,0.02082724764079913,-0.04468454564911284,0.16598684125691884,-0.0672846861579284,-0.12049817209051905,-0.1720911800730176,0.4166666666666667,-0.23404657841598933,0.27290885436749135,-0.02139337616473269,0.6388888888888888
cap150_lower10,25.0,2024-09-30_2025-08-31,12,-0.06867719795706895,0.07082064647411035,-0.06867719795706895,0.07082064647411035,-0.1394978444311793,0.1532563295978277,-0.3903442307985037,-0.09691901828186789,-0.1720911800730176,0.3333333333333333,-0.7644130924927091,0.3259377205936308,-0.08449328760817332,0.6666666666666666
cap150_lower10,25.0,2024-10-31_2025-09-30,12,0.05995463331405726,0.07787885846139209,0.05995463331405726,0.07787885846139209,-0.017924225147334827,0.11994027385361744,0.5426539595971362,-0.09691901828186777,-0.11858833109117162,0.4166666666666667,-0.16821391623964632,0.3264038548483794,0.035309105006457786,0.7222222222222222
cap150_lower10,25.0,2024-11-30_2025-10-31,12,0.31208718220953147,0.1960061542824556,0.31208718220953147,0.1960061542824556,0.11608102792707586,0.30176736729035325,1.0317413899740546,-0.09691901828186777,-0.11795970406671652,0.4166666666666667,0.41161160279340037,0.68880644218758,0.19141126430005118,0.6944444444444445
cap150_lower10,25.0,2024-12-31_2025-11-30,12,0.29654692921548875,0.22133541890163522,0.29654692921548875,0.22133541890163522,0.07521151031385354,0.30138412482425997,0.9921754799645064,-0.07450592760801389,-0.11795970406671652,0.4166666666666667,0.295322991023187,0.7110280341489956,0.15476670781276902,0.6388888888888888
cap150_lower10,25.0,2025-01-31_2025-12-31,12,0.3637878564191568,0.17166648362633885,0.3637878564191568,0.17166648362633885,0.19212137279281793,0.29659412317837325,1.1788215042225545,-0.027936805438726564,-0.03669877287899381,0.5,0.6190191717514536,0.633732685581395,0.26578074484447756,0.6388888888888888
cap150_lower10,25.0,2025-02-28_2026-01-31,12,0.5212680890630024,0.31334945156909844,0.5212680890630024,0.31334945156909844,0.20791863749390394,0.27426812867711614,1.6644325731980005,-0.027936805438726564,-0.04758367670999886,0.5,0.6197130067265575,0.39268276639591065,0.4057613253041108,0.611111111111111
cap150_lower10,25.0,2025-03-31_2026-02-28,12,0.6308967994302608,0.08257309459079365,0.6308967994302608,0.08257309459079365,0.5483237048394671,0.273515837902722,1.933094960974479,-0.027936805438726453,-0.18488813271044613,0.5833333333333334,1.260980135092461,0.028708119314173997,0.6730625771617511,0.611111111111111
cap150_lower10,25.0,2025-04-30_2026-03-31,12,0.5476252746744457,0.028079656548997578,0.5476252746744457,0.028079656548997578,0.5195456181254481,0.2820896486293043,1.6885566645137342,-0.027936805438726453,-0.19546042589812018,0.5833333333333334,1.2606624910527473,0.07601394365326122,0.5897907630607155,0.638888888888889
cap150_lower10,25.0,2025-05-31_2026-04-30,12,0.43234786002223524,-0.14610708694572017,0.43234786002223524,-0.14610708694572017,0.5784549469679554,0.2958477507220319,1.3514290417782242,-0.07408577625896551,-0.29138146686445754,0.6666666666666666,1.598545251687851,0.28058454795198956,0.5357147124161721,0.638888888888889
cap150_lower10,25.0,2025-06-30_2026-05-31,12,0.37192648639021253,-0.18541351506394133,0.37192648639021253,-0.18541351506394133,0.5573400014541539,0.3058359352072968,1.1712721083003224,-0.12540737394606616,-0.34737666250868915,0.6666666666666666,1.6080902552374852,0.3512974636799705,0.5111815191656637,0.638888888888889
cap150_lower10,25.0,2025-07-31_2026-06-30,12,0.34087326154071196,-0.1667764227923394,0.34087326154071196,-0.1667764227923394,0.5076496843330514,0.3063867352298052,1.0927801506524304,-0.12540737394606627,-0.34737666250868904,0.6666666666666666,1.3904774876694412,0.2726808133027984,0.4481931828310399,0.6388888888888888
cap300_lower10,25.0,2019-01-31_2019-12-31,12,-0.012950156130846269,-0.0907583313333864,-0.012950156130846269,-0.0907583313333864,0.07780817520254013,0.06969261632911895,-0.15469155950571767,-0.0455904832208166,-0.08173242622854304,0.5833333333333334,0.9872856573120735,0.4196451853575655,0.02739151619872393,0.6944444444444445
cap300_lower10,25.0,2019-02-28_2020-01-31,12,0.007272134512201767,-0.15374678206850467,0.007272134512201767,-0.15374678206850467,0.16101891658070644,0.06563849271515208,0.14081718331712123,-0.0480818175329214,-0.157070533612218,0.6666666666666666,1.5795211208026327,0.27657900401774754,0.054386631087357085,0.6666666666666666
cap300_lower10,25.0,2019-03-31_2020-02-29,12,0.013910060865704121,-0.2983301643039218,0.013910060865704121,-0.2983301643039218,0.3122402251696259,0.06498596017819419,0.24280591269992483,-0.04966834783703311,-0.2968733323797681,0.75,1.9083333900860984,0.12936338282440563,0.06006263051452221,0.6666666666666666
cap300_lower10,25.0,2019-04-30_2020-03-31,12,0.28323070480213053,-0.26938100433105683,0.28323070480213053,-0.26938100433105683,0.5526117091331874,0.272062807887094,1.0343374414975928,-0.04966834783703311,-0.2897384073692094,0.75,2.1535316931419177,0.5458321829030508,0.539133135673171,0.75
cap300_lower10,25.0,2019-05-31_2020-04-30,12,0.5544418207383526,-0.23441422140073764,0.5544418207383526,-0.23441422140073764,0.7888560421390902,0.33081162887303944,1.4913787070887958,-0.04966834783703333,-0.2897384073692094,0.75,2.384698512631473,0.6633259086471883,0.8911811725397236,0.7777777777777778
cap300_lower10,25.0,2019-06-30_2020-05-31,12,0.5523513088634049,-0.22854562482453433,0.5523513088634049,-0.22854562482453433,0.7808969336879392,0.33096949870747167,1.4865781089751884,-0.04966834783703322,-0.2897384073692095,0.75,2.334488889603582,0.6425089295265138,0.8707460708597397,0.7499999999999999
cap300_lower10,25.0,2019-07-31_2020-06-30,12,0.5433409762161143,-0.1941752572672133,0.5433409762161143,-0.1941752572672133,0.7375162334833276,0.3317122721489882,1.4656638234948787,-0.04966834783703322,-0.2827760862119635,0.75,2.075224047994806,0.539268620001348,0.7766837967870932,0.7222222222222222
cap300_lower10,25.0,2019-08-31_2020-07-31,12,0.4949562977628821,-0.1722348942847023,0.4949562977628821,-0.1722348942847023,0.6671911920475844,0.3342371972303204,1.3578392004275044,-0.04966834783703322,-0.27948217627529803,0.6666666666666666,1.8462744479887163,0.5001440394586559,0.6885457265420583,0.7222222222222223
cap300_lower10,25.0,2019-09-30_2020-08-31,12,0.5936336617570701,-0.21057570090232802,0.5936336617570701,-0.21057570090232802,0.8042093626593981,0.3313601469290629,1.5677059699012303,-0.04966834783703322,-0.27948217627529803,0.6666666666666666,2.1345356854637485,0.4387026537438932,0.8145636546240012,0.6666666666666666
cap300_lower10,25.0,2019-10-31_2020-09-30,12,0.5578070783675297,-0.1766274605970889,0.5578070783675297,-0.1766274605970889,0.7344345389646186,0.3338092138545909,1.487423062739817,-0.04966834783703322,-0.2794821762752979,0.5833333333333334,1.8505443960421086,0.35723093838921216,0.7211094741622945,0.6388888888888888
cap300_lower10,25.0,2019-11-30_2020-10-31,12,1.3472463541208883,-0.06643817837031618,1.3472463541208883,-0.06643817837031618,1.4136845324912044,0.5554929762389945,1.797973958435279,-0.04966834783703322,-0.2794821762752979,0.5833333333333334,2.098154726857942,0.9814327526597955,1.695916096138078,0.5833333333333334
cap300_lower10,25.0,2019-12-31_2020-11-30,12,1.4382086809516714,-0.050871312509224054,1.4382086809516714,-0.050871312509224054,1.4890799934608956,0.5514626622567526,1.8823114241181205,-0.004272657118904344,-0.2358764964179022,0.5833333333333334,2.165967518886664,0.9718360354970944,1.750876312349928,0.611111111111111
cap300_lower10,25.0,2020-01-31_2020-12-31,12,1.723030505918762,-0.013079995771551722,1.723030505918762,-0.013079995771551722,1.7361105016903138,0.5333005166960474,2.1554728540514687,-0.0016666666666667052,-0.16758179221927783,0.5833333333333334,2.3518691229966135,0.8983752482110109,1.950432359809926,0.5833333333333334
cap300_lower10,25.0,2020-02-29_2021-01-31,12,2.2850280272940373,0.14471568274700242,2.2850280272940373,0.14471568274700242,2.140312344547035,0.5315897858585894,2.549640477572475,-0.0016666666666667052,-0.07033476780972703,0.5833333333333334,2.4663345076798096,0.9045903875616585,2.153266622341534,0.611111111111111
cap300_lower10,25.0,2020-03-31_2021-02-28,12,2.2424325316660303,0.3187076559568369,2.2424325316660303,0.3187076559568369,1.9237248757091934,0.5347825370403054,2.510212654169121,-0.014611610448568624,-0.07033476780972703,0.5833333333333334,2.1812330153820167,1.4781580957073661,1.4040360273121877,0.6111111111111112
cap300_lower10,25.0,2020-04-30_2021-03-31,12,1.7305801970392851,0.2712264885896778,1.7305801970392851,0.2712264885896778,1.4593537084496073,0.5088072121377173,2.245694291511858,-0.014611610448568513,-0.07033476780972714,0.5833333333333334,1.9423271168619864,1.395834334537796,1.1421594488629454,0.5555555555555555
cap300_lower10,25.0,2020-05-31_2021-04-30,12,1.2646566802514507,0.2511461011810818,1.2646566802514507,0.2511461011810818,1.013510579070369,0.49774408847064183,1.879145826108799,-0.014611610448568624,-0.07033476780972703,0.5833333333333334,1.5975704960687755,1.5089389168408058,0.7525444462345627,0.5277777777777778
cap300_lower10,25.0,2020-06-30_2021-05-31,12,1.190750835339303,0.22018559574957508,1.190750835339303,0.22018559574957508,0.970565239589728,0.5040284289767681,1.7906452164888529,-0.02779763099829402,-0.07033476780972703,0.5833333333333334,1.575115024889092,1.5949267738274489,0.7315234220834519,0.5555555555555556
cap300_lower10,25.0,2020-07-31_2021-06-30,12,1.1907508353393026,0.1787337447456181,1.1907508353393026,0.1787337447456181,1.0120170905936845,0.5040284289767681,1.7906452164888529,-0.02860779963912885,-0.07033476780972703,0.5833333333333334,1.6884459685237945,1.773413146427849,0.7735156516363633,0.5555555555555555
cap300_lower10,25.0,2020-08-31_2021-07-31,12,1.2279864308169914,0.17406019021811336,1.2279864308169914,0.17406019021811336,1.053926240598878,0.501513102038918,1.8334888069242554,-0.02860779963912896,-0.0471551797914731,0.6666666666666666,1.7525057515038498,1.7850703620405408,0.8112584234143514,0.611111111111111
cap300_lower10,25.0,2020-09-30_2021-08-31,12,1.1031423189900318,0.29094300690606567,1.1031423189900318,0.29094300690606567,0.8121993120839661,0.5071469438422439,1.6960017153071025,-0.02860779963912874,-0.0471551797914731,0.5833333333333334,1.3934975303549701,2.5059094155735004,0.21011821955392396,0.6388888888888888
cap300_lower10,25.0,2020-10-31_2021-09-30,12,1.1215010418457103,0.285307502281577,1.1215010418457103,0.285307502281577,0.8361935395641333,0.5058452648503885,1.717593868170833,-0.02860779963912885,-0.04715517979147299,0.5833333333333334,1.4360593378490396,2.5780859162875505,0.21170214903778883,0.6388888888888888
cap300_lower10,25.0,2020-11-30_2021-10-31,12,0.48199002733132446,0.164192612882329,0.48199002733132446,0.164192612882329,0.31779741444899545,0.21236669861047172,1.9715062933740086,-0.02860779963912885,-0.04715517979147299,0.5833333333333334,1.38338769697809,0.8803398190074456,0.31744545053433715,0.7222222222222222
cap300_lower10,25.0,2020-12-31_2021-11-30,12,0.4800548766925925,0.10075285366229347,0.4800548766925925,0.10075285366229347,0.37930202303029903,0.2122473830431167,1.9661399497052539,-0.02860779963912885,-0.04715517979147321,0.6666666666666666,1.7110449788830304,1.0597289981662599,0.3587901747820035,0.6944444444444443
cap300_lower10,25.0,2021-01-31_2021-12-31,12,0.4209491751107506,0.1311417024200292,0.4209491751107506,0.1311417024200292,0.2898074726907214,0.2096909248877668,1.7871138587743585,-0.02860779963912885,-0.04715517979147299,0.6666666666666666,1.423078186050945,1.2922051153570269,0.23093062516889673,0.6944444444444445
cap300_lower10,25.0,2021-02-28_2022-01-31,12,0.15174262325176868,0.1035559333431273,0.15174262325176868,0.1035559333431273,0.04818668990864139,0.10190324380785876,1.440401919904465,-0.02860779963912885,-0.008710521467504728,0.5833333333333334,0.32655089565319095,-0.1721505774687857,0.1772721334800076,0.6944444444444445
cap300_lower10,25.0,2021-03-31_2022-02-28,12,0.16687294513023265,0.1814244316261513,0.16687294513023265,0.1814244316261513,-0.014551486495918642,0.09896307579698742,1.614001692256384,-0.02860779963912874,-0.008710521467504728,0.5,-0.07058989725045937,-0.8002421415122278,0.3388362164413574,0.6944444444444445
cap300_lower10,25.0,2021-04-30_2022-03-31,12,0.08581848600338549,0.2056999327796627,0.08581848600338549,0.2056999327796627,-0.11988144677627721,0.0824066138261564,1.0398512948922736,-0.03433417966291463,-0.008710521467504728,0.4166666666666667,-0.8593677689012875,-0.6419850196790519,0.2286930730904817,0.7222222222222222
cap300_lower10,25.0,2021-05-31_2022-04-30,12,0.0815735165892324,0.20202014645819677,0.0815735165892324,0.20202014645819677,-0.12044662986896437,0.0824790153007634,0.9911807769649917,-0.03433417966291452,-0.011058901373715124,0.4166666666666667,-0.8682682553473358,-0.581739079603831,0.20813570749432841,0.7222222222222222
cap300_lower10,25.0,2021-06-30_2022-05-31,12,0.09174093498451708,0.1547230806668567,0.09174093498451708,0.1547230806668567,-0.06298214568233962,0.07871580490898043,1.1546712981492342,-0.04892316014481857,-0.04389760737316839,0.5,-0.471717700185782,-0.18031280000373054,0.1240180713533181,0.6944444444444445
cap300_lower10,25.0,2021-07-31_2022-06-30,12,0.08562728637230732,0.14515293481688385,0.08562728637230732,0.14515293481688385,-0.05952564844457653,0.07956206780636395,1.072064134942782,-0.055037228536724325,-0.04389760737316839,0.5,-0.44914970820296574,-0.16056720320313678,0.11309540801295626,0.7222222222222222
cap300_lower10,25.0,2021-08-31_2022-07-31,12,0.12173021307224507,0.16719366722844042,0.12173021307224507,0.16719366722844042,-0.04546345415619535,0.09021447585951123,1.3200547602934554,-0.055037228536724436,-0.04389760737316839,0.5,-0.3248723879516889,-0.009335115624465144,0.12745918698552483,0.6944444444444445
cap300_lower10,25.0,2021-09-30_2022-08-31,12,0.10291772368570062,0.11990803732841937,0.10291772368570062,0.11990803732841937,-0.016990313642718746,0.09360295510987299,1.0929886890935978,-0.05503722853672455,-0.04389760737316817,0.5833333333333334,-0.12376211349385904,0.12022429357316117,0.09187865789985317,0.6944444444444445
cap300_lower10,25.0,2021-10-31_2022-09-30,12,0.12641175493262624,0.07700156092153554,0.12641175493262624,0.07700156092153554,0.0494101940110907,0.09566889085305635,1.2936160531210095,-0.055037228536724436,-0.04389760737316828,0.6666666666666666,0.41361594028259085,0.17721824769398153,0.11584685213838242,0.6666666666666666
cap300_lower10,25.0,2021-11-30_2022-10-31,12,0.08772488096798559,0.0837751064100245,0.08772488096798559,0.0837751064100245,0.003949774557961083,0.08869649081924581,0.9913649358818253,-0.055037228536724436,-0.04389760737316839,0.6666666666666666,0.04676014794966876,0.2908271066123704,0.06562308046403986,0.611111111111111
cap300_lower10,25.0,2021-12-31_2022-11-30,12,0.2714623722410574,0.04089310124175727,0.2714623722410574,0.04089310124175727,0.23056927099930014,0.23732195109526386,1.11861468900658,-0.055037228536724436,-0.052330809109684795,0.6666666666666666,0.7953390447122878,-1.042224116595732,0.3589510425171214,0.6388888888888887
cap300_lower10,25.0,2022-01-31_2022-12-31,12,0.2563422668162536,0.03139589518781816,0.2563422668162536,0.03139589518781816,0.22494637162843545,0.237566110809206,1.0662397946711262,-0.031083458482542792,-0.0538908420070876,0.6666666666666666,0.7845473851030889,-1.034631400142761,0.3300804089319893,0.6388888888888888
cap300_lower10,25.0,2022-02-28_2023-01-31,12,0.2807168813358776,-0.006523085673795559,0.2807168813358776,-0.006523085673795559,0.28723996700967314,0.23431523538718912,1.1617855404969462,-0.029465901651962834,-0.053890842007087936,0.6666666666666666,1.0360653993207578,-0.9725681619325063,0.3038996830233349,0.6388888888888888
cap300_lower10,25.0,2022-03-31_2023-02-28,12,0.2804696071324244,-0.03763942955797195,0.2804696071324244,-0.03763942955797195,0.31810903669039636,0.2343371672929159,1.1608542617785729,-0.0249669927139039,-0.05860315994470999,0.75,1.1772906001597088,-0.9678192587832101,0.2645444081437138,0.638888888888889
cap300_lower10,25.0,2022-04-30_2023-03-31,12,0.28783202258086105,-0.0433257664262765,0.28783202258086105,-0.0433257664262765,0.33115778900713755,0.23358578220325188,1.1890017924229566,-0.024966992713904013,-0.052003665957635614,0.75,1.233913196596312,-0.9588162732742713,0.2648379890031227,0.6666666666666666
cap300_lower10,25.0,2022-05-31_2023-04-30,12,0.293964707591327,-0.07213752035282106,0.293964707591327,-0.07213752035282106,0.36610222794414804,0.23319851864696034,1.211470671813362,-0.01617765829714557,-0.07596598010903766,0.75,1.364261454298485,-0.6488330578304708,0.2630284994895635,0.6388888888888888
cap300_lower10,25.0,2022-06-30_2023-05-31,12,0.3163694002642796,-0.0361282154897381,0.3163694002642796,-0.0361282154897381,0.3524976157540177,0.23044685520096822,1.299669999625522,-0.01617765829714579,-0.07596598010903755,0.6666666666666666,1.274983815824701,-1.0825942233311583,0.29609714746281957,0.638888888888889
cap300_lower10,25.0,2022-07-31_2023-06-30,12,0.3308961595415547,-0.0028433046031512976,0.3308961595415547,-0.0028433046031512976,0.333739464144706,0.2290744583474307,1.3553208739192202,-0.01617765829714568,-0.07596598010903743,0.6666666666666666,1.1621305568534024,-0.8894630896473946,0.3589886087358345,0.638888888888889
cap300_lower10,25.0,2022-08-31_2023-07-31,12,0.2605016400432909,-0.031389184091800915,0.2605016400432909,-0.031389184091800915,0.2918908241350918,0.22944017444576145,1.1111187614792475,-0.010130121870841613,-0.0655917893195096,0.5833333333333334,1.056252045160485,-1.2904423158294613,0.24007376903471944,0.638888888888889
cap300_lower10,25.0,2022-09-30_2023-08-31,12,0.2627823968355103,-0.014331580574544756,0.2627823968355103,-0.014331580574544756,0.27711397741005506,0.2291301317175216,1.1203913369419773,-0.019909481620741243,-0.06559178931950937,0.5,0.9922731937477999,-1.5094508688995016,0.26643282979098215,0.6111111111111112
cap300_lower10,25.0,2022-10-31_2023-09-30,12,0.2197450472688025,-0.04883569016310929,0.2197450472688025,-0.04883569016310929,0.2685807374319118,0.23062043464691867,0.9611582596513835,-0.026331882865563982,-0.06327241269436523,0.5,0.993173762762307,-1.262311948415233,0.174486684083331,0.611111111111111
cap300_lower10,25.0,2022-11-30_2023-10-31,12,0.25979759979031036,-8.074453772832779e-05,0.25979759979031036,-8.074453772832779e-05,0.2598783443280387,0.23125165226730798,1.1015745364163523,-0.02633188286556387,-0.04084242285001627,0.4166666666666667,0.9213724807373792,-0.7175635320321717,0.29013040807136203,0.6666666666666666
cap300_lower10,25.0,2022-12-31_2023-11-30,12,0.0006346739062934592,0.06162621592425688,0.0006346739062934592,0.06162621592425688,-0.06099154201796342,0.05488276750082861,0.03642573472788288,-0.026331882865564094,-0.04084242285001627,0.3333333333333333,-0.6866498445829115,0.17804578550418562,-0.009267133271165351,0.6666666666666666
cap300_lower10,25.0,2023-01-31_2023-12-31,12,-0.012062341152656919,0.05389394652891433,-0.012062341152656919,0.05389394652891433,-0.06595628768157125,0.05356194584715781,-0.20222333953201477,-0.026331882865563982,-0.04084242285001627,0.3333333333333333,-0.7575821457035811,0.18738149886547742,-0.021159607980039463,0.6666666666666666
cap300_lower10,25.0,2023-02-28_2024-01-31,12,-0.005810552933254165,0.06910062416905749,-0.005810552933254165,0.06910062416905749,-0.07491117710231165,0.05330319515285935,-0.08517430049071224,-0.026331882865564094,-0.04084242285001627,0.3333333333333333,-0.8452887451316681,0.18372630743771345,-0.017383146554150186,0.6666666666666666
cap300_lower10,25.0,2023-03-31_2024-02-29,12,-0.007237228925732642,0.07105311702696282,-0.007237228925732642,0.07105311702696282,-0.07829034595269546,0.05336582035704016,-0.11191448470081673,-0.028514230937106144,-0.04084242285001627,0.3333333333333333,-0.8851623577955948,0.18623919739194042,-0.019298529257251062,0.6944444444444443
cap300_lower10,25.0,2023-04-30_2024-03-31,12,0.03920781710786003,0.04605177038880415,0.03920781710786003,0.04605177038880415,-0.006843953280944115,0.0694393148913143,0.5860406684034393,-0.028514230937106144,-0.028914327222309355,0.4166666666666667,-0.07712330171547482,0.11848365593224758,0.03548122611717042,0.6944444444444443
cap300_lower10,25.0,2023-05-31_2024-04-30,12,0.008628689986516669,0.05087612226469651,0.008628689986516669,0.05087612226469651,-0.04224743227817984,0.07333602225601843,0.1502909958612877,-0.028514230937106255,-0.04720745865673304,0.4166666666666667,-0.46036611127029814,0.30206092349048835,-0.005031370936539159,0.7222222222222222
cap300_lower10,25.0,2023-06-30_2024-05-31,12,0.012888915768624498,0.06029804021364593,0.012888915768624498,0.06029804021364593,-0.04740912444502143,0.07329508378668205,0.20790595343798673,-0.028514230937106144,-0.04720745865673304,0.4166666666666667,-0.511161274114385,0.30052998060893216,-0.003445504624462581,0.7222222222222222
cap300_lower10,25.0,2023-07-31_2024-06-30,12,0.46792451455953255,0.046802268590376395,0.46792451455953255,0.046802268590376395,0.42112224596915615,0.46069992600633286,1.0126364881603103,-0.028514230937106144,-0.04720745865673304,0.5,0.9535152856743468,1.9961686022781255,0.4380162344693832,0.6944444444444445
cap300_lower10,25.0,2023-08-31_2024-07-31,12,0.4733716658693159,0.10318514893952901,0.4733716658693159,0.10318514893952901,0.3701865169297869,0.46032598994393964,1.0214752095745845,-0.028514230937106144,-0.04720745865673315,0.5,0.8230070764034197,1.1631538380582152,0.4125743097135428,0.6944444444444445
cap300_lower10,25.0,2023-09-30_2024-08-31,12,0.4802629235024962,0.08473288946892565,0.4802629235024962,0.08473288946892565,0.39553003403357057,0.4597633610913542,1.032751823186361,-0.028514230937106033,-0.04720745865673315,0.5833333333333334,0.8741573728744964,1.1706093533824786,0.44500572567779617,0.7222222222222222
cap300_lower10,25.0,2023-10-31_2024-09-30,12,0.4112236070217232,0.12170948346779942,0.4112236070217232,0.12170948346779942,0.2895141235539238,0.46711000240688727,0.9173153454274544,-0.06394135483403096,-0.047207458656732815,0.5,0.6809948228036623,1.185967988561171,0.3277021793806605,0.75
cap300_lower10,25.0,2023-11-30_2024-10-31,12,0.3650646902411028,0.004734660022875703,0.3650646902411028,0.004734660022875703,0.36033003021822707,0.46797358381829773,0.8429030738462012,-0.0639413548340313,-0.07254414974326939,0.5833333333333334,0.8467983727699808,1.0564139171232656,0.459048409428938,0.75
cap300_lower10,25.0,2023-12-31_2024-11-30,12,0.36564102271674237,-0.026522408525777696,0.36564102271674237,-0.026522408525777696,0.39216343124252007,0.4679189896181384,0.8438819182091927,-0.08032178480818175,-0.07702368625268241,0.5833333333333334,0.9290712773167027,1.3186058838438675,0.5164705620834644,0.7222222222222222
cap300_lower10,25.0,2024-01-31_2024-12-31,12,0.3645010886410194,-0.013699490369203038,0.3645010886410194,-0.013699490369203038,0.3782005790102224,0.46798689525918247,0.8419787929615047,-0.08262098034616117,-0.07702368625268208,0.5,0.8958284420599905,1.2765297332123067,0.4897116168354161,0.75
cap300_lower10,25.0,2024-02-29_2025-01-31,12,0.1977501749291799,-0.14290566323586873,0.1977501749291799,-0.14290566323586873,0.34065583816504863,0.49253365944437805,0.5517766113876503,-0.1943354392643828,-0.18252959118595857,0.5,0.9219243960462686,1.36470440764047,0.5784665792954551,0.7222222222222222
cap300_lower10,25.0,2024-03-31_2025-02-28,12,0.19792276091463634,-0.10676537761977256,0.19792276091463634,-0.10676537761977256,0.3046881385344089,0.492525429142383,0.5520774258605734,-0.19687179065929095,-0.1825295911859588,0.4166666666666667,0.818762857833736,1.190649456379993,0.46883650476466965,0.6944444444444445
cap300_lower10,25.0,2024-04-30_2025-03-31,12,0.22472167057444214,-0.06461005552580057,0.22472167057444214,-0.06461005552580057,0.2893317261002427,0.4941893194899495,0.5974863651757111,-0.19687179065929117,-0.18252959118595868,0.4166666666666667,0.767984386957248,1.1733010392050327,0.42211987472443857,0.6666666666666666
cap300_lower10,25.0,2024-05-31_2025-04-30,12,0.2887848357253082,0.02942056800377868,0.2887848357253082,0.02942056800377868,0.25936426772152954,0.49164945323403725,0.7047030353466439,-0.19687179065929095,-0.18252959118595857,0.3333333333333333,0.6616976108229559,1.0217282624512078,0.34695160050921414,0.6666666666666666
cap300_lower10,25.0,2024-06-30_2025-05-31,12,0.27703164230323774,-0.019239253194651806,0.27703164230323774,-0.019239253194651806,0.29627089549788954,0.4922680692284907,0.6852445532679128,-0.19687179065929095,-0.18252959118595835,0.4166666666666667,0.7492317207329241,1.0341165098805774,0.4002488602028451,0.6666666666666666
cap300_lower10,25.0,2024-07-31_2025-06-30,12,-0.11257490067442233,0.03150250800801424,-0.11257490067442233,0.03150250800801424,-0.14407740868243657,0.15850525449384645,-0.6739735390452538,-0.19534097404397244,-0.1825295911859589,0.3333333333333333,-1.086948057362434,0.5585207546049362,-0.12633439837094507,0.638888888888889
cap300_lower10,25.0,2024-08-31_2025-07-31,12,0.11061339235523415,0.02082724764079913,0.11061339235523415,0.02082724764079913,0.08978614471443502,0.30326552674575824,0.47547171147301387,-0.18738739506606172,-0.1720911800730176,0.4166666666666667,0.4225014215351787,0.8879983132792761,0.11597508729482264,0.638888888888889
cap300_lower10,25.0,2024-09-30_2025-08-31,12,0.0974104839334311,0.07082064647411035,0.0974104839334311,0.07082064647411035,0.026589837459320753,0.304415092035584,0.43500665682336076,-0.14746537436291607,-0.1720911800730176,0.3333333333333333,0.17887604882291053,0.849343205756212,0.060746127338998646,0.6944444444444445
cap300_lower10,25.0,2024-10-31_2025-09-30,12,0.18110455751389298,0.07787885846139209,0.18110455751389298,0.07787885846139209,0.1032256990525009,0.2963309477153299,0.690627184198529,-0.14746537436291607,-0.11858833109117162,0.4166666666666667,0.4494914548011061,0.8468938689529242,0.13347483265308835,0.7222222222222223
cap300_lower10,25.0,2024-11-30_2025-10-31,12,0.1899999229798437,0.1960061542824556,0.1899999229798437,0.1960061542824556,-0.0060062313026119085,0.29613046463204856,0.7166901591663127,-0.12672911451621205,-0.11795970406671652,0.3333333333333333,0.06742119643088579,0.9403763816341414,0.028396375197879964,0.7222222222222223
cap300_lower10,25.0,2024-12-31_2025-11-30,12,0.21664731128432968,0.22133541890163522,0.21664731128432968,0.22133541890163522,-0.004688107617305537,0.2935898487159774,0.797353273744617,-0.1245404656804131,-0.11795970406671652,0.3333333333333333,0.07067837442035048,0.9248845415541086,0.03395334088279056,0.6944444444444445
cap300_lower10,25.0,2025-01-31_2025-12-31,12,0.25233209647550203,0.17166648362633885,0.25233209647550203,0.17166648362633885,0.08066561284916318,0.2926536040269003,0.8998759091149138,-0.02155925136104153,-0.03669877287899381,0.4166666666666667,0.3489708470852768,0.8295388876358297,0.12376525472924449,0.6666666666666666
cap300_lower10,25.0,2025-02-28_2026-01-31,12,0.5327558408445423,0.31334945156909844,0.5327558408445423,0.31334945156909844,0.21940638927544387,0.2503061312265821,1.8377695949003532,-0.02155925136104153,-0.04758367670999886,0.5,0.6776011766902375,0.3161692925301165,0.44050148948455137,0.6666666666666666
cap300_lower10,25.0,2025-03-31_2026-02-28,12,0.6608329010071472,0.08257309459079365,0.6608329010071472,0.08257309459079365,0.5782598064163536,0.2491037319414051,2.1810268447258934,-0.02155925136104153,-0.18488813271044613,0.5833333333333334,1.3577168894302454,-0.015214146053088767,0.7037339596896444,0.6666666666666666
cap300_lower10,25.0,2025-04-30_2026-03-31,12,0.5964537130949561,0.028079656548997578,0.5964537130949561,0.028079656548997578,0.5683740565459585,0.24850779101742093,2.0197403536824403,-0.02155925136104153,-0.19546042589812018,0.5833333333333334,1.3918199887657627,-0.027417005374533336,0.6371743548134976,0.6944444444444445
cap300_lower10,25.0,2025-05-31_2026-04-30,12,0.6241762263985207,-0.14610708694572017,0.6241762263985207,-0.14610708694572017,0.7702833133442408,0.24821640483160917,2.0941639325469588,-0.02155925136104153,-0.29138146686445754,0.6666666666666666,1.9133880601706161,-0.01788086239326251,0.6596487716286252,0.6666666666666666
cap300_lower10,25.0,2025-06-30_2026-05-31,12,0.7030960254122907,-0.18541351506394133,0.7030960254122907,-0.18541351506394133,0.888509540476232,0.2422499544789557,2.345000059856894,-0.02155925136104142,-0.34737666250868915,0.6666666666666666,2.155450337600299,-0.03362136967817267,0.7321884183629384,0.6944444444444443
cap300_lower10,25.0,2025-07-31_2026-06-30,12,0.7028759658425114,-0.1667764227923394,0.7028759658425114,-0.1667764227923394,0.8696523886348508,0.24227098805655106,2.3442569139424254,-0.021559251361041643,-0.34737666250868904,0.6666666666666666,2.019250954617219,-0.04620810829845657,0.7301956353088239,0.7499999999999999
cap500_lower10,25.0,2019-01-31_2019-12-31,12,0.18093431831760443,-0.0907583313333864,0.18093431831760443,-0.0907583313333864,0.2716926496509908,0.13118044743558985,1.333668967991789,-0.019701257861635346,-0.08173242622854304,0.5833333333333334,1.2412183879423448,-0.9206566389268261,0.09592221853901606,0.5277777777777778
cap500_lower10,25.0,2019-02-28_2020-01-31,12,0.18192089669548017,-0.15374678206850467,0.18192089669548017,-0.15374678206850467,0.33566767876398484,0.13106468253420767,1.3412051354076873,-0.019701257861635124,-0.157070533612218,0.5833333333333334,1.5137510990912877,-0.5127736397513293,0.09872252359433253,0.5
cap500_lower10,25.0,2019-03-31_2020-02-29,12,0.17447503429976297,-0.2983301643039218,0.17447503429976297,-0.2983301643039218,0.47280519860368475,0.1320658460786003,1.2834152993261154,-0.019701257861635346,-0.2968733323797681,0.6666666666666666,1.9744620815527538,-0.10316193494530634,0.14418462940816235,0.5000000000000001
cap500_lower10,25.0,2019-04-30_2020-03-31,12,0.5465000750457536,-0.26938100433105683,0.5465000750457536,-0.26938100433105683,0.8158810793768104,0.3275381848817648,1.4837657453763327,-0.019701257861635235,-0.2897384073692094,0.6666666666666666,2.2794722651789154,0.4029850666574192,0.7999426104136358,0.5555555555555556
cap500_lower10,25.0,2019-05-31_2020-04-30,12,0.5452091734806068,-0.23441422140073764,0.5452091734806068,-0.23441422140073764,0.7796233948813445,0.32765625607084464,1.4806877534243408,-0.019701257861635346,-0.2897384073692094,0.5833333333333334,2.0961079415748256,0.3469003034793134,0.7441883449909723,0.5833333333333334
cap500_lower10,25.0,2019-06-30_2020-05-31,12,0.542633824858139,-0.22854562482453433,0.542633824858139,-0.22854562482453433,0.7711794496826734,0.3278847618804237,1.4745727622640383,-0.019701257861635346,-0.2897384073692095,0.5833333333333334,2.053018622652327,0.3304710566097459,0.730500183133509,0.638888888888889
cap500_lower10,25.0,2019-07-31_2020-06-30,12,0.5439214991693733,-0.1941752572672133,0.5439214991693733,-0.1941752572672133,0.7380967564365866,0.3277694695413654,1.4776338779854334,-0.019701257861635124,-0.2827760862119635,0.5833333333333334,1.8651919118608338,0.2594248904761571,0.6856208416513561,0.611111111111111
cap500_lower10,25.0,2019-08-31_2020-07-31,12,0.5143956500191076,-0.1722348942847023,0.5143956500191076,-0.1722348942847023,0.6866305443038099,0.32975018869843054,1.4096814764543957,-0.019701257861635235,-0.27948217627529803,0.5,1.7046118116200155,0.22763356826686437,0.6352237079034502,0.611111111111111
cap500_lower10,25.0,2019-09-30_2020-08-31,12,0.5143956500191078,-0.21057570090232802,0.5143956500191078,-0.21057570090232802,0.7249713509214358,0.3297501886984305,1.409681476454396,-0.019701257861635124,-0.27948217627529803,0.5,1.8325713463681395,0.2516283551607693,0.6593650431649938,0.611111111111111
cap500_lower10,25.0,2019-10-31_2020-09-30,12,0.5131326011033284,-0.1766274605970889,0.5131326011033284,-0.1766274605970889,0.6897600617004173,0.32986031476931404,1.4066845229826699,-0.019701257861635235,-0.2794821762752979,0.5,1.6613042071383486,0.19828817069275637,0.6269575318171727,0.6388888888888888
cap500_lower10,25.0,2019-11-30_2020-10-31,12,0.39239859137334165,-0.06643817837031618,0.39239859137334165,-0.06643817837031618,0.45883676974365784,0.32772519619573853,1.1514899924495015,-0.009958426960453015,-0.2794821762752979,0.4166666666666667,1.0399785193031315,0.12918781937392348,0.456505265285716,0.611111111111111
cap500_lower10,25.0,2019-12-31_2020-11-30,12,0.34213265733541887,-0.050871312509224054,0.34213265733541887,-0.050871312509224054,0.3930039698446429,0.3355674622581036,1.0191192375624076,-0.06450009964573478,-0.2358764964179022,0.4166666666666667,0.86777546554877,0.07442221535123754,0.4028769565562276,0.611111111111111
cap500_lower10,25.0,2020-01-31_2020-12-31,12,0.08294737974657407,-0.013079995771551722,0.08294737974657407,-0.013079995771551722,0.09602737551812579,0.35237037707954055,0.3671064911643314,-0.16889338398072196,-0.16758179221927783,0.3333333333333333,0.27103868870789677,0.19523933522991868,0.13308913194447225,0.6388888888888888
cap500_lower10,25.0,2020-02-29_2021-01-31,12,0.08294737974657407,0.14471568274700242,0.08294737974657407,0.14471568274700242,-0.06176830300042835,0.35237037707954055,0.36710649116433125,-0.1702785616740874,-0.07033476780972703,0.25,-0.0905701642170052,0.17957157732411066,0.10421612277915404,0.6388888888888888
cap500_lower10,25.0,2020-03-31_2021-02-28,12,0.10436807916072799,0.3187076559568369,0.10436807916072799,0.3187076559568369,-0.21433957679610893,0.3517780497437609,0.42350591252498154,-0.1702785616740874,-0.07033476780972703,0.25,-0.387455266172363,0.2563417572699146,0.07655223189952842,0.638888888888889
cap500_lower10,25.0,2020-04-30_2021-03-31,12,0.08982297576867437,0.2712264885896778,0.08982297576867437,0.2712264885896778,-0.18140351282100342,0.3355344936304362,0.3923654392447686,-0.16819905932239343,-0.07033476780972714,0.25,-0.3184542692477494,-0.17484643339021153,0.19121946180081362,0.6111111111111112
cap500_lower10,25.0,2020-05-31_2021-04-30,12,0.09801713348122076,0.2511461011810818,0.09801713348122076,0.2511461011810818,-0.15312896769986106,0.3352897428804931,0.41502056633052126,-0.16681041000573626,-0.07033476780972703,0.3333333333333333,-0.25758278097129444,-0.17028999401541794,0.19548376334310258,0.5833333333333334
cap500_lower10,25.0,2020-06-30_2021-05-31,12,0.09710059163357387,0.22018559574957508,0.09710059163357387,0.22018559574957508,-0.1230850041160012,0.33532673631215626,0.4124896426778882,-0.16611550626095373,-0.07033476780972703,0.3333333333333333,-0.1944699800613899,-0.15713604042210097,0.1861040084373633,0.6111111111111112
cap500_lower10,25.0,2020-07-31_2021-06-30,12,0.09710059163357365,0.1787337447456181,0.09710059163357365,0.1787337447456181,-0.08163315311204444,0.33532673631215626,0.4124896426778882,-0.16542002294674263,-0.07033476780972703,0.3333333333333333,-0.10317574886141362,-0.14658318349357452,0.17738394238662147,0.611111111111111
cap500_lower10,25.0,2020-08-31_2021-07-31,12,0.09527056562584502,0.17406019021811336,0.09527056562584502,0.17406019021811336,-0.07878962459226835,0.3353978875248902,0.4074329149283506,-0.16402673417035984,-0.0471551797914731,0.3333333333333333,-0.09704590129762596,-0.1445440239663663,0.17435302574479628,0.6666666666666666
cap500_lower10,25.0,2020-09-30_2021-08-31,12,0.09709906406595481,0.29094300690606567,0.09709906406595481,0.29094300690606567,-0.19384394284011086,0.33533125471508424,0.412484084608418,-0.16263111936930874,-0.0471551797914731,0.25,-0.34034094572372164,-0.2799288245319346,0.23498525828374617,0.611111111111111
cap500_lower10,25.0,2020-10-31_2021-09-30,12,0.09801483957853074,0.285307502281577,0.09801483957853074,0.285307502281577,-0.18729266270304623,0.3352965212098279,0.4150121763058674,-0.1619327299776233,-0.04715517979147299,0.25,-0.3264917348970748,-0.2794036736159767,0.2342682882294207,0.5833333333333333
cap500_lower10,25.0,2020-11-30_2021-10-31,12,0.10534104367913799,0.164192612882329,0.10534104367913799,0.164192612882329,-0.05885156920319101,0.3350931379607349,0.4351590322891969,-0.1130715909090908,-0.04715517979147299,0.3333333333333333,-0.03557745117083044,-0.30680001647962013,0.21285615092761256,0.5833333333333333
cap500_lower10,25.0,2020-12-31_2021-11-30,12,0.4183640982463075,0.10075285366229347,0.4183640982463075,0.10075285366229347,0.317611244584014,0.38030768589447833,1.087038485527208,-0.006651402773437343,-0.04715517979147321,0.4166666666666667,0.7958449363998555,-0.002458039747979024,0.5018336419274974,0.5833333333333333
cap500_lower10,25.0,2021-01-31_2021-12-31,12,0.6351039689768765,0.1311417024200292,0.6351039689768765,0.1311417024200292,0.5039622665568473,0.3461311240707848,1.5865856274582242,-0.006651402773437565,-0.04715517979147299,0.5,1.1336356017464,-0.5481650688864349,0.8290233911010501,0.5833333333333333
cap500_lower10,25.0,2021-02-28_2022-01-31,12,0.6000725261245619,0.1035559333431273,0.6000725261245619,0.1035559333431273,0.49651659278143456,0.3499680921803189,1.5080739918022112,-0.023055555555555496,-0.008710521467504728,0.5,1.1500900021361866,-0.6539061206819432,0.7862623263725756,0.5555555555555555
cap500_lower10,25.0,2021-03-31_2022-02-28,12,0.5789842555990319,0.1814244316261513,0.5789842555990319,0.1814244316261513,0.3975598239728806,0.351561531829319,1.4633126718033644,-0.024683796296296245,-0.008710521467504728,0.4166666666666667,0.9196689036285504,-1.855868270338057,1.2292242082410878,0.5555555555555555
cap500_lower10,25.0,2021-04-30_2022-03-31,12,0.23035101816253212,0.2056999327796627,0.23035101816253212,0.2056999327796627,0.02465108538286942,0.2144593599251003,1.062102292281992,-0.024683796296296356,-0.008710521467504728,0.3333333333333333,0.15998292957804405,-0.8597628296606337,0.4695737172049108,0.5555555555555556
cap500_lower10,25.0,2021-05-31_2022-04-30,12,0.22116929414639386,0.20202014645819677,0.22116929414639386,0.20202014645819677,0.019149147688197088,0.2151228833440822,1.023962557369829,-0.024683796296296245,-0.011058901373715124,0.3333333333333333,0.1410922653366147,-0.7482546708206496,0.4261092864965015,0.5833333333333334
cap500_lower10,25.0,2021-06-30_2022-05-31,12,0.3048250018489871,0.1547230806668567,0.3048250018489871,0.1547230806668567,0.1501019211821304,0.2187185122439439,1.3195550214296157,-0.024683796296296245,-0.04389760737316839,0.4166666666666667,0.556580165655389,-0.8683233361131848,0.506200557730818,0.5277777777777778
cap500_lower10,25.0,2021-07-31_2022-06-30,12,0.38100327551823554,0.14515293481688385,0.38100327551823554,0.14515293481688385,0.2358503407013517,0.21925664832313405,1.582366815774397,-0.024683796296296356,-0.04389760737316839,0.5,0.8161876909797235,-0.8870070007594028,0.5861540956438409,0.5833333333333333
cap500_lower10,25.0,2021-08-31_2022-07-31,12,0.4098462846142723,0.16719366722844042,0.4098462846142723,0.16719366722844042,0.24265261738583188,0.2169785375246879,1.6949961133180367,-0.024683796296296356,-0.04389760737316839,0.5,0.8220142658337273,-0.8602387264566307,0.638656758597312,0.5555555555555555
cap500_lower10,25.0,2021-09-30_2022-08-31,12,0.4284111210447863,0.11990803732841937,0.4284111210447863,0.11990803732841937,0.3085030837163669,0.21534287928954668,1.7690195526413341,-0.024683796296296356,-0.04389760737316817,0.5833333333333334,1.0506955142550325,-0.6247651131575097,0.5616697518462876,0.611111111111111
cap500_lower10,25.0,2021-10-31_2022-09-30,12,0.41876102703575335,0.07700156092153554,0.41876102703575335,0.07700156092153554,0.3417594661142178,0.21655930284451205,1.7279127010964876,-0.024683796296296245,-0.04389760737316828,0.5833333333333334,1.2240443847149816,-0.5705170224741235,0.5083210136717953,0.6666666666666666
cap500_lower10,25.0,2021-11-30_2022-10-31,12,0.4081820301481629,0.0837751064100245,0.4081820301481629,0.0837751064100245,0.3244069237381384,0.21764419080073968,1.684839685251948,-0.024683796296296245,-0.04389760737316839,0.5833333333333334,1.1626094417478776,-0.6053936628271814,0.5068048103823377,0.6944444444444445
cap500_lower10,25.0,2021-12-31_2022-11-30,12,0.15945159595704417,0.04089310124175727,0.15945159595704417,0.04089310124175727,0.1185584947152869,0.09066313257399704,1.6823696570871964,-0.024683796296296245,-0.052330809109684795,0.5833333333333334,0.7574463785632191,-0.3934548849163542,0.18341381908865073,0.7222222222222222
cap500_lower10,25.0,2022-01-31_2022-12-31,12,0.13390234518188793,0.03139589518781816,0.13390234518188793,0.03139589518781816,0.10250644999406977,0.09036061135936191,1.4382454887031115,-0.010888825589257078,-0.0538908420070876,0.5833333333333334,0.6652931969867124,-0.39374519532623375,0.153228091436997,0.6666666666666666
cap500_lower10,25.0,2022-02-28_2023-01-31,12,0.15776039850672707,-0.006523085673795559,0.15776039850672707,-0.006523085673795559,0.16428348418052263,0.08407052011685386,1.7903576305987254,-0.011784457064261011,-0.053890842007087936,0.5833333333333334,1.2519779147875425,-0.24307612101483178,0.16022654469470776,0.7222222222222223
cap500_lower10,25.0,2022-03-31_2023-02-28,12,0.22173727940032162,-0.03763942955797195,0.22173727940032162,-0.03763942955797195,0.25937670895829357,0.09165650871160405,2.2440672613725625,-0.0117844570642609,-0.05860315994470999,0.6666666666666666,1.9733957372884379,-0.21335948732464283,0.21695315486218258,0.7222222222222222
cap500_lower10,25.0,2022-04-30_2023-03-31,12,0.20462893199520993,-0.0433257664262765,0.20462893199520993,-0.0433257664262765,0.24795469842148643,0.09365251984217701,2.044971178004569,-0.011784457064261122,-0.052003665957635614,0.6666666666666666,1.8694249916962813,-0.28989720843561667,0.19476935037349596,0.75
cap500_lower10,25.0,2022-05-31_2023-04-30,12,0.20873183883896962,-0.07213752035282106,0.20873183883896962,-0.07213752035282106,0.2808693591917907,0.09298119549634276,2.096274829353592,-0.011784457064261011,-0.07596598010903766,0.6666666666666666,2.1139206071849292,-0.1378287219940434,0.20151046874516165,0.7222222222222222
cap500_lower10,25.0,2022-06-30_2023-05-31,12,0.13123691250214709,-0.0361282154897381,0.13123691250214709,-0.0361282154897381,0.1673651279918852,0.07695099849282776,1.6449533972019035,-0.011784457064261344,-0.07596598010903755,0.5833333333333334,1.6602094403002194,0.14397933823855447,0.13977281783787165,0.7777777777777778
cap500_lower10,25.0,2022-07-31_2023-06-30,12,0.06794469753945864,-0.0028433046031512976,0.06794469753945864,-0.0028433046031512976,0.07078800214260994,0.05797521845533225,1.162809585170068,-0.0117844570642609,-0.07596598010903743,0.5,0.6595344425299524,-0.01850910289177209,0.06954160360453043,0.7499999999999999
cap500_lower10,25.0,2022-08-31_2023-07-31,12,0.04370686331893614,-0.031389184091800915,0.04370686331893614,-0.031389184091800915,0.07509604741073705,0.05704467101083256,0.7766242341812536,-0.011784457064261122,-0.0655917893195096,0.5,0.7314009213506609,-0.12248091701515722,0.04148061619311605,0.7777777777777778
cap500_lower10,25.0,2022-09-30_2023-08-31,12,0.019962290579549347,-0.014331580574544756,0.019962290579549347,-0.014331580574544756,0.0342938711540941,0.05752242057815922,0.36946407171994966,-0.020289578730154134,-0.06559178931950937,0.4166666666666667,0.3424925065480146,-0.09148010444028597,0.020338362673729016,0.7222222222222223
cap500_lower10,25.0,2022-10-31_2023-09-30,12,0.0157950959140023,-0.04883569016310929,0.0157950959140023,-0.04883569016310929,0.06463078607711159,0.05837828691339903,0.29459266709649334,-0.031691624835994636,-0.06327241269436523,0.5,0.6744049937541324,-0.0021677965489167086,0.017229791293177366,0.6944444444444445
cap500_lower10,25.0,2022-11-30_2023-10-31,12,0.0157950959140023,-8.074453772832779e-05,0.0157950959140023,-8.074453772832779e-05,0.015875840451730627,0.05837828691339903,0.2945926670964933,-0.033305472127934777,-0.04084242285001627,0.4166666666666667,0.12091887452159082,-0.021798678338080062,0.01741813990496066,0.6944444444444445
cap500_lower10,25.0,2022-12-31_2023-11-30,12,0.02101299803761325,0.06162621592425688,0.02101299803761325,0.06162621592425688,-0.04061321788664363,0.05830642840343461,0.38290838560834406,-0.033305472127934777,-0.04084242285001627,0.3333333333333333,-0.3804832116615301,-0.034067138841863125,0.02476602970212949,0.6944444444444445
cap500_lower10,25.0,2023-01-31_2023-12-31,12,0.016835049578962646,0.05389394652891433,0.016835049578962646,0.05389394652891433,-0.03705889694995168,0.058470335738340456,0.31173953575980184,-0.033305472127935,-0.04084242285001627,0.3333333333333333,-0.35032165670500687,-0.02544996709912788,0.01983662311634249,0.75
cap500_lower10,25.0,2023-02-28_2024-01-31,12,0.016835049578963313,0.06910062416905749,0.016835049578963313,0.06910062416905749,-0.05226557459009418,0.058470335738340456,0.31173953575980184,-0.03480336297508724,-0.04084242285001627,0.3333333333333333,-0.47925114831206256,-0.03309019484379197,0.020760821172338684,0.75
cap500_lower10,25.0,2023-03-31_2024-02-29,12,-0.0826172596922049,0.07105311702696282,-0.0826172596922049,0.07105311702696282,-0.15367037671916772,0.04847357380918857,-1.7496311874420913,-0.08114267038149992,-0.04084242285001627,0.25,-1.7102849376690437,0.11727375905587319,-0.08942205131183978,0.7222222222222222
cap500_lower10,25.0,2023-04-30_2024-03-31,12,-0.03893236349682794,0.04605177038880415,-0.03893236349682794,0.04605177038880415,-0.08498413388563208,0.07126923917246843,-0.5235200039308854,-0.08114267038149969,-0.028914327222309355,0.3333333333333333,-0.7650434323219836,0.02730191134831381,-0.03796502343739461,0.6944444444444443
cap500_lower10,25.0,2023-05-31_2024-04-30,12,0.24323340925578396,0.05087612226469651,0.24323340925578396,0.05087612226469651,0.19235728699108745,0.3065969193731844,0.8367624086881916,-0.07883976980601481,-0.04720745865673304,0.3333333333333333,0.5699413156157846,-1.6913609135769687,0.4071880654167763,0.6944444444444443
cap500_lower10,25.0,2023-06-30_2024-05-31,12,0.15946399195468364,0.06029804021364593,0.15946399195468364,0.06029804021364593,0.0991659517410377,0.3194069858915087,0.5927764706012081,-0.07730193970552413,-0.04720745865673304,0.3333333333333333,0.34342082551191955,-1.7822275769747453,0.3451126964199889,0.6944444444444443
cap500_lower10,25.0,2023-07-31_2024-06-30,12,0.16147410674746498,0.046802268590376395,0.16147410674746498,0.046802268590376395,0.11467183815708859,0.3193085387767916,0.5983795978173666,-0.07287162668745717,-0.04720745865673304,0.3333333333333333,0.3859791969657901,-1.9589036220696912,0.3278611151729016,0.7222222222222223
cap500_lower10,25.0,2023-08-31_2024-07-31,12,0.18941937286447574,0.10318514893952901,0.18941937286447574,0.10318514893952901,0.08623422392494673,0.31851188241507494,0.6750546086388144,-0.06971183096894673,-0.04720745865673315,0.3333333333333333,0.3018252386449891,-1.3830039471477031,0.4222088027880513,0.6666666666666666
cap500_lower10,25.0,2023-09-30_2024-08-31,12,0.3601008147290212,0.08473288946892565,0.3601008147290212,0.08473288946892565,0.27536792526009557,0.3361833976274352,1.0622019922499422,-0.06971183096894684,-0.04720745865673315,0.4166666666666667,0.6834603218482694,-1.6331823590885344,0.6289801109076372,0.75
cap500_lower10,25.0,2023-10-31_2024-09-30,12,0.3818501217307946,0.12170948346779942,0.3818501217307946,0.12170948346779942,0.26014063826299516,0.33442726693501595,1.1150392271482614,-0.06971183096894673,-0.047207458656732815,0.3333333333333333,0.6384808410306048,-2.060087407615532,0.8285816596347562,0.7777777777777777
cap500_lower10,25.0,2023-11-30_2024-10-31,12,0.4129985165918979,0.004734660022875703,0.4129985165918979,0.004734660022875703,0.4082638565690222,0.3327768588904862,1.188192696546688,-0.06971183096894673,-0.07254414974326939,0.4166666666666667,0.9805597698235944,-1.3730550133221038,0.4954646525506239,0.7777777777777777
cap500_lower10,25.0,2023-12-31_2024-11-30,12,0.40577736664125585,-0.026522408525777696,0.40577736664125585,-0.026522408525777696,0.43229977516703355,0.33331168590003285,1.170900525528739,-0.06971183096894673,-0.07702368625268241,0.5,1.0575769569652897,-1.3794365297794526,0.42592623140096264,0.7777777777777777
cap500_lower10,25.0,2024-01-31_2024-12-31,12,0.4175215384594786,-0.013699490369203038,0.4175215384594786,-0.013699490369203038,0.43122102882868163,0.3324595379279435,1.1989674412798623,-0.06971183096894673,-0.07702368625268208,0.5,1.0443958637936053,-1.4255070511071848,0.46224873361802454,0.7222222222222223
cap500_lower10,25.0,2024-02-29_2025-01-31,12,0.41988999549951056,-0.14290566323586873,0.41988999549951056,-0.14290566323586873,0.5627956587353793,0.33226832662168276,1.2046734404539474,-0.06971183096894684,-0.18252959118595857,0.5833333333333334,1.375981201339107,-0.43579442417423914,0.3962708863440292,0.6666666666666666
cap500_lower10,25.0,2024-03-31_2025-02-28,12,0.49015978382292036,-0.10676537761977256,0.49015978382292036,-0.10676537761977256,0.5969251614426929,0.32265696546163175,1.3863417228331691,-0.06971183096894662,-0.1825295911859588,0.5833333333333334,1.393122167406256,-0.4477542534881647,0.48592200048334266,0.7222222222222222
cap500_lower10,25.0,2024-04-30_2025-03-31,12,0.46401662393248966,-0.06461005552580057,0.46401662393248966,-0.06461005552580057,0.5286266794582902,0.3226990410582202,1.3293484681904029,-0.06971183096894684,-0.18252959118595868,0.5,1.2143665280337146,-0.42896503033450545,0.4911550121214563,0.6666666666666666
cap500_lower10,25.0,2024-05-31_2025-04-30,12,0.17779013970586166,0.02942056800377868,0.17779013970586166,0.02942056800377868,0.14836957170208298,0.15862804804581593,1.1085336580810592,-0.003331249999999897,-0.18252959118595857,0.4166666666666667,0.5489003531476274,-0.020020645569098137,0.19176521834574856,0.6944444444444443
cap500_lower10,25.0,2024-06-30_2025-05-31,12,0.2639386324394237,-0.019239253194651806,0.2639386324394237,-0.019239253194651806,0.28317788563407553,0.13140742001915512,1.855981151149721,-0.003331249999999897,-0.18252959118595835,0.5,1.1383438877591117,0.03798055941617869,0.2732741654603701,0.6666666666666666
cap500_lower10,25.0,2024-07-31_2025-06-30,12,0.2891347682440937,0.03150250800801424,0.2891347682440937,0.03150250800801424,0.25763226023607944,0.129553499374955,2.036421967646719,-0.003331249999999897,-0.1825295911859589,0.5,0.941516422578368,0.04458762348746366,0.2954020309221166,0.5833333333333334
cap500_lower10,25.0,2024-08-31_2025-07-31,12,0.4712648967763291,0.02082724764079913,0.4712648967763291,0.02082724764079913,0.45043764913552997,0.19139314097050608,2.130768012303944,-0.003331250000000008,-0.1720911800730176,0.5833333333333334,1.5469440944362636,0.22731091712395673,0.4808656995559446,0.6111111111111112
cap500_lower10,25.0,2024-09-30_2025-08-31,12,1.287271496786952,0.07082064647411035,1.287271496786952,0.07082064647411035,1.2164508503128417,0.7520083912756443,1.377332540217144,-0.003331250000000008,-0.1720911800730176,0.5833333333333334,1.2858766502550947,0.7708854092635905,1.5397809319182834,0.5833333333333334
cap500_lower10,25.0,2024-10-31_2025-09-30,12,1.292537505712775,0.07787885846139209,1.292537505712775,0.07787885846139209,1.214658647251383,0.7517363917925125,1.3809063156997519,-0.0033312499999997858,-0.11858833109117162,0.5833333333333334,1.2791081680744436,0.754803697387489,1.5367140386476268,0.5555555555555556
cap500_lower10,25.0,2024-11-30_2025-10-31,12,1.311513970119012,0.1960061542824556,1.311513970119012,0.1960061542824556,1.1155078158365563,0.7509782287617828,1.393552384723304,-0.003331250000000119,-0.11795970406671652,0.5,1.142519933035351,0.6470304306826048,1.425992785181713,0.5277777777777778
cap500_lower10,25.0,2024-12-31_2025-11-30,12,1.2194935839146281,0.22133541890163522,1.2194935839146281,0.22133541890163522,0.9981581650129929,0.7571357838966654,1.32972750512318,-0.04140989127253569,-0.11795970406671652,0.4166666666666667,1.0488988050031258,0.5967067970274401,1.33202466396191,0.5277777777777778
cap500_lower10,25.0,2025-01-31_2025-12-31,12,1.203963164992274,0.17166648362633885,1.203963164992274,0.17166648362633885,1.032296681365935,0.7579596888826352,1.318996503071195,-0.042564766626609574,-0.03669877287899381,0.4166666666666667,1.0972580141362063,0.6574857701016736,1.346461794564501,0.5555555555555556
cap500_lower10,25.0,2025-02-28_2026-01-31,12,1.3499248964544024,0.31334945156909844,1.3499248964544024,0.31334945156909844,1.036575444885304,0.7528167803439573,1.4159061748233932,-0.042564766626609574,-0.04758367670999886,0.4166666666666667,1.0457751830771929,0.6898548513946661,1.317972030810401,0.5833333333333334
cap500_lower10,25.0,2025-03-31_2026-02-28,12,1.6122217740498277,0.08257309459079365,1.6122217740498277,0.08257309459079365,1.529648679459034,0.746287036810041,1.577487054459616,-0.04256476662660946,-0.18488813271044613,0.5,1.4151285238583038,0.24251470075184875,2.0067206762355205,0.5833333333333334
cap500_lower10,25.0,2025-04-30_2026-03-31,12,1.438356363764043,0.028079656548997578,1.438356363764043,0.028079656548997578,1.4102767072150455,0.7564817041410826,1.4658977210884676,-0.042564766626609574,-0.19546042589812018,0.5,1.3894893297609192,0.3734603721033868,1.8411582211743682,0.638888888888889
cap500_lower10,25.0,2025-05-31_2026-04-30,12,1.0854261471679956,-0.14610708694572017,1.0854261471679956,-0.14610708694572017,1.2315332341137157,0.7821133089019473,1.2250901905978424,-0.14626235216308747,-0.29138146686445754,0.5833333333333334,1.4346587910619553,0.8305384501922788,1.7805786263719008,0.5833333333333334
cap500_lower10,25.0,2025-06-30_2026-05-31,12,1.0774155590399306,-0.18541351506394133,1.0774155590399306,-0.18541351506394133,1.262829074103872,0.7825585894456722,1.2194927433986502,-0.15095917978005668,-0.34737666250868915,0.5833333333333334,1.492622154695234,0.8425224902786039,1.8717629981042516,0.5833333333333334
cap500_lower10,25.0,2025-07-31_2026-06-30,12,1.033287450759671,-0.1667764227923394,1.033287450759671,-0.1667764227923394,1.2000638735520104,0.7846536790513882,1.1886235664811466,-0.15237424781375652,-0.34737666250868904,0.5833333333333334,1.4096771742241387,0.6948610049805852,1.7057847464148823,0.638888888888889
chronos2_cross_cap_rank_ensemble,25.0,2019-01-31_2019-12-31,12,0.19599267551595356,-0.0907583313333864,0.19599267551595356,-0.0907583313333864,0.28675100684933996,0.12817814079503506,1.4624279846276609,-0.007201249697555756,-0.08173242622854304,0.5833333333333334,1.3336272327569567,-0.8451473351769768,0.1171065446495505,0.5555555555555556
chronos2_cross_cap_rank_ensemble,25.0,2019-02-28_2020-01-31,12,0.1969918339750305,-0.15374678206850467,0.1969918339750305,-0.15374678206850467,0.3507386160435352,0.12805226688907934,1.4703732938412704,-0.007201249697555867,-0.157070533612218,0.5833333333333334,1.6112900070252942,-0.45937131732725356,0.12179460038915413,0.5277777777777778
chronos2_cross_cap_rank_ensemble,25.0,2019-03-31_2020-02-29,12,0.1894510277252266,-0.2983301643039218,0.1894510277252266,-0.2983301643039218,0.4877811920291484,0.12913215562483796,1.4093727054982816,-0.009609371302106706,-0.2968733323797681,0.6666666666666666,2.070016145423058,-0.07653682999438922,0.16850219678155276,0.5277777777777778
chronos2_cross_cap_rank_ensemble,25.0,2019-04-30_2020-03-31,12,0.43503562629016934,-0.26938100433105683,0.43503562629016934,-0.26938100433105683,0.7044166306212262,0.22810529536667132,1.7022495608524133,-0.009609371302106817,-0.2897384073692094,0.6666666666666666,2.4973001089876368,0.2476541912129946,0.5702463921049701,0.5833333333333334
chronos2_cross_cap_rank_ensemble,25.0,2019-05-31_2020-04-30,12,0.4338377668358371,-0.23441422140073764,0.4338377668358371,-0.23441422140073764,0.6682519882365747,0.22824237701190273,1.6975761057399397,-0.009609371302106706,-0.2897384073692094,0.5833333333333334,2.2602414905653303,0.20354797888981893,0.535899219263446,0.611111111111111
chronos2_cross_cap_rank_ensemble,25.0,2019-06-30_2020-05-31,12,0.431448037224444,-0.22854562482453433,0.431448037224444,-0.22854562482453433,0.6599936620489784,0.2285055189728984,1.6883274443440581,-0.009609371302106706,-0.2897384073692095,0.5833333333333334,2.2024312782832345,0.19136705894245445,0.52684467042282,0.6666666666666666
chronos2_cross_cap_rank_ensemble,25.0,2019-07-31_2020-06-30,12,0.43264290203014055,-0.1941752572672133,0.43264290203014055,-0.1941752572672133,0.6268181592973538,0.22837246547715456,1.692960100910396,-0.009609371302106706,-0.2827760862119635,0.5833333333333334,1.955906360524678,0.1411579645156023,0.5015631917484908,0.6388888888888888
chronos2_cross_cap_rank_ensemble,25.0,2019-08-31_2020-07-31,12,0.4040731228675478,-0.1722348942847023,0.4040731228675478,-0.1722348942847023,0.5763080171522501,0.2305821869946253,1.588637891514351,-0.009609371302106595,-0.27948217627529803,0.5,1.753087397227644,0.11622450328630342,0.4611521327981585,0.6666666666666666
chronos2_cross_cap_rank_ensemble,25.0,2019-09-30_2020-08-31,12,0.4509536822804059,-0.21057570090232802,0.4509536822804059,-0.21057570090232802,0.6615293831827339,0.22789904273859368,1.7536051014150946,-0.009609371302106817,-0.27948217627529803,0.5,1.9845216882392362,0.10277025947346338,0.5126150981618105,0.6666666666666666
chronos2_cross_cap_rank_ensemble,25.0,2019-10-31_2020-09-30,12,0.4497435457647423,-0.1766274605970889,0.4497435457647423,-0.1766274605970889,0.6263710063618312,0.22803669778860614,1.7488921497643606,-0.009609371302106817,-0.2794821762752979,0.5,1.7676014084838472,0.0654769217193063,0.4959720045209244,0.6944444444444445
chronos2_cross_cap_rank_ensemble,25.0,2019-11-30_2020-10-31,12,0.5031902033348479,-0.06643817837031618,0.5031902033348479,-0.06643817837031618,0.569628381705164,0.24123509704945328,1.8191430136641422,-0.009609371302106817,-0.2794821762752979,0.5,1.5369562859351658,0.22664990380441952,0.5508868301666054,0.6666666666666666
chronos2_cross_cap_rank_ensemble,25.0,2019-12-31_2020-11-30,12,0.43068172254381665,-0.050871312509224054,0.43068172254381665,-0.050871312509224054,0.4815530350530407,0.2550709472201111,1.53271907341507,-0.05509028526734716,-0.2358764964179022,0.5,1.2167942022253353,0.15779089862534001,0.4733150560948789,0.6388888888888888
chronos2_cross_cap_rank_ensemble,25.0,2020-01-31_2020-12-31,12,0.15439633646656392,-0.013079995771551722,0.15439633646656392,-0.013079995771551722,0.16747633223811564,0.2802028682850281,0.6364185470421653,-0.16053361934319532,-0.16758179221927783,0.4166666666666667,0.4840126872302376,0.28001891800322193,0.18732576234952303,0.6666666666666666
chronos2_cross_cap_rank_ensemble,25.0,2020-02-29_2021-01-31,12,0.3085728087826318,0.14471568274700242,0.3085728087826318,0.14471568274700242,0.1638571260356294,0.3024624188455152,1.0304078001952384,-0.16053361934319532,-0.07033476780972703,0.4166666666666667,0.4468450962584842,0.38068121465650945,0.2788030467079814,0.6666666666666666
chronos2_cross_cap_rank_ensemble,25.0,2020-03-31_2021-02-28,12,0.3157695930335558,0.3187076559568369,0.3157695930335558,0.3187076559568369,-0.0029380629232811373,0.30184335477968305,1.0505965932302967,-0.16053361934319532,-0.07033476780972703,0.4166666666666667,0.08586548663312608,0.6651385086753498,0.12966011661188204,0.6944444444444443
chronos2_cross_cap_rank_ensemble,25.0,2020-04-30_2021-03-31,12,0.49081412575883765,0.2712264885896778,0.49081412575883765,0.2712264885896778,0.21958763716915985,0.42364210220607573,1.127096341640083,-0.16053361934319543,-0.07033476780972714,0.4166666666666667,0.50751850555095,0.27665557690540354,0.4920597848813659,0.6388888888888888
chronos2_cross_cap_rank_ensemble,25.0,2020-05-31_2021-04-30,12,0.5020232545239418,0.2511461011810818,0.5020232545239418,0.2511461011810818,0.25087715334286,0.422891067687004,1.1468330750370357,-0.16053361934319532,-0.07033476780972703,0.5,0.5623364330935268,0.28736200189846806,0.5055996855946452,0.611111111111111
chronos2_cross_cap_rank_ensemble,25.0,2020-06-30_2021-05-31,12,0.5020232545239418,0.22018559574957508,0.5020232545239418,0.22018559574957508,0.28183765877436673,0.422891067687004,1.1468330750370357,-0.16053361934319532,-0.07033476780972703,0.5,0.6246324909728993,0.32842057068056385,0.5035131841917602,0.611111111111111
chronos2_cross_cap_rank_ensemble,25.0,2020-07-31_2021-06-30,12,0.5020232545239416,0.1787337447456181,0.5020232545239416,0.1787337447456181,0.3232895097783235,0.422891067687004,1.1468330750370357,-0.16053361934319532,-0.07033476780972703,0.5,0.715175493080443,0.4014443804638994,0.5016454029649935,0.611111111111111
chronos2_cross_cap_rank_ensemble,25.0,2020-08-31_2021-07-31,12,0.500769478852386,0.17406019021811336,0.500769478852386,0.17406019021811336,0.3267092886342726,0.4229823430391902,1.1446154625489675,-0.16053361934319532,-0.0471551797914731,0.5,0.7232204386489737,0.40830733223518434,0.5010530587413429,0.638888888888889
chronos2_cross_cap_rank_ensemble,25.0,2020-09-30_2021-08-31,12,0.45470386905687854,0.29094300690606567,0.45470386905687854,0.29094300690606567,0.16376086215081287,0.42487233843299244,1.0649916018944894,-0.16053361934319532,-0.0471551797914731,0.4166666666666667,0.43986441009316496,0.547102313592049,0.3536673534179726,0.5833333333333334
chronos2_cross_cap_rank_ensemble,25.0,2020-10-31_2021-09-30,12,0.4559181460761246,0.285307502281577,0.4559181460761246,0.285307502281577,0.1706106437945476,0.4247889001634085,1.0671625493683101,-0.16053361934319532,-0.04715517979147299,0.4166666666666667,0.45372762752314555,0.5674930730613417,0.35103962388121346,0.5555555555555555
chronos2_cross_cap_rank_ensemble,25.0,2020-11-30_2021-10-31,12,0.30073516085409513,0.164192612882329,0.30073516085409513,0.164192612882329,0.13654254797176613,0.4144764737348505,0.8041923408540068,-0.11159090909090907,-0.04715517979147299,0.4166666666666667,0.4140594414161885,0.2727355753373037,0.3318380528582081,0.5555555555555555
chronos2_cross_cap_rank_ensemble,25.0,2020-12-31_2021-11-30,12,0.6690921449376956,0.10075285366229347,0.6690921449376956,0.10075285366229347,0.5683392912754022,0.441604886785753,1.3607392238859553,-0.005821537612847316,-0.04715517979147321,0.5,1.1541432419560447,0.8730398705992848,0.6525068792121109,0.5555555555555555
chronos2_cross_cap_rank_ensemble,25.0,2021-01-31_2021-12-31,12,0.9241457071214041,0.1311417024200292,0.9241457071214041,0.1311417024200292,0.7930040047013749,0.4068901522027731,1.810480451980931,-0.005821537612847427,-0.04715517979147299,0.5833333333333334,1.4858914944392607,0.36626174418333335,0.9557090929735708,0.5555555555555555
chronos2_cross_cap_rank_ensemble,25.0,2021-02-28_2022-01-31,12,0.6610752213907662,0.1035559333431273,0.6610752213907662,0.1035559333431273,0.557519288047639,0.4071541328967502,1.429297647807542,-0.023055555555555496,-0.008710521467504728,0.5,1.1318307085933934,-0.612553550716019,0.8731633387070981,0.5277777777777777
chronos2_cross_cap_rank_ensemble,25.0,2021-03-31_2022-02-28,12,0.6624629199884191,0.1814244316261513,0.6624629199884191,0.1814244316261513,0.4810384883622678,0.4070411079045089,1.4317418227804555,-0.024683796296296245,-0.008710521467504728,0.4166666666666667,0.9618528469486584,-2.110568365973995,1.47318113031656,0.5
chronos2_cross_cap_rank_ensemble,25.0,2021-04-30_2022-03-31,12,0.23239319572051786,0.2056999327796627,0.23239319572051786,0.2056999327796627,0.026693262940855167,0.21434020337629017,1.0704685394071294,-0.024683796296296356,-0.008710521467504728,0.3333333333333333,0.16712742833631067,-0.8605497306280661,0.4721606496652957,0.49999999999999994
chronos2_cross_cap_rank_ensemble,25.0,2021-05-31_2022-04-30,12,0.22319623157335,0.20202014645819677,0.22319623157335,0.20202014645819677,0.02117608511515323,0.21500937977086038,1.0322547075898498,-0.024683796296296356,-0.011058901373715124,0.3333333333333333,0.14823215168058884,-0.748880185690124,0.42858083080093445,0.5277777777777778
chronos2_cross_cap_rank_ensemble,25.0,2021-06-30_2022-05-31,12,0.30487878459995077,0.1547230806668567,0.30487878459995077,0.1547230806668567,0.15015570393309408,0.21849672286154442,1.3208944616253866,-0.024683796296296245,-0.04389760737316839,0.4166666666666667,0.557438256078098,-0.8599438652586915,0.5044027850058874,0.5277777777777778
chronos2_cross_cap_rank_ensemble,25.0,2021-07-31_2022-06-30,12,0.38106019821295867,0.14515293481688385,0.38106019821295867,0.14515293481688385,0.23590726339607482,0.21903540384359046,1.5839651415083182,-0.024683796296296356,-0.04389760737316839,0.5,0.8174350755709769,-0.8786786710769964,0.5843872577214051,0.5833333333333334
chronos2_cross_cap_rank_ensemble,25.0,2021-08-31_2022-07-31,12,0.43759482188494725,0.16719366722844042,0.43759482188494725,0.16719366722844042,0.2704011546565068,0.21643784851774137,1.791635692692376,-0.024683796296296356,-0.04389760737316839,0.5833333333333334,0.9089590094974808,-0.7870506929019923,0.6519074576736941,0.5555555555555556
chronos2_cross_cap_rank_ensemble,25.0,2021-09-30_2022-08-31,12,0.45652505067152016,0.11990803732841937,0.45652505067152016,0.11990803732841937,0.3366170133431008,0.21468658226963916,1.867586491073157,-0.024683796296296356,-0.04389760737316817,0.6666666666666666,1.1429827782607127,-0.5503188005337943,0.5787255221073628,0.6111111111111112
chronos2_cross_cap_rank_ensemble,25.0,2021-10-31_2022-09-30,12,0.4466850239044291,0.07700156092153554,0.4466850239044291,0.07700156092153554,0.36968346298289356,0.21596354032750617,1.8252875749489639,-0.024683796296296245,-0.04389760737316828,0.6666666666666666,1.3234314359892485,-0.4596527097702512,0.5251170477435079,0.6666666666666666
chronos2_cross_cap_rank_ensemble,25.0,2021-11-30_2022-10-31,12,0.43589781163007935,0.0837751064100245,0.43589781163007935,0.0837751064100245,0.35212270522005484,0.21711422250652077,1.7810697168407408,-0.024683796296296245,-0.04389760737316839,0.6666666666666666,1.2601675163967683,-0.4932182692531391,0.522408526203127,0.6944444444444445
chronos2_cross_cap_rank_ensemble,25.0,2021-12-31_2022-11-30,12,0.18227187514284227,0.04089310124175727,0.18227187514284227,0.04089310124175727,0.141378773901085,0.09363857746986322,1.842498089963474,-0.024683796296296245,-0.052330809109684795,0.6666666666666666,0.9145115462404959,-0.2958547183731378,0.20194518680878448,0.7222222222222222
chronos2_cross_cap_rank_ensemble,25.0,2022-01-31_2022-12-31,12,0.15621976505237667,0.03139589518781816,0.15621976505237667,0.03139589518781816,0.12482386986455851,0.09378425079460306,1.598997030414412,-0.01088882558925719,-0.0538908420070876,0.6666666666666666,0.8196484849531337,-0.2938454275633106,0.1722726858213206,0.6666666666666666
chronos2_cross_cap_rank_ensemble,25.0,2022-02-28_2023-01-31,12,0.18054739161304667,-0.006523085673795559,0.18054739161304667,-0.006523085673795559,0.18707047728684223,0.08731294578419167,1.9529325524902734,-0.0117844570642609,-0.053890842007087936,0.6666666666666666,1.4622002736823088,-0.1026619674627832,0.18401277886648915,0.7222222222222223
chronos2_cross_cap_rank_ensemble,25.0,2022-03-31_2023-02-28,12,0.2457834628760529,-0.03763942955797195,0.2457834628760529,-0.03763942955797195,0.28342289243402485,0.09357353381210762,2.411829052226855,-0.011784457064261011,-0.05860315994470999,0.75,2.235939757217972,-0.03443449969610163,0.24902685152562798,0.7222222222222222
chronos2_cross_cap_rank_ensemble,25.0,2022-04-30_2023-03-31,12,0.22732741157418546,-0.0433257664262765,0.22732741157418546,-0.0433257664262765,0.27065317800046196,0.09585100632656596,2.1980297906291284,-0.011784457064261011,-0.052003665957635614,0.75,2.1065117963626503,-0.10161698063923856,0.22708192835123464,0.7777777777777777
chronos2_cross_cap_rank_ensemble,25.0,2022-05-31_2023-04-30,12,0.23150762832204497,-0.07213752035282106,0.23150762832204497,-0.07213752035282106,0.30364514867486603,0.0951329811871006,2.2503321202976965,-0.011784457064260678,-0.07596598010903766,0.75,2.3669444843845673,0.01419647972429833,0.23762937157638842,0.7499999999999999
chronos2_cross_cap_rank_ensemble,25.0,2022-06-30_2023-05-31,12,0.15441794892786342,-0.0361282154897381,0.15441794892786342,-0.0361282154897381,0.19054616441760153,0.08145613498625431,1.8097364504615683,-0.0117844570642609,-0.07596598010903755,0.6666666666666666,1.9661552005184697,0.3037892644815061,0.16982961630673477,0.75
chronos2_cross_cap_rank_ensemble,25.0,2022-07-31_2023-06-30,12,0.08891218384974464,-0.0028433046031512976,0.08891218384974464,-0.0028433046031512976,0.09175548845289594,0.0656971680525385,1.3304658626871482,-0.0117844570642609,-0.07596598010903743,0.5833333333333334,0.873131299733676,0.08216665819022335,0.09097344628824122,0.7222222222222222
chronos2_cross_cap_rank_ensemble,25.0,2022-08-31_2023-07-31,12,0.044583028237675126,-0.031389184091800915,0.044583028237675126,-0.031389184091800915,0.07597221232947604,0.056915137194044826,0.7930706974587416,-0.011784457064261122,-0.0655917893195096,0.5,0.738200563527817,-0.12755119081732916,0.04219375227682254,0.75
chronos2_cross_cap_rank_ensemble,25.0,2022-09-30_2023-08-31,12,0.029519001409658685,-0.014331580574544756,0.029519001409658685,-0.014331580574544756,0.04385058198420344,0.05615111961024584,0.5436532719528623,-0.011110014662152667,-0.06559178931950937,0.5,0.4397788173465958,-0.09875920044967108,0.029735569528078987,0.6944444444444445
chronos2_cross_cap_rank_ensemble,25.0,2022-10-31_2023-09-30,12,0.026177249874613118,-0.04883569016310929,0.026177249874613118,-0.04883569016310929,0.07501294003772241,0.05687270016682794,0.4801147241736696,-0.021794819197987647,-0.06327241269436523,0.5833333333333334,0.7850050583106408,-0.007238486673482027,0.027298515116898292,0.6388888888888888
chronos2_cross_cap_rank_ensemble,25.0,2022-11-30_2023-10-31,12,0.026177249874613118,-8.074453772832779e-05,0.026177249874613118,-8.074453772832779e-05,0.026257994412341445,0.05687270016682794,0.48011472417366974,-0.023425161165991026,-0.04084242285001627,0.5,0.21231733590586355,-0.030738952387873983,0.02776947139951491,0.6388888888888888
chronos2_cross_cap_rank_ensemble,25.0,2022-12-31_2023-11-30,12,0.03144848269790601,0.06162621592425688,0.03144848269790601,0.06162621592425688,-0.030177733226350867,0.056715913936783,0.5718611167575448,-0.023425161165991137,-0.04084242285001627,0.4166666666666667,-0.2861190223111213,-0.0508858944704775,0.03625367747993535,0.638888888888889
chronos2_cross_cap_rank_ensemble,25.0,2023-01-31_2023-12-31,12,0.027227832611425695,0.05389394652891433,0.027227832611425695,0.05389394652891433,-0.026666113917488632,0.05695057045377315,0.4975388412141637,-0.023425161165991137,-0.04084242285001627,0.4166666666666667,-0.2563485092210143,-0.041082602986883175,0.031079246298731045,0.6944444444444443
chronos2_cross_cap_rank_ensemble,25.0,2023-02-28_2024-01-31,12,0.027227832611425917,0.06910062416905749,0.027227832611425917,0.06910062416905749,-0.04187279155763157,0.05695057045377315,0.4975388412141637,-0.024938361531228748,-0.04084242285001627,0.4166666666666667,-0.38527673083243574,-0.05022294084741447,0.03235425036354589,0.6944444444444445
chronos2_cross_cap_rank_ensemble,25.0,2023-03-31_2024-02-29,12,-0.07324095054384006,0.07105311702696282,-0.07324095054384006,0.07105311702696282,-0.14429406757080288,0.0486172100284972,-1.5365602211290799,-0.07175128987345436,-0.04084242285001627,0.3333333333333333,-1.5734373947701958,0.09984168862814555,-0.07893163290068506,0.6666666666666666
chronos2_cross_cap_rank_ensemble,25.0,2023-04-30_2024-03-31,12,-0.02910956339780002,0.04605177038880415,-0.02910956339780002,0.04605177038880415,-0.07516133378660417,0.07075278963448442,-0.3844833115554968,-0.07175128987345436,-0.028914327222309355,0.4166666666666667,-0.6709407413837983,0.01266613787368306,-0.02746884746699807,0.6388888888888888
chronos2_cross_cap_rank_ensemble,25.0,2023-05-31_2024-04-30,12,0.25594014579722635,0.05087612226469651,0.25594014579722635,0.05087612226469651,0.20506402353252984,0.3055949676108144,0.8725810648883033,-0.07020162591664858,-0.04720745865673304,0.4166666666666667,0.5991411140409627,-1.707328144131746,0.4222469987281401,0.638888888888889
chronos2_cross_cap_rank_ensemble,25.0,2023-06-30_2024-05-31,12,0.170336820012984,0.06029804021364593,0.170336820012984,0.06029804021364593,0.11003877979933807,0.31869248158579666,0.623206474692444,-0.06971183096894662,-0.04720745865673304,0.4166666666666667,0.36873673343828023,-1.7990055565278829,0.35871507472417474,0.6666666666666666
chronos2_cross_cap_rank_ensemble,25.0,2023-07-31_2024-06-30,12,0.17335261200437424,0.046802268590376395,0.17335261200437424,0.046802268590376395,0.12655034341399785,0.31853513001497225,0.6315837683081812,-0.06971183096894673,-0.04720745865673304,0.4166666666666667,0.41394245433338794,-1.9712460323031207,0.3418276445776114,0.6944444444444445
chronos2_cross_cap_rank_ensemble,25.0,2023-08-31_2024-07-31,12,0.20056824539016116,0.10318514893952901,0.20056824539016116,0.10318514893952901,0.09738309645063215,0.317733954806734,0.7058895111341787,-0.06971183096894673,-0.04720745865673315,0.4166666666666667,0.3270856967057069,-1.3963833374599914,0.43698703880160905,0.6388888888888888
chronos2_cross_cap_rank_ensemble,25.0,2023-09-30_2024-08-31,12,0.455545866205737,0.08473288946892565,0.455545866205737,0.08473288946892565,0.37081297673681135,0.3696139782419812,1.1805813802796459,-0.06971183096894673,-0.04720745865673315,0.4166666666666667,0.8137424211215347,-1.8503826762513285,0.7890545102097277,0.7222222222222222
chronos2_cross_cap_rank_ensemble,25.0,2023-10-31_2024-09-30,12,0.478801822288645,0.12170948346779942,0.478801822288645,0.12170948346779942,0.35709233882084557,0.3677468875412024,1.229552832292069,-0.06971183096894673,-0.047207458656732815,0.3333333333333333,0.7717379919295926,-2.334159449214752,1.0331358080999866,0.7499999999999999
chronos2_cross_cap_rank_ensemble,25.0,2023-11-30_2024-10-31,12,0.5121356132386157,0.004734660022875703,0.5121356132386157,0.004734660022875703,0.50740095321574,0.36580363437078317,1.2976025785316483,-0.06971183096894673,-0.07254414974326939,0.4166666666666667,1.09258518712453,-1.5154611634571185,0.6164376069993558,0.7499999999999999
chronos2_cross_cap_rank_ensemble,25.0,2023-12-31_2024-11-30,12,0.504407821679967,-0.026522408525777696,0.504407821679967,-0.026522408525777696,0.5309302302057447,0.36639111281395514,1.2815254454766012,-0.06971183096894673,-0.07702368625268241,0.5,1.1651565035518827,-1.511265405287928,0.5353383369935669,0.75
chronos2_cross_cap_rank_ensemble,25.0,2024-01-31_2024-12-31,12,0.5169759739078699,-0.013699490369203038,0.5169759739078699,-0.013699490369203038,0.5306754642770729,0.3654517942377246,1.3076221677818631,-0.06971183096894673,-0.07702368625268208,0.5,1.152737125371338,-1.5664211929132583,0.5766941321339054,0.6944444444444445
chronos2_cross_cap_rank_ensemble,25.0,2024-02-29_2025-01-31,12,0.5195106037723769,-0.14290566323586873,0.5195106037723769,-0.14290566323586873,0.6624162670082456,0.36524497371003023,1.3129257582837546,-0.06971183096894684,-0.18252959118595857,0.5833333333333334,1.4672289219226728,-0.45943695689118436,0.5029188311633559,0.6388888888888888
chronos2_cross_cap_rank_ensemble,25.0,2024-03-31_2025-02-28,12,0.5947105761791818,-0.10676537761977256,0.5947105761791818,-0.10676537761977256,0.7014759537989543,0.35557174653011786,1.480931835566838,-0.06971183096894662,-0.1825295911859588,0.5833333333333334,1.4834362801378316,-0.4806075833268707,0.5989248182176841,0.6944444444444443
chronos2_cross_cap_rank_ensemble,25.0,2024-04-30_2025-03-31,12,0.5667331914553386,-0.06461005552580057,0.5667331914553386,-0.06461005552580057,0.6313432469811392,0.35598123042554214,1.4277274708895515,-0.06971183096894684,-0.18252959118595868,0.5,1.313674207453265,-0.47096779758233187,0.6061490233235196,0.6388888888888888
chronos2_cross_cap_rank_ensemble,25.0,2024-05-31_2025-04-30,12,0.2604248300742551,0.02942056800377868,0.2604248300742551,0.02942056800377868,0.23100426207047642,0.22671335253180933,1.125250160204154,-0.003331250000000008,-0.18252959118595857,0.4166666666666667,0.7126968970489314,-0.08079283888881354,0.2916378807756619,0.6666666666666666
chronos2_cross_cap_rank_ensemble,25.0,2024-06-30_2025-05-31,12,0.3526175693868554,-0.019239253194651806,0.3526175693868554,-0.019239253194651806,0.3718568225815072,0.20621189521504296,1.5670987370642502,-0.003331249999999897,-0.18252959118595835,0.5,1.188299018592456,-0.009814193071837611,0.3755339075242625,0.638888888888889
chronos2_cross_cap_rank_ensemble,25.0,2024-07-31_2025-06-30,12,0.37958148606394726,0.03150250800801424,0.37958148606394726,0.03150250800801424,0.348078978055933,0.20433363264362264,1.6790691456721616,-0.003331250000000008,-0.1825295911859589,0.5,1.033804438195745,-0.00567540742280116,0.4029099213444032,0.5555555555555556
chronos2_cross_cap_rank_ensemble,25.0,2024-08-31_2025-07-31,12,0.8563692467970456,0.02082724764079913,0.8563692467970456,0.02082724764079913,0.8355419991562465,0.39821328108033577,1.7460933145749389,-0.003331250000000008,-0.1720911800730176,0.5833333333333334,1.6266084424378842,0.4385965603313994,0.9348941314796262,0.5555555555555555
chronos2_cross_cap_rank_ensemble,25.0,2024-09-30_2025-08-31,12,1.6977193810577305,0.07082064647411035,1.6977193810577305,0.07082064647411035,1.62689873458362,0.8015104448764667,1.5520747049586643,-0.003331249999999897,-0.1720911800730176,0.5833333333333334,1.4891353163355847,1.0068830346496405,2.018200315070303,0.5555555555555555
chronos2_cross_cap_rank_ensemble,25.0,2024-10-31_2025-09-30,12,1.7016883034288912,0.07787885846139209,1.7016883034288912,0.07787885846139209,1.6238094449674991,0.8013132237254047,1.5543018889374192,-0.0033312499999997858,-0.11858833109117162,0.5833333333333334,1.4811303688777773,0.9873167843527935,2.0089081193785456,0.5555555555555555
chronos2_cross_cap_rank_ensemble,25.0,2024-11-30_2025-10-31,12,1.8073143303943535,0.1960061542824556,1.8073143303943535,0.1960061542824556,1.611308176111898,0.7977921511382702,1.611188582109834,-0.003331250000000119,-0.11795970406671652,0.5833333333333334,1.3932830728224868,0.8813452444505451,1.8983636495586302,0.5555555555555556
chronos2_cross_cap_rank_ensemble,25.0,2024-12-31_2025-11-30,12,1.693213008944471,0.22133541890163522,1.693213008944471,0.22133541890163522,1.4718775900428358,0.8048287941414161,1.5466855260808368,-0.042243224605869045,-0.11795970406671652,0.5,1.298000505646394,0.8207160831022404,1.7786850964298786,0.5833333333333334
chronos2_cross_cap_rank_ensemble,25.0,2025-01-31_2025-12-31,12,1.6743678423807231,0.17166648362633885,1.6743678423807231,0.17166648362633885,1.5027013587543843,0.8057929524490343,1.536100489901766,-0.043397095989507806,-0.03669877287899381,0.5,1.346111094989529,0.8880925008593503,1.8161984509655014,0.6111111111111112
chronos2_cross_cap_rank_ensemble,25.0,2025-02-28_2026-01-31,12,1.8514830351575027,0.31334945156909844,1.8514830351575027,0.31334945156909844,1.5381335835884042,0.7991674860229564,1.6316363221932229,-0.043397095989507806,-0.04758367670999886,0.5,1.2957040029007147,1.0601577328743697,1.6230865327999773,0.638888888888889
chronos2_cross_cap_rank_ensemble,25.0,2025-03-31_2026-02-28,12,2.1697634609560588,0.08257309459079365,2.1697634609560588,0.08257309459079365,2.087190366365265,0.7899754738354936,1.791563100710663,-0.04339709598950792,-0.18488813271044613,0.5833333333333334,1.6609634248212446,0.46869070926967565,2.653634029236265,0.638888888888889
chronos2_cross_cap_rank_ensemble,25.0,2025-04-30_2026-03-31,12,1.997381899756943,0.028079656548997578,1.997381899756943,0.028079656548997578,1.9693022432079454,0.798935208285693,1.7015867869673942,-0.043397095989507806,-0.19546042589812018,0.5833333333333334,1.6552683393536771,0.6252176709424242,2.52830222208939,0.7222222222222222
chronos2_cross_cap_rank_ensemble,25.0,2025-05-31_2026-04-30,12,1.723621177075064,-0.14610708694572017,1.723621177075064,-0.14610708694572017,1.8697282640207842,0.8137712021235588,1.5536588459040173,-0.08111849250890069,-0.29138146686445754,0.6666666666666666,1.7855663988079888,0.9862879492850332,2.7395036799067123,0.7222222222222223
chronos2_cross_cap_rank_ensemble,25.0,2025-06-30_2026-05-31,12,1.7340064654088203,-0.18541351506394133,1.7340064654088203,-0.18541351506394133,1.9194199804727616,0.813233759713814,1.559366542334628,-0.08111849250890057,-0.34737666250868915,0.6666666666666666,1.8571078955519837,0.9989135708261597,2.91001372068926,0.7222222222222222
chronos2_cross_cap_rank_ensemble,25.0,2025-07-31_2026-06-30,12,1.6781648300859273,-0.1667764227923394,1.6781648300859273,-0.1667764227923394,1.8449412528782667,0.8158906824451863,1.5287540469555283,-0.08111849250890069,-0.34737666250868904,0.6666666666666666,1.7694651293697514,0.8273045059879812,2.6676438311452033,0.75
