model,cost_bps,period,months,strategy_total_return,benchmark_total_return,strategy_cagr,benchmark_cagr,excess_cagr,strategy_volatility,strategy_sharpe_rf0,strategy_max_drawdown,benchmark_max_drawdown,active_hit_rate,information_ratio,beta_to_benchmark,annualized_alpha_rf0,average_monthly_turnover
cap300_composite,25.0,2015-01-31_2015-12-31,12,0.0,-0.12747006008062733,0.0,-0.12747006008062733,0.12747006008062733,0.0,,0.0,-0.2346154234110901,0.5,0.7954681733349814,0.0,0.0,0.0
cap300_composite,25.0,2015-02-28_2016-01-31,12,0.016054624861049138,-0.12464244015822579,0.016054624861049138,-0.12464244015822579,0.14069706501927493,0.016054624861049124,0.9999999999999999,0.0,-0.2346154234110902,0.5,0.894870625059392,0.031091630560304142,0.019993539340658062,0.08333333333333333
cap300_composite,25.0,2015-03-31_2016-02-29,12,0.1456100266047473,-0.12200466014015787,0.1456100266047473,-0.12200466014015787,0.2676146867449052,0.1270587221478781,1.1298943212581853,0.0,-0.1902603904171294,0.5833333333333334,1.452200099992954,0.17298260723207676,0.1768407554146263,0.1111111111111111
cap300_composite,25.0,2015-04-30_2016-03-31,12,0.20085260995707177,-0.048726200591690305,0.20085260995707177,-0.048726200591690305,0.24957881054876208,0.13118883249120883,1.4618929957623228,0.0,-0.19026039041712928,0.5833333333333334,1.3506094577540857,0.17645712401822078,0.21819221520111554,0.16666666666666666
cap300_composite,25.0,2015-05-31_2016-04-30,12,0.1767108811095901,-0.08042168629585977,0.1767108811095901,-0.08042168629585977,0.2571325674054499,0.13533547311983932,1.2685529369641124,-0.020103823439534874,-0.13984875260474772,0.5833333333333334,1.4616447767646,0.22146061847523127,0.2054364904706265,0.16666666666666666
cap300_composite,25.0,2015-06-30_2016-05-31,12,0.3411674360822743,0.021583559353247406,0.3411674360822743,0.021583559353247406,0.3195838767290269,0.1829914750159937,1.70193577523588,-0.020103823439534874,-0.12048239811387595,0.5833333333333334,1.560391839351061,0.5233731003101492,0.3397451638808946,0.2222222222222222
cap300_composite,25.0,2015-07-31_2016-06-30,12,0.47098445075845286,0.08609325121736311,0.47098445075845286,0.08609325121736311,0.38489119954108975,0.19332347046120305,2.1116617505573845,-0.020103823439534874,-0.06335332759593715,0.5833333333333334,1.725057385692606,0.6007429535701245,0.41678328872435344,0.25
cap300_composite,25.0,2015-08-31_2016-07-31,12,0.5846884322973278,0.19435729107699262,0.5846884322973278,0.19435729107699262,0.3903311412203352,0.19393695820481208,2.5035540615871867,-0.020103823439534874,-0.010009943632593221,0.5833333333333334,1.66021163022344,0.6908874973632205,0.4228721545091976,0.2777777777777778
cap300_composite,25.0,2015-09-30_2016-08-31,12,0.7605524478911019,0.27010420996995776,0.7605524478911019,0.27010420996995776,0.4904482379211441,0.2003261366427811,2.9776877812374747,-0.020103823439534874,-0.010009943632593332,0.5833333333333334,1.7664091468312033,0.5284760194668172,0.5818884089966856,0.3333333333333333
cap300_composite,25.0,2015-10-31_2016-09-30,12,0.9573750173247304,0.2171792753369357,0.9573750173247304,0.2171792753369357,0.7401957419877947,0.2012558960820926,3.519422867992727,-0.020103823439534874,-0.010009943632593221,0.6666666666666666,2.698026603104783,1.0617186027749512,0.6254932935289161,0.3888888888888889
cap300_composite,25.0,2015-11-30_2016-10-31,12,1.2799245594300053,0.15802517726789156,1.2799245594300053,0.15802517726789156,1.1218993821621137,0.2154923226800612,4.051612513042354,-0.020103823439534874,-0.05046191183613391,0.6666666666666666,2.8933756278977714,-0.39326232396769845,1.4553313003157884,0.4166666666666667
cap300_composite,25.0,2015-12-31_2016-11-30,12,1.3195869394444277,0.15325670090751609,1.3195869394444277,0.15325670090751609,1.1663302385369116,0.20970934429815744,4.246295034365354,-0.020103823439534874,-0.05046191183613402,0.6666666666666666,3.0790616132125517,-0.3258423283829032,1.4685434619730313,0.4166666666666666
cap300_composite,25.0,2016-01-31_2016-12-31,12,1.4461177767862807,0.1471553785298949,1.4461177767862807,0.1471553785298949,1.2989623982563858,0.1952479246507167,4.840187751716228,-0.020103823439534874,-0.05046191183613402,0.75,3.4842426044426853,-0.35626499346825463,1.6025885046636277,0.4444444444444444
cap300_composite,25.0,2016-02-29_2017-01-31,12,1.656673535290437,0.12910312615333996,1.656673535290437,0.12910312615333996,1.527570409137097,0.18386613497555282,5.615477143927034,-0.020103823439534985,-0.05046191183613391,0.8333333333333334,4.2875858385306485,-0.1622567178702969,1.7435588446442245,0.4166666666666667
cap300_composite,25.0,2016-03-31_2017-02-28,12,1.2857537704493893,0.1492046756740173,1.2857537704493893,0.1492046756740173,1.136549094775372,0.21058401059143572,4.155469763439339,-0.02991228606075913,-0.05046191183613402,0.75,2.9460318487787993,-0.48402263464998013,1.482798996274131,0.4166666666666667
cap300_composite,25.0,2016-04-30_2017-03-31,12,1.424319896561435,0.17503808646495478,1.424319896561435,0.17503808646495478,1.2492818100964802,0.21203497118359024,4.426724321138702,-0.029912286060758908,-0.05046191183613402,0.75,3.0947111723886738,-0.5049810485592773,1.668140690906033,0.38888888888888884
cap300_composite,25.0,2016-05-31_2017-04-30,12,1.2825531478231524,0.19627580709932912,1.2825531478231524,0.19627580709932912,1.0862773407238233,0.24603782176979436,3.582047069099809,-0.07740512895168505,-0.05046191183613402,0.75,2.4586521918330244,-0.731523561330062,1.6521876775091608,0.4444444444444444
cap300_composite,25.0,2016-06-30_2017-05-31,12,0.8916674345329729,0.16211773486732262,0.8916674345329729,0.16211773486732262,0.7295496996656503,0.2653111220588186,2.5861561695539175,-0.12853860011071683,-0.05046191183613402,0.6666666666666666,1.727191460712181,-1.251042052109147,1.3363521655644228,0.4444444444444445
cap300_composite,25.0,2016-07-31_2017-06-30,12,0.7695135229433749,0.11985678631409691,0.7695135229433749,0.11985678631409691,0.649656736629278,0.2632193443119769,2.3376352489005616,-0.12853860011071672,-0.05046191183613402,0.6666666666666666,1.6184837443663975,-1.5775931698328196,1.1679301340134782,0.47222222222222227
cap300_composite,25.0,2016-08-31_2017-07-31,12,0.5462153224345121,0.08878533946639733,0.5462153224345121,0.08878533946639733,0.45742998296811477,0.28292652869835994,1.6943076975069777,-0.1583447664327441,-0.05046191183613402,0.5833333333333334,1.2037725948563074,-1.8068438320547755,0.8624380733711887,0.5
cap300_composite,25.0,2016-09-30_2017-08-31,12,0.6273583288167432,0.09996258200034913,0.6273583288167432,0.09996258200034913,0.5273957468163941,0.3041084798140024,1.7680104306800806,-0.1583447664327441,-0.05046191183613402,0.5833333333333334,1.2866698261517426,-1.7320509843871434,0.9890039047162666,0.5
cap300_composite,25.0,2016-10-31_2017-09-30,12,0.5472519369025977,0.1075588143605537,0.5472519369025977,0.1075588143605537,0.43969312254204396,0.2957668670183821,1.6328368192636327,-0.1583447664327441,-0.0004923640702735321,0.5833333333333334,1.1297835297791408,-1.709317561433855,0.9060597664493959,0.47222222222222215
cap300_composite,25.0,2016-11-30_2017-10-31,12,0.2868513956271568,0.1559996199134983,0.2868513956271568,0.1559996199134983,0.13085177571365847,0.26951674239933143,1.0645234380969135,-0.1583447664327442,-0.008932388259170088,0.5,0.5189788437067805,0.40391262304318787,0.25298024454462253,0.5
cap300_composite,25.0,2016-12-31_2017-11-30,12,0.25770215283572684,0.19992461049678534,0.25770215283572684,0.19992461049678534,0.0577775423389415,0.2711048450879333,0.9732811454403053,-0.1583447664327441,-0.008932388259169977,0.5,0.2761123727298053,-0.1749229408600242,0.34011779904575024,0.5555555555555556
cap300_composite,25.0,2017-01-31_2017-12-31,12,0.6684682359252672,0.24773371905633135,0.6684682359252672,0.24773371905633135,0.4207345168689358,0.465390107273873,1.307026844450583,-0.1583447664327442,-0.008932388259170088,0.5,0.8451789152977262,1.6589221059172146,0.26083067655683534,0.5277777777777778
cap300_composite,25.0,2017-02-28_2018-01-31,12,0.7337428356088773,0.22472528642954592,0.7337428356088773,0.22472528642954592,0.5090175491793314,0.4726812007981944,1.378200698282137,-0.1583447664327442,-0.008932388259170088,0.5,0.9563035486685628,1.1728468324829526,0.49488505713891584,0.5
cap300_composite,25.0,2017-03-31_2018-02-28,12,0.7558879934676814,0.11150665310004948,0.7558879934676814,0.11150665310004948,0.644381340367632,0.4704303642111807,1.4111345180851282,-0.1583447664327442,-0.06307407298992962,0.5833333333333334,1.2230684156190688,1.2742752152666357,0.6669611706259082,0.49999999999999994
cap300_composite,25.0,2017-04-30_2018-03-31,12,0.8892299189571076,0.054403018339003184,0.8892299189571076,0.054403018339003184,0.8348269006181044,0.4887027153168501,1.5311310503193387,-0.08773042211809612,-0.09250223900477905,0.5833333333333334,1.4186398201927246,0.6057077889554011,0.998264864591466,0.5277777777777778
cap300_composite,25.0,2017-05-31_2018-04-30,12,1.1513541960619,0.042771960341875914,1.1513541960619,0.042771960341875914,1.1085822357200241,0.4649544373878458,1.884646659782777,-0.05864834070602176,-0.09416874157139277,0.6666666666666666,1.8004919209382524,0.6756081187506421,1.2607407275884635,0.49999999999999994
cap300_composite,25.0,2017-06-30_2018-05-31,12,1.454578166275879,-0.005226881237519021,1.454578166275879,-0.005226881237519021,1.459805047513398,0.44339250946949393,2.2765579693774507,-0.05864834070602176,-0.12207676452647664,0.75,2.3195596785854704,0.7805115428155085,1.634062861307679,0.5
cap300_composite,25.0,2017-07-31_2018-06-30,12,1.4078016079087141,0.0163507796990916,1.4078016079087141,0.0163507796990916,1.3914508282096225,0.4466091235543167,2.2163833010794183,-0.03671813752604358,-0.12207676452647676,0.6666666666666666,2.1839169362084427,0.6182487141994537,1.5553715913001191,0.47222222222222215
cap300_composite,25.0,2017-08-31_2018-07-31,12,1.3568727460360437,0.02633003466478856,1.3568727460360437,0.02633003466478856,1.3305427113712551,0.4538584192305196,2.1371111928225974,-0.07855943656720954,-0.12207676452647653,0.6666666666666666,2.0637814035962836,0.4881470652614733,1.5043851833331687,0.47222222222222215
cap300_composite,25.0,2017-09-30_2018-08-31,12,0.9851471542551233,0.012828519177035869,0.9851471542551233,0.012828519177035869,0.9723186350780875,0.4521150408860262,1.7374501559470001,-0.09250927314440394,-0.12207676452647664,0.5833333333333334,1.6968215737382062,0.5169900599099054,1.1202375605388166,0.47222222222222227
cap300_composite,25.0,2017-10-31_2018-09-30,12,0.9010309085219201,-0.028994428060318933,0.9010309085219201,-0.028994428060318933,0.9300253365822391,0.45523006641465524,1.6271693624351764,-0.09250927314440383,-0.12207676452647676,0.5833333333333334,1.6900567359359242,0.6084420730966429,1.0788253374391652,0.47222222222222227
cap300_composite,25.0,2017-11-30_2018-10-31,12,1.0048506332258742,0.017470333624036494,1.0048506332258742,0.017470333624036494,0.9873802996018377,0.4464318837691505,1.7777457052643475,-0.09250927314440394,-0.12207676452647676,0.5833333333333334,1.7063659129569355,0.38238958553127184,1.1375207535980683,0.49999999999999994
cap300_composite,25.0,2017-12-31_2018-11-30,12,1.6023270574862782,-0.025356283802123625,1.6023270574862782,-0.025356283802123625,1.6276833412884018,0.4906130944167731,2.2216574091100125,-0.09250927314440383,-0.12207676452647687,0.6666666666666666,2.382523472175956,1.5113102182873301,1.919253934725302,0.5277777777777778
cap300_composite,25.0,2018-01-31_2018-12-31,12,0.9290770318166388,-0.01099995180484914,0.9290770318166388,-0.01099995180484914,0.940076983621488,0.3582900623094652,2.032004199043186,-0.09250927314440383,-0.12095719505337177,0.5833333333333334,1.9617933706464514,0.0759457816509879,1.0282452602898524,0.5833333333333334
cap300_composite,25.0,2018-02-28_2019-01-31,12,0.6851564909925376,-0.023323412109537922,0.6851564909925376,-0.023323412109537922,0.7084799031020755,0.3495478304481232,1.6680267087848177,-0.09250927314440383,-0.06297476655901424,0.5833333333333334,1.6523822718063546,0.13248961967176565,0.7709779869712814,0.6111111111111112
cap300_composite,25.0,2018-03-31_2019-02-28,12,0.8551057165969245,0.045204178762284775,0.8551057165969245,0.045204178762284775,0.8099015378346397,0.3430883172368036,1.9882308823710189,-0.09250927314440394,-0.032589089243883484,0.5833333333333334,1.7393477188340665,-0.3279705202857688,0.9708634947717396,0.638888888888889
cap300_composite,25.0,2018-04-30_2019-03-31,12,0.26851579533103864,0.07686204312787948,0.26851579533103864,0.07686204312787948,0.19165375220315917,0.38180832225768396,0.7959462580495117,-0.18204652390073917,-0.031039511736595693,0.5,0.5971235282898902,0.6530156967254565,0.28465543122366754,0.6111111111111112
cap300_composite,25.0,2018-05-31_2019-04-30,12,0.04996400459327366,0.03769148450195714,0.04996400459327366,0.03769148450195714,0.012272520091316519,0.410559168846297,0.2993268452814326,-0.2887123423852267,-0.04957195403333192,0.4166666666666667,0.20769809825313565,1.2667164741383135,0.07270465623734479,0.6666666666666666
cap300_composite,25.0,2018-06-30_2019-05-31,12,0.05604525590502085,0.09645960452265201,0.05604525590502085,0.09645960452265201,-0.04041434861763116,0.411723993214662,0.31364053975613565,-0.2887123423852268,-0.04957195403333203,0.4166666666666667,0.08603078073888532,1.912896036040126,-0.05377546110431308,0.6388888888888888
cap300_composite,25.0,2018-07-31_2019-06-30,12,0.028161936336028592,0.07648721996967378,0.028161936336028592,0.07648721996967378,-0.04832528363364519,0.4128857255457934,0.24839893343939434,-0.2887123423852268,-0.04957195403333203,0.4166666666666667,0.06514660957317003,1.9953669372293883,-0.051216814957891876,0.6666666666666666
cap300_composite,25.0,2018-08-31_2019-07-31,12,0.20653465531026383,0.051509897202665744,0.20653465531026383,0.051509897202665744,0.15502475810759808,0.4069990459081219,0.6447639761773084,-0.2887123423852268,-0.04957195403333203,0.5,0.5534633234688224,1.924690470697356,0.17014823511055277,0.6666666666666666
cap300_composite,25.0,2018-09-30_2019-08-31,12,0.19169632116163715,0.032217370272061396,0.19169632116163715,0.032217370272061396,0.15947895088957575,0.4083783781319507,0.6129271654351789,-0.2887123423852268,-0.05569706120271434,0.5,0.5703056512241376,1.880390004055969,0.1988158916413285,0.6388888888888888
cap300_composite,25.0,2018-10-31_2019-09-30,12,0.305909938057606,0.0680196854801034,0.305909938057606,0.0680196854801034,0.23789025257750263,0.41757491372318034,0.8317646656400334,-0.2887123423852267,-0.05569706120271445,0.5,0.7218059838345908,2.0849569737399594,0.22156672330400484,0.6666666666666666
cap300_composite,25.0,2018-11-30_2019-10-31,12,0.28547436121071024,-0.007313909877188718,0.28547436121071024,-0.007313909877188718,0.29278827108789895,0.41818471431769455,0.7923210868205609,-0.2887123423852267,-0.07977064350808971,0.5833333333333334,0.8758262487981487,2.1888408289116157,0.39683882401898685,0.638888888888889
cap300_composite,25.0,2018-12-31_2019-11-30,12,0.10720014744546802,0.01695714726683817,0.10720014744546802,0.01695714726683817,0.09024300017862985,0.3227676555381585,0.4719805721336381,-0.2887123423852268,-0.07977064350808971,0.5833333333333334,0.4597007719240934,1.6168058570575066,0.12403876662395952,0.5833333333333334
cap300_composite,25.0,2019-01-31_2019-12-31,12,-0.055757476712644305,-0.0907583313333864,-0.055757476712644305,-0.0907583313333864,0.035000854620742095,0.3454978712508579,-0.000842427458364982,-0.2887123423852269,-0.08173242622854304,0.5833333333333334,0.30793735298400576,2.210143808632671,0.21815770701231085,0.5833333333333334
cap300_composite,25.0,2019-02-28_2020-01-31,12,-0.1278638964548271,-0.15374678206850467,-0.1278638964548271,-0.15374678206850467,0.025882885613677575,0.35345892825032216,-0.2172381287503049,-0.2887123423852268,-0.157070533612218,0.5833333333333334,0.2800706678197294,1.777506749619248,0.2253061524777391,0.5555555555555555
cap300_composite,25.0,2019-03-31_2020-02-29,12,-0.2059787968378124,-0.2983301643039218,-0.2059787968378124,-0.2983301643039218,0.09235136746610939,0.3401855403764972,-0.5104785039806321,-0.19427404807531323,-0.2968733323797681,0.5833333333333334,0.48907508994093374,0.6752327061848844,0.05029867377491026,0.5277777777777777
cap300_composite,25.0,2019-04-30_2020-03-31,12,-0.19836228550525603,-0.26938100433105683,-0.19836228550525603,-0.26938100433105683,0.0710187188258008,0.33603436276091236,-0.4934356321039094,-0.3346318685533467,-0.2897384073692094,0.5833333333333334,0.3591393908056407,0.4480338300825387,-0.03580159954350237,0.5555555555555555
cap300_composite,25.0,2019-05-31_2020-04-30,12,-0.08072911125012783,-0.23441422140073764,-0.08072911125012783,-0.23441422140073764,0.15368511015060982,0.31103492637117636,-0.12283551743148946,-0.336495255877569,-0.2897384073692094,0.5833333333333334,0.6291466560675375,0.395906347147676,0.05948367682398392,0.49999999999999994
cap300_composite,25.0,2019-06-30_2020-05-31,12,-0.20975579120265075,-0.22854562482453433,-0.20975579120265075,-0.22854562482453433,0.018789833621883578,0.3016044971782506,-0.6311149721271746,-0.3817387397848361,-0.2897384073692095,0.5,0.13074024570875215,0.21160870201395987,-0.13190974833718916,0.5555555555555555
cap300_composite,25.0,2019-07-31_2020-06-30,12,-0.04431717847845418,-0.1941752572672133,-0.04431717847845418,-0.1941752572672133,0.14985807878875912,0.3621085583772435,0.040828872754172275,-0.3817387397848361,-0.2827760862119635,0.5833333333333334,0.5641165887008527,0.4908576763106171,0.1136577462509949,0.5555555555555555
cap300_composite,25.0,2019-08-31_2020-07-31,12,-0.1756474838508083,-0.1722348942847023,-0.1756474838508083,-0.1722348942847023,-0.003412589566106017,0.3567136647299575,-0.3751131272342607,-0.3817387397848361,-0.27948217627529803,0.5,0.0801770164453626,0.4267202331327287,-0.06230777723835146,0.5277777777777778
cap300_composite,25.0,2019-09-30_2020-08-31,12,-0.18473620002671376,-0.21057570090232802,-0.18473620002671376,-0.21057570090232802,0.025839500875614263,0.3574023066579328,-0.40439807259465066,-0.3817387397848361,-0.27948217627529803,0.5833333333333334,0.173500698529797,0.42778119890821564,-0.05401266497178758,0.5555555555555555
cap300_composite,25.0,2019-10-31_2020-09-30,12,-0.08878186718392012,-0.1766274605970889,-0.08878186718392012,-0.1766274605970889,0.08784559341316878,0.42349420221828604,-0.032991737160968426,-0.38173873978483597,-0.2794821762752979,0.5833333333333334,0.37638924194380463,0.6612307551831719,0.09935413619683842,0.5555555555555556
cap300_composite,25.0,2019-11-30_2020-10-31,12,-0.10356164974259896,-0.06643817837031618,-0.10356164974259896,-0.06643817837031618,-0.03712347137228278,0.42352104433341536,-0.07150443594110327,-0.3817387397848361,-0.2794821762752979,0.5,0.013191802003733042,0.54520755934231,-0.010726237222881907,0.5
cap300_composite,25.0,2019-12-31_2020-11-30,12,-0.04448814043579086,-0.050871312509224054,-0.04448814043579086,-0.050871312509224054,0.0063831720734331965,0.45054583553179917,0.09538268684019847,-0.30093095096843037,-0.2358764964179022,0.5,0.14283063798207957,0.6348759945496003,0.0559803389305531,0.5277777777777778
cap300_composite,25.0,2020-01-31_2020-12-31,12,0.25617787895868416,-0.013079995771551722,0.25617787895868416,-0.013079995771551722,0.2692578747302359,0.45615473757672803,0.7042916107500867,-0.24441369563975535,-0.16758179221927783,0.5833333333333334,0.6613016764184405,0.49622621217008356,0.3603432628636618,0.5277777777777778
cap300_composite,25.0,2020-02-29_2021-01-31,12,0.8085823760605169,0.14471568274700242,0.8085823760605169,0.14471568274700242,0.6638666933135144,0.5323966821464986,1.367632877985942,-0.23266557476734417,-0.07033476780972703,0.5833333333333334,1.0897670865412121,0.6405953556115404,0.8334573352682573,0.5277777777777778
cap300_composite,25.0,2020-03-31_2021-02-28,12,1.2698150468567206,0.3187076559568369,1.2698150468567206,0.3187076559568369,0.9511073908998837,0.5521541330025291,1.7734959627203086,-0.10271449511728681,-0.07033476780972703,0.5833333333333334,1.2328792320153963,0.4033296141954773,1.2973386065674566,0.5555555555555556
cap300_composite,25.0,2020-04-30_2021-03-31,12,1.7017995173753877,0.2712264885896778,1.7017995173753877,0.2712264885896778,1.43057302878571,0.4917913526101882,2.3107499603048636,-0.10271449511728681,-0.07033476780972714,0.5833333333333334,1.8247345104941868,0.6538234141625247,1.5406487661305963,0.5277777777777778
cap300_composite,25.0,2020-05-31_2021-04-30,12,1.8595594368377517,0.2511461011810818,1.8595594368377517,0.2511461011810818,1.6084133356566699,0.48255827765890125,2.475626389067591,-0.10271449511728692,-0.07033476780972703,0.6666666666666666,2.013585914569501,0.6345659069958792,1.7182713554212117,0.5555555555555555
cap300_composite,25.0,2020-06-30_2021-05-31,12,2.426507552639431,0.22018559574957508,2.426507552639431,0.22018559574957508,2.206321956889856,0.44651984690281726,3.08917689143471,-0.10271449511728692,-0.07033476780972703,0.75,2.6964240049242902,0.7177035852297381,2.213504730315788,0.49999999999999994
cap300_composite,25.0,2020-07-31_2021-06-30,12,3.039379233723926,0.1787337447456181,3.039379233723926,0.1787337447456181,2.8606454889783075,0.52600791961965,3.0252887037539535,-0.037976107551810356,-0.07033476780972703,0.75,2.7261953343789798,0.6443022130353445,3.025351174553177,0.5
cap300_composite,25.0,2020-08-31_2021-07-31,12,3.4193354536984097,0.17406019021811336,3.4193354536984097,0.17406019021811336,3.2452752634802966,0.49610097117445273,3.3845105434277016,-0.01703672352811747,-0.0471551797914731,0.8333333333333334,3.0937605933045202,0.6720235027962316,3.3427661823797816,0.5
cap300_composite,25.0,2020-09-30_2021-08-31,12,2.6218068028325816,0.29094300690606567,2.6218068028325816,0.29094300690606567,2.3308637959265157,0.5862096840337515,2.5681063108138122,-0.2115862860692197,-0.0471551797914731,0.75,2.060414223453482,0.025416186459961233,3.105052060657381,0.5
cap300_composite,25.0,2020-10-31_2021-09-30,12,1.817811751281719,0.285307502281577,1.817811751281719,0.285307502281577,1.532504249000142,0.592195501479114,2.077382458234579,-0.23947747988704005,-0.04715517979147299,0.6666666666666666,1.5596457335255665,-0.4344978971899613,2.574919382524945,0.47222222222222215
cap300_composite,25.0,2020-11-30_2021-10-31,12,1.941259279071113,0.164192612882329,1.941259279071113,0.164192612882329,1.777066666188784,0.5846992230041315,2.1781458423158515,-0.23947747988704016,-0.04715517979147299,0.75,1.890956554587996,0.2803585658452553,2.222292132403996,0.5555555555555555
cap300_composite,25.0,2020-12-31_2021-11-30,12,1.2358416557197018,0.10075285366229347,1.2358416557197018,0.10075285366229347,1.1350888020574084,0.611366506133916,1.6182909182220842,-0.29255307274529363,-0.04715517979147321,0.6666666666666666,1.4312284396091985,-0.10654492851293788,1.6132832631352816,0.5277777777777778
cap300_composite,25.0,2021-01-31_2021-12-31,12,1.0670028778544984,0.1311417024200292,1.0670028778544984,0.1311417024200292,0.9358611754344692,0.6050658650050618,1.490033030526503,-0.2925530727452934,-0.04715517979147299,0.6666666666666666,1.2693377873304885,0.18713783207332133,1.3327283344894254,0.49999999999999994
cap300_composite,25.0,2021-02-28_2022-01-31,12,0.8064965271101017,0.1035559333431273,0.8064965271101017,0.1035559333431273,0.7029405937669744,0.5478868319687962,1.3391224818746497,-0.2925530727452935,-0.008710521467504728,0.6666666666666666,1.1017137004347854,-1.7586135538703243,1.4102920748403371,0.49999999999999994
cap300_composite,25.0,2021-03-31_2022-02-28,12,0.4518613241287941,0.1814244316261513,0.4518613241287941,0.1814244316261513,0.2704368925026428,0.5163149978565122,0.9511335347968464,-0.2925530727452934,-0.008710521467504728,0.5833333333333334,0.6150123802698736,-0.4399741680471376,0.7380049446950767,0.49999999999999994
cap300_composite,25.0,2021-04-30_2022-03-31,12,0.678387053224204,0.2056999327796627,0.678387053224204,0.2056999327796627,0.4726871204445413,0.520295891843253,1.2386235062416364,-0.2925530727452935,-0.008710521467504728,0.6666666666666666,0.8619868558231151,-0.5217800655634539,1.0575305587681498,0.5277777777777778
cap300_composite,25.0,2021-05-31_2022-04-30,12,0.8921741339172411,0.20202014645819677,0.8921741339172411,0.20202014645819677,0.6901539874590443,0.537853334247537,1.4481406529275318,-0.2925530727452935,-0.011058901373715124,0.6666666666666666,1.0726542591634298,-1.5685199935451377,1.7928747753194187,0.5
cap300_composite,25.0,2021-06-30_2022-05-31,12,0.2613238538352207,0.1547230806668567,0.2613238538352207,0.1547230806668567,0.10660077316836403,0.6212197543660518,0.6545635349039718,-0.29255307274529363,-0.04389760737316839,0.5833333333333334,0.425532367020382,1.746296662338861,0.1597295649608843,0.5
cap300_composite,25.0,2021-07-31_2022-06-30,12,-0.1589799545548347,0.14515293481688385,-0.1589799545548347,0.14515293481688385,-0.30413288937171856,0.483620670063695,-0.1217087586072282,-0.30673669693645433,-0.04389760737316839,0.5,-0.42233699343753905,1.6779896503253189,-0.2560810546524026,0.49999999999999994
cap300_composite,25.0,2021-08-31_2022-07-31,12,-0.34301868307699446,0.16719366722844042,-0.34301868307699446,0.16719366722844042,-0.5102123503054349,0.5209648469713146,-0.5416133835424722,-0.44737310393378693,-0.04389760737316839,0.4166666666666667,-0.854506866939344,0.9142548898523131,-0.35268135191435146,0.5277777777777778
cap300_composite,25.0,2021-09-30_2022-08-31,12,-0.1142697609223966,0.11990803732841937,-0.1142697609223966,0.11990803732841937,-0.23417779825081597,0.48385706818454244,-0.0158109622101691,-0.44737310393378693,-0.04389760737316817,0.5,-0.26024173797067923,0.7793241000815994,-0.09458305612287898,0.5277777777777778
cap300_composite,25.0,2021-10-31_2022-09-30,12,-0.14573013026257342,0.07700156092153554,-0.14573013026257342,0.07700156092153554,-0.22273169118410896,0.487738126387723,-0.08593308300146635,-0.453505033501615,-0.04389760737316828,0.5,-0.24842092101352914,1.2829037525642957,-0.1319512564478338,0.5277777777777778
cap300_composite,25.0,2021-11-30_2022-10-31,12,-0.13871758662040157,0.0837751064100245,-0.13871758662040157,0.0837751064100245,-0.22249269303042607,0.4884975456680511,-0.06844570094188254,-0.453505033501615,-0.04389760737316839,0.5,-0.24359868477835156,1.3511954414507537,-0.1365112447625466,0.5277777777777778
cap300_composite,25.0,2021-12-31_2022-11-30,12,0.38906088456278765,0.04089310124175727,0.38906088456278765,0.04089310124175727,0.3481677833210304,0.6535506756113494,0.7934037582463475,-0.45350503350161486,-0.052330809109684795,0.5833333333333334,0.704758467127614,-1.4540494538704194,0.764607997730895,0.5277777777777778
cap300_composite,25.0,2022-01-31_2022-12-31,12,0.21956331478200708,0.03139589518781816,0.21956331478200708,0.03139589518781816,0.18816741959418892,0.6597455476949037,0.5871463546096647,-0.4535050335016151,-0.0538908420070876,0.5,0.5195917828158665,-1.4066241663425596,0.5337542184551487,0.5833333333333333
cap300_composite,25.0,2022-02-28_2023-01-31,12,0.37345604352710104,-0.006523085673795559,0.37345604352710104,-0.006523085673795559,0.3799791292008966,0.7064843565138395,0.7562389184422835,-0.453505033501615,-0.053890842007087936,0.5,0.7358711511581608,-2.772637939312908,0.668701773057462,0.6388888888888888
cap300_composite,25.0,2022-03-31_2023-02-28,12,0.2544350158961102,-0.03763942955797195,0.2544350158961102,-0.03763942955797195,0.2920744454540821,0.7184459586387519,0.6238487577681767,-0.453505033501615,-0.05860315994470999,0.5,0.6547963325957116,-2.845063796909976,0.405527535202757,0.611111111111111
cap300_composite,25.0,2022-04-30_2023-03-31,12,0.10913273170251125,-0.0433257664262765,0.10913273170251125,-0.0433257664262765,0.15245849812878776,0.710678917795121,0.44546079977349273,-0.453505033501615,-0.052003665957635614,0.4166666666666667,0.48700176002801987,-3.8424498919216887,0.16578229783292597,0.6388888888888888
cap300_composite,25.0,2022-05-31_2023-04-30,12,-0.29961627620435827,-0.07213752035282106,-0.29961627620435827,-0.07213752035282106,-0.2274787558515372,0.7354861284477155,-0.16576930444755233,-0.3152025111583945,-0.07596598010903766,0.3333333333333333,-0.0668739082512161,-0.93217835051406,-0.1734870498512855,0.6666666666666666
cap300_composite,25.0,2022-06-30_2023-05-31,12,0.04005187324104953,-0.0361282154897381,0.04005187324104953,-0.0361282154897381,0.07618008873078763,0.6912709318211591,0.34580331271801495,-0.3152025111583946,-0.07596598010903755,0.4166666666666667,0.38381096837173584,-2.5613025370679887,0.16160154537453764,0.7222222222222222
cap300_composite,25.0,2022-07-31_2023-06-30,12,0.22015094346261033,-0.0028433046031512976,0.22015094346261033,-0.0028433046031512976,0.22299424806576162,0.6875545374094643,0.5822581177304261,-0.3152025111583947,-0.07596598010903743,0.5,0.5674639350842919,-1.3008106443285339,0.48307891843338857,0.75
cap300_composite,25.0,2022-08-31_2023-07-31,12,0.47113707873410093,-0.031389184091800915,0.47113707873410093,-0.031389184091800915,0.5025262628259018,0.6442885316642579,0.8758596343301046,-0.3152025111583946,-0.0655917893195096,0.5,0.9149136671643835,-0.03084986133172048,0.7342518276461549,0.7222222222222222
cap300_composite,25.0,2022-09-30_2023-08-31,12,0.6551528373862152,-0.014331580574544756,0.6551528373862152,-0.014331580574544756,0.66948441796076,0.6613598909214465,1.0542841698004775,-0.3152025111583946,-0.06559178931950937,0.5,1.0661700560027234,-0.000795416501249859,0.9694356170960867,0.7222222222222222
cap300_composite,25.0,2022-10-31_2023-09-30,12,0.6593745147813999,-0.04883569016310929,0.6593745147813999,-0.04883569016310929,0.7082102049445091,0.6608639393869977,1.058666127501515,-0.3152025111583946,-0.06327241269436523,0.5,1.1354829392521342,0.848285832616867,1.0500794677325387,0.7499999999999999
cap300_composite,25.0,2022-11-30_2023-10-31,12,0.5998179876222696,-8.074453772832779e-05,0.5998179876222696,-8.074453772832779e-05,0.5998987321599979,0.6629732107992531,0.9989321421884502,-0.3152025111583946,-0.04084242285001627,0.4166666666666667,0.9879983375760217,0.22691969614564922,0.9037379718393828,0.7222222222222222
cap300_composite,25.0,2022-12-31_2023-11-30,12,-0.25028536285194336,0.06162621592425688,-0.25028536285194336,0.06162621592425688,-0.31191157877620024,0.6048901826451183,-0.18131011631504265,-0.3940786586387902,-0.04084242285001627,0.3333333333333333,-0.290726802634084,1.2125844012228242,-0.17150026286089493,0.7222222222222223
cap300_composite,25.0,2023-01-31_2023-12-31,12,-0.20393863881622398,0.05389394652891433,-0.20393863881622398,0.05389394652891433,-0.2578325853451383,0.6027414284042594,-0.0851638853272663,-0.3940786586387902,-0.04084242285001627,0.4166666666666667,-0.18094462384790969,1.1257797751902037,-0.1087975135036855,0.6944444444444445
cap300_composite,25.0,2023-02-28_2024-01-31,12,-0.4400253561765902,0.06910062416905749,-0.4400253561765902,0.06910062416905749,-0.5091259803456477,0.49693947369687785,-0.8857360296169583,-0.41092647460770215,-0.04084242285001627,0.3333333333333333,-1.0539991911669615,1.2517294848167106,-0.41760596346751544,0.6666666666666666
cap300_composite,25.0,2023-03-31_2024-02-29,12,-0.30984265745273953,0.07105311702696282,-0.30984265745273953,0.07105311702696282,-0.38089577447970235,0.5153373360599843,-0.44488581971348584,-0.41092647460770204,-0.04084242285001627,0.4166666666666667,-0.5938496663507915,0.9626755333179895,-0.26127675669596795,0.7222222222222222
cap300_composite,25.0,2023-04-30_2024-03-31,12,-0.30860671680375773,0.04605177038880415,-0.30860671680375773,0.04605177038880415,-0.3546584871925619,0.5154311669269551,-0.4413140834808496,-0.41092647460770215,-0.028914327222309355,0.5,-0.5421455716979128,0.8787151240793921,-0.23921496841447054,0.6666666666666666
cap300_composite,25.0,2023-05-31_2024-04-30,12,-0.17141743952305033,0.05087612226469651,-0.17141743952305033,0.05087612226469651,-0.22229356178774684,0.46171940203883033,-0.16975329651377294,-0.41092647460770215,-0.04720745865673304,0.5,-0.2790967217952741,-0.09325446116834221,-0.0709978989423895,0.6388888888888888
cap300_composite,25.0,2023-06-30_2024-05-31,12,-0.19965255249851932,0.06029804021364593,-0.19965255249851932,0.06029804021364593,-0.25995059271216525,0.45322929443806315,-0.25603315350444894,-0.41092647460770215,-0.04720745865673304,0.5,-0.3861923631956878,0.007152556628632712,-0.11046426287777755,0.611111111111111
cap300_composite,25.0,2023-07-31_2024-06-30,12,-0.2574371492946541,0.046802268590376395,-0.2574371492946541,0.046802268590376395,-0.3042394178850305,0.44047203645462646,-0.4425610562731242,-0.41092647460770215,-0.04720745865673304,0.4166666666666667,-0.5351527010554507,-0.4994905105533221,-0.15777731733799716,0.5277777777777778
cap300_composite,25.0,2023-08-31_2024-07-31,12,-0.25069230872042414,0.10318514893952901,-0.25069230872042414,0.10318514893952901,-0.35387745765995315,0.44006875532752676,-0.42312892113707873,-0.41092647460770226,-0.04720745865673315,0.4166666666666667,-0.628240100370224,-0.4443186755201647,-0.13175337625021877,0.5555555555555556
cap300_composite,25.0,2023-09-30_2024-08-31,12,-0.2988679538219873,0.08473288946892565,-0.2988679538219873,0.08473288946892565,-0.38360084329091293,0.40510420489476034,-0.6494456770494412,-0.3708433774195855,-0.04720745865673315,0.4166666666666667,-0.809307325606856,-0.5792921879777901,-0.19347877466891705,0.5555555555555556
cap300_composite,25.0,2023-10-31_2024-09-30,12,-0.17841888888245183,0.12170948346779942,-0.17841888888245183,0.12170948346779942,-0.30012837235025125,0.4170532945041536,-0.2466271687101788,-0.3708433774195855,-0.047207458656732815,0.5,-0.4978009078082958,-0.9272656963697872,0.007933417139672105,0.5555555555555556
cap300_composite,25.0,2023-11-30_2024-10-31,12,-0.29968400060581946,0.004734660022875703,-0.29968400060581946,0.004734660022875703,-0.30441866062869516,0.43804348858147474,-0.5730462548360957,-0.1443493273418508,-0.07254414974326939,0.5,-0.57929938030691,0.01606779890600457,-0.22418986330007928,0.5555555555555557
cap300_composite,25.0,2023-12-31_2024-11-30,12,0.12691400000601027,-0.026522408525777696,0.12691400000601027,-0.026522408525777696,0.15343640853178797,0.30651941242886876,0.5339900895224593,-0.1443493273418507,-0.07702368625268241,0.5833333333333334,0.631397733843719,0.8505413958806197,0.19829688900622133,0.6111111111111112
cap300_composite,25.0,2024-01-31_2024-12-31,12,0.30413354070174137,-0.013699490369203038,0.30413354070174137,-0.013699490369203038,0.3178330310709444,0.3388391816783131,0.9481363283947091,-0.1443493273418509,-0.07702368625268208,0.5833333333333334,1.014615314385736,0.9152403466932907,0.3838746055297366,0.5833333333333334
cap300_composite,25.0,2024-02-29_2025-01-31,12,0.20236838555403103,-0.14290566323586873,0.20236838555403103,-0.14290566323586873,0.34527404878989976,0.3693263689748098,0.675011524546373,-0.14971030852461764,-0.18252959118595857,0.5833333333333334,1.27862192201826,1.395513628849126,0.5511796294736935,0.5833333333333334
cap300_composite,25.0,2024-03-31_2025-02-28,12,-0.08824278677221775,-0.10676537761977256,-0.08824278677221775,-0.10676537761977256,0.01852259084755481,0.38998105037573644,-0.05366072491159898,-0.2791227771085303,-0.1825295911859588,0.5,0.21841038788951425,0.9122421284712721,0.07237765132738705,0.5555555555555556
cap300_composite,25.0,2024-04-30_2025-03-31,12,-0.0012039978805543639,-0.06461005552580057,-0.0012039978805543639,-0.06461005552580057,0.0634060576452462,0.4037907334930886,0.18612899665252078,-0.2791227771085302,-0.18252959118595868,0.5,0.35052508687457545,1.0143011629903875,0.13672441666261426,0.5555555555555555
cap300_composite,25.0,2024-05-31_2025-04-30,12,0.010759541729550737,0.02942056800377868,0.010759541729550737,0.02942056800377868,-0.018661026274227943,0.4008407456124082,0.2144061810166716,-0.2791227771085303,-0.18252959118595857,0.5,0.10675835067735999,0.5939724560500763,0.061511915571998754,0.5833333333333334
cap300_composite,25.0,2024-06-30_2025-05-31,12,-0.15106311330135258,-0.019239253194651806,-0.15106311330135258,-0.019239253194651806,-0.13182386010670077,0.4090841168523327,-0.2077318087713288,-0.35055532261051414,-0.18252959118595835,0.4166666666666667,-0.20494536061605312,0.669554198446733,-0.07929321432407943,0.5833333333333334
cap300_composite,25.0,2024-07-31_2025-06-30,12,-0.15546958111821219,0.03150250800801424,-0.15546958111821219,0.03150250800801424,-0.18697208912622643,0.4088244171467589,-0.22073569891721334,-0.35055532261051425,-0.1825295911859589,0.4166666666666667,-0.3479802950098062,0.5853138316233365,-0.11274812002753754,0.638888888888889
cap300_composite,25.0,2024-08-31_2025-07-31,12,-0.21040748428951206,0.02082724764079913,-0.21040748428951206,0.02082724764079913,-0.2312347319303112,0.4174134348466856,-0.36733760559539785,-0.4060696882162753,-0.1720911800730176,0.4166666666666667,-0.46209350808972055,0.5313743351908942,-0.16047865015794416,0.638888888888889
cap300_composite,25.0,2024-09-30_2025-08-31,12,0.48010825606559004,0.07082064647411035,0.48010825606559004,0.07082064647411035,0.4092876095914797,1.1887811015474712,0.6941997820656634,-0.4060696882162753,-0.1720911800730176,0.4166666666666667,0.6360893189940021,1.3486003501553046,0.9911452241655889,0.6666666666666666
cap300_composite,25.0,2024-10-31_2025-09-30,12,0.4266196003618039,0.07787885846139209,0.4266196003618039,0.07787885846139209,0.3487407419004118,1.188560113327787,0.6610969277874289,-0.4060696882162753,-0.11858833109117162,0.4166666666666667,0.5964720849868841,1.346490196907968,0.902309420510103,0.6666666666666666
cap300_composite,25.0,2024-11-30_2025-10-31,12,1.1735775253844274,0.1960061542824556,1.1735775253844274,0.1960061542824556,0.9775713711019718,1.1867114040087268,1.0396462638979522,-0.4060696882162753,-0.11795970406671652,0.5,0.8894014596852641,1.2101457177482169,1.6051284890136244,0.6944444444444445
cap300_composite,25.0,2024-12-31_2025-11-30,12,1.2293802905577715,0.22133541890163522,1.2293802905577715,0.22133541890163522,1.0080448716561363,1.186854997061421,1.063217095803025,-0.4060696882162752,-0.11795970406671652,0.5,0.8953554416315241,1.22301048097049,1.604715847489584,0.6388888888888888
cap300_composite,25.0,2025-01-31_2025-12-31,12,0.5952429718540904,0.17166648362633885,0.5952429718540904,0.17166648362633885,0.4235764882277515,1.2158145573183088,0.7665835208161306,-0.30149651614243955,-0.03669877287899381,0.4166666666666667,0.6383110276945163,1.5787325220644923,0.890383577000134,0.6666666666666666
cap300_composite,25.0,2025-02-28_2026-01-31,12,0.4911301816946687,0.31334945156909844,0.4911301816946687,0.31334945156909844,0.17778073012557027,1.228338316969228,0.7135897585344044,-0.3404764758180552,-0.04758367670999886,0.4166666666666667,0.4910209169476672,1.989103392715551,0.3634424641099516,0.6666666666666666
cap300_composite,25.0,2025-03-31_2026-02-28,12,0.3131938907606693,0.08257309459079365,0.3131938907606693,0.08257309459079365,0.23062079616987563,1.2525046008951612,0.6190489011696845,-0.5075774040509162,-0.18488813271044613,0.4166666666666667,0.5652234349072297,2.154019256483319,0.7273572758634341,0.6944444444444443
cap300_composite,25.0,2025-04-30_2026-03-31,12,0.19541033470829983,0.028079656548997578,0.19541033470829983,0.028079656548997578,0.16733067815930225,1.2531374773156814,0.5398191181728245,-0.5075774040509162,-0.19546042589812018,0.4166666666666667,0.5259542592875195,2.186808696369182,0.7476414534960234,0.75
cap300_composite,25.0,2025-05-31_2026-04-30,12,-0.004104484183201418,-0.14610708694572017,-0.004104484183201418,-0.14610708694572017,0.14200260276251875,1.281266238106675,0.409268191166362,-0.6247951934077713,-0.29138146686445754,0.4166666666666667,0.5512395309975464,2.6483487574390194,1.3227236691616429,0.7499999999999999
cap300_composite,25.0,2025-06-30_2026-05-31,12,0.24197652941188474,-0.18541351506394133,0.24197652941188474,-0.18541351506394133,0.42739004447582607,1.2726590867954113,0.5861316480493814,-0.6247951934077713,-0.34737666250868915,0.5,0.7749907603216366,2.3005846172125435,2.0016016622678023,0.6944444444444443
cap300_composite,25.0,2025-07-31_2026-06-30,12,0.26552437948430874,-0.1667764227923394,0.26552437948430874,-0.1667764227923394,0.43230080227664813,1.2719240492061992,0.6015046260210807,-0.6247951934077713,-0.34737666250868904,0.5,0.7697862017844935,2.1054114791540965,1.822410351925623,0.6666666666666666
cap300_composite,25.0,2025-08-31_2026-07-31,11,0.3956689931221944,-0.20361006057922837,0.43861461891941533,-0.2199234939209873,0.6585381128404026,1.3218548314084513,0.7083576172358431,-0.6247951934077713,-0.34737666250868904,0.5454545454545454,0.9411625684194496,2.4429304046999145,2.9767978804973185,0.6666666666666666
cap300_rank_ridge,25.0,2015-02-28_2016-01-31,12,0.0,-0.12464244015822579,0.0,-0.12464244015822579,0.12464244015822579,0.0,,0.0,-0.2346154234110902,0.5,0.7692360062999882,0.0,0.0,0.0
cap300_rank_ridge,25.0,2015-03-31_2016-02-29,12,0.0,-0.12200466014015787,0.0,-0.12200466014015787,0.12200466014015787,0.0,,0.0,-0.1902603904171294,0.5,0.7474014716436923,0.0,0.0,0.0
cap300_rank_ridge,25.0,2015-04-30_2016-03-31,12,0.0,-0.048726200591690305,0.0,-0.048726200591690305,0.048726200591690305,0.0,,0.0,-0.19026039041712928,0.5,0.2945970850581079,0.0,0.0,0.0
cap300_rank_ridge,25.0,2015-05-31_2016-04-30,12,0.0,-0.08042168629585977,0.0,-0.08042168629585977,0.08042168629585977,0.0,,0.0,-0.13984875260474772,0.5833333333333334,0.5552293857372526,0.0,0.0,0.0
cap300_rank_ridge,25.0,2015-06-30_2016-05-31,12,-0.038085331650382415,0.021583559353247406,-0.038085331650382415,0.021583559353247406,-0.05966889100362982,0.03808533165038239,-0.9999999999999999,-0.038085331650382415,-0.12048239811387595,0.5,-0.45156802191149265,-0.10443430086100317,-0.03446238267396573,0.08333333333333333
cap300_rank_ridge,25.0,2015-07-31_2016-06-30,12,0.0016613166845758087,0.08609325121736311,0.0016613166845758087,0.08609325121736311,-0.0844319345327873,0.05868552392238861,0.055124596420877366,-0.038085331650382415,-0.06335332759593715,0.5,-0.59943928562396,-0.007831257027593278,0.003955734011171552,0.13888888888888887
cap300_rank_ridge,25.0,2015-08-31_2016-07-31,12,-0.0645515158744493,0.19435729107699262,-0.0645515158744493,0.19435729107699262,-0.2589088069514419,0.08861422023497495,-0.709457224014739,-0.06610301451810541,-0.010009943632593221,0.4166666666666667,-1.625675460914817,-0.11241950291814566,-0.04129890837914385,0.16666666666666666
cap300_rank_ridge,25.0,2015-09-30_2016-08-31,12,-0.1934490771199724,0.27010420996995776,-0.1934490771199724,0.27010420996995776,-0.46355328708993015,0.1589469925088673,-1.2624350801983877,-0.1947867912582958,-0.010009943632593332,0.3333333333333333,-2.761274525622736,0.44167726066303914,-0.26839749503568333,0.19444444444444442
cap300_rank_ridge,25.0,2015-10-31_2016-09-30,12,-0.1713404448479494,0.2171792753369357,-0.1713404448479494,0.2171792753369357,-0.3885197201848851,0.164364210179482,-1.0540550803580702,-0.1947867912582958,-0.010009943632593221,0.4166666666666667,-2.2203402785239956,0.35834758331473376,-0.2192614444046933,0.24999999999999997
cap300_rank_ridge,25.0,2015-11-30_2016-10-31,12,-0.181290892385641,0.15802517726789156,-0.181290892385641,0.15802517726789156,-0.33931606965353256,0.16365065492376318,-1.1320261108755059,-0.1947867912582958,-0.05046191183613391,0.4166666666666667,-1.8761240855617565,0.1894538053668961,-0.19420158545876587,0.3055555555555555
cap300_rank_ridge,25.0,2015-12-31_2016-11-30,12,0.12499306990644676,0.15325670090751609,0.12499306990644676,0.15325670090751609,-0.028263631001069323,0.423482991366942,0.44594270912320605,-0.1947867912582958,-0.05046191183613402,0.5,0.10009199735030858,0.9609641257365423,0.04822432905027885,0.38888888888888884
cap300_rank_ridge,25.0,2016-01-31_2016-12-31,12,0.2767170346485295,0.1471553785298949,0.2767170346485295,0.1471553785298949,0.12956165611863457,0.43919930620976566,0.737058836586371,-0.1947867912582958,-0.05046191183613402,0.5833333333333334,0.4183196032909293,0.7514030834123167,0.23986888136951845,0.4444444444444444
cap300_rank_ridge,25.0,2016-02-29_2017-01-31,12,0.22280067919387658,0.12910312615333996,0.22280067919387658,0.12910312615333996,0.09369755304053662,0.4440326772950129,0.633929163223828,-0.1947867912582958,-0.05046191183613391,0.5833333333333334,0.3552893240143891,0.8171713274108143,0.19404174652781103,0.5
cap300_rank_ridge,25.0,2016-03-31_2017-02-28,12,0.22570856183368893,0.1492046756740173,0.22570856183368893,0.1492046756740173,0.07650388615967163,0.44390197906758877,0.6394729651173412,-0.1947867912582958,-0.05046191183613402,0.5833333333333334,0.31843244995585557,0.7215293561167584,0.19565083717207643,0.5833333333333334
cap300_rank_ridge,25.0,2016-04-30_2017-03-31,12,0.21174910321280516,0.17503808646495478,0.21174910321280516,0.17503808646495478,0.03671101674785038,0.44470942376260275,0.6127021630923922,-0.1947867912582958,-0.05046191183613402,0.5,0.24026390619298804,0.6566516810435093,0.17601864083674124,0.6666666666666666
cap300_rank_ridge,25.0,2016-05-31_2017-04-30,12,0.15346043475334437,0.19627580709932912,0.15346043475334437,0.19627580709932912,-0.04281537234598476,0.44995935333690357,0.4986483904294618,-0.1947867912582958,-0.05046191183613402,0.4166666666666667,0.08977664186462815,0.6865070259410123,0.10237556725043873,0.75
cap300_rank_ridge,25.0,2016-06-30_2017-05-31,12,0.2747073118878369,0.16211773486732262,0.2747073118878369,0.16211773486732262,0.11258957702051431,0.4473927946190596,0.7275126206596941,-0.1947867912582958,-0.05046191183613402,0.5,0.3907341881204411,1.1088510992033005,0.16564895131062052,0.75
cap300_rank_ridge,25.0,2016-07-31_2017-06-30,12,-0.017347398304879635,0.11985678631409691,-0.017347398304879635,0.11985678631409691,-0.13720418461897654,0.4996917102057837,0.17391057987498015,-0.22904992089462917,-0.05046191183613402,0.4166666666666667,-0.06094267543326019,1.483658698198706,-0.08278134485174515,0.7222222222222222
cap300_rank_ridge,25.0,2016-08-31_2017-07-31,12,0.04806699816238491,0.08878533946639733,0.04806699816238491,0.08878533946639733,-0.04071834130401242,0.4935668138113559,0.30202688889224566,-0.23208302381355828,-0.05046191183613402,0.4166666666666667,0.12835600757635987,2.017122745014185,-0.027977129000526624,0.75
cap300_rank_ridge,25.0,2016-09-30_2017-08-31,12,0.23771474663877012,0.09996258200034913,0.23771474663877012,0.09996258200034913,0.137752164638421,0.4656353564600562,0.6552057444866006,-0.2320830238135585,-0.05046191183613402,0.5,0.45834717568519323,1.7027398028349972,0.14697465421269618,0.7777777777777777
cap300_rank_ridge,25.0,2016-10-31_2017-09-30,12,0.16277432770942557,0.1075588143605537,0.16277432770942557,0.1075588143605537,0.05521551334887187,0.4694851078113886,0.5173324225673989,-0.24529552673574717,-0.0004923640702735321,0.4166666666666667,0.3014911708026188,1.5669447503825098,0.0809585634386929,0.8055555555555555
cap300_rank_ridge,25.0,2016-11-30_2017-10-31,12,0.2426861902868256,0.1559996199134983,0.2426861902868256,0.1559996199134983,0.08668657037332728,0.46930725098263976,0.6622096569686673,-0.24529552673574684,-0.008932388259170088,0.4166666666666667,0.3573008090908549,3.002706183274831,-0.12224613971484877,0.8333333333333334
cap300_rank_ridge,25.0,2016-12-31_2017-11-30,12,-0.0984539606727437,0.19992461049678534,-0.0984539606727437,0.19992461049678534,-0.29837857116952904,0.2756092860124602,-0.2410568135690942,-0.24529552673574684,-0.008932388259169977,0.3333333333333333,-0.8758997038325038,-0.2245608124874396,-0.02444115442579564,0.75
cap300_rank_ridge,25.0,2017-01-31_2017-12-31,12,-0.16020745433625416,0.24773371905633135,-0.16020745433625416,0.24773371905633135,-0.4079411733925855,0.24122664472513425,-0.5976654164100311,-0.2141773313335147,-0.008932388259170088,0.3333333333333333,-1.5539279678622575,0.6566098071077212,-0.25615557945129575,0.7222222222222222
cap300_rank_ridge,25.0,2017-02-28_2018-01-31,12,-0.13152901187166988,0.22472528642954592,-0.13152901187166988,0.22472528642954592,-0.3562542983012158,0.23896401718802848,-0.4664532100363604,-0.2141773313335148,-0.008932388259170088,0.3333333333333333,-1.3447371850220369,0.5995308409425352,-0.2116492851045172,0.7222222222222222
cap300_rank_ridge,25.0,2017-03-31_2018-02-28,12,-0.013838452787258482,0.11150665310004948,-0.013838452787258482,0.11150665310004948,-0.12534510588730796,0.28109285576029236,0.08670230177171387,-0.2141773313335149,-0.06307407298992962,0.4166666666666667,-0.2654890891548994,-0.767257034533379,0.11544483813916329,0.7222222222222222
cap300_rank_ridge,25.0,2017-04-30_2018-03-31,12,0.3381298490421323,0.054403018339003184,0.3381298490421323,0.054403018339003184,0.2837268307031291,0.43952242939826386,0.858235988786384,-0.2141773313335148,-0.09250223900477905,0.5,0.6378648272735146,-1.7370091327116715,0.6000967620467781,0.7222222222222222
cap300_rank_ridge,25.0,2017-05-31_2018-04-30,12,0.3953417372342696,0.042771960341875914,0.3953417372342696,0.042771960341875914,0.35256977689239366,0.4333285992749331,0.964423837742752,-0.2141773313335148,-0.09416874157139277,0.5,0.7520471307892493,-1.6781041642619863,0.6288732413830858,0.7222222222222223
cap300_rank_ridge,25.0,2017-06-30_2018-05-31,12,0.2681655325552561,-0.005226881237519021,0.2681655325552561,-0.005226881237519021,0.2733924137927751,0.4372636227953691,0.7341669917751692,-0.04101458018417614,-0.12207676452647664,0.4166666666666667,0.6492407290833163,-1.4228077684826645,0.3744986617779704,0.7222222222222222
cap300_rank_ridge,25.0,2017-07-31_2018-06-30,12,0.576122131702268,0.0163507796990916,0.576122131702268,0.0163507796990916,0.5597713520031764,0.36595527274850576,1.4098948549954469,-0.04324704480533503,-0.12207676452647676,0.4166666666666667,1.1385289221027564,-1.4145903444419017,0.7089291679033662,0.7499999999999999
cap300_rank_ridge,25.0,2017-08-31_2018-07-31,12,0.5336308046112412,0.02633003466478856,0.5336308046112412,0.02633003466478856,0.5073007699464527,0.3706669624938841,1.3195271166786862,-0.07270316089638362,-0.12207676452647653,0.4166666666666667,1.039306873971708,-1.458948544992874,0.6902833696084976,0.7499999999999999
cap300_rank_ridge,25.0,2017-09-30_2018-08-31,12,0.5276700318163174,0.012828519177035869,0.5276700318163174,0.012828519177035869,0.5148415126392816,0.3709504499829086,1.3078500632394863,-0.07270316089638362,-0.12207676452647664,0.4166666666666667,1.0616480125674854,-1.4261520041524,0.6520128206483451,0.75
cap300_rank_ridge,25.0,2017-10-31_2018-09-30,12,0.669296577728183,-0.028994428060318933,0.669296577728183,-0.028994428060318933,0.6982910057885019,0.36183542809538355,1.5880957056110652,-0.0727031608963834,-0.12207676452647676,0.5,1.394049932200473,-1.311301708446782,0.703686109773602,0.7222222222222222
cap300_rank_ridge,25.0,2017-11-30_2018-10-31,12,0.6082077855560686,0.017470333624036494,0.6082077855560686,0.017470333624036494,0.5907374519320321,0.36296419949507963,1.4766975968012077,-0.07270316089638351,-0.12207676452647676,0.4166666666666667,1.1785902032063806,-1.2569884454869709,0.7402312782120888,0.6944444444444445
cap300_rank_ridge,25.0,2017-12-31_2018-11-30,12,0.6363256160558768,-0.025356283802123625,0.6363256160558768,-0.025356283802123625,0.6616818998580004,0.3608738411470909,1.5335495497660425,-0.07270316089638362,-0.12207676452647687,0.4166666666666667,1.3649372178021693,-1.4935684562659812,0.6687303343741295,0.7222222222222223
cap300_rank_ridge,25.0,2018-01-31_2018-12-31,12,0.6910334986247706,-0.01099995180484914,0.6910334986247706,-0.01099995180484914,0.7020334504296197,0.36376962776931565,1.6185006490824172,-0.07270316089638362,-0.12095719505337177,0.4166666666666667,1.4162572351083194,-1.1385653708577523,0.7671888664240709,0.7777777777777778
cap300_rank_ridge,25.0,2018-02-28_2019-01-31,12,0.7673502753500081,-0.023323412109537922,0.7673502753500081,-0.023323412109537922,0.790673687459546,0.35862601719436166,1.766357771353829,-0.07270316089638351,-0.06297476655901424,0.5,1.5702349216863605,-1.1087684333314638,0.820233364236103,0.8055555555555555
cap300_rank_ridge,25.0,2018-03-31_2019-02-28,12,0.5486392316042024,0.045204178762284775,0.5486392316042024,0.045204178762284775,0.5034350528419176,0.3495704285620226,1.4091775969357017,-0.0727031608963834,-0.032589089243883484,0.4166666666666667,1.1516725927040428,-0.962321512242031,0.6945849597262248,0.8055555555555555
cap300_rank_ridge,25.0,2018-04-30_2019-03-31,12,0.18071518071178527,0.07686204312787948,0.18071518071178527,0.07686204312787948,0.1038531375839058,0.12200498158782462,1.4253982486799228,-0.065785814316904,-0.031039511736595693,0.4166666666666667,0.7887611166442302,0.5016683641238461,0.14355922066240456,0.8055555555555555
cap300_rank_ridge,25.0,2018-05-31_2019-04-30,12,0.1734275082761465,0.03769148450195714,0.1734275082761465,0.03769148450195714,0.13573602377418936,0.12335089121984191,1.3601777410264078,-0.03304386079018107,-0.04957195403333192,0.5,1.0357729058783347,0.5175759494361531,0.1565504325340059,0.7777777777777777
cap300_rank_ridge,25.0,2018-06-30_2019-05-31,12,0.1270260721803076,0.09645960452265201,0.1270260721803076,0.09645960452265201,0.030566467657655583,0.14374613388536017,0.9014128240871674,-0.08462126291824401,-0.04957195403333203,0.5,0.20495260974127766,0.1706533618702323,0.11918919475846446,0.7777777777777777
cap300_rank_ridge,25.0,2018-07-31_2019-06-30,12,0.13860631674863888,0.07648721996967378,0.13860631674863888,0.07648721996967378,0.0621190967789651,0.14308900409255057,0.9771941282421666,-0.08462126291824401,-0.04957195403333203,0.5833333333333334,0.39046842097564566,0.20690736994848283,0.13101711283023953,0.7777777777777778
cap300_rank_ridge,25.0,2018-08-31_2019-07-31,12,0.1916700291179274,0.051509897202665744,0.1916700291179274,0.051509897202665744,0.14016013191526167,0.13539661087684676,1.366319266228973,-0.08462126291824412,-0.04957195403333203,0.6666666666666666,0.8706340492825941,0.24855242142523248,0.18568096662230937,0.7777777777777777
cap300_rank_ridge,25.0,2018-09-30_2019-08-31,12,0.16341899173906227,0.032217370272061396,0.16341899173906227,0.032217370272061396,0.13120162146700087,0.1377342633159427,1.168552214106897,-0.08462126291824423,-0.05569706120271434,0.6666666666666666,0.8336643307199183,0.3098482245020452,0.1605384156394074,0.8055555555555555
cap300_rank_ridge,25.0,2018-10-31_2019-09-30,12,0.1318343881364923,0.0680196854801034,0.1318343881364923,0.0680196854801034,0.06381470265638889,0.1311950779306516,1.0085513197834668,-0.08462126291824401,-0.05569706120271445,0.6666666666666666,0.47888998363078555,0.509868767641712,0.10113870030611083,0.8055555555555555
cap300_rank_ridge,25.0,2018-11-30_2019-10-31,12,0.030777268873910524,-0.007313909877188718,0.030777268873910524,-0.007313909877188718,0.03809117875109924,0.15565365055092403,0.26655685522562983,-0.11906883524735246,-0.07977064350808971,0.6666666666666666,0.3316462415226081,0.8440659942969899,0.04532597427779561,0.8333333333333331
cap300_rank_ridge,25.0,2018-12-31_2019-11-30,12,0.07252923350618334,0.01695714726683817,0.07252923350618334,0.01695714726683817,0.055572086239345175,0.16398054275488422,0.5035709254104467,-0.11906883524735246,-0.07977064350808971,0.75,0.4523864196489193,0.9178408171613291,0.06463677650163158,0.8888888888888888
cap300_rank_ridge,25.0,2019-01-31_2019-12-31,12,-0.061369236000793914,-0.0907583313333864,-0.061369236000793914,-0.0907583313333864,0.029389095332592485,0.14149557691987696,-0.3803136713402222,-0.11906883524735246,-0.08173242622854304,0.75,0.2783985092450755,0.6488735315927914,0.004698556800842413,0.8611111111111112
cap300_rank_ridge,25.0,2019-02-28_2020-01-31,12,-0.0183422620759226,-0.15374678206850467,-0.0183422620759226,-0.15374678206850467,0.13540451999258207,0.1624162980321566,-0.039158760579682664,-0.11906883524735234,-0.157070533612218,0.75,0.7419815628068075,-0.002009564921134845,-0.006658098936344947,0.8333333333333331
cap300_rank_ridge,25.0,2019-03-31_2020-02-29,12,-0.11631173191694844,-0.2983301643039218,-0.11631173191694844,-0.2983301643039218,0.18201843238697335,0.1916893848625701,-0.5524383711979384,-0.1359706047108229,-0.2968733323797681,0.8333333333333334,1.0660905573990382,0.40352556584391,0.02761369666113178,0.8055555555555554
cap300_rank_ridge,25.0,2019-04-30_2020-03-31,12,-0.16107547938646471,-0.26938100433105683,-0.16107547938646471,-0.26938100433105683,0.10830552494459211,0.18936614636788857,-0.8328030371093804,-0.14956828343174833,-0.2897384073692094,0.75,0.5773322253351587,0.3152638796608218,-0.06464653549623178,0.7777777777777777
cap300_rank_ridge,25.0,2019-05-31_2020-04-30,12,-0.16708300514847452,-0.23441422140073764,-0.16708300514847452,-0.23441422140073764,0.06733121625226313,0.18951367606177413,-0.8694295564724713,-0.14621688196071947,-0.2897384073692094,0.6666666666666666,0.3395233736923631,0.3046662847958469,-0.08711028406262833,0.8055555555555555
cap300_rank_ridge,25.0,2019-06-30_2020-05-31,12,-0.18847499699381554,-0.22854562482453433,-0.18847499699381554,-0.22854562482453433,0.0400706278307188,0.19878805467266558,-0.9487549055644415,-0.22809274098199894,-0.2897384073692095,0.6666666666666666,0.18779062679799943,0.2573034693703621,-0.12088199459777493,0.8055555555555555
cap300_rank_ridge,25.0,2019-07-31_2020-06-30,12,-0.15385429206868162,-0.1941752572672133,-0.15385429206868162,-0.1941752572672133,0.04032096519853168,0.20876650016022144,-0.6974387030139052,-0.22809274098199916,-0.2827760862119635,0.6666666666666666,0.18058216517293607,0.3212021592616808,-0.08131842807587808,0.8333333333333334
cap300_rank_ridge,25.0,2019-08-31_2020-07-31,12,-0.10745397382165689,-0.1722348942847023,-0.10745397382165689,-0.1722348942847023,0.0647809204630454,0.22337350789372376,-0.40280478659725716,-0.22809274098199916,-0.27948217627529803,0.6666666666666666,0.29172742181286193,0.3676337241466565,-0.02956468408567281,0.8333333333333331
cap300_rank_ridge,25.0,2019-09-30_2020-08-31,12,-0.12439361432703211,-0.21057570090232802,-0.12439361432703211,-0.21057570090232802,0.08618208657529591,0.22437118952388624,-0.48477409565094104,-0.22809274098199916,-0.27948217627529803,0.6666666666666666,0.39290693929745985,0.36819070577146557,-0.031584325348203546,0.8333333333333331
cap300_rank_ridge,25.0,2019-10-31_2020-09-30,12,-0.09730256144011629,-0.1766274605970889,-0.09730256144011629,-0.1766274605970889,0.0793248991569726,0.23191072835013174,-0.3321256335220442,-0.22809274098199916,-0.2794821762752979,0.6666666666666666,0.34705904811368543,0.40910480284632955,-0.009500354602615113,0.861111111111111
cap300_rank_ridge,25.0,2019-11-30_2020-10-31,12,-0.13356209427808075,-0.06643817837031618,-0.13356209427808075,-0.06643817837031618,-0.06712391590776456,0.2462110725583257,-0.46397631541712325,-0.22809274098199905,-0.2794821762752979,0.6666666666666666,-0.238069739634162,0.14694928113988326,-0.10369722037214324,0.861111111111111
cap300_rank_ridge,25.0,2019-12-31_2020-11-30,12,-0.14624737291890344,-0.050871312509224054,-0.14624737291890344,-0.050871312509224054,-0.09537606040967939,0.24221867303741051,-0.5354169302642553,-0.22809274098199916,-0.2358764964179022,0.5833333333333334,-0.33785728486744465,0.14382923683579096,-0.11991177668822872,0.861111111111111
cap300_rank_ridge,25.0,2020-01-31_2020-12-31,12,-0.07081559085866773,-0.013079995771551722,-0.07081559085866773,-0.013079995771551722,-0.05773559508711601,0.24434385060691385,-0.18504537350896105,-0.22809274098199905,-0.16758179221927783,0.5833333333333334,-0.19158837514643906,0.10132823601146704,-0.046158264968484186,0.861111111111111
cap300_rank_ridge,25.0,2020-02-29_2021-01-31,12,-0.0512927515135827,0.14471568274700242,-0.0512927515135827,0.14471568274700242,-0.19600843426058512,0.25398664737238535,-0.08846077974618523,-0.1402459957818356,-0.07033476780972703,0.5833333333333334,-0.6559656716197544,0.35404695440525463,-0.07828606318023701,0.861111111111111
cap300_rank_ridge,25.0,2020-03-31_2021-02-28,12,0.03978545751965701,0.3187076559568369,0.03978545751965701,0.3187076559568369,-0.2789221984371799,0.23038114319253405,0.276608481432981,-0.11451779735941625,-0.07033476780972703,0.5833333333333334,-0.824314793073311,0.06828734026509914,0.04463681073526038,0.8888888888888887
cap300_rank_ridge,25.0,2020-04-30_2021-03-31,12,0.03796052752920409,0.2712264885896778,0.03796052752920409,0.2712264885896778,-0.2332659610604737,0.23066458284267777,0.26888077261841997,-0.11078791662854792,-0.07033476780972714,0.5833333333333334,-0.7074702888654563,0.11926412404115977,0.03205580156122423,0.9166666666666665
cap300_rank_ridge,25.0,2020-05-31_2021-04-30,12,0.05041024300932051,0.2511461011810818,0.05041024300932051,0.2511461011810818,-0.20073585817176132,0.22952955103931533,0.32139063028726833,-0.11078791662854792,-0.07033476780972703,0.5833333333333334,-0.6060313950383163,0.11938474481936885,0.04616028425248353,0.9166666666666666
cap300_rank_ridge,25.0,2020-06-30_2021-05-31,12,0.10547410820405156,0.22018559574957508,0.10547410820405156,0.22018559574957508,-0.11471148754552352,0.2106608524969227,0.575156027645107,-0.11078791662854792,-0.07033476780972703,0.5833333333333334,-0.37243584668470675,0.1980369910945524,0.08176188099930326,0.9166666666666666
cap300_rank_ridge,25.0,2020-07-31_2021-06-30,12,0.050397081419150336,0.1787337447456181,0.050397081419150336,0.1787337447456181,-0.12833666332646776,0.20604765619732548,0.3339213325500343,-0.11078791662854792,-0.07033476780972703,0.5,-0.43981131500505516,0.15042339512325678,0.04284695407317929,0.8888888888888888
cap300_rank_ridge,25.0,2020-08-31_2021-07-31,12,-0.17132554738882866,0.17406019021811336,-0.17132554738882866,0.17406019021811336,-0.345385737606942,0.24858753711206732,-0.6318031851595445,-0.24181637376860354,-0.0471551797914731,0.4166666666666667,-1.1636982083026444,0.15159529638484545,-0.16876924277135952,0.8888888888888887
cap300_rank_ridge,25.0,2020-09-30_2021-08-31,12,-0.3343891013375021,0.29094300690606567,-0.3343891013375021,0.29094300690606567,-0.6253321082435678,0.3237180607253302,-1.0756658753951487,-0.40840910777213024,-0.0471551797914731,0.3333333333333333,-1.7859199868276696,0.13747768718207728,-0.3237279643749883,0.8611111111111108
cap300_rank_ridge,25.0,2020-10-31_2021-09-30,12,-0.33204738571246206,0.285307502281577,-0.33204738571246206,0.285307502281577,-0.617354887994039,0.32482634029577295,-1.0605389339006162,-0.40840910777213013,-0.04715517979147299,0.3333333333333333,-1.7537364012553047,0.1219953825774612,-0.3178295559435571,0.861111111111111
cap300_rank_ridge,25.0,2020-11-30_2021-10-31,12,-0.17177702782866133,0.164192612882329,-0.17177702782866133,0.164192612882329,-0.33596964071099034,0.33589460983716646,-0.3903933648595465,-0.40840910777213024,-0.04715517979147299,0.4166666666666667,-0.8627569852434074,0.49596102535925246,-0.1908297582501144,0.8055555555555557
cap300_rank_ridge,25.0,2020-12-31_2021-11-30,12,-0.1914771832386869,0.10075285366229347,-0.1914771832386869,0.10075285366229347,-0.29223003690098037,0.33270273968946523,-0.4684883928757603,-0.40840910777213013,-0.04715517979147321,0.5,-0.7601861764036473,0.33136980415351025,-0.17366882920877158,0.75
cap300_rank_ridge,25.0,2021-01-31_2021-12-31,12,-0.23035883849541483,0.1311417024200292,-0.23035883849541483,0.1311417024200292,-0.36150054091544404,0.3276412570022533,-0.6284544612152545,-0.40840910777213024,-0.04715517979147299,0.4166666666666667,-1.0240954435007148,0.5661632347819895,-0.24538563448244288,0.7222222222222222
cap300_rank_ridge,25.0,2021-02-28_2022-01-31,12,-0.30271858254351847,0.1035559333431273,-0.30271858254351847,0.1035559333431273,-0.40627451588664576,0.30060735050992266,-1.03068798304703,-0.3987999042830165,-0.008710521467504728,0.3333333333333333,-1.297805578401626,-0.3065400306104261,-0.2456487760834163,0.7222222222222222
cap300_rank_ridge,25.0,2021-03-31_2022-02-28,12,-0.28428548375340235,0.1814244316261513,-0.28428548375340235,0.1814244316261513,-0.46570991537955364,0.3026544456359203,-0.9377666600376642,-0.37972029514843764,-0.008710521467504728,0.25,-1.455841996935241,-0.23988727136713997,-0.21780617441705807,0.6944444444444443
cap300_rank_ridge,25.0,2021-04-30_2022-03-31,12,-0.24615033072649373,0.2056999327796627,-0.24615033072649373,0.2056999327796627,-0.4518502635061564,0.30572187433981685,-0.7594339606604886,-0.37418324444577933,-0.008710521467504728,0.25,-1.3469112649339299,-0.19112449621636646,-0.17918665785956445,0.6388888888888888
cap300_rank_ridge,25.0,2021-05-31_2022-04-30,12,-0.23952569343155472,0.20202014645819677,-0.23952569343155472,0.20202014645819677,-0.4415458398897515,0.3061719632253994,-0.7298695146043002,-0.342281590773861,-0.011058901373715124,0.3333333333333333,-1.3027431577650301,-0.26114662176732356,-0.16129521133524116,0.6111111111111112
cap300_rank_ridge,25.0,2021-06-30_2022-05-31,12,-0.21638906389807322,0.1547230806668567,-0.21638906389807322,0.1547230806668567,-0.3711121445649299,0.30445355871264096,-0.6389063241999282,-0.3413353106612945,-0.04389760737316839,0.4166666666666667,-1.0765554739130332,-0.18286787763407156,-0.15526383331786509,0.5833333333333334
cap300_rank_ridge,25.0,2021-07-31_2022-06-30,12,-0.21280049610658736,0.14515293481688385,-0.21280049610658736,0.14515293481688385,-0.3579534309234712,0.30472984370011386,-0.6233204912753103,-0.21972610359786748,-0.04389760737316839,0.4166666666666667,-1.0329685366237815,-0.2089548509171204,-0.14953735119285738,0.5833333333333334
cap300_rank_ridge,25.0,2021-08-31_2022-07-31,12,-0.09677479968223957,0.16719366722844042,-0.09677479968223957,0.16719366722844042,-0.26396846691068,0.26519617039874904,-0.24708262020799002,-0.047528935601399036,-0.04389760737316839,0.4166666666666667,-0.7921445980254366,-0.24536633225936563,-0.026296679588399763,0.5555555555555556
cap300_rank_ridge,25.0,2021-09-30_2022-08-31,12,0.1590475187412117,0.11990803732841937,0.1590475187412117,0.11990803732841937,0.03913948141279233,0.12591680353454549,1.2347296028673256,-0.047528935601399036,-0.04389760737316817,0.5,0.2640844410446142,0.14883597715035013,0.1471136366975201,0.5555555555555556
cap300_rank_ridge,25.0,2021-10-31_2022-09-30,12,0.13296143061670973,0.07700156092153554,0.13296143061670973,0.07700156092153554,0.05595986969517419,0.11787430704356679,1.1162916566511525,-0.047528935601398814,-0.04389760737316828,0.5,0.37085800596756946,-0.19059503638680245,0.1564683584699973,0.49999999999999994
cap300_rank_ridge,25.0,2021-11-30_2022-10-31,12,0.1080475850480318,0.0837751064100245,0.1080475850480318,0.0837751064100245,0.0242724786380073,0.09816439139671328,1.0934364466697564,-0.047528935601398925,-0.04389760737316839,0.5,0.19368767392152766,-0.03687664698926448,0.1161670718827641,0.49999999999999994
cap300_rank_ridge,25.0,2021-12-31_2022-11-30,12,0.3534158748428411,0.04089310124175727,0.3534158748428411,0.04089310124175727,0.3125227736010838,0.2514996760834538,1.320669077494628,-0.047528935601398925,-0.052330809109684795,0.5,0.9681349772909728,-1.3311299631230962,0.46766261682832333,0.5555555555555555
cap300_rank_ridge,25.0,2022-01-31_2022-12-31,12,0.34818139970598794,0.03139589518781816,0.34818139970598794,0.03139589518781816,0.3167855045181698,0.25214551251433576,1.3020930134682418,-0.04752893560139926,-0.0538908420070876,0.5,0.98862513364135,-1.274381982233958,0.44226955825375436,0.5833333333333333
cap300_rank_ridge,25.0,2022-02-28_2023-01-31,12,0.35156038478159224,-0.006523085673795559,0.35156038478159224,-0.006523085673795559,0.3580834704553878,0.2518765199349495,1.3134486605818276,-0.047528935601399036,-0.053890842007087936,0.5833333333333334,1.150602642817261,-1.4332007879199786,0.3781497923516779,0.5833333333333334
cap300_rank_ridge,25.0,2022-03-31_2023-02-28,12,0.3251067546145614,-0.03763942955797195,0.3251067546145614,-0.03763942955797195,0.36274618417253335,0.2541438505525713,1.223944270769937,-0.047528935601398814,-0.05860315994470999,0.5833333333333334,1.200615785608495,-1.5532998997936796,0.28685525476824103,0.5555555555555556
cap300_rank_ridge,25.0,2022-04-30_2023-03-31,12,0.26987534997351115,-0.0433257664262765,0.26987534997351115,-0.0433257664262765,0.31320111639978765,0.2585872701126715,1.0383601994341716,-0.04739773641515421,-0.052003665957635614,0.5833333333333334,1.0510791205914205,-1.8628293921811405,0.20729704351929246,0.611111111111111
cap300_rank_ridge,25.0,2022-05-31_2023-04-30,12,0.23156269759676973,-0.07213752035282106,0.23156269759676973,-0.07213752035282106,0.3037002179495908,0.26317131678305355,0.905647634901864,-0.06938709326755088,-0.07596598010903766,0.5833333333333334,1.0497084974988307,-1.0860325694901638,0.17244380342823717,0.6388888888888888
cap300_rank_ridge,25.0,2022-06-30_2023-05-31,12,0.32371105447220283,-0.0361282154897381,0.32371105447220283,-0.0361282154897381,0.35983926996194093,0.26140347162606864,1.192408094592864,-0.06938709326755099,-0.07596598010903755,0.5833333333333334,1.1687311208369746,-1.479456752021286,0.29421137011582,0.611111111111111
cap300_rank_ridge,25.0,2022-07-31_2023-06-30,12,0.3608003316954027,-0.0028433046031512976,0.3608003316954027,-0.0028433046031512976,0.363643636298554,0.2602329935097932,1.3057785297093731,-0.06938709326755088,-0.07596598010903743,0.5833333333333334,1.1431307498805734,-1.01745205171775,0.39840894744499833,0.611111111111111
cap300_rank_ridge,25.0,2022-08-31_2023-07-31,12,0.48323220329078387,-0.031389184091800915,0.48323220329078387,-0.031389184091800915,0.5146213873825848,0.25289183352752737,1.6882667572845254,-0.06938709326755088,-0.0655917893195096,0.6666666666666666,1.6304361839452086,-0.7996727032172365,0.4871686891812963,0.611111111111111
cap300_rank_ridge,25.0,2022-09-30_2023-08-31,12,0.5115196164594549,-0.014331580574544756,0.5115196164594549,-0.014331580574544756,0.5258511970339996,0.25077798138186114,1.7786434338962378,-0.06938709326755099,-0.06559178931950937,0.6666666666666666,1.6376476223607603,-0.9792273420977996,0.5320144165796281,0.5833333333333333
cap300_rank_ridge,25.0,2022-10-31_2023-09-30,12,0.4459277317888115,-0.04883569016310929,0.4459277317888115,-0.04883569016310929,0.4947634219519208,0.2546997771482387,1.5744694894845672,-0.06938709326755088,-0.06327241269436523,0.6666666666666666,1.5999767494763122,-0.6928313414418764,0.4371855776424305,0.5555555555555555
cap300_rank_ridge,25.0,2022-11-30_2023-10-31,12,0.3531400670930005,-8.074453772832779e-05,0.3531400670930005,-8.074453772832779e-05,0.3532208116307288,0.25075922879854184,1.3232572534767268,-0.06938709326755099,-0.04084242285001627,0.5833333333333334,1.148306402927707,-0.6009873024098894,0.3903218591051665,0.5833333333333333
cap300_rank_ridge,25.0,2022-12-31_2023-11-30,12,0.03121422748237168,0.06162621592425688,0.03121422748237168,0.06162621592425688,-0.030411988441885196,0.11495559975937232,0.3201581494758007,-0.060554005500181085,-0.04084242285001627,0.5,-0.2012127818024398,0.21803083497710798,0.02320219748489727,0.5277777777777778
cap300_rank_ridge,25.0,2023-01-31_2023-12-31,12,0.0333868484103359,0.05389394652891433,0.0333868484103359,0.05389394652891433,-0.020507098118578426,0.114650879940475,0.33914073089066754,-0.0656035995937404,-0.04084242285001627,0.5,-0.13113016606374606,0.2260307559046943,0.026489713411171012,0.5277777777777778
cap300_rank_ridge,25.0,2023-02-28_2024-01-31,12,-0.023388136040702223,0.06910062416905749,-0.023388136040702223,0.06910062416905749,-0.09248876020975971,0.1268873753671027,-0.12826792724832844,-0.11344128377361995,-0.04084242285001627,0.4166666666666667,-0.5914728752484852,0.15683520453280855,-0.02701798027141944,0.5277777777777778
cap300_rank_ridge,25.0,2023-03-31_2024-02-29,12,-0.02463691618419528,0.07105311702696282,-0.02463691618419528,0.07105311702696282,-0.0956900332111581,0.1269849153937564,-0.13814092346848317,-0.12319824850163075,-0.04084242285001627,0.4166666666666667,-0.6125992569743387,0.15727111190257537,-0.02856028357506346,0.5555555555555556
cap300_rank_ridge,25.0,2023-04-30_2024-03-31,12,-0.06344609282856584,0.04605177038880415,-0.06344609282856584,0.04605177038880415,-0.10949786321736998,0.13912798808840632,-0.4058791810261974,-0.17632764064727113,-0.028914327222309355,0.4166666666666667,-0.6963658044435213,0.2830325093542558,-0.06805029767518955,0.5277777777777778
cap300_rank_ridge,25.0,2023-05-31_2024-04-30,12,-0.05353957175138857,0.05087612226469651,-0.05353957175138857,0.05087612226469651,-0.10441569401608508,0.13743704010025998,-0.33624172703859573,-0.1928397096228327,-0.04720745865673304,0.4166666666666667,-0.6537693938020445,0.22206046791145195,-0.05650368482732149,0.5277777777777778
cap300_rank_ridge,25.0,2023-06-30_2024-05-31,12,-0.026966581850025984,0.06029804021364593,-0.026966581850025984,0.06029804021364593,-0.08726462206367191,0.15325179913465128,-0.10848344803750579,-0.1928397096228328,-0.04720745865673304,0.4166666666666667,-0.48753846476798185,0.3277114655579442,-0.036383871183581995,0.5555555555555556
cap300_rank_ridge,25.0,2023-07-31_2024-06-30,12,0.03889012501277578,0.046802268590376395,0.03889012501277578,0.046802268590376395,-0.007912143577600617,0.18255539485040473,0.2912605115254065,-0.19283970962283292,-0.04720745865673304,0.5,0.023423922711679535,0.5567866674541972,0.02622932280550483,0.5555555555555556
cap300_rank_ridge,25.0,2023-08-31_2024-07-31,12,0.024716076794699227,0.10318514893952901,0.024716076794699227,0.10318514893952901,-0.07846907214482979,0.1786688314498855,0.21698072916859062,-0.1928397096228327,-0.04720745865673315,0.4166666666666667,-0.3742238043624636,0.6286556841891847,-0.025662698803154194,0.5833333333333334
cap300_rank_ridge,25.0,2023-09-30_2024-08-31,12,0.02251450946358058,0.08473288946892565,0.02251450946358058,0.08473288946892565,-0.062218380005345075,0.1784527600769892,0.2049588207249221,-0.1928397096228328,-0.04720745865673315,0.4166666666666667,-0.2845092293368952,0.5640435892141094,-0.012025190781493444,0.6111111111111112
cap300_rank_ridge,25.0,2023-10-31_2024-09-30,12,0.09557860764359472,0.12170948346779942,0.09557860764359472,0.12170948346779942,-0.026130875824204702,0.18777503521654826,0.5725050205625083,-0.1928397096228328,-0.047207458656732815,0.4166666666666667,-0.06487880874210855,0.575509920595282,0.03945375969149745,0.638888888888889
cap300_rank_ridge,25.0,2023-11-30_2024-10-31,12,0.03696789941739409,0.004734660022875703,0.03696789941739409,0.004734660022875703,0.03223323939451839,0.19533029619476117,0.2739785522208106,-0.14587263561126962,-0.07254414974326939,0.5,0.24153363050019394,0.7501655970721232,0.04692491057995718,0.638888888888889
cap300_rank_ridge,25.0,2023-12-31_2024-11-30,12,0.10768707824039869,-0.026522408525777696,0.10768707824039869,-0.026522408525777696,0.1342094867661764,0.1842505085040008,0.6402384121049273,-0.136169306702993,-0.07702368625268241,0.5833333333333334,0.9105103341289374,0.9778483666640937,0.14859318352140027,0.6666666666666666
cap300_rank_ridge,25.0,2024-01-31_2024-12-31,12,0.11002009216552322,-0.013699490369203038,0.11002009216552322,-0.013699490369203038,0.12371958253472626,0.18400239412499625,0.652419757114374,-0.08955800038509665,-0.07702368625268208,0.5833333333333334,0.8310863734529552,0.9539974734707991,0.13628590501006266,0.6666666666666666
cap300_rank_ridge,25.0,2024-02-29_2025-01-31,12,0.15101317314991136,-0.14290566323586873,0.15101317314991136,-0.14290566323586873,0.2939188363857801,0.17437290241487088,0.8893936344923868,-0.07942669024348048,-0.18252959118595857,0.6666666666666666,1.9138087743036731,0.632598182218575,0.27418696089957284,0.638888888888889
cap300_rank_ridge,25.0,2024-03-31_2025-02-28,12,0.1798936423787889,-0.10676537761977256,0.1798936423787889,-0.10676537761977256,0.28665901999856147,0.17241263874904367,1.0434348379578837,-0.06008045386728578,-0.1825295911859588,0.6666666666666666,1.7493811709019178,0.5788633272943409,0.2653241892178624,0.638888888888889
cap300_rank_ridge,25.0,2024-04-30_2025-03-31,12,0.23202729589291837,-0.06461005552580057,0.23202729589291837,-0.06461005552580057,0.29663735141871894,0.1568558018571573,1.4115450233740687,-0.06528824346261652,-0.18252959118595868,0.6666666666666666,1.6860283386983528,0.46742411553437835,0.2759056430810247,0.5833333333333334
cap300_rank_ridge,25.0,2024-05-31_2025-04-30,12,0.3478888675291034,0.02942056800377868,0.3478888675291034,0.02942056800377868,0.31846829952532474,0.15923522639145762,1.9691948568262787,-0.06528824346261652,-0.18252959118595857,0.6666666666666666,1.6543177452625994,0.4807320658189426,0.3350046174979817,0.5833333333333334
cap300_rank_ridge,25.0,2024-06-30_2025-05-31,12,0.22411780416636318,-0.019239253194651806,0.22411780416636318,-0.019239253194651806,0.24335705736101498,0.1510767678468044,1.4170405117130498,-0.06528824346261664,-0.18252959118595835,0.6666666666666666,1.4113711786517449,0.4840212376836547,0.23871746323695908,0.5555555555555555
cap300_rank_ridge,25.0,2024-07-31_2025-06-30,12,0.2713940849785361,0.03150250800801424,0.2713940849785361,0.03150250800801424,0.23989157697052188,0.17986501647661537,1.4266522060775852,-0.06528824346261652,-0.1825295911859589,0.6666666666666666,1.3770033378219968,0.625054300253378,0.25077196794722645,0.5555555555555555
cap300_rank_ridge,25.0,2024-08-31_2025-07-31,12,0.23872389154899198,0.02082724764079913,0.23872389154899198,0.02082724764079913,0.21789664390819286,0.17861828206629754,1.2868062724290512,-0.06528824346261641,-0.1720911800730176,0.6666666666666666,1.23461426008267,0.6043143986928081,0.22749300691210883,0.5555555555555556
cap300_rank_ridge,25.0,2024-09-30_2025-08-31,12,0.17782625848316314,0.07082064647411035,0.17782625848316314,0.07082064647411035,0.10700561200905279,0.1857870068749083,0.9677317130615205,-0.06528824346261652,-0.1720911800730176,0.5833333333333334,0.5465801748603034,0.5701714096513563,0.13868763477404777,0.5555555555555556
cap300_rank_ridge,25.0,2024-10-31_2025-09-30,12,0.15289870404173755,0.07787885846139209,0.15289870404173755,0.07787885846139209,0.07501984558034547,0.18066371424413827,0.8705866836416364,-0.03187917327973855,-0.11858833109117162,0.5833333333333334,0.3919655153138252,0.575818245561085,0.10884738321981602,0.5833333333333334
cap300_rank_ridge,25.0,2024-11-30_2025-10-31,12,0.5209093698764653,0.1960061542824556,0.5209093698764653,0.1960061542824556,0.3249032155940097,0.2950196376315945,1.5665716523765072,-0.03187917327973866,-0.11795970406671652,0.5833333333333334,0.9900132377752232,0.724183469394521,0.3717896459637411,0.5833333333333334
cap300_rank_ridge,25.0,2024-12-31_2025-11-30,12,0.4387160064922002,0.22133541890163522,0.4387160064922002,0.22133541890163522,0.217380587590565,0.3057301202523881,1.333254097386648,-0.04509389734272784,-0.11795970406671652,0.5,0.6767493323507116,0.7187180779526549,0.2828486332375928,0.5833333333333334
cap300_rank_ridge,25.0,2025-01-31_2025-12-31,12,0.5128504203954478,0.17166648362633885,0.5128504203954478,0.17166648362633885,0.34118393676910896,0.302116635794545,1.5181971375353775,-0.04509389734272806,-0.03669877287899381,0.5833333333333334,0.986920532995791,0.6324376549847667,0.4082637938591869,0.5833333333333334
cap300_rank_ridge,25.0,2025-02-28_2026-01-31,12,0.6191043560908627,0.31334945156909844,0.6191043560908627,0.31334945156909844,0.30575490452176424,0.29639631937840377,1.780629738968322,-0.04509389734272795,-0.04758367670999886,0.5833333333333334,0.8830979480057569,0.8477887268578139,0.32927317821983193,0.6111111111111112
cap300_rank_ridge,25.0,2025-03-31_2026-02-28,12,0.5297680200079022,0.08257309459079365,0.5297680200079022,0.08257309459079365,0.4471949254171086,0.3076722255574733,1.5335597325327526,-0.04509389734272795,-0.18488813271044613,0.6666666666666666,1.3087100343559157,0.6634549697416245,0.4896946808240874,0.6111111111111112
cap300_rank_ridge,25.0,2025-04-30_2026-03-31,12,0.5367682480923848,0.028079656548997578,0.5367682480923848,0.028079656548997578,0.5086885915433872,0.3067740975497671,1.5526812871095106,-0.056111789510323584,-0.19546042589812018,0.6666666666666666,1.5881952725036486,0.7528823801551633,0.540779090424238,0.6666666666666666
cap300_rank_ridge,25.0,2025-05-31_2026-04-30,12,0.5178109162694204,-0.14610708694572017,0.5178109162694204,-0.14610708694572017,0.6639180032151406,0.30553214180693855,1.5157064204116846,-0.056111789510323584,-0.29138146686445754,0.6666666666666666,1.9639800289508005,0.5156890276621388,0.681313467820736,0.6111111111111112
cap300_rank_ridge,25.0,2025-06-30_2026-05-31,12,0.7308353636025828,-0.18541351506394133,0.7308353636025828,-0.18541351506394133,0.9162488786665242,0.30974719606089074,1.9408996611239062,-0.056111789510323584,-0.34737666250868915,0.6666666666666666,2.3158883197349605,0.3527016071652579,0.9071551262001321,0.6666666666666666
cap300_rank_ridge,25.0,2025-07-31_2026-06-30,12,0.6033555588109327,-0.1667764227923394,0.6033555588109327,-0.1667764227923394,0.7701319816032721,0.2930220422590584,1.7642438530184816,-0.056111789510323584,-0.34737666250868904,0.5833333333333334,1.8911931619478746,0.1874737621630222,0.7045691158027998,0.6666666666666666
cap300_rank_ridge,25.0,2025-08-31_2026-07-31,11,0.5803682827078298,-0.20361006057922837,0.6475068987031822,-0.2199234939209873,0.8674303926241695,0.30558503044534135,1.7935795930930813,-0.056111789510323695,-0.34737666250868904,0.6363636363636364,2.139775555224823,0.23501324448641653,0.7937323581069609,0.6666666666666666
chronos2_individual_median,25.0,2019-01-31_2019-12-31,12,-0.39191510525248907,-0.0907583313333864,-0.39191510525248907,-0.0907583313333864,-0.30115677391910267,0.36163606402321186,-1.159585306124653,-0.38596549683879144,-0.08173242622854304,0.4166666666666667,-0.9722004452211332,1.3064842521646474,-0.2631799201968442,0.8055555555555555
chronos2_individual_median,25.0,2019-02-28_2020-01-31,12,-0.46956480278555335,-0.15374678206850467,-0.46956480278555335,-0.15374678206850467,-0.3158180207170487,0.3739035811341593,-1.4597508362384917,-0.36974099960275764,-0.157070533612218,0.3333333333333333,-1.1469447706789575,1.326117643640717,-0.2885296720517243,0.8055555555555557
chronos2_individual_median,25.0,2019-03-31_2020-02-29,12,-0.5934205726458363,-0.2983301643039218,-0.5934205726458363,-0.2983301643039218,-0.29509040834191447,0.4857680955820698,-1.511478759882121,-0.610165709500945,-0.2968733323797681,0.3333333333333333,-1.1649475933826214,1.9972210697937993,-0.07259470408871393,0.8333333333333334
chronos2_individual_median,25.0,2019-04-30_2020-03-31,12,-0.5004281448839774,-0.26938100433105683,-0.5004281448839774,-0.26938100433105683,-0.23104714055292058,0.5480307437119463,-0.9348953878507467,-0.610165709500945,-0.2897384073692094,0.4166666666666667,-0.5670777382551033,2.2026673757903565,0.13113794969812154,0.861111111111111
chronos2_individual_median,25.0,2019-05-31_2020-04-30,12,-0.42086068967973067,-0.23441422140073764,-0.42086068967973067,-0.23441422140073764,-0.18644646827899303,0.5633247506362221,-0.6435628826506882,-0.610165709500945,-0.2897384073692094,0.5,-0.2942788737211474,2.2536228963652736,0.20110836164865398,0.8333333333333331
chronos2_individual_median,25.0,2019-06-30_2020-05-31,12,-0.1489893927492768,-0.22854562482453433,-0.1489893927492768,-0.22854562482453433,0.07955623207525753,0.7833761803456938,0.1540740025595213,-0.610165709500945,-0.2897384073692095,0.5,0.5572186828641952,2.838975741245594,1.1445870023960398,0.861111111111111
chronos2_individual_median,25.0,2019-07-31_2020-06-30,12,-0.027551310261173745,-0.1941752572672133,-0.027551310261173745,-0.1941752572672133,0.16662394700603955,0.8024005852071816,0.3346369072186337,-0.610165709500945,-0.2827760862119635,0.5,0.7092407397006134,2.8251981056365625,1.181250161688613,0.8333333333333331
chronos2_individual_median,25.0,2019-08-31_2020-07-31,12,-0.05864981427069538,-0.1722348942847023,-0.05864981427069538,-0.1722348942847023,0.11358508001400691,0.8053058154178943,0.29501496394516813,-0.610165709500945,-0.27948217627529803,0.5,0.6116685123408866,2.7095795678648824,0.9372303573954652,0.8333333333333331
chronos2_individual_median,25.0,2019-09-30_2020-08-31,12,-0.21142904636412863,-0.21057570090232802,-0.21142904636412863,-0.21057570090232802,-0.0008533454618006031,0.8217769894799788,0.08731459384627799,-0.610165709500945,-0.27948217627529803,0.4166666666666667,0.422128675738954,2.726100221988829,0.8650861201191347,0.7777777777777778
chronos2_individual_median,25.0,2019-10-31_2020-09-30,12,-0.1311815519379509,-0.1766274605970889,-0.1311815519379509,-0.1766274605970889,0.045445908659138,0.8197112739335747,0.20494131432026957,-0.610165709500945,-0.2794821762752979,0.4166666666666667,0.5059199781817565,2.5872166367999125,0.7869011677062212,0.7777777777777778
chronos2_individual_median,25.0,2019-11-30_2020-10-31,12,-0.0012462345889078241,-0.06643817837031618,-0.0012462345889078241,-0.06643817837031618,0.06519194378140836,0.8565645271945684,0.38970932445905077,-0.610165709500945,-0.2794821762752979,0.4166666666666667,0.5548531947945099,2.633143869272113,0.522803830594921,0.7499999999999999
chronos2_individual_median,25.0,2019-12-31_2020-11-30,12,0.13703069657961797,-0.050871312509224054,0.13703069657961797,-0.050871312509224054,0.18790200908884203,0.8696144572158397,0.5485277861777336,-0.465681095152896,-0.2358764964179022,0.5,0.7405724037990639,2.6995029385663827,0.6739615463809594,0.7499999999999999
chronos2_individual_median,25.0,2020-01-31_2020-12-31,12,0.630332943760934,-0.013079995771551722,0.630332943760934,-0.013079995771551722,0.6434129395324857,0.8013867803917337,0.9902106430541956,-0.381469696976404,-0.16758179221927783,0.5833333333333334,1.2726516953491782,2.527751604969016,1.059975365659326,0.7222222222222222
chronos2_individual_median,25.0,2020-02-29_2021-01-31,12,1.4381873255568878,0.14471568274700242,1.4381873255568878,0.14471568274700242,1.2934716428098854,0.7978328198990743,1.5311397329820908,-0.19851712520092102,-0.07033476780972703,0.6666666666666666,1.7203569734787616,2.6027023389690385,1.1481907691123014,0.6944444444444445
chronos2_individual_median,25.0,2020-03-31_2021-02-28,12,2.3488807766709994,0.3187076559568369,2.3488807766709994,0.3187076559568369,2.0301731207141627,0.6680669812603481,2.1743663035700496,-0.19851712520092102,-0.07033476780972703,0.6666666666666666,2.0553292213998606,2.800199862748607,0.8539299151315249,0.638888888888889
chronos2_individual_median,25.0,2020-04-30_2021-03-31,12,1.616127735785899,0.2712264885896778,1.616127735785899,0.2712264885896778,1.3449012471962212,0.6884650462866246,1.7311188451393695,-0.2089298115536915,-0.07033476780972714,0.5833333333333334,1.6038257479893532,2.8760266851895344,0.5676029985354887,0.5833333333333334
chronos2_individual_median,25.0,2020-05-31_2021-04-30,12,1.3751803774959908,0.2511461011810818,1.3751803774959908,0.2511461011810818,1.124034276314909,0.6971463028499728,1.5655009380774692,-0.21682298232487318,-0.07033476780972703,0.5,1.4458100650720713,2.916228881374537,0.47327904055094594,0.611111111111111
chronos2_individual_median,25.0,2020-06-30_2021-05-31,12,1.1936121936169837,0.22018559574957508,1.1936121936169837,0.22018559574957508,0.9734265978674086,0.6269002681939752,1.5564724845610434,-0.21682298232487307,-0.07033476780972703,0.5,1.453248443820586,2.558326968786739,0.52444401054489,0.611111111111111
chronos2_individual_median,25.0,2020-07-31_2021-06-30,12,1.7846195074042455,0.1787337447456181,1.7846195074042455,0.1787337447456181,1.6058857626586274,0.7522791941687208,1.7209825352747912,-0.21682298232487318,-0.07033476780972703,0.5,1.6551544358990478,2.5176896945818585,1.2659163922532501,0.611111111111111
chronos2_individual_median,25.0,2020-08-31_2021-07-31,12,2.246081533953825,0.17406019021811336,2.246081533953825,0.17406019021811336,2.0720213437357113,0.7293486491435253,1.9878571476095233,-0.21682298232487318,-0.0471551797914731,0.5833333333333334,1.9684752282921694,2.537777559820053,1.633232305834147,0.5555555555555556
chronos2_individual_median,25.0,2020-09-30_2021-08-31,12,3.0562184248470947,0.29094300690606567,3.0562184248470947,0.29094300690606567,2.7652754179410293,0.6738779444126497,2.468476278932079,-0.21682298232487318,-0.0471551797914731,0.6666666666666666,2.2449783449353315,2.272336219249943,1.7559711900164388,0.5555555555555556
chronos2_individual_median,25.0,2020-10-31_2021-09-30,12,2.977176575871447,0.285307502281577,2.977176575871447,0.285307502281577,2.69186907358987,0.6773520662495217,2.425839601851376,-0.21682298232487307,-0.04715517979147299,0.6666666666666666,2.2066234993587086,2.301907291577198,1.7117143239761594,0.5555555555555556
chronos2_individual_median,25.0,2020-11-30_2021-10-31,12,2.5139068272316636,0.164192612882329,2.5139068272316636,0.164192612882329,2.3497142143493344,0.6605013734567853,2.2629517894011704,-0.21682298232487318,-0.04715517979147299,0.6666666666666666,2.146221280088362,2.393789500185761,1.9031344456260557,0.5277777777777778
chronos2_individual_median,25.0,2020-12-31_2021-11-30,12,1.801347218683076,0.10075285366229347,1.801347218683076,0.10075285366229347,1.7005943650207824,0.682423656438232,1.8403661790466757,-0.21682298232487318,-0.04715517979147321,0.5833333333333334,1.7829683018789362,2.8767239198080086,1.5324112651194013,0.49999999999999994
chronos2_individual_median,25.0,2021-01-31_2021-12-31,12,1.998937819730831,0.1311417024200292,1.998937819730831,0.1311417024200292,1.8677961173108018,0.6795021661638925,1.9568693227362204,-0.21682298232487307,-0.04715517979147299,0.5833333333333334,1.857154790769806,2.951798081191579,1.5005431099226687,0.4722222222222221
chronos2_individual_median,25.0,2021-02-28_2022-01-31,12,0.9498157896273023,0.1035559333431273,0.9498157896273023,0.1035559333431273,0.846259856284175,0.698145546570907,1.2572572168137708,-0.16004417593352693,-0.008710521467504728,0.5,1.1173286633639483,0.9073660610172272,1.1397864624317138,0.44444444444444436
chronos2_individual_median,25.0,2021-03-31_2022-02-28,12,1.2906550663240304,0.1814244316261513,1.2906550663240304,0.1814244316261513,1.109230634697879,0.6610717664137634,1.552413082809267,-0.16166777961164103,-0.008710521467504728,0.5,1.2658686483695554,-2.403809843408804,2.8742279443703276,0.47222222222222215
chronos2_individual_median,25.0,2021-04-30_2022-03-31,12,1.2592734067732811,0.2056999327796627,1.2592734067732811,0.2056999327796627,1.0535734739936184,0.6644359170867773,1.5253536928513203,-0.23007810269804796,-0.008710521467504728,0.5,1.2017017274122919,-3.5158771471974455,3.8257258796953577,0.5
chronos2_individual_median,25.0,2021-05-31_2022-04-30,12,1.0259011673710465,0.20202014645819677,1.0259011673710465,0.20202014645819677,0.8238810209128498,0.687752856407656,1.3249456870518754,-0.31649601327056076,-0.011058901373715124,0.5,1.0296784735923208,-2.456922346955115,2.66210827880332,0.47222222222222227
chronos2_individual_median,25.0,2021-06-30_2022-05-31,12,0.08010857312769337,0.1547230806668567,0.08010857312769337,0.1547230806668567,-0.07461450753916332,0.6644649655052894,0.38986704850396553,-0.4909253301831784,-0.04389760737316839,0.4166666666666667,0.17046407364539634,1.5813080198436198,0.026170021524216658,0.47222222222222227
chronos2_individual_median,25.0,2021-07-31_2022-06-30,12,-0.40995064326926445,0.14515293481688385,-0.40995064326926445,0.14515293481688385,-0.5551035780861483,0.43685951297846226,-0.9675529079408972,-0.5821325228479398,-0.04389760737316839,0.3333333333333333,-1.3316175731923412,1.564000672065405,-0.48205581190297797,0.47222222222222227
chronos2_individual_median,25.0,2021-08-31_2022-07-31,12,-0.4870315622652127,0.16719366722844042,-0.4870315622652127,0.16719366722844042,-0.6542252294936531,0.4143942886847485,-1.3641248593604034,-0.6034440485610608,-0.04389760737316839,0.25,-1.8098479095924775,1.404052580350653,-0.5573502405728028,0.5277777777777778
chronos2_individual_median,25.0,2021-09-30_2022-08-31,12,-0.5215016662064078,0.11990803732841937,-0.5215016662064078,0.11990803732841937,-0.6414097035348272,0.39824765361575676,-1.5998938362417188,-0.6043780500560861,-0.04389760737316817,0.25,-1.9237928681373282,0.8283671963958075,-0.5312189135753629,0.5555555555555556
chronos2_individual_median,25.0,2021-10-31_2022-09-30,12,-0.5747985867326858,0.07700156092153554,-0.5747985867326858,0.07700156092153554,-0.6518001476542213,0.3911406512753635,-1.9198971910658986,-0.6408304853144651,-0.04389760737316828,0.25,-2.1141735598285516,0.4672990503571289,-0.5568793559750327,0.5833333333333334
chronos2_individual_median,25.0,2021-11-30_2022-10-31,12,-0.6349154923530637,0.0837751064100245,-0.6349154923530637,0.0837751064100245,-0.7186905987630882,0.33584995616773494,-2.7100313259318707,-0.6527216713836939,-0.04389760737316839,0.16666666666666666,-3.0345781675414156,1.015435278176958,-0.6459511414387215,0.6111111111111112
chronos2_individual_median,25.0,2021-12-31_2022-11-30,12,-0.6498026439688638,0.04089310124175727,-0.6498026439688638,0.04089310124175727,-0.690695745210621,0.3362211145635675,-2.8208875356428447,-0.6872993880302469,-0.052330809109684795,0.16666666666666666,-3.029033925310619,0.9151580478916237,-0.6434178437466506,0.6666666666666666
chronos2_individual_median,25.0,2022-01-31_2022-12-31,12,-0.7319325490178138,0.03139589518781816,-0.7319325490178138,0.03139589518781816,-0.763328444205632,0.26080743611333207,-4.6436139130785135,-0.680855298217479,-0.0538908420070876,0.08333333333333333,-4.937421816183737,0.8137638834699463,-0.7295375087870872,0.6944444444444445
chronos2_individual_median,25.0,2022-02-28_2023-01-31,12,-0.6883919414523663,-0.006523085673795559,-0.6883919414523663,-0.006523085673795559,-0.6818688557785708,0.262746109914121,-4.090108097801429,-0.6877884480189951,-0.053890842007087936,0.08333333333333333,-4.449626959583708,1.5135245316447141,-0.6734532169418876,0.75
chronos2_individual_median,25.0,2022-03-31_2023-02-28,12,-0.7409031216611963,-0.03763942955797195,-0.7409031216611963,-0.03763942955797195,-0.7032636921032244,0.255283686290389,-4.868509353376411,-0.7178814343706406,-0.05860315994470999,0.08333333333333333,-4.993673473597479,1.2305534248828416,-0.717048523070156,0.7222222222222222
chronos2_individual_median,25.0,2022-04-30_2023-03-31,12,-0.7370164606351526,-0.0433257664262765,-0.7370164606351526,-0.0433257664262765,-0.6936906942088761,0.2569433368559598,-4.783445003670019,-0.7037664892697764,-0.052003665957635614,0.08333333333333333,-4.901208436895007,1.349625745939327,-0.7086903512003588,0.7222222222222222
chronos2_individual_median,25.0,2022-05-31_2023-04-30,12,-0.7315959348105526,-0.07213752035282106,-0.7315959348105526,-0.07213752035282106,-0.6594584144577316,0.256831990534414,-4.714273195993232,-0.639629980652175,-0.07596598010903766,0.08333333333333333,-4.621677499649961,0.9588967801099959,-0.6987350859758823,0.7222222222222222
chronos2_individual_median,25.0,2022-06-30_2023-05-31,12,-0.6092849326301109,-0.0361282154897381,-0.6092849326301109,-0.0361282154897381,-0.5731567171403726,0.2586413145107871,-3.3690372967881186,-0.5609726560638338,-0.07596598010903755,0.16666666666666666,-3.2061654478138557,0.3735162141549215,-0.589652747387119,0.7222222222222222
chronos2_individual_median,25.0,2022-07-31_2023-06-30,12,-0.516927415591557,-0.0028433046031512976,-0.516927415591557,-0.0028433046031512976,-0.5140841109884057,0.24379706053677616,-2.778303006371449,-0.5373786525061808,-0.07596598010903743,0.16666666666666666,-2.9297129316547132,0.9398206455980961,-0.5021528108439213,0.6944444444444445
chronos2_individual_median,25.0,2022-08-31_2023-07-31,12,-0.5189474422677227,-0.031389184091800915,-0.5189474422677227,-0.031389184091800915,-0.48755825817592185,0.2437326709316347,-2.7953185739550337,-0.5362864759213095,-0.0655917893195096,0.16666666666666666,-2.8421745730878807,1.113865022706077,-0.4866783749099566,0.6666666666666666
chronos2_individual_median,25.0,2022-09-30_2023-08-31,12,-0.5128336166545752,-0.014331580574544756,-0.5128336166545752,-0.014331580574544756,-0.4985020360800304,0.24712723761390812,-2.7056148689380066,-0.4892237756536856,-0.06559178931950937,0.16666666666666666,-2.8812061064629577,1.3804660326750944,-0.48849348637064127,0.6666666666666666
chronos2_individual_median,25.0,2022-10-31_2023-09-30,12,-0.6149144033903777,-0.04883569016310929,-0.6149144033903777,-0.04883569016310929,-0.5660787132272684,0.33522654820379305,-2.5620408098297025,-0.6017286555203336,-0.06327241269436523,0.16666666666666666,-2.684615060573145,2.334555081858079,-0.538242752923717,0.6388888888888888
chronos2_individual_median,25.0,2022-11-30_2023-10-31,12,-0.6136509908096552,-8.074453772832779e-05,-0.6136509908096552,-8.074453772832779e-05,-0.613570246271927,0.33563838377620575,-2.549445765644554,-0.5709294032748269,-0.04084242285001627,0.16666666666666666,-2.8680304214708503,1.8436674487077933,-0.591505180474074,0.638888888888889
chronos2_individual_median,25.0,2022-12-31_2023-11-30,12,-0.7196117703056769,0.06162621592425688,-0.7196117703056769,0.06162621592425688,-0.7812379862299338,0.43458748660061314,-2.537224552577718,-0.672927202861503,-0.04084242285001627,0.16666666666666666,-2.7429622027689664,1.0218976213345905,-0.7072129048704889,0.6111111111111112
chronos2_individual_median,25.0,2023-01-31_2023-12-31,12,-0.6823734003078958,0.05389394652891433,-0.6823734003078958,0.05389394652891433,-0.7362673468368102,0.43496900692255647,-2.273248356487536,-0.674691190884471,-0.04084242285001627,0.16666666666666666,-2.4374626312912198,0.8390137533339821,-0.661570572134111,0.638888888888889
chronos2_individual_median,25.0,2023-02-28_2024-01-31,12,-0.6785053727570117,0.06910062416905749,-0.6785053727570117,0.06910062416905749,-0.7476059969260692,0.43688033708936425,-2.236086570882172,-0.6125992054839224,-0.04084242285001627,0.16666666666666666,-2.4456864837774046,0.9609245860574532,-0.6648296228730626,0.638888888888889
chronos2_individual_median,25.0,2023-03-31_2024-02-29,12,-0.5867840709648411,0.07105311702696282,-0.5867840709648411,0.07105311702696282,-0.6578371879918039,0.4484333064005942,-1.6505052067375403,-0.5844114170167751,-0.04084242285001627,0.25,-1.8213930354817478,0.6277072568461219,-0.5562692789595409,0.6944444444444443
chronos2_individual_median,25.0,2023-04-30_2024-03-31,12,-0.5380353376484609,0.04605177038880415,-0.5380353376484609,0.04605177038880415,-0.584087108037265,0.460120905221389,-1.3695731545085381,-0.5831422464703411,-0.028914327222309355,0.3333333333333333,-1.473973876259557,0.47181805289245804,-0.48912195302801986,0.7222222222222222
chronos2_individual_median,25.0,2023-05-31_2024-04-30,12,-0.44653198167557584,0.05087612226469651,-0.44653198167557584,0.05087612226469651,-0.49740810394027235,0.47717597336402223,-0.9445212181677511,-0.5831422464703412,-0.04720745865673304,0.4166666666666667,-1.0198162458014925,-0.5808822865768283,-0.34775075156730395,0.7222222222222222
chronos2_individual_median,25.0,2023-06-30_2024-05-31,12,-0.5177413964775284,0.06029804021364593,-0.5177413964775284,0.06029804021364593,-0.5780394366911743,0.45836296107978625,-1.2876195493388563,-0.5831422464703411,-0.04720745865673304,0.3333333333333333,-1.3702038323040193,-0.580401947985046,-0.4329477357903192,0.6944444444444445
chronos2_individual_median,25.0,2023-07-31_2024-06-30,12,-0.4946402761265617,0.046802268590376395,-0.4946402761265617,0.046802268590376395,-0.5414425447169381,0.46824522719393774,-1.1566225648331183,-0.5634025908963187,-0.04720745865673304,0.4166666666666667,-1.2197148417476913,-0.6079571567476347,-0.40729731110325684,0.75
chronos2_individual_median,25.0,2023-08-31_2024-07-31,12,-0.4836403339549189,0.10318514893952901,-0.4836403339549189,0.10318514893952901,-0.5868254828944479,0.4682256177915786,-1.1127390381141884,-0.5634025908963187,-0.04720745865673315,0.4166666666666667,-1.2839888560799255,-0.37785736316809304,-0.3886305922959281,0.7777777777777777
chronos2_individual_median,25.0,2023-09-30_2024-08-31,12,-0.5079426799423407,0.08473288946892565,-0.5079426799423407,0.08473288946892565,-0.5926755694112663,0.4646727344045585,-1.223578542037938,-0.3916099497245993,-0.04720745865673315,0.3333333333333333,-1.3572092877985462,-0.31870437842687815,-0.4251477687851106,0.8055555555555555
chronos2_individual_median,25.0,2023-10-31_2024-09-30,12,-0.25644947303954413,0.12170948346779942,-0.25644947303954413,0.12170948346779942,-0.37815895650734355,0.4029853121787985,-0.500713625381489,-0.3728356549974783,-0.047207458656732815,0.4166666666666667,-0.7219619044607802,-1.4913743607650685,-0.02338198447187667,0.8333333333333334
chronos2_individual_median,25.0,2023-11-30_2024-10-31,12,-0.3752297219372911,0.004734660022875703,-0.3752297219372911,0.004734660022875703,-0.3799643819601668,0.43686087584077143,-0.8166113420361762,-0.1849005168439103,-0.07254414974326939,0.4166666666666667,-0.809799017659696,-0.11598110017841912,-0.30298577298294405,0.861111111111111
chronos2_individual_median,25.0,2023-12-31_2024-11-30,12,-0.31143310637794963,-0.026522408525777696,-0.31143310637794963,-0.026522408525777696,-0.28491069785217193,0.3862365097824211,-0.7508806360491845,-0.4129603720678565,-0.07702368625268241,0.4166666666666667,-0.7139296697139742,0.8733333216857961,-0.23969154962254036,0.861111111111111
chronos2_individual_median,25.0,2024-01-31_2024-12-31,12,-0.36897131167699093,-0.013699490369203038,-0.36897131167699093,-0.013699490369203038,-0.3552718213077879,0.395724921409538,-0.9379404522723541,-0.47755229540545696,-0.07702368625268208,0.4166666666666667,-0.9372838202015689,0.8298103310192051,-0.30891312582814534,0.8333333333333331
chronos2_individual_median,25.0,2024-02-29_2025-01-31,12,-0.09108233376503816,-0.14290566323586873,-0.09108233376503816,-0.14290566323586873,0.05182332947083057,0.6035262066862708,0.10611774194427458,-0.47755229540545696,-0.18252959118595857,0.5,0.2981338378458564,-1.8475502723539161,-0.1808900528992936,0.8055555555555554
chronos2_individual_median,25.0,2024-03-31_2025-02-28,12,-0.16826659716908787,-0.10676537761977256,-0.16826659716908787,-0.10676537761977256,-0.06150121954931531,0.6002781871171899,-0.044200761402381245,-0.47755229540545696,-0.1825295911859588,0.4166666666666667,0.10583556611893517,-1.7403109439545636,-0.18277507971670104,0.7777777777777777
chronos2_individual_median,25.0,2024-04-30_2025-03-31,12,-0.16820170205453266,-0.06461005552580057,-0.16820170205453266,-0.06461005552580057,-0.1035916465287321,0.6002847473371129,-0.04406482207157235,-0.4775522954054571,-0.18252959118595868,0.4166666666666667,0.03834854368187806,-1.5231588554582696,-0.10196190341754419,0.7777777777777778
chronos2_individual_median,25.0,2024-05-31_2025-04-30,12,-0.2928311553174121,0.02942056800377868,-0.2928311553174121,0.02942056800377868,-0.3222517233211908,0.59637609960571,-0.31707621159503224,-0.47755229540545696,-0.18252959118595857,0.3333333333333333,-0.3377475367148948,-1.421575517102718,-0.11953403679098873,0.7777777777777777
chronos2_individual_median,25.0,2024-06-30_2025-05-31,12,-0.370647550091338,-0.019239253194651806,-0.370647550091338,-0.019239253194651806,-0.3514082968966862,0.6127293527070808,-0.47827323356316415,-0.47755229540545696,-0.18252959118595835,0.3333333333333333,-0.41501896954261824,-1.183133039496841,-0.2602849865388248,0.8055555555555554
chronos2_individual_median,25.0,2024-07-31_2025-06-30,12,-0.30844717175166425,0.03150250800801424,-0.30844717175166425,0.03150250800801424,-0.3399496797596785,0.6376854123131075,-0.2947310236846658,-0.47755229540545696,-0.1825295911859589,0.3333333333333333,-0.33712462474538213,-0.6405974463678776,-0.14569339686671756,0.7777777777777777
chronos2_individual_median,25.0,2024-08-31_2025-07-31,12,-0.2463544231086252,0.02082724764079913,-0.2463544231086252,0.02082724764079913,-0.26718167074942434,0.6407925517364595,-0.15800252702883888,-0.47755229540545696,-0.1720911800730176,0.4166666666666667,-0.19947911372239424,-0.5455860787467669,-0.07748417483796721,0.7777777777777777
chronos2_individual_median,25.0,2024-09-30_2025-08-31,12,-0.10375317078884072,0.07082064647411035,-0.10375317078884072,0.07082064647411035,-0.17457381726295107,0.6575399273394978,0.12307174340055607,-0.47755229540545696,-0.1720911800730176,0.5,-0.0075755851297549985,-0.46758253856490023,0.12825456047454842,0.75
chronos2_individual_median,25.0,2024-10-31_2025-09-30,12,0.007261254886591129,0.07787885846139209,0.007261254886591129,0.07787885846139209,-0.07061760357480096,0.6878681190830861,0.31291770541270625,-0.3590381108185594,-0.11858833109117162,0.5,0.16594994393702242,-0.4327027061506488,0.2876000848523381,0.75
chronos2_individual_median,25.0,2024-11-30_2025-10-31,12,0.4880020085148087,0.1960061542824556,0.4880020085148087,0.1960061542824556,0.2919958542323531,0.6725612465157094,0.8984651349454853,-0.22408608868435997,-0.11795970406671652,0.5833333333333334,0.555166091387327,-0.8553744316688476,1.1128068202825236,0.7222222222222222
chronos2_individual_median,25.0,2024-12-31_2025-11-30,12,1.2952459603695416,0.22133541890163522,1.2952459603695416,0.22133541890163522,1.0739105414679064,0.5688181570792743,1.7492163685104776,-0.22408608868436009,-0.11795970406671652,0.6666666666666666,1.1884580008226087,-1.129157818909489,2.2543650337880554,0.6944444444444445
chronos2_individual_median,25.0,2025-01-31_2025-12-31,12,2.0202954389670897,0.17166648362633885,2.0202954389670897,0.17166648362633885,1.848628955340751,0.5331425399323998,2.393581875469853,-0.22408608868435986,-0.03669877287899381,0.75,1.7253082972050933,-1.2394388118407484,3.0895138844967027,0.6944444444444443
chronos2_individual_median,25.0,2025-02-28_2026-01-31,12,0.5288717449770188,0.31334945156909844,0.5288717449770188,0.31334945156909844,0.2155222934079204,0.5403257513156162,1.060844982239543,-0.2794320120733078,-0.04758367670999886,0.6666666666666666,0.561585910907099,1.2830382067062633,0.23190525681391239,0.6944444444444445
chronos2_individual_median,25.0,2025-03-31_2026-02-28,12,0.04998830347309702,0.08257309459079365,0.04998830347309702,0.08257309459079365,-0.03258479111769663,0.6582199054547864,0.4063597486185136,-0.5169806633757683,-0.18488813271044613,0.6666666666666666,0.3021976865318078,1.9782672651368374,0.07120248852621014,0.7222222222222223
chronos2_individual_median,25.0,2025-04-30_2026-03-31,12,0.03736783824700751,0.028079656548997578,0.03736783824700751,0.028079656548997578,0.009288181698009934,0.6579250954421072,0.3875013965498751,-0.5169806633757683,-0.19546042589812018,0.6666666666666666,0.3737611831990583,1.9942619756960067,0.17132512849872827,0.7222222222222223
chronos2_individual_median,25.0,2025-05-31_2026-04-30,12,-0.05973565739083264,-0.14610708694572017,-0.05973565739083264,-0.14610708694572017,0.08637142955488752,0.6773983694457572,0.24883496266080032,-0.5839588607855036,-0.29138146686445754,0.6666666666666666,0.5636299673466266,2.1703060894556545,0.5618863271934631,0.75
chronos2_individual_median,25.0,2025-06-30_2026-05-31,12,-0.21676492367132805,-0.18541351506394133,-0.21676492367132805,-0.18541351506394133,-0.03135140860738672,0.7291581404031499,0.038605663529102725,-0.7086277370436936,-0.34737666250868915,0.6666666666666666,0.35867213785421437,2.3290923965213075,0.5379755557718202,0.7777777777777777
chronos2_individual_median,25.0,2025-07-31_2026-06-30,12,-0.1788537824133145,-0.1667764227923394,-0.1788537824133145,-0.1667764227923394,-0.012077359620975114,0.7452430238171055,0.11367179713943976,-0.7086277370436935,-0.34737666250868904,0.6666666666666666,0.41083758498395984,2.3032334225959024,0.5306905047506199,0.8055555555555555
chronos2_cross_median,25.0,2019-01-31_2019-12-31,12,-0.5097047879653691,-0.0907583313333864,-0.5097047879653691,-0.0907583313333864,-0.41894645663198277,0.29479080593902124,-2.200551354831086,-0.4806778091777688,-0.08173242622854304,0.25,-1.866360991377041,0.3669723332782458,-0.46845612621195376,0.611111111111111
chronos2_cross_median,25.0,2019-02-28_2020-01-31,12,-0.5471079081008781,-0.15374678206850467,-0.5471079081008781,-0.15374678206850467,-0.3933611260323734,0.3039364229598069,-2.371302715193651,-0.43563384197198907,-0.157070533612218,0.25,-1.8789424510360353,0.5909683905669278,-0.47483589396618975,0.5833333333333334
chronos2_cross_median,25.0,2019-03-31_2020-02-29,12,-0.5245902936710748,-0.2983301643039218,-0.5245902936710748,-0.2983301643039218,-0.226260129367153,0.28636172997174014,-2.377504563358697,-0.5201637124440419,-0.2968733323797681,0.3333333333333333,-1.398574942945965,0.7472125958283136,-0.35743774525486494,0.638888888888889
chronos2_cross_median,25.0,2019-04-30_2020-03-31,12,-0.3903458259203142,-0.26938100433105683,-0.3903458259203142,-0.26938100433105683,-0.12096482158925737,0.378161869321906,-1.1062964636271364,-0.5201637124440419,-0.2897384073692094,0.4166666666666667,-0.42480030724920165,1.0876794415084228,-0.09936282042912148,0.7222222222222223
chronos2_cross_median,25.0,2019-05-31_2020-04-30,12,-0.4188227806973097,-0.23441422140073764,-0.4188227806973097,-0.23441422140073764,-0.18440855929657207,0.3772226138150252,-1.232061469985123,-0.5201637124440419,-0.2897384073692094,0.3333333333333333,-0.7279526930971312,1.0698659854460422,-0.18679021062373846,0.7777777777777777
chronos2_cross_median,25.0,2019-06-30_2020-05-31,12,-0.17739618969711446,-0.22854562482453433,-0.17739618969711446,-0.22854562482453433,0.05114943512741987,0.584261224642789,-0.08925049578824323,-0.5201637124440419,-0.2897384073692095,0.4166666666666667,0.36862365970544264,1.5819110334555726,0.3707370853137004,0.7777777777777777
chronos2_cross_median,25.0,2019-07-31_2020-06-30,12,-0.29995804349803357,-0.1941752572672133,-0.29995804349803357,-0.1941752572672133,-0.10578278623082027,0.6035416948008444,-0.33139686725892126,-0.5201637124440419,-0.2827760862119635,0.4166666666666667,-0.01811617583570054,1.216675503863898,0.031826508429304345,0.7499999999999999
chronos2_cross_median,25.0,2019-08-31_2020-07-31,12,-0.2889364667148474,-0.1722348942847023,-0.2889364667148474,-0.1722348942847023,-0.11670157243014512,0.6034420469476012,-0.3060729076246926,-0.520163712444042,-0.27948217627529803,0.4166666666666667,-0.03953457734952476,1.1940758390103576,0.010240100457165724,0.7777777777777778
chronos2_cross_median,25.0,2019-09-30_2020-08-31,12,-0.48742599598307235,-0.21057570090232802,-0.48742599598307235,-0.21057570090232802,-0.2768502950807443,0.646460357748291,-0.7308339739319762,-0.5278122200276337,-0.27948217627529803,0.3333333333333333,-0.4642859817405587,1.3940479041177354,-0.16754599478150267,0.7777777777777777
chronos2_cross_median,25.0,2019-10-31_2020-09-30,12,-0.5408514215118636,-0.1766274605970889,-0.5408514215118636,-0.1766274605970889,-0.36422396091477477,0.6323602259709598,-0.9260538784586672,-0.5031573055410612,-0.2794821762752979,0.25,-0.7499681775708658,1.245261825508913,-0.32046586264003196,0.7777777777777777
chronos2_cross_median,25.0,2019-11-30_2020-10-31,12,-0.4271066123232723,-0.06643817837031618,-0.4271066123232723,-0.06643817837031618,-0.3606684339529561,0.6623977699031506,-0.5384444220230973,-0.43294309609778947,-0.2794821762752979,0.3333333333333333,-0.5644152899370215,1.3498010410494663,-0.26831709323594444,0.8333333333333331
chronos2_cross_median,25.0,2019-12-31_2020-11-30,12,-0.20677123803288688,-0.050871312509224054,-0.20677123803288688,-0.050871312509224054,-0.15589992552366283,0.6950831976794565,-0.028321074758033086,-0.39703535644360566,-0.2358764964179022,0.4166666666666667,-0.002430615083473295,1.6311205453967257,0.01021374996977964,0.8611111111111112
chronos2_cross_median,25.0,2020-01-31_2020-12-31,12,-0.2533893093266728,-0.013079995771551722,-0.2533893093266728,-0.013079995771551722,-0.24030931355512108,0.7107847342539648,-0.09439444760228008,-0.39703535644360566,-0.16758179221927783,0.4166666666666667,-0.14455359097939685,1.6067278176402484,-0.09372755516832709,0.8333333333333331
chronos2_cross_median,25.0,2020-02-29_2021-01-31,12,-0.04441330665150667,0.14471568274700242,-0.04441330665150667,0.14471568274700242,-0.18912898939850908,0.706859476427416,0.2504055481427561,-0.39703535644360566,-0.07033476780972703,0.5,0.01836632832025297,1.6454182204434429,-0.09203176055383988,0.861111111111111
chronos2_cross_median,25.0,2020-03-31_2021-02-28,12,0.07162480689674555,0.3187076559568369,0.07162480689674555,0.3187076559568369,-0.24708284906009137,0.686763214607485,0.40667959666335013,-0.39703535644360566,-0.07033476780972703,0.4166666666666667,-0.022131907827660526,2.544683078271051,-0.3777257391875294,0.861111111111111
chronos2_cross_median,25.0,2020-04-30_2021-03-31,12,-0.06278351142410132,0.2712264885896778,-0.06278351142410132,0.2712264885896778,-0.3340100000137791,0.662549053654376,0.19589657011960077,-0.39703535644360566,-0.07033476780972714,0.4166666666666667,-0.21718669971793805,2.3946145644357504,-0.3880110994775776,0.861111111111111
chronos2_cross_median,25.0,2020-05-31_2021-04-30,12,-0.023854151761185327,0.2511461011810818,-0.023854151761185327,0.2511461011810818,-0.27500025294226715,0.6595775107342594,0.25641754809275974,-0.39703535644360577,-0.07033476780972703,0.4166666666666667,-0.12198820478994875,2.331473422932737,-0.32631770535500637,0.8333333333333331
chronos2_cross_median,25.0,2020-06-30_2021-05-31,12,-0.39101077006118423,0.22018559574957508,-0.39101077006118423,0.22018559574957508,-0.6111963658107593,0.5124817541548512,-0.7018176810700363,-0.28607248742195024,-0.07033476780972703,0.3333333333333333,-1.4062492541369556,2.1817020563504848,-0.5749788346275951,0.861111111111111
chronos2_cross_median,25.0,2020-07-31_2021-06-30,12,0.4681156704288405,0.1787337447456181,0.4681156704288405,0.1787337447456181,0.2893819256832224,1.1645277864689483,0.7142869287230276,-0.2779854416725889,-0.07033476780972703,0.4166666666666667,0.5846459972003734,2.4227178335613737,0.48292321065518595,0.861111111111111
chronos2_cross_median,25.0,2020-08-31_2021-07-31,12,0.926480391334245,0.17406019021811336,0.926480391334245,0.17406019021811336,0.7524202011161316,1.1817662187249562,0.9648965725409366,-0.2779854416725889,-0.0471551797914731,0.5,0.8504093144036031,2.420559295787702,1.0106359169307355,0.8611111111111112
chronos2_cross_median,25.0,2020-09-30_2021-08-31,12,1.3430495573155978,0.29094300690606567,1.3430495573155978,0.29094300690606567,1.0521065504095322,1.1397422023374766,1.1414552817998331,-0.27798544167258876,-0.0471551797914731,0.5,0.9229858649717776,1.636606956350969,1.3048913824971984,0.8888888888888888
chronos2_cross_median,25.0,2020-10-31_2021-09-30,12,0.9866242082828216,0.285307502281577,0.9866242082828216,0.285307502281577,0.7013167060012446,1.1682437005643727,0.9869902957842279,-0.2779854416725889,-0.04715517979147299,0.5,0.7730458936277186,1.4678343269206622,1.1063822035357127,0.9166666666666666
chronos2_cross_median,25.0,2020-11-30_2021-10-31,12,0.9387366917598643,0.164192612882329,0.9387366917598643,0.164192612882329,0.7745440788775353,1.167094855919106,0.9641465916306604,-0.27798544167258876,-0.04715517979147299,0.5,0.8374175684126635,1.6709009355727449,1.2944682801972318,0.8888888888888888
chronos2_cross_median,25.0,2020-12-31_2021-11-30,12,0.5259062465953463,0.10075285366229347,0.5259062465953463,0.10075285366229347,0.4251533929330529,1.1668567550338809,0.7429562586529571,-0.2548633809352605,-0.04715517979147321,0.4166666666666667,0.6612300492893518,1.4793739921218902,1.0081815295309196,0.861111111111111
chronos2_cross_median,25.0,2021-01-31_2021-12-31,12,1.617407012301726,0.1311417024200292,1.617407012301726,0.1311417024200292,1.4862653098816967,1.1338715628495208,1.2435629368158947,-0.2548633809352606,-0.04715517979147299,0.5,1.129822885728168,0.36773374149501276,2.6365362719679295,0.8333333333333331
chronos2_cross_median,25.0,2021-02-28_2022-01-31,12,0.9444544809756132,0.1035559333431273,0.9444544809756132,0.1035559333431273,0.840898547632486,1.1699785709651207,0.9599011423224467,-0.2548633809352605,-0.008710521467504728,0.4166666666666667,0.8669156875229411,-0.9783536866256064,2.2038309526778708,0.8055555555555555
chronos2_cross_median,25.0,2021-03-31_2022-02-28,12,1.0319151414260812,0.1814244316261513,1.0319151414260812,0.1814244316261513,0.8504907097999299,1.1648387965975644,1.0006144640164547,-0.2548633809352606,-0.008710521467504728,0.4166666666666667,0.8436958339391678,-4.590591708487203,5.058534475029711,0.8055555555555555
chronos2_cross_median,25.0,2021-04-30_2022-03-31,12,0.6768031656023037,0.2056999327796627,0.6768031656023037,0.2056999327796627,0.471103232822641,1.188180552706212,0.8276240816899135,-0.29582007693839407,-0.008710521467504728,0.3333333333333333,0.6579729326492876,-5.4861691868477305,5.503198671291964,0.75
chronos2_cross_median,25.0,2021-05-31_2022-04-30,12,0.5636136233703601,0.20202014645819677,0.5636136233703601,0.20202014645819677,0.36159347691216337,1.19586535641212,0.7666292226683842,-0.35232009539063647,-0.011058901373715124,0.3333333333333333,0.6023676912860187,-4.619978766609085,4.262666205893891,0.7777777777777778
chronos2_cross_median,25.0,2021-06-30_2022-05-31,12,0.23034264621293765,0.1547230806668567,0.23034264621293765,0.1547230806668567,0.07561956554608096,1.243517109571448,0.5869159820648663,-0.5530041710771105,-0.04389760737316839,0.3333333333333333,0.46771892098738055,0.1658295430196334,0.984628575376781,0.7777777777777777
chronos2_cross_median,25.0,2021-07-31_2022-06-30,12,-0.36242999527666575,0.14515293481688385,-0.36242999527666575,0.14515293481688385,-0.5075829300935496,0.6491197248303664,-0.38685937085482663,-0.5530041710771106,-0.04389760737316839,0.3333333333333333,-0.5945078758599707,-0.2749134168695162,-0.19329631792953006,0.7777777777777777
chronos2_cross_median,25.0,2021-08-31_2022-07-31,12,-0.4904329546600764,0.16719366722844042,-0.4904329546600764,0.16719366722844042,-0.6576266218885168,0.5557303926822973,-0.9202538428827229,-0.5530041710771105,-0.04389760737316839,0.3333333333333333,-1.191374572577829,-0.06942878411556011,-0.40018683366788554,0.7499999999999999
chronos2_cross_median,25.0,2021-09-30_2022-08-31,12,-0.48215942818293955,0.11990803732841937,-0.48215942818293955,0.11990803732841937,-0.6020674655113589,0.5543784655171401,-0.896028482752844,-0.5530041710771105,-0.04389760737316817,0.3333333333333333,-1.0995175236322599,0.20337633308271366,-0.41268472995113425,0.7222222222222222
chronos2_cross_median,25.0,2021-10-31_2022-09-30,12,-0.44031330330624807,0.07700156092153554,-0.44031330330624807,0.07700156092153554,-0.5173148642277836,0.5406251536615467,-0.7955876736044397,-0.6000365231314423,-0.04389760737316828,0.3333333333333333,-0.9534484850371664,1.334706230282268,-0.4201927834647039,0.6944444444444445
chronos2_cross_median,25.0,2021-11-30_2022-10-31,12,-0.518172904052127,0.0837751064100245,-0.518172904052127,0.0837751064100245,-0.6019480104621515,0.5116174535634284,-1.146666627633004,-0.6125420487470872,-0.04389760737316839,0.25,-1.3484675845700747,1.8699969193852009,-0.53523509114593,0.6944444444444445
chronos2_cross_median,25.0,2021-12-31_2022-11-30,12,-0.5627943933270796,0.04089310124175727,-0.5627943933270796,0.04089310124175727,-0.6036874945688369,0.5185116176783704,-1.301958126412533,-0.6643048924976755,-0.052330809109684795,0.25,-1.4404117342431273,1.9290600506072253,-0.5433232163686004,0.6666666666666666
chronos2_cross_median,25.0,2022-01-31_2022-12-31,12,-0.7088730316938148,0.03139589518781816,-0.7088730316938148,0.03139589518781816,-0.7402689268816329,0.3430821094678758,-3.236056621409875,-0.6489069986210769,-0.0538908420070876,0.16666666666666666,-3.6087955705685166,1.719330677951416,-0.7076820316238581,0.7222222222222223
chronos2_cross_median,25.0,2022-02-28_2023-01-31,12,-0.6837636270450766,-0.006523085673795559,-0.6837636270450766,-0.006523085673795559,-0.677240541371281,0.33257421618933364,-3.123258705973456,-0.6796503241969424,-0.053890842007087936,0.16666666666666666,-3.5434621199057146,2.8053935198405613,-0.6583979553792174,0.7222222222222222
chronos2_cross_median,25.0,2022-03-31_2023-02-28,12,-0.7157539280681782,-0.03763942955797195,-0.7157539280681782,-0.03763942955797195,-0.6781144985102063,0.32328918845850485,-3.5218495579585514,-0.6695858559363204,-0.05860315994470999,0.16666666666666666,-3.827906538519102,2.825221506329964,-0.6617224464789295,0.6944444444444443
chronos2_cross_median,25.0,2022-04-30_2023-03-31,12,-0.6362144267064412,-0.0433257664262765,-0.6362144267064412,-0.0433257664262765,-0.5928886602801647,0.37270744242234416,-2.4089918765323066,-0.6407623505231961,-0.052003665957635614,0.25,-2.6271366088856474,4.280271969052782,-0.5226421431274777,0.75
chronos2_cross_median,25.0,2022-05-31_2023-04-30,12,-0.6823519095980985,-0.07213752035282106,-0.6823519095980985,-0.07213752035282106,-0.6102143892452776,0.39229595182168486,-2.5860560668213592,-0.5790157057060451,-0.07596598010903766,0.25,-2.8010795063723686,4.055709385205836,-0.5253443736262945,0.75
chronos2_cross_median,25.0,2022-06-30_2023-05-31,12,-0.49892484067279674,-0.0361282154897381,-0.49892484067279674,-0.0361282154897381,-0.46279662518305864,0.3417766632727498,-1.8022589623297198,-0.579015705706045,-0.07596598010903755,0.3333333333333333,-1.9657140998827989,3.4896404492649764,-0.39720997238253164,0.75
chronos2_cross_median,25.0,2022-07-31_2023-06-30,12,-0.5495919506544129,-0.0028433046031512976,-0.5495919506544129,-0.0028433046031512976,-0.5467486460512616,0.32159175352589436,-2.247127063084966,-0.579015705706045,-0.07596598010903743,0.25,-2.5997527785164802,2.4309134598145152,-0.5257344210929018,0.7777777777777777
chronos2_cross_median,25.0,2022-08-31_2023-07-31,12,-0.57047970633953,-0.031389184091800915,-0.57047970633953,-0.031389184091800915,-0.5390905222477291,0.3092251647359357,-2.4923970478381143,-0.5416386430178521,-0.0655917893195096,0.16666666666666666,-2.70553026345665,2.358382692595144,-0.5146726057140224,0.7777777777777777
chronos2_cross_median,25.0,2022-09-30_2023-08-31,12,-0.42246812251847243,-0.014331580574544756,-0.42246812251847243,-0.014331580574544756,-0.4081365419439277,0.428755481349591,-1.0593792406575377,-0.4856173206073474,-0.06559178931950937,0.25,-1.091015556142221,2.385656721966075,-0.3515835751780165,0.8055555555555555
chronos2_cross_median,25.0,2022-10-31_2023-09-30,12,-0.43063776127513165,-0.04883569016310929,-0.43063776127513165,-0.04883569016310929,-0.38180207111202236,0.43121273075851896,-1.0825743037871232,-0.46901519448607965,-0.06327241269436523,0.25,-1.0461117966945703,2.6970128257798813,-0.2911047439719865,0.7777777777777778
chronos2_cross_median,25.0,2022-11-30_2023-10-31,12,-0.38345360693090114,-8.074453772832779e-05,-0.38345360693090114,-8.074453772832779e-05,-0.3833728623931728,0.44014401888444254,-0.878210296883379,-0.3871394599058151,-0.04084242285001627,0.3333333333333333,-0.9696815957556152,2.36369672383401,-0.33114100046861883,0.7777777777777777
chronos2_cross_median,25.0,2022-12-31_2023-11-30,12,-0.44462401764656945,0.06162621592425688,-0.44462401764656945,0.06162621592425688,-0.5062502335708263,0.46918057630646065,-1.0070726848550873,-0.3596024401825132,-0.04084242285001627,0.3333333333333333,-1.1837547242090463,1.4707908968220702,-0.4399179371602462,0.7777777777777778
chronos2_cross_median,25.0,2023-01-31_2023-12-31,12,-0.40039844740137964,0.05389394652891433,-0.40039844740137964,0.05389394652891433,-0.45429239393029397,0.45916036027186213,-0.8786459437138717,-0.3343083631833871,-0.04084242285001627,0.3333333333333333,-1.0370870379600197,1.4048642940872038,-0.38884104703108546,0.7777777777777778
chronos2_cross_median,25.0,2023-02-28_2024-01-31,12,-0.32549527794358624,0.06910062416905749,-0.32549527794358624,0.06910062416905749,-0.3945959021126437,0.4553783343636511,-0.6388535584267823,-0.3266039708992139,-0.04084242285001627,0.3333333333333333,-0.8232704976724114,1.4016772878462025,-0.3272945820713685,0.8055555555555555
chronos2_cross_median,25.0,2023-03-31_2024-02-29,12,-0.17773587020620873,0.07105311702696282,-0.17773587020620873,0.07105311702696282,-0.24878898723317155,0.45567218144094707,-0.21187403436702626,-0.3266039708992138,-0.04084242285001627,0.4166666666666667,-0.38022241566980053,1.1274611979300162,-0.16439803882118464,0.8333333333333334
chronos2_cross_median,25.0,2023-04-30_2024-03-31,12,-0.15994543742049228,0.04605177038880415,-0.15994543742049228,0.04605177038880415,-0.20599720780929642,0.4624629429784555,-0.15725366468687038,-0.3266039708992138,-0.028914327222309355,0.4166666666666667,-0.26501383656587824,0.7329751855429189,-0.10323118908559514,0.8333333333333334
chronos2_cross_median,25.0,2023-05-31_2024-04-30,12,-0.17257086132921495,0.05087612226469651,-0.17257086132921495,0.05087612226469651,-0.22344698359391146,0.4680203577977769,-0.18117638417485513,-0.3433063046466359,-0.04720745865673304,0.4166666666666667,-0.297115294823357,0.7224996177507774,-0.11649340229282112,0.8055555555555555
chronos2_cross_median,25.0,2023-06-30_2024-05-31,12,-0.29731136634341593,0.06029804021364593,-0.29731136634341593,0.06029804021364593,-0.35760940655706186,0.46010305227953413,-0.5410089050590503,-0.39285190451711094,-0.04720745865673304,0.3333333333333333,-0.6798276786364459,0.6478718695588819,-0.25379283081708415,0.8055555555555555
chronos2_cross_median,25.0,2023-07-31_2024-06-30,12,-0.19599022320106496,0.046802268590376395,-0.19599022320106496,0.046802268590376395,-0.24279249179144136,0.47030876045119807,-0.23850037706632807,-0.39285190451711083,-0.04720745865673304,0.4166666666666667,-0.35134299770810345,1.2976906679022349,-0.1622061259133879,0.8055555555555555
chronos2_cross_median,25.0,2023-08-31_2024-07-31,12,-0.12805746379356875,0.10318514893952901,-0.12805746379356875,0.10318514893952901,-0.23124261273309776,0.4771855298893629,-0.06009665536412969,-0.3928519045171107,-0.04720745865673315,0.5,-0.286578922218312,1.363223776449351,-0.15655498315002392,0.8055555555555555
chronos2_cross_median,25.0,2023-09-30_2024-08-31,12,-0.41583775186898486,0.08473288946892565,-0.41583775186898486,0.08473288946892565,-0.5005706413379105,0.4275164796849135,-1.0204684823064578,-0.36610433277708443,-0.04720745865673315,0.4166666666666667,-1.3382466983169976,1.9695614149595901,-0.4631599161152067,0.8055555555555555
chronos2_cross_median,25.0,2023-10-31_2024-09-30,12,-0.32899252220017017,0.12170948346779942,-0.32899252220017017,0.12170948346779942,-0.4507020056679696,0.41900000307489377,-0.7295131003811425,-0.36610433277708454,-0.047207458656732815,0.5,-1.0935055792827855,1.8671811208872702,-0.4176597571638915,0.861111111111111
chronos2_cross_median,25.0,2023-11-30_2024-10-31,12,-0.415501966809789,0.004734660022875703,-0.415501966809789,0.004734660022875703,-0.4202366268326647,0.4145752859026666,-1.0635217551835405,-0.3511612373544848,-0.07254414974326939,0.4166666666666667,-1.165314543488143,1.447340051213643,-0.371480759868112,0.8611111111111112
chronos2_cross_median,25.0,2023-12-31_2024-11-30,12,-0.4492833755987856,-0.026522408525777696,-0.4492833755987856,-0.026522408525777696,-0.4227609670730079,0.4380622873387473,-1.1094679307686162,-0.5228843226903257,-0.07702368625268241,0.4166666666666667,-1.175323150313815,2.1568225251129505,-0.360515476474484,0.8888888888888887
chronos2_cross_median,25.0,2024-01-31_2024-12-31,12,-0.48594731689640125,-0.013699490369203038,-0.48594731689640125,-0.013699490369203038,-0.4722478265271982,0.44602656041199673,-1.229410916771645,-0.5830190532899806,-0.07702368625268208,0.4166666666666667,-1.3311228505613109,2.101955178968693,-0.4183542481023319,0.8611111111111108
chronos2_cross_median,25.0,2024-02-29_2025-01-31,12,-0.3361798905707841,-0.14290566323586873,-0.3361798905707841,-0.14290566323586873,-0.1932742273349154,0.5692482938105626,-0.44470284495015905,-0.5830190532899806,-0.18252959118595857,0.5,-0.17880584210127734,-0.8359031773914513,-0.3144483628799334,0.861111111111111
chronos2_cross_median,25.0,2024-03-31_2025-02-28,12,-0.43194694994624216,-0.10676537761977256,-0.43194694994624216,-0.10676537761977256,-0.3251815723264696,0.5598257164081802,-0.7309342671245695,-0.5830190532899806,-0.1825295911859588,0.4166666666666667,-0.4978651918972021,-0.8785517417691878,-0.3979544120863425,0.8333333333333334
chronos2_cross_median,25.0,2024-04-30_2025-03-31,12,-0.37154605131509866,-0.06461005552580057,-0.37154605131509866,-0.06461005552580057,-0.3069359957892981,0.6076013057755242,-0.47661856140932546,-0.5097241661686642,-0.18252959118595868,0.4166666666666667,-0.3666440190162495,-0.3271610065640747,-0.26721394486130323,0.8333333333333331
chronos2_cross_median,25.0,2024-05-31_2025-04-30,12,-0.1916258991504245,0.02942056800377868,-0.1916258991504245,0.02942056800377868,-0.22104646715420317,0.573710712592424,-0.11003082150252054,-0.5097241661686642,-0.18252959118595857,0.4166666666666667,-0.17138666048226212,-0.47542371663454114,-0.04142716917534106,0.8333333333333331
chronos2_cross_median,25.0,2024-06-30_2025-05-31,12,-0.018876971747659455,-0.019239253194651806,-0.018876971747659455,-0.019239253194651806,0.0003622814469923519,0.5813128727979132,0.2312874953409853,-0.5097241661686642,-0.18252959118595835,0.5,0.21675057896345803,-0.5705903220390314,0.14050300714943198,0.8055555555555554
chronos2_cross_median,25.0,2024-07-31_2025-06-30,12,-0.18598897386047075,0.03150250800801424,-0.18598897386047075,0.03150250800801424,-0.217491481868485,0.5850343690394116,-0.08611651514677528,-0.5097241661686642,-0.1825295911859589,0.4166666666666667,-0.1500551450676637,-0.76873098064196,-0.01249725820680192,0.8055555555555555
chronos2_cross_median,25.0,2024-08-31_2025-07-31,12,-0.16292589354539577,0.02082724764079913,-0.16292589354539577,0.02082724764079913,-0.1837531411861949,0.5900944239920779,-0.033924354927808396,-0.41275887591102256,-0.1720911800730176,0.4166666666666667,-0.08743595338877913,-0.7783656756812208,0.009794532978429027,0.8333333333333334
chronos2_cross_median,25.0,2024-09-30_2025-08-31,12,0.010179009242291981,0.07082064647411035,0.010179009242291981,0.07082064647411035,-0.06064163723181837,0.560055647621809,0.2697552969572787,-0.41275887591102267,-0.1720911800730176,0.4166666666666667,0.10004471550145476,-0.9061345221530169,0.25498225953684384,0.8333333333333334
chronos2_cross_median,25.0,2024-10-31_2025-09-30,12,0.2584507383139938,0.07787885846139209,0.2584507383139938,0.07787885846139209,0.1805718798526017,0.6109599261434779,0.6532034106640394,-0.3573427317907768,-0.11858833109117162,0.4166666666666667,0.4436733276732912,-0.8700160477642395,0.6009397993230181,0.8333333333333334
chronos2_cross_median,25.0,2024-11-30_2025-10-31,12,1.4136542866759756,0.1960061542824556,1.4136542866759756,0.1960061542824556,1.21764813239352,0.9263836708566874,1.3362528988105218,-0.12603805211083863,-0.11795970406671652,0.5,1.077229224553187,-0.6825734040364438,2.6645420735705505,0.8333333333333331
chronos2_cross_median,25.0,2024-12-31_2025-11-30,12,2.6336186306813487,0.22133541890163522,2.6336186306813487,0.22133541890163522,2.4122832117797133,0.8354966787333188,1.9264638147224848,-0.09967630740038336,-0.11795970406671652,0.5833333333333334,1.563426730292614,-0.9792124552657158,4.453502731377017,0.8333333333333331
chronos2_cross_median,25.0,2025-01-31_2025-12-31,12,3.8567652478088608,0.17166648362633885,3.8567652478088608,0.17166648362633885,3.6850987641825217,0.785881029832746,2.4224362412682168,-0.09967630740038336,-0.03669877287899381,0.6666666666666666,2.0280595297985244,-1.0375184134283553,5.846246865416184,0.8333333333333331
chronos2_cross_median,25.0,2025-02-28_2026-01-31,12,1.9948251619176873,0.31334945156909844,1.9948251619176873,0.31334945156909844,1.681475710348589,0.8398130642394879,1.6695721702404913,-0.19317559045730892,-0.04758367670999886,0.5833333333333334,1.3183970064742472,0.0031222184209104644,2.7632845082264517,0.8055555555555555
chronos2_cross_median,25.0,2025-03-31_2026-02-28,12,1.127560012484289,0.08257309459079365,1.127560012484289,0.08257309459079365,1.0449869178934954,0.9428512522462217,1.2028183053880943,-0.4694523443954326,-0.18488813271044613,0.5833333333333334,1.1806418933331917,1.9198735448587994,1.475241245798978,0.8333333333333334
chronos2_cross_median,25.0,2025-04-30_2026-03-31,12,0.7637624782489214,0.028079656548997578,0.7637624782489214,0.028079656548997578,0.7356828216999238,0.9298638899510621,0.9907810826430052,-0.4694523443954326,-0.19546042589812018,0.5833333333333334,1.0078673219466086,1.8470041754702922,1.2366612693453352,0.8333333333333334
chronos2_cross_median,25.0,2025-05-31_2026-04-30,12,0.2349291236454354,-0.14610708694572017,0.2349291236454354,-0.14610708694572017,0.38103621059115556,0.9985837214531801,0.6170821327518339,-0.6100652170605438,-0.29138146686445754,0.5833333333333334,0.8371088890998275,2.397936784053449,1.4534211421017496,0.8333333333333331
chronos2_cross_median,25.0,2025-06-30_2026-05-31,12,-0.3365985163243219,-0.18541351506394133,-0.3365985163243219,-0.18541351506394133,-0.1511850012603806,1.0893435907127051,0.08893847195090812,-0.7649451313389335,-0.34737666250868915,0.5,0.2836956507238054,2.80002185303057,0.7787294656733259,0.861111111111111
chronos2_cross_median,25.0,2025-07-31_2026-06-30,12,-0.03516317269581559,-0.1667764227923394,-0.03516317269581559,-0.1667764227923394,0.1316132500965238,1.1215388458381972,0.4511410799616015,-0.7649451313389336,-0.34737666250868904,0.5833333333333334,0.6915450900337675,3.337454450159978,1.6401124092546695,0.8333333333333331
chronos2_cross_lower10,25.0,2019-01-31_2019-12-31,12,-0.022267476361119476,-0.0907583313333864,-0.022267476361119476,-0.0907583313333864,0.06849085497226692,0.1017435930003167,-0.17381360183038602,-0.06885312362808826,-0.08173242622854304,0.5,0.7905140352361409,0.5973404501958005,0.036776338659790575,0.7222222222222222
chronos2_cross_lower10,25.0,2019-02-28_2020-01-31,12,-0.14334761164974985,-0.15374678206850467,-0.14334761164974985,-0.15374678206850467,0.010399170418754822,0.120765339469079,-1.2156471650035359,-0.14934076018250442,-0.157070533612218,0.4166666666666667,0.15857826768609182,0.7938369673614013,-0.02079706121277436,0.6944444444444445
chronos2_cross_lower10,25.0,2019-03-31_2020-02-29,12,-0.11655758524685478,-0.2983301643039218,-0.11655758524685478,-0.2983301643039218,0.181772579057067,0.12096505484177439,-0.9616978481920345,-0.14934076018250442,-0.2968733323797681,0.5,1.179284362665964,0.264248089067041,-0.028742011756968444,0.6944444444444445
chronos2_cross_lower10,25.0,2019-04-30_2020-03-31,12,-0.135985762960381,-0.26938100433105683,-0.135985762960381,-0.26938100433105683,0.13339524137067582,0.12099037202577659,-1.1433058512804033,-0.16367078095019205,-0.2897384073692094,0.4166666666666667,0.762578143489325,0.21444572339919493,-0.07377070282748166,0.6666666666666666
chronos2_cross_lower10,25.0,2019-05-31_2020-04-30,12,-0.1356383236778559,-0.23441422140073764,-0.1356383236778559,-0.23441422140073764,0.09877589772288176,0.12102830428812963,-1.1396290770845756,-0.16436772196606708,-0.2897384073692094,0.3333333333333333,0.5337340599061804,0.2231773026051847,-0.08059894448810767,0.611111111111111
chronos2_cross_lower10,25.0,2019-06-30_2020-05-31,12,-0.13595289647499254,-0.22854562482453433,-0.13595289647499254,-0.22854562482453433,0.0925927283495418,0.12096916406628859,-1.1432145294968123,-0.16436772196606697,-0.2897384073692095,0.3333333333333333,0.4885277805098369,0.22206754669820322,-0.08279918167746403,0.611111111111111
chronos2_cross_lower10,25.0,2019-07-31_2020-06-30,12,-0.13200636169297197,-0.1941752572672133,-0.13200636169297197,-0.1941752572672133,0.06216889557424132,0.12117196070973374,-1.1039321338295438,-0.16436772196606686,-0.2827760862119635,0.3333333333333333,0.27307887636226985,0.2114900403560043,-0.08963682572742993,0.5833333333333331
chronos2_cross_lower10,25.0,2019-08-31_2020-07-31,12,-0.08778436765061703,-0.1722348942847023,-0.08778436765061703,-0.1722348942847023,0.08445052663408525,0.13000415176391605,-0.6425033824953702,-0.16436772196606697,-0.27948217627529803,0.4166666666666667,0.38534939788750555,0.23929415876901494,-0.04357663867172823,0.5555555555555555
chronos2_cross_lower10,25.0,2019-09-30_2020-08-31,12,-0.08733637509792558,-0.21057570090232802,-0.08733637509792558,-0.21057570090232802,0.12323932580440244,0.13002352281479984,-0.6386399629240864,-0.16436772196606697,-0.27948217627529803,0.4166666666666667,0.5815384010957255,0.2201520913800378,-0.03653943862424924,0.5555555555555555
chronos2_cross_lower10,25.0,2019-10-31_2020-09-30,12,-0.12318418627241667,-0.1766274605970889,-0.12318418627241667,-0.1766274605970889,0.05344327432467222,0.12273899348241141,-1.0069504359748718,-0.16436772196606675,-0.2794821762752979,0.3333333333333333,0.18274290892738163,0.18406306124600846,-0.08934856884372566,0.5277777777777777
chronos2_cross_lower10,25.0,2019-11-30_2020-10-31,12,-0.016407441725544203,-0.06643817837031618,-0.016407441725544203,-0.06643817837031618,0.05003073664477198,0.17363766191990132,-0.016332370718535733,-0.16436772196606697,-0.2794821762752979,0.3333333333333333,0.14604244983148262,0.34761923242423126,0.00964219557715218,0.5277777777777778
chronos2_cross_lower10,25.0,2019-12-31_2020-11-30,12,-0.014553938720041182,-0.050871312509224054,-0.014553938720041182,-0.050871312509224054,0.03631737378918287,0.17400807500616533,-0.005150756605936717,-0.10257737072602158,-0.2358764964179022,0.3333333333333333,0.0764510343640837,0.3465467242339566,0.005459622707058687,0.5555555555555556
chronos2_cross_lower10,25.0,2020-01-31_2020-12-31,12,-0.06628238005703113,-0.013079995771551722,-0.06628238005703113,-0.013079995771551722,-0.05320238428547941,0.2000065938060201,-0.24886389197705255,-0.11773126974190362,-0.16758179221927783,0.3333333333333333,-0.27763994088111044,0.3375668181461943,-0.05484151487335842,0.5277777777777778
chronos2_cross_lower10,25.0,2020-02-29_2021-01-31,12,0.3995937157335343,0.14471568274700242,0.3995937157335343,0.14471568274700242,0.2548780329865319,0.4073494354143983,0.9967964144209314,-0.11773126974190362,-0.07033476780972703,0.4166666666666667,0.6034429620661078,0.5623570153685581,0.36162888080437416,0.5277777777777778
chronos2_cross_lower10,25.0,2020-03-31_2021-02-28,12,0.3800823575143504,0.3187076559568369,0.3800823575143504,0.3187076559568369,0.061374701557513456,0.40867022406636483,0.9592918690555431,-0.11773126974190373,-0.07033476780972703,0.4166666666666667,0.27470431458418015,1.1451042767819808,0.05856467388958686,0.5555555555555556
chronos2_cross_lower10,25.0,2020-04-30_2021-03-31,12,0.638188072054898,0.2712264885896778,0.638188072054898,0.2712264885896778,0.36696158346522023,0.42280795621206907,1.3599334338801097,-0.11773126974190362,-0.07033476780972714,0.5,0.8356652389654621,1.076699213895707,0.3452824915162618,0.5833333333333334
chronos2_cross_lower10,25.0,2020-05-31_2021-04-30,12,0.6569441580949571,0.2511461011810818,0.6569441580949571,0.2511461011810818,0.40579805691387527,0.4215218642116003,1.3912218365704594,-0.11773126974190362,-0.07033476780972703,0.5833333333333334,0.9113955697627737,1.0671006614035823,0.38637159302348545,0.6111111111111112
chronos2_cross_lower10,25.0,2020-06-30_2021-05-31,12,0.6121423423143599,0.22018559574957508,0.6121423423143599,0.22018559574957508,0.39195674656478485,0.4253856343106325,1.3146273508728605,-0.11773126974190362,-0.07033476780972703,0.5833333333333334,0.9063789742483443,1.1209747803339611,0.3709777469299551,0.6666666666666666
chronos2_cross_lower10,25.0,2020-07-31_2021-06-30,12,0.7943484974631414,0.1787337447456181,0.7943484974631414,0.1787337447456181,0.6156147527175233,0.42564119898133285,1.5782804634802967,-0.11773126974190362,-0.07033476780972703,0.6666666666666666,1.3169473993463263,1.239366801005844,0.5572091512825739,0.6666666666666666
chronos2_cross_lower10,25.0,2020-08-31_2021-07-31,12,1.1243558059131957,0.17406019021811336,1.1243558059131957,0.17406019021811336,0.9502956156950824,0.45750744535114274,1.8849374899666198,-0.11773126974190362,-0.0471551797914731,0.6666666666666666,1.6741801820092954,1.2330882707927613,0.8794319884491943,0.7222222222222222
chronos2_cross_lower10,25.0,2020-09-30_2021-08-31,12,1.1001159038253872,0.29094300690606567,1.1001159038253872,0.29094300690606567,0.8091728969193215,0.4596493971900555,1.8513786667863597,-0.11773126974190362,-0.0471551797914731,0.5833333333333334,1.387697507969238,1.3975310439337745,0.5987431414714874,0.7499999999999999
chronos2_cross_lower10,25.0,2020-10-31_2021-09-30,12,1.111251986323032,0.285307502281577,1.111251986323032,0.285307502281577,0.8259444840414549,0.4586924102200252,1.8667081556155862,-0.11773126974190351,-0.04715517979147299,0.5833333333333334,1.420192584370093,1.4486809838262757,0.596110812658494,0.7499999999999999
chronos2_cross_lower10,25.0,2020-11-30_2021-10-31,12,0.7429207594254872,0.164192612882329,0.7429207594254872,0.164192612882329,0.5787281465431582,0.4803066273852202,1.378661488457373,-0.11773126974190362,-0.04715517979147299,0.5,1.155876442883518,2.091310054083489,0.3848971678662456,0.75
chronos2_cross_lower10,25.0,2020-12-31_2021-11-30,12,0.6754344276764093,0.10075285366229347,0.6754344276764093,0.10075285366229347,0.5746815740141158,0.4841222967392445,1.285316261474294,-0.10437728861487527,-0.04715517979147321,0.5,1.2060346563725555,2.9517626854518277,0.3778898209791477,0.6944444444444445
chronos2_cross_lower10,25.0,2021-01-31_2021-12-31,12,0.863674086346558,0.1311417024200292,0.863674086346558,0.1311417024200292,0.7325323839265288,0.45554736336360085,1.5835358364442595,-0.1210412046582765,-0.04715517979147299,0.5,1.4400197776143626,2.650079292794451,0.457443366939281,0.6666666666666666
chronos2_cross_lower10,25.0,2021-02-28_2022-01-31,12,0.36737801708374596,0.1035559333431273,0.36737801708374596,0.1035559333431273,0.26382208374061866,0.3073152129267814,1.1607301400699663,-0.12104120465827639,-0.008710521467504728,0.4166666666666667,0.8224057927922505,0.3746668313324374,0.3694322236698233,0.6388888888888888
chronos2_cross_lower10,25.0,2021-03-31_2022-02-28,12,0.8088437433823894,0.1814244316261513,0.8088437433823894,0.1814244316261513,0.6274193117562381,0.4120291285444702,1.6422543106966374,-0.1210412046582765,-0.008710521467504728,0.4166666666666667,1.2461160012233197,1.070541859044228,0.6245683238639772,0.5833333333333331
chronos2_cross_lower10,25.0,2021-04-30_2022-03-31,12,0.6821111077753743,0.2056999327796627,0.6821111077753743,0.2056999327796627,0.4764111749957116,0.3972135918282838,1.498685705729504,-0.12104120465827639,-0.008710521467504728,0.4166666666666667,1.0464349907440362,1.6230952878474052,0.3276148656641371,0.5555555555555555
chronos2_cross_lower10,25.0,2021-05-31_2022-04-30,12,0.5964512699164346,0.20202014645819677,0.5964512699164346,0.20202014645819677,0.39443112345823783,0.4059636972376626,1.339612895997129,-0.12104120465827628,-0.011058901373715124,0.3333333333333333,0.9094615019563496,1.9934780742629814,0.18496602150049868,0.5833333333333333
chronos2_cross_lower10,25.0,2021-06-30_2022-05-31,12,0.5963525748680933,0.1547230806668567,0.5963525748680933,0.1547230806668567,0.44162949420123665,0.4059744866762913,1.339428211070387,-0.1210412046582765,-0.04389760737316839,0.4166666666666667,1.0214800180211292,1.6874040878958014,0.3382597353104122,0.5555555555555555
chronos2_cross_lower10,25.0,2021-07-31_2022-06-30,12,0.44481953647974626,0.14515293481688385,0.44481953647974626,0.14515293481688385,0.2996666016628624,0.40173497009747927,1.091649983902084,-0.12104120465827628,-0.04389760737316839,0.3333333333333333,0.7812770869906291,1.6927221650606354,0.22318591635605256,0.611111111111111
chronos2_cross_lower10,25.0,2021-08-31_2022-07-31,12,0.2588055074903943,0.16719366722844042,0.2588055074903943,0.16719366722844042,0.0916118402619539,0.3474771981575084,0.807525237792151,-0.10912972124384712,-0.04389760737316839,0.3333333333333333,0.3759383491348053,1.681381832803487,0.014079725022917655,0.611111111111111
chronos2_cross_lower10,25.0,2021-09-30_2022-08-31,12,0.22571942569319625,0.11990803732841937,0.22571942569319625,0.11990803732841937,0.10581138836477688,0.3514148424863715,0.7246828914946369,-0.10661289651196648,-0.04389760737316817,0.3333333333333333,0.42627638645212995,1.811526445930331,0.04327599278848582,0.5833333333333334
chronos2_cross_lower10,25.0,2021-10-31_2022-09-30,12,0.284141249369642,0.07700156092153554,0.284141249369642,0.07700156092153554,0.20713968844810648,0.3510819589980253,0.860748703788623,-0.061051136415102625,-0.04389760737316828,0.4166666666666667,0.7130330325159207,2.586099763340439,0.10811875007833938,0.611111111111111
chronos2_cross_lower10,25.0,2021-11-30_2022-10-31,12,0.3754689438459011,0.0837751064100245,0.3754689438459011,0.0837751064100245,0.2916938374358766,0.3351030544367164,1.0966854963889963,-0.061051136415102514,-0.04389760737316839,0.4166666666666667,0.9402116404325673,2.409382929320577,0.18039053346408274,0.5833333333333333
chronos2_cross_lower10,25.0,2021-12-31_2022-11-30,12,0.37557413442326615,0.04089310124175727,0.37557413442326615,0.04089310124175727,0.3346810331815089,0.33509336057670747,1.0969434630759767,-0.061051136415102625,-0.052330809109684795,0.5,1.083354434412616,2.117652977008145,0.3134126949381908,0.611111111111111
chronos2_cross_lower10,25.0,2022-01-31_2022-12-31,12,0.43915138117241836,0.03139589518781816,0.43915138117241836,0.03139589518781816,0.4077554859846002,0.3308658491673697,1.2480503149962068,-0.061051136415102514,-0.0538908420070876,0.5833333333333334,1.2900121553447332,2.1545702380416403,0.3973889179524521,0.611111111111111
chronos2_cross_lower10,25.0,2022-02-28_2023-01-31,12,0.42328900111415946,-0.006523085673795559,0.42328900111415946,-0.006523085673795559,0.429812086787955,0.3321330674994313,1.2099464660711619,-0.0610511364151024,-0.053890842007087936,0.5833333333333334,1.408300821379688,2.9790047971396945,0.5020938776327721,0.6388888888888888
chronos2_cross_lower10,25.0,2022-03-31_2023-02-28,12,0.06534606739935578,-0.03763942955797195,0.06534606739935578,-0.03763942955797195,0.10298549695732773,0.1394028564230207,0.5177506398490447,-0.061051136415102625,-0.05860315994470999,0.5,1.144004607161455,1.6275448241050838,0.13921420286691433,0.6666666666666666
chronos2_cross_lower10,25.0,2022-04-30_2023-03-31,12,-0.003052991956025486,-0.0433257664262765,-0.003052991956025486,-0.0433257664262765,0.040272774470251016,0.11432121174541852,0.024885402027325056,-0.03930289779259866,-0.052003665957635614,0.4166666666666667,0.5690523009069685,1.2828190731025146,0.05850981016350243,0.6666666666666666
chronos2_cross_lower10,25.0,2022-05-31_2023-04-30,12,0.05908981032553262,-0.07213752035282106,0.05908981032553262,-0.07213752035282106,0.13122733067835368,0.10622250382999163,0.589623136070367,-0.03930289779259877,-0.07596598010903766,0.5,1.5307351544878538,0.8101330633119009,0.12789462644865668,0.611111111111111
chronos2_cross_lower10,25.0,2022-06-30_2023-05-31,12,0.11040265435396224,-0.0361282154897381,0.11040265435396224,-0.0361282154897381,0.14653086984370034,0.10399041655342384,1.058377766258607,-0.039302897792598546,-0.07596598010903755,0.5,1.6309764513885059,0.8020371892186968,0.1467461653389588,0.611111111111111
chronos2_cross_lower10,25.0,2022-07-31_2023-06-30,12,0.11411643377096348,-0.0028433046031512976,0.11411643377096348,-0.0028433046031512976,0.11695973837411477,0.10383551910126383,1.0922707819301691,-0.03930289779259866,-0.07596598010903743,0.5,1.1412273348842226,0.570232383001727,0.11934169697123065,0.5833333333333334
chronos2_cross_lower10,25.0,2022-08-31_2023-07-31,12,0.05234402532834603,-0.031389184091800915,0.05234402532834603,-0.031389184091800915,0.08373320942014695,0.08125321701365917,0.6664226118078247,-0.024991834474614616,-0.0655917893195096,0.5,0.880771372662683,0.2848096020304809,0.06431857568541366,0.5555555555555556
chronos2_cross_lower10,25.0,2022-09-30_2023-08-31,12,0.07469808608410267,-0.014331580574544756,0.07469808608410267,-0.014331580574544756,0.08902966665864742,0.07118754488094761,1.0473217375910386,-0.024991834474614616,-0.06559178931950937,0.5,0.9229075910334094,0.14005904425084,0.07896382108750744,0.6111111111111112
chronos2_cross_lower10,25.0,2022-10-31_2023-09-30,12,-0.029315340313914806,-0.04883569016310929,-0.029315340313914806,-0.04883569016310929,0.019520349849194485,0.08245037942121766,-0.32207224928975825,-0.0742293113046153,-0.06327241269436523,0.4166666666666667,0.21980225385730592,0.31321405395810514,-0.011666781842502028,0.5833333333333334
chronos2_cross_lower10,25.0,2022-11-30_2023-10-31,12,-0.24440795766688228,-8.074453772832779e-05,-0.24440795766688228,-8.074453772832779e-05,-0.24432721312915395,0.24707198717656467,-0.9896385397582395,-0.29117980596164794,-0.04084242285001627,0.4166666666666667,-0.8252779649288522,-1.2341706681515527,-0.2151424904178264,0.638888888888889
chronos2_cross_lower10,25.0,2022-12-31_2023-11-30,12,-0.2374915107854344,0.06162621592425688,-0.2374915107854344,0.06162621592425688,-0.2991177267096913,0.24770922377956436,-0.9504575652488457,-0.29117980596164805,-0.04084242285001627,0.3333333333333333,-1.006805131470504,-1.2221960405965366,-0.1468969886476268,0.611111111111111
chronos2_cross_lower10,25.0,2023-01-31_2023-12-31,12,-0.26037227702819676,0.05389394652891433,-0.26037227702819676,0.05389394652891433,-0.3142662235571111,0.24329378878625252,-1.0943440547722165,-0.2937283039011036,-0.04084242285001627,0.3333333333333333,-1.0997887464358638,-1.1858750419042297,-0.1822882312205759,0.638888888888889
chronos2_cross_lower10,25.0,2023-02-28_2024-01-31,12,-0.25413781277570424,0.06910062416905749,-0.25413781277570424,0.06910062416905749,-0.32323843694476173,0.2440312417860382,-1.0567152227879104,-0.2937283039011036,-0.04084242285001627,0.3333333333333333,-1.121944041764577,-1.1327708540373116,-0.16402306478405615,0.611111111111111
chronos2_cross_lower10,25.0,2023-03-31_2024-02-29,12,-0.24115161639299987,0.07105311702696282,-0.24115161639299987,0.07105311702696282,-0.3122047334199627,0.24483707149752648,-0.983458169380723,-0.2937283039011035,-0.04084242285001627,0.4166666666666667,-1.0654303576489539,-1.1608758112830049,-0.1458735432417213,0.611111111111111
chronos2_cross_lower10,25.0,2023-04-30_2024-03-31,12,-0.30575243664429474,0.04605177038880415,-0.30575243664429474,0.04605177038880415,-0.3518042070330989,0.24819968418571497,-1.3167363200451057,-0.3468234608637545,-0.028914327222309355,0.4166666666666667,-1.2692246252111141,-1.1192220646813846,-0.24071315261239223,0.611111111111111
chronos2_cross_lower10,25.0,2023-05-31_2024-04-30,12,-0.3474997102328037,0.05087612226469651,-0.3474997102328037,0.05087612226469651,-0.3983758324975002,0.2432818273225697,-1.5952070945892811,-0.374480756146111,-0.04720745865673304,0.3333333333333333,-1.5717145043677172,-0.7916558044233506,-0.2960635815101138,0.611111111111111
chronos2_cross_lower10,25.0,2023-06-30_2024-05-31,12,-0.36173889189211916,0.06029804021364593,-0.36173889189211916,0.06029804021364593,-0.4220369321057651,0.23836594232999145,-1.722070610707268,-0.3744807561461111,-0.04720745865673304,0.25,-1.7170550276380359,-0.7343264499308099,-0.3095950484976492,0.5833333333333333
chronos2_cross_lower10,25.0,2023-07-31_2024-06-30,12,-0.35429824885962435,0.046802268590376395,-0.35429824885962435,0.046802268590376395,-0.40110051745000075,0.2408330925993365,-1.655704595825689,-0.3744807561461111,-0.04720745865673304,0.25,-1.6164809165142213,-0.8678469057212279,-0.30348599392593867,0.5555555555555555
chronos2_cross_lower10,25.0,2023-08-31_2024-07-31,12,-0.32152617708954656,0.10318514893952901,-0.32152617708954656,0.10318514893952901,-0.4247113260290756,0.2557795914866764,-1.3586049118140358,-0.36243354544198636,-0.04720745865673315,0.25,-1.6292943216124736,-0.07122883678689747,-0.2918384219825425,0.5555555555555555
chronos2_cross_lower10,25.0,2023-09-30_2024-08-31,12,-0.30280007360721284,0.08473288946892565,-0.30280007360721284,0.08473288946892565,-0.3875329630761385,0.2583621369538713,-1.2402150150309885,-0.3243259356856679,-0.04720745865673315,0.3333333333333333,-1.435007517850961,-0.15838370043410635,-0.2671012808501817,0.49999999999999994
chronos2_cross_lower10,25.0,2023-10-31_2024-09-30,12,-0.24093155617846207,0.12170948346779942,-0.24093155617846207,0.12170948346779942,-0.3626410396462615,0.2614132232746119,-0.9054279656052432,-0.11792956232462659,-0.047207458656732815,0.4166666666666667,-1.233333794418058,-0.34228534543149114,-0.17915429241221326,0.47222222222222215
chronos2_cross_lower10,25.0,2023-11-30_2024-10-31,12,-0.07297381504630596,0.004734660022875703,-0.07297381504630596,0.004734660022875703,-0.07770847506918166,0.1330682491358578,-0.5055743108798395,-0.11792956232462659,-0.07254414974326939,0.4166666666666667,-0.9234762309931479,0.9584383656219929,-0.07429263670885211,0.4444444444444444
chronos2_cross_lower10,25.0,2023-12-31_2024-11-30,12,-0.08074781484019478,-0.026522408525777696,-0.08074781484019478,-0.026522408525777696,-0.05422540631441708,0.1329151470992483,-0.5692784705705347,-0.11611785725633983,-0.07702368625268241,0.4166666666666667,-0.6655716803151669,1.0131632635904986,-0.052223925262970705,0.4444444444444444
chronos2_cross_lower10,25.0,2024-01-31_2024-12-31,12,-0.03790009978652453,-0.013699490369203038,-0.03790009978652453,-0.013699490369203038,-0.024200609417321495,0.14159516342201867,-0.20652790825585735,-0.11611785725633983,-0.07702368625268208,0.4166666666666667,-0.22394214549803512,1.0419039362218778,-0.019884945579712765,0.4444444444444444
chronos2_cross_lower10,25.0,2024-02-29_2025-01-31,12,-0.18301845981628662,-0.14290566323586873,-0.18301845981628662,-0.14290566323586873,-0.04011279658041789,0.2035286692398304,-0.8862751846323811,-0.1816545507341769,-0.18252959118595857,0.4166666666666667,-0.4045933897132119,1.1753129624071756,-0.013668851640219692,0.47222222222222227
chronos2_cross_lower10,25.0,2024-03-31_2025-02-28,12,-0.17462029380581479,-0.10676537761977256,-0.17462029380581479,-0.10676537761977256,-0.06785491618604222,0.20452014761246648,-0.8318008674396006,-0.17723805620511335,-0.1825295911859588,0.3333333333333333,-0.7125754942205605,1.1068096102417544,-0.0580936498841268,0.47222222222222227
chronos2_cross_lower10,25.0,2024-04-30_2025-03-31,12,-0.037198931429314075,-0.06461005552580057,-0.037198931429314075,-0.06461005552580057,0.027411124096486494,0.21196240281568843,-0.07640524540279481,-0.17723805620511346,-0.18252959118595868,0.4166666666666667,0.4487975160627235,1.1657821253365197,0.04646327950201257,0.5
chronos2_cross_lower10,25.0,2024-05-31_2025-04-30,12,0.05167816455794805,0.02942056800377868,0.05167816455794805,0.02942056800377868,0.022257596554169368,0.21174596460495493,0.34100874244446383,-0.17723805620511346,-0.18252959118595857,0.4166666666666667,0.33942799438955995,1.1048918370618228,0.02391529993999253,0.5277777777777778
chronos2_cross_lower10,25.0,2024-06-30_2025-05-31,12,0.044976506101156444,-0.019239253194651806,0.044976506101156444,-0.019239253194651806,0.06421575929580825,0.21190976099558895,0.3105544886556911,-0.17723805620511335,-0.18252959118595835,0.5,0.8003815489820097,1.0719529895518076,0.07234543577850117,0.5277777777777778
chronos2_cross_lower10,25.0,2024-07-31_2025-06-30,12,0.0418354696482921,0.03150250800801424,0.0418354696482921,0.03150250800801424,0.01033296164027786,0.21172942610281842,0.29636219217776627,-0.17723805620511324,-0.1825295911859589,0.5,0.12101019418163192,0.9176629410167026,0.017754206281807017,0.5277777777777778
chronos2_cross_lower10,25.0,2024-08-31_2025-07-31,12,0.03731011910954174,0.02082724764079913,0.03731011910954174,0.02082724764079913,0.01648287146874261,0.21045353035630396,0.27626225243915914,-0.17723805620511335,-0.1720911800730176,0.5,0.1769850227785074,0.9222528146738062,0.023109051600476604,0.5277777777777778
chronos2_cross_lower10,25.0,2024-09-30_2025-08-31,12,0.03782981779507466,0.07082064647411035,0.03782981779507466,0.07082064647411035,-0.03299082867903569,0.21046287651254655,0.27864996059888925,-0.17723805620511335,-0.1720911800730176,0.4166666666666667,-0.24954214950044334,0.9266674636655723,-0.021125745603196022,0.5555555555555555
chronos2_cross_lower10,25.0,2024-10-31_2025-09-30,12,0.08324300839901566,0.07787885846139209,0.08324300839901566,0.07787885846139209,0.005364149937623575,0.22026605033614818,0.470337594966998,-0.14912338647214818,-0.11858833109117162,0.4166666666666667,0.08501282645459982,0.9368349626595575,0.01665624949153255,0.5555555555555555
chronos2_cross_lower10,25.0,2024-11-30_2025-10-31,12,0.3215374170665237,0.1960061542824556,0.3215374170665237,0.1960061542824556,0.12553126278406812,0.24044483871716038,1.2863581012996146,-0.14912338647214818,-0.11795970406671652,0.5,0.7153936242568677,0.9987617636386527,0.11977338797514125,0.5833333333333334
chronos2_cross_lower10,25.0,2024-12-31_2025-11-30,12,0.3223052631988159,0.22133541890163522,0.3223052631988159,0.22133541890163522,0.1009698442971807,0.24035737744332533,1.2892243586871148,-0.14912338647214818,-0.11795970406671652,0.5,0.574974119613732,0.9910628217387035,0.09909291317069369,0.611111111111111
chronos2_cross_lower10,25.0,2025-01-31_2025-12-31,12,0.28663569078899753,0.17166648362633885,0.28663569078899753,0.17166648362633885,0.11496920716265868,0.23989049675643045,1.1745212220968653,-0.0073497457472888605,-0.03669877287899381,0.5,0.6414143953016218,0.932873961209899,0.12399368534459865,0.611111111111111
chronos2_cross_lower10,25.0,2025-02-28_2026-01-31,12,0.4723510977361902,0.31334945156909844,0.4723510977361902,0.31334945156909844,0.15900164616709178,0.16241912308635506,2.4909234626600507,-0.026306261411462306,-0.04758367670999886,0.5,0.755679992417992,0.5128972857678566,0.29274767979857486,0.638888888888889
chronos2_cross_lower10,25.0,2025-03-31_2026-02-28,12,0.44467114412936337,0.08257309459079365,0.44467114412936337,0.08257309459079365,0.3620980495385697,0.16666937446219005,2.3136354574613707,-0.036399301969043285,-0.18488813271044613,0.5833333333333334,1.4539901281613137,0.3756241908545516,0.40913292864239437,0.6666666666666666
chronos2_cross_lower10,25.0,2025-04-30_2026-03-31,12,0.44285202839125604,0.028079656548997578,0.44285202839125604,0.028079656548997578,0.41477237184225846,0.1662629350945242,2.3111238068350084,-0.036399301969043285,-0.19546042589812018,0.5833333333333334,1.6253656878261553,0.32083192415760664,0.43805671291816806,0.6666666666666666
chronos2_cross_lower10,25.0,2025-05-31_2026-04-30,12,0.3546638932178847,-0.14610708694572017,0.3546638932178847,-0.14610708694572017,0.5007709801636049,0.17254815435472082,1.8563996390411952,-0.036399301969043174,-0.29138146686445754,0.6666666666666666,2.119318608605699,0.3502191305079364,0.4346798144856894,0.6944444444444443
chronos2_cross_lower10,25.0,2025-06-30_2026-05-31,12,0.31024759866071205,-0.18541351506394133,0.31024759866071205,-0.18541351506394133,0.4956611137246534,0.18143949956744976,1.5851563531595951,-0.052376294816202096,-0.34737666250868915,0.6666666666666666,2.174407806920828,0.3892675284357526,0.42044946693829854,0.75
chronos2_cross_lower10,25.0,2025-07-31_2026-06-30,12,0.6444251555713363,-0.1667764227923394,0.6444251555713363,-0.1667764227923394,0.8112015783636757,0.3083103443750801,1.7727352136172894,-0.052376294816202096,-0.34737666250868904,0.75,3.2080724105408343,0.8822062872013704,0.937738087942853,0.7500000000000001
