ticker,observations,last_observation,train_end
AALI,1753,2021-12-30,2021-12-31
ABBA,1753,2021-12-30,2021-12-31
ABDA,1753,2021-12-30,2021-12-31
ABMM,1753,2021-12-30,2021-12-31
ACES,1752,2021-12-30,2021-12-31
ACST,1753,2021-12-30,2021-12-31
ADES,1753,2021-12-30,2021-12-31
ADHI,1753,2021-12-30,2021-12-31
ADMF,1753,2021-12-30,2021-12-31
ADMG,1753,2021-12-30,2021-12-31
ADRO,1752,2021-12-30,2021-12-31
AGAR,508,2021-12-30,2021-12-31
AGII,1326,2021-12-30,2021-12-31
AGRO,1753,2021-12-30,2021-12-31
AGRS,1745,2021-12-30,2021-12-31
AHAP,1753,2021-12-30,2021-12-31
AIMS,1753,2021-12-30,2021-12-31
AISA,1753,2021-12-30,2021-12-31
AKKU,1753,2021-12-30,2021-12-31
AKPI,1753,2021-12-30,2021-12-31
AKRA,1753,2021-12-30,2021-12-31
AKSI,1753,2021-12-30,2021-12-31
ALDO,1753,2021-12-30,2021-12-31
ALKA,1753,2021-12-30,2021-12-31
ALMI,1753,2021-12-30,2021-12-31
ALTO,1752,2021-12-30,2021-12-31
AMAG,1752,2021-12-30,2021-12-31
AMAN,438,2021-12-30,2021-12-31
AMAR,484,2021-12-30,2021-12-31
AMFG,1753,2021-12-30,2021-12-31
AMIN,1512,2021-12-30,2021-12-31
AMRT,1753,2021-12-30,2021-12-31
ANDI,843,2021-12-30,2021-12-31
ANJT,1744,2021-12-30,2021-12-31
ANTM,1753,2021-12-30,2021-12-31
APEX,1753,2021-12-30,2021-12-31
APIC,1753,2021-12-30,2021-12-31
APII,1746,2021-12-30,2021-12-31
APLI,1753,2021-12-30,2021-12-31
APLN,1753,2021-12-30,2021-12-31
ARGO,1753,2021-12-30,2021-12-31
ARII,1752,2021-12-30,2021-12-31
ARKA,611,2021-12-30,2021-12-31
ARNA,1752,2021-12-30,2021-12-31
ARTA,1752,2021-12-30,2021-12-31
ARTI,1752,2021-12-30,2021-12-31
ARTO,1494,2021-12-30,2021-12-31
ASBI,1753,2021-12-30,2021-12-31
ASDM,1753,2021-12-30,2021-12-31
ASGR,1752,2021-12-30,2021-12-31
ASII,1752,2021-12-30,2021-12-31
ASJT,1753,2021-12-30,2021-12-31
ASMI,1744,2021-12-30,2021-12-31
ASPI,457,2021-12-30,2021-12-31
ASRI,1753,2021-12-30,2021-12-31
ASRM,1753,2021-12-30,2021-12-31
ASSA,1752,2021-12-30,2021-12-31
ATIC,1617,2021-12-30,2021-12-31
AUTO,1752,2021-12-30,2021-12-31
AYLS,460,2021-12-30,2021-12-31
BABP,1753,2021-12-30,2021-12-31
BACA,1753,2021-12-30,2021-12-31
BAJA,1752,2021-12-30,2021-12-31
BALI,1744,2021-12-30,2021-12-31
BAPA,1752,2021-12-30,2021-12-31
BAPI,563,2021-12-30,2021-12-31
BATA,1753,2021-12-30,2021-12-31
BAYU,1752,2021-12-30,2021-12-31
BBCA,1753,2021-12-30,2021-12-31
BBHI,1596,2021-12-30,2021-12-31
BBKP,1753,2021-12-30,2021-12-31
BBLD,1753,2021-12-30,2021-12-31
BBMD,1745,2021-12-30,2021-12-31
BBNI,1753,2021-12-30,2021-12-31
BBRI,1753,2021-12-30,2021-12-31
BBRM,1752,2021-12-30,2021-12-31
BBSI,324,2021-12-30,2021-12-31
BBSS,417,2021-12-30,2021-12-31
BBTN,1753,2021-12-30,2021-12-31
BBYB,1746,2021-12-30,2021-12-31
BCAP,1753,2021-12-30,2021-12-31
BCIC,1753,2021-12-30,2021-12-31
BCIP,1752,2021-12-30,2021-12-31
BDMN,1753,2021-12-30,2021-12-31
BEEF,740,2021-12-30,2021-12-31
BEKS,1753,2021-12-30,2021-12-31
BELL,1071,2021-12-30,2021-12-31
BESS,442,2021-12-30,2021-12-31
BEST,1744,2021-12-30,2021-12-31
BFIN,1753,2021-12-30,2021-12-31
BGTG,1419,2021-12-30,2021-12-31
BHAT,417,2021-12-30,2021-12-31
BHIT,1753,2021-12-30,2021-12-31
BIKA,1612,2021-12-30,2021-12-31
BIMA,1753,2021-12-30,2021-12-31
BINA,1753,2021-12-30,2021-12-31
BIPI,1753,2021-12-30,2021-12-31
BIPP,1752,2021-12-30,2021-12-31
BIRD,1744,2021-12-30,2021-12-31
BISI,1753,2021-12-30,2021-12-31
BJBR,1753,2021-12-30,2021-12-31
BJTM,1752,2021-12-30,2021-12-31
BKDP,1752,2021-12-30,2021-12-31
BKSL,1753,2021-12-30,2021-12-31
BKSW,1753,2021-12-30,2021-12-31
BLTA,1753,2021-12-30,2021-12-31
BLTZ,1745,2021-12-30,2021-12-31
BLUE,613,2021-12-30,2021-12-31
BMAS,1752,2021-12-30,2021-12-31
BMRI,1753,2021-12-30,2021-12-31
BMSR,1753,2021-12-30,2021-12-31
BMTR,1752,2021-12-30,2021-12-31
BNBA,1753,2021-12-30,2021-12-31
BNBR,1753,2021-12-30,2021-12-31
BNGA,1752,2021-12-30,2021-12-31
BNII,1752,2021-12-30,2021-12-31
BNLI,1753,2021-12-30,2021-12-31
BOGA,1268,2021-12-30,2021-12-31
BOLA,627,2021-12-30,2021-12-31
BOLT,1617,2021-12-30,2021-12-31
BOSS,974,2021-12-30,2021-12-31
BPFI,1753,2021-12-30,2021-12-31
BPII,1745,2021-12-30,2021-12-31
BPTR,873,2021-12-30,2021-12-31
BRAM,1753,2021-12-30,2021-12-31
BRIS,915,2021-12-30,2021-12-31
BRMS,1753,2021-12-30,2021-12-31
BRNA,1753,2021-12-30,2021-12-31
BRPT,1753,2021-12-30,2021-12-31
BSDE,1752,2021-12-30,2021-12-31
BSIM,1752,2021-12-30,2021-12-31
BSSR,1751,2021-12-30,2021-12-31
BSWD,1753,2021-12-30,2021-12-31
BTEK,1752,2021-12-30,2021-12-31
BTON,1752,2021-12-30,2021-12-31
BTPN,1752,2021-12-30,2021-12-31
BTPS,915,2021-12-30,2021-12-31
BUDI,1752,2021-12-30,2021-12-31
BUKK,1632,2021-12-30,2021-12-31
BULL,1753,2021-12-30,2021-12-31
BUMI,1753,2021-12-30,2021-12-31
BUVA,1752,2021-12-30,2021-12-31
BVIC,1753,2021-12-30,2021-12-31
BWPT,1752,2021-12-30,2021-12-31
BYAN,1753,2021-12-30,2021-12-31
CAKK,790,2021-12-30,2021-12-31
CAMP,1016,2021-12-30,2021-12-31
CANI,1745,2021-12-30,2021-12-31
CARE,438,2021-12-30,2021-12-31
CARS,1191,2021-12-30,2021-12-31
CASA,1375,2021-12-30,2021-12-31
CASH,405,2021-12-30,2021-12-31
CASS,1753,2021-12-30,2021-12-31
CCSI,627,2021-12-30,2021-12-31
CEKA,1752,2021-12-30,2021-12-31
CENT,1752,2021-12-30,2021-12-31
CFIN,1752,2021-12-30,2021-12-31
CINT,1751,2021-12-30,2021-12-31
CITA,1753,2021-12-30,2021-12-31
CITY,812,2021-12-30,2021-12-31
CLAY,733,2021-12-30,2021-12-31
CLEO,1177,2021-12-30,2021-12-31
CLPI,1752,2021-12-30,2021-12-31
CMNP,1753,2021-12-30,2021-12-31
CMPP,1753,2021-12-30,2021-12-31
CNKO,1752,2021-12-30,2021-12-31
COCO,691,2021-12-30,2021-12-31
CPIN,1752,2021-12-30,2021-12-31
CPRO,1753,2021-12-30,2021-12-31
CSAP,1753,2021-12-30,2021-12-31
CSIS,1173,2021-12-30,2021-12-31
CSMI,420,2021-12-30,2021-12-31
CSRA,484,2021-12-30,2021-12-31
CTBN,1753,2021-12-30,2021-12-31
CTRA,1752,2021-12-30,2021-12-31
CTTH,1752,2021-12-30,2021-12-31
DADA,458,2021-12-30,2021-12-31
DART,1753,2021-12-30,2021-12-31
DAYA,1386,2021-12-30,2021-12-31
DEAL,783,2021-12-30,2021-12-31
DEFI,1753,2021-12-30,2021-12-31
DEWA,1753,2021-12-30,2021-12-31
DFAM,924,2021-12-30,2021-12-31
DGIK,1752,2021-12-30,2021-12-31
DIGI,822,2021-12-30,2021-12-31
DILD,1752,2021-12-30,2021-12-31
DIVA,772,2021-12-30,2021-12-31
DKFT,1753,2021-12-30,2021-12-31
DLTA,1752,2021-12-30,2021-12-31
DMAS,1643,2021-12-30,2021-12-31
DMMX,538,2021-12-30,2021-12-31
DMND,475,2021-12-30,2021-12-31
DNAR,1752,2021-12-30,2021-12-31
DNET,1753,2021-12-30,2021-12-31
DOID,1752,2021-12-30,2021-12-31
DPNS,1753,2021-12-30,2021-12-31
DPUM,1514,2021-12-30,2021-12-31
DSFI,1752,2021-12-30,2021-12-31
DSNG,1751,2021-12-30,2021-12-31
DSSA,1753,2021-12-30,2021-12-31
DUTI,1753,2021-12-30,2021-12-31
DVLA,1752,2021-12-30,2021-12-31
DWGL,1020,2021-12-30,2021-12-31
DYAN,1751,2021-12-30,2021-12-31
EAST,612,2021-12-30,2021-12-31
ECII,1744,2021-12-30,2021-12-31
EKAD,1753,2021-12-30,2021-12-31
ELSA,1752,2021-12-30,2021-12-31
ELTY,1752,2021-12-30,2021-12-31
EMDE,1752,2021-12-30,2021-12-31
EMTK,1753,2021-12-30,2021-12-31
ENRG,1753,2021-12-30,2021-12-31
ENZO,319,2021-12-30,2021-12-31
EPAC,368,2021-12-30,2021-12-31
EPMT,1752,2021-12-30,2021-12-31
ERAA,1753,2021-12-30,2021-12-31
ERTX,1753,2021-12-30,2021-12-31
ESIP,520,2021-12-30,2021-12-31
ESSA,1752,2021-12-30,2021-12-31
ESTA,442,2021-12-30,2021-12-31
ESTI,1753,2021-12-30,2021-12-31
ETWA,1752,2021-12-30,2021-12-31
EXCL,1753,2021-12-30,2021-12-31
FAST,1753,2021-12-30,2021-12-31
FASW,1752,2021-12-30,2021-12-31
FILM,851,2021-12-30,2021-12-31
FIRE,1152,2021-12-30,2021-12-31
FISH,1753,2021-12-30,2021-12-31
FITT,631,2021-12-30,2021-12-31
FMII,1753,2021-12-30,2021-12-31
FOOD,741,2021-12-30,2021-12-31
FORU,1752,2021-12-30,2021-12-31
FPNI,1752,2021-12-30,2021-12-31
FUJI,612,2021-12-30,2021-12-31
GDST,1752,2021-12-30,2021-12-31
GDYR,1752,2021-12-30,2021-12-31
GEMA,1753,2021-12-30,2021-12-31
GEMS,1753,2021-12-30,2021-12-31
GGRM,1752,2021-12-30,2021-12-31
GGRP,560,2021-12-30,2021-12-31
GHON,937,2021-12-30,2021-12-31
GIAA,1753,2021-12-30,2021-12-31
GJTL,1752,2021-12-30,2021-12-31
GLOB,1753,2021-12-30,2021-12-31
GLVA,493,2021-12-30,2021-12-31
GMFI,1066,2021-12-30,2021-12-31
GMTD,1753,2021-12-30,2021-12-31
GOLD,1753,2021-12-30,2021-12-31
GOOD,806,2021-12-30,2021-12-31
GPRA,1752,2021-12-30,2021-12-31
GSMF,1753,2021-12-30,2021-12-31
GTBO,1753,2021-12-30,2021-12-31
GWSA,1752,2021-12-30,2021-12-31
GZCO,1752,2021-12-30,2021-12-31
HADE,1753,2021-12-30,2021-12-31
HDFA,1753,2021-12-30,2021-12-31
HDIT,609,2021-12-30,2021-12-31
HEAL,910,2021-12-30,2021-12-31
HELI,945,2021-12-30,2021-12-31
HERO,1752,2021-12-30,2021-12-31
HEXA,1752,2021-12-30,2021-12-31
HITS,1753,2021-12-30,2021-12-31
HMSP,1753,2021-12-30,2021-12-31
HOKI,1138,2021-12-30,2021-12-31
HOMI,321,2021-12-30,2021-12-31
HRME,673,2021-12-30,2021-12-31
HRTA,1144,2021-12-30,2021-12-31
HRUM,1753,2021-12-30,2021-12-31
IATA,1753,2021-12-30,2021-12-31
IBFN,1744,2021-12-30,2021-12-31
IBST,1753,2021-12-30,2021-12-31
ICBP,1752,2021-12-30,2021-12-31
ICON,1752,2021-12-30,2021-12-31
IDPR,1512,2021-12-30,2021-12-31
IFII,502,2021-12-30,2021-12-31
IFSH,505,2021-12-30,2021-12-31
IGAR,1752,2021-12-30,2021-12-31
IKAI,1752,2021-12-30,2021-12-31
IKAN,460,2021-12-30,2021-12-31
IKBI,1753,2021-12-30,2021-12-31
IMAS,1753,2021-12-30,2021-12-31
IMJS,1745,2021-12-30,2021-12-31
IMPC,1745,2021-12-30,2021-12-31
INAF,1752,2021-12-30,2021-12-31
INAI,1752,2021-12-30,2021-12-31
INCF,1753,2021-12-30,2021-12-31
INCI,1753,2021-12-30,2021-12-31
INCO,1752,2021-12-30,2021-12-31
INDF,1753,2021-12-30,2021-12-31
INDO,482,2021-12-30,2021-12-31
INDR,1753,2021-12-30,2021-12-31
INDS,1753,2021-12-30,2021-12-31
INDX,1753,2021-12-30,2021-12-31
INDY,1753,2021-12-30,2021-12-31
INKP,1752,2021-12-30,2021-12-31
INOV,611,2021-12-30,2021-12-31
INPC,1752,2021-12-30,2021-12-31
INPP,1753,2021-12-30,2021-12-31
INPS,938,2021-12-30,2021-12-31
INRU,1753,2021-12-30,2021-12-31
INTA,1752,2021-12-30,2021-12-31
INTD,1753,2021-12-30,2021-12-31
INTP,1752,2021-12-30,2021-12-31
IPCC,872,2021-12-30,2021-12-31
IPCM,1013,2021-12-30,2021-12-31
IPOL,1753,2021-12-30,2021-12-31
IPTV,613,2021-12-30,2021-12-31
IRRA,542,2021-12-30,2021-12-31
ISAT,1753,2021-12-30,2021-12-31
ISSP,1751,2021-12-30,2021-12-31
ITIC,615,2021-12-30,2021-12-31
ITMA,1753,2021-12-30,2021-12-31
ITMG,1753,2021-12-30,2021-12-31
JAST,650,2021-12-30,2021-12-31
JAWA,1752,2021-12-30,2021-12-31
JAYA,710,2021-12-30,2021-12-31
JECC,1753,2021-12-30,2021-12-31
JGLE,1383,2021-12-30,2021-12-31
JIHD,1753,2021-12-30,2021-12-31
JKON,1753,2021-12-30,2021-12-31
JMAS,1017,2021-12-30,2021-12-31
JPFA,1753,2021-12-30,2021-12-31
JRPT,1753,2021-12-30,2021-12-31
JSMR,1752,2021-12-30,2021-12-31
JSPT,1753,2021-12-30,2021-12-31
JTPE,1753,2021-12-30,2021-12-31
KAEF,1752,2021-12-30,2021-12-31
KARW,1753,2021-12-30,2021-12-31
KAYU,615,2021-12-30,2021-12-31
KBAG,421,2021-12-30,2021-12-31
KBLI,1753,2021-12-30,2021-12-31
KBLM,1752,2021-12-30,2021-12-31
KBLV,1752,2021-12-30,2021-12-31
KDSI,1753,2021-12-30,2021-12-31
KEEN,573,2021-12-30,2021-12-31
KEJU,513,2021-12-30,2021-12-31
KIAS,1753,2021-12-30,2021-12-31
KICI,1753,2021-12-30,2021-12-31
KIJA,1753,2021-12-30,2021-12-31
KINO,1511,2021-12-30,2021-12-31
KIOS,1070,2021-12-30,2021-12-31
KJEN,618,2021-12-30,2021-12-31
KKGI,1753,2021-12-30,2021-12-31
KLBF,1753,2021-12-30,2021-12-31
KMDS,324,2021-12-30,2021-12-31
KMTR,1146,2021-12-30,2021-12-31
KOBX,1751,2021-12-30,2021-12-31
KOIN,1752,2021-12-30,2021-12-31
KONI,1753,2021-12-30,2021-12-31
KOPI,1744,2021-12-30,2021-12-31
KOTA,612,2021-12-30,2021-12-31
KPIG,1752,2021-12-30,2021-12-31
KRAS,1752,2021-12-30,2021-12-31
KREN,1753,2021-12-30,2021-12-31
LAND,839,2021-12-30,2021-12-31
LAPD,1752,2021-12-30,2021-12-31
LCKM,996,2021-12-30,2021-12-31
LEAD,1744,2021-12-30,2021-12-31
LIFE,612,2021-12-30,2021-12-31
LINK,1744,2021-12-30,2021-12-31
LION,1753,2021-12-30,2021-12-31
LMPI,1753,2021-12-30,2021-12-31
LMSH,1753,2021-12-30,2021-12-31
LPCK,1753,2021-12-30,2021-12-31
LPGI,1753,2021-12-30,2021-12-31
LPIN,1752,2021-12-30,2021-12-31
LPKR,1753,2021-12-30,2021-12-31
LPLI,1753,2021-12-30,2021-12-31
LPPF,1752,2021-12-30,2021-12-31
LPPS,1753,2021-12-30,2021-12-31
LRNA,1744,2021-12-30,2021-12-31
LSIP,1752,2021-12-30,2021-12-31
LTLS,1753,2021-12-30,2021-12-31
LUCK,770,2021-12-30,2021-12-31
MAIN,1753,2021-12-30,2021-12-31
MAPA,875,2021-12-30,2021-12-31
MAPB,1144,2021-12-30,2021-12-31
MAPI,1752,2021-12-30,2021-12-31
MARI,1472,2021-12-30,2021-12-31
MARK,1129,2021-12-30,2021-12-31
MAYA,1753,2021-12-30,2021-12-31
MBAP,1744,2021-12-30,2021-12-31
MBSS,1752,2021-12-30,2021-12-31
MBTO,1752,2021-12-30,2021-12-31
MCAS,1050,2021-12-30,2021-12-31
MCOR,1753,2021-12-30,2021-12-31
MDIA,1744,2021-12-30,2021-12-31
MDKA,1630,2021-12-30,2021-12-31
MDKI,1077,2021-12-30,2021-12-31
MDLN,1752,2021-12-30,2021-12-31
MDRN,1753,2021-12-30,2021-12-31
MEDC,1753,2021-12-30,2021-12-31
MEGA,1753,2021-12-30,2021-12-31
MERK,1753,2021-12-30,2021-12-31
META,1752,2021-12-30,2021-12-31
MFMI,1752,2021-12-30,2021-12-31
MGNA,1746,2021-12-30,2021-12-31
MGRO,869,2021-12-30,2021-12-31
MICE,1752,2021-12-30,2021-12-31
MIDI,1753,2021-12-30,2021-12-31
MIKA,1688,2021-12-30,2021-12-31
MINA,1179,2021-12-30,2021-12-31
MIRA,1752,2021-12-30,2021-12-31
MITI,1753,2021-12-30,2021-12-31
MKNT,1545,2021-12-30,2021-12-31
MKPI,1753,2021-12-30,2021-12-31
MLBI,1753,2021-12-30,2021-12-31
MLIA,1753,2021-12-30,2021-12-31
MLPL,1753,2021-12-30,2021-12-31
MLPT,1745,2021-12-30,2021-12-31
MMLP,1634,2021-12-30,2021-12-31
MNCN,1752,2021-12-30,2021-12-31
MOLI,834,2021-12-30,2021-12-31
MPMX,1751,2021-12-30,2021-12-31
MPOW,1134,2021-12-30,2021-12-31
MPPA,1753,2021-12-30,2021-12-31
MPRO,805,2021-12-30,2021-12-31
MRAT,1753,2021-12-30,2021-12-31
MREI,1753,2021-12-30,2021-12-31
MSIN,893,2021-12-30,2021-12-31
MSKY,1752,2021-12-30,2021-12-31
MTDL,1753,2021-12-30,2021-12-31
MTFN,1753,2021-12-30,2021-12-31
MTLA,1752,2021-12-30,2021-12-31
MTPS,675,2021-12-30,2021-12-31
MTSM,1753,2021-12-30,2021-12-31
MTWI,1066,2021-12-30,2021-12-31
MYOH,1752,2021-12-30,2021-12-31
MYOR,1753,2021-12-30,2021-12-31
MYTX,1753,2021-12-30,2021-12-31
NASA,1113,2021-12-30,2021-12-31
NATO,733,2021-12-30,2021-12-31
NELY,1752,2021-12-30,2021-12-31
NFCX,869,2021-12-30,2021-12-31
NICK,919,2021-12-30,2021-12-31
NIKL,1752,2021-12-30,2021-12-31
NIRO,1752,2021-12-30,2021-12-31
NISP,1753,2021-12-30,2021-12-31
NOBU,1752,2021-12-30,2021-12-31
NRCA,1751,2021-12-30,2021-12-31
NZIA,556,2021-12-30,2021-12-31
OASA,1377,2021-12-30,2021-12-31
OKAS,1752,2021-12-30,2021-12-31
OMRE,1753,2021-12-30,2021-12-31
OPMS,558,2021-12-30,2021-12-31
PADI,1752,2021-12-30,2021-12-31
PALM,1753,2021-12-30,2021-12-31
PAMG,614,2021-12-30,2021-12-31
PANI,822,2021-12-30,2021-12-31
PANR,1753,2021-12-30,2021-12-31
PANS,1752,2021-12-30,2021-12-31
PBID,1021,2021-12-30,2021-12-31
PBRX,1753,2021-12-30,2021-12-31
PBSA,1327,2021-12-30,2021-12-31
PCAR,1008,2021-12-30,2021-12-31
PDES,1753,2021-12-30,2021-12-31
PEGE,1752,2021-12-30,2021-12-31
PEHA,750,2021-12-30,2021-12-31
PGAS,1752,2021-12-30,2021-12-31
PGJO,477,2021-12-30,2021-12-31
PGLI,1752,2021-12-30,2021-12-31
PGUN,364,2021-12-30,2021-12-31
PICO,1753,2021-12-30,2021-12-31
PJAA,1753,2021-12-30,2021-12-31
PKPK,1753,2021-12-30,2021-12-31
PLAN,318,2021-12-30,2021-12-31
PLIN,1753,2021-12-30,2021-12-31
PMJS,496,2021-12-30,2021-12-31
PNBN,1753,2021-12-30,2021-12-31
PNBS,1752,2021-12-30,2021-12-31
PNGO,329,2021-12-30,2021-12-31
PNIN,1752,2021-12-30,2021-12-31
PNLF,1753,2021-12-30,2021-12-31
PNSE,1753,2021-12-30,2021-12-31
POLA,778,2021-12-30,2021-12-31
POLI,739,2021-12-30,2021-12-31
POLL,870,2021-12-30,2021-12-31
POLU,621,2021-12-30,2021-12-31
POLY,1753,2021-12-30,2021-12-31
PORT,1208,2021-12-30,2021-12-31
POWR,1395,2021-12-30,2021-12-31
PPGL,355,2021-12-30,2021-12-31
PPRE,1034,2021-12-30,2021-12-31
PPRO,1658,2021-12-30,2021-12-31
PRDA,1274,2021-12-30,2021-12-31
PRIM,909,2021-12-30,2021-12-31
PSAB,1752,2021-12-30,2021-12-31
PSDN,1753,2021-12-30,2021-12-31
PSGO,513,2021-12-30,2021-12-31
PSKT,1753,2021-12-30,2021-12-31
PSSI,1026,2021-12-30,2021-12-31
PTBA,1752,2021-12-30,2021-12-31
PTIS,1753,2021-12-30,2021-12-31
PTPP,1752,2021-12-30,2021-12-31
PTPW,463,2021-12-30,2021-12-31
PTRO,1753,2021-12-30,2021-12-31
PTSN,1753,2021-12-30,2021-12-31
PTSP,1753,2021-12-30,2021-12-31
PUDP,1753,2021-12-30,2021-12-31
PURA,470,2021-12-30,2021-12-31
PURI,323,2021-12-30,2021-12-31
PWON,1752,2021-12-30,2021-12-31
PYFA,1752,2021-12-30,2021-12-31
PZZA,905,2021-12-30,2021-12-31
RAJA,1753,2021-12-30,2021-12-31
RALS,1753,2021-12-30,2021-12-31
RANC,1752,2021-12-30,2021-12-31
RBMS,1752,2021-12-30,2021-12-31
RDTX,1753,2021-12-30,2021-12-31
REAL,504,2021-12-30,2021-12-31
RELI,1753,2021-12-30,2021-12-31
RICY,1752,2021-12-30,2021-12-31
RIGS,1752,2021-12-30,2021-12-31
RISE,873,2021-12-30,2021-12-31
ROCK,321,2021-12-30,2021-12-31
RODA,1752,2021-12-30,2021-12-31
RONY,420,2021-12-30,2021-12-31
ROTI,1752,2021-12-30,2021-12-31
RUIS,1753,2021-12-30,2021-12-31
SAFE,1753,2021-12-30,2021-12-31
SAME,1753,2021-12-30,2021-12-31
SAMF,427,2021-12-30,2021-12-31
SAPX,811,2021-12-30,2021-12-31
SATU,788,2021-12-30,2021-12-31
SBAT,421,2021-12-30,2021-12-31
SCCO,1753,2021-12-30,2021-12-31
SCMA,1753,2021-12-30,2021-12-31
SCNP,324,2021-12-30,2021-12-31
SDMU,1753,2021-12-30,2021-12-31
SDPC,1752,2021-12-30,2021-12-31
SDRA,1753,2021-12-30,2021-12-31
SFAN,625,2021-12-30,2021-12-31
SGER,341,2021-12-30,2021-12-31
SGRO,1752,2021-12-30,2021-12-31
SHID,1753,2021-12-30,2021-12-31
SHIP,1393,2021-12-30,2021-12-31
SIDO,1745,2021-12-30,2021-12-31
SILO,1745,2021-12-30,2021-12-31
SIMP,1752,2021-12-30,2021-12-31
SINI,524,2021-12-30,2021-12-31
SIPD,1753,2021-12-30,2021-12-31
SKBM,1752,2021-12-30,2021-12-31
SKLT,1753,2021-12-30,2021-12-31
SKRN,805,2021-12-30,2021-12-31
SLIS,548,2021-12-30,2021-12-31
SMAR,1753,2021-12-30,2021-12-31
SMBR,1744,2021-12-30,2021-12-31
SMCB,1753,2021-12-30,2021-12-31
SMDM,1753,2021-12-30,2021-12-31
SMDR,1753,2021-12-30,2021-12-31
SMGR,1753,2021-12-30,2021-12-31
SMKL,610,2021-12-30,2021-12-31
SMMA,1753,2021-12-30,2021-12-31
SMMT,1753,2021-12-30,2021-12-31
SMRA,1753,2021-12-30,2021-12-31
SMSM,1753,2021-12-30,2021-12-31
SOCI,1744,2021-12-30,2021-12-31
SOFA,364,2021-12-30,2021-12-31
SOHO,323,2021-12-30,2021-12-31
SONA,1753,2021-12-30,2021-12-31
SOSS,786,2021-12-30,2021-12-31
SOTS,761,2021-12-30,2021-12-31
SPMA,1753,2021-12-30,2021-12-31
SPTO,912,2021-12-30,2021-12-31
SQMI,1752,2021-12-30,2021-12-31
SRAJ,1753,2021-12-30,2021-12-31
SRSN,1753,2021-12-30,2021-12-31
SRTG,1752,2021-12-30,2021-12-31
SSIA,1752,2021-12-30,2021-12-31
SSMS,1744,2021-12-30,2021-12-31
SSTM,1753,2021-12-30,2021-12-31
STAR,1753,2021-12-30,2021-12-31
STTP,1753,2021-12-30,2021-12-31
SULI,1752,2021-12-30,2021-12-31
SUPR,1753,2021-12-30,2021-12-31
SURE,809,2021-12-30,2021-12-31
SWAT,885,2021-12-30,2021-12-31
TALF,1744,2021-12-30,2021-12-31
TAMA,462,2021-12-30,2021-12-31
TAMU,1174,2021-12-30,2021-12-31
TARA,1753,2021-12-30,2021-12-31
TAXI,1752,2021-12-30,2021-12-31
TBIG,1753,2021-12-30,2021-12-31
TBLA,1753,2021-12-30,2021-12-31
TBMS,1753,2021-12-30,2021-12-31
TCID,1753,2021-12-30,2021-12-31
TCPI,873,2021-12-30,2021-12-31
TEBE,518,2021-12-30,2021-12-31
TELE,1752,2021-12-30,2021-12-31
TFAS,562,2021-12-30,2021-12-31
TFCO,1753,2021-12-30,2021-12-31
TGKA,1753,2021-12-30,2021-12-31
TGRA,1171,2021-12-30,2021-12-31
TIFA,1753,2021-12-30,2021-12-31
TINS,1752,2021-12-30,2021-12-31
TIRA,1753,2021-12-30,2021-12-31
TIRT,1752,2021-12-30,2021-12-31
TKIM,1752,2021-12-30,2021-12-31
TLKM,1752,2021-12-30,2021-12-31
TMAS,1753,2021-12-30,2021-12-31
TMPO,1752,2021-12-30,2021-12-31
TNCA,880,2021-12-30,2021-12-31
TOBA,1752,2021-12-30,2021-12-31
TOPS,1147,2021-12-30,2021-12-31
TOTL,1752,2021-12-30,2021-12-31
TOTO,1753,2021-12-30,2021-12-31
TOWR,1752,2021-12-30,2021-12-31
TOYS,343,2021-12-30,2021-12-31
TPIA,1753,2021-12-30,2021-12-31
TPMA,1752,2021-12-30,2021-12-31
TRIM,1752,2021-12-30,2021-12-31
TRIN,480,2021-12-30,2021-12-31
TRIS,1753,2021-12-30,2021-12-31
TRJA,331,2021-12-30,2021-12-31
TRST,1753,2021-12-30,2021-12-31
TRUK,904,2021-12-30,2021-12-31
TRUS,1753,2021-12-30,2021-12-31
TSPC,1753,2021-12-30,2021-12-31
TUGU,903,2021-12-30,2021-12-31
UANG,365,2021-12-30,2021-12-31
UCID,494,2021-12-30,2021-12-31
ULTJ,1752,2021-12-30,2021-12-31
UNIC,1753,2021-12-30,2021-12-31
UNSP,1753,2021-12-30,2021-12-31
UNTR,1752,2021-12-30,2021-12-31
UNVR,1753,2021-12-30,2021-12-31
URBN,762,2021-12-30,2021-12-31
VICO,1753,2021-12-30,2021-12-31
VINS,1564,2021-12-30,2021-12-31
VIVA,1752,2021-12-30,2021-12-31
VOKS,1752,2021-12-30,2021-12-31
VRNA,1753,2021-12-30,2021-12-31
WAPO,1753,2021-12-30,2021-12-31
WEGE,1029,2021-12-30,2021-12-31
WEHA,1753,2021-12-30,2021-12-31
WICO,1753,2021-12-30,2021-12-31
WIIM,1752,2021-12-30,2021-12-31
WIKA,1752,2021-12-30,2021-12-31
WINS,1753,2021-12-30,2021-12-31
WOMF,1753,2021-12-30,2021-12-31
WOOD,1144,2021-12-30,2021-12-31
WOWS,524,2021-12-30,2021-12-31
WSBP,1332,2021-12-30,2021-12-31
WTON,1744,2021-12-30,2021-12-31
YELO,793,2021-12-30,2021-12-31
YPAS,1752,2021-12-30,2021-12-31
YULE,1752,2021-12-30,2021-12-31
ZBRA,1753,2021-12-30,2021-12-31
ZINC,1062,2021-12-30,2021-12-31
ZONE,759,2021-12-30,2021-12-31
AALI,1999,2022-12-30,2022-12-31
ABBA,1999,2022-12-30,2022-12-31
ABDA,1999,2022-12-30,2022-12-31
ABMM,1999,2022-12-30,2022-12-31
ACES,1998,2022-12-30,2022-12-31
ACST,1999,2022-12-30,2022-12-31
ADES,1999,2022-12-30,2022-12-31
ADHI,1999,2022-12-30,2022-12-31
ADMF,1999,2022-12-30,2022-12-31
ADMG,1999,2022-12-30,2022-12-31
ADRO,1998,2022-12-30,2022-12-31
AGAR,754,2022-12-30,2022-12-31
AGII,1572,2022-12-30,2022-12-31
AGRO,1999,2022-12-30,2022-12-31
AGRS,1991,2022-12-30,2022-12-31
AHAP,1999,2022-12-30,2022-12-31
AIMS,1999,2022-12-30,2022-12-31
AISA,1999,2022-12-30,2022-12-31
AKKU,1999,2022-12-30,2022-12-31
AKPI,1999,2022-12-30,2022-12-31
AKRA,1999,2022-12-30,2022-12-31
AKSI,1999,2022-12-30,2022-12-31
ALDO,1999,2022-12-30,2022-12-31
ALKA,1999,2022-12-30,2022-12-31
ALMI,1999,2022-12-30,2022-12-31
ALTO,1998,2022-12-30,2022-12-31
AMAG,1998,2022-12-30,2022-12-31
AMAN,684,2022-12-30,2022-12-31
AMAR,730,2022-12-30,2022-12-31
AMFG,1999,2022-12-30,2022-12-31
AMIN,1758,2022-12-30,2022-12-31
AMOR,503,2022-12-30,2022-12-31
AMRT,1999,2022-12-30,2022-12-31
ANDI,1089,2022-12-30,2022-12-31
ANJT,1990,2022-12-30,2022-12-31
ANTM,1999,2022-12-30,2022-12-31
APEX,1999,2022-12-30,2022-12-31
APIC,1999,2022-12-30,2022-12-31
APII,1992,2022-12-30,2022-12-31
APLI,1999,2022-12-30,2022-12-31
APLN,1999,2022-12-30,2022-12-31
ARCI,376,2022-12-30,2022-12-31
ARGO,1999,2022-12-30,2022-12-31
ARII,1998,2022-12-30,2022-12-31
ARKA,857,2022-12-30,2022-12-31
ARNA,1998,2022-12-30,2022-12-31
ARTA,1998,2022-12-30,2022-12-31
ARTI,1998,2022-12-30,2022-12-31
ARTO,1740,2022-12-30,2022-12-31
ASBI,1999,2022-12-30,2022-12-31
ASDM,1999,2022-12-30,2022-12-31
ASGR,1998,2022-12-30,2022-12-31
ASII,1998,2022-12-30,2022-12-31
ASJT,1999,2022-12-30,2022-12-31
ASMI,1990,2022-12-30,2022-12-31
ASPI,703,2022-12-30,2022-12-31
ASRI,1999,2022-12-30,2022-12-31
ASRM,1999,2022-12-30,2022-12-31
ASSA,1998,2022-12-30,2022-12-31
ATAP,505,2022-12-30,2022-12-31
ATIC,1863,2022-12-30,2022-12-31
AUTO,1998,2022-12-30,2022-12-31
AYLS,706,2022-12-30,2022-12-31
BABP,1999,2022-12-30,2022-12-31
BACA,1999,2022-12-30,2022-12-31
BAJA,1998,2022-12-30,2022-12-31
BALI,1990,2022-12-30,2022-12-31
BANK,473,2022-12-30,2022-12-31
BAPA,1998,2022-12-30,2022-12-31
BAPI,809,2022-12-30,2022-12-31
BATA,1999,2022-12-30,2022-12-31
BAYU,1998,2022-12-30,2022-12-31
BBCA,1999,2022-12-30,2022-12-31
BBHI,1842,2022-12-30,2022-12-31
BBKP,1999,2022-12-30,2022-12-31
BBLD,1999,2022-12-30,2022-12-31
BBMD,1991,2022-12-30,2022-12-31
BBNI,1999,2022-12-30,2022-12-31
BBRI,1999,2022-12-30,2022-12-31
BBRM,1998,2022-12-30,2022-12-31
BBSI,570,2022-12-30,2022-12-31
BBSS,663,2022-12-30,2022-12-31
BBTN,1999,2022-12-30,2022-12-31
BBYB,1992,2022-12-30,2022-12-31
BCAP,1999,2022-12-30,2022-12-31
BCIC,1999,2022-12-30,2022-12-31
BCIP,1998,2022-12-30,2022-12-31
BDMN,1999,2022-12-30,2022-12-31
BEBS,447,2022-12-30,2022-12-31
BEEF,986,2022-12-30,2022-12-31
BEKS,1999,2022-12-30,2022-12-31
BELL,1317,2022-12-30,2022-12-31
BESS,688,2022-12-30,2022-12-31
BEST,1990,2022-12-30,2022-12-31
BFIN,1999,2022-12-30,2022-12-31
BGTG,1665,2022-12-30,2022-12-31
BHAT,663,2022-12-30,2022-12-31
BHIT,1999,2022-12-30,2022-12-31
BIKA,1858,2022-12-30,2022-12-31
BIMA,1999,2022-12-30,2022-12-31
BINA,1999,2022-12-30,2022-12-31
BIPI,1999,2022-12-30,2022-12-31
BIPP,1998,2022-12-30,2022-12-31
BIRD,1990,2022-12-30,2022-12-31
BISI,1999,2022-12-30,2022-12-31
BJBR,1999,2022-12-30,2022-12-31
BJTM,1998,2022-12-30,2022-12-31
BKDP,1998,2022-12-30,2022-12-31
BKSL,1999,2022-12-30,2022-12-31
BKSW,1999,2022-12-30,2022-12-31
BLTA,1999,2022-12-30,2022-12-31
BLTZ,1991,2022-12-30,2022-12-31
BLUE,859,2022-12-30,2022-12-31
BMAS,1998,2022-12-30,2022-12-31
BMHS,370,2022-12-30,2022-12-31
BMRI,1999,2022-12-30,2022-12-31
BMSR,1999,2022-12-30,2022-12-31
BMTR,1998,2022-12-30,2022-12-31
BNBA,1999,2022-12-30,2022-12-31
BNBR,1999,2022-12-30,2022-12-31
BNGA,1998,2022-12-30,2022-12-31
BNII,1998,2022-12-30,2022-12-31
BNLI,1999,2022-12-30,2022-12-31
BOBA,290,2022-12-30,2022-12-31
BOGA,1514,2022-12-30,2022-12-31
BOLA,873,2022-12-30,2022-12-31
BOLT,1863,2022-12-30,2022-12-31
BOSS,1220,2022-12-30,2022-12-31
BPFI,1999,2022-12-30,2022-12-31
BPII,1991,2022-12-30,2022-12-31
BPTR,1119,2022-12-30,2022-12-31
BRAM,1999,2022-12-30,2022-12-31
BRIS,1161,2022-12-30,2022-12-31
BRMS,1999,2022-12-30,2022-12-31
BRNA,1999,2022-12-30,2022-12-31
BRPT,1999,2022-12-30,2022-12-31
BSDE,1998,2022-12-30,2022-12-31
BSIM,1998,2022-12-30,2022-12-31
BSSR,1997,2022-12-30,2022-12-31
BSWD,1999,2022-12-30,2022-12-31
BTEK,1998,2022-12-30,2022-12-31
BTON,1998,2022-12-30,2022-12-31
BTPN,1998,2022-12-30,2022-12-31
BTPS,1161,2022-12-30,2022-12-31
BUDI,1998,2022-12-30,2022-12-31
BUKA,348,2022-12-30,2022-12-31
BUKK,1878,2022-12-30,2022-12-31
BULL,1999,2022-12-30,2022-12-31
BUMI,1999,2022-12-30,2022-12-31
BUVA,1998,2022-12-30,2022-12-31
BVIC,1999,2022-12-30,2022-12-31
BWPT,1998,2022-12-30,2022-12-31
BYAN,1999,2022-12-30,2022-12-31
CAKK,1036,2022-12-30,2022-12-31
CAMP,1262,2022-12-30,2022-12-31
CANI,1991,2022-12-30,2022-12-31
CARE,684,2022-12-30,2022-12-31
CARS,1437,2022-12-30,2022-12-31
CASA,1621,2022-12-30,2022-12-31
CASH,651,2022-12-30,2022-12-31
CASS,1999,2022-12-30,2022-12-31
CCSI,873,2022-12-30,2022-12-31
CEKA,1998,2022-12-30,2022-12-31
CENT,1998,2022-12-30,2022-12-31
CFIN,1998,2022-12-30,2022-12-31
CINT,1997,2022-12-30,2022-12-31
CITA,1999,2022-12-30,2022-12-31
CITY,1058,2022-12-30,2022-12-31
CLAY,979,2022-12-30,2022-12-31
CLEO,1423,2022-12-30,2022-12-31
CLPI,1998,2022-12-30,2022-12-31
CMNP,1999,2022-12-30,2022-12-31
CMNT,327,2022-12-30,2022-12-31
CMPP,1999,2022-12-30,2022-12-31
CNKO,1998,2022-12-30,2022-12-31
COCO,937,2022-12-30,2022-12-31
CPIN,1998,2022-12-30,2022-12-31
CPRO,1999,2022-12-30,2022-12-31
CSAP,1999,2022-12-30,2022-12-31
CSIS,1419,2022-12-30,2022-12-31
CSMI,666,2022-12-30,2022-12-31
CSRA,730,2022-12-30,2022-12-31
CTBN,1999,2022-12-30,2022-12-31
CTRA,1998,2022-12-30,2022-12-31
CTTH,1998,2022-12-30,2022-12-31
DADA,704,2022-12-30,2022-12-31
DART,1999,2022-12-30,2022-12-31
DAYA,1632,2022-12-30,2022-12-31
DCII,491,2022-12-30,2022-12-31
DEAL,1029,2022-12-30,2022-12-31
DEFI,1999,2022-12-30,2022-12-31
DEWA,1999,2022-12-30,2022-12-31
DFAM,1170,2022-12-30,2022-12-31
DGIK,1998,2022-12-30,2022-12-31
DGNS,484,2022-12-30,2022-12-31
DIGI,1068,2022-12-30,2022-12-31
DILD,1998,2022-12-30,2022-12-31
DIVA,1018,2022-12-30,2022-12-31
DKFT,1999,2022-12-30,2022-12-31
DLTA,1998,2022-12-30,2022-12-31
DMAS,1889,2022-12-30,2022-12-31
DMMX,784,2022-12-30,2022-12-31
DMND,721,2022-12-30,2022-12-31
DNAR,1998,2022-12-30,2022-12-31
DNET,1999,2022-12-30,2022-12-31
DOID,1998,2022-12-30,2022-12-31
DPNS,1999,2022-12-30,2022-12-31
DPUM,1760,2022-12-30,2022-12-31
DSFI,1998,2022-12-30,2022-12-31
DSNG,1997,2022-12-30,2022-12-31
DSSA,1999,2022-12-30,2022-12-31
DUTI,1999,2022-12-30,2022-12-31
DVLA,1998,2022-12-30,2022-12-31
DWGL,1266,2022-12-30,2022-12-31
DYAN,1997,2022-12-30,2022-12-31
EAST,858,2022-12-30,2022-12-31
ECII,1990,2022-12-30,2022-12-31
EDGE,468,2022-12-30,2022-12-31
EKAD,1999,2022-12-30,2022-12-31
ELSA,1998,2022-12-30,2022-12-31
ELTY,1998,2022-12-30,2022-12-31
EMDE,1998,2022-12-30,2022-12-31
EMTK,1999,2022-12-30,2022-12-31
ENRG,1999,2022-12-30,2022-12-31
ENZO,565,2022-12-30,2022-12-31
EPAC,614,2022-12-30,2022-12-31
EPMT,1998,2022-12-30,2022-12-31
ERAA,1999,2022-12-30,2022-12-31
ERTX,1999,2022-12-30,2022-12-31
ESIP,766,2022-12-30,2022-12-31
ESSA,1998,2022-12-30,2022-12-31
ESTA,688,2022-12-30,2022-12-31
ESTI,1999,2022-12-30,2022-12-31
ETWA,1998,2022-12-30,2022-12-31
EXCL,1999,2022-12-30,2022-12-31
FAPA,493,2022-12-30,2022-12-31
FAST,1999,2022-12-30,2022-12-31
FASW,1998,2022-12-30,2022-12-31
FILM,1097,2022-12-30,2022-12-31
FIMP,427,2022-12-30,2022-12-31
FIRE,1398,2022-12-30,2022-12-31
FISH,1999,2022-12-30,2022-12-31
FITT,877,2022-12-30,2022-12-31
FLMC,368,2022-12-30,2022-12-31
FMII,1999,2022-12-30,2022-12-31
FOOD,987,2022-12-30,2022-12-31
FORU,1998,2022-12-30,2022-12-31
FPNI,1998,2022-12-30,2022-12-31
FUJI,858,2022-12-30,2022-12-31
GDST,1998,2022-12-30,2022-12-31
GDYR,1998,2022-12-30,2022-12-31
GEMA,1999,2022-12-30,2022-12-31
GEMS,1999,2022-12-30,2022-12-31
GGRM,1998,2022-12-30,2022-12-31
GGRP,806,2022-12-30,2022-12-31
GHON,1183,2022-12-30,2022-12-31
GIAA,1999,2022-12-30,2022-12-31
GJTL,1998,2022-12-30,2022-12-31
GLOB,1999,2022-12-30,2022-12-31
GLVA,739,2022-12-30,2022-12-31
GMFI,1312,2022-12-30,2022-12-31
GMTD,1999,2022-12-30,2022-12-31
GOLD,1999,2022-12-30,2022-12-31
GOOD,1052,2022-12-30,2022-12-31
GPRA,1998,2022-12-30,2022-12-31
GPSO,329,2022-12-30,2022-12-31
GSMF,1999,2022-12-30,2022-12-31
GTBO,1999,2022-12-30,2022-12-31
GTSI,327,2022-12-30,2022-12-31
GWSA,1998,2022-12-30,2022-12-31
GZCO,1998,2022-12-30,2022-12-31
HADE,1999,2022-12-30,2022-12-31
HAIS,332,2022-12-30,2022-12-31
HDFA,1999,2022-12-30,2022-12-31
HDIT,855,2022-12-30,2022-12-31
HEAL,1156,2022-12-30,2022-12-31
HELI,1191,2022-12-30,2022-12-31
HERO,1998,2022-12-30,2022-12-31
HEXA,1998,2022-12-30,2022-12-31
HITS,1999,2022-12-30,2022-12-31
HMSP,1999,2022-12-30,2022-12-31
HOKI,1384,2022-12-30,2022-12-31
HOMI,567,2022-12-30,2022-12-31
HOPE,399,2022-12-30,2022-12-31
HRME,919,2022-12-30,2022-12-31
HRTA,1390,2022-12-30,2022-12-31
HRUM,1999,2022-12-30,2022-12-31
IATA,1999,2022-12-30,2022-12-31
IBFN,1990,2022-12-30,2022-12-31
IBST,1999,2022-12-30,2022-12-31
ICBP,1998,2022-12-30,2022-12-31
ICON,1998,2022-12-30,2022-12-31
IDEA,326,2022-12-30,2022-12-31
IDPR,1758,2022-12-30,2022-12-31
IFII,748,2022-12-30,2022-12-31
IFSH,751,2022-12-30,2022-12-31
IGAR,1998,2022-12-30,2022-12-31
IKAI,1998,2022-12-30,2022-12-31
IKAN,706,2022-12-30,2022-12-31
IKBI,1999,2022-12-30,2022-12-31
IMAS,1999,2022-12-30,2022-12-31
IMJS,1991,2022-12-30,2022-12-31
IMPC,1991,2022-12-30,2022-12-31
INAF,1998,2022-12-30,2022-12-31
INAI,1998,2022-12-30,2022-12-31
INCF,1999,2022-12-30,2022-12-31
INCI,1999,2022-12-30,2022-12-31
INCO,1998,2022-12-30,2022-12-31
INDF,1999,2022-12-30,2022-12-31
INDO,728,2022-12-30,2022-12-31
INDR,1999,2022-12-30,2022-12-31
INDS,1999,2022-12-30,2022-12-31
INDX,1999,2022-12-30,2022-12-31
INDY,1999,2022-12-30,2022-12-31
INKP,1998,2022-12-30,2022-12-31
INOV,857,2022-12-30,2022-12-31
INPC,1998,2022-12-30,2022-12-31
INPP,1999,2022-12-30,2022-12-31
INPS,1184,2022-12-30,2022-12-31
INRU,1999,2022-12-30,2022-12-31
INTA,1998,2022-12-30,2022-12-31
INTD,1999,2022-12-30,2022-12-31
INTP,1998,2022-12-30,2022-12-31
IPAC,374,2022-12-30,2022-12-31
IPCC,1118,2022-12-30,2022-12-31
IPCM,1259,2022-12-30,2022-12-31
IPOL,1999,2022-12-30,2022-12-31
IPTV,859,2022-12-30,2022-12-31
IRRA,788,2022-12-30,2022-12-31
ISAT,1999,2022-12-30,2022-12-31
ISSP,1997,2022-12-30,2022-12-31
ITIC,861,2022-12-30,2022-12-31
ITMA,1999,2022-12-30,2022-12-31
ITMG,1999,2022-12-30,2022-12-31
JAST,896,2022-12-30,2022-12-31
JAWA,1998,2022-12-30,2022-12-31
JAYA,956,2022-12-30,2022-12-31
JECC,1999,2022-12-30,2022-12-31
JGLE,1629,2022-12-30,2022-12-31
JIHD,1999,2022-12-30,2022-12-31
JKON,1999,2022-12-30,2022-12-31
JMAS,1263,2022-12-30,2022-12-31
JPFA,1999,2022-12-30,2022-12-31
JRPT,1999,2022-12-30,2022-12-31
JSMR,1998,2022-12-30,2022-12-31
JSPT,1999,2022-12-30,2022-12-31
JTPE,1999,2022-12-30,2022-12-31
KAEF,1998,2022-12-30,2022-12-31
KARW,1999,2022-12-30,2022-12-31
KAYU,861,2022-12-30,2022-12-31
KBAG,667,2022-12-30,2022-12-31
KBLI,1999,2022-12-30,2022-12-31
KBLM,1998,2022-12-30,2022-12-31
KBLV,1998,2022-12-30,2022-12-31
KDSI,1999,2022-12-30,2022-12-31
KEEN,819,2022-12-30,2022-12-31
KEJU,759,2022-12-30,2022-12-31
KIAS,1999,2022-12-30,2022-12-31
KICI,1999,2022-12-30,2022-12-31
KIJA,1999,2022-12-30,2022-12-31
KINO,1757,2022-12-30,2022-12-31
KIOS,1316,2022-12-30,2022-12-31
KJEN,864,2022-12-30,2022-12-31
KKGI,1999,2022-12-30,2022-12-31
KLBF,1999,2022-12-30,2022-12-31
KMDS,570,2022-12-30,2022-12-31
KMTR,1392,2022-12-30,2022-12-31
KOBX,1997,2022-12-30,2022-12-31
KOIN,1998,2022-12-30,2022-12-31
KONI,1999,2022-12-30,2022-12-31
KOPI,1990,2022-12-30,2022-12-31
KOTA,858,2022-12-30,2022-12-31
KPIG,1998,2022-12-30,2022-12-31
KRAS,1998,2022-12-30,2022-12-31
KREN,1999,2022-12-30,2022-12-31
KUAS,295,2022-12-30,2022-12-31
LABA,388,2022-12-30,2022-12-31
LAND,1085,2022-12-30,2022-12-31
LAPD,1998,2022-12-30,2022-12-31
LCKM,1242,2022-12-30,2022-12-31
LEAD,1990,2022-12-30,2022-12-31
LFLO,429,2022-12-30,2022-12-31
LIFE,858,2022-12-30,2022-12-31
LINK,1990,2022-12-30,2022-12-31
LION,1999,2022-12-30,2022-12-31
LMPI,1999,2022-12-30,2022-12-31
LMSH,1999,2022-12-30,2022-12-31
LPCK,1999,2022-12-30,2022-12-31
LPGI,1999,2022-12-30,2022-12-31
LPIN,1998,2022-12-30,2022-12-31
LPKR,1999,2022-12-30,2022-12-31
LPLI,1999,2022-12-30,2022-12-31
LPPF,1998,2022-12-30,2022-12-31
LPPS,1999,2022-12-30,2022-12-31
LRNA,1990,2022-12-30,2022-12-31
LSIP,1998,2022-12-30,2022-12-31
LTLS,1999,2022-12-30,2022-12-31
LUCK,1016,2022-12-30,2022-12-31
LUCY,409,2022-12-30,2022-12-31
MAIN,1999,2022-12-30,2022-12-31
MAPA,1121,2022-12-30,2022-12-31
MAPB,1390,2022-12-30,2022-12-31
MAPI,1998,2022-12-30,2022-12-31
MARI,1718,2022-12-30,2022-12-31
MARK,1375,2022-12-30,2022-12-31
MASB,374,2022-12-30,2022-12-31
MAYA,1999,2022-12-30,2022-12-31
MBAP,1990,2022-12-30,2022-12-31
MBSS,1998,2022-12-30,2022-12-31
MBTO,1998,2022-12-30,2022-12-31
MCAS,1296,2022-12-30,2022-12-31
MCOL,328,2022-12-30,2022-12-31
MCOR,1999,2022-12-30,2022-12-31
MDIA,1990,2022-12-30,2022-12-31
MDKA,1876,2022-12-30,2022-12-31
MDKI,1323,2022-12-30,2022-12-31
MDLN,1998,2022-12-30,2022-12-31
MDRN,1999,2022-12-30,2022-12-31
MEDC,1999,2022-12-30,2022-12-31
MEGA,1999,2022-12-30,2022-12-31
MERK,1999,2022-12-30,2022-12-31
META,1998,2022-12-30,2022-12-31
MFMI,1998,2022-12-30,2022-12-31
MGLV,390,2022-12-30,2022-12-31
MGNA,1992,2022-12-30,2022-12-31
MGRO,1115,2022-12-30,2022-12-31
MICE,1998,2022-12-30,2022-12-31
MIDI,1999,2022-12-30,2022-12-31
MIKA,1934,2022-12-30,2022-12-31
MINA,1425,2022-12-30,2022-12-31
MIRA,1998,2022-12-30,2022-12-31
MITI,1999,2022-12-30,2022-12-31
MKNT,1791,2022-12-30,2022-12-31
MKPI,1999,2022-12-30,2022-12-31
MLBI,1999,2022-12-30,2022-12-31
MLIA,1999,2022-12-30,2022-12-31
MLPL,1999,2022-12-30,2022-12-31
MLPT,1991,2022-12-30,2022-12-31
MMLP,1880,2022-12-30,2022-12-31
MNCN,1998,2022-12-30,2022-12-31
MOLI,1080,2022-12-30,2022-12-31
MPMX,1997,2022-12-30,2022-12-31
MPOW,1380,2022-12-30,2022-12-31
MPPA,1999,2022-12-30,2022-12-31
MPRO,1051,2022-12-30,2022-12-31
MRAT,1999,2022-12-30,2022-12-31
MREI,1999,2022-12-30,2022-12-31
MSIN,1139,2022-12-30,2022-12-31
MSKY,1998,2022-12-30,2022-12-31
MTDL,1999,2022-12-30,2022-12-31
MTFN,1999,2022-12-30,2022-12-31
MTLA,1998,2022-12-30,2022-12-31
MTPS,921,2022-12-30,2022-12-31
MTSM,1999,2022-12-30,2022-12-31
MTWI,1312,2022-12-30,2022-12-31
MYOH,1998,2022-12-30,2022-12-31
MYOR,1999,2022-12-30,2022-12-31
MYTX,1999,2022-12-30,2022-12-31
NASA,1359,2022-12-30,2022-12-31
NATO,979,2022-12-30,2022-12-31
NELY,1998,2022-12-30,2022-12-31
NFCX,1115,2022-12-30,2022-12-31
NICK,1165,2022-12-30,2022-12-31
NICL,367,2022-12-30,2022-12-31
NIKL,1998,2022-12-30,2022-12-31
NIRO,1998,2022-12-30,2022-12-31
NISP,1999,2022-12-30,2022-12-31
NOBU,1998,2022-12-30,2022-12-31
NPGF,424,2022-12-30,2022-12-31
NRCA,1997,2022-12-30,2022-12-31
NZIA,802,2022-12-30,2022-12-31
OASA,1623,2022-12-30,2022-12-31
OILS,329,2022-12-30,2022-12-31
OKAS,1998,2022-12-30,2022-12-31
OMRE,1999,2022-12-30,2022-12-31
OPMS,804,2022-12-30,2022-12-31
PADI,1998,2022-12-30,2022-12-31
PALM,1999,2022-12-30,2022-12-31
PAMG,860,2022-12-30,2022-12-31
PANI,1068,2022-12-30,2022-12-31
PANR,1999,2022-12-30,2022-12-31
PANS,1998,2022-12-30,2022-12-31
PBID,1267,2022-12-30,2022-12-31
PBRX,1999,2022-12-30,2022-12-31
PBSA,1573,2022-12-30,2022-12-31
PCAR,1254,2022-12-30,2022-12-31
PDES,1999,2022-12-30,2022-12-31
PEGE,1998,2022-12-30,2022-12-31
PEHA,996,2022-12-30,2022-12-31
PGAS,1998,2022-12-30,2022-12-31
PGJO,723,2022-12-30,2022-12-31
PGLI,1998,2022-12-30,2022-12-31
PGUN,610,2022-12-30,2022-12-31
PICO,1999,2022-12-30,2022-12-31
PJAA,1999,2022-12-30,2022-12-31
PKPK,1999,2022-12-30,2022-12-31
PLAN,564,2022-12-30,2022-12-31
PLIN,1999,2022-12-30,2022-12-31
PMJS,742,2022-12-30,2022-12-31
PMMP,500,2022-12-30,2022-12-31
PNBN,1999,2022-12-30,2022-12-31
PNBS,1998,2022-12-30,2022-12-31
PNGO,575,2022-12-30,2022-12-31
PNIN,1998,2022-12-30,2022-12-31
PNLF,1999,2022-12-30,2022-12-31
PNSE,1999,2022-12-30,2022-12-31
POLA,1024,2022-12-30,2022-12-31
POLI,985,2022-12-30,2022-12-31
POLL,1116,2022-12-30,2022-12-31
POLU,867,2022-12-30,2022-12-31
POLY,1999,2022-12-30,2022-12-31
PORT,1454,2022-12-30,2022-12-31
POWR,1641,2022-12-30,2022-12-31
PPGL,601,2022-12-30,2022-12-31
PPRE,1280,2022-12-30,2022-12-31
PPRO,1904,2022-12-30,2022-12-31
PRDA,1520,2022-12-30,2022-12-31
PRIM,1155,2022-12-30,2022-12-31
PSAB,1998,2022-12-30,2022-12-31
PSDN,1999,2022-12-30,2022-12-31
PSGO,759,2022-12-30,2022-12-31
PSKT,1999,2022-12-30,2022-12-31
PSSI,1272,2022-12-30,2022-12-31
PTBA,1998,2022-12-30,2022-12-31
PTDU,507,2022-12-30,2022-12-31
PTIS,1999,2022-12-30,2022-12-31
PTPP,1998,2022-12-30,2022-12-31
PTPW,709,2022-12-30,2022-12-31
PTRO,1999,2022-12-30,2022-12-31
PTSN,1999,2022-12-30,2022-12-31
PTSP,1999,2022-12-30,2022-12-31
PUDP,1999,2022-12-30,2022-12-31
PURA,716,2022-12-30,2022-12-31
PURI,569,2022-12-30,2022-12-31
PWON,1998,2022-12-30,2022-12-31
PYFA,1998,2022-12-30,2022-12-31
PZZA,1151,2022-12-30,2022-12-31
RAJA,1999,2022-12-30,2022-12-31
RALS,1999,2022-12-30,2022-12-31
RANC,1998,2022-12-30,2022-12-31
RBMS,1998,2022-12-30,2022-12-31
RDTX,1999,2022-12-30,2022-12-31
REAL,750,2022-12-30,2022-12-31
RELI,1999,2022-12-30,2022-12-31
RICY,1998,2022-12-30,2022-12-31
RIGS,1998,2022-12-30,2022-12-31
RISE,1119,2022-12-30,2022-12-31
ROCK,567,2022-12-30,2022-12-31
RODA,1998,2022-12-30,2022-12-31
RONY,666,2022-12-30,2022-12-31
ROTI,1998,2022-12-30,2022-12-31
RSGK,327,2022-12-30,2022-12-31
RUIS,1999,2022-12-30,2022-12-31
RUNS,327,2022-12-30,2022-12-31
SAFE,1999,2022-12-30,2022-12-31
SAME,1999,2022-12-30,2022-12-31
SAMF,673,2022-12-30,2022-12-31
SAPX,1057,2022-12-30,2022-12-31
SATU,1034,2022-12-30,2022-12-31
SBAT,667,2022-12-30,2022-12-31
SBMA,327,2022-12-30,2022-12-31
SCCO,1999,2022-12-30,2022-12-31
SCMA,1999,2022-12-30,2022-12-31
SCNP,570,2022-12-30,2022-12-31
SDMU,1999,2022-12-30,2022-12-31
SDPC,1998,2022-12-30,2022-12-31
SDRA,1999,2022-12-30,2022-12-31
SFAN,871,2022-12-30,2022-12-31
SGER,587,2022-12-30,2022-12-31
SGRO,1998,2022-12-30,2022-12-31
SHID,1999,2022-12-30,2022-12-31
SHIP,1639,2022-12-30,2022-12-31
SIDO,1991,2022-12-30,2022-12-31
SILO,1991,2022-12-30,2022-12-31
SIMP,1998,2022-12-30,2022-12-31
SINI,770,2022-12-30,2022-12-31
SIPD,1999,2022-12-30,2022-12-31
SKBM,1998,2022-12-30,2022-12-31
SKLT,1999,2022-12-30,2022-12-31
SKRN,1051,2022-12-30,2022-12-31
SLIS,794,2022-12-30,2022-12-31
SMAR,1999,2022-12-30,2022-12-31
SMBR,1990,2022-12-30,2022-12-31
SMCB,1999,2022-12-30,2022-12-31
SMDM,1999,2022-12-30,2022-12-31
SMDR,1999,2022-12-30,2022-12-31
SMGR,1999,2022-12-30,2022-12-31
SMKL,856,2022-12-30,2022-12-31
SMMA,1999,2022-12-30,2022-12-31
SMMT,1999,2022-12-30,2022-12-31
SMRA,1999,2022-12-30,2022-12-31
SMSM,1999,2022-12-30,2022-12-31
SNLK,435,2022-12-30,2022-12-31
SOCI,1990,2022-12-30,2022-12-31
SOFA,610,2022-12-30,2022-12-31
SOHO,569,2022-12-30,2022-12-31
SONA,1999,2022-12-30,2022-12-31
SOSS,1032,2022-12-30,2022-12-31
SOTS,1007,2022-12-30,2022-12-31
SPMA,1999,2022-12-30,2022-12-31
SPTO,1158,2022-12-30,2022-12-31
SQMI,1998,2022-12-30,2022-12-31
SRAJ,1999,2022-12-30,2022-12-31
SRSN,1999,2022-12-30,2022-12-31
SRTG,1998,2022-12-30,2022-12-31
SSIA,1998,2022-12-30,2022-12-31
SSMS,1990,2022-12-30,2022-12-31
SSTM,1999,2022-12-30,2022-12-31
STAR,1999,2022-12-30,2022-12-31
STTP,1999,2022-12-30,2022-12-31
SULI,1998,2022-12-30,2022-12-31
SUPR,1999,2022-12-30,2022-12-31
SURE,1055,2022-12-30,2022-12-31
SWAT,1131,2022-12-30,2022-12-31
TALF,1990,2022-12-30,2022-12-31
TAMA,708,2022-12-30,2022-12-31
TAMU,1420,2022-12-30,2022-12-31
TAPG,426,2022-12-30,2022-12-31
TARA,1999,2022-12-30,2022-12-31
TAXI,1998,2022-12-30,2022-12-31
TBIG,1999,2022-12-30,2022-12-31
TBLA,1999,2022-12-30,2022-12-31
TBMS,1999,2022-12-30,2022-12-31
TCID,1999,2022-12-30,2022-12-31
TCPI,1119,2022-12-30,2022-12-31
TEBE,764,2022-12-30,2022-12-31
TELE,1998,2022-12-30,2022-12-31
TFAS,808,2022-12-30,2022-12-31
TFCO,1999,2022-12-30,2022-12-31
TGKA,1999,2022-12-30,2022-12-31
TGRA,1417,2022-12-30,2022-12-31
TIFA,1999,2022-12-30,2022-12-31
TINS,1998,2022-12-30,2022-12-31
TIRA,1999,2022-12-30,2022-12-31
TIRT,1998,2022-12-30,2022-12-31
TKIM,1998,2022-12-30,2022-12-31
TLKM,1998,2022-12-30,2022-12-31
TMAS,1999,2022-12-30,2022-12-31
TMPO,1998,2022-12-30,2022-12-31
TNCA,1126,2022-12-30,2022-12-31
TOBA,1998,2022-12-30,2022-12-31
TOPS,1393,2022-12-30,2022-12-31
TOTL,1998,2022-12-30,2022-12-31
TOTO,1999,2022-12-30,2022-12-31
TOWR,1998,2022-12-30,2022-12-31
TOYS,589,2022-12-30,2022-12-31
TPIA,1999,2022-12-30,2022-12-31
TPMA,1998,2022-12-30,2022-12-31
TRIM,1998,2022-12-30,2022-12-31
TRIN,726,2022-12-30,2022-12-31
TRIS,1999,2022-12-30,2022-12-31
TRJA,577,2022-12-30,2022-12-31
TRST,1999,2022-12-30,2022-12-31
TRUE,388,2022-12-30,2022-12-31
TRUK,1150,2022-12-30,2022-12-31
TRUS,1999,2022-12-30,2022-12-31
TSPC,1999,2022-12-30,2022-12-31
TUGU,1149,2022-12-30,2022-12-31
UANG,611,2022-12-30,2022-12-31
UCID,740,2022-12-30,2022-12-31
UFOE,473,2022-12-30,2022-12-31
ULTJ,1998,2022-12-30,2022-12-31
UNIC,1999,2022-12-30,2022-12-31
UNIQ,449,2022-12-30,2022-12-31
UNSP,1999,2022-12-30,2022-12-31
UNTR,1998,2022-12-30,2022-12-31
UNVR,1999,2022-12-30,2022-12-31
URBN,1008,2022-12-30,2022-12-31
UVCR,356,2022-12-30,2022-12-31
VICI,501,2022-12-30,2022-12-31
VICO,1999,2022-12-30,2022-12-31
VINS,1810,2022-12-30,2022-12-31
VIVA,1998,2022-12-30,2022-12-31
VOKS,1998,2022-12-30,2022-12-31
VRNA,1999,2022-12-30,2022-12-31
WAPO,1999,2022-12-30,2022-12-31
WEGE,1275,2022-12-30,2022-12-31
WEHA,1999,2022-12-30,2022-12-31
WICO,1999,2022-12-30,2022-12-31
WIFI,494,2022-12-30,2022-12-31
WIIM,1998,2022-12-30,2022-12-31
WIKA,1998,2022-12-30,2022-12-31
WINS,1999,2022-12-30,2022-12-31
WMUU,472,2022-12-30,2022-12-31
WOMF,1999,2022-12-30,2022-12-31
WOOD,1390,2022-12-30,2022-12-31
WOWS,770,2022-12-30,2022-12-31
WSBP,1578,2022-12-30,2022-12-31
WTON,1990,2022-12-30,2022-12-31
YELO,1039,2022-12-30,2022-12-31
YPAS,1998,2022-12-30,2022-12-31
YULE,1998,2022-12-30,2022-12-31
ZBRA,1999,2022-12-30,2022-12-31
ZINC,1308,2022-12-30,2022-12-31
ZONE,1005,2022-12-30,2022-12-31
ZYRX,434,2022-12-30,2022-12-31
AALI,2238,2023-12-29,2023-12-31
ABBA,2238,2023-12-29,2023-12-31
ABDA,2238,2023-12-29,2023-12-31
ABMM,2238,2023-12-29,2023-12-31
ACES,2237,2023-12-29,2023-12-31
ACST,2238,2023-12-29,2023-12-31
ADCP,449,2023-12-29,2023-12-31
ADES,2238,2023-12-29,2023-12-31
ADHI,2238,2023-12-29,2023-12-31
ADMF,2238,2023-12-29,2023-12-31
ADMG,2238,2023-12-29,2023-12-31
ADMR,485,2023-12-29,2023-12-31
ADRO,2237,2023-12-29,2023-12-31
AGAR,993,2023-12-29,2023-12-31
AGII,1811,2023-12-29,2023-12-31
AGRO,2238,2023-12-29,2023-12-31
AGRS,2230,2023-12-29,2023-12-31
AHAP,2238,2023-12-29,2023-12-31
AIMS,2238,2023-12-29,2023-12-31
AISA,2238,2023-12-29,2023-12-31
AKKU,2238,2023-12-29,2023-12-31
AKPI,2238,2023-12-29,2023-12-31
AKRA,2238,2023-12-29,2023-12-31
AKSI,2238,2023-12-29,2023-12-31
ALDO,2238,2023-12-29,2023-12-31
ALKA,2238,2023-12-29,2023-12-31
ALMI,2238,2023-12-29,2023-12-31
ALTO,2237,2023-12-29,2023-12-31
AMAG,2237,2023-12-29,2023-12-31
AMAN,923,2023-12-29,2023-12-31
AMAR,969,2023-12-29,2023-12-31
AMFG,2238,2023-12-29,2023-12-31
AMIN,1997,2023-12-29,2023-12-31
AMMS,345,2023-12-29,2023-12-31
AMOR,742,2023-12-29,2023-12-31
AMRT,2238,2023-12-29,2023-12-31
ANDI,1328,2023-12-29,2023-12-31
ANJT,2229,2023-12-29,2023-12-31
ANTM,2238,2023-12-29,2023-12-31
APEX,2238,2023-12-29,2023-12-31
APIC,2238,2023-12-29,2023-12-31
APII,2231,2023-12-29,2023-12-31
APLI,2238,2023-12-29,2023-12-31
APLN,2238,2023-12-29,2023-12-31
ARCI,615,2023-12-29,2023-12-31
ARGO,2238,2023-12-29,2023-12-31
ARII,2237,2023-12-29,2023-12-31
ARKA,1096,2023-12-29,2023-12-31
ARKO,364,2023-12-29,2023-12-31
ARNA,2237,2023-12-29,2023-12-31
ARTA,2237,2023-12-29,2023-12-31
ARTI,2237,2023-12-29,2023-12-31
ARTO,1979,2023-12-29,2023-12-31
ASBI,2238,2023-12-29,2023-12-31
ASDM,2238,2023-12-29,2023-12-31
ASGR,2237,2023-12-29,2023-12-31
ASHA,393,2023-12-29,2023-12-31
ASII,2237,2023-12-29,2023-12-31
ASJT,2238,2023-12-29,2023-12-31
ASLC,469,2023-12-29,2023-12-31
ASMI,2229,2023-12-29,2023-12-31
ASPI,942,2023-12-29,2023-12-31
ASRI,2238,2023-12-29,2023-12-31
ASRM,2238,2023-12-29,2023-12-31
ASSA,2237,2023-12-29,2023-12-31
ATAP,744,2023-12-29,2023-12-31
ATIC,2102,2023-12-29,2023-12-31
AUTO,2237,2023-12-29,2023-12-31
AVIA,502,2023-12-29,2023-12-31
AXIO,356,2023-12-29,2023-12-31
AYLS,945,2023-12-29,2023-12-31
BABP,2238,2023-12-29,2023-12-31
BACA,2238,2023-12-29,2023-12-31
BAJA,2237,2023-12-29,2023-12-31
BALI,2229,2023-12-29,2023-12-31
BANK,712,2023-12-29,2023-12-31
BAPA,2237,2023-12-29,2023-12-31
BAPI,1048,2023-12-29,2023-12-31
BATA,2238,2023-12-29,2023-12-31
BAUT,466,2023-12-29,2023-12-31
BAYU,2237,2023-12-29,2023-12-31
BBCA,2238,2023-12-29,2023-12-31
BBHI,2081,2023-12-29,2023-12-31
BBKP,2238,2023-12-29,2023-12-31
BBLD,2238,2023-12-29,2023-12-31
BBMD,2230,2023-12-29,2023-12-31
BBNI,2238,2023-12-29,2023-12-31
BBRI,2238,2023-12-29,2023-12-31
BBRM,2237,2023-12-29,2023-12-31
BBSI,809,2023-12-29,2023-12-31
BBSS,902,2023-12-29,2023-12-31
BBTN,2238,2023-12-29,2023-12-31
BBYB,2231,2023-12-29,2023-12-31
BCAP,2238,2023-12-29,2023-12-31
BCIC,2238,2023-12-29,2023-12-31
BCIP,2237,2023-12-29,2023-12-31
BDMN,2238,2023-12-29,2023-12-31
BEBS,686,2023-12-29,2023-12-31
BEEF,1225,2023-12-29,2023-12-31
BEKS,2238,2023-12-29,2023-12-31
BELI,278,2023-12-29,2023-12-31
BELL,1556,2023-12-29,2023-12-31
BESS,927,2023-12-29,2023-12-31
BEST,2229,2023-12-29,2023-12-31
BFIN,2238,2023-12-29,2023-12-31
BGTG,1904,2023-12-29,2023-12-31
BHAT,902,2023-12-29,2023-12-31
BHIT,2238,2023-12-29,2023-12-31
BIKA,2097,2023-12-29,2023-12-31
BIKE,433,2023-12-29,2023-12-31
BIMA,2238,2023-12-29,2023-12-31
BINA,2238,2023-12-29,2023-12-31
BINO,511,2023-12-29,2023-12-31
BIPI,2238,2023-12-29,2023-12-31
BIPP,2237,2023-12-29,2023-12-31
BIRD,2229,2023-12-29,2023-12-31
BISI,2238,2023-12-29,2023-12-31
BJBR,2238,2023-12-29,2023-12-31
BJTM,2237,2023-12-29,2023-12-31
BKDP,2237,2023-12-29,2023-12-31
BKSL,2238,2023-12-29,2023-12-31
BKSW,2238,2023-12-29,2023-12-31
BLTA,2238,2023-12-29,2023-12-31
BLTZ,2230,2023-12-29,2023-12-31
BLUE,1098,2023-12-29,2023-12-31
BMAS,2237,2023-12-29,2023-12-31
BMHS,609,2023-12-29,2023-12-31
BMRI,2238,2023-12-29,2023-12-31
BMSR,2238,2023-12-29,2023-12-31
BMTR,2237,2023-12-29,2023-12-31
BNBA,2238,2023-12-29,2023-12-31
BNBR,2238,2023-12-29,2023-12-31
BNGA,2237,2023-12-29,2023-12-31
BNII,2237,2023-12-29,2023-12-31
BNLI,2238,2023-12-29,2023-12-31
BOBA,529,2023-12-29,2023-12-31
BOGA,1753,2023-12-29,2023-12-31
BOLA,1112,2023-12-29,2023-12-31
BOLT,2102,2023-12-29,2023-12-31
BOSS,1459,2023-12-29,2023-12-31
BPFI,2238,2023-12-29,2023-12-31
BPII,2230,2023-12-29,2023-12-31
BPTR,1358,2023-12-29,2023-12-31
BRAM,2238,2023-12-29,2023-12-31
BRIS,1400,2023-12-29,2023-12-31
BRMS,2238,2023-12-29,2023-12-31
BRNA,2238,2023-12-29,2023-12-31
BRPT,2238,2023-12-29,2023-12-31
BSBK,278,2023-12-29,2023-12-31
BSDE,2237,2023-12-29,2023-12-31
BSIM,2237,2023-12-29,2023-12-31
BSML,496,2023-12-29,2023-12-31
BSSR,2236,2023-12-29,2023-12-31
BSWD,2238,2023-12-29,2023-12-31
BTEK,2237,2023-12-29,2023-12-31
BTON,2237,2023-12-29,2023-12-31
BTPN,2237,2023-12-29,2023-12-31
BTPS,1400,2023-12-29,2023-12-31
BUAH,342,2023-12-29,2023-12-31
BUDI,2237,2023-12-29,2023-12-31
BUKA,587,2023-12-29,2023-12-31
BUKK,2117,2023-12-29,2023-12-31
BULL,2238,2023-12-29,2023-12-31
BUMI,2238,2023-12-29,2023-12-31
BUVA,2237,2023-12-29,2023-12-31
BVIC,2238,2023-12-29,2023-12-31
BWPT,2237,2023-12-29,2023-12-31
BYAN,2238,2023-12-29,2023-12-31
CAKK,1275,2023-12-29,2023-12-31
CAMP,1501,2023-12-29,2023-12-31
CANI,2230,2023-12-29,2023-12-31
CARE,923,2023-12-29,2023-12-31
CARS,1676,2023-12-29,2023-12-31
CASA,1860,2023-12-29,2023-12-31
CASH,890,2023-12-29,2023-12-31
CASS,2238,2023-12-29,2023-12-31
CBUT,278,2023-12-29,2023-12-31
CCSI,1112,2023-12-29,2023-12-31
CEKA,2237,2023-12-29,2023-12-31
CENT,2237,2023-12-29,2023-12-31
CFIN,2237,2023-12-29,2023-12-31
CHEM,364,2023-12-29,2023-12-31
CINT,2236,2023-12-29,2023-12-31
CITA,2238,2023-12-29,2023-12-31
CITY,1297,2023-12-29,2023-12-31
CLAY,1218,2023-12-29,2023-12-31
CLEO,1662,2023-12-29,2023-12-31
CLPI,2237,2023-12-29,2023-12-31
CMNP,2238,2023-12-29,2023-12-31
CMNT,566,2023-12-29,2023-12-31
CMPP,2238,2023-12-29,2023-12-31
CMRY,504,2023-12-29,2023-12-31
CNKO,2237,2023-12-29,2023-12-31
COAL,322,2023-12-29,2023-12-31
COCO,1176,2023-12-29,2023-12-31
CPIN,2237,2023-12-29,2023-12-31
CPRO,2238,2023-12-29,2023-12-31
CRAB,341,2023-12-29,2023-12-31
CSAP,2238,2023-12-29,2023-12-31
CSIS,1658,2023-12-29,2023-12-31
CSMI,905,2023-12-29,2023-12-31
CSRA,969,2023-12-29,2023-12-31
CTBN,2238,2023-12-29,2023-12-31
CTRA,2237,2023-12-29,2023-12-31
CTTH,2237,2023-12-29,2023-12-31
DADA,943,2023-12-29,2023-12-31
DART,2238,2023-12-29,2023-12-31
DAYA,1871,2023-12-29,2023-12-31
DCII,730,2023-12-29,2023-12-31
DEAL,1268,2023-12-29,2023-12-31
DEFI,2238,2023-12-29,2023-12-31
DEPO,511,2023-12-29,2023-12-31
DEWA,2238,2023-12-29,2023-12-31
DEWI,358,2023-12-29,2023-12-31
DFAM,1409,2023-12-29,2023-12-31
DGIK,2237,2023-12-29,2023-12-31
DGNS,723,2023-12-29,2023-12-31
DIGI,1307,2023-12-29,2023-12-31
DILD,2237,2023-12-29,2023-12-31
DIVA,1257,2023-12-29,2023-12-31
DKFT,2238,2023-12-29,2023-12-31
DLTA,2237,2023-12-29,2023-12-31
DMAS,2128,2023-12-29,2023-12-31
DMMX,1023,2023-12-29,2023-12-31
DMND,960,2023-12-29,2023-12-31
DNAR,2237,2023-12-29,2023-12-31
DNET,2238,2023-12-29,2023-12-31
DOID,2237,2023-12-29,2023-12-31
DPNS,2238,2023-12-29,2023-12-31
DPUM,1999,2023-12-29,2023-12-31
DRMA,494,2023-12-29,2023-12-31
DSFI,2237,2023-12-29,2023-12-31
DSNG,2236,2023-12-29,2023-12-31
DSSA,2238,2023-12-29,2023-12-31
DUTI,2238,2023-12-29,2023-12-31
DVLA,2237,2023-12-29,2023-12-31
DWGL,1505,2023-12-29,2023-12-31
DYAN,2236,2023-12-29,2023-12-31
EAST,1097,2023-12-29,2023-12-31
ECII,2229,2023-12-29,2023-12-31
EDGE,707,2023-12-29,2023-12-31
EKAD,2238,2023-12-29,2023-12-31
ELPI,343,2023-12-29,2023-12-31
ELSA,2237,2023-12-29,2023-12-31
ELTY,2237,2023-12-29,2023-12-31
EMDE,2237,2023-12-29,2023-12-31
EMTK,2238,2023-12-29,2023-12-31
ENAK,460,2023-12-29,2023-12-31
ENRG,2238,2023-12-29,2023-12-31
ENZO,804,2023-12-29,2023-12-31
EPAC,853,2023-12-29,2023-12-31
EPMT,2237,2023-12-29,2023-12-31
ERAA,2238,2023-12-29,2023-12-31
ERTX,2238,2023-12-29,2023-12-31
ESIP,1005,2023-12-29,2023-12-31
ESSA,2237,2023-12-29,2023-12-31
ESTA,927,2023-12-29,2023-12-31
ESTI,2238,2023-12-29,2023-12-31
ETWA,2237,2023-12-29,2023-12-31
EURO,343,2023-12-29,2023-12-31
EXCL,2238,2023-12-29,2023-12-31
FAPA,732,2023-12-29,2023-12-31
FAST,2238,2023-12-29,2023-12-31
FASW,2237,2023-12-29,2023-12-31
FILM,1336,2023-12-29,2023-12-31
FIMP,666,2023-12-29,2023-12-31
FIRE,1637,2023-12-29,2023-12-31
FISH,2238,2023-12-29,2023-12-31
FITT,1116,2023-12-29,2023-12-31
FLMC,607,2023-12-29,2023-12-31
FMII,2238,2023-12-29,2023-12-31
FOOD,1226,2023-12-29,2023-12-31
FORU,2237,2023-12-29,2023-12-31
FPNI,2237,2023-12-29,2023-12-31
FUJI,1097,2023-12-29,2023-12-31
GDST,2237,2023-12-29,2023-12-31
GDYR,2237,2023-12-29,2023-12-31
GEMA,2238,2023-12-29,2023-12-31
GEMS,2238,2023-12-29,2023-12-31
GGRM,2237,2023-12-29,2023-12-31
GGRP,1045,2023-12-29,2023-12-31
GHON,1422,2023-12-29,2023-12-31
GIAA,2238,2023-12-29,2023-12-31
GJTL,2237,2023-12-29,2023-12-31
GLOB,2238,2023-12-29,2023-12-31
GLVA,978,2023-12-29,2023-12-31
GMFI,1551,2023-12-29,2023-12-31
GMTD,2238,2023-12-29,2023-12-31
GOLD,2238,2023-12-29,2023-12-31
GOOD,1291,2023-12-29,2023-12-31
GOTO,418,2023-12-29,2023-12-31
GPRA,2237,2023-12-29,2023-12-31
GPSO,568,2023-12-29,2023-12-31
GSMF,2238,2023-12-29,2023-12-31
GTBO,2238,2023-12-29,2023-12-31
GTSI,566,2023-12-29,2023-12-31
GULA,346,2023-12-29,2023-12-31
GWSA,2237,2023-12-29,2023-12-31
GZCO,2237,2023-12-29,2023-12-31
HADE,2238,2023-12-29,2023-12-31
HAIS,571,2023-12-29,2023-12-31
HATM,352,2023-12-29,2023-12-31
HDFA,2238,2023-12-29,2023-12-31
HDIT,1094,2023-12-29,2023-12-31
HEAL,1395,2023-12-29,2023-12-31
HELI,1430,2023-12-29,2023-12-31
HERO,2237,2023-12-29,2023-12-31
HEXA,2237,2023-12-29,2023-12-31
HITS,2238,2023-12-29,2023-12-31
HMSP,2238,2023-12-29,2023-12-31
HOKI,1623,2023-12-29,2023-12-31
HOMI,806,2023-12-29,2023-12-31
HOPE,638,2023-12-29,2023-12-31
HRME,1158,2023-12-29,2023-12-31
HRTA,1629,2023-12-29,2023-12-31
HRUM,2238,2023-12-29,2023-12-31
IATA,2238,2023-12-29,2023-12-31
IBFN,2229,2023-12-29,2023-12-31
IBOS,409,2023-12-29,2023-12-31
IBST,2238,2023-12-29,2023-12-31
ICBP,2237,2023-12-29,2023-12-31
ICON,2237,2023-12-29,2023-12-31
IDEA,565,2023-12-29,2023-12-31
IDPR,1997,2023-12-29,2023-12-31
IFII,987,2023-12-29,2023-12-31
IFSH,990,2023-12-29,2023-12-31
IGAR,2237,2023-12-29,2023-12-31
IKAI,2237,2023-12-29,2023-12-31
IKAN,945,2023-12-29,2023-12-31
IKBI,2238,2023-12-29,2023-12-31
IMAS,2238,2023-12-29,2023-12-31
IMJS,2230,2023-12-29,2023-12-31
IMPC,2230,2023-12-29,2023-12-31
INAF,2237,2023-12-29,2023-12-31
INAI,2237,2023-12-29,2023-12-31
INCF,2238,2023-12-29,2023-12-31
INCI,2238,2023-12-29,2023-12-31
INCO,2237,2023-12-29,2023-12-31
INDF,2238,2023-12-29,2023-12-31
INDO,967,2023-12-29,2023-12-31
INDR,2238,2023-12-29,2023-12-31
INDS,2238,2023-12-29,2023-12-31
INDX,2238,2023-12-29,2023-12-31
INDY,2238,2023-12-29,2023-12-31
INKP,2237,2023-12-29,2023-12-31
INOV,1096,2023-12-29,2023-12-31
INPC,2237,2023-12-29,2023-12-31
INPP,2238,2023-12-29,2023-12-31
INPS,1423,2023-12-29,2023-12-31
INRU,2238,2023-12-29,2023-12-31
INTA,2237,2023-12-29,2023-12-31
INTD,2238,2023-12-29,2023-12-31
INTP,2237,2023-12-29,2023-12-31
IPAC,613,2023-12-29,2023-12-31
IPCC,1357,2023-12-29,2023-12-31
IPCM,1498,2023-12-29,2023-12-31
IPOL,2238,2023-12-29,2023-12-31
IPPE,501,2023-12-29,2023-12-31
IPTV,1098,2023-12-29,2023-12-31
IRRA,1027,2023-12-29,2023-12-31
ISAT,2238,2023-12-29,2023-12-31
ISSP,2236,2023-12-29,2023-12-31
ITIC,1100,2023-12-29,2023-12-31
ITMA,2238,2023-12-29,2023-12-31
ITMG,2238,2023-12-29,2023-12-31
JARR,345,2023-12-29,2023-12-31
JAST,1135,2023-12-29,2023-12-31
JAWA,2237,2023-12-29,2023-12-31
JAYA,1195,2023-12-29,2023-12-31
JECC,2238,2023-12-29,2023-12-31
JGLE,1868,2023-12-29,2023-12-31
JIHD,2238,2023-12-29,2023-12-31
JKON,2238,2023-12-29,2023-12-31
JMAS,1502,2023-12-29,2023-12-31
JPFA,2238,2023-12-29,2023-12-31
JRPT,2238,2023-12-29,2023-12-31
JSMR,2237,2023-12-29,2023-12-31
JSPT,2238,2023-12-29,2023-12-31
JTPE,2238,2023-12-29,2023-12-31
KAEF,2237,2023-12-29,2023-12-31
KARW,2238,2023-12-29,2023-12-31
KAYU,1100,2023-12-29,2023-12-31
KBAG,906,2023-12-29,2023-12-31
KBLI,2238,2023-12-29,2023-12-31
KBLM,2237,2023-12-29,2023-12-31
KBLV,2237,2023-12-29,2023-12-31
KDSI,2238,2023-12-29,2023-12-31
KDTN,277,2023-12-29,2023-12-31
KEEN,1058,2023-12-29,2023-12-31
KEJU,998,2023-12-29,2023-12-31
KIAS,2238,2023-12-29,2023-12-31
KICI,2238,2023-12-29,2023-12-31
KIJA,2238,2023-12-29,2023-12-31
KINO,1996,2023-12-29,2023-12-31
KIOS,1555,2023-12-29,2023-12-31
KJEN,1103,2023-12-29,2023-12-31
KKES,343,2023-12-29,2023-12-31
KKGI,2238,2023-12-29,2023-12-31
KLBF,2238,2023-12-29,2023-12-31
KLIN,342,2023-12-29,2023-12-31
KMDS,809,2023-12-29,2023-12-31
KMTR,1631,2023-12-29,2023-12-31
KOBX,2236,2023-12-29,2023-12-31
KOIN,2237,2023-12-29,2023-12-31
KONI,2238,2023-12-29,2023-12-31
KOPI,2229,2023-12-29,2023-12-31
KOTA,1097,2023-12-29,2023-12-31
KPIG,2237,2023-12-29,2023-12-31
KRAS,2237,2023-12-29,2023-12-31
KREN,2238,2023-12-29,2023-12-31
KRYA,352,2023-12-29,2023-12-31
KUAS,534,2023-12-29,2023-12-31
LABA,627,2023-12-29,2023-12-31
LAND,1324,2023-12-29,2023-12-31
LAPD,2237,2023-12-29,2023-12-31
LCKM,1481,2023-12-29,2023-12-31
LEAD,2229,2023-12-29,2023-12-31
LFLO,668,2023-12-29,2023-12-31
LIFE,1097,2023-12-29,2023-12-31
LINK,2229,2023-12-29,2023-12-31
LION,2238,2023-12-29,2023-12-31
LMPI,2238,2023-12-29,2023-12-31
LMSH,2238,2023-12-29,2023-12-31
LPCK,2238,2023-12-29,2023-12-31
LPGI,2238,2023-12-29,2023-12-31
LPIN,2237,2023-12-29,2023-12-31
LPKR,2238,2023-12-29,2023-12-31
LPLI,2238,2023-12-29,2023-12-31
LPPF,2237,2023-12-29,2023-12-31
LPPS,2238,2023-12-29,2023-12-31
LRNA,2229,2023-12-29,2023-12-31
LSIP,2237,2023-12-29,2023-12-31
LTLS,2238,2023-12-29,2023-12-31
LUCK,1255,2023-12-29,2023-12-31
LUCY,648,2023-12-29,2023-12-31
MAIN,2238,2023-12-29,2023-12-31
MAPA,1360,2023-12-29,2023-12-31
MAPB,1629,2023-12-29,2023-12-31
MAPI,2237,2023-12-29,2023-12-31
MARI,1957,2023-12-29,2023-12-31
MARK,1614,2023-12-29,2023-12-31
MASB,613,2023-12-29,2023-12-31
MAYA,2238,2023-12-29,2023-12-31
MBAP,2229,2023-12-29,2023-12-31
MBSS,2237,2023-12-29,2023-12-31
MBTO,2237,2023-12-29,2023-12-31
MCAS,1535,2023-12-29,2023-12-31
MCOL,567,2023-12-29,2023-12-31
MCOR,2238,2023-12-29,2023-12-31
MDIA,2229,2023-12-29,2023-12-31
MDKA,2115,2023-12-29,2023-12-31
MDKI,1562,2023-12-29,2023-12-31
MDLN,2237,2023-12-29,2023-12-31
MDRN,2238,2023-12-29,2023-12-31
MEDC,2238,2023-12-29,2023-12-31
MEDS,341,2023-12-29,2023-12-31
MEGA,2238,2023-12-29,2023-12-31
MERK,2238,2023-12-29,2023-12-31
META,2237,2023-12-29,2023-12-31
MFMI,2237,2023-12-29,2023-12-31
MGLV,629,2023-12-29,2023-12-31
MGNA,2231,2023-12-29,2023-12-31
MGRO,1354,2023-12-29,2023-12-31
MICE,2237,2023-12-29,2023-12-31
MIDI,2238,2023-12-29,2023-12-31
MIKA,2173,2023-12-29,2023-12-31
MINA,1664,2023-12-29,2023-12-31
MIRA,2237,2023-12-29,2023-12-31
MITI,2238,2023-12-29,2023-12-31
MKNT,2030,2023-12-29,2023-12-31
MKPI,2238,2023-12-29,2023-12-31
MKTR,278,2023-12-29,2023-12-31
MLBI,2238,2023-12-29,2023-12-31
MLIA,2238,2023-12-29,2023-12-31
MLPL,2238,2023-12-29,2023-12-31
MLPT,2230,2023-12-29,2023-12-31
MMLP,2119,2023-12-29,2023-12-31
MNCN,2237,2023-12-29,2023-12-31
MOLI,1319,2023-12-29,2023-12-31
MORA,343,2023-12-29,2023-12-31
MPMX,2236,2023-12-29,2023-12-31
MPOW,1619,2023-12-29,2023-12-31
MPPA,2238,2023-12-29,2023-12-31
MPRO,1290,2023-12-29,2023-12-31
MRAT,2238,2023-12-29,2023-12-31
MREI,2238,2023-12-29,2023-12-31
MSIN,1378,2023-12-29,2023-12-31
MSKY,2237,2023-12-29,2023-12-31
MTDL,2238,2023-12-29,2023-12-31
MTEL,514,2023-12-29,2023-12-31
MTFN,2238,2023-12-29,2023-12-31
MTLA,2237,2023-12-29,2023-12-31
MTMH,412,2023-12-29,2023-12-31
MTPS,1160,2023-12-29,2023-12-31
MTSM,2238,2023-12-29,2023-12-31
MTWI,1551,2023-12-29,2023-12-31
MYOH,2237,2023-12-29,2023-12-31
MYOR,2238,2023-12-29,2023-12-31
MYTX,2238,2023-12-29,2023-12-31
NANO,440,2023-12-29,2023-12-31
NASA,1598,2023-12-29,2023-12-31
NASI,499,2023-12-29,2023-12-31
NATO,1218,2023-12-29,2023-12-31
NELY,2237,2023-12-29,2023-12-31
NETV,468,2023-12-29,2023-12-31
NFCX,1354,2023-12-29,2023-12-31
NICK,1404,2023-12-29,2023-12-31
NICL,606,2023-12-29,2023-12-31
NIKL,2237,2023-12-29,2023-12-31
NIRO,2237,2023-12-29,2023-12-31
NISP,2238,2023-12-29,2023-12-31
NOBU,2237,2023-12-29,2023-12-31
NPGF,663,2023-12-29,2023-12-31
NRCA,2236,2023-12-29,2023-12-31
NTBK,459,2023-12-29,2023-12-31
NZIA,1041,2023-12-29,2023-12-31
OASA,1862,2023-12-29,2023-12-31
OBMD,502,2023-12-29,2023-12-31
OILS,568,2023-12-29,2023-12-31
OKAS,2237,2023-12-29,2023-12-31
OLIV,400,2023-12-29,2023-12-31
OMED,278,2023-12-29,2023-12-31
OMRE,2238,2023-12-29,2023-12-31
OPMS,1043,2023-12-29,2023-12-31
PADI,2237,2023-12-29,2023-12-31
PALM,2238,2023-12-29,2023-12-31
PAMG,1099,2023-12-29,2023-12-31
PANI,1307,2023-12-29,2023-12-31
PANR,2238,2023-12-29,2023-12-31
PANS,2237,2023-12-29,2023-12-31
PBID,1506,2023-12-29,2023-12-31
PBRX,2238,2023-12-29,2023-12-31
PBSA,1812,2023-12-29,2023-12-31
PCAR,1493,2023-12-29,2023-12-31
PDES,2238,2023-12-29,2023-12-31
PDPP,277,2023-12-29,2023-12-31
PEGE,2237,2023-12-29,2023-12-31
PEHA,1235,2023-12-29,2023-12-31
PGAS,2237,2023-12-29,2023-12-31
PGJO,962,2023-12-29,2023-12-31
PGLI,2237,2023-12-29,2023-12-31
PGUN,849,2023-12-29,2023-12-31
PICO,2238,2023-12-29,2023-12-31
PJAA,2238,2023-12-29,2023-12-31
PKPK,2238,2023-12-29,2023-12-31
PLAN,803,2023-12-29,2023-12-31
PLIN,2238,2023-12-29,2023-12-31
PMJS,981,2023-12-29,2023-12-31
PMMP,739,2023-12-29,2023-12-31
PNBN,2238,2023-12-29,2023-12-31
PNBS,2237,2023-12-29,2023-12-31
PNGO,814,2023-12-29,2023-12-31
PNIN,2237,2023-12-29,2023-12-31
PNLF,2238,2023-12-29,2023-12-31
PNSE,2238,2023-12-29,2023-12-31
POLA,1263,2023-12-29,2023-12-31
POLI,1224,2023-12-29,2023-12-31
POLL,1355,2023-12-29,2023-12-31
POLU,1106,2023-12-29,2023-12-31
POLY,2238,2023-12-29,2023-12-31
PORT,1693,2023-12-29,2023-12-31
POWR,1880,2023-12-29,2023-12-31
PPGL,840,2023-12-29,2023-12-31
PPRE,1519,2023-12-29,2023-12-31
PPRO,2143,2023-12-29,2023-12-31
PRAY,278,2023-12-29,2023-12-31
PRDA,1759,2023-12-29,2023-12-31
PRIM,1394,2023-12-29,2023-12-31
PSAB,2237,2023-12-29,2023-12-31
PSDN,2238,2023-12-29,2023-12-31
PSGO,998,2023-12-29,2023-12-31
PSKT,2238,2023-12-29,2023-12-31
PSSI,1511,2023-12-29,2023-12-31
PTBA,2237,2023-12-29,2023-12-31
PTDU,746,2023-12-29,2023-12-31
PTIS,2238,2023-12-29,2023-12-31
PTPP,2237,2023-12-29,2023-12-31
PTPW,948,2023-12-29,2023-12-31
PTRO,2238,2023-12-29,2023-12-31
PTSN,2238,2023-12-29,2023-12-31
PTSP,2238,2023-12-29,2023-12-31
PUDP,2238,2023-12-29,2023-12-31
PURA,955,2023-12-29,2023-12-31
PURI,808,2023-12-29,2023-12-31
PWON,2237,2023-12-29,2023-12-31
PYFA,2237,2023-12-29,2023-12-31
PZZA,1390,2023-12-29,2023-12-31
RAFI,344,2023-12-29,2023-12-31
RAJA,2238,2023-12-29,2023-12-31
RALS,2238,2023-12-29,2023-12-31
RANC,2237,2023-12-29,2023-12-31
RBMS,2237,2023-12-29,2023-12-31
RCCC,347,2023-12-29,2023-12-31
RDTX,2238,2023-12-29,2023-12-31
REAL,989,2023-12-29,2023-12-31
RELI,2238,2023-12-29,2023-12-31
RICY,2237,2023-12-29,2023-12-31
RIGS,2237,2023-12-29,2023-12-31
RISE,1358,2023-12-29,2023-12-31
RMKE,503,2023-12-29,2023-12-31
ROCK,806,2023-12-29,2023-12-31
RODA,2237,2023-12-29,2023-12-31
RONY,905,2023-12-29,2023-12-31
ROTI,2237,2023-12-29,2023-12-31
RSGK,566,2023-12-29,2023-12-31
RUIS,2238,2023-12-29,2023-12-31
RUNS,566,2023-12-29,2023-12-31
SAFE,2238,2023-12-29,2023-12-31
SAME,2238,2023-12-29,2023-12-31
SAMF,912,2023-12-29,2023-12-31
SAPX,1296,2023-12-29,2023-12-31
SATU,1273,2023-12-29,2023-12-31
SBAT,906,2023-12-29,2023-12-31
SBMA,566,2023-12-29,2023-12-31
SCCO,2238,2023-12-29,2023-12-31
SCMA,2238,2023-12-29,2023-12-31
SCNP,809,2023-12-29,2023-12-31
SDMU,2238,2023-12-29,2023-12-31
SDPC,2237,2023-12-29,2023-12-31
SDRA,2238,2023-12-29,2023-12-31
SEMA,480,2023-12-29,2023-12-31
SFAN,1110,2023-12-29,2023-12-31
SGER,826,2023-12-29,2023-12-31
SGRO,2237,2023-12-29,2023-12-31
SHID,2238,2023-12-29,2023-12-31
SHIP,1878,2023-12-29,2023-12-31
SICO,419,2023-12-29,2023-12-31
SIDO,2230,2023-12-29,2023-12-31
SILO,2230,2023-12-29,2023-12-31
SIMP,2237,2023-12-29,2023-12-31
SINI,1009,2023-12-29,2023-12-31
SIPD,2238,2023-12-29,2023-12-31
SKBM,2237,2023-12-29,2023-12-31
SKLT,2238,2023-12-29,2023-12-31
SKRN,1290,2023-12-29,2023-12-31
SLIS,1033,2023-12-29,2023-12-31
SMAR,2238,2023-12-29,2023-12-31
SMBR,2229,2023-12-29,2023-12-31
SMCB,2238,2023-12-29,2023-12-31
SMDM,2238,2023-12-29,2023-12-31
SMDR,2238,2023-12-29,2023-12-31
SMGR,2238,2023-12-29,2023-12-31
SMKL,1095,2023-12-29,2023-12-31
SMKM,441,2023-12-29,2023-12-31
SMMA,2238,2023-12-29,2023-12-31
SMMT,2238,2023-12-29,2023-12-31
SMRA,2238,2023-12-29,2023-12-31
SMSM,2238,2023-12-29,2023-12-31
SNLK,674,2023-12-29,2023-12-31
SOCI,2229,2023-12-29,2023-12-31
SOFA,849,2023-12-29,2023-12-31
SOHO,808,2023-12-29,2023-12-31
SONA,2238,2023-12-29,2023-12-31
SOSS,1271,2023-12-29,2023-12-31
SOTS,1246,2023-12-29,2023-12-31
SPMA,2238,2023-12-29,2023-12-31
SPTO,1397,2023-12-29,2023-12-31
SQMI,2237,2023-12-29,2023-12-31
SRAJ,2238,2023-12-29,2023-12-31
SRSN,2238,2023-12-29,2023-12-31
SRTG,2237,2023-12-29,2023-12-31
SSIA,2237,2023-12-29,2023-12-31
SSMS,2229,2023-12-29,2023-12-31
SSTM,2238,2023-12-29,2023-12-31
STAA,440,2023-12-29,2023-12-31
STAR,2238,2023-12-29,2023-12-31
STTP,2238,2023-12-29,2023-12-31
SULI,2237,2023-12-29,2023-12-31
SUPR,2238,2023-12-29,2023-12-31
SURE,1294,2023-12-29,2023-12-31
SWAT,1370,2023-12-29,2023-12-31
SWID,365,2023-12-29,2023-12-31
TALF,2229,2023-12-29,2023-12-31
TAMA,947,2023-12-29,2023-12-31
TAMU,1659,2023-12-29,2023-12-31
TAPG,665,2023-12-29,2023-12-31
TARA,2238,2023-12-29,2023-12-31
TAXI,2237,2023-12-29,2023-12-31
TAYS,504,2023-12-29,2023-12-31
TBIG,2238,2023-12-29,2023-12-31
TBLA,2238,2023-12-29,2023-12-31
TBMS,2238,2023-12-29,2023-12-31
TCID,2238,2023-12-29,2023-12-31
TCPI,1358,2023-12-29,2023-12-31
TEBE,1003,2023-12-29,2023-12-31
TELE,2237,2023-12-29,2023-12-31
TFAS,1047,2023-12-29,2023-12-31
TFCO,2238,2023-12-29,2023-12-31
TGKA,2238,2023-12-29,2023-12-31
TGRA,1656,2023-12-29,2023-12-31
TIFA,2238,2023-12-29,2023-12-31
TINS,2237,2023-12-29,2023-12-31
TIRA,2238,2023-12-29,2023-12-31
TIRT,2237,2023-12-29,2023-12-31
TKIM,2237,2023-12-29,2023-12-31
TLDN,417,2023-12-29,2023-12-31
TLKM,2237,2023-12-29,2023-12-31
TMAS,2238,2023-12-29,2023-12-31
TMPO,2237,2023-12-29,2023-12-31
TNCA,1365,2023-12-29,2023-12-31
TOBA,2237,2023-12-29,2023-12-31
TOOL,342,2023-12-29,2023-12-31
TOPS,1632,2023-12-29,2023-12-31
TOTL,2237,2023-12-29,2023-12-31
TOTO,2238,2023-12-29,2023-12-31
TOWR,2237,2023-12-29,2023-12-31
TOYS,828,2023-12-29,2023-12-31
TPIA,2238,2023-12-29,2023-12-31
TPMA,2237,2023-12-29,2023-12-31
TRGU,364,2023-12-29,2023-12-31
TRIM,2237,2023-12-29,2023-12-31
TRIN,965,2023-12-29,2023-12-31
TRIS,2238,2023-12-29,2023-12-31
TRJA,816,2023-12-29,2023-12-31
TRST,2238,2023-12-29,2023-12-31
TRUE,627,2023-12-29,2023-12-31
TRUK,1389,2023-12-29,2023-12-31
TRUS,2238,2023-12-29,2023-12-31
TSPC,2238,2023-12-29,2023-12-31
TUGU,1388,2023-12-29,2023-12-31
UANG,850,2023-12-29,2023-12-31
UCID,979,2023-12-29,2023-12-31
UFOE,712,2023-12-29,2023-12-31
ULTJ,2237,2023-12-29,2023-12-31
UNIC,2238,2023-12-29,2023-12-31
UNIQ,688,2023-12-29,2023-12-31
UNSP,2238,2023-12-29,2023-12-31
UNTR,2237,2023-12-29,2023-12-31
UNVR,2238,2023-12-29,2023-12-31
URBN,1247,2023-12-29,2023-12-31
UVCR,595,2023-12-29,2023-12-31
VICI,740,2023-12-29,2023-12-31
VICO,2238,2023-12-29,2023-12-31
VINS,2049,2023-12-29,2023-12-31
VIVA,2237,2023-12-29,2023-12-31
VOKS,2237,2023-12-29,2023-12-31
VRNA,2238,2023-12-29,2023-12-31
WAPO,2238,2023-12-29,2023-12-31
WEGE,1514,2023-12-29,2023-12-31
WEHA,2238,2023-12-29,2023-12-31
WGSH,504,2023-12-29,2023-12-31
WICO,2238,2023-12-29,2023-12-31
WIFI,733,2023-12-29,2023-12-31
WIIM,2237,2023-12-29,2023-12-31
WIKA,2237,2023-12-29,2023-12-31
WINR,409,2023-12-29,2023-12-31
WINS,2238,2023-12-29,2023-12-31
WIRG,423,2023-12-29,2023-12-31
WMPP,504,2023-12-29,2023-12-31
WMUU,711,2023-12-29,2023-12-31
WOMF,2238,2023-12-29,2023-12-31
WOOD,1629,2023-12-29,2023-12-31
WOWS,1009,2023-12-29,2023-12-31
WSBP,1817,2023-12-29,2023-12-31
WTON,2229,2023-12-29,2023-12-31
YELO,1278,2023-12-29,2023-12-31
YPAS,2237,2023-12-29,2023-12-31
YULE,2237,2023-12-29,2023-12-31
ZBRA,2238,2023-12-29,2023-12-31
ZINC,1547,2023-12-29,2023-12-31
ZONE,1244,2023-12-29,2023-12-31
ZYRX,673,2023-12-29,2023-12-31
AALI,2475,2024-12-30,2024-12-31
ABBA,2475,2024-12-30,2024-12-31
ABDA,2475,2024-12-30,2024-12-31
ABMM,2475,2024-12-30,2024-12-31
ACES,2474,2024-12-30,2024-12-31
ACST,2475,2024-12-30,2024-12-31
ADCP,686,2024-12-30,2024-12-31
ADES,2475,2024-12-30,2024-12-31
ADHI,2475,2024-12-30,2024-12-31
ADMF,2475,2024-12-30,2024-12-31
ADMG,2475,2024-12-30,2024-12-31
ADMR,722,2024-12-30,2024-12-31
ADRO,2474,2024-12-30,2024-12-31
AEGS,314,2024-12-30,2024-12-31
AGAR,1230,2024-12-30,2024-12-31
AGII,2048,2024-12-30,2024-12-31
AGRO,2475,2024-12-30,2024-12-31
AGRS,2467,2024-12-30,2024-12-31
AHAP,2475,2024-12-30,2024-12-31
AIMS,2475,2024-12-30,2024-12-31
AISA,2475,2024-12-30,2024-12-31
AKKU,2475,2024-12-30,2024-12-31
AKPI,2475,2024-12-30,2024-12-31
AKRA,2475,2024-12-30,2024-12-31
AKSI,2475,2024-12-30,2024-12-31
ALDO,2475,2024-12-30,2024-12-31
ALKA,2475,2024-12-30,2024-12-31
ALMI,2475,2024-12-30,2024-12-31
ALTO,2474,2024-12-30,2024-12-31
AMAG,2474,2024-12-30,2024-12-31
AMAN,1160,2024-12-30,2024-12-31
AMAR,1206,2024-12-30,2024-12-31
AMFG,2475,2024-12-30,2024-12-31
AMIN,2234,2024-12-30,2024-12-31
AMMN,358,2024-12-30,2024-12-31
AMMS,582,2024-12-30,2024-12-31
AMOR,979,2024-12-30,2024-12-31
AMRT,2475,2024-12-30,2024-12-31
ANDI,1565,2024-12-30,2024-12-31
ANJT,2466,2024-12-30,2024-12-31
ANTM,2475,2024-12-30,2024-12-31
APEX,2475,2024-12-30,2024-12-31
APIC,2475,2024-12-30,2024-12-31
APII,2468,2024-12-30,2024-12-31
APLI,2475,2024-12-30,2024-12-31
APLN,2475,2024-12-30,2024-12-31
ARCI,852,2024-12-30,2024-12-31
ARGO,2475,2024-12-30,2024-12-31
ARII,2474,2024-12-30,2024-12-31
ARKA,1333,2024-12-30,2024-12-31
ARKO,601,2024-12-30,2024-12-31
ARNA,2474,2024-12-30,2024-12-31
ARTA,2474,2024-12-30,2024-12-31
ARTI,2474,2024-12-30,2024-12-31
ARTO,2216,2024-12-30,2024-12-31
ASBI,2475,2024-12-30,2024-12-31
ASDM,2475,2024-12-30,2024-12-31
ASGR,2474,2024-12-30,2024-12-31
ASHA,630,2024-12-30,2024-12-31
ASII,2474,2024-12-30,2024-12-31
ASJT,2475,2024-12-30,2024-12-31
ASLC,706,2024-12-30,2024-12-31
ASMI,2466,2024-12-30,2024-12-31
ASPI,1179,2024-12-30,2024-12-31
ASRI,2475,2024-12-30,2024-12-31
ASRM,2475,2024-12-30,2024-12-31
ASSA,2474,2024-12-30,2024-12-31
ATAP,981,2024-12-30,2024-12-31
ATIC,2339,2024-12-30,2024-12-31
AUTO,2474,2024-12-30,2024-12-31
AVIA,739,2024-12-30,2024-12-31
AWAN,404,2024-12-30,2024-12-31
AXIO,593,2024-12-30,2024-12-31
AYLS,1182,2024-12-30,2024-12-31
BABP,2475,2024-12-30,2024-12-31
BABY,316,2024-12-30,2024-12-31
BACA,2475,2024-12-30,2024-12-31
BAJA,2474,2024-12-30,2024-12-31
BALI,2466,2024-12-30,2024-12-31
BANK,949,2024-12-30,2024-12-31
BAPA,2474,2024-12-30,2024-12-31
BAPI,1285,2024-12-30,2024-12-31
BATA,2475,2024-12-30,2024-12-31
BAUT,703,2024-12-30,2024-12-31
BAYU,2474,2024-12-30,2024-12-31
BBCA,2475,2024-12-30,2024-12-31
BBHI,2318,2024-12-30,2024-12-31
BBKP,2475,2024-12-30,2024-12-31
BBLD,2475,2024-12-30,2024-12-31
BBMD,2467,2024-12-30,2024-12-31
BBNI,2475,2024-12-30,2024-12-31
BBRI,2475,2024-12-30,2024-12-31
BBRM,2474,2024-12-30,2024-12-31
BBSI,1046,2024-12-30,2024-12-31
BBSS,1139,2024-12-30,2024-12-31
BBTN,2475,2024-12-30,2024-12-31
BBYB,2468,2024-12-30,2024-12-31
BCAP,2475,2024-12-30,2024-12-31
BCIC,2475,2024-12-30,2024-12-31
BCIP,2474,2024-12-30,2024-12-31
BDKR,433,2024-12-30,2024-12-31
BDMN,2475,2024-12-30,2024-12-31
BEBS,923,2024-12-30,2024-12-31
BEEF,1462,2024-12-30,2024-12-31
BEER,472,2024-12-30,2024-12-31
BEKS,2475,2024-12-30,2024-12-31
BELI,515,2024-12-30,2024-12-31
BELL,1793,2024-12-30,2024-12-31
BESS,1164,2024-12-30,2024-12-31
BEST,2466,2024-12-30,2024-12-31
BFIN,2475,2024-12-30,2024-12-31
BGTG,2141,2024-12-30,2024-12-31
BHAT,1139,2024-12-30,2024-12-31
BHIT,2475,2024-12-30,2024-12-31
BIKA,2334,2024-12-30,2024-12-31
BIKE,670,2024-12-30,2024-12-31
BIMA,2475,2024-12-30,2024-12-31
BINA,2475,2024-12-30,2024-12-31
BINO,748,2024-12-30,2024-12-31
BIPI,2475,2024-12-30,2024-12-31
BIPP,2474,2024-12-30,2024-12-31
BIRD,2466,2024-12-30,2024-12-31
BISI,2475,2024-12-30,2024-12-31
BJBR,2475,2024-12-30,2024-12-31
BJTM,2474,2024-12-30,2024-12-31
BKDP,2474,2024-12-30,2024-12-31
BKSL,2475,2024-12-30,2024-12-31
BKSW,2475,2024-12-30,2024-12-31
BLTA,2475,2024-12-30,2024-12-31
BLTZ,2467,2024-12-30,2024-12-31
BLUE,1335,2024-12-30,2024-12-31
BMAS,2474,2024-12-30,2024-12-31
BMBL,469,2024-12-30,2024-12-31
BMHS,846,2024-12-30,2024-12-31
BMRI,2475,2024-12-30,2024-12-31
BMSR,2475,2024-12-30,2024-12-31
BMTR,2474,2024-12-30,2024-12-31
BNBA,2475,2024-12-30,2024-12-31
BNBR,2475,2024-12-30,2024-12-31
BNGA,2474,2024-12-30,2024-12-31
BNII,2474,2024-12-30,2024-12-31
BNLI,2475,2024-12-30,2024-12-31
BOBA,766,2024-12-30,2024-12-31
BOGA,1990,2024-12-30,2024-12-31
BOLA,1349,2024-12-30,2024-12-31
BOLT,2339,2024-12-30,2024-12-31
BOSS,1696,2024-12-30,2024-12-31
BPFI,2475,2024-12-30,2024-12-31
BPII,2467,2024-12-30,2024-12-31
BPTR,1595,2024-12-30,2024-12-31
BRAM,2475,2024-12-30,2024-12-31
BREN,295,2024-12-30,2024-12-31
BRIS,1637,2024-12-30,2024-12-31
BRMS,2475,2024-12-30,2024-12-31
BRNA,2475,2024-12-30,2024-12-31
BRPT,2475,2024-12-30,2024-12-31
BSBK,515,2024-12-30,2024-12-31
BSDE,2474,2024-12-30,2024-12-31
BSIM,2474,2024-12-30,2024-12-31
BSML,733,2024-12-30,2024-12-31
BSSR,2473,2024-12-30,2024-12-31
BSWD,2475,2024-12-30,2024-12-31
BTEK,2474,2024-12-30,2024-12-31
BTON,2474,2024-12-30,2024-12-31
BTPN,2474,2024-12-30,2024-12-31
BTPS,1637,2024-12-30,2024-12-31
BUAH,579,2024-12-30,2024-12-31
BUDI,2474,2024-12-30,2024-12-31
BUKA,824,2024-12-30,2024-12-31
BUKK,2354,2024-12-30,2024-12-31
BULL,2475,2024-12-30,2024-12-31
BUMI,2475,2024-12-30,2024-12-31
BUVA,2474,2024-12-30,2024-12-31
BVIC,2475,2024-12-30,2024-12-31
BWPT,2474,2024-12-30,2024-12-31
BYAN,2475,2024-12-30,2024-12-31
CAKK,1512,2024-12-30,2024-12-31
CAMP,1738,2024-12-30,2024-12-31
CANI,2467,2024-12-30,2024-12-31
CARE,1160,2024-12-30,2024-12-31
CARS,1913,2024-12-30,2024-12-31
CASA,2097,2024-12-30,2024-12-31
CASH,1127,2024-12-30,2024-12-31
CASS,2475,2024-12-30,2024-12-31
CBPE,472,2024-12-30,2024-12-31
CBRE,471,2024-12-30,2024-12-31
CBUT,515,2024-12-30,2024-12-31
CCSI,1349,2024-12-30,2024-12-31
CEKA,2474,2024-12-30,2024-12-31
CENT,2474,2024-12-30,2024-12-31
CFIN,2474,2024-12-30,2024-12-31
CHEM,601,2024-12-30,2024-12-31
CHIP,450,2024-12-30,2024-12-31
CINT,2473,2024-12-30,2024-12-31
CITA,2475,2024-12-30,2024-12-31
CITY,1534,2024-12-30,2024-12-31
CLAY,1455,2024-12-30,2024-12-31
CLEO,1899,2024-12-30,2024-12-31
CLPI,2474,2024-12-30,2024-12-31
CMNP,2475,2024-12-30,2024-12-31
CMNT,803,2024-12-30,2024-12-31
CMPP,2475,2024-12-30,2024-12-31
CMRY,741,2024-12-30,2024-12-31
CNKO,2474,2024-12-30,2024-12-31
CNMA,341,2024-12-30,2024-12-31
COAL,559,2024-12-30,2024-12-31
COCO,1413,2024-12-30,2024-12-31
CPIN,2474,2024-12-30,2024-12-31
CPRO,2475,2024-12-30,2024-12-31
CRAB,578,2024-12-30,2024-12-31
CRSN,357,2024-12-30,2024-12-31
CSAP,2475,2024-12-30,2024-12-31
CSIS,1895,2024-12-30,2024-12-31
CSMI,1142,2024-12-30,2024-12-31
CSRA,1206,2024-12-30,2024-12-31
CTBN,2475,2024-12-30,2024-12-31
CTRA,2474,2024-12-30,2024-12-31
CTTH,2474,2024-12-30,2024-12-31
CUAN,430,2024-12-30,2024-12-31
CYBR,337,2024-12-30,2024-12-31
DADA,1180,2024-12-30,2024-12-31
DART,2475,2024-12-30,2024-12-31
DAYA,2108,2024-12-30,2024-12-31
DCII,967,2024-12-30,2024-12-31
DEAL,1505,2024-12-30,2024-12-31
DEFI,2475,2024-12-30,2024-12-31
DEPO,748,2024-12-30,2024-12-31
DEWA,2475,2024-12-30,2024-12-31
DEWI,595,2024-12-30,2024-12-31
DFAM,1646,2024-12-30,2024-12-31
DGIK,2474,2024-12-30,2024-12-31
DGNS,960,2024-12-30,2024-12-31
DIGI,1544,2024-12-30,2024-12-31
DILD,2474,2024-12-30,2024-12-31
DIVA,1494,2024-12-30,2024-12-31
DKFT,2475,2024-12-30,2024-12-31
DLTA,2474,2024-12-30,2024-12-31
DMAS,2365,2024-12-30,2024-12-31
DMMX,1260,2024-12-30,2024-12-31
DMND,1197,2024-12-30,2024-12-31
DNAR,2474,2024-12-30,2024-12-31
DNET,2475,2024-12-30,2024-12-31
DOID,2474,2024-12-30,2024-12-31
DOOH,396,2024-12-30,2024-12-31
DPNS,2475,2024-12-30,2024-12-31
DPUM,2236,2024-12-30,2024-12-31
DRMA,731,2024-12-30,2024-12-31
DSFI,2474,2024-12-30,2024-12-31
DSNG,2473,2024-12-30,2024-12-31
DSSA,2475,2024-12-30,2024-12-31
DUTI,2475,2024-12-30,2024-12-31
DVLA,2474,2024-12-30,2024-12-31
DWGL,1742,2024-12-30,2024-12-31
DYAN,2473,2024-12-30,2024-12-31
EAST,1334,2024-12-30,2024-12-31
ECII,2466,2024-12-30,2024-12-31
EDGE,944,2024-12-30,2024-12-31
EKAD,2475,2024-12-30,2024-12-31
ELIT,472,2024-12-30,2024-12-31
ELPI,580,2024-12-30,2024-12-31
ELSA,2474,2024-12-30,2024-12-31
ELTY,2474,2024-12-30,2024-12-31
EMDE,2474,2024-12-30,2024-12-31
EMTK,2475,2024-12-30,2024-12-31
ENAK,697,2024-12-30,2024-12-31
ENRG,2475,2024-12-30,2024-12-31
ENZO,1041,2024-12-30,2024-12-31
EPAC,1090,2024-12-30,2024-12-31
EPMT,2474,2024-12-30,2024-12-31
ERAA,2475,2024-12-30,2024-12-31
ERAL,337,2024-12-30,2024-12-31
ERTX,2475,2024-12-30,2024-12-31
ESIP,1242,2024-12-30,2024-12-31
ESSA,2474,2024-12-30,2024-12-31
ESTA,1164,2024-12-30,2024-12-31
ESTI,2475,2024-12-30,2024-12-31
ETWA,2474,2024-12-30,2024-12-31
EURO,580,2024-12-30,2024-12-31
EXCL,2475,2024-12-30,2024-12-31
FAPA,969,2024-12-30,2024-12-31
FAST,2475,2024-12-30,2024-12-31
FASW,2474,2024-12-30,2024-12-31
FILM,1573,2024-12-30,2024-12-31
FIMP,903,2024-12-30,2024-12-31
FIRE,1874,2024-12-30,2024-12-31
FISH,2475,2024-12-30,2024-12-31
FITT,1353,2024-12-30,2024-12-31
FLMC,844,2024-12-30,2024-12-31
FMII,2475,2024-12-30,2024-12-31
FOLK,338,2024-12-30,2024-12-31
FOOD,1463,2024-12-30,2024-12-31
FORU,2474,2024-12-30,2024-12-31
FPNI,2474,2024-12-30,2024-12-31
FUJI,1334,2024-12-30,2024-12-31
FUTR,437,2024-12-30,2024-12-31
FWCT,455,2024-12-30,2024-12-31
GDST,2474,2024-12-30,2024-12-31
GDYR,2474,2024-12-30,2024-12-31
GEMA,2475,2024-12-30,2024-12-31
GEMS,2475,2024-12-30,2024-12-31
GGRM,2474,2024-12-30,2024-12-31
GGRP,1282,2024-12-30,2024-12-31
GHON,1659,2024-12-30,2024-12-31
GIAA,2475,2024-12-30,2024-12-31
GJTL,2474,2024-12-30,2024-12-31
GLOB,2475,2024-12-30,2024-12-31
GLVA,1215,2024-12-30,2024-12-31
GMFI,1788,2024-12-30,2024-12-31
GMTD,2475,2024-12-30,2024-12-31
GOLD,2475,2024-12-30,2024-12-31
GOOD,1528,2024-12-30,2024-12-31
GOTO,655,2024-12-30,2024-12-31
GPRA,2474,2024-12-30,2024-12-31
GPSO,805,2024-12-30,2024-12-31
GRIA,337,2024-12-30,2024-12-31
GRPM,357,2024-12-30,2024-12-31
GSMF,2475,2024-12-30,2024-12-31
GTBO,2475,2024-12-30,2024-12-31
GTRA,416,2024-12-30,2024-12-31
GTSI,803,2024-12-30,2024-12-31
GULA,583,2024-12-30,2024-12-31
GWSA,2474,2024-12-30,2024-12-31
GZCO,2474,2024-12-30,2024-12-31
HADE,2475,2024-12-30,2024-12-31
HAIS,808,2024-12-30,2024-12-31
HAJJ,412,2024-12-30,2024-12-31
HALO,450,2024-12-30,2024-12-31
HATM,589,2024-12-30,2024-12-31
HBAT,338,2024-12-30,2024-12-31
HDFA,2475,2024-12-30,2024-12-31
HDIT,1331,2024-12-30,2024-12-31
HEAL,1632,2024-12-30,2024-12-31
HELI,1667,2024-12-30,2024-12-31
HERO,2474,2024-12-30,2024-12-31
HEXA,2474,2024-12-30,2024-12-31
HILL,435,2024-12-30,2024-12-31
HITS,2475,2024-12-30,2024-12-31
HMSP,2475,2024-12-30,2024-12-31
HOKI,1860,2024-12-30,2024-12-31
HOMI,1043,2024-12-30,2024-12-31
HOPE,875,2024-12-30,2024-12-31
HRME,1395,2024-12-30,2024-12-31
HRTA,1866,2024-12-30,2024-12-31
HRUM,2475,2024-12-30,2024-12-31
HUMI,336,2024-12-30,2024-12-31
IATA,2475,2024-12-30,2024-12-31
IBFN,2466,2024-12-30,2024-12-31
IBOS,646,2024-12-30,2024-12-31
IBST,2475,2024-12-30,2024-12-31
ICBP,2474,2024-12-30,2024-12-31
ICON,2474,2024-12-30,2024-12-31
IDEA,802,2024-12-30,2024-12-31
IDPR,2234,2024-12-30,2024-12-31
IFII,1224,2024-12-30,2024-12-31
IFSH,1227,2024-12-30,2024-12-31
IGAR,2474,2024-12-30,2024-12-31
IKAI,2474,2024-12-30,2024-12-31
IKAN,1182,2024-12-30,2024-12-31
IKBI,2475,2024-12-30,2024-12-31
IMAS,2475,2024-12-30,2024-12-31
IMJS,2467,2024-12-30,2024-12-31
IMPC,2467,2024-12-30,2024-12-31
INAF,2474,2024-12-30,2024-12-31
INAI,2474,2024-12-30,2024-12-31
INCF,2475,2024-12-30,2024-12-31
INCI,2475,2024-12-30,2024-12-31
INCO,2474,2024-12-30,2024-12-31
INDF,2475,2024-12-30,2024-12-31
INDO,1204,2024-12-30,2024-12-31
INDR,2475,2024-12-30,2024-12-31
INDS,2475,2024-12-30,2024-12-31
INDX,2475,2024-12-30,2024-12-31
INDY,2475,2024-12-30,2024-12-31
INET,348,2024-12-30,2024-12-31
INKP,2474,2024-12-30,2024-12-31
INOV,1333,2024-12-30,2024-12-31
INPC,2474,2024-12-30,2024-12-31
INPP,2475,2024-12-30,2024-12-31
INPS,1660,2024-12-30,2024-12-31
INRU,2475,2024-12-30,2024-12-31
INTA,2474,2024-12-30,2024-12-31
INTD,2475,2024-12-30,2024-12-31
INTP,2474,2024-12-30,2024-12-31
IOTF,296,2024-12-30,2024-12-31
IPAC,850,2024-12-30,2024-12-31
IPCC,1594,2024-12-30,2024-12-31
IPCM,1735,2024-12-30,2024-12-31
IPOL,2475,2024-12-30,2024-12-31
IPPE,738,2024-12-30,2024-12-31
IPTV,1335,2024-12-30,2024-12-31
IRRA,1264,2024-12-30,2024-12-31
IRSX,451,2024-12-30,2024-12-31
ISAP,492,2024-12-30,2024-12-31
ISAT,2475,2024-12-30,2024-12-31
ISSP,2473,2024-12-30,2024-12-31
ITIC,1337,2024-12-30,2024-12-31
ITMA,2475,2024-12-30,2024-12-31
ITMG,2475,2024-12-30,2024-12-31
JARR,582,2024-12-30,2024-12-31
JAST,1372,2024-12-30,2024-12-31
JATI,396,2024-12-30,2024-12-31
JAWA,2474,2024-12-30,2024-12-31
JAYA,1432,2024-12-30,2024-12-31
JECC,2475,2024-12-30,2024-12-31
JGLE,2105,2024-12-30,2024-12-31
JIHD,2475,2024-12-30,2024-12-31
JKON,2475,2024-12-30,2024-12-31
JMAS,1739,2024-12-30,2024-12-31
JPFA,2475,2024-12-30,2024-12-31
JRPT,2475,2024-12-30,2024-12-31
JSMR,2474,2024-12-30,2024-12-31
JSPT,2475,2024-12-30,2024-12-31
JTPE,2475,2024-12-30,2024-12-31
KAEF,2474,2024-12-30,2024-12-31
KARW,2475,2024-12-30,2024-12-31
KAYU,1337,2024-12-30,2024-12-31
KBAG,1143,2024-12-30,2024-12-31
KBLI,2475,2024-12-30,2024-12-31
KBLM,2474,2024-12-30,2024-12-31
KBLV,2474,2024-12-30,2024-12-31
KDSI,2475,2024-12-30,2024-12-31
KDTN,514,2024-12-30,2024-12-31
KEEN,1295,2024-12-30,2024-12-31
KEJU,1235,2024-12-30,2024-12-31
KETR,513,2024-12-30,2024-12-31
KIAS,2475,2024-12-30,2024-12-31
KICI,2475,2024-12-30,2024-12-31
KIJA,2475,2024-12-30,2024-12-31
KING,444,2024-12-30,2024-12-31
KINO,2233,2024-12-30,2024-12-31
KIOS,1792,2024-12-30,2024-12-31
KJEN,1340,2024-12-30,2024-12-31
KKES,580,2024-12-30,2024-12-31
KKGI,2475,2024-12-30,2024-12-31
KLAS,374,2024-12-30,2024-12-31
KLBF,2475,2024-12-30,2024-12-31
KLIN,579,2024-12-30,2024-12-31
KMDS,1046,2024-12-30,2024-12-31
KMTR,1868,2024-12-30,2024-12-31
KOBX,2473,2024-12-30,2024-12-31
KOCI,296,2024-12-30,2024-12-31
KOIN,2474,2024-12-30,2024-12-31
KOKA,293,2024-12-30,2024-12-31
KONI,2475,2024-12-30,2024-12-31
KOPI,2466,2024-12-30,2024-12-31
KOTA,1334,2024-12-30,2024-12-31
KPIG,2474,2024-12-30,2024-12-31
KRAS,2474,2024-12-30,2024-12-31
KREN,2475,2024-12-30,2024-12-31
KRYA,589,2024-12-30,2024-12-31
KUAS,771,2024-12-30,2024-12-31
LABA,864,2024-12-30,2024-12-31
LAJU,458,2024-12-30,2024-12-31
LAND,1561,2024-12-30,2024-12-31
LAPD,2474,2024-12-30,2024-12-31
LCKM,1718,2024-12-30,2024-12-31
LEAD,2466,2024-12-30,2024-12-31
LFLO,905,2024-12-30,2024-12-31
LIFE,1334,2024-12-30,2024-12-31
LINK,2466,2024-12-30,2024-12-31
LION,2475,2024-12-30,2024-12-31
LMAX,336,2024-12-30,2024-12-31
LMPI,2475,2024-12-30,2024-12-31
LMSH,2475,2024-12-30,2024-12-31
LOPI,293,2024-12-30,2024-12-31
LPCK,2475,2024-12-30,2024-12-31
LPGI,2475,2024-12-30,2024-12-31
LPIN,2474,2024-12-30,2024-12-31
LPKR,2475,2024-12-30,2024-12-31
LPLI,2475,2024-12-30,2024-12-31
LPPF,2474,2024-12-30,2024-12-31
LPPS,2475,2024-12-30,2024-12-31
LRNA,2466,2024-12-30,2024-12-31
LSIP,2474,2024-12-30,2024-12-31
LTLS,2475,2024-12-30,2024-12-31
LUCK,1492,2024-12-30,2024-12-31
LUCY,885,2024-12-30,2024-12-31
MAHA,347,2024-12-30,2024-12-31
MAIN,2475,2024-12-30,2024-12-31
MAPA,1597,2024-12-30,2024-12-31
MAPB,1866,2024-12-30,2024-12-31
MAPI,2474,2024-12-30,2024-12-31
MARI,2194,2024-12-30,2024-12-31
MARK,1851,2024-12-30,2024-12-31
MASB,850,2024-12-30,2024-12-31
MAXI,374,2024-12-30,2024-12-31
MAYA,2475,2024-12-30,2024-12-31
MBAP,2466,2024-12-30,2024-12-31
MBMA,404,2024-12-30,2024-12-31
MBSS,2474,2024-12-30,2024-12-31
MBTO,2474,2024-12-30,2024-12-31
MCAS,1772,2024-12-30,2024-12-31
MCOL,804,2024-12-30,2024-12-31
MCOR,2475,2024-12-30,2024-12-31
MDIA,2466,2024-12-30,2024-12-31
MDKA,2352,2024-12-30,2024-12-31
MDKI,1799,2024-12-30,2024-12-31
MDLN,2474,2024-12-30,2024-12-31
MDRN,2475,2024-12-30,2024-12-31
MEDC,2475,2024-12-30,2024-12-31
MEDS,578,2024-12-30,2024-12-31
MEGA,2475,2024-12-30,2024-12-31
MENN,404,2024-12-30,2024-12-31
MERK,2475,2024-12-30,2024-12-31
META,2474,2024-12-30,2024-12-31
MFMI,2474,2024-12-30,2024-12-31
MGLV,866,2024-12-30,2024-12-31
MGNA,2468,2024-12-30,2024-12-31
MGRO,1591,2024-12-30,2024-12-31
MICE,2474,2024-12-30,2024-12-31
MIDI,2475,2024-12-30,2024-12-31
MIKA,2410,2024-12-30,2024-12-31
MINA,1901,2024-12-30,2024-12-31
MIRA,2474,2024-12-30,2024-12-31
MITI,2475,2024-12-30,2024-12-31
MKNT,2267,2024-12-30,2024-12-31
MKPI,2475,2024-12-30,2024-12-31
MKTR,515,2024-12-30,2024-12-31
MLBI,2475,2024-12-30,2024-12-31
MLIA,2475,2024-12-30,2024-12-31
MLPL,2475,2024-12-30,2024-12-31
MLPT,2467,2024-12-30,2024-12-31
MMIX,495,2024-12-30,2024-12-31
MMLP,2356,2024-12-30,2024-12-31
MNCN,2474,2024-12-30,2024-12-31
MOLI,1556,2024-12-30,2024-12-31
MORA,580,2024-12-30,2024-12-31
MPMX,2473,2024-12-30,2024-12-31
MPOW,1856,2024-12-30,2024-12-31
MPPA,2475,2024-12-30,2024-12-31
MPRO,1527,2024-12-30,2024-12-31
MPXL,395,2024-12-30,2024-12-31
MRAT,2475,2024-12-30,2024-12-31
MREI,2475,2024-12-30,2024-12-31
MSIE,335,2024-12-30,2024-12-31
MSIN,1615,2024-12-30,2024-12-31
MSKY,2474,2024-12-30,2024-12-31
MTDL,2475,2024-12-30,2024-12-31
MTEL,751,2024-12-30,2024-12-31
MTFN,2475,2024-12-30,2024-12-31
MTLA,2474,2024-12-30,2024-12-31
MTMH,649,2024-12-30,2024-12-31
MTPS,1397,2024-12-30,2024-12-31
MTSM,2475,2024-12-30,2024-12-31
MTWI,1788,2024-12-30,2024-12-31
MUTU,336,2024-12-30,2024-12-31
MYOH,2474,2024-12-30,2024-12-31
MYOR,2475,2024-12-30,2024-12-31
MYTX,2475,2024-12-30,2024-12-31
NANO,677,2024-12-30,2024-12-31
NASA,1835,2024-12-30,2024-12-31
NASI,736,2024-12-30,2024-12-31
NATO,1455,2024-12-30,2024-12-31
NAYZ,452,2024-12-30,2024-12-31
NCKL,408,2024-12-30,2024-12-31
NELY,2474,2024-12-30,2024-12-31
NETV,705,2024-12-30,2024-12-31
NFCX,1591,2024-12-30,2024-12-31
NICK,1641,2024-12-30,2024-12-31
NICL,843,2024-12-30,2024-12-31
NIKL,2474,2024-12-30,2024-12-31
NINE,496,2024-12-30,2024-12-31
NIRO,2474,2024-12-30,2024-12-31
NISP,2475,2024-12-30,2024-12-31
NOBU,2474,2024-12-30,2024-12-31
NPGF,900,2024-12-30,2024-12-31
NRCA,2473,2024-12-30,2024-12-31
NSSS,428,2024-12-30,2024-12-31
NTBK,696,2024-12-30,2024-12-31
NZIA,1278,2024-12-30,2024-12-31
OASA,2099,2024-12-30,2024-12-31
OBMD,739,2024-12-30,2024-12-31
OILS,805,2024-12-30,2024-12-31
OKAS,2474,2024-12-30,2024-12-31
OLIV,637,2024-12-30,2024-12-31
OMED,515,2024-12-30,2024-12-31
OMRE,2475,2024-12-30,2024-12-31
OPMS,1280,2024-12-30,2024-12-31
PACK,450,2024-12-30,2024-12-31
PADA,493,2024-12-30,2024-12-31
PADI,2474,2024-12-30,2024-12-31
PALM,2475,2024-12-30,2024-12-31
PAMG,1336,2024-12-30,2024-12-31
PANI,1544,2024-12-30,2024-12-31
PANR,2475,2024-12-30,2024-12-31
PANS,2474,2024-12-30,2024-12-31
PBID,1743,2024-12-30,2024-12-31
PBRX,2475,2024-12-30,2024-12-31
PBSA,2049,2024-12-30,2024-12-31
PCAR,1730,2024-12-30,2024-12-31
PDES,2475,2024-12-30,2024-12-31
PDPP,514,2024-12-30,2024-12-31
PEGE,2474,2024-12-30,2024-12-31
PEHA,1472,2024-12-30,2024-12-31
PEVE,461,2024-12-30,2024-12-31
PGAS,2474,2024-12-30,2024-12-31
PGEO,438,2024-12-30,2024-12-31
PGJO,1199,2024-12-30,2024-12-31
PGLI,2474,2024-12-30,2024-12-31
PGUN,1086,2024-12-30,2024-12-31
PICO,2475,2024-12-30,2024-12-31
PIPA,410,2024-12-30,2024-12-31
PJAA,2475,2024-12-30,2024-12-31
PKPK,2475,2024-12-30,2024-12-31
PLAN,1040,2024-12-30,2024-12-31
PLIN,2475,2024-12-30,2024-12-31
PMJS,1218,2024-12-30,2024-12-31
PMMP,976,2024-12-30,2024-12-31
PNBN,2475,2024-12-30,2024-12-31
PNBS,2474,2024-12-30,2024-12-31
PNGO,1051,2024-12-30,2024-12-31
PNIN,2474,2024-12-30,2024-12-31
PNLF,2475,2024-12-30,2024-12-31
PNSE,2475,2024-12-30,2024-12-31
POLA,1500,2024-12-30,2024-12-31
POLI,1461,2024-12-30,2024-12-31
POLL,1592,2024-12-30,2024-12-31
POLU,1343,2024-12-30,2024-12-31
POLY,2475,2024-12-30,2024-12-31
PORT,1930,2024-12-30,2024-12-31
POWR,2117,2024-12-30,2024-12-31
PPGL,1077,2024-12-30,2024-12-31
PPRE,1756,2024-12-30,2024-12-31
PPRI,337,2024-12-30,2024-12-31
PPRO,2380,2024-12-30,2024-12-31
PRAY,515,2024-12-30,2024-12-31
PRDA,1996,2024-12-30,2024-12-31
PRIM,1631,2024-12-30,2024-12-31
PSAB,2474,2024-12-30,2024-12-31
PSDN,2475,2024-12-30,2024-12-31
PSGO,1235,2024-12-30,2024-12-31
PSKT,2475,2024-12-30,2024-12-31
PSSI,1748,2024-12-30,2024-12-31
PTBA,2474,2024-12-30,2024-12-31
PTDU,983,2024-12-30,2024-12-31
PTIS,2475,2024-12-30,2024-12-31
PTMP,432,2024-12-30,2024-12-31
PTPP,2474,2024-12-30,2024-12-31
PTPS,295,2024-12-30,2024-12-31
PTPW,1185,2024-12-30,2024-12-31
PTRO,2475,2024-12-30,2024-12-31
PTSN,2475,2024-12-30,2024-12-31
PTSP,2475,2024-12-30,2024-12-31
PUDP,2475,2024-12-30,2024-12-31
PURA,1192,2024-12-30,2024-12-31
PURI,1045,2024-12-30,2024-12-31
PWON,2474,2024-12-30,2024-12-31
PYFA,2474,2024-12-30,2024-12-31
PZZA,1627,2024-12-30,2024-12-31
RAAM,396,2024-12-30,2024-12-31
RAFI,581,2024-12-30,2024-12-31
RAJA,2475,2024-12-30,2024-12-31
RALS,2475,2024-12-30,2024-12-31
RANC,2474,2024-12-30,2024-12-31
RBMS,2474,2024-12-30,2024-12-31
RCCC,584,2024-12-30,2024-12-31
RDTX,2475,2024-12-30,2024-12-31
REAL,1226,2024-12-30,2024-12-31
RELF,366,2024-12-30,2024-12-31
RELI,2475,2024-12-30,2024-12-31
RICY,2474,2024-12-30,2024-12-31
RIGS,2474,2024-12-30,2024-12-31
RISE,1595,2024-12-30,2024-12-31
RMKE,740,2024-12-30,2024-12-31
RMKO,343,2024-12-30,2024-12-31
ROCK,1043,2024-12-30,2024-12-31
RODA,2474,2024-12-30,2024-12-31
RONY,1142,2024-12-30,2024-12-31
ROTI,2474,2024-12-30,2024-12-31
RSCH,324,2024-12-30,2024-12-31
RSGK,803,2024-12-30,2024-12-31
RUIS,2475,2024-12-30,2024-12-31
RUNS,803,2024-12-30,2024-12-31
SAFE,2475,2024-12-30,2024-12-31
SAGE,430,2024-12-30,2024-12-31
SAME,2475,2024-12-30,2024-12-31
SAMF,1149,2024-12-30,2024-12-31
SAPX,1533,2024-12-30,2024-12-31
SATU,1510,2024-12-30,2024-12-31
SBAT,1143,2024-12-30,2024-12-31
SBMA,803,2024-12-30,2024-12-31
SCCO,2475,2024-12-30,2024-12-31
SCMA,2475,2024-12-30,2024-12-31
SCNP,1046,2024-12-30,2024-12-31
SDMU,2475,2024-12-30,2024-12-31
SDPC,2474,2024-12-30,2024-12-31
SDRA,2475,2024-12-30,2024-12-31
SEMA,717,2024-12-30,2024-12-31
SFAN,1347,2024-12-30,2024-12-31
SGER,1063,2024-12-30,2024-12-31
SGRO,2474,2024-12-30,2024-12-31
SHID,2475,2024-12-30,2024-12-31
SHIP,2115,2024-12-30,2024-12-31
SICO,656,2024-12-30,2024-12-31
SIDO,2467,2024-12-30,2024-12-31
SILO,2467,2024-12-30,2024-12-31
SIMP,2474,2024-12-30,2024-12-31
SINI,1246,2024-12-30,2024-12-31
SIPD,2475,2024-12-30,2024-12-31
SKBM,2474,2024-12-30,2024-12-31
SKLT,2475,2024-12-30,2024-12-31
SKRN,1527,2024-12-30,2024-12-31
SLIS,1270,2024-12-30,2024-12-31
SMAR,2475,2024-12-30,2024-12-31
SMBR,2466,2024-12-30,2024-12-31
SMCB,2475,2024-12-30,2024-12-31
SMDM,2475,2024-12-30,2024-12-31
SMDR,2475,2024-12-30,2024-12-31
SMGR,2475,2024-12-30,2024-12-31
SMIL,392,2024-12-30,2024-12-31
SMKL,1332,2024-12-30,2024-12-31
SMKM,678,2024-12-30,2024-12-31
SMMA,2475,2024-12-30,2024-12-31
SMMT,2475,2024-12-30,2024-12-31
SMRA,2475,2024-12-30,2024-12-31
SMSM,2475,2024-12-30,2024-12-31
SNLK,911,2024-12-30,2024-12-31
SOCI,2466,2024-12-30,2024-12-31
SOFA,1086,2024-12-30,2024-12-31
SOHO,1045,2024-12-30,2024-12-31
SONA,2475,2024-12-30,2024-12-31
SOSS,1508,2024-12-30,2024-12-31
SOTS,1483,2024-12-30,2024-12-31
SOUL,472,2024-12-30,2024-12-31
SPMA,2475,2024-12-30,2024-12-31
SPTO,1634,2024-12-30,2024-12-31
SQMI,2474,2024-12-30,2024-12-31
SRAJ,2475,2024-12-30,2024-12-31
SRSN,2475,2024-12-30,2024-12-31
SRTG,2474,2024-12-30,2024-12-31
SSIA,2474,2024-12-30,2024-12-31
SSMS,2466,2024-12-30,2024-12-31
SSTM,2475,2024-12-30,2024-12-31
STAA,677,2024-12-30,2024-12-31
STAR,2475,2024-12-30,2024-12-31
STRK,294,2024-12-30,2024-12-31
STTP,2475,2024-12-30,2024-12-31
SULI,2474,2024-12-30,2024-12-31
SUNI,471,2024-12-30,2024-12-31
SUPR,2475,2024-12-30,2024-12-31
SURE,1531,2024-12-30,2024-12-31
SWAT,1607,2024-12-30,2024-12-31
SWID,602,2024-12-30,2024-12-31
TALF,2466,2024-12-30,2024-12-31
TAMA,1184,2024-12-30,2024-12-31
TAMU,1896,2024-12-30,2024-12-31
TAPG,902,2024-12-30,2024-12-31
TARA,2475,2024-12-30,2024-12-31
TAXI,2474,2024-12-30,2024-12-31
TAYS,741,2024-12-30,2024-12-31
TBIG,2475,2024-12-30,2024-12-31
TBLA,2475,2024-12-30,2024-12-31
TBMS,2475,2024-12-30,2024-12-31
TCID,2475,2024-12-30,2024-12-31
TCPI,1595,2024-12-30,2024-12-31
TEBE,1240,2024-12-30,2024-12-31
TELE,2474,2024-12-30,2024-12-31
TFAS,1284,2024-12-30,2024-12-31
TFCO,2475,2024-12-30,2024-12-31
TGKA,2475,2024-12-30,2024-12-31
TGRA,1893,2024-12-30,2024-12-31
TGUK,357,2024-12-30,2024-12-31
TIFA,2475,2024-12-30,2024-12-31
TINS,2474,2024-12-30,2024-12-31
TIRA,2475,2024-12-30,2024-12-31
TIRT,2474,2024-12-30,2024-12-31
TKIM,2474,2024-12-30,2024-12-31
TLDN,654,2024-12-30,2024-12-31
TLKM,2474,2024-12-30,2024-12-31
TMAS,2475,2024-12-30,2024-12-31
TMPO,2474,2024-12-30,2024-12-31
TNCA,1602,2024-12-30,2024-12-31
TOBA,2474,2024-12-30,2024-12-31
TOOL,579,2024-12-30,2024-12-31
TOPS,1869,2024-12-30,2024-12-31
TOTL,2474,2024-12-30,2024-12-31
TOTO,2475,2024-12-30,2024-12-31
TOWR,2474,2024-12-30,2024-12-31
TOYS,1065,2024-12-30,2024-12-31
TPIA,2475,2024-12-30,2024-12-31
TPMA,2474,2024-12-30,2024-12-31
TRGU,601,2024-12-30,2024-12-31
TRIM,2474,2024-12-30,2024-12-31
TRIN,1202,2024-12-30,2024-12-31
TRIS,2475,2024-12-30,2024-12-31
TRJA,1053,2024-12-30,2024-12-31
TRON,430,2024-12-30,2024-12-31
TRST,2475,2024-12-30,2024-12-31
TRUE,864,2024-12-30,2024-12-31
TRUK,1626,2024-12-30,2024-12-31
TRUS,2475,2024-12-30,2024-12-31
TSPC,2475,2024-12-30,2024-12-31
TUGU,1625,2024-12-30,2024-12-31
TYRE,396,2024-12-30,2024-12-31
UANG,1087,2024-12-30,2024-12-31
UCID,1216,2024-12-30,2024-12-31
UDNG,279,2024-12-30,2024-12-31
UFOE,949,2024-12-30,2024-12-31
ULTJ,2474,2024-12-30,2024-12-31
UNIC,2475,2024-12-30,2024-12-31
UNIQ,925,2024-12-30,2024-12-31
UNSP,2475,2024-12-30,2024-12-31
UNTR,2474,2024-12-30,2024-12-31
UNVR,2475,2024-12-30,2024-12-31
URBN,1484,2024-12-30,2024-12-31
UVCR,832,2024-12-30,2024-12-31
VAST,450,2024-12-30,2024-12-31
VICI,977,2024-12-30,2024-12-31
VICO,2475,2024-12-30,2024-12-31
VINS,2286,2024-12-30,2024-12-31
VIVA,2474,2024-12-30,2024-12-31
VKTR,369,2024-12-30,2024-12-31
VOKS,2474,2024-12-30,2024-12-31
VRNA,2475,2024-12-30,2024-12-31
VTNY,488,2024-12-30,2024-12-31
WAPO,2475,2024-12-30,2024-12-31
WEGE,1751,2024-12-30,2024-12-31
WEHA,2475,2024-12-30,2024-12-31
WGSH,741,2024-12-30,2024-12-31
WICO,2475,2024-12-30,2024-12-31
WIDI,357,2024-12-30,2024-12-31
WIFI,970,2024-12-30,2024-12-31
WIIM,2474,2024-12-30,2024-12-31
WIKA,2474,2024-12-30,2024-12-31
WINE,470,2024-12-30,2024-12-31
WINR,646,2024-12-30,2024-12-31
WINS,2475,2024-12-30,2024-12-31
WIRG,660,2024-12-30,2024-12-31
WMPP,741,2024-12-30,2024-12-31
WMUU,948,2024-12-30,2024-12-31
WOMF,2475,2024-12-30,2024-12-31
WOOD,1866,2024-12-30,2024-12-31
WOWS,1246,2024-12-30,2024-12-31
WSBP,2054,2024-12-30,2024-12-31
WTON,2466,2024-12-30,2024-12-31
YELO,1515,2024-12-30,2024-12-31
YPAS,2474,2024-12-30,2024-12-31
YULE,2474,2024-12-30,2024-12-31
ZATA,513,2024-12-30,2024-12-31
ZBRA,2475,2024-12-30,2024-12-31
ZINC,1784,2024-12-30,2024-12-31
ZONE,1481,2024-12-30,2024-12-31
ZYRX,910,2024-12-30,2024-12-31
AALI,2711,2025-12-30,2025-12-31
ABBA,2711,2025-12-30,2025-12-31
ABDA,2711,2025-12-30,2025-12-31
ABMM,2711,2025-12-30,2025-12-31
ACES,2710,2025-12-30,2025-12-31
ACRO,466,2025-12-30,2025-12-31
ACST,2711,2025-12-30,2025-12-31
ADCP,922,2025-12-30,2025-12-31
ADES,2711,2025-12-30,2025-12-31
ADHI,2711,2025-12-30,2025-12-31
ADMF,2711,2025-12-30,2025-12-31
ADMG,2711,2025-12-30,2025-12-31
ADMR,958,2025-12-30,2025-12-31
ADRO,2710,2025-12-30,2025-12-31
AEGS,550,2025-12-30,2025-12-31
AGAR,1466,2025-12-30,2025-12-31
AGII,2284,2025-12-30,2025-12-31
AGRO,2711,2025-12-30,2025-12-31
AGRS,2703,2025-12-30,2025-12-31
AHAP,2711,2025-12-30,2025-12-31
AIMS,2711,2025-12-30,2025-12-31
AISA,2711,2025-12-30,2025-12-31
AKKU,2711,2025-12-30,2025-12-31
AKPI,2711,2025-12-30,2025-12-31
AKRA,2711,2025-12-30,2025-12-31
AKSI,2711,2025-12-30,2025-12-31
ALDO,2711,2025-12-30,2025-12-31
ALII,447,2025-12-30,2025-12-31
ALKA,2711,2025-12-30,2025-12-31
ALMI,2711,2025-12-30,2025-12-31
ALTO,2710,2025-12-30,2025-12-31
AMAG,2710,2025-12-30,2025-12-31
AMAN,1396,2025-12-30,2025-12-31
AMAR,1442,2025-12-30,2025-12-31
AMFG,2711,2025-12-30,2025-12-31
AMIN,2470,2025-12-30,2025-12-31
AMMN,594,2025-12-30,2025-12-31
AMMS,818,2025-12-30,2025-12-31
AMOR,1215,2025-12-30,2025-12-31
AMRT,2711,2025-12-30,2025-12-31
ANDI,1801,2025-12-30,2025-12-31
ANJT,2702,2025-12-30,2025-12-31
ANTM,2711,2025-12-30,2025-12-31
APEX,2711,2025-12-30,2025-12-31
APIC,2711,2025-12-30,2025-12-31
APII,2704,2025-12-30,2025-12-31
APLI,2711,2025-12-30,2025-12-31
APLN,2711,2025-12-30,2025-12-31
ARCI,1088,2025-12-30,2025-12-31
AREA,415,2025-12-30,2025-12-31
ARGO,2711,2025-12-30,2025-12-31
ARII,2710,2025-12-30,2025-12-31
ARKA,1569,2025-12-30,2025-12-31
ARKO,837,2025-12-30,2025-12-31
ARNA,2710,2025-12-30,2025-12-31
ARTA,2710,2025-12-30,2025-12-31
ARTI,2710,2025-12-30,2025-12-31
ARTO,2452,2025-12-30,2025-12-31
ASBI,2711,2025-12-30,2025-12-31
ASDM,2711,2025-12-30,2025-12-31
ASGR,2710,2025-12-30,2025-12-31
ASHA,866,2025-12-30,2025-12-31
ASII,2710,2025-12-30,2025-12-31
ASJT,2711,2025-12-30,2025-12-31
ASLC,942,2025-12-30,2025-12-31
ASLI,470,2025-12-30,2025-12-31
ASMI,2702,2025-12-30,2025-12-31
ASPI,1415,2025-12-30,2025-12-31
ASRI,2711,2025-12-30,2025-12-31
ASRM,2711,2025-12-30,2025-12-31
ASSA,2710,2025-12-30,2025-12-31
ATAP,1217,2025-12-30,2025-12-31
ATIC,2575,2025-12-30,2025-12-31
ATLA,410,2025-12-30,2025-12-31
AUTO,2710,2025-12-30,2025-12-31
AVIA,975,2025-12-30,2025-12-31
AWAN,640,2025-12-30,2025-12-31
AXIO,829,2025-12-30,2025-12-31
AYAM,493,2025-12-30,2025-12-31
AYLS,1418,2025-12-30,2025-12-31
BABP,2711,2025-12-30,2025-12-31
BABY,552,2025-12-30,2025-12-31
BACA,2711,2025-12-30,2025-12-31
BAIK,444,2025-12-30,2025-12-31
BAJA,2710,2025-12-30,2025-12-31
BALI,2702,2025-12-30,2025-12-31
BANK,1185,2025-12-30,2025-12-31
BAPA,2710,2025-12-30,2025-12-31
BAPI,1521,2025-12-30,2025-12-31
BATA,2711,2025-12-30,2025-12-31
BATR,376,2025-12-30,2025-12-31
BAUT,939,2025-12-30,2025-12-31
BAYU,2710,2025-12-30,2025-12-31
BBCA,2711,2025-12-30,2025-12-31
BBHI,2554,2025-12-30,2025-12-31
BBKP,2711,2025-12-30,2025-12-31
BBLD,2711,2025-12-30,2025-12-31
BBMD,2703,2025-12-30,2025-12-31
BBNI,2711,2025-12-30,2025-12-31
BBRI,2711,2025-12-30,2025-12-31
BBRM,2710,2025-12-30,2025-12-31
BBSI,1282,2025-12-30,2025-12-31
BBSS,1375,2025-12-30,2025-12-31
BBTN,2711,2025-12-30,2025-12-31
BBYB,2704,2025-12-30,2025-12-31
BCAP,2711,2025-12-30,2025-12-31
BCIC,2711,2025-12-30,2025-12-31
BCIP,2710,2025-12-30,2025-12-31
BDKR,669,2025-12-30,2025-12-31
BDMN,2711,2025-12-30,2025-12-31
BEBS,1159,2025-12-30,2025-12-31
BEEF,1698,2025-12-30,2025-12-31
BEER,708,2025-12-30,2025-12-31
BEKS,2711,2025-12-30,2025-12-31
BELI,751,2025-12-30,2025-12-31
BELL,2029,2025-12-30,2025-12-31
BESS,1400,2025-12-30,2025-12-31
BEST,2702,2025-12-30,2025-12-31
BFIN,2711,2025-12-30,2025-12-31
BGTG,2377,2025-12-30,2025-12-31
BHAT,1375,2025-12-30,2025-12-31
BHIT,2711,2025-12-30,2025-12-31
BIKA,2570,2025-12-30,2025-12-31
BIKE,906,2025-12-30,2025-12-31
BIMA,2711,2025-12-30,2025-12-31
BINA,2711,2025-12-30,2025-12-31
BINO,984,2025-12-30,2025-12-31
BIPI,2711,2025-12-30,2025-12-31
BIPP,2710,2025-12-30,2025-12-31
BIRD,2702,2025-12-30,2025-12-31
BISI,2711,2025-12-30,2025-12-31
BJBR,2711,2025-12-30,2025-12-31
BJTM,2710,2025-12-30,2025-12-31
BKDP,2710,2025-12-30,2025-12-31
BKSL,2711,2025-12-30,2025-12-31
BKSW,2711,2025-12-30,2025-12-31
BLES,358,2025-12-30,2025-12-31
BLTA,2711,2025-12-30,2025-12-31
BLTZ,2703,2025-12-30,2025-12-31
BLUE,1571,2025-12-30,2025-12-31
BMAS,2710,2025-12-30,2025-12-31
BMBL,705,2025-12-30,2025-12-31
BMHS,1082,2025-12-30,2025-12-31
BMRI,2711,2025-12-30,2025-12-31
BMSR,2711,2025-12-30,2025-12-31
BMTR,2710,2025-12-30,2025-12-31
BNBA,2711,2025-12-30,2025-12-31
BNBR,2711,2025-12-30,2025-12-31
BNGA,2710,2025-12-30,2025-12-31
BNII,2710,2025-12-30,2025-12-31
BNLI,2711,2025-12-30,2025-12-31
BOBA,1002,2025-12-30,2025-12-31
BOGA,2226,2025-12-30,2025-12-31
BOLA,1585,2025-12-30,2025-12-31
BOLT,2575,2025-12-30,2025-12-31
BOSS,1932,2025-12-30,2025-12-31
BPFI,2711,2025-12-30,2025-12-31
BPII,2703,2025-12-30,2025-12-31
BPTR,1831,2025-12-30,2025-12-31
BRAM,2711,2025-12-30,2025-12-31
BREN,531,2025-12-30,2025-12-31
BRIS,1873,2025-12-30,2025-12-31
BRMS,2711,2025-12-30,2025-12-31
BRNA,2711,2025-12-30,2025-12-31
BRPT,2711,2025-12-30,2025-12-31
BSBK,751,2025-12-30,2025-12-31
BSDE,2710,2025-12-30,2025-12-31
BSIM,2710,2025-12-30,2025-12-31
BSML,969,2025-12-30,2025-12-31
BSSR,2709,2025-12-30,2025-12-31
BSWD,2711,2025-12-30,2025-12-31
BTEK,2710,2025-12-30,2025-12-31
BTON,2710,2025-12-30,2025-12-31
BTPN,2710,2025-12-30,2025-12-31
BTPS,1873,2025-12-30,2025-12-31
BUAH,815,2025-12-30,2025-12-31
BUDI,2710,2025-12-30,2025-12-31
BUKA,1060,2025-12-30,2025-12-31
BUKK,2590,2025-12-30,2025-12-31
BULL,2711,2025-12-30,2025-12-31
BUMI,2711,2025-12-30,2025-12-31
BUVA,2710,2025-12-30,2025-12-31
BVIC,2711,2025-12-30,2025-12-31
BWPT,2710,2025-12-30,2025-12-31
BYAN,2711,2025-12-30,2025-12-31
CAKK,1748,2025-12-30,2025-12-31
CAMP,1974,2025-12-30,2025-12-31
CANI,2703,2025-12-30,2025-12-31
CARE,1396,2025-12-30,2025-12-31
CARS,2149,2025-12-30,2025-12-31
CASA,2333,2025-12-30,2025-12-31
CASH,1363,2025-12-30,2025-12-31
CASS,2711,2025-12-30,2025-12-31
CBPE,708,2025-12-30,2025-12-31
CBRE,707,2025-12-30,2025-12-31
CBUT,751,2025-12-30,2025-12-31
CCSI,1585,2025-12-30,2025-12-31
CEKA,2710,2025-12-30,2025-12-31
CENT,2710,2025-12-30,2025-12-31
CFIN,2710,2025-12-30,2025-12-31
CGAS,469,2025-12-30,2025-12-31
CHEM,837,2025-12-30,2025-12-31
CHIP,686,2025-12-30,2025-12-31
CINT,2709,2025-12-30,2025-12-31
CITA,2711,2025-12-30,2025-12-31
CITY,1770,2025-12-30,2025-12-31
CLAY,1691,2025-12-30,2025-12-31
CLEO,2135,2025-12-30,2025-12-31
CLPI,2710,2025-12-30,2025-12-31
CMNP,2711,2025-12-30,2025-12-31
CMNT,1039,2025-12-30,2025-12-31
CMPP,2711,2025-12-30,2025-12-31
CMRY,977,2025-12-30,2025-12-31
CNKO,2710,2025-12-30,2025-12-31
CNMA,577,2025-12-30,2025-12-31
COAL,795,2025-12-30,2025-12-31
COCO,1649,2025-12-30,2025-12-31
CPIN,2710,2025-12-30,2025-12-31
CPRO,2711,2025-12-30,2025-12-31
CRAB,814,2025-12-30,2025-12-31
CRSN,593,2025-12-30,2025-12-31
CSAP,2711,2025-12-30,2025-12-31
CSIS,2131,2025-12-30,2025-12-31
CSMI,1378,2025-12-30,2025-12-31
CSRA,1442,2025-12-30,2025-12-31
CTBN,2711,2025-12-30,2025-12-31
CTRA,2710,2025-12-30,2025-12-31
CTTH,2710,2025-12-30,2025-12-31
CUAN,666,2025-12-30,2025-12-31
CYBR,573,2025-12-30,2025-12-31
DADA,1416,2025-12-30,2025-12-31
DART,2711,2025-12-30,2025-12-31
DATA,396,2025-12-30,2025-12-31
DAYA,2344,2025-12-30,2025-12-31
DCII,1203,2025-12-30,2025-12-31
DEAL,1741,2025-12-30,2025-12-31
DEFI,2711,2025-12-30,2025-12-31
DEPO,984,2025-12-30,2025-12-31
DEWA,2711,2025-12-30,2025-12-31
DEWI,831,2025-12-30,2025-12-31
DFAM,1882,2025-12-30,2025-12-31
DGIK,2710,2025-12-30,2025-12-31
DGNS,1196,2025-12-30,2025-12-31
DIGI,1780,2025-12-30,2025-12-31
DILD,2710,2025-12-30,2025-12-31
DIVA,1730,2025-12-30,2025-12-31
DKFT,2711,2025-12-30,2025-12-31
DLTA,2710,2025-12-30,2025-12-31
DMAS,2601,2025-12-30,2025-12-31
DMMX,1496,2025-12-30,2025-12-31
DMND,1433,2025-12-30,2025-12-31
DNAR,2710,2025-12-30,2025-12-31
DNET,2711,2025-12-30,2025-12-31
DOID,2710,2025-12-30,2025-12-31
DOOH,632,2025-12-30,2025-12-31
DOSS,336,2025-12-30,2025-12-31
DPNS,2711,2025-12-30,2025-12-31
DPUM,2472,2025-12-30,2025-12-31
DRMA,967,2025-12-30,2025-12-31
DSFI,2710,2025-12-30,2025-12-31
DSNG,2709,2025-12-30,2025-12-31
DSSA,2711,2025-12-30,2025-12-31
DUTI,2711,2025-12-30,2025-12-31
DVLA,2710,2025-12-30,2025-12-31
DWGL,1978,2025-12-30,2025-12-31
DYAN,2709,2025-12-30,2025-12-31
EAST,1570,2025-12-30,2025-12-31
ECII,2702,2025-12-30,2025-12-31
EDGE,1180,2025-12-30,2025-12-31
EKAD,2711,2025-12-30,2025-12-31
ELIT,708,2025-12-30,2025-12-31
ELPI,816,2025-12-30,2025-12-31
ELSA,2710,2025-12-30,2025-12-31
ELTY,2710,2025-12-30,2025-12-31
EMDE,2710,2025-12-30,2025-12-31
EMTK,2711,2025-12-30,2025-12-31
ENAK,933,2025-12-30,2025-12-31
ENRG,2711,2025-12-30,2025-12-31
ENZO,1277,2025-12-30,2025-12-31
EPAC,1326,2025-12-30,2025-12-31
EPMT,2710,2025-12-30,2025-12-31
ERAA,2711,2025-12-30,2025-12-31
ERAL,573,2025-12-30,2025-12-31
ERTX,2711,2025-12-30,2025-12-31
ESIP,1478,2025-12-30,2025-12-31
ESSA,2710,2025-12-30,2025-12-31
ESTA,1400,2025-12-30,2025-12-31
ESTI,2711,2025-12-30,2025-12-31
ETWA,2710,2025-12-30,2025-12-31
EURO,816,2025-12-30,2025-12-31
EXCL,2711,2025-12-30,2025-12-31
FAPA,1205,2025-12-30,2025-12-31
FAST,2711,2025-12-30,2025-12-31
FASW,2710,2025-12-30,2025-12-31
FILM,1809,2025-12-30,2025-12-31
FIMP,1139,2025-12-30,2025-12-31
FIRE,2110,2025-12-30,2025-12-31
FISH,2711,2025-12-30,2025-12-31
FITT,1589,2025-12-30,2025-12-31
FLMC,1080,2025-12-30,2025-12-31
FMII,2711,2025-12-30,2025-12-31
FOLK,574,2025-12-30,2025-12-31
FOOD,1699,2025-12-30,2025-12-31
FORU,2710,2025-12-30,2025-12-31
FPNI,2710,2025-12-30,2025-12-31
FUJI,1570,2025-12-30,2025-12-31
FUTR,673,2025-12-30,2025-12-31
FWCT,691,2025-12-30,2025-12-31
GDST,2710,2025-12-30,2025-12-31
GDYR,2710,2025-12-30,2025-12-31
GEMA,2711,2025-12-30,2025-12-31
GEMS,2711,2025-12-30,2025-12-31
GGRM,2710,2025-12-30,2025-12-31
GGRP,1518,2025-12-30,2025-12-31
GHON,1895,2025-12-30,2025-12-31
GIAA,2711,2025-12-30,2025-12-31
GJTL,2710,2025-12-30,2025-12-31
GLOB,2711,2025-12-30,2025-12-31
GLVA,1451,2025-12-30,2025-12-31
GMFI,2024,2025-12-30,2025-12-31
GMTD,2711,2025-12-30,2025-12-31
GOLD,2711,2025-12-30,2025-12-31
GOLF,358,2025-12-30,2025-12-31
GOOD,1764,2025-12-30,2025-12-31
GOTO,891,2025-12-30,2025-12-31
GPRA,2710,2025-12-30,2025-12-31
GPSO,1041,2025-12-30,2025-12-31
GRIA,573,2025-12-30,2025-12-31
GRPH,461,2025-12-30,2025-12-31
GRPM,593,2025-12-30,2025-12-31
GSMF,2711,2025-12-30,2025-12-31
GTBO,2711,2025-12-30,2025-12-31
GTRA,652,2025-12-30,2025-12-31
GTSI,1039,2025-12-30,2025-12-31
GULA,819,2025-12-30,2025-12-31
GUNA,357,2025-12-30,2025-12-31
GWSA,2710,2025-12-30,2025-12-31
GZCO,2710,2025-12-30,2025-12-31
HADE,2711,2025-12-30,2025-12-31
HAIS,1044,2025-12-30,2025-12-31
HAJJ,648,2025-12-30,2025-12-31
HALO,686,2025-12-30,2025-12-31
HATM,825,2025-12-30,2025-12-31
HBAT,574,2025-12-30,2025-12-31
HDFA,2711,2025-12-30,2025-12-31
HDIT,1567,2025-12-30,2025-12-31
HEAL,1868,2025-12-30,2025-12-31
HELI,1903,2025-12-30,2025-12-31
HERO,2710,2025-12-30,2025-12-31
HEXA,2710,2025-12-30,2025-12-31
HILL,671,2025-12-30,2025-12-31
HITS,2711,2025-12-30,2025-12-31
HMSP,2711,2025-12-30,2025-12-31
HOKI,2096,2025-12-30,2025-12-31
HOMI,1279,2025-12-30,2025-12-31
HOPE,1111,2025-12-30,2025-12-31
HRME,1631,2025-12-30,2025-12-31
HRTA,2102,2025-12-30,2025-12-31
HRUM,2711,2025-12-30,2025-12-31
HUMI,572,2025-12-30,2025-12-31
HYGN,445,2025-12-30,2025-12-31
IATA,2711,2025-12-30,2025-12-31
IBFN,2702,2025-12-30,2025-12-31
IBOS,882,2025-12-30,2025-12-31
IBST,2711,2025-12-30,2025-12-31
ICBP,2710,2025-12-30,2025-12-31
ICON,2710,2025-12-30,2025-12-31
IDEA,1038,2025-12-30,2025-12-31
IDPR,2470,2025-12-30,2025-12-31
IFII,1460,2025-12-30,2025-12-31
IFSH,1463,2025-12-30,2025-12-31
IGAR,2710,2025-12-30,2025-12-31
IKAI,2710,2025-12-30,2025-12-31
IKAN,1418,2025-12-30,2025-12-31
IKBI,2711,2025-12-30,2025-12-31
IKPM,509,2025-12-30,2025-12-31
IMAS,2711,2025-12-30,2025-12-31
IMJS,2703,2025-12-30,2025-12-31
IMPC,2703,2025-12-30,2025-12-31
INAF,2710,2025-12-30,2025-12-31
INAI,2710,2025-12-30,2025-12-31
INCF,2711,2025-12-30,2025-12-31
INCI,2711,2025-12-30,2025-12-31
INCO,2710,2025-12-30,2025-12-31
INDF,2711,2025-12-30,2025-12-31
INDO,1440,2025-12-30,2025-12-31
INDR,2711,2025-12-30,2025-12-31
INDS,2711,2025-12-30,2025-12-31
INDX,2711,2025-12-30,2025-12-31
INDY,2711,2025-12-30,2025-12-31
INET,584,2025-12-30,2025-12-31
INKP,2710,2025-12-30,2025-12-31
INOV,1569,2025-12-30,2025-12-31
INPC,2710,2025-12-30,2025-12-31
INPP,2711,2025-12-30,2025-12-31
INPS,1896,2025-12-30,2025-12-31
INRU,2711,2025-12-30,2025-12-31
INTA,2710,2025-12-30,2025-12-31
INTD,2711,2025-12-30,2025-12-31
INTP,2710,2025-12-30,2025-12-31
IOTF,532,2025-12-30,2025-12-31
IPAC,1086,2025-12-30,2025-12-31
IPCC,1830,2025-12-30,2025-12-31
IPCM,1971,2025-12-30,2025-12-31
IPOL,2711,2025-12-30,2025-12-31
IPPE,974,2025-12-30,2025-12-31
IPTV,1571,2025-12-30,2025-12-31
IRRA,1500,2025-12-30,2025-12-31
IRSX,687,2025-12-30,2025-12-31
ISAP,728,2025-12-30,2025-12-31
ISAT,2711,2025-12-30,2025-12-31
ISEA,358,2025-12-30,2025-12-31
ISSP,2709,2025-12-30,2025-12-31
ITIC,1573,2025-12-30,2025-12-31
ITMA,2711,2025-12-30,2025-12-31
ITMG,2711,2025-12-30,2025-12-31
JARR,818,2025-12-30,2025-12-31
JAST,1608,2025-12-30,2025-12-31
JATI,632,2025-12-30,2025-12-31
JAWA,2710,2025-12-30,2025-12-31
JAYA,1668,2025-12-30,2025-12-31
JECC,2711,2025-12-30,2025-12-31
JGLE,2341,2025-12-30,2025-12-31
JIHD,2711,2025-12-30,2025-12-31
JKON,2711,2025-12-30,2025-12-31
JMAS,1975,2025-12-30,2025-12-31
JPFA,2711,2025-12-30,2025-12-31
JRPT,2711,2025-12-30,2025-12-31
JSMR,2710,2025-12-30,2025-12-31
JSPT,2711,2025-12-30,2025-12-31
JTPE,2711,2025-12-30,2025-12-31
KAEF,2710,2025-12-30,2025-12-31
KARW,2711,2025-12-30,2025-12-31
KAYU,1573,2025-12-30,2025-12-31
KBAG,1379,2025-12-30,2025-12-31
KBLI,2711,2025-12-30,2025-12-31
KBLM,2710,2025-12-30,2025-12-31
KBLV,2710,2025-12-30,2025-12-31
KDSI,2711,2025-12-30,2025-12-31
KDTN,750,2025-12-30,2025-12-31
KEEN,1531,2025-12-30,2025-12-31
KEJU,1471,2025-12-30,2025-12-31
KETR,749,2025-12-30,2025-12-31
KIAS,2711,2025-12-30,2025-12-31
KICI,2711,2025-12-30,2025-12-31
KIJA,2711,2025-12-30,2025-12-31
KING,680,2025-12-30,2025-12-31
KINO,2469,2025-12-30,2025-12-31
KIOS,2028,2025-12-30,2025-12-31
KJEN,1576,2025-12-30,2025-12-31
KKES,816,2025-12-30,2025-12-31
KKGI,2711,2025-12-30,2025-12-31
KLAS,610,2025-12-30,2025-12-31
KLBF,2711,2025-12-30,2025-12-31
KLIN,815,2025-12-30,2025-12-31
KMDS,1282,2025-12-30,2025-12-31
KMTR,2104,2025-12-30,2025-12-31
KOBX,2709,2025-12-30,2025-12-31
KOCI,532,2025-12-30,2025-12-31
KOIN,2710,2025-12-30,2025-12-31
KOKA,529,2025-12-30,2025-12-31
KONI,2711,2025-12-30,2025-12-31
KOPI,2702,2025-12-30,2025-12-31
KOTA,1570,2025-12-30,2025-12-31
KPIG,2710,2025-12-30,2025-12-31
KRAS,2710,2025-12-30,2025-12-31
KREN,2711,2025-12-30,2025-12-31
KRYA,825,2025-12-30,2025-12-31
KUAS,1007,2025-12-30,2025-12-31
LABA,1100,2025-12-30,2025-12-31
LABS,356,2025-12-30,2025-12-31
LAJU,694,2025-12-30,2025-12-31
LAND,1797,2025-12-30,2025-12-31
LAPD,2710,2025-12-30,2025-12-31
LCKM,1954,2025-12-30,2025-12-31
LEAD,2702,2025-12-30,2025-12-31
LFLO,1141,2025-12-30,2025-12-31
LIFE,1570,2025-12-30,2025-12-31
LINK,2702,2025-12-30,2025-12-31
LION,2711,2025-12-30,2025-12-31
LIVE,446,2025-12-30,2025-12-31
LMAX,572,2025-12-30,2025-12-31
LMPI,2711,2025-12-30,2025-12-31
LMSH,2711,2025-12-30,2025-12-31
LOPI,529,2025-12-30,2025-12-31
LPCK,2711,2025-12-30,2025-12-31
LPGI,2711,2025-12-30,2025-12-31
LPIN,2710,2025-12-30,2025-12-31
LPKR,2711,2025-12-30,2025-12-31
LPLI,2711,2025-12-30,2025-12-31
LPPF,2710,2025-12-30,2025-12-31
LPPS,2711,2025-12-30,2025-12-31
LRNA,2702,2025-12-30,2025-12-31
LSIP,2710,2025-12-30,2025-12-31
LTLS,2711,2025-12-30,2025-12-31
LUCK,1728,2025-12-30,2025-12-31
LUCY,1121,2025-12-30,2025-12-31
MAHA,583,2025-12-30,2025-12-31
MAIN,2711,2025-12-30,2025-12-31
MANG,466,2025-12-30,2025-12-31
MAPA,1833,2025-12-30,2025-12-31
MAPB,2102,2025-12-30,2025-12-31
MAPI,2710,2025-12-30,2025-12-31
MARI,2430,2025-12-30,2025-12-31
MARK,2087,2025-12-30,2025-12-31
MASB,1086,2025-12-30,2025-12-31
MAXI,610,2025-12-30,2025-12-31
MAYA,2711,2025-12-30,2025-12-31
MBAP,2702,2025-12-30,2025-12-31
MBMA,640,2025-12-30,2025-12-31
MBSS,2710,2025-12-30,2025-12-31
MBTO,2710,2025-12-30,2025-12-31
MCAS,2008,2025-12-30,2025-12-31
MCOL,1040,2025-12-30,2025-12-31
MCOR,2711,2025-12-30,2025-12-31
MDIA,2702,2025-12-30,2025-12-31
MDKA,2588,2025-12-30,2025-12-31
MDKI,2035,2025-12-30,2025-12-31
MDLN,2710,2025-12-30,2025-12-31
MDRN,2711,2025-12-30,2025-12-31
MEDC,2711,2025-12-30,2025-12-31
MEDS,814,2025-12-30,2025-12-31
MEGA,2711,2025-12-30,2025-12-31
MEJA,446,2025-12-30,2025-12-31
MENN,640,2025-12-30,2025-12-31
MERK,2711,2025-12-30,2025-12-31
META,2710,2025-12-30,2025-12-31
MFMI,2710,2025-12-30,2025-12-31
MGLV,1102,2025-12-30,2025-12-31
MGNA,2704,2025-12-30,2025-12-31
MGRO,1827,2025-12-30,2025-12-31
MHKI,410,2025-12-30,2025-12-31
MICE,2710,2025-12-30,2025-12-31
MIDI,2711,2025-12-30,2025-12-31
MIKA,2646,2025-12-30,2025-12-31
MINA,2137,2025-12-30,2025-12-31
MIRA,2710,2025-12-30,2025-12-31
MITI,2711,2025-12-30,2025-12-31
MKAP,446,2025-12-30,2025-12-31
MKNT,2503,2025-12-30,2025-12-31
MKPI,2711,2025-12-30,2025-12-31
MKTR,751,2025-12-30,2025-12-31
MLBI,2711,2025-12-30,2025-12-31
MLIA,2711,2025-12-30,2025-12-31
MLPL,2711,2025-12-30,2025-12-31
MLPT,2703,2025-12-30,2025-12-31
MMIX,731,2025-12-30,2025-12-31
MMLP,2592,2025-12-30,2025-12-31
MNCN,2710,2025-12-30,2025-12-31
MOLI,1792,2025-12-30,2025-12-31
MORA,816,2025-12-30,2025-12-31
MPIX,447,2025-12-30,2025-12-31
MPMX,2709,2025-12-30,2025-12-31
MPOW,2092,2025-12-30,2025-12-31
MPPA,2711,2025-12-30,2025-12-31
MPRO,1763,2025-12-30,2025-12-31
MPXL,631,2025-12-30,2025-12-31
MRAT,2711,2025-12-30,2025-12-31
MREI,2711,2025-12-30,2025-12-31
MSIE,571,2025-12-30,2025-12-31
MSIN,1851,2025-12-30,2025-12-31
MSJA,467,2025-12-30,2025-12-31
MSKY,2710,2025-12-30,2025-12-31
MSTI,509,2025-12-30,2025-12-31
MTDL,2711,2025-12-30,2025-12-31
MTEL,987,2025-12-30,2025-12-31
MTFN,2711,2025-12-30,2025-12-31
MTLA,2710,2025-12-30,2025-12-31
MTMH,885,2025-12-30,2025-12-31
MTPS,1633,2025-12-30,2025-12-31
MTSM,2711,2025-12-30,2025-12-31
MTWI,2024,2025-12-30,2025-12-31
MUTU,572,2025-12-30,2025-12-31
MYOH,2710,2025-12-30,2025-12-31
MYOR,2711,2025-12-30,2025-12-31
MYTX,2711,2025-12-30,2025-12-31
NANO,913,2025-12-30,2025-12-31
NASA,2071,2025-12-30,2025-12-31
NASI,972,2025-12-30,2025-12-31
NATO,1691,2025-12-30,2025-12-31
NAYZ,688,2025-12-30,2025-12-31
NCKL,644,2025-12-30,2025-12-31
NELY,2710,2025-12-30,2025-12-31
NEST,335,2025-12-30,2025-12-31
NETV,941,2025-12-30,2025-12-31
NFCX,1827,2025-12-30,2025-12-31
NICE,468,2025-12-30,2025-12-31
NICK,1877,2025-12-30,2025-12-31
NICL,1079,2025-12-30,2025-12-31
NIKL,2710,2025-12-30,2025-12-31
NINE,732,2025-12-30,2025-12-31
NIRO,2710,2025-12-30,2025-12-31
NISP,2711,2025-12-30,2025-12-31
NOBU,2710,2025-12-30,2025-12-31
NPGF,1136,2025-12-30,2025-12-31
NRCA,2709,2025-12-30,2025-12-31
NSSS,664,2025-12-30,2025-12-31
NTBK,932,2025-12-30,2025-12-31
NZIA,1514,2025-12-30,2025-12-31
OASA,2335,2025-12-30,2025-12-31
OBMD,975,2025-12-30,2025-12-31
OILS,1041,2025-12-30,2025-12-31
OKAS,2710,2025-12-30,2025-12-31
OLIV,873,2025-12-30,2025-12-31
OMED,751,2025-12-30,2025-12-31
OMRE,2711,2025-12-30,2025-12-31
OPMS,1516,2025-12-30,2025-12-31
PACK,686,2025-12-30,2025-12-31
PADA,729,2025-12-30,2025-12-31
PADI,2710,2025-12-30,2025-12-31
PALM,2711,2025-12-30,2025-12-31
PAMG,1572,2025-12-30,2025-12-31
PANI,1780,2025-12-30,2025-12-31
PANR,2711,2025-12-30,2025-12-31
PANS,2710,2025-12-30,2025-12-31
PART,359,2025-12-30,2025-12-31
PBID,1979,2025-12-30,2025-12-31
PBRX,2711,2025-12-30,2025-12-31
PBSA,2285,2025-12-30,2025-12-31
PCAR,1966,2025-12-30,2025-12-31
PDES,2711,2025-12-30,2025-12-31
PDPP,750,2025-12-30,2025-12-31
PEGE,2710,2025-12-30,2025-12-31
PEHA,1708,2025-12-30,2025-12-31
PEVE,697,2025-12-30,2025-12-31
PGAS,2710,2025-12-30,2025-12-31
PGEO,674,2025-12-30,2025-12-31
PGJO,1435,2025-12-30,2025-12-31
PGLI,2710,2025-12-30,2025-12-31
PGUN,1322,2025-12-30,2025-12-31
PICO,2711,2025-12-30,2025-12-31
PIPA,646,2025-12-30,2025-12-31
PJAA,2711,2025-12-30,2025-12-31
PKPK,2711,2025-12-30,2025-12-31
PLAN,1276,2025-12-30,2025-12-31
PLIN,2711,2025-12-30,2025-12-31
PMJS,1454,2025-12-30,2025-12-31
PMMP,1212,2025-12-30,2025-12-31
PNBN,2711,2025-12-30,2025-12-31
PNBS,2710,2025-12-30,2025-12-31
PNGO,1287,2025-12-30,2025-12-31
PNIN,2710,2025-12-30,2025-12-31
PNLF,2711,2025-12-30,2025-12-31
PNSE,2711,2025-12-30,2025-12-31
POLA,1736,2025-12-30,2025-12-31
POLI,1697,2025-12-30,2025-12-31
POLL,1828,2025-12-30,2025-12-31
POLU,1579,2025-12-30,2025-12-31
POLY,2711,2025-12-30,2025-12-31
PORT,2166,2025-12-30,2025-12-31
POWR,2353,2025-12-30,2025-12-31
PPGL,1313,2025-12-30,2025-12-31
PPRE,1992,2025-12-30,2025-12-31
PPRI,573,2025-12-30,2025-12-31
PPRO,2616,2025-12-30,2025-12-31
PRAY,751,2025-12-30,2025-12-31
PRDA,2232,2025-12-30,2025-12-31
PRIM,1867,2025-12-30,2025-12-31
PSAB,2710,2025-12-30,2025-12-31
PSDN,2711,2025-12-30,2025-12-31
PSGO,1471,2025-12-30,2025-12-31
PSKT,2711,2025-12-30,2025-12-31
PSSI,1984,2025-12-30,2025-12-31
PTBA,2710,2025-12-30,2025-12-31
PTDU,1219,2025-12-30,2025-12-31
PTIS,2711,2025-12-30,2025-12-31
PTMP,668,2025-12-30,2025-12-31
PTMR,293,2025-12-30,2025-12-31
PTPP,2710,2025-12-30,2025-12-31
PTPS,531,2025-12-30,2025-12-31
PTPW,1421,2025-12-30,2025-12-31
PTRO,2711,2025-12-30,2025-12-31
PTSN,2711,2025-12-30,2025-12-31
PTSP,2711,2025-12-30,2025-12-31
PUDP,2711,2025-12-30,2025-12-31
PURA,1428,2025-12-30,2025-12-31
PURI,1281,2025-12-30,2025-12-31
PWON,2710,2025-12-30,2025-12-31
PYFA,2710,2025-12-30,2025-12-31
PZZA,1863,2025-12-30,2025-12-31
RAAM,632,2025-12-30,2025-12-31
RAFI,817,2025-12-30,2025-12-31
RAJA,2711,2025-12-30,2025-12-31
RALS,2711,2025-12-30,2025-12-31
RANC,2710,2025-12-30,2025-12-31
RBMS,2710,2025-12-30,2025-12-31
RCCC,820,2025-12-30,2025-12-31
RDTX,2711,2025-12-30,2025-12-31
REAL,1462,2025-12-30,2025-12-31
RELF,602,2025-12-30,2025-12-31
RELI,2711,2025-12-30,2025-12-31
RGAS,509,2025-12-30,2025-12-31
RICY,2710,2025-12-30,2025-12-31
RIGS,2710,2025-12-30,2025-12-31
RISE,1831,2025-12-30,2025-12-31
RMKE,976,2025-12-30,2025-12-31
RMKO,579,2025-12-30,2025-12-31
ROCK,1279,2025-12-30,2025-12-31
RODA,2710,2025-12-30,2025-12-31
RONY,1378,2025-12-30,2025-12-31
ROTI,2710,2025-12-30,2025-12-31
RSCH,560,2025-12-30,2025-12-31
RSGK,1039,2025-12-30,2025-12-31
RUIS,2711,2025-12-30,2025-12-31
RUNS,1039,2025-12-30,2025-12-31
SAFE,2711,2025-12-30,2025-12-31
SAGE,666,2025-12-30,2025-12-31
SAME,2711,2025-12-30,2025-12-31
SAMF,1385,2025-12-30,2025-12-31
SAPX,1769,2025-12-30,2025-12-31
SATU,1746,2025-12-30,2025-12-31
SBAT,1379,2025-12-30,2025-12-31
SBMA,1039,2025-12-30,2025-12-31
SCCO,2711,2025-12-30,2025-12-31
SCMA,2711,2025-12-30,2025-12-31
SCNP,1282,2025-12-30,2025-12-31
SDMU,2711,2025-12-30,2025-12-31
SDPC,2710,2025-12-30,2025-12-31
SDRA,2711,2025-12-30,2025-12-31
SEMA,953,2025-12-30,2025-12-31
SFAN,1583,2025-12-30,2025-12-31
SGER,1299,2025-12-30,2025-12-31
SGRO,2710,2025-12-30,2025-12-31
SHID,2711,2025-12-30,2025-12-31
SHIP,2351,2025-12-30,2025-12-31
SICO,892,2025-12-30,2025-12-31
SIDO,2703,2025-12-30,2025-12-31
SILO,2703,2025-12-30,2025-12-31
SIMP,2710,2025-12-30,2025-12-31
SINI,1482,2025-12-30,2025-12-31
SIPD,2711,2025-12-30,2025-12-31
SKBM,2710,2025-12-30,2025-12-31
SKLT,2711,2025-12-30,2025-12-31
SKRN,1763,2025-12-30,2025-12-31
SLIS,1506,2025-12-30,2025-12-31
SMAR,2711,2025-12-30,2025-12-31
SMBR,2702,2025-12-30,2025-12-31
SMCB,2711,2025-12-30,2025-12-31
SMDM,2711,2025-12-30,2025-12-31
SMDR,2711,2025-12-30,2025-12-31
SMGA,453,2025-12-30,2025-12-31
SMGR,2711,2025-12-30,2025-12-31
SMIL,628,2025-12-30,2025-12-31
SMKL,1568,2025-12-30,2025-12-31
SMKM,914,2025-12-30,2025-12-31
SMLE,467,2025-12-30,2025-12-31
SMMA,2711,2025-12-30,2025-12-31
SMMT,2711,2025-12-30,2025-12-31
SMRA,2711,2025-12-30,2025-12-31
SMSM,2711,2025-12-30,2025-12-31
SNLK,1147,2025-12-30,2025-12-31
SOCI,2702,2025-12-30,2025-12-31
SOFA,1322,2025-12-30,2025-12-31
SOHO,1281,2025-12-30,2025-12-31
SOLA,395,2025-12-30,2025-12-31
SONA,2711,2025-12-30,2025-12-31
SOSS,1744,2025-12-30,2025-12-31
SOTS,1719,2025-12-30,2025-12-31
SOUL,708,2025-12-30,2025-12-31
SPMA,2711,2025-12-30,2025-12-31
SPRE,361,2025-12-30,2025-12-31
SPTO,1870,2025-12-30,2025-12-31
SQMI,2710,2025-12-30,2025-12-31
SRAJ,2711,2025-12-30,2025-12-31
SRSN,2711,2025-12-30,2025-12-31
SRTG,2710,2025-12-30,2025-12-31
SSIA,2710,2025-12-30,2025-12-31
SSMS,2702,2025-12-30,2025-12-31
SSTM,2711,2025-12-30,2025-12-31
STAA,913,2025-12-30,2025-12-31
STAR,2711,2025-12-30,2025-12-31
STRK,530,2025-12-30,2025-12-31
STTP,2711,2025-12-30,2025-12-31
SULI,2710,2025-12-30,2025-12-31
SUNI,707,2025-12-30,2025-12-31
SUPR,2711,2025-12-30,2025-12-31
SURE,1767,2025-12-30,2025-12-31
SURI,488,2025-12-30,2025-12-31
SWAT,1843,2025-12-30,2025-12-31
SWID,838,2025-12-30,2025-12-31
TALF,2702,2025-12-30,2025-12-31
TAMA,1420,2025-12-30,2025-12-31
TAMU,2132,2025-12-30,2025-12-31
TAPG,1138,2025-12-30,2025-12-31
TARA,2711,2025-12-30,2025-12-31
TAXI,2710,2025-12-30,2025-12-31
TAYS,977,2025-12-30,2025-12-31
TBIG,2711,2025-12-30,2025-12-31
TBLA,2711,2025-12-30,2025-12-31
TBMS,2711,2025-12-30,2025-12-31
TCID,2711,2025-12-30,2025-12-31
TCPI,1831,2025-12-30,2025-12-31
TEBE,1476,2025-12-30,2025-12-31
TELE,2710,2025-12-30,2025-12-31
TFAS,1520,2025-12-30,2025-12-31
TFCO,2711,2025-12-30,2025-12-31
TGKA,2711,2025-12-30,2025-12-31
TGRA,2129,2025-12-30,2025-12-31
TGUK,593,2025-12-30,2025-12-31
TIFA,2711,2025-12-30,2025-12-31
TINS,2710,2025-12-30,2025-12-31
TIRA,2711,2025-12-30,2025-12-31
TIRT,2710,2025-12-30,2025-12-31
TKIM,2710,2025-12-30,2025-12-31
TLDN,890,2025-12-30,2025-12-31
TLKM,2710,2025-12-30,2025-12-31
TMAS,2711,2025-12-30,2025-12-31
TMPO,2710,2025-12-30,2025-12-31
TNCA,1838,2025-12-30,2025-12-31
TOBA,2710,2025-12-30,2025-12-31
TOOL,815,2025-12-30,2025-12-31
TOPS,2105,2025-12-30,2025-12-31
TOSK,447,2025-12-30,2025-12-31
TOTL,2710,2025-12-30,2025-12-31
TOTO,2711,2025-12-30,2025-12-31
TOWR,2710,2025-12-30,2025-12-31
TOYS,1301,2025-12-30,2025-12-31
TPIA,2711,2025-12-30,2025-12-31
TPMA,2710,2025-12-30,2025-12-31
TRGU,837,2025-12-30,2025-12-31
TRIM,2710,2025-12-30,2025-12-31
TRIN,1438,2025-12-30,2025-12-31
TRIS,2711,2025-12-30,2025-12-31
TRJA,1289,2025-12-30,2025-12-31
TRON,666,2025-12-30,2025-12-31
TRST,2711,2025-12-30,2025-12-31
TRUE,1100,2025-12-30,2025-12-31
TRUK,1862,2025-12-30,2025-12-31
TRUS,2711,2025-12-30,2025-12-31
TSPC,2711,2025-12-30,2025-12-31
TUGU,1861,2025-12-30,2025-12-31
TYRE,632,2025-12-30,2025-12-31
UANG,1323,2025-12-30,2025-12-31
UCID,1452,2025-12-30,2025-12-31
UDNG,515,2025-12-30,2025-12-31
UFOE,1185,2025-12-30,2025-12-31
ULTJ,2710,2025-12-30,2025-12-31
UNIC,2711,2025-12-30,2025-12-31
UNIQ,1161,2025-12-30,2025-12-31
UNSP,2711,2025-12-30,2025-12-31
UNTD,447,2025-12-30,2025-12-31
UNTR,2710,2025-12-30,2025-12-31
UNVR,2711,2025-12-30,2025-12-31
URBN,1720,2025-12-30,2025-12-31
UVCR,1068,2025-12-30,2025-12-31
VAST,686,2025-12-30,2025-12-31
VERN,293,2025-12-30,2025-12-31
VICI,1213,2025-12-30,2025-12-31
VICO,2711,2025-12-30,2025-12-31
VINS,2522,2025-12-30,2025-12-31
VISI,436,2025-12-30,2025-12-31
VIVA,2710,2025-12-30,2025-12-31
VKTR,605,2025-12-30,2025-12-31
VOKS,2710,2025-12-30,2025-12-31
VRNA,2711,2025-12-30,2025-12-31
VTNY,724,2025-12-30,2025-12-31
WAPO,2711,2025-12-30,2025-12-31
WEGE,1987,2025-12-30,2025-12-31
WEHA,2711,2025-12-30,2025-12-31
WGSH,977,2025-12-30,2025-12-31
WICO,2711,2025-12-30,2025-12-31
WIDI,593,2025-12-30,2025-12-31
WIFI,1206,2025-12-30,2025-12-31
WIIM,2710,2025-12-30,2025-12-31
WIKA,2710,2025-12-30,2025-12-31
WINE,706,2025-12-30,2025-12-31
WINR,882,2025-12-30,2025-12-31
WINS,2711,2025-12-30,2025-12-31
WIRG,896,2025-12-30,2025-12-31
WMPP,977,2025-12-30,2025-12-31
WMUU,1184,2025-12-30,2025-12-31
WOMF,2711,2025-12-30,2025-12-31
WOOD,2102,2025-12-30,2025-12-31
WOWS,1482,2025-12-30,2025-12-31
WSBP,2290,2025-12-30,2025-12-31
WTON,2702,2025-12-30,2025-12-31
YELO,1751,2025-12-30,2025-12-31
YPAS,2710,2025-12-30,2025-12-31
YULE,2710,2025-12-30,2025-12-31
ZATA,749,2025-12-30,2025-12-31
ZBRA,2711,2025-12-30,2025-12-31
ZINC,2020,2025-12-30,2025-12-31
ZONE,1717,2025-12-30,2025-12-31
ZYRX,1146,2025-12-30,2025-12-31
