model,cost_bps,period,months,strategy_total_return,benchmark_total_return,strategy_cagr,benchmark_cagr,excess_cagr,strategy_volatility,strategy_sharpe_rf0,strategy_max_drawdown,benchmark_max_drawdown,active_hit_rate,information_ratio,beta_to_benchmark,annualized_alpha_rf0,average_monthly_turnover
cap500_composite,25.0,2019-01-31_2019-12-31,12,0.05594872112288041,-0.0907583313333864,0.05594872112288041,-0.0907583313333864,0.1467070524562668,0.2937053975776226,0.3260243769357191,-0.2176543800263795,-0.08173242622854304,0.5833333333333334,0.7208856589054686,1.4876946693005446,0.2557193176025694,0.6111111111111112
cap500_composite,25.0,2019-02-28_2020-01-31,12,-0.019739678060918364,-0.15374678206850467,-0.019739678060918364,-0.15374678206850467,0.1340071040075863,0.30538971134286047,0.07984011732179407,-0.2176543800263796,-0.157070533612218,0.5833333333333334,0.7088063950035186,1.3562717220764273,0.26740780933383546,0.5833333333333334
cap500_composite,25.0,2019-03-31_2020-02-29,12,-0.10753897576961424,-0.2983301643039218,-0.10753897576961424,-0.2983301643039218,0.19079118853430754,0.29298078624399737,-0.24742338946826153,-0.15305050502456996,-0.2968733323797681,0.5833333333333334,0.8976907858385716,0.5459240059431003,0.11314467491791458,0.5555555555555555
cap500_composite,25.0,2019-04-30_2020-03-31,12,-0.13021875155819596,-0.26938100433105683,-0.13021875155819596,-0.26938100433105683,0.13916225277286087,0.30700492838424237,-0.3038278349794307,-0.32483969966574844,-0.2897384073692094,0.5833333333333334,0.5808255540294353,0.2755723962416929,-0.013595850647223795,0.5833333333333334
cap500_composite,25.0,2019-05-31_2020-04-30,12,-0.1089095009633142,-0.23441422140073764,-0.1089095009633142,-0.23441422140073764,0.12550472043742344,0.30491450531290143,-0.22905970523199956,-0.33841031799120735,-0.2897384073692094,0.5833333333333334,0.5101572924141756,0.24619875671624675,-0.010019572280508093,0.5555555555555556
cap500_composite,25.0,2019-06-30_2020-05-31,12,-0.23329578551420727,-0.22854562482453433,-0.23329578551420727,-0.22854562482453433,-0.004750160689672933,0.2936504654266323,-0.7531105757428751,-0.38297189168885293,-0.2897384073692095,0.5,0.03911668179583794,0.06626049734037076,-0.1872767078385189,0.5833333333333334
cap500_composite,25.0,2019-07-31_2020-06-30,12,-0.07278530001838501,-0.1941752572672133,-0.07278530001838501,-0.1941752572672133,0.12138995724882828,0.35712298046769403,-0.044857580938564304,-0.38297189168885293,-0.2827760862119635,0.5833333333333334,0.46381223762735496,0.36130054083753443,0.053982575831532875,0.5833333333333334
cap500_composite,25.0,2019-08-31_2020-07-31,12,-0.20020350504633422,-0.1722348942847023,-0.20020350504633422,-0.1722348942847023,-0.02796861076163193,0.35046629456636474,-0.46969462716024174,-0.38297189168885293,-0.27948217627529803,0.5,-0.0037041957507186712,0.30152824903700587,-0.1094865083954073,0.5555555555555556
cap500_composite,25.0,2019-09-30_2020-08-31,12,-0.16469764124016628,-0.21057570090232802,-0.16469764124016628,-0.21057570090232802,0.04587805966216174,0.35130661980762834,-0.3456476171314304,-0.38297189168885304,-0.27948217627529803,0.5833333333333334,0.2245160851800698,0.24870946817015108,-0.06742752156232545,0.5833333333333334
cap500_composite,25.0,2019-10-31_2020-09-30,12,-0.06575732203046791,-0.1766274605970889,-0.06575732203046791,-0.1766274605970889,0.11087013856662098,0.4182274749207292,0.023829213661270585,-0.38297189168885293,-0.2794821762752979,0.5833333333333334,0.41761832614102307,0.4955192888908792,0.0956556485192408,0.5555555555555555
cap500_composite,25.0,2019-11-30_2020-10-31,12,-0.08091055827561877,-0.06643817837031618,-0.08091055827561877,-0.06643817837031618,-0.01447237990530259,0.41833951639557176,-0.015168999981746839,-0.38297189168885293,-0.2794821762752979,0.5,0.06780167252732712,0.4016001967568514,0.008050640050691449,0.49999999999999994
cap500_composite,25.0,2019-12-31_2020-11-30,12,0.020078190666201978,-0.050871312509224054,0.020078190666201978,-0.050871312509224054,0.07094950317542603,0.45843397458333573,0.24519013475734044,-0.3368809884880939,-0.2358764964179022,0.5,0.288422559273126,0.5341582148925212,0.12925883219689838,0.5
cap500_composite,25.0,2020-01-31_2020-12-31,12,0.2737248809380697,-0.013079995771551722,0.2737248809380697,-0.013079995771551722,0.2868048767096214,0.47315786089004946,0.7265537934899233,-0.28262402189386937,-0.16758179221927783,0.5833333333333334,0.6722288387141717,0.43151942529924747,0.39217489676437567,0.5555555555555555
cap500_composite,25.0,2020-02-29_2021-01-31,12,0.8354989197517901,0.14471568274700242,0.8354989197517901,0.14471568274700242,0.6907832370047877,0.5452814265044399,1.3781236391176495,-0.2714700085758397,-0.07033476780972703,0.5833333333333334,1.0882848130913185,0.5641344211349745,0.8972679479416097,0.5277777777777778
cap500_composite,25.0,2020-03-31_2021-02-28,12,1.3035959664811325,0.3187076559568369,1.3035959664811325,0.3187076559568369,0.9848883105242956,0.5636435396595878,1.778757445686697,-0.08610131844885571,-0.07033476780972703,0.5833333333333334,1.2303526599283787,0.2233725569550662,1.4656127278398556,0.5555555555555556
cap500_composite,25.0,2020-04-30_2021-03-31,12,1.840496235215877,0.2712264885896778,1.840496235215877,0.2712264885896778,1.5692697466261991,0.4859246347994147,2.445608231579584,-0.06735530330875605,-0.07033476780972714,0.5833333333333334,1.9201065067281013,0.4979066798643938,1.7649252576579584,0.5277777777777777
cap500_composite,25.0,2020-05-31_2021-04-30,12,2.059429407570975,0.2511461011810818,2.059429407570975,0.2511461011810818,1.808283306389893,0.4713765919784236,2.681312090431181,-0.06729394984227277,-0.07033476780972703,0.6666666666666666,2.167501450063597,0.47724975034024847,1.9980192805160448,0.5277777777777778
cap500_composite,25.0,2020-06-30_2021-05-31,12,2.6627289376448466,0.22018559574957508,2.6627289376448466,0.22018559574957508,2.442543341895272,0.43212165268500646,3.3504898425532224,-0.06729394984227277,-0.07033476780972703,0.75,2.8851713678660778,0.5654602477820355,2.5205746754204834,0.5
cap500_composite,25.0,2020-07-31_2021-06-30,12,3.3178516265302305,0.1787337447456181,3.3178516265302305,0.1787337447456181,3.139117881784612,0.5112690806516714,3.24636535939971,-0.01703672352811758,-0.07033476780972703,0.75,2.8961973298181594,0.4933938114050961,3.3805478022475945,0.5
cap500_composite,25.0,2020-08-31_2021-07-31,12,3.7240018014705107,0.17406019021811336,3.7240018014705107,0.17406019021811336,3.5499416112523976,0.4793080313143793,3.645879619838346,-0.01703672352811736,-0.0471551797914731,0.8333333333333334,3.2915816031662106,0.5220017591711904,3.7202959641217443,0.49999999999999994
cap500_composite,25.0,2020-09-30_2021-08-31,12,2.6660581225743045,0.29094300690606567,2.6660581225743045,0.29094300690606567,2.3751151156682386,0.5881164272623876,2.5844891739599545,-0.2115862860692197,-0.0471551797914731,0.75,2.0824511528511285,0.0651162944794258,3.1194928887650333,0.5
cap500_composite,25.0,2020-10-31_2021-09-30,12,1.8503240777811096,0.285307502281577,1.8503240777811096,0.285307502281577,1.5650165754995327,0.5944859353645452,2.0924211819787204,-0.23947747988704016,-0.04715517979147299,0.6666666666666666,1.5791238294189662,-0.3953815650607015,2.5860356187072417,0.5
cap500_composite,25.0,2020-11-30_2021-10-31,12,2.1460632676659777,0.164192612882329,2.1460632676659777,0.164192612882329,1.9818706547836487,0.5816801322743129,2.3149621116438066,-0.23947747988704005,-0.04715517979147299,0.75,2.0217709631159906,0.23660744604610992,2.463921589196885,0.5833333333333333
cap500_composite,25.0,2020-12-31_2021-11-30,12,1.0596428383466057,0.10075285366229347,1.0596428383466057,0.10075285366229347,0.9588899846843122,0.6565526487917901,1.4200783190860078,-0.34783705636872564,-0.04715517979147321,0.6666666666666666,1.2471032917072775,-0.20385468391647169,1.5016505613497118,0.5555555555555555
cap500_composite,25.0,2021-01-31_2021-12-31,12,0.9104488162155022,0.1311417024200292,0.9104488162155022,0.1311417024200292,0.779307113795473,0.6501454238785058,1.3046225129471407,-0.34783705636872564,-0.04715517979147299,0.6666666666666666,1.0987767223049811,0.09145382590213257,1.244846709648332,0.5277777777777778
cap500_composite,25.0,2021-02-28_2022-01-31,12,0.6684779500237878,0.1035559333431273,0.6684779500237878,0.1035559333431273,0.5649220166806606,0.5957687913747414,1.1405103504852632,-0.34783705636872575,-0.008710521467504728,0.6666666666666666,0.9301528265340744,-1.9143805390995101,1.3257970420699534,0.5555555555555556
cap500_composite,25.0,2021-03-31_2022-02-28,12,0.36481424819791264,0.1814244316261513,0.36481424819791264,0.1814244316261513,0.18338981657176134,0.5635569657214307,0.8065956427841638,-0.34783705636872564,-0.008710521467504728,0.5833333333333334,0.49982494348912,-0.5548850122523142,0.7099274462242002,0.5833333333333334
cap500_composite,25.0,2021-04-30_2022-03-31,12,0.4546615310052997,0.2056999327796627,0.4546615310052997,0.2056999327796627,0.24896159822563702,0.560384118939092,0.9266361627724272,-0.34783705636872564,-0.008710521467504728,0.6666666666666666,0.5791109784933447,-0.7997230429248982,0.9216627763238996,0.638888888888889
cap500_composite,25.0,2021-05-31_2022-04-30,12,0.6388026787985002,0.20202014645819677,0.6388026787985002,0.20202014645819677,0.4367825323403034,0.5791571724936282,1.1272853797293627,-0.34783705636872564,-0.011058901373715124,0.6666666666666666,0.7845542999540317,-1.8365750553022167,1.604457324109612,0.638888888888889
cap500_composite,25.0,2021-06-30_2022-05-31,12,0.2593354075953087,0.1547230806668567,0.2593354075953087,0.1547230806668567,0.10461232692845202,0.6059769993094457,0.6507427284938464,-0.34783705636872575,-0.04389760737316839,0.5833333333333334,0.40785791463334503,0.5703173449944389,0.3583754084511048,0.6666666666666666
cap500_composite,25.0,2021-07-31_2022-06-30,12,-0.1595545464272976,0.14515293481688385,-0.1595545464272976,0.14515293481688385,-0.30470748124418146,0.46263324701417335,-0.1519999069362997,-0.34783705636872564,-0.04389760737316839,0.5,-0.4526759739630955,0.5067555128387279,-0.13205197599371876,0.638888888888889
cap500_composite,25.0,2021-08-31_2022-07-31,12,0.05871734381379046,0.16719366722844042,0.05871734381379046,0.16719366722844042,-0.10847632341464997,0.5472392876798715,0.35578186289976044,-0.2147355806638549,-0.04389760737316839,0.5,0.06739675634557736,1.4248026604244866,-0.03078183528365719,0.6666666666666666
cap500_composite,25.0,2021-09-30_2022-08-31,12,0.42734342955705573,0.11990803732841937,0.42734342955705573,0.11990803732841937,0.30743539222863636,0.48824536197352136,0.9610108716255656,-0.214735580663855,-0.04389760737316817,0.5833333333333334,0.7438354144410502,1.470117761581538,0.3409343762026025,0.6666666666666666
cap500_composite,25.0,2021-10-31_2022-09-30,12,0.3766454297733941,0.07700156092153554,0.3766454297733941,0.07700156092153554,0.29964386885185856,0.4951009757693805,0.8785006030815135,-0.214735580663855,-0.04389760737316828,0.5833333333333334,0.7587246230710424,2.5004639253743495,0.2712913623260873,0.6666666666666666
cap500_composite,25.0,2021-11-30_2022-10-31,12,0.38563098419824593,0.0837751064100245,0.38563098419824593,0.0837751064100245,0.3018558777882214,0.4960272722454272,0.8912296863030136,-0.20009974872380853,-0.04389760737316839,0.5833333333333334,0.7603805984759128,2.6328203898296523,0.24723336494258596,0.6666666666666666
cap500_composite,25.0,2021-12-31_2022-11-30,12,1.502794435788048,0.04089310124175727,1.502794435788048,0.04089310124175727,1.4619013345462908,0.5471462455972124,1.9650921672773423,-0.20009974872380842,-0.052330809109684795,0.6666666666666666,1.8661147219276697,0.04716371813653165,1.7950335591297617,0.6388888888888888
cap500_composite,25.0,2022-01-31_2022-12-31,12,1.2543909086367555,0.03139589518781816,1.2543909086367555,0.03139589518781816,1.2229950134489374,0.5599877439294335,1.7290204510602647,-0.20009974872380842,-0.0538908420070876,0.5833333333333334,1.6546517429394174,0.1386878692244049,1.5263224183168451,0.6666666666666666
cap500_composite,25.0,2022-02-28_2023-01-31,12,1.060409796539823,-0.006523085673795559,1.060409796539823,-0.006523085673795559,1.0669328822136186,0.5527691461716943,1.5705096117425053,-0.20009974872380842,-0.053890842007087936,0.5833333333333334,1.5510289119741585,-0.46716357599746233,1.3080731510017949,0.6944444444444443
cap500_composite,25.0,2022-03-31_2023-02-28,12,1.0153487764225453,-0.03763942955797195,1.0153487764225453,-0.03763942955797195,1.0529882059805171,0.5558837200974135,1.5219390206447738,-0.20009974872380853,-0.05860315994470999,0.5833333333333334,1.573470773553324,-0.0756191176065121,1.2591173532128184,0.6388888888888888
cap500_composite,25.0,2022-04-30_2023-03-31,12,0.9326986710374598,-0.0433257664262765,0.9326986710374598,-0.0433257664262765,0.9760244374637363,0.5594575744991255,1.4354184439750943,-0.2000997487238083,-0.052003665957635614,0.5,1.4952021297857618,-0.25925428492398905,1.153436033007662,0.6388888888888888
cap500_composite,25.0,2022-05-31_2023-04-30,12,0.27588180186708255,-0.07213752035282106,0.27588180186708255,-0.07213752035282106,0.3480193222199036,0.6071423102228217,0.6571285674061638,-0.22020591064884654,-0.07596598010903766,0.4166666666666667,0.7917823131412649,1.7946968802207888,0.6768034338349704,0.6388888888888888
cap500_composite,25.0,2022-06-30_2023-05-31,12,0.5004712122900057,-0.0361282154897381,0.5004712122900057,-0.0361282154897381,0.5365994277797438,0.5776583733243948,0.9521273848866574,-0.22020591064884665,-0.07596598010903755,0.5,1.017397717959232,0.8728716649419505,0.7621114205577395,0.638888888888889
cap500_composite,25.0,2022-07-31_2023-06-30,12,0.7202332531131341,-0.0028433046031512976,0.7202332531131341,-0.0028433046031512976,0.7230765577162854,0.5643584015147705,1.2165073196482914,-0.22020591064884665,-0.07596598010903743,0.5833333333333334,1.226179641561972,0.887408313978213,0.949187001526741,0.6666666666666666
cap500_composite,25.0,2022-08-31_2023-07-31,12,0.308644958116461,-0.031389184091800915,0.308644958116461,-0.031389184091800915,0.3400341422082619,0.5098355511328955,0.7433449460760583,-0.22020591064884676,-0.0655917893195096,0.5,0.7829514370885298,-0.5873381243880703,0.4282107030823523,0.6111111111111112
cap500_composite,25.0,2022-09-30_2023-08-31,12,0.47130956920901945,-0.014331580574544756,0.47130956920901945,-0.014331580574544756,0.4856411497835642,0.5351854989165201,0.9550058694767524,-0.22020591064884665,-0.06559178931950937,0.5,0.9596387627467762,-0.5367561676488937,0.6393847376279311,0.638888888888889
cap500_composite,25.0,2022-10-31_2023-09-30,12,0.4750623310140605,-0.04883569016310929,0.4750623310140605,-0.04883569016310929,0.5238980211771698,0.5346476197341293,0.9604050925284988,-0.22020591064884676,-0.06327241269436523,0.5,1.0438882426052551,0.2578797338711701,0.6727947987972327,0.6666666666666666
cap500_composite,25.0,2022-11-30_2023-10-31,12,0.347130464672996,-8.074453772832779e-05,0.347130464672996,-8.074453772832779e-05,0.34721120921072435,0.5321795183416453,0.7857310459966715,-0.22020591064884676,-0.04084242285001627,0.4166666666666667,0.7660947322655681,-0.04797939138098078,0.5086355325506859,0.638888888888889
cap500_composite,25.0,2022-12-31_2023-11-30,12,-0.35341920263848925,0.06162621592425688,-0.35341920263848925,0.06162621592425688,-0.4150454185627461,0.4583023020914063,-0.6970360437126805,-0.37354910758489324,-0.04084242285001627,0.3333333333333333,-0.8482606123045573,0.9002089486665663,-0.3179504441585055,0.6666666666666666
cap500_composite,25.0,2023-01-31_2023-12-31,12,-0.3382405044148781,0.05389394652891433,-0.3382405044148781,0.05389394652891433,-0.3921344509437924,0.45872555485493777,-0.6467151535823248,-0.37760286481893424,-0.04084242285001627,0.4166666666666667,-0.7794127937718863,0.8418051894045103,-0.2946245253338692,0.638888888888889
cap500_composite,25.0,2023-02-28_2024-01-31,12,-0.42547192200643347,0.06910062416905749,-0.42547192200643347,0.06910062416905749,-0.49457254617549096,0.4507475355816895,-0.9690984069479675,-0.4216771259900475,-0.04084242285001627,0.3333333333333333,-1.1409495558601348,0.8324527103544033,-0.3972009530264151,0.5833333333333334
cap500_composite,25.0,2023-03-31_2024-02-29,12,-0.36230921631815427,0.07105311702696282,-0.36230921631815427,0.07105311702696282,-0.4333623333451171,0.4700675271926014,-0.6980133668158551,-0.4216771259900475,-0.04084242285001627,0.4166666666666667,-0.8583645195494115,0.6978861219346192,-0.3194144354973508,0.6388888888888888
cap500_composite,25.0,2023-04-30_2024-03-31,12,-0.36169615242154685,0.04605177038880415,-0.36169615242154685,0.04605177038880415,-0.407747922810351,0.4701403586830246,-0.6958507271830198,-0.4154231433878066,-0.028914327222309355,0.5,-0.8021819345048399,0.5898127011378488,-0.3032241769093821,0.611111111111111
cap500_composite,25.0,2023-05-31_2024-04-30,12,-0.26776819011941444,0.05087612226469651,-0.26776819011941444,0.05087612226469651,-0.31864431238411095,0.432489536744705,-0.4893551755621835,-0.41902306607182527,-0.04720745865673304,0.5,-0.5962028361561257,-0.17442465713155786,-0.18461114656600652,0.5833333333333333
cap500_composite,25.0,2023-06-30_2024-05-31,12,-0.22528162389522977,0.06029804021364593,-0.22528162389522977,0.06029804021364593,-0.2855796641088757,0.4403227250358736,-0.34768252962440066,-0.41902306607182516,-0.04720745865673304,0.5,-0.4782211096377008,-0.0708450445261032,-0.13896112516704473,0.5833333333333334
cap500_composite,25.0,2023-07-31_2024-06-30,12,-0.2651325349605842,0.046802268590376395,-0.2651325349605842,0.046802268590376395,-0.3119348035509606,0.4325766046581907,-0.48100436222794724,-0.4190230660718254,-0.04720745865673304,0.4166666666666667,-0.5744490447727247,-0.45484298809909385,-0.17077392308648476,0.5277777777777778
cap500_composite,25.0,2023-08-31_2024-07-31,12,-0.271185083248358,0.10318514893952901,-0.271185083248358,0.10318514893952901,-0.374370232187887,0.4327483560384274,-0.4994251544499511,-0.41902306607182527,-0.04720745865673315,0.4166666666666667,-0.7055465608028442,-0.39570312667766533,-0.1619446528695896,0.5833333333333334
cap500_composite,25.0,2023-09-30_2024-08-31,12,-0.3175676312121213,0.08473288946892565,-0.3175676312121213,0.08473288946892565,-0.40230052068104694,0.3971164892089602,-0.7357524709102612,-0.37949089580294637,-0.04720745865673315,0.4166666666666667,-0.8942222065462414,-0.5390031057996502,-0.219813442240699,0.5555555555555556
cap500_composite,25.0,2023-10-31_2024-09-30,12,-0.20033102627721788,0.12170948346779942,-0.20033102627721788,0.12170948346779942,-0.3220405097450173,0.410332714026673,-0.3215511029605167,-0.37949089580294637,-0.047207458656732815,0.5,-0.5724357145947203,-0.8709459803643225,-0.027554662002713726,0.5555555555555556
cap500_composite,25.0,2023-11-30_2024-10-31,12,-0.31836191346290155,0.004734660022875703,-0.31836191346290155,0.004734660022875703,-0.32309657348577725,0.4307412672549934,-0.6502869946110377,-0.1443493273418508,-0.07254414974326939,0.5,-0.654835648630229,0.03441665753508759,-0.24706925209085662,0.5555555555555556
cap500_composite,25.0,2023-12-31_2024-11-30,12,-0.01764427580052441,-0.026522408525777696,-0.01764427580052441,-0.026522408525777696,0.008878132725253285,0.286106726439354,0.0707202631873772,-0.1605050518914154,-0.07702368625268241,0.5,0.1555379757195888,0.8970747572742135,0.040579929816111804,0.5833333333333334
cap500_composite,25.0,2024-01-31_2024-12-31,12,0.18024649348889632,-0.013699490369203038,0.18024649348889632,-0.013699490369203038,0.19394598385809936,0.34402284644219555,0.6405827943188983,-0.1605050518914155,-0.07702368625268208,0.5,0.6979825830309443,0.9873069211172075,0.25471725687296276,0.5555555555555556
cap500_composite,25.0,2024-02-29_2025-01-31,12,0.09935753459521313,-0.14290566323586873,0.09935753459521313,-0.14290566323586873,0.24226319783108186,0.3681102268492412,0.42680313487064686,-0.1605050518914155,-0.18252959118595857,0.5,0.9657107172021271,1.3299530353632245,0.40603918620168566,0.5833333333333334
cap500_composite,25.0,2024-03-31_2025-02-28,12,-0.03746343710954836,-0.10676537761977256,-0.03746343710954836,-0.10676537761977256,0.0693019405102242,0.35918029417331526,0.0571361742404506,-0.17379402925667942,-0.1825295911859588,0.4166666666666667,0.38434216767388,1.0875693842858125,0.13693226164547934,0.5833333333333334
cap500_composite,25.0,2024-04-30_2025-03-31,12,0.05529661343541492,-0.06461005552580057,0.05529661343541492,-0.06461005552580057,0.11990666896121549,0.37315072017073,0.31472363526144653,-0.17379402925667942,-0.18252959118595868,0.4166666666666667,0.5365956864298903,1.169473360088719,0.19483150169595143,0.5555555555555555
cap500_composite,25.0,2024-05-31_2025-04-30,12,0.13186211999825637,0.02942056800377868,0.13186211999825637,0.02942056800377868,0.10244155199447769,0.3576659028754565,0.5110083824057785,-0.1737940292566793,-0.18252959118595857,0.4166666666666667,0.4241886934070495,0.8321439925393521,0.1564112789213694,0.5833333333333334
cap500_composite,25.0,2024-06-30_2025-05-31,12,0.14738911493417528,-0.019239253194651806,0.14738911493417528,-0.019239253194651806,0.1666283681288271,0.3602953110298422,0.5479274466520677,-0.1737940292566793,-0.18252959118595835,0.4166666666666667,0.5890896289793855,0.6986767951397147,0.21960794889752777,0.5833333333333334
cap500_composite,25.0,2024-07-31_2025-06-30,12,0.19633290265604209,0.03150250800801424,0.19633290265604209,0.03150250800801424,0.16483039464802784,0.3625406066216276,0.663821675280481,-0.17379402925667942,-0.1825295911859589,0.4166666666666667,0.5583466444353633,0.679038166975212,0.22813012497315865,0.611111111111111
cap500_composite,25.0,2024-08-31_2025-07-31,12,0.760384920647686,0.02082724764079913,0.760384920647686,0.02082724764079913,0.7395576730068869,0.5389146552177424,1.2950599671610499,-0.17379402925667953,-0.1720911800730176,0.5,1.3716989180230614,1.288906377229117,0.8808207854995032,0.638888888888889
cap500_composite,25.0,2024-09-30_2025-08-31,12,0.319499369796153,0.07082064647411035,0.319499369796153,0.07082064647411035,0.24867872332204266,0.5759973954570843,0.7251368112519505,-0.17379402925667942,-0.1720911800730176,0.4166666666666667,0.6263615118116271,1.1917497342844758,0.36446291222903304,0.638888888888889
cap500_composite,25.0,2024-10-31_2025-09-30,12,-0.06306339013804607,0.07787885846139209,-0.06306339013804607,0.07787885846139209,-0.14094224859943816,0.6260793537633498,0.1609887030455522,-0.349064065788693,-0.11858833109117162,0.3333333333333333,0.013412596291262627,1.155921337770641,-0.006618884102078226,0.6666666666666666
cap500_composite,25.0,2024-11-30_2025-10-31,12,0.4138159323520818,0.1960061542824556,0.4138159323520818,0.1960061542824556,0.2178097780696262,0.6606816178265031,0.8117349216122441,-0.34906406578869287,-0.11795970406671652,0.4166666666666667,0.5435998051955474,1.1766722625975263,0.3525350565702172,0.6666666666666666
cap500_composite,25.0,2024-12-31_2025-11-30,12,0.6302502792077427,0.22133541890163522,0.6302502792077427,0.22133541890163522,0.40891486030610746,0.6619864300282893,1.0370199624153156,-0.34906406578869287,-0.11795970406671652,0.5,0.7453108242045471,1.1412964036006155,0.5388685864962732,0.6666666666666666
cap500_composite,25.0,2025-01-31_2025-12-31,12,0.13329884942547232,0.17166648362633885,0.13329884942547232,0.17166648362633885,-0.03836763420086653,0.679918427795622,0.47450530464407864,-0.34906406578869287,-0.03669877287899381,0.4166666666666667,0.23303890634506053,1.4541259306349088,0.0685914551209923,0.6944444444444445
cap500_composite,25.0,2025-02-28_2026-01-31,12,0.04758717032547399,0.31334945156909844,0.04758717032547399,0.31334945156909844,-0.26576228124362444,0.7001575093828966,0.3679117029458779,-0.3729088104885425,-0.04758367670999886,0.4166666666666667,-0.03806920819644184,2.180924719092282,-0.30553128814481356,0.6944444444444445
cap500_composite,25.0,2025-03-31_2026-02-28,12,-0.18600931315898317,0.08257309459079365,-0.18600931315898317,0.08257309459079365,-0.2685824077497768,0.7512953533356742,0.05767306741047657,-0.5317924833400742,-0.18488813271044613,0.4166666666666667,-0.08557016502942245,1.899743188887468,-0.13773933363443402,0.6944444444444445
cap500_composite,25.0,2025-04-30_2026-03-31,12,0.016413660924794238,0.028079656548997578,0.016413660924794238,0.028079656548997578,-0.01166599562420334,0.8359660540760219,0.37982572376938517,-0.5317924833400745,-0.19546042589812018,0.4166666666666667,0.3482471710808003,1.6819966485999598,0.2642089205559217,0.75
cap500_composite,25.0,2025-05-31_2026-04-30,12,-0.20017346364541888,-0.14610708694572017,-0.20017346364541888,-0.14610708694572017,-0.054066376699698715,0.8766055890239723,0.12744995018206137,-0.5317924833400742,-0.29138146686445754,0.4166666666666667,0.3125707620533407,2.0465679459038983,0.45532137777683857,0.7222222222222222
cap500_composite,25.0,2025-06-30_2026-05-31,12,-0.16294798896259433,-0.18541351506394133,-0.16294798896259433,-0.18541351506394133,0.022465526101347,0.8826039055918229,0.1836532182654569,-0.5317924833400743,-0.34737666250868915,0.4166666666666667,0.4243211309612986,1.7679340351300383,0.5909161878266371,0.6944444444444443
cap500_composite,25.0,2025-07-31_2026-06-30,12,-0.18621788242055048,-0.1667764227923394,-0.18621788242055048,-0.1667764227923394,-0.01944145962821109,0.8815099122250536,0.15054453106009452,-0.5317924833400745,-0.34737666250868904,0.4166666666666667,0.3539372946828361,1.563909368663831,0.4388833895698754,0.6944444444444443
cap500_composite,25.0,2025-08-31_2026-07-31,11,-0.42976720572526816,-0.20361006057922837,-0.4581549422170891,-0.2199234939209873,-0.23823144829610177,0.7925713427979925,-0.40521537187580975,-0.5075774040509162,-0.34737666250868904,0.36363636363636365,-0.14345106656018763,1.1746748818402497,-0.06583977834064625,0.6666666666666665
cap500_rank_ridge,25.0,2019-01-31_2019-12-31,12,0.05816335319862831,-0.0907583313333864,0.05816335319862831,-0.0907583313333864,0.1489216845320147,0.1269428596627404,0.5021783835255373,-0.05185475334298484,-0.08173242622854304,0.5833333333333334,1.1806254293426701,0.4560390696350616,0.11005328917938617,0.6388888888888888
cap500_rank_ridge,25.0,2019-02-28_2020-01-31,12,0.0563997476099638,-0.15374678206850467,0.0563997476099638,-0.15374678206850467,0.21014652967846847,0.1270298585403771,0.48871418194285876,-0.05185475334298484,-0.157070533612218,0.5833333333333334,1.501904724372375,0.3258713999577141,0.1198458170925989,0.6944444444444443
cap500_rank_ridge,25.0,2019-03-31_2020-02-29,12,0.05375874824093896,-0.2983301643039218,0.05375874824093896,-0.2983301643039218,0.35208891254486074,0.1271654580871511,0.46853362772494583,-0.05185475334298484,-0.2968733323797681,0.6666666666666666,1.9031835417227747,0.16663466225883652,0.12078422278519652,0.7777777777777777
cap500_rank_ridge,25.0,2019-04-30_2020-03-31,12,-0.004473475395512905,-0.26938100433105683,-0.004473475395512905,-0.26938100433105683,0.2649075289355439,0.14079604160366344,0.03068165440716727,-0.08089365930578385,-0.2897384073692094,0.5833333333333334,1.221504240419191,0.05637427128386436,0.020798463506040532,0.8333333333333331
cap500_rank_ridge,25.0,2019-05-31_2020-04-30,12,0.012112466826828427,-0.23441422140073764,0.012112466826828427,-0.23441422140073764,0.24652668822756607,0.13517938084919573,0.1488126599717418,-0.11403498470299744,-0.2897384073692094,0.5833333333333334,1.0642795880121991,0.006067705318419211,0.02180458070881408,0.8055555555555554
cap500_rank_ridge,25.0,2019-06-30_2020-05-31,12,-0.0879725881920359,-0.22854562482453433,-0.0879725881920359,-0.22854562482453433,0.14057303663249843,0.06991218986709853,-1.2793160239668495,-0.11551159306182612,-0.2897384073692095,0.5,0.5992882600456236,-0.11301200142661652,-0.1100201807321678,0.8055555555555554
cap500_rank_ridge,25.0,2019-07-31_2020-06-30,12,-0.08143589638480786,-0.1941752572672133,-0.08143589638480786,-0.1941752572672133,0.11273936088240544,0.07082436537837417,-1.1618952397058278,-0.11551159306182635,-0.2827760862119635,0.5,0.4333354184990155,-0.0872027983090999,-0.09451450676061357,0.8055555555555555
cap500_rank_ridge,25.0,2019-08-31_2020-07-31,12,-0.08534765608640771,-0.1722348942847023,-0.08534765608640771,-0.1722348942847023,0.08688723819829458,0.06960149237863902,-1.2443115508020695,-0.11551159306182601,-0.27948217627529803,0.4166666666666667,0.3076587191842525,-0.07622879142290138,-0.09467253370261675,0.75
cap500_rank_ridge,25.0,2019-09-30_2020-08-31,12,-0.10485794028325435,-0.21057570090232802,-0.10485794028325435,-0.21057570090232802,0.10571776061907368,0.0634137173962443,-1.708863000078172,-0.1053860361103216,-0.27948217627529803,0.4166666666666667,0.39364618203865037,-0.07329975983463272,-0.11686735117076519,0.7222222222222222
cap500_rank_ridge,25.0,2019-10-31_2020-09-30,12,-0.05839482191260714,-0.1766274605970889,-0.05839482191260714,-0.1766274605970889,0.11823263868448175,0.07999189871658155,-0.7131595224372781,-0.1014144134748457,-0.2794821762752979,0.4166666666666667,0.42621274975514467,-0.0041828509898742885,-0.056233304131808604,0.6944444444444443
cap500_rank_ridge,25.0,2019-11-30_2020-10-31,12,0.06131777881023259,-0.06643817837031618,0.06131777881023259,-0.06643817837031618,0.12775595718054877,0.15004045384023254,0.46339380245342887,-0.09538363772635483,-0.2794821762752979,0.4166666666666667,0.41631294241738986,0.19500925251589102,0.0792444954136533,0.7222222222222222
cap500_rank_ridge,25.0,2019-12-31_2020-11-30,12,0.2498072862998939,-0.050871312509224054,0.2498072862998939,-0.050871312509224054,0.30067859880911796,0.22099407556397013,1.1128955367872926,-0.09462916202804483,-0.2358764964179022,0.5,1.0186640621852843,0.3686206617968418,0.28410997660458803,0.7222222222222222
cap500_rank_ridge,25.0,2020-01-31_2020-12-31,12,0.12054883810283101,-0.013079995771551722,0.12054883810283101,-0.013079995771551722,0.13362883387438274,0.2536249151827461,0.5622744220528068,-0.10416985108233867,-0.16758179221927783,0.4166666666666667,0.445668401445863,0.40835360523449815,0.1433903111879986,0.7777777777777777
cap500_rank_ridge,25.0,2020-02-29_2021-01-31,12,0.22773292055327343,0.14471568274700242,0.22773292055327343,0.14471568274700242,0.08301723780627102,0.2657468679920243,0.895967590118089,-0.10416985108233867,-0.07033476780972703,0.4166666666666667,0.26976653896719216,0.49363542748967715,0.1678257312712519,0.8055555555555555
cap500_rank_ridge,25.0,2020-03-31_2021-02-28,12,0.13208417923291327,0.3187076559568369,0.13208417923291327,0.3187076559568369,-0.18662347672392365,0.28363475493348067,0.5654756568026144,-0.10416985108233878,-0.07033476780972703,0.3333333333333333,-0.6430095658264435,1.1881148741937213,-0.17192681847656188,0.8055555555555555
cap500_rank_ridge,25.0,2020-04-30_2021-03-31,12,0.02886753161569322,0.2712264885896778,0.02886753161569322,0.2712264885896778,-0.24235895697398457,0.3174354542228213,0.23391511818056865,-0.22615413548255114,-0.07033476780972714,0.3333333333333333,-0.782185356842372,1.3456395094553995,-0.23823152387257063,0.8333333333333334
cap500_rank_ridge,25.0,2020-05-31_2021-04-30,12,0.14827655524393935,0.2511461011810818,0.14827655524393935,0.2511461011810818,-0.10286954593714248,0.3208882612251382,0.5800361108178345,-0.22615413548255103,-0.07033476780972703,0.4166666666666667,-0.21358588957208782,1.2185454259175665,-0.10041094672688289,0.8333333333333331
cap500_rank_ridge,25.0,2020-06-30_2021-05-31,12,0.21510368770863875,0.22018559574957508,0.21510368770863875,0.22018559574957508,-0.005081908040936334,0.3227499010054301,0.756708367447297,-0.22615413548255114,-0.07033476780972703,0.5,0.1213522939295804,1.2106969659246545,-0.014362325730120196,0.861111111111111
cap500_rank_ridge,25.0,2020-07-31_2021-06-30,12,0.1272329361580984,0.1787337447456181,0.1272329361580984,0.1787337447456181,-0.05150080858751971,0.3345667143556006,0.5128301559192259,-0.22615413548255103,-0.07033476780972703,0.5,-0.02453276268006445,1.288667227808129,-0.05630358116337386,0.8333333333333331
cap500_rank_ridge,25.0,2020-08-31_2021-07-31,12,-0.08062014389712346,0.17406019021811336,-0.08062014389712346,0.17406019021811336,-0.25468033411523683,0.3855986367253772,-0.03756212356363326,-0.32540888437218796,-0.0471551797914731,0.5,-0.5820764120785322,1.2991781346771938,-0.21568502206910867,0.8888888888888887
cap500_rank_ridge,25.0,2020-09-30_2021-08-31,12,-0.32580103228980417,0.29094300690606567,-0.32580103228980417,0.29094300690606567,-0.6167440391958698,0.4688657267618927,-0.5987218657997495,-0.5061338179435868,-0.0471551797914731,0.4166666666666667,-1.3371147484605566,1.885969228130173,-0.5551921021866221,0.9166666666666665
cap500_rank_ridge,25.0,2020-10-31_2021-09-30,12,-0.30808000707679595,0.285307502281577,-0.30808000707679595,0.285307502281577,-0.5933875093583729,0.4736699639772158,-0.5349383242853523,-0.5061338179435866,-0.04715517979147299,0.5,-1.2469045038405842,1.9407206415862022,-0.544772226349252,0.9444444444444443
cap500_rank_ridge,25.0,2020-11-30_2021-10-31,12,-0.3176500051050498,0.164192612882329,-0.3176500051050498,0.164192612882329,-0.4818426179873788,0.46877770933351814,-0.5736297220188545,-0.5061338179435868,-0.04715517979147299,0.5,-0.9761501475411498,1.5770618849262927,-0.41193188604642306,0.9444444444444443
cap500_rank_ridge,25.0,2020-12-31_2021-11-30,12,-0.42039760168404483,0.10075285366229347,-0.42039760168404483,0.10075285366229347,-0.5211504553463383,0.42063126510188625,-1.0580394345534219,-0.49599490072981445,-0.04715517979147321,0.4166666666666667,-1.3243723572300552,0.8669921846167866,-0.4199038888083987,0.9444444444444443
cap500_rank_ridge,25.0,2021-01-31_2021-12-31,12,-0.3968069434659497,0.1311417024200292,-0.3968069434659497,0.1311417024200292,-0.5279486458859789,0.4158407141577824,-0.9825465993960101,-0.49599490072981434,-0.04715517979147299,0.4166666666666667,-1.3043258528159913,0.7172433176028581,-0.40009452493682485,0.9444444444444443
cap500_rank_ridge,25.0,2021-02-28_2022-01-31,12,-0.44673846928866245,0.1035559333431273,-0.44673846928866245,0.1035559333431273,-0.5502944026317897,0.3947906418045043,-1.2642864157979066,-0.4520420829987528,-0.008710521467504728,0.3333333333333333,-1.4890352551843304,-0.05301502157984544,-0.39599540593056926,0.9444444444444443
cap500_rank_ridge,25.0,2021-03-31_2022-02-28,12,-0.40394294946637466,0.1814244316261513,-0.40394294946637466,0.1814244316261513,-0.585367381092526,0.39360751055120907,-1.0873309165786653,-0.4384679320024132,-0.008710521467504728,0.3333333333333333,-1.479974544042079,-0.6123349021841263,-0.2800998370252171,0.9444444444444443
cap500_rank_ridge,25.0,2021-04-30_2022-03-31,12,-0.2556109887613054,0.2056999327796627,-0.2556109887613054,0.2056999327796627,-0.4613109215409681,0.38896049995309645,-0.5509909369459207,-0.4384679320024131,-0.008710521467504728,0.4166666666666667,-1.007972698535852,-0.887052979183796,-0.044744930142661565,0.9166666666666665
cap500_rank_ridge,25.0,2021-05-31_2022-04-30,12,-0.3048232198894337,0.20202014645819677,-0.3048232198894337,0.20202014645819677,-0.5068433663476305,0.3765799775637818,-0.7579714046424112,-0.4384679320024132,-0.011058901373715124,0.4166666666666667,-1.2276275710351567,-0.365644381345121,-0.19669715362634832,0.9444444444444443
cap500_rank_ridge,25.0,2021-06-30_2022-05-31,12,-0.34172054693724296,0.1547230806668567,-0.34172054693724296,0.1547230806668567,-0.49644362760409966,0.36761731654653074,-0.9289778380440187,-0.39749625635994545,-0.04389760737316839,0.4166666666666667,-1.2832304977080673,-0.3355282351999481,-0.2559454158131603,0.9444444444444443
cap500_rank_ridge,25.0,2021-07-31_2022-06-30,12,-0.292698011744021,0.14515293481688385,-0.292698011744021,0.14515293481688385,-0.43785094656090484,0.36602133112470875,-0.7434042638160054,-0.2679029257644554,-0.04389760737316839,0.4166666666666667,-1.0826525657254986,-0.34697231155563285,-0.2022540776867111,0.9722222222222222
cap500_rank_ridge,25.0,2021-08-31_2022-07-31,12,-0.13648078658748408,0.16719366722844042,-0.13648078658748408,0.16719366722844042,-0.3036744538159245,0.3252717876936659,-0.2777209347967775,-0.07905150742305644,-0.04389760737316839,0.4166666666666667,-0.7328843343877111,-0.2330270239195719,-0.05209799060967857,0.9444444444444443
cap500_rank_ridge,25.0,2021-09-30_2022-08-31,12,0.18331914826957263,0.11990803732841937,0.18331914826957263,0.11990803732841937,0.06341111094115326,0.15901807922050196,1.1369375865762104,-0.07905150742305644,-0.04389760737316817,0.5,0.3716142720738961,0.22711038298519046,0.16556396556010622,0.9166666666666665
cap500_rank_ridge,25.0,2021-10-31_2022-09-30,12,0.1452057863090741,0.07700156092153554,0.1452057863090741,0.07700156092153554,0.06820422538753856,0.15016002091321337,0.9750661636220843,-0.07905150742305633,-0.04389760737316828,0.5,0.404009200849979,-0.1202180169919284,0.16727244333360614,0.8888888888888887
cap500_rank_ridge,25.0,2021-11-30_2022-10-31,12,0.03617243084082156,0.0837751064100245,0.03617243084082156,0.0837751064100245,-0.047602675569202946,0.10927420320904059,0.3757056134369473,-0.07312805276247658,-0.04389760737316839,0.5,-0.34073331027077935,0.1915339608266544,0.02540684509693869,0.8611111111111108
cap500_rank_ridge,25.0,2021-12-31_2022-11-30,12,0.05753151927221145,0.04089310124175727,0.05753151927221145,0.04089310124175727,0.016638418030454183,0.1091873504665034,0.563587674417422,-0.009065201260506361,-0.052330809109684795,0.5833333333333334,0.13692032759810416,0.09464369943327551,0.05896874404894192,0.8333333333333331
cap500_rank_ridge,25.0,2022-01-31_2022-12-31,12,0.1295962020945245,0.03139589518781816,0.1295962020945245,0.03139589518781816,0.09820030690670634,0.07656383031225569,1.6334992279921718,-0.009065201260506361,-0.0538908420070876,0.5833333333333334,0.8777350591879219,0.15417279564353834,0.12660054585102176,0.8055555555555554
cap500_rank_ridge,25.0,2022-02-28_2023-01-31,12,0.10384585996583229,-0.006523085673795559,0.10384585996583229,-0.006523085673795559,0.11036894563962785,0.08210613913836796,1.2446827126714957,-0.023685428785688134,-0.053890842007087936,0.5833333333333334,1.0886026035961394,0.2472220562881878,0.10821270589390108,0.75
cap500_rank_ridge,25.0,2022-03-31_2023-02-28,12,0.16740918721336118,-0.03763942955797195,0.16740918721336118,-0.03763942955797195,0.20504861677133313,0.08836611377016759,1.8022474497005596,-0.023685428785688245,-0.05860315994470999,0.6666666666666666,2.081780126816468,0.39177695358643116,0.18790121773313384,0.6944444444444443
cap500_rank_ridge,25.0,2022-04-30_2023-03-31,12,0.13854544021669146,-0.0433257664262765,0.13854544021669146,-0.0433257664262765,0.18187120664296796,0.07140526622419177,1.859052165663368,-0.023685428785688134,-0.052003665957635614,0.6666666666666666,1.990491961335548,0.1975321220012355,0.15057484283183764,0.722222222222222
cap500_rank_ridge,25.0,2022-05-31_2023-04-30,12,0.21996329584009944,-0.07213752035282106,0.21996329584009944,-0.07213752035282106,0.2921008161929205,0.09623967444603083,2.1258601595341284,-0.023685428785688023,-0.07596598010903766,0.6666666666666666,2.043806566272975,-0.29125509218284285,0.19989243886753205,0.6944444444444443
cap500_rank_ridge,25.0,2022-06-30_2023-05-31,12,0.29869742162618973,-0.0361282154897381,0.29869742162618973,-0.0361282154897381,0.33482563711592783,0.10526038006091419,2.557026704899949,-0.023685428785688134,-0.07596598010903755,0.6666666666666666,2.165136329971737,-0.3760276123497299,0.2885183899706738,0.6944444444444443
cap500_rank_ridge,25.0,2022-07-31_2023-06-30,12,0.34060334503277434,-0.0028433046031512976,0.34060334503277434,-0.0028433046031512976,0.34344664963592564,0.10315798610547455,2.9223774190732823,-0.023685428785687912,-0.07596598010903743,0.6666666666666666,2.1391055621742927,-0.17967051940484458,0.34687416916693303,0.6666666666666666
cap500_rank_ridge,25.0,2022-08-31_2023-07-31,12,0.3314127179643225,-0.031389184091800915,0.3314127179643225,-0.031389184091800915,0.3628019020561234,0.10485789543474396,2.809310741648966,-0.023685428785688134,-0.0655917893195096,0.6666666666666666,2.4333610434477597,-0.10851714658836653,0.3336451785126715,0.6666666666666666
cap500_rank_ridge,25.0,2022-09-30_2023-08-31,12,0.3095701410179603,-0.014331580574544756,0.3095701410179603,-0.014331580574544756,0.3239017215925051,0.10968931487848249,2.535524376423927,-0.023685428785688134,-0.06559178931950937,0.5833333333333334,2.0945446326618313,-0.18971566495310543,0.3135240006010902,0.6666666666666666
cap500_rank_ridge,25.0,2022-10-31_2023-09-30,12,0.2303093153196747,-0.04883569016310929,0.2303093153196747,-0.04883569016310929,0.279145005482784,0.12085576627663888,1.7839516761104364,-0.044449682251305855,-0.06327241269436523,0.5,1.8638637766279453,0.03743459811558941,0.24039193454955776,0.638888888888889
cap500_rank_ridge,25.0,2022-11-30_2023-10-31,12,0.23174328922283616,-8.074453772832779e-05,0.23174328922283616,-8.074453772832779e-05,0.23182403376056449,0.12068542920511262,1.7961395312564683,-0.044449682251305744,-0.04084242285001627,0.4166666666666667,1.3640460480516046,-0.0770934151385294,0.2400118209822597,0.638888888888889
cap500_rank_ridge,25.0,2022-12-31_2023-11-30,12,0.12335071678422316,0.06162621592425688,0.12335071678422316,0.06162621592425688,0.06172450085996628,0.15265058575806595,0.8354279053496602,-0.11410113662550991,-0.04084242285001627,0.3333333333333333,0.3321438341952496,-0.39065448318177787,0.1634343033740342,0.6666666666666666
cap500_rank_ridge,25.0,2023-01-31_2023-12-31,12,0.11598406873768141,0.05389394652891433,0.11598406873768141,0.05389394652891433,0.062090122208767085,0.15347896793265087,0.7883699847636783,-0.1235876069832359,-0.04084242285001627,0.3333333333333333,0.33604317604280126,-0.35565665918499995,0.15047432373348557,0.6666666666666666
cap500_rank_ridge,25.0,2023-02-28_2024-01-31,12,0.06869544021947149,0.06910062416905749,0.06869544021947149,0.06910062416905749,-0.00040518394958599657,0.16724602995212873,0.475074715506919,-0.1771654761394691,-0.04084242285001627,0.3333333333333333,0.04218470289423182,-0.4619296425394891,0.11803936409869564,0.6944444444444445
cap500_rank_ridge,25.0,2023-03-31_2024-02-29,12,0.00025748259059321654,0.07105311702696282,0.00025748259059321654,0.07105311702696282,-0.0707956344363696,0.1625326836765051,0.07593518637150583,-0.19289486362597263,-0.04084242285001627,0.25,-0.29989828944686814,-0.3644446985834098,0.03945351240755124,0.75
cap500_rank_ridge,25.0,2023-04-30_2024-03-31,12,-0.04295076630565109,0.04605177038880415,-0.04295076630565109,0.04605177038880415,-0.08900253669445524,0.15507683215182236,-0.211713446003667,-0.19289486362597263,-0.028914327222309355,0.25,-0.4128538302655227,-0.43619559695126536,-0.011501772859551562,0.7222222222222222
cap500_rank_ridge,25.0,2023-05-31_2024-04-30,12,-0.1289954814671378,0.05087612226469651,-0.1289954814671378,0.05087612226469651,-0.1798716037318343,0.1291357629306054,-1.0037451380115372,-0.20877495414457292,-0.04720745865673304,0.25,-1.235859980763302,0.15777978990565447,-0.12960703716591815,0.7222222222222222
cap500_rank_ridge,25.0,2023-06-30_2024-05-31,12,-0.14162739650679568,0.06029804021364593,-0.14162739650679568,0.06029804021364593,-0.2019254367204416,0.11984519581202643,-1.2104253803586482,-0.2087749541445728,-0.04720745865673304,0.25,-1.526590751099196,0.23516191090597752,-0.14850360510856842,0.6944444444444445
cap500_rank_ridge,25.0,2023-07-31_2024-06-30,12,-0.13924640252006093,0.046802268590376395,-0.13924640252006093,0.046802268590376395,-0.18604867111043732,0.12106881357029196,-1.174508031551671,-0.20707991461639808,-0.04720745865673304,0.3333333333333333,-1.3844627518261616,0.17797148067692953,-0.14089491855542613,0.6944444444444445
cap500_rank_ridge,25.0,2023-08-31_2024-07-31,12,-0.12717798576170003,0.10318514893952901,-0.12717798576170003,0.10318514893952901,-0.23036313470122904,0.12308477167995019,-1.0416033429230345,-0.19644649926012525,-0.04720745865673315,0.3333333333333333,-1.645622696772895,0.26234959156155835,-0.1446411726543686,0.7222222222222222
cap500_rank_ridge,25.0,2023-09-30_2024-08-31,12,-0.076797031171423,0.08473288946892565,-0.076797031171423,0.08473288946892565,-0.16152992064034866,0.13445181039330553,-0.5299105452005882,-0.17398499937646594,-0.04720745865673315,0.4166666666666667,-0.9688262241349574,0.09448265601624942,-0.07657300595788041,0.6944444444444445
cap500_rank_ridge,25.0,2023-10-31_2024-09-30,12,0.02819336422371066,0.12170948346779942,0.02819336422371066,0.12170948346779942,-0.09351611924408876,0.15674440618772756,0.2495454914256974,-0.17398499937646594,-0.047207458656732815,0.5,-0.4344957407237646,-0.038286665520998374,0.04457368640380199,0.7222222222222222
cap500_rank_ridge,25.0,2023-11-30_2024-10-31,12,-0.0378341656420107,0.004734660022875703,-0.0378341656420107,0.004734660022875703,-0.0425688256648864,0.16978766769876566,-0.14876749768442957,-0.10686752340830352,-0.07254414974326939,0.5,-0.19661254539631903,0.349799007179299,-0.028412525322767945,0.7222222222222222
cap500_rank_ridge,25.0,2023-12-31_2024-11-30,12,0.02817513200954136,-0.026522408525777696,0.02817513200954136,-0.026522408525777696,0.054697540535319056,0.15080417770086246,0.25324544877279115,-0.09720007138204367,-0.07702368625268241,0.5,0.4168160970085522,0.591530748351424,0.05233671735586398,0.6666666666666666
cap500_rank_ridge,25.0,2024-01-31_2024-12-31,12,0.08644759177348194,-0.013699490369203038,0.08644759177348194,-0.013699490369203038,0.10014708214268497,0.15551948590270387,0.6060924675261914,-0.07290789620201987,-0.07702368625268208,0.5833333333333334,0.6953549598155523,0.6025215921798663,0.10423647194665486,0.6666666666666666
cap500_rank_ridge,25.0,2024-02-29_2025-01-31,12,0.14915524437107508,-0.14290566323586873,0.14915524437107508,-0.14290566323586873,0.2920609076069438,0.13771794640373256,1.0779188142194465,-0.07290789620201976,-0.18252959118595857,0.6666666666666666,1.9392037923290084,0.4282858236749576,0.23043270519255965,0.6388888888888888
cap500_rank_ridge,25.0,2024-03-31_2025-02-28,12,0.18132575983884047,-0.10676537761977256,0.18132575983884047,-0.10676537761977256,0.28809113745861303,0.1335433472288576,1.317239239809996,-0.07290789620201976,-0.1825295911859588,0.6666666666666666,1.784450636269124,0.38590011915362876,0.23678404910933737,0.5833333333333333
cap500_rank_ridge,25.0,2024-04-30_2025-03-31,12,0.20418935666656712,-0.06461005552580057,0.20418935666656712,-0.06461005552580057,0.2687994121923677,0.1327185606096188,1.4713394594483493,-0.07290789620201987,-0.18252959118595868,0.5833333333333334,1.553859877282744,0.36243380793662383,0.2368422428150263,0.5555555555555555
cap500_rank_ridge,25.0,2024-05-31_2025-04-30,12,0.2937186785142025,0.02942056800377868,0.2937186785142025,0.02942056800377868,0.26429811051042384,0.13082761167519885,2.0493898575321285,-0.07290789620201976,-0.18252959118595857,0.5,1.3816130720920645,0.35299134699690515,0.28400481514654574,0.5555555555555555
cap500_rank_ridge,25.0,2024-06-30_2025-05-31,12,0.25532752317817575,-0.019239253194651806,0.25532752317817575,-0.019239253194651806,0.27456677637282756,0.12744351967455456,1.8594387754389006,-0.07290789620201976,-0.18252959118595835,0.5,1.4596005277150348,0.33128404290632424,0.2661104573543891,0.5555555555555555
cap500_rank_ridge,25.0,2024-07-31_2025-06-30,12,0.36738441242858433,0.03150250800801424,0.36738441242858433,0.03150250800801424,0.3358819044205701,0.16793713787697084,1.9620687017197522,-0.07290789620201987,-0.1825295911859589,0.5,1.678857695317658,0.5041969119490445,0.3510741184962298,0.5555555555555556
cap500_rank_ridge,25.0,2024-08-31_2025-07-31,12,0.34539988125886545,0.02082724764079913,0.34539988125886545,0.02082724764079913,0.3245726336180663,0.1703568538853898,1.8387040212627523,-0.07290789620201965,-0.1720911800730176,0.5,1.623058340038129,0.5042147948440344,0.33697424065558046,0.5555555555555556
cap500_rank_ridge,25.0,2024-09-30_2025-08-31,12,0.3234025368289344,0.07082064647411035,0.3234025368289344,0.07082064647411035,0.25258189035482403,0.16928246574700673,1.749566218025967,-0.07290789620201976,-0.1720911800730176,0.4166666666666667,1.2691097920878933,0.5174872255095103,0.28262443134832504,0.5833333333333334
cap500_rank_ridge,25.0,2024-10-31_2025-09-30,12,0.3963463510752936,0.07787885846139209,0.3963463510752936,0.07787885846139209,0.3184674926139015,0.19874524856913248,1.7899442722933976,-0.011699041168301894,-0.11858833109117162,0.4166666666666667,1.370828372331766,0.536583772734236,0.3526150986928611,0.5555555555555556
cap500_rank_ridge,25.0,2024-11-30_2025-10-31,12,1.041797636834564,0.1960061542824556,1.041797636834564,0.1960061542824556,0.8457914825521085,0.3753420998392467,2.1030350820850887,-0.006943595008259695,-0.11795970406671652,0.5,1.649762321579438,0.6750930003009832,0.896025290531643,0.5555555555555555
cap500_rank_ridge,25.0,2024-12-31_2025-11-30,12,1.049826590232564,0.22133541890163522,1.049826590232564,0.22133541890163522,0.8284911713309289,0.374486098401327,2.11821987354522,-0.00781274891362016,-0.11795970406671652,0.5,1.5872788912153124,0.6306528042412249,0.8947666926152846,0.5833333333333334
cap500_rank_ridge,25.0,2025-01-31_2025-12-31,12,2.5804054302633888,0.17166648362633885,2.5804054302633888,0.17166648362633885,2.40873894663705,0.8450932889968887,1.862280693657848,-0.00781274891362016,-0.03669877287899381,0.5,1.5682364280322798,-0.6401661438918775,3.8456452003866985,0.611111111111111
cap500_rank_ridge,25.0,2025-02-28_2026-01-31,12,2.6317397847238815,0.31334945156909844,2.6317397847238815,0.31334945156909844,2.318390333154783,0.842671666856484,1.884528703152261,-0.00781274891362016,-0.04758367670999886,0.5,1.4557273621193034,-2.4985633054968113,7.163612559380855,0.6666666666666666
cap500_rank_ridge,25.0,2025-03-31_2026-02-28,12,2.550883208512039,0.08257309459079365,2.550883208512039,0.08257309459079365,2.4683101139212456,0.8465653088674009,1.8493426277273481,-0.014105959520108957,-0.18488813271044613,0.5833333333333334,1.657862413292165,-0.24819800147631416,3.4529472700916664,0.6944444444444445
cap500_rank_ridge,25.0,2025-04-30_2026-03-31,12,2.443913043822145,0.028079656548997578,2.443913043822145,0.028079656548997578,2.415833387273147,0.851484376779603,1.8025736971619817,-0.024728842343605062,-0.19546042589812018,0.6666666666666666,1.689008310693271,-0.09025467874794625,3.2553969946637116,0.7222222222222222
cap500_rank_ridge,25.0,2025-05-31_2026-04-30,12,2.3159341421420323,-0.14610708694572017,2.3159341421420323,-0.14610708694572017,2.4620412290877525,0.8561442276712552,1.747074812885076,-0.024728842343605062,-0.29138146686445754,0.75,1.8738082643664058,0.29683863715754377,3.2389425889456707,0.7222222222222222
cap500_rank_ridge,25.0,2025-06-30_2026-05-31,12,2.271465121213232,-0.18541351506394133,2.271465121213232,-0.18541351506394133,2.4568786362771733,0.8581008423342819,1.72717626049962,-0.024728842343605062,-0.34737666250868915,0.75,1.9151102313097248,0.3823211607455668,3.2940928108846608,0.7222222222222222
cap500_rank_ridge,25.0,2025-07-31_2026-06-30,12,1.942047328008091,-0.1667764227923394,1.942047328008091,-0.1667764227923394,2.1088237508004304,0.8647963087006957,1.582333262514028,-0.02472884234360495,-0.34737666250868904,0.6666666666666666,1.7035845320351648,0.11583100311137635,2.7119960770365608,0.6944444444444445
cap500_rank_ridge,25.0,2025-08-31_2026-07-31,11,1.9550949692226562,-0.20361006057922837,2.2609989923625604,-0.2199234939209873,2.4809224862835477,0.8968240495014759,1.669906480850618,-0.02472884234360495,-0.34737666250868904,0.7272727272727273,1.8756646168261224,0.2663253584229484,3.31549446640374,0.6666666666666666
chronos2_daily_abs_individual_median,25.0,2019-01-31_2019-12-31,12,-0.30564974946441537,-0.0907583313333864,-0.30564974946441537,-0.0907583313333864,-0.21489141813102897,0.7387223471774681,-0.14736172207915646,-0.5314217550249903,-0.08173242622854304,0.5,-0.02567049249317311,1.2488432611547173,0.0037402701600162125,0.9166666666666665
chronos2_daily_abs_individual_median,25.0,2019-02-28_2020-01-31,12,-0.3454277522374706,-0.15374678206850467,-0.3454277522374706,-0.15374678206850467,-0.1916809701689659,0.7314433140068699,-0.23480577154944418,-0.5314217550249902,-0.157070533612218,0.5,-0.01818288164546773,0.5931246671985987,-0.0750351860078543,0.9166666666666665
chronos2_daily_abs_individual_median,25.0,2019-03-31_2020-02-29,12,-0.6292348989747689,-0.2983301643039218,-0.6292348989747689,-0.2983301643039218,-0.33090473467084713,0.7140663422499666,-1.003469713460047,-0.6548779993010174,-0.2968733323797681,0.4166666666666667,-0.5669427634932401,1.0836699917992634,-0.305387403765495,0.9444444444444443
chronos2_daily_abs_individual_median,25.0,2019-04-30_2020-03-31,12,-0.46050681579725006,-0.26938100433105683,-0.46050681579725006,-0.26938100433105683,-0.19112581146619323,0.6764569168536968,-0.5767357142334407,-0.6548779993010175,-0.2897384073692094,0.5,-0.16188558445284917,1.2754140118301318,-0.021535391569059148,0.9444444444444443
chronos2_daily_abs_individual_median,25.0,2019-05-31_2020-04-30,12,-0.48789555406787966,-0.23441422140073764,-0.48789555406787966,-0.23441422140073764,-0.253481332667142,0.6810334127530357,-0.6420902669383803,-0.6824726167375137,-0.2897384073692094,0.5,-0.3054958737489081,1.17620245210378,-0.1415842287005672,0.9444444444444443
chronos2_daily_abs_individual_median,25.0,2019-06-30_2020-05-31,12,-0.5485956479291518,-0.22854562482453433,-0.5485956479291518,-0.22854562482453433,-0.3200500231046175,0.6792283401222079,-0.823308292127489,-0.7120838698710588,-0.2897384073692095,0.4166666666666667,-0.502609322290983,1.0116036686666037,-0.2781381749887829,0.9444444444444443
chronos2_daily_abs_individual_median,25.0,2019-07-31_2020-06-30,12,-0.671723515058706,-0.1941752572672133,-0.671723515058706,-0.1941752572672133,-0.4775482577914926,0.7009755126707329,-1.2000681882791697,-0.7835264597892189,-0.2827760862119635,0.3333333333333333,-0.9366064536059404,0.5844481632137164,-0.5291531512885658,0.9444444444444443
chronos2_daily_abs_individual_median,25.0,2019-08-31_2020-07-31,12,-0.7189855247226711,-0.1722348942847023,-0.7189855247226711,-0.1722348942847023,-0.5467506304379688,0.6847420477848979,-1.4529494357021886,-0.8021980139382596,-0.27948217627529803,0.25,-1.2209209303243165,0.5488831025271268,-0.6098721330917307,0.9166666666666665
chronos2_daily_abs_individual_median,25.0,2019-09-30_2020-08-31,12,-0.7950848945432286,-0.21057570090232802,-0.7950848945432286,-0.21057570090232802,-0.5845091936409006,0.44064541318527023,-3.1309087405751796,-0.7942712243728773,-0.27948217627529803,0.25,-2.6345545575584866,0.46705174651611264,-0.7423425144262921,0.9166666666666665
chronos2_daily_abs_individual_median,25.0,2019-10-31_2020-09-30,12,-0.8185311295072807,-0.1766274605970889,-0.8185311295072807,-0.1766274605970889,-0.6419036689101918,0.4335017942597102,-3.4362746569779654,-0.7799425903360533,-0.2794821762752979,0.25,-2.92841940158889,0.3540576571825298,-0.7821695638040891,0.9444444444444443
chronos2_daily_abs_individual_median,25.0,2019-11-30_2020-10-31,12,-0.7974367089520626,-0.06643817837031618,-0.7974367089520626,-0.06643817837031618,-0.7309985305817465,0.4317407417803708,-3.2282626569968556,-0.7725252098732642,-0.2794821762752979,0.25,-2.9781104954957915,0.341644394394154,-0.7695597600214429,0.9444444444444443
chronos2_daily_abs_individual_median,25.0,2019-12-31_2020-11-30,12,-0.7572317708352094,-0.050871312509224054,-0.7572317708352094,-0.050871312509224054,-0.7063604583259854,0.4692516762776819,-2.5935505134550745,-0.6687926675356681,-0.2358764964179022,0.3333333333333333,-2.5677642591375927,0.5160962635705035,-0.7199408137393437,0.9444444444444443
chronos2_daily_abs_individual_median,25.0,2020-01-31_2020-12-31,12,-0.6719714905195482,-0.013079995771551722,-0.6719714905195482,-0.013079995771551722,-0.6588914947479965,0.3937800070688521,-2.498721126973087,-0.6830205084279557,-0.16758179221927783,0.3333333333333333,-2.3668574998407923,0.3167550361476921,-0.6441613844415272,0.9722222222222222
chronos2_daily_abs_individual_median,25.0,2020-02-29_2021-01-31,12,-0.6195846050910112,0.14471568274700242,-0.6195846050910112,0.14471568274700242,-0.7643002878380136,0.47382708530589884,-1.7277978457523402,-0.5732604446158533,-0.07033476780972703,0.3333333333333333,-2.270517892635072,0.7945542107649224,-0.6285526775754493,0.9722222222222222
chronos2_daily_abs_individual_median,25.0,2020-03-31_2021-02-28,12,-0.545454478324726,0.3187076559568369,-0.545454478324726,0.3187076559568369,-0.864162134281563,0.42090256183428243,-1.6155447013648934,-0.5732604446158533,-0.07033476780972703,0.3333333333333333,-2.24771466559938,0.3190908614497786,-0.550390690769287,0.9722222222222222
chronos2_daily_abs_individual_median,25.0,2020-04-30_2021-03-31,12,-0.5889870300740794,0.2712264885896778,-0.5889870300740794,0.2712264885896778,-0.8602135186637572,0.4065354862492641,-1.9185033456575915,-0.5337646980592221,-0.07033476780972714,0.25,-2.4434965346148494,0.2467274958699537,-0.5827006480961516,0.9166666666666666
chronos2_daily_abs_individual_median,25.0,2020-05-31_2021-04-30,12,-0.595192385231865,0.2511461011810818,-0.595192385231865,0.2511461011810818,-0.8463384864129468,0.408656722852167,-1.9411137476317815,-0.5535592167604855,-0.07033476780972703,0.25,-2.4388380060682606,0.28707325849638354,-0.5911630942800913,0.9166666666666666
chronos2_daily_abs_individual_median,25.0,2020-06-30_2021-05-31,12,-0.3905287842415668,0.22018559574957508,-0.3905287842415668,0.22018559574957508,-0.6107143799911419,0.5916116755872658,-0.5659375407876476,-0.40622072093939476,-0.07033476780972703,0.3333333333333333,-0.899145414564206,0.1145262329328178,-0.3056465037671783,0.9166666666666666
chronos2_daily_abs_individual_median,25.0,2020-07-31_2021-06-30,12,-0.18082899818270048,0.1787337447456181,-0.18082899818270048,0.1787337447456181,-0.3595627429283186,0.5409443935242502,-0.14072221228854973,-0.3727280262939394,-0.07033476780972703,0.3333333333333333,-0.4664895192374757,0.42448346416091925,-0.14156913299439666,0.8888888888888887
chronos2_daily_abs_individual_median,25.0,2020-08-31_2021-07-31,12,0.03302361679445065,0.17406019021811336,0.03302361679445065,0.17406019021811336,-0.14103657342366271,0.5549178792674623,0.292691307065329,-0.37272802629393953,-0.0471551797914731,0.4166666666666667,-0.020677190125368915,0.4252813203276971,0.09210738878201874,0.9166666666666665
chronos2_daily_abs_individual_median,25.0,2020-09-30_2021-08-31,12,0.1650551890308476,0.29094300690606567,0.1650551890308476,0.29094300690606567,-0.12588781787521808,0.5761458278207803,0.511722210324519,-0.3031982603534922,-0.0471551797914731,0.4166666666666667,0.04980661017424214,0.7381952146652071,0.10261272460583082,0.9166666666666665
chronos2_daily_abs_individual_median,25.0,2020-10-31_2021-09-30,12,0.30888130101019695,0.285307502281577,0.30888130101019695,0.285307502281577,0.023573798728619977,0.5507197541964847,0.7262119609034227,-0.30319826035349207,-0.04715517979147299,0.4166666666666667,0.25799211635737224,0.9603263082873096,0.15892786194997033,0.9166666666666666
chronos2_daily_abs_individual_median,25.0,2020-11-30_2021-10-31,12,0.09702571863813114,0.164192612882329,0.09702571863813114,0.164192612882329,-0.06716689424419786,0.6018039150336219,0.4169909334503955,-0.30319826035349207,-0.04715517979147299,0.4166666666666667,0.16635550490006693,2.64577055671506,-0.15667323412471423,0.9166666666666666
chronos2_daily_abs_individual_median,25.0,2020-12-31_2021-11-30,12,0.1938550485006123,0.10075285366229347,0.1938550485006123,0.10075285366229347,0.09310219483831883,0.6168965044925635,0.5594881714353992,-0.30319826035349207,-0.04715517979147321,0.4166666666666667,0.42667991122004534,3.2141484198378576,0.021544704378222423,0.8611111111111112
chronos2_daily_abs_individual_median,25.0,2021-01-31_2021-12-31,12,0.43291342678339784,0.1311417024200292,0.43291342678339784,0.1311417024200292,0.30177172436336863,0.6009047396835512,0.8732044142371612,-0.30319826035349196,-0.04715517979147299,0.5,0.7052510909410328,3.0356210406425097,0.1456185798011902,0.8611111111111112
chronos2_daily_abs_individual_median,25.0,2021-02-28_2022-01-31,12,0.02962786594041411,0.1035559333431273,0.02962786594041411,0.1035559333431273,-0.07392806740271318,0.5999293195639452,0.3116096848983886,-0.2619958104103468,-0.008710521467504728,0.4166666666666667,0.14501835920719386,1.7255525157746818,0.011257391919909043,0.8333333333333334
chronos2_daily_abs_individual_median,25.0,2021-03-31_2022-02-28,12,0.15048190418418916,0.1814244316261513,0.15048190418418916,0.1814244316261513,-0.03094252744196213,0.5778477336594892,0.49625895212130366,-0.2619958104103469,-0.008710521467504728,0.4166666666666667,0.20190020032522776,0.03906862798212914,0.3190603007977004,0.8055555555555554
chronos2_daily_abs_individual_median,25.0,2021-04-30_2022-03-31,12,0.11851383858525488,0.2056999327796627,0.11851383858525488,0.2056999327796627,-0.08718609419440781,0.5823947058748024,0.44735929389095286,-0.3064029655914253,-0.008710521467504728,0.4166666666666667,0.11969818107830486,-0.5281892968067224,0.42707043171259107,0.8333333333333331
chronos2_daily_abs_individual_median,25.0,2021-05-31_2022-04-30,12,0.2711808457337115,0.20202014645819677,0.2711808457337115,0.20202014645819677,0.06916069927551471,0.5599532141547231,0.6769272641049774,-0.3155894025037369,-0.011058901373715124,0.4166666666666667,0.335844900217516,-1.307781873346155,0.8367970355666849,0.8055555555555555
chronos2_daily_abs_individual_median,25.0,2021-06-30_2022-05-31,12,-0.22090912126922202,0.1547230806668567,-0.22090912126922202,0.1547230806668567,-0.3756322019360787,0.4562804379212594,-0.32749576383635964,-0.4273531933107043,-0.04389760737316839,0.3333333333333333,-0.6636559887936676,1.1691876467555988,-0.2783695056185843,0.8055555555555555
chronos2_daily_abs_individual_median,25.0,2021-07-31_2022-06-30,12,-0.23597979820719517,0.14515293481688385,-0.23597979820719517,0.14515293481688385,-0.381132733024079,0.45562337917126167,-0.3708721522455124,-0.43250275244688163,-0.04389760737316839,0.3333333333333333,-0.6892372711722022,1.1478773453334323,-0.28336457599160514,0.8055555555555555
chronos2_daily_abs_individual_median,25.0,2021-08-31_2022-07-31,12,-0.3629658300411156,0.16719366722844042,-0.3629658300411156,0.16719366722844042,-0.530159497269556,0.4180341824840059,-0.8623633436867234,-0.4547657187476405,-0.04389760737316839,0.25,-1.2647640713507686,0.9859841300203879,-0.41039326004722,0.8055555555555555
chronos2_daily_abs_individual_median,25.0,2021-09-30_2022-08-31,12,-0.4925976441355904,0.11990803732841937,-0.4925976441355904,0.11990803732841937,-0.6125056814640097,0.35827021239047513,-1.6698337454297567,-0.4695616128358481,-0.04389760737316817,0.16666666666666666,-2.016686941006957,0.6698235671067837,-0.5017001774047509,0.8055555555555557
chronos2_daily_abs_individual_median,25.0,2021-10-31_2022-09-30,12,-0.5844542598594564,0.07700156092153554,-0.5844542598594564,0.07700156092153554,-0.661455820780992,0.39486435195933484,-1.9536400750184884,-0.5691330561017605,-0.04389760737316828,0.16666666666666666,-2.1698140212270083,0.7692720450319346,-0.577173388255654,0.7777777777777778
chronos2_daily_abs_individual_median,25.0,2021-11-30_2022-10-31,12,-0.2515989734131905,0.0837751064100245,-0.2515989734131905,0.0837751064100245,-0.335374079823215,0.5625124893714796,-0.2727723338990075,-0.5691330561017605,-0.04389760737316839,0.25,-0.41313053527732185,-0.5724031324686385,-0.10082025360475433,0.7777777777777777
chronos2_daily_abs_individual_median,25.0,2021-12-31_2022-11-30,12,-0.3883697921469943,0.04089310124175727,-0.3883697921469943,0.04089310124175727,-0.42926289338875157,0.5298980917913528,-0.6901141325194476,-0.5691330561017605,-0.052330809109684795,0.16666666666666666,-0.756389325116109,-0.3307308114514636,-0.29994383299429006,0.8333333333333334
chronos2_daily_abs_individual_median,25.0,2022-01-31_2022-12-31,12,-0.5902429899388442,0.03139589518781816,-0.5902429899388442,0.03139589518781816,-0.6216388851266623,0.5694021755819738,-1.2661304237320872,-0.5248408059878475,-0.0538908420070876,0.08333333333333333,-1.3054977166916129,-0.2350839656875504,-0.5204747623099895,0.8333333333333334
chronos2_daily_abs_individual_median,25.0,2022-02-28_2023-01-31,12,-0.562670106527481,-0.006523085673795559,-0.562670106527481,-0.006523085673795559,-0.5561470208536854,0.5637072526403571,-1.1759804174779513,-0.5397643429736216,-0.053890842007087936,0.08333333333333333,-1.1647823415867202,0.2976970990702772,-0.49371536232423474,0.861111111111111
chronos2_daily_abs_individual_median,25.0,2022-03-31_2023-02-28,12,-0.5467409008706261,-0.03763942955797195,-0.5467409008706261,-0.03763942955797195,-0.5091014713126543,0.5651345506212736,-1.1117665921949536,-0.505975312526137,-0.05860315994470999,0.08333333333333333,-1.0445865562122059,0.29064453388816597,-0.4696692352069888,0.8888888888888888
chronos2_daily_abs_individual_median,25.0,2022-04-30_2023-03-31,12,-0.4882950145892908,-0.0433257664262765,-0.4882950145892908,-0.0433257664262765,-0.4449692481630143,0.5706036726772479,-0.8937764327245129,-0.4993443125953858,-0.052003665957635614,0.16666666666666666,-0.8246845488131515,0.9430478638499065,-0.38099513939157004,0.9166666666666666
chronos2_daily_abs_individual_median,25.0,2022-05-31_2023-04-30,12,-0.6537646754818517,-0.07213752035282106,-0.6537646754818517,-0.07213752035282106,-0.5816271551290306,0.6379951875103058,-1.2995058296157929,-0.5861897376189313,-0.07596598010903766,0.16666666666666666,-1.2245918258847321,2.6701578526046568,-0.4802235622899147,0.9444444444444443
chronos2_daily_abs_individual_median,25.0,2022-06-30_2023-05-31,12,-0.6364698610941236,-0.0361282154897381,-0.6364698610941236,-0.0361282154897381,-0.6003416456043855,0.6326088208971219,-1.2445042988417474,-0.6331711315299713,-0.07596598010903755,0.16666666666666666,-1.2186460821896123,2.3966312121436344,-0.5162529339974758,0.9444444444444443
chronos2_daily_abs_individual_median,25.0,2022-07-31_2023-06-30,12,-0.6635017348075798,-0.0028433046031512976,-0.6635017348075798,-0.0028433046031512976,-0.6606584302044285,0.6296997541814732,-1.367278746536988,-0.6542570070239809,-0.07596598010903743,0.16666666666666666,-1.3934356339427765,1.574416111112562,-0.5909235395797389,0.9722222222222222
chronos2_daily_abs_individual_median,25.0,2022-08-31_2023-07-31,12,-0.6604228836598381,-0.031389184091800915,-0.6604228836598381,-0.031389184091800915,-0.6290336995680372,0.6302560929548996,-1.3521239440812967,-0.664781199146468,-0.0655917893195096,0.16666666666666666,-1.3288495761481134,1.7464313618753704,-0.5635061006741336,0.9722222222222222
chronos2_daily_abs_individual_median,25.0,2022-09-30_2023-08-31,12,-0.4380531496338178,-0.014331580574544756,-0.4380531496338178,-0.014331580574544756,-0.42372156905927305,0.8779315846066231,-0.27653470358251037,-0.664781199146468,-0.06559178931950937,0.25,-0.2650568579915676,1.7466338420659593,-0.20054619476378333,0.9722222222222222
chronos2_daily_abs_individual_median,25.0,2022-10-31_2023-09-30,12,-0.3065024637416772,-0.04883569016310929,-0.3065024637416772,-0.04883569016310929,-0.25766677357856793,0.8519531514721311,-0.0697056742975285,-0.664781199146468,-0.06327241269436523,0.25,-0.014329166938788608,2.0975600205994436,0.04063545349630027,0.9722222222222222
chronos2_daily_abs_individual_median,25.0,2022-11-30_2023-10-31,12,-0.49424923759392725,-8.074453772832779e-05,-0.49424923759392725,-8.074453772832779e-05,-0.4941684930561989,0.7372887810375647,-0.5907538342607197,-0.6468327304989119,-0.04084242285001627,0.16666666666666666,-0.6070857825023309,1.6667648647920237,-0.36251752678253735,0.9444444444444443
chronos2_daily_abs_individual_median,25.0,2022-12-31_2023-11-30,12,-0.5263725735204543,0.06162621592425688,-0.5263725735204543,0.06162621592425688,-0.5879987894447112,0.741039814761998,-0.6691196914239267,-0.510218940749976,-0.04084242285001627,0.16666666666666666,-0.7659046176925477,1.514976931621397,-0.4550977518615673,0.9166666666666665
chronos2_daily_abs_individual_median,25.0,2023-01-31_2023-12-31,12,-0.4018659850862678,0.05389394652891433,-0.4018659850862678,0.05389394652891433,-0.45575993161518213,0.6977124017123073,-0.43899161857436575,-0.47833140293983,-0.04084242285001627,0.16666666666666666,-0.5270923070850793,1.3670559019463624,-0.32254199649047977,0.9166666666666665
chronos2_daily_abs_individual_median,25.0,2023-02-28_2024-01-31,12,-0.43574159416508806,0.06910062416905749,-0.43574159416508806,0.06910062416905749,-0.5048422183341456,0.7040393675546093,-0.5090857441836419,-0.4783314029398301,-0.04084242285001627,0.16666666666666666,-0.6163063697720855,1.182805865407757,-0.36259236298817665,0.9166666666666665
chronos2_daily_abs_individual_median,25.0,2023-03-31_2024-02-29,12,-0.5058313735779807,0.07105311702696282,-0.5058313735779807,0.07105311702696282,-0.5768844906049435,0.7118361456251308,-0.6753649846887956,-0.5229057597873914,-0.04084242285001627,0.16666666666666666,-0.7878841888249182,1.3560905764513438,-0.44759720449619955,0.9166666666666666
chronos2_daily_abs_individual_median,25.0,2023-04-30_2024-03-31,12,-0.5481102070517397,0.04605177038880415,-0.5481102070517397,0.04605177038880415,-0.5941619774405439,0.7070348135939493,-0.8052878863269697,-0.43751403969171365,-0.028914327222309355,0.08333333333333333,-0.8848811004988374,1.244599799611732,-0.4764886702428712,0.9166666666666666
chronos2_daily_abs_individual_median,25.0,2023-05-31_2024-04-30,12,-0.4682948472719932,0.05087612226469651,-0.4682948472719932,0.05087612226469651,-0.5191709695366897,0.6637059269756499,-0.6801793257088229,-0.5581129762545327,-0.04720745865673304,0.08333333333333333,-0.7595272816718851,0.440181720963891,-0.3839949575959083,0.8611111111111112
chronos2_daily_abs_individual_median,25.0,2023-06-30_2024-05-31,12,-0.3950306917572609,0.06029804021364593,-0.3950306917572609,0.06029804021364593,-0.45532873197090684,0.6580301648609336,-0.5020900970917676,-0.5583147592683095,-0.04720745865673304,0.08333333333333333,-0.5962613465794363,0.46827189060612545,-0.30580809920167296,0.8611111111111112
chronos2_daily_abs_individual_median,25.0,2023-07-31_2024-06-30,12,-0.18690235862169513,0.046802268590376395,-0.18690235862169513,0.046802268590376395,-0.23370462721207153,0.7032950485272892,-0.021050657172026227,-0.5583147592683096,-0.04720745865673304,0.16666666666666666,-0.09232836666779691,1.8072591748818756,-0.09851168803357535,0.8611111111111112
chronos2_daily_abs_individual_median,25.0,2023-08-31_2024-07-31,12,-0.08261720397570793,0.10318514893952901,-0.08261720397570793,0.10318514893952901,-0.18580235291523695,0.7086350079462842,0.15458980566383107,-0.5583147592683096,-0.04720745865673315,0.25,0.009509837699881856,1.785744136870155,-0.07186181859438112,0.861111111111111
chronos2_daily_abs_individual_median,25.0,2023-09-30_2024-08-31,12,-0.6145050256486622,0.08473288946892565,-0.6145050256486622,0.08473288946892565,-0.6992379151175878,0.5149497037257685,-1.5211920857894252,-0.6065072877645363,-0.04720745865673315,0.16666666666666666,-1.8972764353947449,3.1716695124485006,-0.6692785882529666,0.861111111111111
chronos2_daily_abs_individual_median,25.0,2023-10-31_2024-09-30,12,-0.47726062101519795,0.12170948346779942,-0.47726062101519795,0.12170948346779942,-0.5989701044829974,0.6385381446479222,-0.6877247705276394,-0.6065072877645366,-0.047207458656732815,0.25,-0.9417355654319611,3.6295567983234625,-0.5958815752153548,0.8888888888888888
chronos2_daily_abs_individual_median,25.0,2023-11-30_2024-10-31,12,-0.15642283601931428,0.004734660022875703,-0.15642283601931428,0.004734660022875703,-0.16115749604218998,0.9285898733938389,0.1968596453843165,-0.5573214531434727,-0.07254414974326939,0.3333333333333333,0.18159597151963597,-1.3117318677938894,0.21465123150174414,0.9166666666666666
chronos2_daily_abs_individual_median,25.0,2023-12-31_2024-11-30,12,-0.07265661321032102,-0.026522408525777696,-0.07265661321032102,-0.026522408525777696,-0.04613420468454332,0.9196406171455542,0.29475388808416136,-0.5138745516902554,-0.07702368625268241,0.3333333333333333,0.312451300255508,-1.0304927382275653,0.2789015561684014,0.9444444444444443
chronos2_daily_abs_individual_median,25.0,2024-01-31_2024-12-31,12,0.27429911991522227,-0.013699490369203038,0.27429911991522227,-0.013699490369203038,0.2879986102844253,0.9373306826956328,0.652671266935138,-0.4401150513987414,-0.07702368625268208,0.4166666666666667,0.6500662715958675,-1.0135471813639383,0.8007260056018026,0.9444444444444443
chronos2_daily_abs_individual_median,25.0,2024-02-29_2025-01-31,12,0.4946732067131996,-0.14290566323586873,0.4946732067131996,-0.14290566323586873,0.6375788699490683,0.9172098526085656,0.8306969496757454,-0.35286590777469407,-0.18252959118595857,0.5,0.9694837111502542,-0.07702945890568036,1.0718443466535197,0.9444444444444443
chronos2_daily_abs_individual_median,25.0,2024-03-31_2025-02-28,12,0.5025206081027522,-0.10676537761977256,0.5025206081027522,-0.10676537761977256,0.6092859857225248,0.9161379078209607,0.8366118264966135,-0.35286590777469407,-0.1825295911859588,0.5,0.9195364912613817,-0.4094713805352112,1.0228553132502136,0.9444444444444443
chronos2_daily_abs_individual_median,25.0,2024-04-30_2025-03-31,12,0.4322875884257307,-0.06461005552580057,0.4322875884257307,-0.06461005552580057,0.49689764395153124,0.9233319239726547,0.7821431692125276,-0.35286590777469407,-0.18252959118595868,0.5,0.8085148985029433,-0.6582923807958175,0.9510635840320649,0.9444444444444443
chronos2_daily_abs_individual_median,25.0,2024-05-31_2025-04-30,12,1.2736747449542132,0.02942056800377868,1.2736747449542132,0.02942056800377868,1.2442541769504345,0.8882791136641726,1.332543834857621,-0.35286590777469407,-0.18252959118595857,0.5833333333333334,1.2296994303981637,-0.6169363547783502,2.169322634605957,1.0
chronos2_daily_abs_individual_median,25.0,2024-06-30_2025-05-31,12,1.1927439231018853,-0.019239253194651806,1.1927439231018853,-0.019239253194651806,1.211983176296537,0.893307339604252,1.2852154426451998,-0.35286590777469407,-0.18252959118595835,0.5833333333333334,1.245002264376426,-0.39310067628341977,1.9892436908334896,0.9722222222222222
chronos2_daily_abs_individual_median,25.0,2024-07-31_2025-06-30,12,0.7320016320129596,0.03150250800801424,0.7320016320129596,0.03150250800801424,0.7004991240049454,0.8874376792576758,1.0017980008748597,-0.35286590777469407,-0.1825295911859589,0.5,0.8957845929161046,-0.6837604513037008,1.4324857024765456,0.9722222222222222
chronos2_daily_abs_individual_median,25.0,2024-08-31_2025-07-31,12,2.007992261954995,0.02082724764079913,2.007992261954995,0.02082724764079913,1.9871650143141957,1.2132129958521327,1.3970629853459664,-0.21715507974308146,-0.1720911800730176,0.5,1.3586025071182346,0.2990234049112532,3.832711137075094,0.9722222222222222
chronos2_daily_abs_individual_median,25.0,2024-09-30_2025-08-31,12,10.376978544704277,0.07082064647411035,10.376978544704277,0.07082064647411035,10.306157898230166,1.6651162300410955,2.099207066999264,-0.21715507974308146,-0.1720911800730176,0.5833333333333334,2.0549899600684984,0.7734444342415641,19.40641739236149,0.9722222222222222
chronos2_daily_abs_individual_median,25.0,2024-10-31_2025-09-30,12,6.3784431604230925,0.07787885846139209,6.3784431604230925,0.07787885846139209,6.300564301961701,1.7219465974993426,1.7623453030864586,-0.21715507974308146,-0.11858833109117162,0.5,1.7129223401732154,0.7095753877412498,13.191880643430538,0.9722222222222222
chronos2_daily_abs_individual_median,25.0,2024-11-30_2025-10-31,12,4.13108442881603,0.1960061542824556,4.13108442881603,0.1960061542824556,3.9350782745335744,1.6726169720612014,1.5165387059986073,-0.21715507974308146,-0.11795970406671652,0.5,1.4194144703569882,1.6939480954936104,6.5690038000751105,0.9722222222222222
chronos2_daily_abs_individual_median,25.0,2024-12-31_2025-11-30,12,9.652183923505293,0.22133541890163522,9.652183923505293,0.22133541890163522,9.430848504603658,1.8346201273549991,1.9557282725797402,-0.21715507974308146,-0.11795970406671652,0.5833333333333334,1.85513234127061,1.4893885938148723,16.95346873195298,0.9444444444444443
chronos2_daily_abs_individual_median,25.0,2025-01-31_2025-12-31,12,6.544979692305634,0.17166648362633885,6.544979692305634,0.17166648362633885,6.373313208679295,1.8806989347787857,1.7137302836589194,-0.21715507974308146,-0.03669877287899381,0.5,1.644927452554977,2.008642532138626,12.100676851387783,0.9166666666666665
chronos2_daily_abs_individual_median,25.0,2025-02-28_2026-01-31,12,6.663345192950479,0.31334945156909844,6.663345192950479,0.31334945156909844,6.349995741381381,1.878447008308934,1.7242901008337066,-0.14976718273516298,-0.04758367670999886,0.5,1.5886990194471649,2.611243475527075,8.692817393015778,0.8888888888888887
chronos2_daily_abs_individual_median,25.0,2025-03-31_2026-02-28,12,6.226525374076488,0.08257309459079365,6.226525374076488,0.08257309459079365,6.143952279485694,1.890621107311083,1.6870463523604353,-0.2504099428647161,-0.18488813271044613,0.5,1.6855691318701194,3.000858062343212,12.305297891802985,0.8888888888888887
chronos2_daily_abs_individual_median,25.0,2025-04-30_2026-03-31,12,7.036412731717732,0.028079656548997578,7.036412731717732,0.028079656548997578,7.008333075168735,1.8720490724265781,1.7578355587432697,-0.2504099428647162,-0.19546042589812018,0.5833333333333334,1.7985745869058356,3.5031909471747618,15.044227135982812,0.8888888888888888
chronos2_daily_abs_individual_median,25.0,2025-05-31_2026-04-30,12,3.9967090029181565,-0.14610708694572017,3.9967090029181565,-0.14610708694572017,4.142816089863876,1.9377824711293397,1.4547832798266667,-0.41640150462055214,-0.29138146686445754,0.5,1.6028021463235713,3.9885612385139866,18.104638266101766,0.888888888888889
chronos2_daily_abs_individual_median,25.0,2025-06-30_2026-05-31,12,4.007146903273166,-0.18541351506394133,4.007146903273166,-0.18541351506394133,4.1925604183371075,1.9374763273247828,1.4560524835601878,-0.4362563592391243,-0.34737666250868915,0.5833333333333334,1.6335666538937723,3.917786013471421,20.751376155467813,0.9166666666666666
chronos2_daily_abs_individual_median,25.0,2025-07-31_2026-06-30,12,5.278639709616221,-0.1667764227923394,5.278639709616221,-0.1667764227923394,5.44541613240856,1.916771670261436,1.600796135235116,-0.4362563592391243,-0.34737666250868904,0.6666666666666666,1.7879767224885292,3.953546770639028,23.52424551736383,0.9166666666666666
chronos2_daily_abs_cross_median,25.0,2019-01-31_2019-12-31,12,-0.5616969623814185,-0.0907583313333864,-0.5616969623814185,-0.0907583313333864,-0.4709386310480321,0.8065339369481634,-0.585958804300999,-0.7346253492581829,-0.08173242622854304,0.5,-0.47729502969984483,0.9239610640584084,-0.3268234572553348,0.8888888888888888
chronos2_daily_abs_cross_median,25.0,2019-02-28_2020-01-31,12,-0.7129534091614862,-0.15374678206850467,-0.7129534091614862,-0.15374678206850467,-0.5592066270929815,0.8018801257688584,-1.0848569660310434,-0.7998991967561737,-0.157070533612218,0.4166666666666667,-0.9117402336356806,1.5942573906200692,-0.46937703000231157,0.861111111111111
chronos2_daily_abs_cross_median,25.0,2019-03-31_2020-02-29,12,-0.6843451939986867,-0.2983301643039218,-0.6843451939986867,-0.2983301643039218,-0.3860150296947648,0.8778782933642717,-0.8417425101211252,-0.7998991967561737,-0.2968733323797681,0.4166666666666667,-0.42082904384504527,-1.7492378583514863,-0.7519559351280232,0.8888888888888887
chronos2_daily_abs_cross_median,25.0,2019-04-30_2020-03-31,12,-0.5331064067784892,-0.26938100433105683,-0.5331064067784892,-0.26938100433105683,-0.26372540244743237,0.8611545178502623,-0.44716907277475815,-0.7998991967561737,-0.2897384073692094,0.5,-0.10211344655381548,-1.2238076195479104,-0.5333929022201933,0.9166666666666665
chronos2_daily_abs_cross_median,25.0,2019-05-31_2020-04-30,12,-0.6626038903508269,-0.23441422140073764,-0.6626038903508269,-0.23441422140073764,-0.4281896689500892,0.8173372222934335,-0.8860746620529997,-0.7998991967561737,-0.2897384073692094,0.4166666666666667,-0.5346652691804338,-1.1485738341046579,-0.6491924289619015,0.9444444444444443
chronos2_daily_abs_cross_median,25.0,2019-06-30_2020-05-31,12,-0.6869162381334128,-0.22854562482453433,-0.6869162381334128,-0.22854562482453433,-0.45837061330887846,0.805633774226889,-0.9961461969401141,-0.7998991967561737,-0.2897384073692095,0.3333333333333333,-0.6350263870835383,-1.1984200666485048,-0.6789748026814677,0.9444444444444443
chronos2_daily_abs_cross_median,25.0,2019-07-31_2020-06-30,12,-0.7860816425818045,-0.1941752572672133,-0.7860816425818045,-0.1941752572672133,-0.5919063853145912,0.7971608752319536,-1.448670173177775,-0.755286717342202,-0.2827760862119635,0.25,-1.063571131306538,-1.429176552743126,-0.7810265223318698,0.9444444444444443
chronos2_daily_abs_cross_median,25.0,2019-08-31_2020-07-31,12,-0.7401942824400345,-0.1722348942847023,-0.7401942824400345,-0.1722348942847023,-0.5679593881553322,0.77781335636477,-1.279772536600321,-0.763898895205926,-0.27948217627529803,0.25,-0.9351475639123709,-1.3849228997945349,-0.7242325408129253,0.9166666666666665
chronos2_daily_abs_cross_median,25.0,2019-09-30_2020-08-31,12,-0.7574735916479628,-0.21057570090232802,-0.7574735916479628,-0.21057570090232802,-0.5468978907456348,0.7622810297897726,-1.4018586171814884,-0.7444768619793587,-0.27948217627529803,0.25,-0.9735185869296782,-1.3924756560340714,-0.763552578575802,0.9166666666666665
chronos2_daily_abs_cross_median,25.0,2019-10-31_2020-09-30,12,-0.7628548063749111,-0.1766274605970889,-0.7628548063749111,-0.1766274605970889,-0.5862273457778222,0.7621740669732158,-1.4289542766346848,-0.700570269918764,-0.2794821762752979,0.25,-1.041840340688828,-1.2997404287651217,-0.748392319177648,0.8888888888888887
chronos2_daily_abs_cross_median,25.0,2019-11-30_2020-10-31,12,-0.7312393886687278,-0.06643817837031618,-0.7312393886687278,-0.06643817837031618,-0.6648012102984115,0.7516958434759394,-1.308410134323984,-0.6433847943662965,-0.2794821762752979,0.25,-1.0647126692945401,-1.171961457013101,-0.6576545099298758,0.8888888888888888
chronos2_daily_abs_cross_median,25.0,2019-12-31_2020-11-30,12,-0.27105342477532945,-0.050871312509224054,-0.27105342477532945,-0.050871312509224054,-0.2201821122661054,1.329434063645908,0.23085067261194228,-0.4909238737164128,-0.2358764964179022,0.3333333333333333,0.2413880205171356,0.16108125575343776,0.35786830739989917,0.8888888888888888
chronos2_daily_abs_cross_median,25.0,2020-01-31_2020-12-31,12,0.011737661348326878,-0.013079995771551722,0.011737661348326878,-0.013079995771551722,0.0248176571198786,1.2656180533993455,0.4228683852458049,-0.4909238737164128,-0.16758179221927783,0.3333333333333333,0.39657968636473984,-0.17669089881641223,0.6935945833677677,0.9166666666666666
chronos2_daily_abs_cross_median,25.0,2020-02-29_2021-01-31,12,0.4480414597899187,0.14471568274700242,0.4480414597899187,0.14471568274700242,0.3033257770429163,1.2253072328393266,0.7021584803547868,-0.49092387371641266,-0.07033476780972703,0.4166666666666667,0.5415567234668537,-0.6520847932509627,1.5383287312259122,0.9166666666666665
chronos2_daily_abs_cross_median,25.0,2020-03-31_2021-02-28,12,0.12984956982613838,0.3187076559568369,0.12984956982613838,0.3187076559568369,-0.18885808613069854,1.159076046260057,0.46830296545300487,-0.49092387371641266,-0.07033476780972703,0.4166666666666667,0.21920507790004548,1.220726260289969,0.20233986301920193,0.9166666666666665
chronos2_daily_abs_cross_median,25.0,2020-04-30_2021-03-31,12,0.06558764901129188,0.2712264885896778,0.06558764901129188,0.2712264885896778,-0.2056388395783859,1.1579809016950136,0.41508902614996673,-0.4286669276360602,-0.07033476780972714,0.4166666666666667,0.19763933008759954,1.190641738581768,0.19197765922961074,0.9166666666666665
chronos2_daily_abs_cross_median,25.0,2020-05-31_2021-04-30,12,0.1661521143025746,0.2511461011810818,0.1661521143025746,0.2511461011810818,-0.08499398687850723,1.1486551793685724,0.49105688625387023,-0.42866692763606007,-0.07033476780972703,0.4166666666666667,0.2870026525621006,1.166879754369925,0.32525454117243013,0.9166666666666666
chronos2_daily_abs_cross_median,25.0,2020-06-30_2021-05-31,12,0.4965174242643944,0.22018559574957508,0.4965174242643944,0.22018559574957508,0.2763318285148193,1.1734400618394967,0.7241372301673263,-0.24821085726890646,-0.07033476780972703,0.5,0.5487291933593614,1.0809839963489682,0.8282092118762046,0.9166666666666666
chronos2_daily_abs_cross_median,25.0,2020-07-31_2021-06-30,12,1.1201702897579149,0.1787337447456181,1.1201702897579149,0.1787337447456181,0.9414365450122968,1.1235973533033483,1.0381266002120249,-0.1890505563594228,-0.07033476780972703,0.5833333333333334,0.9007190844480026,1.5605819430481112,1.3567486087555385,0.9166666666666666
chronos2_daily_abs_cross_median,25.0,2020-08-31_2021-07-31,12,1.0704351210918297,0.17406019021811336,1.0704351210918297,0.17406019021811336,0.8963749308737163,1.1277912973739084,1.0154943182884568,-0.18905055635942292,-0.0471551797914731,0.5833333333333334,0.8822991601992294,1.593160160519803,1.3120630089471481,0.9444444444444443
chronos2_daily_abs_cross_median,25.0,2020-09-30_2021-08-31,12,1.2525014588307806,0.29094300690606567,1.2525014588307806,0.29094300690606567,0.9615584519247149,1.1254451329572868,1.097872301413558,-0.1832532691253621,-0.0471551797914731,0.5833333333333334,0.8803074428718903,1.9510587902214824,1.0038496542258182,0.9444444444444443
chronos2_daily_abs_cross_median,25.0,2020-10-31_2021-09-30,12,1.519189686582871,0.285307502281577,1.519189686582871,0.285307502281577,1.233882184301294,1.1097358349549793,1.2098059360994304,-0.1832532691253621,-0.04715517979147299,0.5833333333333334,0.9998086942479275,2.201977102836536,1.1009037405100717,0.9444444444444443
chronos2_daily_abs_cross_median,25.0,2020-11-30_2021-10-31,12,1.6616725117286246,0.164192612882329,1.6616725117286246,0.164192612882329,1.4974798988462956,1.1001608471078212,1.2664792922201222,-0.1832532691253621,-0.04715517979147299,0.5833333333333334,1.1794516162413082,4.9506829231096745,0.8081609460361763,0.9444444444444443
chronos2_daily_abs_cross_median,25.0,2020-12-31_2021-11-30,12,0.022615031606984637,0.10075285366229347,0.022615031606984637,0.10075285366229347,-0.07813782205530884,0.49627161501323025,0.27120782413174926,-0.2588035679370896,-0.04715517979147321,0.5,0.06869763368054971,0.682894956788548,0.06781482364659674,0.9444444444444443
chronos2_daily_abs_cross_median,25.0,2021-01-31_2021-12-31,12,0.20424903760200297,0.1311417024200292,0.20424903760200297,0.1311417024200292,0.07310733518197376,0.45362796320803883,0.6164985956652099,-0.2871061623964829,-0.04715517979147299,0.5,0.3284035911602287,0.041893436454033234,0.3115612726616319,0.9444444444444443
chronos2_daily_abs_cross_median,25.0,2021-02-28_2022-01-31,12,0.1001290109448214,0.1035559333431273,0.1001290109448214,0.1035559333431273,-0.003426922398305887,0.4506720675127908,0.4134994842026377,-0.2971629513297416,-0.008710521467504728,0.4166666666666667,0.1809634944812467,-0.6758307406545974,0.2872513847100666,0.9444444444444443
chronos2_daily_abs_cross_median,25.0,2021-03-31_2022-02-28,12,-0.05434291049969664,0.1814244316261513,-0.05434291049969664,0.1814244316261513,-0.23576734212584793,0.4352652922096327,0.06437935831208548,-0.3187546542335572,-0.008710521467504728,0.3333333333333333,-0.3250792687481547,0.502023887002023,-0.05560740981949652,0.8888888888888888
chronos2_daily_abs_cross_median,25.0,2021-04-30_2022-03-31,12,-0.37436364662740773,0.2056999327796627,-0.37436364662740773,0.2056999327796627,-0.5800635794070704,0.5382860655884569,-0.5956707606183754,-0.5356411486190762,-0.008710521467504728,0.25,-0.9431649298526932,0.0006802734548863426,-0.27757075399469766,0.8333333333333334
chronos2_daily_abs_cross_median,25.0,2021-05-31_2022-04-30,12,-0.11057608799962271,0.20202014645819677,-0.11057608799962271,0.20202014645819677,-0.3125962344578195,0.6711123457377376,0.12974482572731136,-0.5356411486190764,-0.011058901373715124,0.3333333333333333,-0.1446747386778964,-3.235693306926878,0.9603599683933328,0.8055555555555555
chronos2_daily_abs_cross_median,25.0,2021-06-30_2022-05-31,12,-0.1360948566854857,0.1547230806668567,-0.1360948566854857,0.1547230806668567,-0.2908179373523424,0.6546257766320082,0.0762945552931031,-0.5356411486190763,-0.04389760737316839,0.3333333333333333,-0.1408642400862991,-3.7181106025891895,0.7928574651741769,0.8055555555555555
chronos2_daily_abs_cross_median,25.0,2021-07-31_2022-06-30,12,-0.2321136593039118,0.14515293481688385,-0.2321136593039118,0.14515293481688385,-0.37726659412079566,0.651094498360767,-0.10708444833287291,-0.5334069612993019,-0.04389760737316839,0.25,-0.30308627075868655,-3.6787113959137896,0.5432787293531873,0.75
chronos2_daily_abs_cross_median,25.0,2021-08-31_2022-07-31,12,-0.05018406373563622,0.16719366722844042,-0.05018406373563622,0.16719366722844042,-0.21737773096407664,0.645059208720848,0.2156108685573412,-0.533406961299302,-0.04389760737316839,0.3333333333333333,-0.028629759891321434,-3.1103103851784057,0.8518253509111262,0.75
chronos2_daily_abs_cross_median,25.0,2021-09-30_2022-08-31,12,-0.1995907795703289,0.11990803732841937,-0.1995907795703289,0.11990803732841937,-0.31949881689874826,0.6374684145259214,-0.057584997751808725,-0.5334069612993019,-0.04389760737316817,0.25,-0.22867509351110687,-2.6282668890039123,0.3075806985385736,0.7222222222222222
chronos2_daily_abs_cross_median,25.0,2021-10-31_2022-09-30,12,-0.4454685639525636,0.07700156092153554,-0.4454685639525636,0.07700156092153554,-0.5224701248740992,0.7025388230853745,-0.49408192707076015,-0.5079901427405101,-0.04389760737316828,0.25,-0.5768255728207082,-3.671726426448858,-0.06257638268266841,0.75
chronos2_daily_abs_cross_median,25.0,2021-11-30_2022-10-31,12,-0.27681890713392054,0.0837751064100245,-0.27681890713392054,0.0837751064100245,-0.36059401354394505,0.7499605211479037,-0.07826121074290165,-0.37350096237172603,-0.04389760737316839,0.3333333333333333,-0.18088574634599736,-4.353894242956167,0.34966351235172977,0.7222222222222222
chronos2_daily_abs_cross_median,25.0,2021-12-31_2022-11-30,12,-0.16602007086861248,0.04089310124175727,-0.16602007086861248,0.04089310124175727,-0.20691317211036975,0.7223902225194698,0.085311521388154,-0.34862832740717087,-0.052330809109684795,0.3333333333333333,0.024240494245588422,-2.765592218039682,0.19745032282312702,0.6944444444444445
chronos2_daily_abs_cross_median,25.0,2022-01-31_2022-12-31,12,-0.2239160948707547,0.03139589518781816,-0.2239160948707547,0.03139589518781816,-0.25531199005857286,0.7298060984560052,-0.007046117086414475,-0.3407197629105079,-0.0538908420070876,0.3333333333333333,-0.051755580752435026,-2.6550167805467946,0.08901939552755311,0.6944444444444445
chronos2_daily_abs_cross_median,25.0,2022-02-28_2023-01-31,12,-0.32585424402633156,-0.006523085673795559,-0.32585424402633156,-0.006523085673795559,-0.319331158352536,0.743808412363568,-0.1810126694219783,-0.43397336970564115,-0.053890842007087936,0.3333333333333333,-0.16930914841440345,-3.315556235286662,-0.13833083899479248,0.7222222222222223
chronos2_daily_abs_cross_median,25.0,2022-03-31_2023-02-28,12,-0.28745685293102596,-0.03763942955797195,-0.28745685293102596,-0.03763942955797195,-0.24981742337305402,0.7442780909142792,-0.10672275358776598,-0.43397336970564115,-0.05860315994470999,0.4166666666666667,-0.056129040614167736,-3.8128287300550263,-0.19695577138064202,0.7499999999999999
chronos2_daily_abs_cross_median,25.0,2022-04-30_2023-03-31,12,-0.02619858633967398,-0.0433257664262765,-0.02619858633967398,-0.0433257664262765,0.017127180086602523,0.6681458581797901,0.25517365427577154,-0.45980253479314703,-0.052003665957635614,0.4166666666666667,0.30984691290677124,-2.360716777194724,0.07318535685949512,0.8055555555555555
chronos2_daily_abs_cross_median,25.0,2022-05-31_2023-04-30,12,-0.30154403848082223,-0.07213752035282106,-0.30154403848082223,-0.07213752035282106,-0.22940651812800117,0.5401622601249895,-0.40397145641731086,-0.46736223904699936,-0.07596598010903766,0.4166666666666667,-0.26181505453250137,-1.2571569482444225,-0.26857614278105235,0.8055555555555555
chronos2_daily_abs_cross_median,25.0,2022-06-30_2023-05-31,12,-0.4244491684203643,-0.0361282154897381,-0.4244491684203643,-0.0361282154897381,-0.3883209529306262,0.45598353968208866,-0.9636145500517476,-0.4673622390469995,-0.07596598010903755,0.4166666666666667,-0.8875183844075963,0.47672761263970437,-0.3498746850429275,0.7777777777777777
chronos2_daily_abs_cross_median,25.0,2022-07-31_2023-06-30,12,-0.2582420069556205,-0.0028433046031512976,-0.2582420069556205,-0.0028433046031512976,-0.2553987023524692,0.5295748525039645,-0.307850363235478,-0.46736223904699936,-0.07596598010903743,0.5,-0.32106527913980953,2.1135407477967845,-0.15184370334429798,0.8333333333333331
chronos2_daily_abs_cross_median,25.0,2022-08-31_2023-07-31,12,-0.34047789704542397,-0.031389184091800915,-0.34047789704542397,-0.031389184091800915,-0.30908871295362306,0.5174067497900026,-0.5486734888550987,-0.4344189491590952,-0.0655917893195096,0.4166666666666667,-0.5062939119944728,1.8469567591223817,-0.20703779900982489,0.8055555555555555
chronos2_daily_abs_cross_median,25.0,2022-09-30_2023-08-31,12,0.08831511528526304,-0.014331580574544756,0.08831511528526304,-0.014331580574544756,0.10264669585980779,0.7722678717453565,0.42524131853738617,-0.34675431241099997,-0.06559178931950937,0.5,0.44559158757481404,1.7215539774932842,0.4107797345783304,0.8333333333333331
chronos2_daily_abs_cross_median,25.0,2022-10-31_2023-09-30,12,0.15012227236701925,-0.04883569016310929,0.15012227236701925,-0.04883569016310929,0.19895796253012854,0.7547094449648105,0.4878135909825123,-0.3467543124110001,-0.06327241269436523,0.5,0.5684513337328032,3.5882565213854405,0.6926390004018157,0.8333333333333334
chronos2_daily_abs_cross_median,25.0,2022-11-30_2023-10-31,12,-0.12512474512462313,-8.074453772832779e-05,-0.12512474512462313,-8.074453772832779e-05,-0.1250440005868948,0.7239540518881638,0.09969754802390905,-0.30399914820643326,-0.04084242285001627,0.4166666666666667,0.09672389518431164,1.9317736891615345,0.06680096596838236,0.8055555555555555
chronos2_daily_abs_cross_median,25.0,2022-12-31_2023-11-30,12,-0.10673911970266003,0.06162621592425688,-0.10673911970266003,0.06162621592425688,-0.1683653356269169,0.7213211224135189,0.12644697275538266,-0.35641800733853257,-0.04084242285001627,0.4166666666666667,0.03889946581938194,1.3288205612035806,0.006850426548592692,0.8055555555555555
chronos2_daily_abs_cross_median,25.0,2023-01-31_2023-12-31,12,-0.1177229032548478,0.05389394652891433,-0.1177229032548478,0.05389394652891433,-0.17161684978376213,0.7232759094214556,0.11088874394766658,-0.4310485700755572,-0.04084242285001627,0.4166666666666667,0.03362810993931541,1.434523025957753,-0.00045766107205769124,0.7777777777777777
chronos2_daily_abs_cross_median,25.0,2023-02-28_2024-01-31,12,-0.1512260039983937,0.06910062416905749,-0.1512260039983937,0.06910062416905749,-0.2203266281674512,0.7313337100347826,0.06519982450348362,-0.5312544399484248,-0.04084242285001627,0.4166666666666667,-0.031705358861682555,1.085062917029373,-0.02861163522217125,0.7499999999999999
chronos2_daily_abs_cross_median,25.0,2023-03-31_2024-02-29,12,-0.4692070875079335,0.07105311702696282,-0.4692070875079335,0.07105311702696282,-0.5402602045348963,0.8154636396320911,-0.4121906181134535,-0.6996853756886132,-0.04084242285001627,0.3333333333333333,-0.5078768202205073,1.6085391531304514,-0.36964807686792367,0.7777777777777778
chronos2_daily_abs_cross_median,25.0,2023-04-30_2024-03-31,12,-0.33915324897856425,0.04605177038880415,-0.33915324897856425,0.04605177038880415,-0.3852050193673684,0.8348311092906867,-0.1292215896989263,-0.6996853756886132,-0.028914327222309355,0.4166666666666667,-0.18954159864817702,1.3729789534629147,-0.16147506490936314,0.75
chronos2_daily_abs_cross_median,25.0,2023-05-31_2024-04-30,12,-0.22388611817143367,0.05087612226469651,-0.22388611817143367,0.05087612226469651,-0.2747622404361302,0.8512597074305711,0.07530515935709997,-0.6996853756886132,-0.04720745865673304,0.4166666666666667,0.012819986908286465,0.4363334742897893,0.04167378559542767,0.75
chronos2_daily_abs_cross_median,25.0,2023-06-30_2024-05-31,12,-0.24869474750360732,0.06029804021364593,-0.24869474750360732,0.06029804021364593,-0.30899278771725325,0.8506122158926618,0.036439184428992154,-0.6996853756886132,-0.04720745865673304,0.3333333333333333,-0.0366445956893533,0.43251438563563605,0.00410599744264295,0.7777777777777778
chronos2_daily_abs_cross_median,25.0,2023-07-31_2024-06-30,12,-0.33506580667448316,0.046802268590376395,-0.33506580667448316,0.046802268590376395,-0.38186807526485955,0.8199090698439103,-0.13512926408846906,-0.6996853756886132,-0.04720745865673304,0.3333333333333333,-0.1928252257291096,-0.5250469204063656,-0.08185355305880637,0.75
chronos2_daily_abs_cross_median,25.0,2023-08-31_2024-07-31,12,-0.18963131295452407,0.10318514893952901,-0.18963131295452407,0.10318514893952901,-0.2928164618940531,0.8409800047873756,0.12034017905100976,-0.6996853756886132,-0.04720745865673315,0.4166666666666667,-0.0021136888267055468,0.66177405346285,0.03356140765891302,0.7777777777777778
chronos2_daily_abs_cross_median,25.0,2023-09-30_2024-08-31,12,-0.4671305665817759,0.08473288946892565,-0.4671305665817759,0.08473288946892565,-0.5518634560507015,0.5974530898807222,-0.7213210950448737,-0.5940671732366394,-0.04720745865673315,0.4166666666666667,-0.8813734844697266,1.1087222456280215,-0.4163912625395998,0.7777777777777777
chronos2_daily_abs_cross_median,25.0,2023-10-31_2024-09-30,12,-0.35012305871686533,0.12170948346779942,-0.35012305871686533,0.12170948346779942,-0.47183254218466475,0.5512257332787608,-0.48710932581587446,-0.5685139988873751,-0.047207458656732815,0.4166666666666667,-0.6996077551298219,0.29519229148635306,-0.26484850328513965,0.7777777777777777
chronos2_daily_abs_cross_median,25.0,2023-11-30_2024-10-31,12,0.03522232942759729,0.004734660022875703,0.03522232942759729,0.004734660022875703,0.030487669404721585,0.7551065790865357,0.3831628073156327,-0.5333700635882206,-0.07254414974326939,0.5,0.34831587866942476,-2.6095121697873465,0.3655890859060096,0.8055555555555555
chronos2_daily_abs_cross_median,25.0,2023-12-31_2024-11-30,12,-0.14785801347347383,-0.026522408525777696,-0.14785801347347383,-0.026522408525777696,-0.12133560494769613,0.7952377828808133,0.15818786044925406,-0.47216122762663804,-0.07702368625268241,0.5,0.17698055346827885,-2.4356797200333853,0.07501322969321289,0.8055555555555554
chronos2_daily_abs_cross_median,25.0,2024-01-31_2024-12-31,12,0.18173624099381236,-0.013699490369203038,0.18173624099381236,-0.013699490369203038,0.1954357313630154,0.8093137138730838,0.5779320796953666,-0.35932273304446083,-0.07702368625268208,0.5833333333333334,0.5621462437425894,-2.4413183792471456,0.5498123661281407,0.8055555555555554
chronos2_daily_abs_cross_median,25.0,2024-02-29_2025-01-31,12,0.313885930105656,-0.14290566323586873,0.313885930105656,-0.14290566323586873,0.45679159334152475,0.7875522571056375,0.7108858242219608,-0.23884615384615393,-0.18252959118595857,0.6666666666666666,0.8663440624734121,-0.24521717416861555,0.6718497671787531,0.8333333333333334
chronos2_daily_abs_cross_median,25.0,2024-03-31_2025-02-28,12,1.1931842291713668,-0.10676537761977256,1.1931842291713668,-0.10676537761977256,1.2999496067911394,0.6513762671748846,1.5177453680325916,-0.23884615384615382,-0.1825295911859588,0.75,1.6116139781647383,-0.10138125448415944,1.5616673287908593,0.8333333333333334
chronos2_daily_abs_cross_median,25.0,2024-04-30_2025-03-31,12,0.7597892685223906,-0.06461005552580057,0.7597892685223906,-0.06461005552580057,0.8243993240481912,0.6618949327402301,1.1473638168023745,-0.23884615384615382,-0.18252959118595868,0.6666666666666666,1.1651039496000477,-0.3366024339104113,1.0536237636158106,0.8333333333333331
chronos2_daily_abs_cross_median,25.0,2024-05-31_2025-04-30,12,0.5210699672445485,0.02942056800377868,0.5210699672445485,0.02942056800377868,0.4916493992407698,0.6559902261575997,0.9182311361301452,-0.23884615384615382,-0.18252959118595857,0.5833333333333334,0.8056358317626666,-0.29964961272519386,0.8225771572472611,0.861111111111111
chronos2_daily_abs_cross_median,25.0,2024-06-30_2025-05-31,12,0.4840112799938623,-0.019239253194651806,0.4840112799938623,-0.019239253194651806,0.5032505331885141,0.6583717523214269,0.8778052952611073,-0.23884615384615382,-0.18252959118595835,0.6666666666666666,0.8415823040158044,-0.18370126466371675,0.7572382905884893,0.8055555555555555
chronos2_daily_abs_cross_median,25.0,2024-07-31_2025-06-30,12,0.4388179228305038,0.03150250800801424,0.4388179228305038,0.03150250800801424,0.40731541482248956,0.6568177279089977,0.8292709908977733,-0.23884615384615382,-0.1825295911859589,0.5833333333333334,0.7133120307293085,-0.16151234622565763,0.7164825107545862,0.8333333333333334
chronos2_daily_abs_cross_median,25.0,2024-08-31_2025-07-31,12,0.20296034286795295,0.02082724764079913,0.20296034286795295,0.02082724764079913,0.18213309522715382,0.641484312397245,0.5472343683663202,-0.23884615384615382,-0.1720911800730176,0.5,0.45012377669188347,-0.45240723650541737,0.43735538070738555,0.8333333333333334
chronos2_daily_abs_cross_median,25.0,2024-09-30_2025-08-31,12,2.024206550920526,0.07082064647411035,2.024206550920526,0.07082064647411035,1.9533859044464157,1.6673726049959388,1.1384021661939563,-0.23884615384615382,-0.1720911800730176,0.5,1.08720998951332,0.5388873439454647,4.595460049638548,0.8333333333333334
chronos2_daily_abs_cross_median,25.0,2024-10-31_2025-09-30,12,3.461602768052229,0.07787885846139209,3.461602768052229,0.07787885846139209,3.383723909590837,1.650632418999154,1.409752356903818,-0.23884615384615382,-0.11858833109117162,0.5833333333333334,1.354409881039904,0.5515864579819196,7.035277028944888,0.8333333333333334
chronos2_daily_abs_cross_median,25.0,2024-11-30_2025-10-31,12,2.1577981529615977,0.1960061542824556,2.1577981529615977,0.1960061542824556,1.9617919986791421,1.6202580852066293,1.165892039496478,-0.1073894956636271,-0.11795970406671652,0.5833333333333334,1.055569766679078,1.2985555872227614,3.6298465227043772,0.8333333333333331
chronos2_daily_abs_cross_median,25.0,2024-12-31_2025-11-30,12,3.335541754225269,0.22133541890163522,3.335541754225269,0.22133541890163522,3.114206335323634,1.568561715426334,1.385300062292635,-0.1073894956636271,-0.11795970406671652,0.6666666666666666,1.2555601572836133,1.0195574235545504,5.1004499305252695,0.8333333333333331
chronos2_daily_abs_cross_median,25.0,2025-01-31_2025-12-31,12,2.2902515710697293,0.17166648362633885,2.2902515710697293,0.17166648362633885,2.1185850874433907,1.5870732207816824,1.182900535606964,-0.08881587344221598,-0.03669877287899381,0.5833333333333334,1.0848661943890692,1.3496371747843798,3.6501258245649355,0.861111111111111
chronos2_daily_abs_cross_median,25.0,2025-02-28_2026-01-31,12,2.036487271721284,0.31334945156909844,2.036487271721284,0.31334945156909844,1.7231378201521854,1.600266859987285,1.129000234845644,-0.213484886069654,-0.04758367670999886,0.5,0.9576598999768101,1.4144665116576052,2.7817718108442917,0.8611111111111112
chronos2_daily_abs_cross_median,25.0,2025-03-31_2026-02-28,12,1.293430541578954,0.08257309459079365,1.293430541578954,0.08257309459079365,1.2108574469881603,1.6357442044830952,0.9445239155894877,-0.3647013011377055,-0.18488813271044613,0.4166666666666667,0.9037820040961774,1.8994454702011225,2.6084684399726035,0.8333333333333331
chronos2_daily_abs_cross_median,25.0,2025-04-30_2026-03-31,12,1.6922744489027983,0.028079656548997578,1.6922744489027983,0.028079656548997578,1.6641947923538007,1.622309801145072,1.0521050328777413,-0.3647013011377055,-0.19546042589812018,0.5,1.0504144644419013,2.1319652628548305,3.5081872206858673,0.8055555555555555
chronos2_daily_abs_cross_median,25.0,2025-05-31_2026-04-30,12,1.2444944162911913,-0.14610708694572017,1.2444944162911913,-0.14610708694572017,1.3906015032369115,1.6464916474047566,0.9355465154002053,-0.4208725636848618,-0.29138146686445754,0.5,1.0599469611023704,2.6223073312929923,4.762353006785724,0.75
chronos2_daily_abs_cross_median,25.0,2025-06-30_2026-05-31,12,1.7444834941621732,-0.18541351506394133,1.7444834941621732,-0.18541351506394133,1.9298970092261145,1.6392200072535217,1.0726341779844388,-0.4208725636848617,-0.34737666250868915,0.5,1.227147636837528,2.2836775119035653,6.290172585547134,0.7777777777777778
chronos2_daily_abs_cross_median,25.0,2025-07-31_2026-06-30,12,2.356722753212923,-0.1667764227923394,2.356722753212923,-0.1667764227923394,2.5234991760052625,1.6423624494636453,1.2143339148546368,-0.4208725636848618,-0.34737666250868904,0.5833333333333334,1.3722814473647096,2.5212677657975515,7.739611186253018,0.7222222222222222
chronos2_daily_abs_cross_lower10,25.0,2019-01-31_2019-12-31,12,0.18093431831760443,-0.0907583313333864,0.18093431831760443,-0.0907583313333864,0.2716926496509908,0.13118044743558985,1.333668967991789,-0.019701257861635346,-0.08173242622854304,0.5833333333333334,1.2412183879423448,-0.9206566389268261,0.09592221853901606,0.5277777777777778
chronos2_daily_abs_cross_lower10,25.0,2019-02-28_2020-01-31,12,0.18192089669548017,-0.15374678206850467,0.18192089669548017,-0.15374678206850467,0.33566767876398484,0.13106468253420767,1.3412051354076873,-0.019701257861635124,-0.157070533612218,0.5833333333333334,1.5137510990912877,-0.5127736397513293,0.09872252359433253,0.5
chronos2_daily_abs_cross_lower10,25.0,2019-03-31_2020-02-29,12,0.17447503429976297,-0.2983301643039218,0.17447503429976297,-0.2983301643039218,0.47280519860368475,0.1320658460786003,1.2834152993261154,-0.019701257861635346,-0.2968733323797681,0.6666666666666666,1.9744620815527538,-0.10316193494530634,0.14418462940816235,0.5000000000000001
chronos2_daily_abs_cross_lower10,25.0,2019-04-30_2020-03-31,12,0.5465000750457536,-0.26938100433105683,0.5465000750457536,-0.26938100433105683,0.8158810793768104,0.3275381848817648,1.4837657453763327,-0.019701257861635235,-0.2897384073692094,0.6666666666666666,2.2794722651789154,0.4029850666574192,0.7999426104136358,0.5555555555555556
chronos2_daily_abs_cross_lower10,25.0,2019-05-31_2020-04-30,12,0.5452091734806068,-0.23441422140073764,0.5452091734806068,-0.23441422140073764,0.7796233948813445,0.32765625607084464,1.4806877534243408,-0.019701257861635346,-0.2897384073692094,0.5833333333333334,2.0961079415748256,0.3469003034793134,0.7441883449909723,0.5833333333333334
chronos2_daily_abs_cross_lower10,25.0,2019-06-30_2020-05-31,12,0.542633824858139,-0.22854562482453433,0.542633824858139,-0.22854562482453433,0.7711794496826734,0.3278847618804237,1.4745727622640383,-0.019701257861635346,-0.2897384073692095,0.5833333333333334,2.053018622652327,0.3304710566097459,0.730500183133509,0.638888888888889
chronos2_daily_abs_cross_lower10,25.0,2019-07-31_2020-06-30,12,0.5439214991693733,-0.1941752572672133,0.5439214991693733,-0.1941752572672133,0.7380967564365866,0.3277694695413654,1.4776338779854334,-0.019701257861635124,-0.2827760862119635,0.5833333333333334,1.8651919118608338,0.2594248904761571,0.6856208416513561,0.611111111111111
chronos2_daily_abs_cross_lower10,25.0,2019-08-31_2020-07-31,12,0.5143956500191076,-0.1722348942847023,0.5143956500191076,-0.1722348942847023,0.6866305443038099,0.32975018869843054,1.4096814764543957,-0.019701257861635235,-0.27948217627529803,0.5,1.7046118116200155,0.22763356826686437,0.6352237079034502,0.611111111111111
chronos2_daily_abs_cross_lower10,25.0,2019-09-30_2020-08-31,12,0.5143956500191078,-0.21057570090232802,0.5143956500191078,-0.21057570090232802,0.7249713509214358,0.3297501886984305,1.409681476454396,-0.019701257861635124,-0.27948217627529803,0.5,1.8325713463681395,0.2516283551607693,0.6593650431649938,0.611111111111111
chronos2_daily_abs_cross_lower10,25.0,2019-10-31_2020-09-30,12,0.5131326011033284,-0.1766274605970889,0.5131326011033284,-0.1766274605970889,0.6897600617004173,0.32986031476931404,1.4066845229826699,-0.019701257861635235,-0.2794821762752979,0.5,1.6613042071383486,0.19828817069275637,0.6269575318171727,0.6388888888888888
chronos2_daily_abs_cross_lower10,25.0,2019-11-30_2020-10-31,12,0.39239859137334165,-0.06643817837031618,0.39239859137334165,-0.06643817837031618,0.45883676974365784,0.32772519619573853,1.1514899924495015,-0.009958426960453015,-0.2794821762752979,0.4166666666666667,1.0399785193031315,0.12918781937392348,0.456505265285716,0.611111111111111
chronos2_daily_abs_cross_lower10,25.0,2019-12-31_2020-11-30,12,0.34213265733541887,-0.050871312509224054,0.34213265733541887,-0.050871312509224054,0.3930039698446429,0.3355674622581036,1.0191192375624076,-0.06450009964573478,-0.2358764964179022,0.4166666666666667,0.86777546554877,0.07442221535123754,0.4028769565562276,0.611111111111111
chronos2_daily_abs_cross_lower10,25.0,2020-01-31_2020-12-31,12,0.08294737974657407,-0.013079995771551722,0.08294737974657407,-0.013079995771551722,0.09602737551812579,0.35237037707954055,0.3671064911643314,-0.16889338398072196,-0.16758179221927783,0.3333333333333333,0.27103868870789677,0.19523933522991868,0.13308913194447225,0.6388888888888888
chronos2_daily_abs_cross_lower10,25.0,2020-02-29_2021-01-31,12,0.08294737974657407,0.14471568274700242,0.08294737974657407,0.14471568274700242,-0.06176830300042835,0.35237037707954055,0.36710649116433125,-0.1702785616740874,-0.07033476780972703,0.25,-0.0905701642170052,0.17957157732411066,0.10421612277915404,0.6388888888888888
chronos2_daily_abs_cross_lower10,25.0,2020-03-31_2021-02-28,12,0.10436807916072799,0.3187076559568369,0.10436807916072799,0.3187076559568369,-0.21433957679610893,0.3517780497437609,0.42350591252498154,-0.1702785616740874,-0.07033476780972703,0.25,-0.387455266172363,0.2563417572699146,0.07655223189952842,0.638888888888889
chronos2_daily_abs_cross_lower10,25.0,2020-04-30_2021-03-31,12,0.08982297576867437,0.2712264885896778,0.08982297576867437,0.2712264885896778,-0.18140351282100342,0.3355344936304362,0.3923654392447686,-0.16819905932239343,-0.07033476780972714,0.25,-0.3184542692477494,-0.17484643339021153,0.19121946180081362,0.6111111111111112
chronos2_daily_abs_cross_lower10,25.0,2020-05-31_2021-04-30,12,0.09801713348122076,0.2511461011810818,0.09801713348122076,0.2511461011810818,-0.15312896769986106,0.3352897428804931,0.41502056633052126,-0.16681041000573626,-0.07033476780972703,0.3333333333333333,-0.25758278097129444,-0.17028999401541794,0.19548376334310258,0.5833333333333334
chronos2_daily_abs_cross_lower10,25.0,2020-06-30_2021-05-31,12,0.09710059163357387,0.22018559574957508,0.09710059163357387,0.22018559574957508,-0.1230850041160012,0.33532673631215626,0.4124896426778882,-0.16611550626095373,-0.07033476780972703,0.3333333333333333,-0.1944699800613899,-0.15713604042210097,0.1861040084373633,0.6111111111111112
chronos2_daily_abs_cross_lower10,25.0,2020-07-31_2021-06-30,12,0.09710059163357365,0.1787337447456181,0.09710059163357365,0.1787337447456181,-0.08163315311204444,0.33532673631215626,0.4124896426778882,-0.16542002294674263,-0.07033476780972703,0.3333333333333333,-0.10317574886141362,-0.14658318349357452,0.17738394238662147,0.611111111111111
chronos2_daily_abs_cross_lower10,25.0,2020-08-31_2021-07-31,12,0.09527056562584502,0.17406019021811336,0.09527056562584502,0.17406019021811336,-0.07878962459226835,0.3353978875248902,0.4074329149283506,-0.16402673417035984,-0.0471551797914731,0.3333333333333333,-0.09704590129762596,-0.1445440239663663,0.17435302574479628,0.6666666666666666
chronos2_daily_abs_cross_lower10,25.0,2020-09-30_2021-08-31,12,0.09709906406595481,0.29094300690606567,0.09709906406595481,0.29094300690606567,-0.19384394284011086,0.33533125471508424,0.412484084608418,-0.16263111936930874,-0.0471551797914731,0.25,-0.34034094572372164,-0.2799288245319346,0.23498525828374617,0.611111111111111
chronos2_daily_abs_cross_lower10,25.0,2020-10-31_2021-09-30,12,0.09801483957853074,0.285307502281577,0.09801483957853074,0.285307502281577,-0.18729266270304623,0.3352965212098279,0.4150121763058674,-0.1619327299776233,-0.04715517979147299,0.25,-0.3264917348970748,-0.2794036736159767,0.2342682882294207,0.5833333333333333
chronos2_daily_abs_cross_lower10,25.0,2020-11-30_2021-10-31,12,0.10534104367913799,0.164192612882329,0.10534104367913799,0.164192612882329,-0.05885156920319101,0.3350931379607349,0.4351590322891969,-0.1130715909090908,-0.04715517979147299,0.3333333333333333,-0.03557745117083044,-0.30680001647962013,0.21285615092761256,0.5833333333333333
chronos2_daily_abs_cross_lower10,25.0,2020-12-31_2021-11-30,12,0.4183640982463075,0.10075285366229347,0.4183640982463075,0.10075285366229347,0.317611244584014,0.38030768589447833,1.087038485527208,-0.006651402773437343,-0.04715517979147321,0.4166666666666667,0.7958449363998555,-0.002458039747979024,0.5018336419274974,0.5833333333333333
chronos2_daily_abs_cross_lower10,25.0,2021-01-31_2021-12-31,12,0.6351039689768765,0.1311417024200292,0.6351039689768765,0.1311417024200292,0.5039622665568473,0.3461311240707848,1.5865856274582242,-0.006651402773437565,-0.04715517979147299,0.5,1.1336356017464,-0.5481650688864349,0.8290233911010501,0.5833333333333333
chronos2_daily_abs_cross_lower10,25.0,2021-02-28_2022-01-31,12,0.6000725261245619,0.1035559333431273,0.6000725261245619,0.1035559333431273,0.49651659278143456,0.3499680921803189,1.5080739918022112,-0.023055555555555496,-0.008710521467504728,0.5,1.1500900021361866,-0.6539061206819432,0.7862623263725756,0.5555555555555555
chronos2_daily_abs_cross_lower10,25.0,2021-03-31_2022-02-28,12,0.5789842555990319,0.1814244316261513,0.5789842555990319,0.1814244316261513,0.3975598239728806,0.351561531829319,1.4633126718033644,-0.024683796296296245,-0.008710521467504728,0.4166666666666667,0.9196689036285504,-1.855868270338057,1.2292242082410878,0.5555555555555555
chronos2_daily_abs_cross_lower10,25.0,2021-04-30_2022-03-31,12,0.23035101816253212,0.2056999327796627,0.23035101816253212,0.2056999327796627,0.02465108538286942,0.2144593599251003,1.062102292281992,-0.024683796296296356,-0.008710521467504728,0.3333333333333333,0.15998292957804405,-0.8597628296606337,0.4695737172049108,0.5555555555555556
chronos2_daily_abs_cross_lower10,25.0,2021-05-31_2022-04-30,12,0.22116929414639386,0.20202014645819677,0.22116929414639386,0.20202014645819677,0.019149147688197088,0.2151228833440822,1.023962557369829,-0.024683796296296245,-0.011058901373715124,0.3333333333333333,0.1410922653366147,-0.7482546708206496,0.4261092864965015,0.5833333333333334
chronos2_daily_abs_cross_lower10,25.0,2021-06-30_2022-05-31,12,0.3048250018489871,0.1547230806668567,0.3048250018489871,0.1547230806668567,0.1501019211821304,0.2187185122439439,1.3195550214296157,-0.024683796296296245,-0.04389760737316839,0.4166666666666667,0.556580165655389,-0.8683233361131848,0.506200557730818,0.5277777777777778
chronos2_daily_abs_cross_lower10,25.0,2021-07-31_2022-06-30,12,0.38100327551823554,0.14515293481688385,0.38100327551823554,0.14515293481688385,0.2358503407013517,0.21925664832313405,1.582366815774397,-0.024683796296296356,-0.04389760737316839,0.5,0.8161876909797235,-0.8870070007594028,0.5861540956438409,0.5833333333333333
chronos2_daily_abs_cross_lower10,25.0,2021-08-31_2022-07-31,12,0.4098462846142723,0.16719366722844042,0.4098462846142723,0.16719366722844042,0.24265261738583188,0.2169785375246879,1.6949961133180367,-0.024683796296296356,-0.04389760737316839,0.5,0.8220142658337273,-0.8602387264566307,0.638656758597312,0.5555555555555555
chronos2_daily_abs_cross_lower10,25.0,2021-09-30_2022-08-31,12,0.4284111210447863,0.11990803732841937,0.4284111210447863,0.11990803732841937,0.3085030837163669,0.21534287928954668,1.7690195526413341,-0.024683796296296356,-0.04389760737316817,0.5833333333333334,1.0506955142550325,-0.6247651131575097,0.5616697518462876,0.611111111111111
chronos2_daily_abs_cross_lower10,25.0,2021-10-31_2022-09-30,12,0.41876102703575335,0.07700156092153554,0.41876102703575335,0.07700156092153554,0.3417594661142178,0.21655930284451205,1.7279127010964876,-0.024683796296296245,-0.04389760737316828,0.5833333333333334,1.2240443847149816,-0.5705170224741235,0.5083210136717953,0.6666666666666666
chronos2_daily_abs_cross_lower10,25.0,2021-11-30_2022-10-31,12,0.4081820301481629,0.0837751064100245,0.4081820301481629,0.0837751064100245,0.3244069237381384,0.21764419080073968,1.684839685251948,-0.024683796296296245,-0.04389760737316839,0.5833333333333334,1.1626094417478776,-0.6053936628271814,0.5068048103823377,0.6944444444444445
chronos2_daily_abs_cross_lower10,25.0,2021-12-31_2022-11-30,12,0.15945159595704417,0.04089310124175727,0.15945159595704417,0.04089310124175727,0.1185584947152869,0.09066313257399704,1.6823696570871964,-0.024683796296296245,-0.052330809109684795,0.5833333333333334,0.7574463785632191,-0.3934548849163542,0.18341381908865073,0.7222222222222222
chronos2_daily_abs_cross_lower10,25.0,2022-01-31_2022-12-31,12,0.13390234518188793,0.03139589518781816,0.13390234518188793,0.03139589518781816,0.10250644999406977,0.09036061135936191,1.4382454887031115,-0.010888825589257078,-0.0538908420070876,0.5833333333333334,0.6652931969867124,-0.39374519532623375,0.153228091436997,0.6666666666666666
chronos2_daily_abs_cross_lower10,25.0,2022-02-28_2023-01-31,12,0.15776039850672707,-0.006523085673795559,0.15776039850672707,-0.006523085673795559,0.16428348418052263,0.08407052011685386,1.7903576305987254,-0.011784457064261011,-0.053890842007087936,0.5833333333333334,1.2519779147875425,-0.24307612101483178,0.16022654469470776,0.7222222222222223
chronos2_daily_abs_cross_lower10,25.0,2022-03-31_2023-02-28,12,0.22173727940032162,-0.03763942955797195,0.22173727940032162,-0.03763942955797195,0.25937670895829357,0.09165650871160405,2.2440672613725625,-0.0117844570642609,-0.05860315994470999,0.6666666666666666,1.9733957372884379,-0.21335948732464283,0.21695315486218258,0.7222222222222222
chronos2_daily_abs_cross_lower10,25.0,2022-04-30_2023-03-31,12,0.20462893199520993,-0.0433257664262765,0.20462893199520993,-0.0433257664262765,0.24795469842148643,0.09365251984217701,2.044971178004569,-0.011784457064261122,-0.052003665957635614,0.6666666666666666,1.8694249916962813,-0.28989720843561667,0.19476935037349596,0.75
chronos2_daily_abs_cross_lower10,25.0,2022-05-31_2023-04-30,12,0.20873183883896962,-0.07213752035282106,0.20873183883896962,-0.07213752035282106,0.2808693591917907,0.09298119549634276,2.096274829353592,-0.011784457064261011,-0.07596598010903766,0.6666666666666666,2.1139206071849292,-0.1378287219940434,0.20151046874516165,0.7222222222222222
chronos2_daily_abs_cross_lower10,25.0,2022-06-30_2023-05-31,12,0.13123691250214709,-0.0361282154897381,0.13123691250214709,-0.0361282154897381,0.1673651279918852,0.07695099849282776,1.6449533972019035,-0.011784457064261344,-0.07596598010903755,0.5833333333333334,1.6602094403002194,0.14397933823855447,0.13977281783787165,0.7777777777777778
chronos2_daily_abs_cross_lower10,25.0,2022-07-31_2023-06-30,12,0.06794469753945864,-0.0028433046031512976,0.06794469753945864,-0.0028433046031512976,0.07078800214260994,0.05797521845533225,1.162809585170068,-0.0117844570642609,-0.07596598010903743,0.5,0.6595344425299524,-0.01850910289177209,0.06954160360453043,0.7499999999999999
chronos2_daily_abs_cross_lower10,25.0,2022-08-31_2023-07-31,12,0.04370686331893614,-0.031389184091800915,0.04370686331893614,-0.031389184091800915,0.07509604741073705,0.05704467101083256,0.7766242341812536,-0.011784457064261122,-0.0655917893195096,0.5,0.7314009213506609,-0.12248091701515722,0.04148061619311605,0.7777777777777778
chronos2_daily_abs_cross_lower10,25.0,2022-09-30_2023-08-31,12,0.019962290579549347,-0.014331580574544756,0.019962290579549347,-0.014331580574544756,0.0342938711540941,0.05752242057815922,0.36946407171994966,-0.020289578730154134,-0.06559178931950937,0.4166666666666667,0.3424925065480146,-0.09148010444028597,0.020338362673729016,0.7222222222222223
chronos2_daily_abs_cross_lower10,25.0,2022-10-31_2023-09-30,12,0.0157950959140023,-0.04883569016310929,0.0157950959140023,-0.04883569016310929,0.06463078607711159,0.05837828691339903,0.29459266709649334,-0.031691624835994636,-0.06327241269436523,0.5,0.6744049937541324,-0.0021677965489167086,0.017229791293177366,0.6944444444444445
chronos2_daily_abs_cross_lower10,25.0,2022-11-30_2023-10-31,12,0.0157950959140023,-8.074453772832779e-05,0.0157950959140023,-8.074453772832779e-05,0.015875840451730627,0.05837828691339903,0.2945926670964933,-0.033305472127934777,-0.04084242285001627,0.4166666666666667,0.12091887452159082,-0.021798678338080062,0.01741813990496066,0.6944444444444445
chronos2_daily_abs_cross_lower10,25.0,2022-12-31_2023-11-30,12,0.02101299803761325,0.06162621592425688,0.02101299803761325,0.06162621592425688,-0.04061321788664363,0.05830642840343461,0.38290838560834406,-0.033305472127934777,-0.04084242285001627,0.3333333333333333,-0.3804832116615301,-0.034067138841863125,0.02476602970212949,0.6944444444444445
chronos2_daily_abs_cross_lower10,25.0,2023-01-31_2023-12-31,12,0.016835049578962646,0.05389394652891433,0.016835049578962646,0.05389394652891433,-0.03705889694995168,0.058470335738340456,0.31173953575980184,-0.033305472127935,-0.04084242285001627,0.3333333333333333,-0.35032165670500687,-0.02544996709912788,0.01983662311634249,0.75
chronos2_daily_abs_cross_lower10,25.0,2023-02-28_2024-01-31,12,0.016835049578963313,0.06910062416905749,0.016835049578963313,0.06910062416905749,-0.05226557459009418,0.058470335738340456,0.31173953575980184,-0.03480336297508724,-0.04084242285001627,0.3333333333333333,-0.47925114831206256,-0.03309019484379197,0.020760821172338684,0.75
chronos2_daily_abs_cross_lower10,25.0,2023-03-31_2024-02-29,12,-0.0826172596922049,0.07105311702696282,-0.0826172596922049,0.07105311702696282,-0.15367037671916772,0.04847357380918857,-1.7496311874420913,-0.08114267038149992,-0.04084242285001627,0.25,-1.7102849376690437,0.11727375905587319,-0.08942205131183978,0.7222222222222222
chronos2_daily_abs_cross_lower10,25.0,2023-04-30_2024-03-31,12,-0.03893236349682794,0.04605177038880415,-0.03893236349682794,0.04605177038880415,-0.08498413388563208,0.07126923917246843,-0.5235200039308854,-0.08114267038149969,-0.028914327222309355,0.3333333333333333,-0.7650434323219836,0.02730191134831381,-0.03796502343739461,0.6944444444444443
chronos2_daily_abs_cross_lower10,25.0,2023-05-31_2024-04-30,12,0.24323340925578396,0.05087612226469651,0.24323340925578396,0.05087612226469651,0.19235728699108745,0.3065969193731844,0.8367624086881916,-0.07883976980601481,-0.04720745865673304,0.3333333333333333,0.5699413156157846,-1.6913609135769687,0.4071880654167763,0.6944444444444443
chronos2_daily_abs_cross_lower10,25.0,2023-06-30_2024-05-31,12,0.15946399195468364,0.06029804021364593,0.15946399195468364,0.06029804021364593,0.0991659517410377,0.3194069858915087,0.5927764706012081,-0.07730193970552413,-0.04720745865673304,0.3333333333333333,0.34342082551191955,-1.7822275769747453,0.3451126964199889,0.6944444444444443
chronos2_daily_abs_cross_lower10,25.0,2023-07-31_2024-06-30,12,0.16147410674746498,0.046802268590376395,0.16147410674746498,0.046802268590376395,0.11467183815708859,0.3193085387767916,0.5983795978173666,-0.07287162668745717,-0.04720745865673304,0.3333333333333333,0.3859791969657901,-1.9589036220696912,0.3278611151729016,0.7222222222222223
chronos2_daily_abs_cross_lower10,25.0,2023-08-31_2024-07-31,12,0.18941937286447574,0.10318514893952901,0.18941937286447574,0.10318514893952901,0.08623422392494673,0.31851188241507494,0.6750546086388144,-0.06971183096894673,-0.04720745865673315,0.3333333333333333,0.3018252386449891,-1.3830039471477031,0.4222088027880513,0.6666666666666666
chronos2_daily_abs_cross_lower10,25.0,2023-09-30_2024-08-31,12,0.3601008147290212,0.08473288946892565,0.3601008147290212,0.08473288946892565,0.27536792526009557,0.3361833976274352,1.0622019922499422,-0.06971183096894684,-0.04720745865673315,0.4166666666666667,0.6834603218482694,-1.6331823590885344,0.6289801109076372,0.75
chronos2_daily_abs_cross_lower10,25.0,2023-10-31_2024-09-30,12,0.3818501217307946,0.12170948346779942,0.3818501217307946,0.12170948346779942,0.26014063826299516,0.33442726693501595,1.1150392271482614,-0.06971183096894673,-0.047207458656732815,0.3333333333333333,0.6384808410306048,-2.060087407615532,0.8285816596347562,0.7777777777777777
chronos2_daily_abs_cross_lower10,25.0,2023-11-30_2024-10-31,12,0.4129985165918979,0.004734660022875703,0.4129985165918979,0.004734660022875703,0.4082638565690222,0.3327768588904862,1.188192696546688,-0.06971183096894673,-0.07254414974326939,0.4166666666666667,0.9805597698235944,-1.3730550133221038,0.4954646525506239,0.7777777777777777
chronos2_daily_abs_cross_lower10,25.0,2023-12-31_2024-11-30,12,0.40577736664125585,-0.026522408525777696,0.40577736664125585,-0.026522408525777696,0.43229977516703355,0.33331168590003285,1.170900525528739,-0.06971183096894673,-0.07702368625268241,0.5,1.0575769569652897,-1.3794365297794526,0.42592623140096264,0.7777777777777777
chronos2_daily_abs_cross_lower10,25.0,2024-01-31_2024-12-31,12,0.4175215384594786,-0.013699490369203038,0.4175215384594786,-0.013699490369203038,0.43122102882868163,0.3324595379279435,1.1989674412798623,-0.06971183096894673,-0.07702368625268208,0.5,1.0443958637936053,-1.4255070511071848,0.46224873361802454,0.7222222222222223
chronos2_daily_abs_cross_lower10,25.0,2024-02-29_2025-01-31,12,0.41988999549951056,-0.14290566323586873,0.41988999549951056,-0.14290566323586873,0.5627956587353793,0.33226832662168276,1.2046734404539474,-0.06971183096894684,-0.18252959118595857,0.5833333333333334,1.375981201339107,-0.43579442417423914,0.3962708863440292,0.6666666666666666
chronos2_daily_abs_cross_lower10,25.0,2024-03-31_2025-02-28,12,0.49015978382292036,-0.10676537761977256,0.49015978382292036,-0.10676537761977256,0.5969251614426929,0.32265696546163175,1.3863417228331691,-0.06971183096894662,-0.1825295911859588,0.5833333333333334,1.393122167406256,-0.4477542534881647,0.48592200048334266,0.7222222222222222
chronos2_daily_abs_cross_lower10,25.0,2024-04-30_2025-03-31,12,0.46401662393248966,-0.06461005552580057,0.46401662393248966,-0.06461005552580057,0.5286266794582902,0.3226990410582202,1.3293484681904029,-0.06971183096894684,-0.18252959118595868,0.5,1.2143665280337146,-0.42896503033450545,0.4911550121214563,0.6666666666666666
chronos2_daily_abs_cross_lower10,25.0,2024-05-31_2025-04-30,12,0.17779013970586166,0.02942056800377868,0.17779013970586166,0.02942056800377868,0.14836957170208298,0.15862804804581593,1.1085336580810592,-0.003331249999999897,-0.18252959118595857,0.4166666666666667,0.5489003531476274,-0.020020645569098137,0.19176521834574856,0.6944444444444443
chronos2_daily_abs_cross_lower10,25.0,2024-06-30_2025-05-31,12,0.2639386324394237,-0.019239253194651806,0.2639386324394237,-0.019239253194651806,0.28317788563407553,0.13140742001915512,1.855981151149721,-0.003331249999999897,-0.18252959118595835,0.5,1.1383438877591117,0.03798055941617869,0.2732741654603701,0.6666666666666666
chronos2_daily_abs_cross_lower10,25.0,2024-07-31_2025-06-30,12,0.2891347682440937,0.03150250800801424,0.2891347682440937,0.03150250800801424,0.25763226023607944,0.129553499374955,2.036421967646719,-0.003331249999999897,-0.1825295911859589,0.5,0.941516422578368,0.04458762348746366,0.2954020309221166,0.5833333333333334
chronos2_daily_abs_cross_lower10,25.0,2024-08-31_2025-07-31,12,0.4712648967763291,0.02082724764079913,0.4712648967763291,0.02082724764079913,0.45043764913552997,0.19139314097050608,2.130768012303944,-0.003331250000000008,-0.1720911800730176,0.5833333333333334,1.5469440944362636,0.22731091712395673,0.4808656995559446,0.6111111111111112
chronos2_daily_abs_cross_lower10,25.0,2024-09-30_2025-08-31,12,1.287271496786952,0.07082064647411035,1.287271496786952,0.07082064647411035,1.2164508503128417,0.7520083912756443,1.377332540217144,-0.003331250000000008,-0.1720911800730176,0.5833333333333334,1.2858766502550947,0.7708854092635905,1.5397809319182834,0.5833333333333334
chronos2_daily_abs_cross_lower10,25.0,2024-10-31_2025-09-30,12,1.292537505712775,0.07787885846139209,1.292537505712775,0.07787885846139209,1.214658647251383,0.7517363917925125,1.3809063156997519,-0.0033312499999997858,-0.11858833109117162,0.5833333333333334,1.2791081680744436,0.754803697387489,1.5367140386476268,0.5555555555555556
chronos2_daily_abs_cross_lower10,25.0,2024-11-30_2025-10-31,12,1.311513970119012,0.1960061542824556,1.311513970119012,0.1960061542824556,1.1155078158365563,0.7509782287617828,1.393552384723304,-0.003331250000000119,-0.11795970406671652,0.5,1.142519933035351,0.6470304306826048,1.425992785181713,0.5277777777777778
chronos2_daily_abs_cross_lower10,25.0,2024-12-31_2025-11-30,12,1.2194935839146281,0.22133541890163522,1.2194935839146281,0.22133541890163522,0.9981581650129929,0.7571357838966654,1.32972750512318,-0.04140989127253569,-0.11795970406671652,0.4166666666666667,1.0488988050031258,0.5967067970274401,1.33202466396191,0.5277777777777778
chronos2_daily_abs_cross_lower10,25.0,2025-01-31_2025-12-31,12,1.203963164992274,0.17166648362633885,1.203963164992274,0.17166648362633885,1.032296681365935,0.7579596888826352,1.318996503071195,-0.042564766626609574,-0.03669877287899381,0.4166666666666667,1.0972580141362063,0.6574857701016736,1.346461794564501,0.5555555555555556
chronos2_daily_abs_cross_lower10,25.0,2025-02-28_2026-01-31,12,1.3499248964544024,0.31334945156909844,1.3499248964544024,0.31334945156909844,1.036575444885304,0.7528167803439573,1.4159061748233932,-0.042564766626609574,-0.04758367670999886,0.4166666666666667,1.0457751830771929,0.6898548513946661,1.317972030810401,0.5833333333333334
chronos2_daily_abs_cross_lower10,25.0,2025-03-31_2026-02-28,12,1.6122217740498277,0.08257309459079365,1.6122217740498277,0.08257309459079365,1.529648679459034,0.746287036810041,1.577487054459616,-0.04256476662660946,-0.18488813271044613,0.5,1.4151285238583038,0.24251470075184875,2.0067206762355205,0.5833333333333334
chronos2_daily_abs_cross_lower10,25.0,2025-04-30_2026-03-31,12,1.438356363764043,0.028079656548997578,1.438356363764043,0.028079656548997578,1.4102767072150455,0.7564817041410826,1.4658977210884676,-0.042564766626609574,-0.19546042589812018,0.5,1.3894893297609192,0.3734603721033868,1.8411582211743682,0.638888888888889
chronos2_daily_abs_cross_lower10,25.0,2025-05-31_2026-04-30,12,1.0854261471679956,-0.14610708694572017,1.0854261471679956,-0.14610708694572017,1.2315332341137157,0.7821133089019473,1.2250901905978424,-0.14626235216308747,-0.29138146686445754,0.5833333333333334,1.4346587910619553,0.8305384501922788,1.7805786263719008,0.5833333333333334
chronos2_daily_abs_cross_lower10,25.0,2025-06-30_2026-05-31,12,1.0774155590399306,-0.18541351506394133,1.0774155590399306,-0.18541351506394133,1.262829074103872,0.7825585894456722,1.2194927433986502,-0.15095917978005668,-0.34737666250868915,0.5833333333333334,1.492622154695234,0.8425224902786039,1.8717629981042516,0.5833333333333334
chronos2_daily_abs_cross_lower10,25.0,2025-07-31_2026-06-30,12,1.033287450759671,-0.1667764227923394,1.033287450759671,-0.1667764227923394,1.2000638735520104,0.7846536790513882,1.1886235664811466,-0.15237424781375652,-0.34737666250868904,0.5833333333333334,1.4096771742241387,0.6948610049805852,1.7057847464148823,0.638888888888889
chronos2_daily_norm_cross_median,25.0,2019-01-31_2019-12-31,12,-0.6125825729344617,-0.0907583313333864,-0.6125825729344617,-0.0907583313333864,-0.5218242416010753,0.7806339837504537,-0.7624823615254283,-0.7472202642520399,-0.08173242622854304,0.5,-0.6518915231804364,0.956592051407272,-0.4055296426984869,0.8888888888888888
chronos2_daily_norm_cross_median,25.0,2019-02-28_2020-01-31,12,-0.7462786197540221,-0.15374678206850467,-0.7462786197540221,-0.15374678206850467,-0.5925318376855173,0.7700945339413086,-1.2888667283185342,-0.8093961573739776,-0.157070533612218,0.4166666666666667,-1.114775008574502,1.5663358239602987,-0.5362433526691309,0.861111111111111
chronos2_daily_norm_cross_median,25.0,2019-03-31_2020-02-29,12,-0.6993264495100009,-0.2983301643039218,-0.6993264495100009,-0.2983301643039218,-0.40099628520607905,0.8903793949367844,-0.8612914900069182,-0.8093961573739775,-0.2968733323797681,0.4166666666666667,-0.44481317192259784,-1.7258984478107788,-0.7575327821476083,0.8888888888888887
chronos2_daily_norm_cross_median,25.0,2019-04-30_2020-03-31,12,-0.5552655885291322,-0.26938100433105683,-0.5552655885291322,-0.26938100433105683,-0.28588458419807544,0.8749223879830668,-0.4720537392056754,-0.8093961573739776,-0.2897384073692094,0.5,-0.1301511449383796,-1.200194387906333,-0.5437806374053801,0.9166666666666665
chronos2_daily_norm_cross_median,25.0,2019-05-31_2020-04-30,12,-0.6786170073098527,-0.23441422140073764,-0.6786170073098527,-0.23441422140073764,-0.44420278590911516,0.8307948484051435,-0.9053384502445415,-0.8093961573739776,-0.2897384073692094,0.4166666666666667,-0.558853807456914,-1.1226450147552003,-0.6573847262269874,0.9444444444444443
chronos2_daily_norm_cross_median,25.0,2019-06-30_2020-05-31,12,-0.7017754696223428,-0.22854562482453433,-0.7017754696223428,-0.22854562482453433,-0.4732298447978085,0.8190409533948644,-1.0139392107069978,-0.8093961573739776,-0.2897384073692095,0.3333333333333333,-0.6582889127017592,-1.172521764041301,-0.6865993767850767,0.9444444444444443
chronos2_daily_norm_cross_median,25.0,2019-07-31_2020-06-30,12,-0.7962343965082861,-0.1941752572672133,-0.7962343965082861,-0.1941752572672133,-0.6020591392410728,0.8096041220866426,-1.4609015300264419,-0.7669010255827479,-0.2827760862119635,0.25,-1.0829178467015719,-1.4032877143804587,-0.7866758353519419,0.9444444444444443
chronos2_daily_norm_cross_median,25.0,2019-08-31_2020-07-31,12,-0.7525248909530885,-0.1722348942847023,-0.7525248909530885,-0.1722348942847023,-0.5802899966683862,0.7910729491200866,-1.2936264483750834,-0.7751044618888199,-0.27948217627529803,0.25,-0.9556398048276687,-1.3582218137817625,-0.7313827823757606,0.9166666666666665
chronos2_daily_norm_cross_median,25.0,2019-09-30_2020-08-31,12,-0.7689841089050582,-0.21057570090232802,-0.7689841089050582,-0.21057570090232802,-0.5584084080027302,0.7755665843902804,-1.4138553283417914,-0.7566042154900926,-0.27948217627529803,0.25,-0.9937287109527646,-1.369555439243141,-0.7696527046775457,0.9166666666666665
chronos2_daily_norm_cross_median,25.0,2019-10-31_2020-09-30,12,-0.7741099264346475,-0.1766274605970889,-0.7741099264346475,-0.1766274605970889,-0.5974824658375586,0.7753943257622201,-1.44060972969158,-0.7147814690158316,-0.2794821762752979,0.25,-1.0614616181005363,-1.2766718408762514,-0.7551178301516199,0.8888888888888887
chronos2_daily_norm_cross_median,25.0,2019-11-30_2020-10-31,12,-0.7439950043386949,-0.06643817837031618,-0.7439950043386949,-0.06643817837031618,-0.6775568259683789,0.7654474838696058,-1.3213906876003343,-0.6603100665726578,-0.2794821762752979,0.25,-1.0841357125583346,-1.1477210343397306,-0.6676483005091887,0.8888888888888888
chronos2_daily_norm_cross_median,25.0,2019-12-31_2020-11-30,12,-0.30564987219166595,-0.050871312509224054,-0.30564987219166595,-0.050871312509224054,-0.2547785596824419,1.3397055132091302,0.20823384507716658,-0.4909238737164128,-0.2358764964179022,0.3333333333333333,0.21921088749772458,0.18517902633267624,0.3219266810550785,0.8888888888888888
chronos2_daily_norm_cross_median,25.0,2020-01-31_2020-12-31,12,0.011737661348326878,-0.013079995771551722,0.011737661348326878,-0.013079995771551722,0.0248176571198786,1.2656180533993455,0.4228683852458049,-0.4909238737164128,-0.16758179221927783,0.3333333333333333,0.39657968636473984,-0.17669089881641223,0.6935945833677677,0.9166666666666666
chronos2_daily_norm_cross_median,25.0,2020-02-29_2021-01-31,12,0.4480414597899187,0.14471568274700242,0.4480414597899187,0.14471568274700242,0.3033257770429163,1.2253072328393266,0.7021584803547868,-0.49092387371641266,-0.07033476780972703,0.4166666666666667,0.5415567234668537,-0.6520847932509627,1.5383287312259122,0.9166666666666665
chronos2_daily_norm_cross_median,25.0,2020-03-31_2021-02-28,12,0.12984956982613838,0.3187076559568369,0.12984956982613838,0.3187076559568369,-0.18885808613069854,1.159076046260057,0.46830296545300487,-0.49092387371641266,-0.07033476780972703,0.4166666666666667,0.21920507790004548,1.220726260289969,0.20233986301920193,0.9166666666666665
chronos2_daily_norm_cross_median,25.0,2020-04-30_2021-03-31,12,0.06558764901129188,0.2712264885896778,0.06558764901129188,0.2712264885896778,-0.2056388395783859,1.1579809016950136,0.41508902614996673,-0.4286669276360602,-0.07033476780972714,0.4166666666666667,0.19763933008759954,1.190641738581768,0.19197765922961074,0.9166666666666665
chronos2_daily_norm_cross_median,25.0,2020-05-31_2021-04-30,12,0.1661521143025746,0.2511461011810818,0.1661521143025746,0.2511461011810818,-0.08499398687850723,1.1486551793685724,0.49105688625387023,-0.42866692763606007,-0.07033476780972703,0.4166666666666667,0.2870026525621006,1.166879754369925,0.32525454117243013,0.9166666666666666
chronos2_daily_norm_cross_median,25.0,2020-06-30_2021-05-31,12,0.4965174242643944,0.22018559574957508,0.4965174242643944,0.22018559574957508,0.2763318285148193,1.1734400618394967,0.7241372301673263,-0.24821085726890646,-0.07033476780972703,0.5,0.5487291933593614,1.0809839963489682,0.8282092118762046,0.9166666666666666
chronos2_daily_norm_cross_median,25.0,2020-07-31_2021-06-30,12,1.0797658794917546,0.1787337447456181,1.0797658794917546,0.1787337447456181,0.9010321347461365,1.1241936004875377,1.019324474225764,-0.1890505563594228,-0.07033476780972703,0.5833333333333334,0.8815428131903658,1.5611590677501035,1.3118969622274634,0.9166666666666666
chronos2_daily_norm_cross_median,25.0,2020-08-31_2021-07-31,12,1.0309785215600948,0.17406019021811336,1.0309785215600948,0.17406019021811336,0.8569183313419815,1.1283503314317593,0.9968069080319031,-0.18905055635942292,-0.0471551797914731,0.5833333333333334,0.8632177837366286,1.5934632555459487,1.268098073716934,0.9444444444444443
chronos2_daily_norm_cross_median,25.0,2020-09-30_2021-08-31,12,1.2095751931872254,0.29094300690606567,1.2095751931872254,0.29094300690606567,0.9186321862811597,1.1261549579335568,1.0789605640213213,-0.1832532691253621,-0.0471551797914731,0.5833333333333334,0.8612294233651531,1.9606436370113696,0.96064994409482,0.9444444444444443
chronos2_daily_norm_cross_median,25.0,2020-10-31_2021-09-30,12,1.471181102495696,0.285307502281577,1.471181102495696,0.285307502281577,1.185873600214119,1.1106353706445282,1.1903517445302232,-0.1832532691253621,-0.04715517979147299,0.5833333333333334,0.980132205654501,2.211249134312544,1.0560320348723202,0.9444444444444443
chronos2_daily_norm_cross_median,25.0,2020-11-30_2021-10-31,12,1.61094861059787,0.164192612882329,1.61094861059787,0.164192612882329,1.446755997715541,1.101154203355485,1.246703392806387,-0.1832532691253621,-0.04715517979147299,0.5833333333333334,1.1586719892493669,4.94913318672682,0.77357789464083,0.9444444444444443
chronos2_daily_norm_cross_median,25.0,2020-12-31_2021-11-30,12,0.00312690016726469,0.10075285366229347,0.00312690016726469,0.10075285366229347,-0.09762595349502878,0.49373714542569586,0.23104296748956754,-0.2588035679370897,-0.04715517979147321,0.5,0.027179248057708636,0.6696240026742633,0.04762164553617931,0.9444444444444443
chronos2_daily_norm_cross_median,25.0,2021-01-31_2021-12-31,12,0.18129947906278998,0.1311417024200292,0.18129947906278998,0.1311417024200292,0.050157776642760776,0.4514536213415981,0.5740185489154278,-0.2871061623964828,-0.04715517979147299,0.5,0.2852398186473429,0.033003896197987125,0.2869233513138274,0.9444444444444443
chronos2_daily_norm_cross_median,25.0,2021-02-28_2022-01-31,12,0.07916368371679283,0.1035559333431273,0.07916368371679283,0.1035559333431273,-0.02439224962633446,0.4480951466316286,0.37008751168264425,-0.29716295132974135,-0.008710521467504728,0.4166666666666667,0.13767745975098913,-0.6956753532007482,0.26412931367739323,0.9444444444444443
chronos2_daily_norm_cross_median,25.0,2021-03-31_2022-02-28,12,-0.07236444263787023,0.1814244316261513,-0.07236444263787023,0.1814244316261513,-0.2537888742640215,0.4319133663551494,0.01737350854454016,-0.3187546542335573,-0.008710521467504728,0.3333333333333333,-0.3751096404970883,0.5020248090572605,-0.07489452118749085,0.8888888888888888
chronos2_daily_norm_cross_median,25.0,2021-04-30_2022-03-31,12,-0.38628649453316566,0.2056999327796627,-0.38628649453316566,0.2056999327796627,-0.5919864273128284,0.5343635929433217,-0.6384407999940986,-0.5356411486190763,-0.008710521467504728,0.25,-0.9883017275950851,0.01168492619773267,-0.2941760774144797,0.8333333333333334
chronos2_daily_norm_cross_median,25.0,2021-05-31_2022-04-30,12,-0.12752597585278158,0.20202014645819677,-0.12752597585278158,0.20202014645819677,-0.32954612231097835,0.6691078822608205,0.09946842124950522,-0.5356411486190764,-0.011058901373715124,0.3333333333333333,-0.17486569932262555,-3.226735585357087,0.9196185135516437,0.8055555555555555
chronos2_daily_norm_cross_median,25.0,2021-06-30_2022-05-31,12,-0.15255842945138398,0.1547230806668567,-0.15255842945138398,0.1547230806668567,-0.3072815101182407,0.65246453691417,0.045099972794852464,-0.5356411486190762,-0.04389760737316839,0.3333333333333333,-0.17099107958592075,-3.724942347189713,0.7598208238932747,0.8055555555555555
chronos2_daily_norm_cross_median,25.0,2021-07-31_2022-06-30,12,-0.2321136593039118,0.14515293481688385,-0.2321136593039118,0.14515293481688385,-0.37726659412079566,0.651094498360767,-0.10708444833287291,-0.5334069612993019,-0.04389760737316839,0.25,-0.30308627075868655,-3.6787113959137896,0.5432787293531873,0.75
chronos2_daily_norm_cross_median,25.0,2021-08-31_2022-07-31,12,-0.05018406373563622,0.16719366722844042,-0.05018406373563622,0.16719366722844042,-0.21737773096407664,0.645059208720848,0.2156108685573412,-0.533406961299302,-0.04389760737316839,0.3333333333333333,-0.028629759891321434,-3.1103103851784057,0.8518253509111262,0.75
chronos2_daily_norm_cross_median,25.0,2021-09-30_2022-08-31,12,-0.1995907795703289,0.11990803732841937,-0.1995907795703289,0.11990803732841937,-0.31949881689874826,0.6374684145259214,-0.057584997751808725,-0.5334069612993019,-0.04389760737316817,0.25,-0.22867509351110687,-2.6282668890039123,0.3075806985385736,0.7222222222222222
chronos2_daily_norm_cross_median,25.0,2021-10-31_2022-09-30,12,-0.4454685639525636,0.07700156092153554,-0.4454685639525636,0.07700156092153554,-0.5224701248740992,0.7025388230853745,-0.49408192707076015,-0.5079901427405101,-0.04389760737316828,0.25,-0.5768255728207082,-3.671726426448858,-0.06257638268266841,0.75
chronos2_daily_norm_cross_median,25.0,2021-11-30_2022-10-31,12,-0.27681890713392054,0.0837751064100245,-0.27681890713392054,0.0837751064100245,-0.36059401354394505,0.7499605211479037,-0.07826121074290165,-0.37350096237172603,-0.04389760737316839,0.3333333333333333,-0.18088574634599736,-4.353894242956167,0.34966351235172977,0.7222222222222222
chronos2_daily_norm_cross_median,25.0,2021-12-31_2022-11-30,12,-0.16602007086861248,0.04089310124175727,-0.16602007086861248,0.04089310124175727,-0.20691317211036975,0.7223902225194698,0.085311521388154,-0.34862832740717087,-0.052330809109684795,0.3333333333333333,0.024240494245588422,-2.765592218039682,0.19745032282312702,0.6944444444444445
chronos2_daily_norm_cross_median,25.0,2022-01-31_2022-12-31,12,-0.2239160948707547,0.03139589518781816,-0.2239160948707547,0.03139589518781816,-0.25531199005857286,0.7298060984560052,-0.007046117086414475,-0.3407197629105079,-0.0538908420070876,0.3333333333333333,-0.051755580752435026,-2.6550167805467946,0.08901939552755311,0.6944444444444445
chronos2_daily_norm_cross_median,25.0,2022-02-28_2023-01-31,12,-0.32585424402633156,-0.006523085673795559,-0.32585424402633156,-0.006523085673795559,-0.319331158352536,0.743808412363568,-0.1810126694219783,-0.43397336970564115,-0.053890842007087936,0.3333333333333333,-0.16930914841440345,-3.315556235286662,-0.13833083899479248,0.7222222222222223
chronos2_daily_norm_cross_median,25.0,2022-03-31_2023-02-28,12,-0.28745685293102596,-0.03763942955797195,-0.28745685293102596,-0.03763942955797195,-0.24981742337305402,0.7442780909142792,-0.10672275358776598,-0.43397336970564115,-0.05860315994470999,0.4166666666666667,-0.056129040614167736,-3.8128287300550263,-0.19695577138064202,0.7499999999999999
chronos2_daily_norm_cross_median,25.0,2022-04-30_2023-03-31,12,-0.02619858633967398,-0.0433257664262765,-0.02619858633967398,-0.0433257664262765,0.017127180086602523,0.6681458581797901,0.25517365427577154,-0.45980253479314703,-0.052003665957635614,0.4166666666666667,0.30984691290677124,-2.360716777194724,0.07318535685949512,0.8055555555555555
chronos2_daily_norm_cross_median,25.0,2022-05-31_2023-04-30,12,-0.30154403848082223,-0.07213752035282106,-0.30154403848082223,-0.07213752035282106,-0.22940651812800117,0.5401622601249895,-0.40397145641731086,-0.46736223904699936,-0.07596598010903766,0.4166666666666667,-0.26181505453250137,-1.2571569482444225,-0.26857614278105235,0.8055555555555555
chronos2_daily_norm_cross_median,25.0,2022-06-30_2023-05-31,12,-0.4244491684203643,-0.0361282154897381,-0.4244491684203643,-0.0361282154897381,-0.3883209529306262,0.45598353968208866,-0.9636145500517476,-0.4673622390469995,-0.07596598010903755,0.4166666666666667,-0.8875183844075963,0.47672761263970437,-0.3498746850429275,0.7777777777777777
chronos2_daily_norm_cross_median,25.0,2022-07-31_2023-06-30,12,-0.2582420069556205,-0.0028433046031512976,-0.2582420069556205,-0.0028433046031512976,-0.2553987023524692,0.5295748525039645,-0.307850363235478,-0.46736223904699936,-0.07596598010903743,0.5,-0.32106527913980953,2.1135407477967845,-0.15184370334429798,0.8333333333333331
chronos2_daily_norm_cross_median,25.0,2022-08-31_2023-07-31,12,-0.34047789704542397,-0.031389184091800915,-0.34047789704542397,-0.031389184091800915,-0.30908871295362306,0.5174067497900026,-0.5486734888550987,-0.4344189491590952,-0.0655917893195096,0.4166666666666667,-0.5062939119944728,1.8469567591223817,-0.20703779900982489,0.8055555555555555
chronos2_daily_norm_cross_median,25.0,2022-09-30_2023-08-31,12,0.08831511528526304,-0.014331580574544756,0.08831511528526304,-0.014331580574544756,0.10264669585980779,0.7722678717453565,0.42524131853738617,-0.34675431241099997,-0.06559178931950937,0.5,0.44559158757481404,1.7215539774932842,0.4107797345783304,0.8333333333333331
chronos2_daily_norm_cross_median,25.0,2022-10-31_2023-09-30,12,0.15012227236701925,-0.04883569016310929,0.15012227236701925,-0.04883569016310929,0.19895796253012854,0.7547094449648105,0.4878135909825123,-0.3467543124110001,-0.06327241269436523,0.5,0.5684513337328032,3.5882565213854405,0.6926390004018157,0.8333333333333334
chronos2_daily_norm_cross_median,25.0,2022-11-30_2023-10-31,12,-0.12512474512462313,-8.074453772832779e-05,-0.12512474512462313,-8.074453772832779e-05,-0.1250440005868948,0.7239540518881638,0.09969754802390905,-0.30399914820643326,-0.04084242285001627,0.4166666666666667,0.09672389518431164,1.9317736891615345,0.06680096596838236,0.8055555555555555
chronos2_daily_norm_cross_median,25.0,2022-12-31_2023-11-30,12,-0.10673911970266003,0.06162621592425688,-0.10673911970266003,0.06162621592425688,-0.1683653356269169,0.7213211224135189,0.12644697275538266,-0.35641800733853257,-0.04084242285001627,0.4166666666666667,0.03889946581938194,1.3288205612035806,0.006850426548592692,0.8055555555555555
chronos2_daily_norm_cross_median,25.0,2023-01-31_2023-12-31,12,-0.1177229032548478,0.05389394652891433,-0.1177229032548478,0.05389394652891433,-0.17161684978376213,0.7232759094214556,0.11088874394766658,-0.4310485700755572,-0.04084242285001627,0.4166666666666667,0.03362810993931541,1.434523025957753,-0.00045766107205769124,0.7777777777777777
chronos2_daily_norm_cross_median,25.0,2023-02-28_2024-01-31,12,-0.1512260039983937,0.06910062416905749,-0.1512260039983937,0.06910062416905749,-0.2203266281674512,0.7313337100347826,0.06519982450348362,-0.5312544399484248,-0.04084242285001627,0.4166666666666667,-0.031705358861682555,1.085062917029373,-0.02861163522217125,0.7499999999999999
chronos2_daily_norm_cross_median,25.0,2023-03-31_2024-02-29,12,-0.4692070875079335,0.07105311702696282,-0.4692070875079335,0.07105311702696282,-0.5402602045348963,0.8154636396320911,-0.4121906181134535,-0.6996853756886132,-0.04084242285001627,0.3333333333333333,-0.5078768202205073,1.6085391531304514,-0.36964807686792367,0.7777777777777778
chronos2_daily_norm_cross_median,25.0,2023-04-30_2024-03-31,12,-0.33915324897856425,0.04605177038880415,-0.33915324897856425,0.04605177038880415,-0.3852050193673684,0.8348311092906867,-0.1292215896989263,-0.6996853756886132,-0.028914327222309355,0.4166666666666667,-0.18954159864817702,1.3729789534629147,-0.16147506490936314,0.75
chronos2_daily_norm_cross_median,25.0,2023-05-31_2024-04-30,12,-0.22388611817143367,0.05087612226469651,-0.22388611817143367,0.05087612226469651,-0.2747622404361302,0.8512597074305711,0.07530515935709997,-0.6996853756886132,-0.04720745865673304,0.4166666666666667,0.012819986908286465,0.4363334742897893,0.04167378559542767,0.75
chronos2_daily_norm_cross_median,25.0,2023-06-30_2024-05-31,12,-0.24869474750360732,0.06029804021364593,-0.24869474750360732,0.06029804021364593,-0.30899278771725325,0.8506122158926618,0.036439184428992154,-0.6996853756886132,-0.04720745865673304,0.3333333333333333,-0.0366445956893533,0.43251438563563605,0.00410599744264295,0.7777777777777778
chronos2_daily_norm_cross_median,25.0,2023-07-31_2024-06-30,12,-0.33506580667448316,0.046802268590376395,-0.33506580667448316,0.046802268590376395,-0.38186807526485955,0.8199090698439103,-0.13512926408846906,-0.6996853756886132,-0.04720745865673304,0.3333333333333333,-0.1928252257291096,-0.5250469204063656,-0.08185355305880637,0.75
chronos2_daily_norm_cross_median,25.0,2023-08-31_2024-07-31,12,-0.18963131295452407,0.10318514893952901,-0.18963131295452407,0.10318514893952901,-0.2928164618940531,0.8409800047873756,0.12034017905100976,-0.6996853756886132,-0.04720745865673315,0.4166666666666667,-0.0021136888267055468,0.66177405346285,0.03356140765891302,0.7777777777777778
chronos2_daily_norm_cross_median,25.0,2023-09-30_2024-08-31,12,-0.4671305665817759,0.08473288946892565,-0.4671305665817759,0.08473288946892565,-0.5518634560507015,0.5974530898807222,-0.7213210950448737,-0.5940671732366394,-0.04720745865673315,0.4166666666666667,-0.8813734844697266,1.1087222456280215,-0.4163912625395998,0.7777777777777777
chronos2_daily_norm_cross_median,25.0,2023-10-31_2024-09-30,12,-0.35012305871686533,0.12170948346779942,-0.35012305871686533,0.12170948346779942,-0.47183254218466475,0.5512257332787608,-0.48710932581587446,-0.5685139988873751,-0.047207458656732815,0.4166666666666667,-0.6996077551298219,0.29519229148635306,-0.26484850328513965,0.7777777777777777
chronos2_daily_norm_cross_median,25.0,2023-11-30_2024-10-31,12,0.03522232942759729,0.004734660022875703,0.03522232942759729,0.004734660022875703,0.030487669404721585,0.7551065790865357,0.3831628073156327,-0.5333700635882206,-0.07254414974326939,0.5,0.34831587866942476,-2.6095121697873465,0.3655890859060096,0.8055555555555555
chronos2_daily_norm_cross_median,25.0,2023-12-31_2024-11-30,12,-0.14785801347347383,-0.026522408525777696,-0.14785801347347383,-0.026522408525777696,-0.12133560494769613,0.7952377828808133,0.15818786044925406,-0.47216122762663804,-0.07702368625268241,0.5,0.17698055346827885,-2.4356797200333853,0.07501322969321289,0.8055555555555554
chronos2_daily_norm_cross_median,25.0,2024-01-31_2024-12-31,12,0.18173624099381236,-0.013699490369203038,0.18173624099381236,-0.013699490369203038,0.1954357313630154,0.8093137138730838,0.5779320796953666,-0.35932273304446083,-0.07702368625268208,0.5833333333333334,0.5621462437425894,-2.4413183792471456,0.5498123661281407,0.8055555555555554
chronos2_daily_norm_cross_median,25.0,2024-02-29_2025-01-31,12,0.313885930105656,-0.14290566323586873,0.313885930105656,-0.14290566323586873,0.45679159334152475,0.7875522571056375,0.7108858242219608,-0.23884615384615393,-0.18252959118595857,0.6666666666666666,0.8663440624734121,-0.24521717416861555,0.6718497671787531,0.8333333333333334
chronos2_daily_norm_cross_median,25.0,2024-03-31_2025-02-28,12,1.1931842291713668,-0.10676537761977256,1.1931842291713668,-0.10676537761977256,1.2999496067911394,0.6513762671748846,1.5177453680325916,-0.23884615384615382,-0.1825295911859588,0.75,1.6116139781647383,-0.10138125448415944,1.5616673287908593,0.8333333333333334
chronos2_daily_norm_cross_median,25.0,2024-04-30_2025-03-31,12,0.7597892685223906,-0.06461005552580057,0.7597892685223906,-0.06461005552580057,0.8243993240481912,0.6618949327402301,1.1473638168023745,-0.23884615384615382,-0.18252959118595868,0.6666666666666666,1.1651039496000477,-0.3366024339104113,1.0536237636158106,0.8333333333333331
chronos2_daily_norm_cross_median,25.0,2024-05-31_2025-04-30,12,0.5210699672445485,0.02942056800377868,0.5210699672445485,0.02942056800377868,0.4916493992407698,0.6559902261575997,0.9182311361301452,-0.23884615384615382,-0.18252959118595857,0.5833333333333334,0.8056358317626666,-0.29964961272519386,0.8225771572472611,0.861111111111111
chronos2_daily_norm_cross_median,25.0,2024-06-30_2025-05-31,12,0.4840112799938623,-0.019239253194651806,0.4840112799938623,-0.019239253194651806,0.5032505331885141,0.6583717523214269,0.8778052952611073,-0.23884615384615382,-0.18252959118595835,0.6666666666666666,0.8415823040158044,-0.18370126466371675,0.7572382905884893,0.8055555555555555
chronos2_daily_norm_cross_median,25.0,2024-07-31_2025-06-30,12,0.4388179228305038,0.03150250800801424,0.4388179228305038,0.03150250800801424,0.40731541482248956,0.6568177279089977,0.8292709908977733,-0.23884615384615382,-0.1825295911859589,0.5833333333333334,0.7133120307293085,-0.16151234622565763,0.7164825107545862,0.8333333333333334
chronos2_daily_norm_cross_median,25.0,2024-08-31_2025-07-31,12,0.20296034286795295,0.02082724764079913,0.20296034286795295,0.02082724764079913,0.18213309522715382,0.641484312397245,0.5472343683663202,-0.23884615384615382,-0.1720911800730176,0.5,0.45012377669188347,-0.45240723650541737,0.43735538070738555,0.8333333333333334
chronos2_daily_norm_cross_median,25.0,2024-09-30_2025-08-31,12,2.024206550920526,0.07082064647411035,2.024206550920526,0.07082064647411035,1.9533859044464157,1.6673726049959388,1.1384021661939563,-0.23884615384615382,-0.1720911800730176,0.5,1.08720998951332,0.5388873439454647,4.595460049638548,0.8333333333333334
chronos2_daily_norm_cross_median,25.0,2024-10-31_2025-09-30,12,3.461602768052229,0.07787885846139209,3.461602768052229,0.07787885846139209,3.383723909590837,1.650632418999154,1.409752356903818,-0.23884615384615382,-0.11858833109117162,0.5833333333333334,1.354409881039904,0.5515864579819196,7.035277028944888,0.8333333333333334
chronos2_daily_norm_cross_median,25.0,2024-11-30_2025-10-31,12,2.1577981529615977,0.1960061542824556,2.1577981529615977,0.1960061542824556,1.9617919986791421,1.6202580852066293,1.165892039496478,-0.1073894956636271,-0.11795970406671652,0.5833333333333334,1.055569766679078,1.2985555872227614,3.6298465227043772,0.8333333333333331
chronos2_daily_norm_cross_median,25.0,2024-12-31_2025-11-30,12,3.335541754225269,0.22133541890163522,3.335541754225269,0.22133541890163522,3.114206335323634,1.568561715426334,1.385300062292635,-0.1073894956636271,-0.11795970406671652,0.6666666666666666,1.2555601572836133,1.0195574235545504,5.1004499305252695,0.8333333333333331
chronos2_daily_norm_cross_median,25.0,2025-01-31_2025-12-31,12,2.2902515710697293,0.17166648362633885,2.2902515710697293,0.17166648362633885,2.1185850874433907,1.5870732207816824,1.182900535606964,-0.08881587344221598,-0.03669877287899381,0.5833333333333334,1.0848661943890692,1.3496371747843798,3.6501258245649355,0.861111111111111
chronos2_daily_norm_cross_median,25.0,2025-02-28_2026-01-31,12,2.036487271721284,0.31334945156909844,2.036487271721284,0.31334945156909844,1.7231378201521854,1.600266859987285,1.129000234845644,-0.213484886069654,-0.04758367670999886,0.5,0.9576598999768101,1.4144665116576052,2.7817718108442917,0.8611111111111112
chronos2_daily_norm_cross_median,25.0,2025-03-31_2026-02-28,12,1.293430541578954,0.08257309459079365,1.293430541578954,0.08257309459079365,1.2108574469881603,1.6357442044830952,0.9445239155894877,-0.3647013011377055,-0.18488813271044613,0.4166666666666667,0.9037820040961774,1.8994454702011225,2.6084684399726035,0.8333333333333331
chronos2_daily_norm_cross_median,25.0,2025-04-30_2026-03-31,12,1.6922744489027983,0.028079656548997578,1.6922744489027983,0.028079656548997578,1.6641947923538007,1.622309801145072,1.0521050328777413,-0.3647013011377055,-0.19546042589812018,0.5,1.0504144644419013,2.1319652628548305,3.5081872206858673,0.8055555555555555
chronos2_daily_norm_cross_median,25.0,2025-05-31_2026-04-30,12,1.2444944162911913,-0.14610708694572017,1.2444944162911913,-0.14610708694572017,1.3906015032369115,1.6464916474047566,0.9355465154002053,-0.4208725636848618,-0.29138146686445754,0.5,1.0599469611023704,2.6223073312929923,4.762353006785724,0.75
chronos2_daily_norm_cross_median,25.0,2025-06-30_2026-05-31,12,1.7444834941621732,-0.18541351506394133,1.7444834941621732,-0.18541351506394133,1.9298970092261145,1.6392200072535217,1.0726341779844388,-0.4208725636848617,-0.34737666250868915,0.5,1.227147636837528,2.2836775119035653,6.290172585547134,0.7777777777777778
chronos2_daily_norm_cross_median,25.0,2025-07-31_2026-06-30,12,2.356722753212923,-0.1667764227923394,2.356722753212923,-0.1667764227923394,2.5234991760052625,1.6423624494636453,1.2143339148546368,-0.4208725636848618,-0.34737666250868904,0.5833333333333334,1.3722814473647096,2.5212677657975515,7.739611186253018,0.7222222222222222
chronos2_daily_norm_cross_lower10,25.0,2019-01-31_2019-12-31,12,0.17503445299794462,-0.0907583313333864,0.17503445299794462,-0.0907583313333864,0.265792784331331,0.1318413882813677,1.2890587255454615,-0.020534591194968477,-0.08173242622854304,0.5833333333333334,1.2146889264999008,-0.9236971322928672,0.09019987939695495,0.6944444444444445
chronos2_daily_norm_cross_lower10,25.0,2019-02-28_2020-01-31,12,0.17601610249919575,-0.15374678206850467,0.17601610249919575,-0.15374678206850467,0.3297628845677004,0.13172907977400825,1.2964838559447327,-0.020534591194968477,-0.157070533612218,0.5833333333333334,1.4865800613203308,-0.5167152126614832,0.09260652294464622,0.6666666666666666
chronos2_daily_norm_cross_lower10,25.0,2019-03-31_2020-02-29,12,0.17699857209192715,-0.2983301643039218,0.17699857209192715,-0.2983301643039218,0.47532873639584894,0.13161619577251668,1.3039273594825107,-0.020534591194968588,-0.2968733323797681,0.6666666666666666,1.952203680350367,-0.13093580169885885,0.13624149394538665,0.638888888888889
chronos2_daily_norm_cross_lower10,25.0,2019-04-30_2020-03-31,12,0.5498229650783111,-0.26938100433105683,0.5498229650783111,-0.26938100433105683,0.8192039694093679,0.32717052456576734,1.4919209819442352,-0.020534591194968588,-0.2897384073692094,0.6666666666666666,2.266968060153095,0.3776205695228498,0.7910444250160635,0.6944444444444445
chronos2_daily_norm_cross_lower10,25.0,2019-05-31_2020-04-30,12,0.5498229650783111,-0.23441422140073764,0.5498229650783111,-0.23441422140073764,0.7842371864790487,0.32717052456576734,1.4919209819442352,-0.020534591194968588,-0.2897384073692094,0.5833333333333334,2.0883034407271914,0.3213678025261385,0.7387951694072048,0.6944444444444445
chronos2_daily_norm_cross_lower10,25.0,2019-06-30_2020-05-31,12,0.5472399268031805,-0.22854562482453433,0.5472399268031805,-0.22854562482453433,0.7757855516277148,0.3274007373579052,1.4857813318695574,-0.020534591194968588,-0.2897384073692095,0.5833333333333334,2.0456807497698133,0.30536580862240925,0.7256417858473778,0.7499999999999999
chronos2_daily_norm_cross_lower10,25.0,2019-07-31_2020-06-30,12,0.5485314459407462,-0.1941752572672133,0.5485314459407462,-0.1941752572672133,0.7427067032079595,0.32728459028668805,1.488854811383573,-0.020534591194968588,-0.2827760862119635,0.5833333333333334,1.8597578733874316,0.23635262563452514,0.6833115143191628,0.7222222222222222
chronos2_daily_norm_cross_lower10,25.0,2019-08-31_2020-07-31,12,0.5201610474858906,-0.1722348942847023,0.5201610474858906,-0.1722348942847023,0.6923959417705929,0.3292267293446841,1.4234325132350314,-0.020534591194968588,-0.27948217627529803,0.5,1.7030146540454127,0.2049928370272893,0.6353712827269409,0.6944444444444445
chronos2_daily_norm_cross_lower10,25.0,2019-09-30_2020-08-31,12,0.5214310232983259,-0.21057570090232802,0.5214310232983259,-0.21057570090232802,0.7320067242006539,0.3291130253450159,1.426456347683099,-0.020534591194968588,-0.27948217627529803,0.5,1.8329100584551314,0.23051171073943483,0.6597192592484717,0.6666666666666666
chronos2_daily_norm_cross_lower10,25.0,2019-10-31_2020-09-30,12,0.5214310232983266,-0.1766274605970889,0.5214310232983266,-0.1766274605970889,0.6980584838954155,0.3291130253450159,1.426456347683099,-0.020534591194968588,-0.2794821762752979,0.5,1.6656902513890814,0.17886189818058604,0.6304786958095723,0.6666666666666666
chronos2_daily_norm_cross_lower10,25.0,2019-11-30_2020-10-31,12,0.5763528630011026,-0.06643817837031618,0.5763528630011026,-0.06643817837031618,0.6427910413714187,0.33740761326222907,1.5075581036381385,-0.009132704213964504,-0.2794821762752979,0.5,1.4557415387136603,0.308573442379095,0.663230073367288,0.6666666666666666
chronos2_daily_norm_cross_lower10,25.0,2019-12-31_2020-11-30,12,0.519397717706203,-0.050871312509224054,0.519397717706203,-0.050871312509224054,0.5702690302154271,0.3463448027859296,1.36647800223954,-0.05592361860068029,-0.2358764964179022,0.5,1.2454492227333382,0.24488115866038546,0.5975783572744602,0.6666666666666666
chronos2_daily_norm_cross_lower10,25.0,2020-01-31_2020-12-31,12,0.2259799865458756,-0.013079995771551722,0.2259799865458756,-0.013079995771551722,0.2390599823174273,0.3695803395998237,0.7052505847899837,-0.16127396025228624,-0.16758179221927783,0.4166666666666667,0.6142881092094322,0.36699735925254495,0.28523592138004683,0.6944444444444445
chronos2_daily_norm_cross_lower10,25.0,2020-02-29_2021-01-31,12,0.2259799865458756,0.14471568274700242,0.2259799865458756,0.14471568274700242,0.08126430379887317,0.36958033959982367,0.7052505847899838,-0.16267183698519927,-0.07033476780972703,0.3333333333333333,0.239080129894797,0.3375688565738187,0.22492711322686376,0.6944444444444445
chronos2_daily_norm_cross_lower10,25.0,2020-03-31_2021-02-28,12,0.24235367584865863,0.3187076559568369,0.24235367584865863,0.3187076559568369,-0.07635398010817829,0.36889978237645604,0.7426951628922288,-0.16267183698519916,-0.07033476780972703,0.3333333333333333,-0.05137506166688443,0.6012668796240697,0.10261958918774083,0.6944444444444445
chronos2_daily_norm_cross_lower10,25.0,2020-04-30_2021-03-31,12,0.22599123020603495,0.2712264885896778,0.22599123020603495,0.2712264885896778,-0.04523525838364284,0.35400065890228133,0.7250046928469802,-0.16267183698519905,-0.07033476780972714,0.3333333333333333,0.004043049155438042,0.1828398342375538,0.2314459717105668,0.6666666666666666
chronos2_daily_norm_cross_lower10,25.0,2020-05-31_2021-04-30,12,0.23520920938051604,0.2511461011810818,0.23520920938051604,0.2511461011810818,-0.01593689180056579,0.35352768947117674,0.7471893909362748,-0.16267183698519916,-0.07033476780972703,0.4166666666666667,0.06596304129029748,0.18475089570877085,0.2435468842033588,0.638888888888889
chronos2_daily_norm_cross_lower10,25.0,2020-06-30_2021-05-31,12,0.23417814994029906,0.22018559574957508,0.23417814994029906,0.22018559574957508,0.013992554190723983,0.35358955728593483,0.744701873163091,-0.16267183698519916,-0.07033476780972703,0.4166666666666667,0.1318784109946434,0.20822929169596768,0.24216509711490786,0.6666666666666666
chronos2_daily_norm_cross_lower10,25.0,2020-07-31_2021-06-30,12,0.23417814994029884,0.1787337447456181,0.23417814994029884,0.1787337447456181,0.055444405194680746,0.35358955728593483,0.7447018731630908,-0.16267183698519916,-0.07033476780972703,0.4166666666666667,0.22902858850258462,0.2497429799376698,0.24220968296162426,0.6666666666666666
chronos2_daily_norm_cross_lower10,25.0,2020-08-31_2021-07-31,12,0.23211947079110784,0.17406019021811336,0.23211947079110784,0.17406019021811336,0.058059280572994476,0.3537105832173228,0.7397351150624626,-0.16267183698519916,-0.0471551797914731,0.4166666666666667,0.23548749197535895,0.2535250805335248,0.24060352537490903,0.7222222222222222
chronos2_daily_norm_cross_lower10,25.0,2020-09-30_2021-08-31,12,0.23417643151029144,0.29094300690606567,0.23417643151029144,0.29094300690606567,-0.05676657539577423,0.35359384231727464,0.7446928484842547,-0.16267183698519905,-0.0471551797914731,0.3333333333333333,-0.008727113348600492,0.24301299222783126,0.21765363596599308,0.6666666666666666
chronos2_daily_norm_cross_lower10,25.0,2020-10-31_2021-09-30,12,0.2352066288654755,0.285307502281577,0.2352066288654755,0.285307502281577,-0.05010087341610148,0.35353411812351887,0.7471758040698824,-0.16267183698519916,-0.04715517979147299,0.3333333333333333,0.006080560187598469,0.2544438877928427,0.21640414814835607,0.6388888888888888
chronos2_daily_norm_cross_lower10,25.0,2020-11-30_2021-10-31,12,0.1043662229930582,0.164192612882329,0.1043662229930582,0.164192612882329,-0.059826389889270803,0.3352765477427234,0.43243547240192265,-0.11307159090909091,-0.04715517979147299,0.3333333333333333,-0.03783076718441406,-0.3104731739081505,0.21255775657718878,0.611111111111111
chronos2_daily_norm_cross_lower10,25.0,2020-12-31_2021-11-30,12,0.4183640982463075,0.10075285366229347,0.4183640982463075,0.10075285366229347,0.317611244584014,0.38030768589447833,1.087038485527208,-0.006651402773437343,-0.04715517979147321,0.4166666666666667,0.7958449363998555,-0.002458039747979024,0.5018336419274974,0.5833333333333333
chronos2_daily_norm_cross_lower10,25.0,2021-01-31_2021-12-31,12,0.6351039689768765,0.1311417024200292,0.6351039689768765,0.1311417024200292,0.5039622665568473,0.3461311240707848,1.5865856274582242,-0.006651402773437565,-0.04715517979147299,0.5,1.1336356017464,-0.5481650688864349,0.8290233911010501,0.5833333333333333
chronos2_daily_norm_cross_lower10,25.0,2021-02-28_2022-01-31,12,0.6000725261245619,0.1035559333431273,0.6000725261245619,0.1035559333431273,0.49651659278143456,0.3499680921803189,1.5080739918022112,-0.023055555555555496,-0.008710521467504728,0.5,1.1500900021361866,-0.6539061206819432,0.7862623263725756,0.5555555555555555
chronos2_daily_norm_cross_lower10,25.0,2021-03-31_2022-02-28,12,0.5789842555990319,0.1814244316261513,0.5789842555990319,0.1814244316261513,0.3975598239728806,0.351561531829319,1.4633126718033644,-0.024683796296296245,-0.008710521467504728,0.4166666666666667,0.9196689036285504,-1.855868270338057,1.2292242082410878,0.5555555555555555
chronos2_daily_norm_cross_lower10,25.0,2021-04-30_2022-03-31,12,0.23035101816253212,0.2056999327796627,0.23035101816253212,0.2056999327796627,0.02465108538286942,0.2144593599251003,1.062102292281992,-0.024683796296296356,-0.008710521467504728,0.3333333333333333,0.15998292957804405,-0.8597628296606337,0.4695737172049108,0.5555555555555556
chronos2_daily_norm_cross_lower10,25.0,2021-05-31_2022-04-30,12,0.22116929414639386,0.20202014645819677,0.22116929414639386,0.20202014645819677,0.019149147688197088,0.2151228833440822,1.023962557369829,-0.024683796296296245,-0.011058901373715124,0.3333333333333333,0.1410922653366147,-0.7482546708206496,0.4261092864965015,0.5833333333333334
chronos2_daily_norm_cross_lower10,25.0,2021-06-30_2022-05-31,12,0.3048250018489871,0.1547230806668567,0.3048250018489871,0.1547230806668567,0.1501019211821304,0.2187185122439439,1.3195550214296157,-0.024683796296296245,-0.04389760737316839,0.4166666666666667,0.556580165655389,-0.8683233361131848,0.506200557730818,0.5277777777777778
chronos2_daily_norm_cross_lower10,25.0,2021-07-31_2022-06-30,12,0.38100327551823554,0.14515293481688385,0.38100327551823554,0.14515293481688385,0.2358503407013517,0.21925664832313405,1.582366815774397,-0.024683796296296356,-0.04389760737316839,0.5,0.8161876909797235,-0.8870070007594028,0.5861540956438409,0.5833333333333333
chronos2_daily_norm_cross_lower10,25.0,2021-08-31_2022-07-31,12,0.4098462846142723,0.16719366722844042,0.4098462846142723,0.16719366722844042,0.24265261738583188,0.2169785375246879,1.6949961133180367,-0.024683796296296356,-0.04389760737316839,0.5,0.8220142658337273,-0.8602387264566307,0.638656758597312,0.5555555555555555
chronos2_daily_norm_cross_lower10,25.0,2021-09-30_2022-08-31,12,0.4284111210447863,0.11990803732841937,0.4284111210447863,0.11990803732841937,0.3085030837163669,0.21534287928954668,1.7690195526413341,-0.024683796296296356,-0.04389760737316817,0.5833333333333334,1.0506955142550325,-0.6247651131575097,0.5616697518462876,0.611111111111111
chronos2_daily_norm_cross_lower10,25.0,2021-10-31_2022-09-30,12,0.41876102703575335,0.07700156092153554,0.41876102703575335,0.07700156092153554,0.3417594661142178,0.21655930284451205,1.7279127010964876,-0.024683796296296245,-0.04389760737316828,0.5833333333333334,1.2240443847149816,-0.5705170224741235,0.5083210136717953,0.6666666666666666
chronos2_daily_norm_cross_lower10,25.0,2021-11-30_2022-10-31,12,0.4081820301481629,0.0837751064100245,0.4081820301481629,0.0837751064100245,0.3244069237381384,0.21764419080073968,1.684839685251948,-0.024683796296296245,-0.04389760737316839,0.5833333333333334,1.1626094417478776,-0.6053936628271814,0.5068048103823377,0.6944444444444445
chronos2_daily_norm_cross_lower10,25.0,2021-12-31_2022-11-30,12,0.15945159595704417,0.04089310124175727,0.15945159595704417,0.04089310124175727,0.1185584947152869,0.09066313257399704,1.6823696570871964,-0.024683796296296245,-0.052330809109684795,0.5833333333333334,0.7574463785632191,-0.3934548849163542,0.18341381908865073,0.7222222222222222
chronos2_daily_norm_cross_lower10,25.0,2022-01-31_2022-12-31,12,0.13390234518188793,0.03139589518781816,0.13390234518188793,0.03139589518781816,0.10250644999406977,0.09036061135936191,1.4382454887031115,-0.010888825589257078,-0.0538908420070876,0.5833333333333334,0.6652931969867124,-0.39374519532623375,0.153228091436997,0.6666666666666666
chronos2_daily_norm_cross_lower10,25.0,2022-02-28_2023-01-31,12,0.15776039850672707,-0.006523085673795559,0.15776039850672707,-0.006523085673795559,0.16428348418052263,0.08407052011685386,1.7903576305987254,-0.011784457064261011,-0.053890842007087936,0.5833333333333334,1.2519779147875425,-0.24307612101483178,0.16022654469470776,0.7222222222222223
chronos2_daily_norm_cross_lower10,25.0,2022-03-31_2023-02-28,12,0.22173727940032162,-0.03763942955797195,0.22173727940032162,-0.03763942955797195,0.25937670895829357,0.09165650871160405,2.2440672613725625,-0.0117844570642609,-0.05860315994470999,0.6666666666666666,1.9733957372884379,-0.21335948732464283,0.21695315486218258,0.7222222222222222
chronos2_daily_norm_cross_lower10,25.0,2022-04-30_2023-03-31,12,0.20462893199520993,-0.0433257664262765,0.20462893199520993,-0.0433257664262765,0.24795469842148643,0.09365251984217701,2.044971178004569,-0.011784457064261122,-0.052003665957635614,0.6666666666666666,1.8694249916962813,-0.28989720843561667,0.19476935037349596,0.75
chronos2_daily_norm_cross_lower10,25.0,2022-05-31_2023-04-30,12,0.20873183883896962,-0.07213752035282106,0.20873183883896962,-0.07213752035282106,0.2808693591917907,0.09298119549634276,2.096274829353592,-0.011784457064261011,-0.07596598010903766,0.6666666666666666,2.1139206071849292,-0.1378287219940434,0.20151046874516165,0.7222222222222222
chronos2_daily_norm_cross_lower10,25.0,2022-06-30_2023-05-31,12,0.13123691250214709,-0.0361282154897381,0.13123691250214709,-0.0361282154897381,0.1673651279918852,0.07695099849282776,1.6449533972019035,-0.011784457064261344,-0.07596598010903755,0.5833333333333334,1.6602094403002194,0.14397933823855447,0.13977281783787165,0.7777777777777778
chronos2_daily_norm_cross_lower10,25.0,2022-07-31_2023-06-30,12,0.06794469753945864,-0.0028433046031512976,0.06794469753945864,-0.0028433046031512976,0.07078800214260994,0.05797521845533225,1.162809585170068,-0.0117844570642609,-0.07596598010903743,0.5,0.6595344425299524,-0.01850910289177209,0.06954160360453043,0.7499999999999999
chronos2_daily_norm_cross_lower10,25.0,2022-08-31_2023-07-31,12,0.04370686331893614,-0.031389184091800915,0.04370686331893614,-0.031389184091800915,0.07509604741073705,0.05704467101083256,0.7766242341812536,-0.011784457064261122,-0.0655917893195096,0.5,0.7314009213506609,-0.12248091701515722,0.04148061619311605,0.7777777777777778
chronos2_daily_norm_cross_lower10,25.0,2022-09-30_2023-08-31,12,0.019962290579549347,-0.014331580574544756,0.019962290579549347,-0.014331580574544756,0.0342938711540941,0.05752242057815922,0.36946407171994966,-0.020289578730154134,-0.06559178931950937,0.4166666666666667,0.3424925065480146,-0.09148010444028597,0.020338362673729016,0.7222222222222223
chronos2_daily_norm_cross_lower10,25.0,2022-10-31_2023-09-30,12,0.0157950959140023,-0.04883569016310929,0.0157950959140023,-0.04883569016310929,0.06463078607711159,0.05837828691339903,0.29459266709649334,-0.031691624835994636,-0.06327241269436523,0.5,0.6744049937541324,-0.0021677965489167086,0.017229791293177366,0.6944444444444445
chronos2_daily_norm_cross_lower10,25.0,2022-11-30_2023-10-31,12,0.0157950959140023,-8.074453772832779e-05,0.0157950959140023,-8.074453772832779e-05,0.015875840451730627,0.05837828691339903,0.2945926670964933,-0.033305472127934777,-0.04084242285001627,0.4166666666666667,0.12091887452159082,-0.021798678338080062,0.01741813990496066,0.6944444444444445
chronos2_daily_norm_cross_lower10,25.0,2022-12-31_2023-11-30,12,0.02101299803761325,0.06162621592425688,0.02101299803761325,0.06162621592425688,-0.04061321788664363,0.05830642840343461,0.38290838560834406,-0.033305472127934777,-0.04084242285001627,0.3333333333333333,-0.3804832116615301,-0.034067138841863125,0.02476602970212949,0.6944444444444445
chronos2_daily_norm_cross_lower10,25.0,2023-01-31_2023-12-31,12,0.016835049578962646,0.05389394652891433,0.016835049578962646,0.05389394652891433,-0.03705889694995168,0.058470335738340456,0.31173953575980184,-0.033305472127935,-0.04084242285001627,0.3333333333333333,-0.35032165670500687,-0.02544996709912788,0.01983662311634249,0.75
chronos2_daily_norm_cross_lower10,25.0,2023-02-28_2024-01-31,12,0.016835049578963313,0.06910062416905749,0.016835049578963313,0.06910062416905749,-0.05226557459009418,0.058470335738340456,0.31173953575980184,-0.03480336297508724,-0.04084242285001627,0.3333333333333333,-0.47925114831206256,-0.03309019484379197,0.020760821172338684,0.75
chronos2_daily_norm_cross_lower10,25.0,2023-03-31_2024-02-29,12,-0.0826172596922049,0.07105311702696282,-0.0826172596922049,0.07105311702696282,-0.15367037671916772,0.04847357380918857,-1.7496311874420913,-0.08114267038149992,-0.04084242285001627,0.25,-1.7102849376690437,0.11727375905587319,-0.08942205131183978,0.7222222222222222
chronos2_daily_norm_cross_lower10,25.0,2023-04-30_2024-03-31,12,-0.03893236349682794,0.04605177038880415,-0.03893236349682794,0.04605177038880415,-0.08498413388563208,0.07126923917246843,-0.5235200039308854,-0.08114267038149969,-0.028914327222309355,0.3333333333333333,-0.7650434323219836,0.02730191134831381,-0.03796502343739461,0.6944444444444443
chronos2_daily_norm_cross_lower10,25.0,2023-05-31_2024-04-30,12,0.24323340925578396,0.05087612226469651,0.24323340925578396,0.05087612226469651,0.19235728699108745,0.3065969193731844,0.8367624086881916,-0.07883976980601481,-0.04720745865673304,0.3333333333333333,0.5699413156157846,-1.6913609135769687,0.4071880654167763,0.6944444444444443
chronos2_daily_norm_cross_lower10,25.0,2023-06-30_2024-05-31,12,0.15946399195468364,0.06029804021364593,0.15946399195468364,0.06029804021364593,0.0991659517410377,0.3194069858915087,0.5927764706012081,-0.07730193970552413,-0.04720745865673304,0.3333333333333333,0.34342082551191955,-1.7822275769747453,0.3451126964199889,0.6944444444444443
chronos2_daily_norm_cross_lower10,25.0,2023-07-31_2024-06-30,12,0.16147410674746498,0.046802268590376395,0.16147410674746498,0.046802268590376395,0.11467183815708859,0.3193085387767916,0.5983795978173666,-0.07287162668745717,-0.04720745865673304,0.3333333333333333,0.3859791969657901,-1.9589036220696912,0.3278611151729016,0.7222222222222223
chronos2_daily_norm_cross_lower10,25.0,2023-08-31_2024-07-31,12,0.18941937286447574,0.10318514893952901,0.18941937286447574,0.10318514893952901,0.08623422392494673,0.31851188241507494,0.6750546086388144,-0.06971183096894673,-0.04720745865673315,0.3333333333333333,0.3018252386449891,-1.3830039471477031,0.4222088027880513,0.6666666666666666
chronos2_daily_norm_cross_lower10,25.0,2023-09-30_2024-08-31,12,0.3601008147290212,0.08473288946892565,0.3601008147290212,0.08473288946892565,0.27536792526009557,0.3361833976274352,1.0622019922499422,-0.06971183096894684,-0.04720745865673315,0.4166666666666667,0.6834603218482694,-1.6331823590885344,0.6289801109076372,0.75
chronos2_daily_norm_cross_lower10,25.0,2023-10-31_2024-09-30,12,0.3818501217307946,0.12170948346779942,0.3818501217307946,0.12170948346779942,0.26014063826299516,0.33442726693501595,1.1150392271482614,-0.06971183096894673,-0.047207458656732815,0.3333333333333333,0.6384808410306048,-2.060087407615532,0.8285816596347562,0.7777777777777777
chronos2_daily_norm_cross_lower10,25.0,2023-11-30_2024-10-31,12,0.4129985165918979,0.004734660022875703,0.4129985165918979,0.004734660022875703,0.4082638565690222,0.3327768588904862,1.188192696546688,-0.06971183096894673,-0.07254414974326939,0.4166666666666667,0.9805597698235944,-1.3730550133221038,0.4954646525506239,0.7777777777777777
chronos2_daily_norm_cross_lower10,25.0,2023-12-31_2024-11-30,12,0.40577736664125585,-0.026522408525777696,0.40577736664125585,-0.026522408525777696,0.43229977516703355,0.33331168590003285,1.170900525528739,-0.06971183096894673,-0.07702368625268241,0.5,1.0575769569652897,-1.3794365297794526,0.42592623140096264,0.7777777777777777
chronos2_daily_norm_cross_lower10,25.0,2024-01-31_2024-12-31,12,0.4175215384594786,-0.013699490369203038,0.4175215384594786,-0.013699490369203038,0.43122102882868163,0.3324595379279435,1.1989674412798623,-0.06971183096894673,-0.07702368625268208,0.5,1.0443958637936053,-1.4255070511071848,0.46224873361802454,0.7222222222222223
chronos2_daily_norm_cross_lower10,25.0,2024-02-29_2025-01-31,12,0.41988999549951056,-0.14290566323586873,0.41988999549951056,-0.14290566323586873,0.5627956587353793,0.33226832662168276,1.2046734404539474,-0.06971183096894684,-0.18252959118595857,0.5833333333333334,1.375981201339107,-0.43579442417423914,0.3962708863440292,0.6666666666666666
chronos2_daily_norm_cross_lower10,25.0,2024-03-31_2025-02-28,12,0.49015978382292036,-0.10676537761977256,0.49015978382292036,-0.10676537761977256,0.5969251614426929,0.32265696546163175,1.3863417228331691,-0.06971183096894662,-0.1825295911859588,0.5833333333333334,1.393122167406256,-0.4477542534881647,0.48592200048334266,0.7222222222222222
chronos2_daily_norm_cross_lower10,25.0,2024-04-30_2025-03-31,12,0.46401662393248966,-0.06461005552580057,0.46401662393248966,-0.06461005552580057,0.5286266794582902,0.3226990410582202,1.3293484681904029,-0.06971183096894684,-0.18252959118595868,0.5,1.2143665280337146,-0.42896503033450545,0.4911550121214563,0.6666666666666666
chronos2_daily_norm_cross_lower10,25.0,2024-05-31_2025-04-30,12,0.17779013970586166,0.02942056800377868,0.17779013970586166,0.02942056800377868,0.14836957170208298,0.15862804804581593,1.1085336580810592,-0.003331249999999897,-0.18252959118595857,0.4166666666666667,0.5489003531476274,-0.020020645569098137,0.19176521834574856,0.6944444444444443
chronos2_daily_norm_cross_lower10,25.0,2024-06-30_2025-05-31,12,0.2639386324394237,-0.019239253194651806,0.2639386324394237,-0.019239253194651806,0.28317788563407553,0.13140742001915512,1.855981151149721,-0.003331249999999897,-0.18252959118595835,0.5,1.1383438877591117,0.03798055941617869,0.2732741654603701,0.6666666666666666
chronos2_daily_norm_cross_lower10,25.0,2024-07-31_2025-06-30,12,0.2891347682440937,0.03150250800801424,0.2891347682440937,0.03150250800801424,0.25763226023607944,0.129553499374955,2.036421967646719,-0.003331249999999897,-0.1825295911859589,0.5,0.941516422578368,0.04458762348746366,0.2954020309221166,0.5833333333333334
chronos2_daily_norm_cross_lower10,25.0,2024-08-31_2025-07-31,12,0.4712648967763291,0.02082724764079913,0.4712648967763291,0.02082724764079913,0.45043764913552997,0.19139314097050608,2.130768012303944,-0.003331250000000008,-0.1720911800730176,0.5833333333333334,1.5469440944362636,0.22731091712395673,0.4808656995559446,0.6111111111111112
chronos2_daily_norm_cross_lower10,25.0,2024-09-30_2025-08-31,12,1.287271496786952,0.07082064647411035,1.287271496786952,0.07082064647411035,1.2164508503128417,0.7520083912756443,1.377332540217144,-0.003331250000000008,-0.1720911800730176,0.5833333333333334,1.2858766502550947,0.7708854092635905,1.5397809319182834,0.5833333333333334
chronos2_daily_norm_cross_lower10,25.0,2024-10-31_2025-09-30,12,1.292537505712775,0.07787885846139209,1.292537505712775,0.07787885846139209,1.214658647251383,0.7517363917925125,1.3809063156997519,-0.0033312499999997858,-0.11858833109117162,0.5833333333333334,1.2791081680744436,0.754803697387489,1.5367140386476268,0.5555555555555556
chronos2_daily_norm_cross_lower10,25.0,2024-11-30_2025-10-31,12,1.311513970119012,0.1960061542824556,1.311513970119012,0.1960061542824556,1.1155078158365563,0.7509782287617828,1.393552384723304,-0.003331250000000119,-0.11795970406671652,0.5,1.142519933035351,0.6470304306826048,1.425992785181713,0.5277777777777778
chronos2_daily_norm_cross_lower10,25.0,2024-12-31_2025-11-30,12,1.2194935839146281,0.22133541890163522,1.2194935839146281,0.22133541890163522,0.9981581650129929,0.7571357838966654,1.32972750512318,-0.04140989127253569,-0.11795970406671652,0.4166666666666667,1.0488988050031258,0.5967067970274401,1.33202466396191,0.5277777777777778
chronos2_daily_norm_cross_lower10,25.0,2025-01-31_2025-12-31,12,1.203963164992274,0.17166648362633885,1.203963164992274,0.17166648362633885,1.032296681365935,0.7579596888826352,1.318996503071195,-0.042564766626609574,-0.03669877287899381,0.4166666666666667,1.0972580141362063,0.6574857701016736,1.346461794564501,0.5555555555555556
chronos2_daily_norm_cross_lower10,25.0,2025-02-28_2026-01-31,12,1.3499248964544024,0.31334945156909844,1.3499248964544024,0.31334945156909844,1.036575444885304,0.7528167803439573,1.4159061748233932,-0.042564766626609574,-0.04758367670999886,0.4166666666666667,1.0457751830771929,0.6898548513946661,1.317972030810401,0.5833333333333334
chronos2_daily_norm_cross_lower10,25.0,2025-03-31_2026-02-28,12,1.6122217740498277,0.08257309459079365,1.6122217740498277,0.08257309459079365,1.529648679459034,0.746287036810041,1.577487054459616,-0.04256476662660946,-0.18488813271044613,0.5,1.4151285238583038,0.24251470075184875,2.0067206762355205,0.5833333333333334
chronos2_daily_norm_cross_lower10,25.0,2025-04-30_2026-03-31,12,1.438356363764043,0.028079656548997578,1.438356363764043,0.028079656548997578,1.4102767072150455,0.7564817041410826,1.4658977210884676,-0.042564766626609574,-0.19546042589812018,0.5,1.3894893297609192,0.3734603721033868,1.8411582211743682,0.638888888888889
chronos2_daily_norm_cross_lower10,25.0,2025-05-31_2026-04-30,12,1.0854261471679956,-0.14610708694572017,1.0854261471679956,-0.14610708694572017,1.2315332341137157,0.7821133089019473,1.2250901905978424,-0.14626235216308747,-0.29138146686445754,0.5833333333333334,1.4346587910619553,0.8305384501922788,1.7805786263719008,0.5833333333333334
chronos2_daily_norm_cross_lower10,25.0,2025-06-30_2026-05-31,12,1.0774155590399306,-0.18541351506394133,1.0774155590399306,-0.18541351506394133,1.262829074103872,0.7825585894456722,1.2194927433986502,-0.15095917978005668,-0.34737666250868915,0.5833333333333334,1.492622154695234,0.8425224902786039,1.8717629981042516,0.5833333333333334
chronos2_daily_norm_cross_lower10,25.0,2025-07-31_2026-06-30,12,1.033287450759671,-0.1667764227923394,1.033287450759671,-0.1667764227923394,1.2000638735520104,0.7846536790513882,1.1886235664811466,-0.15237424781375652,-0.34737666250868904,0.5833333333333334,1.4096771742241387,0.6948610049805852,1.7057847464148823,0.638888888888889
