model,cost_bps,period,months,strategy_total_return,benchmark_total_return,strategy_cagr,benchmark_cagr,excess_cagr,strategy_volatility,strategy_sharpe_rf0,strategy_max_drawdown,benchmark_max_drawdown,active_hit_rate,information_ratio,beta_to_benchmark,annualized_alpha_rf0,average_monthly_turnover
existing_composite,25.0,2015-01-31_2015-12-31,12,0.0,-0.12747006008062733,0.0,-0.12747006008062733,0.12747006008062733,0.0,,0.0,-0.2346154234110901,0.5,0.7954681733349814,0.0,0.0,0.0
existing_composite,25.0,2015-02-28_2016-01-31,12,0.014052128195872537,-0.12464244015822579,0.014052128195872537,-0.12464244015822579,0.13869456835409832,0.014052128195872631,0.9999999999999999,0.0,-0.2346154234110902,0.5,0.8793226762557215,0.027213565077568218,0.01747989557176899,0.08333333333333333
existing_composite,25.0,2015-03-31_2016-02-29,12,0.03784930705839007,-0.12200466014015787,0.03784930705839007,-0.12200466014015787,0.15985396719854794,0.02623402508130618,1.430186174759574,0.0,-0.1902603904171294,0.5833333333333334,1.0264937455211356,0.053065898800786306,0.04466054665667185,0.1111111111111111
existing_composite,25.0,2015-04-30_2016-03-31,12,0.15411479363688096,-0.048726200591690305,0.15411479363688096,-0.048726200591690305,0.20284099422857127,0.11168575274272319,1.338979583518946,0.0,-0.19026039041712928,0.5833333333333334,1.1156160061002374,0.06754625042626052,0.1634022523949228,0.16666666666666666
existing_composite,25.0,2015-05-31_2016-04-30,12,0.08719937653790266,-0.08042168629585977,0.08719937653790266,-0.08042168629585977,0.16762106283376244,0.13195394531904864,0.6939169565841015,-0.05797986254739218,-0.13984875260474772,0.5833333333333334,0.9335589355242,0.10481273707609706,0.1040917288952854,0.19444444444444445
existing_composite,25.0,2015-06-30_2016-05-31,12,0.22581738400935203,0.021583559353247406,0.22581738400935203,0.021583559353247406,0.20423382465610462,0.17761043806831417,1.2334025100977806,-0.05797986254739218,-0.12048239811387595,0.5833333333333334,1.0192376971520476,0.41026964548293365,0.22783657397955426,0.22222222222222224
existing_composite,25.0,2015-07-31_2016-06-30,12,0.40474241773883146,0.08609325121736311,0.40474241773883146,0.08609325121736311,0.31864916652146835,0.21688054469130705,1.6830878858408804,-0.05797986254739218,-0.06335332759593715,0.5833333333333334,1.3228600778871848,0.6171337166631654,0.35647723003918474,0.25000000000000006
existing_composite,25.0,2015-08-31_2016-07-31,12,0.8249645710338549,0.19435729107699262,0.8249645710338549,0.19435729107699262,0.6306072799568623,0.34157159751199634,1.9444660092727988,-0.05797986254739218,-0.010009943632593221,0.5833333333333334,1.4994805486697582,1.0761180281643146,0.5786914892175838,0.3055555555555556
existing_composite,25.0,2015-09-30_2016-08-31,12,0.8118257558802542,0.27010420996995776,0.8118257558802542,0.27010420996995776,0.5417215459102964,0.34291747110111287,1.9158395996907749,-0.05797986254739218,-0.010009943632593332,0.5,1.284693347967926,1.7240851651019287,0.26338515479232827,0.3055555555555555
existing_composite,25.0,2015-10-31_2016-09-30,12,1.3301399501668874,0.2171792753369357,1.3301399501668874,0.2171792753369357,1.1129606748299516,0.4065202103683231,2.3198053053911316,-0.05797986254739218,-0.010009943632593221,0.5833333333333334,1.9310687380575333,2.4268010397561954,0.5663924235780435,0.3055555555555555
existing_composite,25.0,2015-11-30_2016-10-31,12,1.2966439373919627,0.15802517726789156,1.2966439373919627,0.15802517726789156,1.1386187601240711,0.409792786047784,2.2662005400401535,-0.05797986254739218,-0.05046191183613391,0.5833333333333334,2.0426826154756346,1.819434962432156,0.888137910910036,0.3055555555555555
existing_composite,25.0,2015-12-31_2016-11-30,12,1.3074673065526206,0.15325670090751609,1.3074673065526206,0.15325670090751609,1.1542106056451045,0.4088478951730238,2.282964724292302,-0.05797986254739218,-0.05046191183613402,0.5833333333333334,2.079453293180787,1.9067161607503587,0.8873952575576625,0.3333333333333333
existing_composite,25.0,2016-01-31_2016-12-31,12,2.0946590700951933,0.1471553785298949,2.0946590700951933,0.1471553785298949,1.9475036915652983,0.4750204423434614,2.6831161394347607,-0.05797986254739218,-0.05046191183613402,0.6666666666666666,2.4726979959907975,1.4086674946082707,1.7981638140091358,0.3333333333333333
existing_composite,25.0,2016-02-29_2017-01-31,12,1.9179761408716,0.12910312615333996,1.9179761408716,0.12910312615333996,1.78887301471826,0.4905481620753445,2.480163979492601,-0.05797986254739229,-0.05046191183613391,0.6666666666666666,2.3159716140548485,1.6412957080155577,1.637540785231912,0.25
existing_composite,25.0,2016-03-31_2017-02-28,12,2.214846703278304,0.1492046756740173,2.214846703278304,0.1492046756740173,2.065642027604287,0.4835056561800263,2.731645267417462,-0.05797986254739218,-0.05046191183613402,0.6666666666666666,2.546066355822223,1.64801216107047,1.821967964241562,0.2222222222222222
existing_composite,25.0,2016-04-30_2017-03-31,12,2.1679296230391234,0.17503808646495478,2.1679296230391234,0.17503808646495478,1.9928915365741686,0.483706146807773,2.6969621600626588,-0.04384300543173991,-0.05046191183613402,0.6666666666666666,2.4612388568632557,1.6679181486454913,1.6790700438781214,0.19444444444444442
existing_composite,25.0,2016-05-31_2017-04-30,12,2.432538108441769,0.19627580709932912,2.432538108441769,0.19627580709932912,2.23626230134244,0.4599414551003193,3.007386095256754,-0.04384300543173991,-0.05046191183613402,0.75,2.691537515576264,1.3143886512259602,1.9742002605703495,0.19444444444444442
existing_composite,25.0,2016-06-30_2017-05-31,12,1.849965298017016,0.16211773486732262,1.849965298017016,0.16211773486732262,1.6878475631496934,0.4930091039263842,2.4175241618916785,-0.06386003593829404,-0.05046191183613402,0.6666666666666666,2.158863812748212,1.370907130878858,1.5656117755632648,0.2222222222222222
existing_composite,25.0,2016-07-31_2017-06-30,12,1.643758529259232,0.11985678631409691,1.643758529259232,0.11985678631409691,1.5239017429451351,0.49142149189168993,2.256609076952828,-0.06386003593829404,-0.05046191183613402,0.6666666666666666,2.0646077536683864,1.3481772069038223,1.4989855471922247,0.2222222222222222
existing_composite,25.0,2016-08-31_2017-07-31,12,1.129793004854776,0.08878533946639733,1.129793004854776,0.08878533946639733,1.0410076653883786,0.4374512139664041,1.9576653261900252,-0.06386003593829404,-0.05046191183613402,0.6666666666666666,1.7567022568677313,0.5018744483858286,1.194453781101176,0.19444444444444442
existing_composite,25.0,2016-09-30_2017-08-31,12,1.415489986952542,0.09996258200034913,1.415489986952542,0.09996258200034913,1.3155274049521928,0.4315915966837364,2.292816621005825,-0.06386003593829404,-0.05046191183613402,0.75,2.0535795986495953,0.30262925168436633,1.5178172446488665,0.2222222222222222
existing_composite,25.0,2016-10-31_2017-09-30,12,1.046589836247267,0.1075588143605537,1.046589836247267,0.1075588143605537,0.9390310218867133,0.3709381332749384,2.1382214312981778,-0.06386003593829415,-0.0004923640702735321,0.75,1.834887472965894,0.2283988295130965,1.1074661144391027,0.25
existing_composite,25.0,2016-11-30_2017-10-31,12,1.1303553244504942,0.1559996199134983,1.1303553244504942,0.1559996199134983,0.9743557045369959,0.36351028571215227,2.2928891845690833,-0.06386003593829404,-0.008932388259170088,0.75,1.8313494565199169,-1.779267007320383,1.8502763633225934,0.2777777777777778
existing_composite,25.0,2016-12-31_2017-11-30,12,1.181007904095416,0.19992461049678534,1.181007904095416,0.19992461049678534,0.9810832935986307,0.3596329481107328,2.3840347393038943,-0.06386003593829404,-0.008932388259169977,0.75,1.7724854191438948,-0.9828529409087723,1.7110882210836285,0.25
existing_composite,25.0,2017-01-31_2017-12-31,12,1.328214856988808,0.24773371905633135,1.328214856988808,0.24773371905633135,1.0804811379324766,0.43680190749106235,2.1700872088688907,-0.06386003593829392,-0.008932388259170088,0.75,1.713276068582081,1.8067307002421658,0.6963661521325029,0.2777777777777778
existing_composite,25.0,2017-02-28_2018-01-31,12,1.7671437049843433,0.22472528642954592,1.7671437049843433,0.22472528642954592,1.5424184185547973,0.41830546289261766,2.6969731678160183,-0.06386003593829404,-0.008932388259170088,0.8333333333333334,2.27104294256572,1.4626784294279178,1.2221120543281172,0.2777777777777778
existing_composite,25.0,2017-03-31_2018-02-28,12,1.186691920027799,0.11150665310004948,1.186691920027799,0.11150665310004948,1.0751852669277495,0.46216496941180985,1.9292422755449294,-0.10893694463517367,-0.06307407298992962,0.75,1.843503003658479,2.0494932670581343,0.9076320881215372,0.2777777777777778
existing_composite,25.0,2017-04-30_2018-03-31,12,1.1691375694256605,0.054403018339003184,1.1691375694256605,0.054403018339003184,1.1147345510866573,0.4618022313827957,1.9117087107297646,-0.10893694463517367,-0.09250223900477905,0.75,1.9314402682567742,1.7489832000981103,1.1289938221443032,0.25
existing_composite,25.0,2017-05-31_2018-04-30,12,1.2726930996749997,0.042771960341875914,1.2726930996749997,0.042771960341875914,1.2299211393331237,0.45827431838677823,2.0327567323118525,-0.10893694463517367,-0.09416874157139277,0.75,2.0942858493857113,1.7731804319910829,1.2669612182377468,0.2222222222222222
existing_composite,25.0,2017-06-30_2018-05-31,12,1.413420181234347,-0.005226881237519021,1.413420181234347,-0.005226881237519021,1.418647062471866,0.4421321852764105,2.238079059441979,-0.10893694463517367,-0.12207676452647664,0.8333333333333334,2.5190530613780178,2.036667303560243,1.583378673976818,0.2222222222222222
existing_composite,25.0,2017-07-31_2018-06-30,12,1.3805583317701369,0.0163507796990916,1.3805583317701369,0.0163507796990916,1.3642075520710453,0.4430614446820883,2.2007150691812183,-0.10893694463517367,-0.12207676452647676,0.8333333333333334,2.403569119582533,1.8982816150672435,1.4537424747338008,0.2222222222222222
existing_composite,25.0,2017-08-31_2018-07-31,12,1.187494721503831,0.02633003466478856,1.187494721503831,0.02633003466478856,1.1611646868390424,0.4581796392175621,1.94284939558898,-0.10893694463517367,-0.12207676452647653,0.75,2.058584151868836,1.7806076511934874,1.2359844910198166,0.22222222222222224
existing_composite,25.0,2017-09-30_2018-08-31,12,0.86531428452632,0.012828519177035869,0.86531428452632,0.012828519177035869,0.8524857653492841,0.4676421214107087,1.5489127038102792,-0.10893694463517367,-0.12207676452647664,0.6666666666666666,1.6581362905168202,1.8278306066423047,0.9543129544354356,0.2222222222222222
existing_composite,25.0,2017-10-31_2018-09-30,12,0.6019412233058083,-0.028994428060318933,0.6019412233058083,-0.028994428060318933,0.6309356513661273,0.48220870960722306,1.1830608030795209,-0.1359038180273474,-0.12207676452647676,0.5833333333333334,1.3605787160093021,1.9577724600698838,0.8217123780127873,0.19444444444444442
existing_composite,25.0,2017-11-30_2018-10-31,12,0.5379889466218091,0.017470333624036494,0.5379889466218091,0.017470333624036494,0.5205186129977726,0.4859329051339919,1.0897057584662762,-0.14885878838914646,-0.12207676452647676,0.5,1.1268393462209716,1.6016997414776701,0.6164946806841212,0.19444444444444442
existing_composite,25.0,2017-12-31_2018-11-30,12,0.7457204621428217,-0.025356283802123625,0.7457204621428217,-0.025356283802123625,0.7710767459449454,0.5007256850900257,1.3349703747392643,-0.14885878838914646,-0.12207676452647687,0.5833333333333334,1.5326467684969372,2.595357654881515,1.0142058326531158,0.24999999999999997
existing_composite,25.0,2018-01-31_2018-12-31,12,0.38574787280213485,-0.01099995180484914,0.38574787280213485,-0.01099995180484914,0.396747824606984,0.30938077108683865,1.206407803759775,-0.14885878838914635,-0.12095719505337177,0.5833333333333334,1.415086509909282,1.4166472164206936,0.45406677176162313,0.27777777777777773
existing_composite,25.0,2018-02-28_2019-01-31,12,0.20648826345684013,-0.023323412109537922,0.20648826345684013,-0.023323412109537922,0.22981167556637805,0.28904803803485263,0.7826831486507302,-0.14885878838914646,-0.06297476655901424,0.5833333333333334,1.0084870929489447,1.437888143281334,0.2823107880214699,0.3333333333333333
existing_composite,25.0,2018-03-31_2019-02-28,12,0.1772081949305524,0.045204178762284775,0.1772081949305524,0.045204178762284775,0.13200401616826762,0.30007629055817936,0.6818531479821498,-0.14885878838914646,-0.032589089243883484,0.5833333333333334,0.5561793829787541,1.1157459847144091,0.16142579553338132,0.3611111111111111
existing_composite,25.0,2018-04-30_2019-03-31,12,0.18564290949633366,0.07686204312787948,0.18564290949633366,0.07686204312787948,0.10878086636845419,0.3021507420112995,0.7029482433867629,-0.14885878838914646,-0.031039511736595693,0.5833333333333334,0.4937080579546247,1.6028209486851912,0.09138602544698293,0.4166666666666667
existing_composite,25.0,2018-05-31_2019-04-30,12,0.03768376348280067,0.03769148450195714,0.03768376348280067,0.03769148450195714,-7.721019156470277e-06,0.3066628495865631,0.2574137972578696,-0.14885878838914623,-0.04957195403333192,0.5,0.1406217051021874,1.6896999715007281,0.008941394357526056,0.4444444444444444
existing_composite,25.0,2018-06-30_2019-05-31,12,0.08244389102227645,0.09645960452265201,0.08244389102227645,0.09645960452265201,-0.01401571350037556,0.30775641990369185,0.39583150846479354,-0.14885878838914623,-0.04957195403333203,0.5,0.09586983508978951,1.9054614322619483,-0.060027911206955165,0.4166666666666666
existing_composite,25.0,2018-07-31_2019-06-30,12,0.07347906788949632,0.07648721996967378,0.07347906788949632,0.07648721996967378,-0.003008152080177462,0.3066943480439382,0.3688864106150094,-0.13976846813474764,-0.04957195403333203,0.5,0.13279000061685994,1.8790444263899246,-0.0323578048619686,0.4444444444444444
existing_composite,25.0,2018-08-31_2019-07-31,12,0.17297301351465855,0.051509897202665744,0.17297301351465855,0.051509897202665744,0.1214631163119928,0.3045082682378087,0.6642500306810235,-0.13976846813474753,-0.04957195403333203,0.5833333333333334,0.5581561747824199,1.8210501107701953,0.10869536969448435,0.4166666666666667
existing_composite,25.0,2018-09-30_2019-08-31,12,0.2529369677229629,0.032217370272061396,0.2529369677229629,0.032217370272061396,0.22071959745090153,0.298177954234937,0.8978677310801612,-0.13976846813474764,-0.05569706120271434,0.6666666666666666,0.8814069166111852,1.5698294297083093,0.23300544741619134,0.4166666666666667
existing_composite,25.0,2018-10-31_2019-09-30,12,0.2869687743863427,0.0680196854801034,0.2869687743863427,0.0680196854801034,0.21894908890623932,0.291133715902363,1.0068994212169002,-0.13976846813474764,-0.05569706120271445,0.6666666666666666,0.8423259983228685,1.3632070423470402,0.21699749142211577,0.44444444444444436
existing_composite,25.0,2018-11-30_2019-10-31,12,0.4431895468202238,-0.007313909877188718,0.4431895468202238,-0.007313909877188718,0.45050345669741254,0.2979448969912673,1.3851859555859187,-0.13976846813474753,-0.07977064350808971,0.75,1.498236070797885,1.1821335098437267,0.5064017652356669,0.4166666666666666
existing_composite,25.0,2018-12-31_2019-11-30,12,0.3027822150850352,0.01695714726683817,0.3027822150850352,0.01695714726683817,0.28582506781819705,0.26206437993725556,1.1414005434762644,-0.13976846813474764,-0.07977064350808971,0.75,1.1049705763653286,0.7680114280976114,0.3221974238678613,0.38888888888888884
existing_composite,25.0,2019-01-31_2019-12-31,12,0.07698336520102256,-0.0907583313333864,0.07698336520102256,-0.0907583313333864,0.16774169653440896,0.24401865842636009,0.4186127970883621,-0.13056200980370725,-0.08173242622854304,0.6666666666666666,0.7886772195190911,0.5044717855234263,0.15804214949368078,0.3611111111111111
existing_composite,25.0,2019-02-28_2020-01-31,12,-0.03274117638303997,-0.15374678206850467,-0.03274117638303997,-0.15374678206850467,0.1210056056854647,0.2718589519157865,0.004953972476909496,-0.16516583627390602,-0.157070533612218,0.5833333333333334,0.6448951879705128,0.9002814280893741,0.15392488924241388,0.3333333333333333
existing_composite,25.0,2019-03-31_2020-02-29,12,-0.17027448522459798,-0.2983301643039218,-0.17027448522459798,-0.2983301643039218,0.1280556790793238,0.3527555219477521,-0.34663527252686405,-0.37736924184112897,-0.2968733323797681,0.5833333333333334,0.945506387325492,1.4867346474857266,0.43737262158641177,0.36111111111111116
existing_composite,25.0,2019-04-30_2020-03-31,12,-0.2020094088373512,-0.26938100433105683,-0.2020094088373512,-0.26938100433105683,0.06737159549370564,0.3414661192232013,-0.48072240099585545,-0.37736924184112886,-0.2897384073692094,0.5833333333333334,0.6176464741301251,1.390743673421956,0.26519506298690443,0.3611111111111111
existing_composite,25.0,2019-05-31_2020-04-30,12,-0.18160492758651892,-0.23441422140073764,-0.18160492758651892,-0.23441422140073764,0.05280929381421873,0.33844209469402514,-0.41430325500146753,-0.37736924184112886,-0.2897384073692094,0.5833333333333334,0.49476719672283687,1.3266239448924728,0.19784678817531387,0.3611111111111111
existing_composite,25.0,2019-06-30_2020-05-31,12,-0.22372396600411082,-0.22854562482453433,-0.22372396600411082,-0.22854562482453433,0.004821658820423513,0.3342512345771291,-0.5791650180215071,-0.38101440734819114,-0.2897384073692095,0.5,0.19254516255750218,1.2433901673235817,0.10312690498428867,0.38888888888888884
existing_composite,25.0,2019-07-31_2020-06-30,12,-0.19268350458013372,-0.1941752572672133,-0.19268350458013372,-0.1941752572672133,0.0014917526870795728,0.34428965606183937,-0.44150386416710935,-0.38101440734819114,-0.2827760862119635,0.5,0.17807863389405298,1.2482088968676126,0.08879625735776919,0.3611111111111111
existing_composite,25.0,2019-08-31_2020-07-31,12,-0.23771983096849603,-0.1722348942847023,-0.23771983096849603,-0.1722348942847023,-0.06548493668379374,0.3374157575373869,-0.6242342377277992,-0.38101440734819103,-0.27948217627529803,0.4166666666666667,-0.2298242372025611,1.2186967115066591,-0.011655654921401859,0.4166666666666667
existing_composite,25.0,2019-09-30_2020-08-31,12,-0.2852866182989534,-0.21057570090232802,-0.2852866182989534,-0.21057570090232802,-0.07471091739662539,0.3345449934142251,-0.8208889757416524,-0.38101440734819103,-0.27948217627529803,0.4166666666666667,-0.3285747802424191,1.1750761685068594,-0.029375517801063067,0.4444444444444445
existing_composite,25.0,2019-10-31_2020-09-30,12,-0.18582274437142043,-0.1766274605970889,-0.18582274437142043,-0.1766274605970889,-0.009195283774331542,0.353803289346174,-0.3981153926539184,-0.38101440734819114,-0.2794821762752979,0.5,0.11990486746313408,1.2410301401499733,0.0657546619436511,0.4444444444444444
existing_composite,25.0,2019-11-30_2020-10-31,12,-0.2508846215405135,-0.06643817837031618,-0.2508846215405135,-0.06643817837031618,-0.18444644317019732,0.33251780132723174,-0.6890529741221526,-0.38101440734819114,-0.2794821762752979,0.4166666666666667,-1.2886464598990368,1.1476682994802165,-0.17267268455631446,0.47222222222222215
existing_composite,25.0,2019-12-31_2020-11-30,12,0.09499882646066538,-0.050871312509224054,0.09499882646066538,-0.050871312509224054,0.14587013896988943,0.6518598240295207,0.39503389862745497,-0.3411435878742096,-0.2358764964179022,0.4166666666666667,0.5354318109256148,1.636237833271517,0.3285169945937647,0.47222222222222215
existing_composite,25.0,2020-01-31_2020-12-31,12,0.38069299963677716,-0.013079995771551722,0.38069299963677716,-0.013079995771551722,0.3937729954083289,0.664202144625111,0.7567365196227978,-0.25855263290962316,-0.16758179221927783,0.5,0.8877888181704658,1.578570211997534,0.5891408215434384,0.44444444444444436
existing_composite,25.0,2020-02-29_2021-01-31,12,0.8085108745240681,0.14471568274700242,0.8085108745240681,0.14471568274700242,0.6637951917770657,0.6518413050518964,1.1934927721993107,-0.05581618482978423,-0.07033476780972703,0.5833333333333334,1.1296610660073687,1.562785482797105,0.6613584583904601,0.44444444444444436
existing_composite,25.0,2020-03-31_2021-02-28,12,1.149053927564819,0.3187076559568369,1.149053927564819,0.3187076559568369,0.8303462716079821,0.5889569839732021,1.5593749952171474,-0.11374939018890162,-0.07033476780972703,0.5833333333333334,1.1632659761175,1.5335976605076829,0.5853564238517095,0.4166666666666666
existing_composite,25.0,2020-04-30_2021-03-31,12,1.227761361374426,0.2712264885896778,1.227761361374426,0.2712264885896778,0.9565348727847482,0.5885322548109092,1.6260230277241827,-0.11374939018890162,-0.07033476780972714,0.5833333333333334,1.305794119128416,1.5277640537215416,0.7405523326507577,0.38888888888888884
existing_composite,25.0,2020-05-31_2021-04-30,12,1.3004365016440098,0.2511461011810818,1.3004365016440098,0.2511461011810818,1.049290400462928,0.5823771409833325,1.696978743523982,-0.11374939018890173,-0.07033476780972703,0.5833333333333334,1.4152521477322062,1.5287826132506042,0.8348820426033867,0.38888888888888884
existing_composite,25.0,2020-06-30_2021-05-31,12,1.2282149583285027,0.22018559574957508,1.2282149583285027,0.22018559574957508,1.0080293625789276,0.5888712096376604,1.6258244722698765,-0.11374939018890162,-0.07033476780972703,0.5833333333333334,1.4018562105814933,1.6390160336115607,0.8082070015889278,0.3611111111111111
existing_composite,25.0,2020-07-31_2021-06-30,12,1.1959649043940024,0.1787337447456181,1.1959649043940024,0.1787337447456181,1.0172311596483843,0.5890302850840573,1.5988117846561762,-0.11374939018890162,-0.07033476780972703,0.5833333333333334,1.44193810786078,1.7097213619404048,0.860899977945156,0.3888888888888889
existing_composite,25.0,2020-08-31_2021-07-31,12,1.0208587296014593,0.17406019021811336,1.0208587296014593,0.17406019021811336,0.8467985393833459,0.6067185640497895,1.4217946162448736,-0.11374939018890173,-0.0471551797914731,0.5833333333333334,1.2558239696289057,1.7278764164289084,0.7319814112913945,0.3611111111111111
existing_composite,25.0,2020-09-30_2021-08-31,12,1.3188412405093497,0.29094300690606567,1.3188412405093497,0.29094300690606567,1.027898233603284,0.5950572102745908,1.6879385775006452,-0.11374939018890162,-0.0471551797914731,0.5833333333333334,1.3463091776418672,1.9219543410627777,0.6198784281831256,0.3333333333333333
existing_composite,25.0,2020-10-31_2021-09-30,12,1.080544019097177,0.285307502281577,1.080544019097177,0.285307502281577,0.7952365168155999,0.6033102451282237,1.4783311079408563,-0.11374939018890162,-0.04715517979147299,0.5,1.1195169240475085,1.7730847257361255,0.5220203661378113,0.3611111111111111
existing_composite,25.0,2020-11-30_2021-10-31,12,1.0603036369057386,0.164192612882329,1.0603036369057386,0.164192612882329,0.8961110240234096,0.6044274597684036,1.459240882203654,-0.11374939018890162,-0.04715517979147299,0.5833333333333334,1.323104662102076,3.081203178690057,0.47171257790998533,0.3888888888888889
existing_composite,25.0,2020-12-31_2021-11-30,12,0.5480504748747779,0.10075285366229347,0.5480504748747779,0.10075285366229347,0.4472976212124844,0.3488718019460581,1.430247377565667,-0.11374939018890162,-0.04715517979147321,0.5833333333333334,1.1999080635839392,1.0983393185401005,0.4654603063837053,0.4166666666666667
existing_composite,25.0,2021-01-31_2021-12-31,12,0.2919616061324337,0.1311417024200292,0.2919616061324337,0.1311417024200292,0.1608199037124045,0.31458369802227293,0.9632026191838893,-0.11374939018890151,-0.04715517979147299,0.5,0.632560656447411,1.771901656624047,0.07927650201260317,0.4444444444444444
existing_composite,25.0,2021-02-28_2022-01-31,12,0.20121567522842154,0.1035559333431273,0.20121567522842154,0.1035559333431273,0.09765974188529425,0.284440416300607,0.7778545726770162,-0.08690212355605131,-0.008710521467504728,0.5,0.45287010795171767,1.3952866389642624,0.08208124913406611,0.44444444444444436
existing_composite,25.0,2021-03-31_2022-02-28,12,0.4550681645823105,0.1814244316261513,0.4550681645823105,0.1814244316261513,0.2736437329561592,0.24893369070621185,1.6411772522008168,-0.08690212355605142,-0.008710521467504728,0.5833333333333334,0.9579762318168482,0.45984161937300655,0.385586528758743,0.44444444444444436
existing_composite,25.0,2021-04-30_2022-03-31,12,0.5804359222071387,0.2056999327796627,0.5804359222071387,0.2056999327796627,0.374735989427476,0.28739456289379106,1.748764195998443,-0.08690212355605131,-0.008710521467504728,0.5833333333333334,1.1128219952274556,1.0362283770924154,0.352260011865819,0.44444444444444436
existing_composite,25.0,2021-05-31_2022-04-30,12,0.655167358752232,0.20202014645819677,0.655167358752232,0.20202014645819677,0.4531472122940352,0.2821559854644208,1.9473471735809988,-0.08690212355605131,-0.011058901373715124,0.6666666666666666,1.2940177586146517,0.6620010954876507,0.5192897185314682,0.44444444444444436
existing_composite,25.0,2021-06-30_2022-05-31,12,0.5863022371381272,0.1547230806668567,0.5863022371381272,0.1547230806668567,0.43157915647127054,0.29871545949014683,1.7066941526036241,-0.08690212355605131,-0.04389760737316839,0.6666666666666666,1.293813658985111,1.396913916430373,0.34990477933589403,0.4166666666666666
existing_composite,25.0,2021-07-31_2022-06-30,12,0.6497236528726933,0.14515293481688385,0.6497236528726933,0.14515293481688385,0.5045707180558094,0.3053131016395462,1.8093820640331995,-0.08690211612617926,-0.04389760737316839,0.6666666666666666,1.4311065127386502,1.3080131164357525,0.4404084300976727,0.4166666666666667
existing_composite,25.0,2021-08-31_2022-07-31,12,1.014287223543843,0.16719366722844042,1.014287223543843,0.16719366722844042,0.8470935563154025,0.2746012102754523,2.74655980373955,-0.08690211612617926,-0.04389760737316839,0.75,2.3705287573758422,1.442997714471081,0.6723403493470486,0.4166666666666666
existing_composite,25.0,2021-09-30_2022-08-31,12,0.7558261288097541,0.11990803732841937,0.7558261288097541,0.11990803732841937,0.6359180914813347,0.2879732459006024,2.127380121417885,-0.08690211612617915,-0.04389760737316817,0.6666666666666666,1.9245782987824929,1.6239629185143503,0.5145445336429866,0.4166666666666666
existing_composite,25.0,2021-10-31_2022-09-30,12,1.1710496057728785,0.07700156092153554,1.1710496057728785,0.07700156092153554,1.094048044851343,0.31959548103969565,2.6438586239422417,-0.08690211612617937,-0.04389760737316828,0.75,2.7716443327491773,2.75172070759997,0.8533392854128146,0.38888888888888884
existing_composite,25.0,2021-11-30_2022-10-31,12,1.1415877395955514,0.0837751064100245,1.1415877395955514,0.0837751064100245,1.0578126331855269,0.3228540042085098,2.5748722721523776,-0.08690211612617926,-0.04389760737316839,0.6666666666666666,2.656664543472713,2.781760248186821,0.7955365792565665,0.3611111111111111
existing_composite,25.0,2021-12-31_2022-11-30,12,0.662192834558599,0.04089310124175727,0.662192834558599,0.04089310124175727,0.6212997333168417,0.34853431899983656,1.6417101440696589,-0.10807883759165826,-0.052330809109684795,0.5833333333333334,1.8105969135298832,3.0745930323774546,0.5388450082646308,0.3055555555555556
existing_composite,25.0,2022-01-31_2022-12-31,12,0.9013302348350272,0.03139589518781816,0.9013302348350272,0.03139589518781816,0.869934339647209,0.35126021349089737,2.033895186140228,-0.10807883759165837,-0.0538908420070876,0.6666666666666666,2.300593903119483,3.0571781466338757,0.8129666891425904,0.2777777777777778
existing_composite,25.0,2022-02-28_2023-01-31,12,0.619762005274807,-0.006523085673795559,0.619762005274807,-0.006523085673795559,0.6262850909486025,0.3756918246002315,1.4750492685071446,-0.10807883759165837,-0.053890842007087936,0.5833333333333334,1.7155620427389286,3.7098349319042976,0.7436704658758857,0.2777777777777778
existing_composite,25.0,2022-03-31_2023-02-28,12,0.43121114759059576,-0.03763942955797195,0.43121114759059576,-0.03763942955797195,0.4688505771485677,0.3863947966232669,1.1107724757009168,-0.1254777060423976,-0.05860315994470999,0.5,1.3759464332385087,4.261983896902032,0.7676114637082103,0.25
existing_composite,25.0,2022-04-30_2023-03-31,12,0.23323888433494688,-0.0433257664262765,0.23323888433494688,-0.0433257664262765,0.2765646507612234,0.35016125689718347,0.7573935513438588,-0.1254777060423975,-0.052003665957635614,0.5,0.989911714485932,3.5125901220303177,0.5015887847361611,0.25
existing_composite,25.0,2022-05-31_2023-04-30,12,0.2554477262601609,-0.07213752035282106,0.2554477262601609,-0.07213752035282106,0.32758524661298194,0.35158885693284614,0.8074898792774143,-0.1254777060423976,-0.07596598010903766,0.5,1.1182993422158327,2.4518863496713137,0.5711674835674274,0.2777777777777778
existing_composite,25.0,2022-06-30_2023-05-31,12,0.36152487141636924,-0.0361282154897381,0.36152487141636924,-0.0361282154897381,0.39765308690610734,0.3331011477199367,1.083920791942947,-0.1254777060423975,-0.07596598010903755,0.5,1.2789227419129865,2.0618661550797865,0.5288905559977537,0.27777777777777773
existing_composite,25.0,2022-07-31_2023-06-30,12,0.2454455524765662,-0.0028433046031512976,0.2454455524765662,-0.0028433046031512976,0.24828885707971748,0.3220774058659208,0.827608433239272,-0.1254777060423976,-0.07596598010903743,0.4166666666666667,0.8747297953048161,1.317652460200763,0.3012300379521624,0.25
existing_composite,25.0,2022-08-31_2023-07-31,12,0.12910454147331651,-0.031389184091800915,0.12910454147331651,-0.031389184091800915,0.16049372556511743,0.30581700384716143,0.5310680844741321,-0.1254777060423976,-0.0655917893195096,0.4166666666666667,0.6445073760318595,0.9560067145983191,0.2079632151458426,0.25
existing_composite,25.0,2022-09-30_2023-08-31,12,0.14665726681888902,-0.014331580574544756,0.14665726681888902,-0.014331580574544756,0.16098884739343378,0.30341419472409575,0.5845528666508928,-0.1254777060423976,-0.06559178931950937,0.4166666666666667,0.6360516325862448,0.8266537202701284,0.20426120313141416,0.22222222222222224
existing_composite,25.0,2022-10-31_2023-09-30,12,-0.13680904156521856,-0.04883569016310929,-0.13680904156521856,-0.04883569016310929,-0.08797335140210927,0.22624691536116576,-0.543436916874458,-0.14421131116699415,-0.06327241269436523,0.3333333333333333,-0.3430175876996487,0.7262655135967895,-0.08506582329305867,0.24999999999999997
existing_composite,25.0,2022-11-30_2023-10-31,12,-0.2120471141151914,-8.074453772832779e-05,-0.2120471141151914,-8.074453772832779e-05,-0.21196636957746307,0.24105510540662606,-0.8690243330945154,-0.22445857565396132,-0.04084242285001627,0.3333333333333333,-0.8234443940967362,-0.0281134554567469,-0.19040737756166803,0.25
existing_composite,25.0,2022-12-31_2023-11-30,12,-0.08499406312595315,0.06162621592425688,-0.08499406312595315,0.06162621592425688,-0.14662027905021002,0.22914210180970387,-0.2819945900017727,-0.2244585756539611,-0.04084242285001627,0.4166666666666667,-0.5032066626423036,-0.2914092568829697,-0.045150196400616016,0.25
existing_composite,25.0,2023-01-31_2023-12-31,12,-0.20142180843849167,0.05389394652891433,-0.20142180843849167,0.05389394652891433,-0.255315754967406,0.17445157912868478,-1.1952432908685677,-0.19052140102982285,-0.04084242285001627,0.3333333333333333,-1.3106203380804051,-0.1526774576985588,-0.18258753621884483,0.3055555555555555
existing_composite,25.0,2023-02-28_2024-01-31,12,-0.1292035067359022,0.06910062416905749,-0.1292035067359022,0.06910062416905749,-0.19830413090495969,0.16230990919320315,-0.7709839437764323,-0.19052140102982296,-0.04084242285001627,0.3333333333333333,-1.0173110364953453,-0.1669502291142266,-0.1076343750791805,0.27777777777777773
existing_composite,25.0,2023-03-31_2024-02-29,12,-0.03856816829886833,0.07105311702696282,-0.03856816829886833,0.07105311702696282,-0.10962128532583115,0.16510877486224246,-0.15994072877576515,-0.19052140102982285,-0.04084242285001627,0.4166666666666667,-0.4932941050847273,-0.3098864843411945,-0.0039393536728912215,0.3055555555555555
existing_composite,25.0,2023-04-30_2024-03-31,12,-0.16609980843414085,0.04605177038880415,-0.16609980843414085,0.04605177038880415,-0.212151578822945,0.19648371999372075,-0.8240446317438423,-0.22243419292879396,-0.028914327222309355,0.3333333333333333,-0.9480554873510416,-0.1720156152795809,-0.1431688098102223,0.27777777777777773
existing_composite,25.0,2023-05-31_2024-04-30,12,-0.2835069487418892,0.05087612226469651,-0.2835069487418892,0.05087612226469651,-0.3343830710065857,0.19475238318873792,-1.595356968152282,-0.29396998148890785,-0.04720745865673304,0.25,-1.96340176806051,0.735475867709076,-0.2988371238892834,0.25
existing_composite,25.0,2023-06-30_2024-05-31,12,-0.2630097782421905,0.06029804021364593,-0.2630097782421905,0.06029804021364593,-0.32330781845583645,0.1993203606208227,-1.4166686181975598,-0.29396998148890774,-0.04720745865673304,0.3333333333333333,-1.8311234826251952,0.7813133514837476,-0.285097453905679,0.3055555555555555
existing_composite,25.0,2023-07-31_2024-06-30,12,-0.22907496958902618,0.046802268590376395,-0.22907496958902618,0.046802268590376395,-0.2758772381794026,0.2138316346992952,-1.102196148525526,-0.29396998148890807,-0.04720745865673304,0.4166666666666667,-1.4360335846369,0.9708667777802543,-0.24918723470829063,0.27777777777777773
existing_composite,25.0,2023-08-31_2024-07-31,12,-0.22756256667063302,0.10318514893952901,-0.22756256667063302,0.10318514893952901,-0.33074771561016203,0.21414786303675512,-1.091309246616189,-0.2771716312272344,-0.04720745865673315,0.3333333333333333,-1.7171968762614147,0.8844580642279608,-0.2805417076632656,0.2777777777777778
existing_composite,25.0,2023-09-30_2024-08-31,12,-0.20833016635823431,0.08473288946892565,-0.20833016635823431,0.08473288946892565,-0.29306305582715997,0.21506045603805177,-0.9735952865113046,-0.20958303505114317,-0.04720745865673315,0.4166666666666667,-1.4650902810132647,0.7679628770607492,-0.2433535995378031,0.3055555555555555
existing_composite,25.0,2023-10-31_2024-09-30,12,-0.11634659612905174,0.12170948346779942,-0.11634659612905174,0.12170948346779942,-0.23805607959685116,0.2043585256989467,-0.5046419848666953,-0.19548635783907986,-0.047207458656732815,0.5,-1.1036347848152983,0.5609564059250426,-0.15747455761099183,0.2777777777777778
existing_composite,25.0,2023-11-30_2024-10-31,12,-0.0676249484924375,0.004734660022875703,-0.0676249484924375,0.004734660022875703,-0.0723596085153132,0.1870116713882508,-0.2842680594898906,-0.19548635783907986,-0.07254414974326939,0.5833333333333334,-0.41712410528210525,1.0137432381138958,-0.06158324048714414,0.27777777777777785
existing_composite,25.0,2023-12-31_2024-11-30,12,-0.1272475759970344,-0.026522408525777696,-0.1272475759970344,-0.026522408525777696,-0.1007251674712567,0.1802168874177048,-0.6651804743933695,-0.19548635783907986,-0.07702368625268241,0.5,-0.6523054291975748,0.9563886891728024,-0.09460127536029017,0.3611111111111111
existing_composite,25.0,2024-01-31_2024-12-31,12,-0.10045235472732372,-0.013699490369203038,-0.10045235472732372,-0.013699490369203038,-0.08675286435812068,0.18219731866309424,-0.49163504781764317,-0.19548635783907986,-0.07702368625268208,0.5833333333333334,-0.5322406143200925,0.9700873712550779,-0.07808936178005532,0.36111111111111116
existing_composite,25.0,2024-02-29_2025-01-31,12,-0.12022677109562308,-0.14290566323586873,-0.12022677109562308,-0.14290566323586873,0.022678892140245654,0.1818472975943208,-0.6141079555789499,-0.19548635783907986,-0.18252959118595857,0.6666666666666666,0.16180680514545323,0.46795194777680116,-0.044401036205292566,0.3611111111111111
existing_composite,25.0,2024-03-31_2025-02-28,12,-0.17023854030267005,-0.10676537761977256,-0.17023854030267005,-0.10676537761977256,-0.06347316268289749,0.17105367446672895,-1.0009091802756989,-0.09199965830488632,-0.1825295911859588,0.5833333333333334,-0.38654758220681124,0.4072661121341358,-0.1230404369708138,0.3611111111111111
existing_composite,25.0,2024-04-30_2025-03-31,12,-0.015114051015474583,-0.06461005552580057,-0.015114051015474583,-0.06461005552580057,0.049496004510325986,0.14374793994971874,-0.03871813319303722,-0.077441011379619,-0.18252959118595868,0.6666666666666666,0.31770731984346556,0.47290632246465936,0.019636751669320773,0.38888888888888884
existing_composite,25.0,2024-05-31_2025-04-30,12,0.051093608693086434,0.02942056800377868,0.051093608693086434,0.02942056800377868,0.021673040689307754,0.11044836386621162,0.5022570935146,-0.07744101137961912,-0.18252959118595857,0.6666666666666666,0.06872855227758894,0.24533617081039283,0.0456201125024247,0.38888888888888884
existing_composite,25.0,2024-06-30_2025-05-31,12,0.05987041808218252,-0.019239253194651806,0.05987041808218252,-0.019239253194651806,0.07910967127683433,0.1119380914988486,0.5715549253536595,-0.07744101137961934,-0.18252959118595835,0.6666666666666666,0.3805741051434222,0.203568018152967,0.06674309044250526,0.3888888888888889
existing_composite,25.0,2024-07-31_2025-06-30,12,0.2463102459701545,0.03150250800801424,0.2463102459701545,0.03150250800801424,0.21480773796214025,0.2642782263132473,0.9480526860899406,-0.077441011379619,-0.1825295911859589,0.6666666666666666,0.837951031047823,0.6565716483902122,0.2414669747467355,0.4166666666666667
existing_composite,25.0,2024-08-31_2025-07-31,12,0.1968365241845893,0.02082724764079913,0.1968365241845893,0.02082724764079913,0.17600927654379017,0.268654070037252,0.7829723681234229,-0.0774410113796189,-0.1720911800730176,0.6666666666666666,0.6883424845841628,0.6288902176170955,0.20305583584905063,0.38888888888888884
existing_composite,25.0,2024-09-30_2025-08-31,12,0.5805461515013224,0.07082064647411035,0.5805461515013224,0.07082064647411035,0.509725505027212,0.4045553206856063,1.3132892519262154,-0.077441011379619,-0.1720911800730176,0.6666666666666666,1.1885727872254144,0.8132272680470789,0.5721933299825508,0.3611111111111111
existing_composite,25.0,2024-10-31_2025-09-30,12,0.5947052541004083,0.07787885846139209,0.5947052541004083,0.07787885846139209,0.5168263956390162,0.40407815915392625,1.337469829346345,-0.035178445452748064,-0.11858833109117162,0.6666666666666666,1.1957818805319045,0.8094057191770516,0.5784215174380729,0.3611111111111111
existing_composite,25.0,2024-11-30_2025-10-31,12,0.8730314724355297,0.1960061542824556,0.8730314724355297,0.1960061542824556,0.6770253181530741,0.39847464628412155,1.7750908689019003,-0.03096053220080197,-0.11795970406671652,0.6666666666666666,1.3606260271383812,0.7668940111823294,0.7238576348737134,0.3333333333333333
existing_composite,25.0,2024-12-31_2025-11-30,12,1.2603828955803498,0.22133541890163522,1.2603828955803498,0.22133541890163522,1.0390474766787146,0.4040725927621213,2.2503104772679956,-0.03096053220080186,-0.11795970406671652,0.75,1.7884619912737783,0.708177828013435,1.0809155735937477,0.2777777777777778
existing_composite,25.0,2025-01-31_2025-12-31,12,0.817325570873433,0.17166648362633885,0.817325570873433,0.17166648362633885,0.6456590872470942,0.4779973796564764,1.4851375973747436,-0.18211689223018068,-0.03669877287899381,0.6666666666666666,1.2232414250888966,1.0417053984905231,0.6739856556258434,0.2777777777777778
existing_composite,25.0,2025-02-28_2026-01-31,12,0.968216888722421,0.31334945156909844,0.968216888722421,0.31334945156909844,0.6548674371533225,0.4707633370536653,1.681369157636049,-0.18211689223018068,-0.04758367670999886,0.6666666666666666,1.1735244955995934,1.5758757723599321,0.40636730568494084,0.3055555555555555
existing_composite,25.0,2025-03-31_2026-02-28,12,0.7105107877066452,0.08257309459079365,0.7105107877066452,0.08257309459079365,0.6279376931158516,0.510302721948883,1.297650360275659,-0.2523723702009667,-0.18488813271044613,0.75,1.3243246314453487,1.433300644566487,0.6611268757681887,0.3333333333333333
existing_composite,25.0,2025-04-30_2026-03-31,12,0.7683372960964354,0.028079656548997578,0.7683372960964354,0.028079656548997578,0.7402576395474378,0.511273437233708,1.3647255423586562,-0.2523723702009667,-0.19546042589812018,0.75,1.5267508851452778,1.4495852749826308,0.8445785959958925,0.3611111111111111
existing_composite,25.0,2025-05-31_2026-04-30,12,0.4956734568080905,-0.14610708694572017,0.4956734568080905,-0.14610708694572017,0.6417805437538107,0.559263186202207,0.980449980210728,-0.3337797009284772,-0.29138146686445754,0.75,1.6376192044725602,1.838453222544547,1.1499054824596993,0.38888888888888884
existing_composite,25.0,2025-06-30_2026-05-31,12,0.38051154845496993,-0.18541351506394133,0.38051154845496993,-0.18541351506394133,0.5659250635189113,0.567662344641949,0.8266315649463507,-0.36842269174322173,-0.34737666250868915,0.75,1.5504972082056676,1.8140114522270325,1.146509975791465,0.3333333333333333
existing_composite,25.0,2025-07-31_2026-06-30,12,0.24632922094369536,-0.1667764227923394,0.24632922094369536,-0.1667764227923394,0.41310564373603476,0.5309429498605165,0.6554831332343745,-0.36842269174322184,-0.34737666250868904,0.75,1.2542527941218902,1.4879624173531814,0.7506545041094699,0.3333333333333333
mlp_raw,25.0,2015-01-31_2015-12-31,12,0.0,-0.12747006008062733,0.0,-0.12747006008062733,0.12747006008062733,0.0,,0.0,-0.2346154234110901,0.5,0.7954681733349814,0.0,0.0,0.0
mlp_raw,25.0,2015-02-28_2016-01-31,12,0.0,-0.12464244015822579,0.0,-0.12464244015822579,0.12464244015822579,0.0,,0.0,-0.2346154234110902,0.5,0.7692360062999882,0.0,0.0,0.0
mlp_raw,25.0,2015-03-31_2016-02-29,12,0.0,-0.12200466014015787,0.0,-0.12200466014015787,0.12200466014015787,0.0,,0.0,-0.1902603904171294,0.5,0.7474014716436923,0.0,0.0,0.0
mlp_raw,25.0,2015-04-30_2016-03-31,12,0.0,-0.048726200591690305,0.0,-0.048726200591690305,0.048726200591690305,0.0,,0.0,-0.19026039041712928,0.5,0.2945970850581079,0.0,0.0,0.0
mlp_raw,25.0,2015-05-31_2016-04-30,12,0.0,-0.08042168629585977,0.0,-0.08042168629585977,0.08042168629585977,0.0,,0.0,-0.13984875260474772,0.5833333333333334,0.5552293857372526,0.0,0.0,0.0
mlp_raw,25.0,2015-06-30_2016-05-31,12,0.0,0.021583559353247406,0.0,0.021583559353247406,-0.021583559353247406,0.0,,0.0,-0.12048239811387595,0.5,-0.22352456975877635,0.0,0.0,0.0
mlp_raw,25.0,2015-07-31_2016-06-30,12,0.0,0.08609325121736311,0.0,0.08609325121736311,-0.08609325121736311,0.0,,0.0,-0.06335332759593715,0.4166666666666667,-0.6835017174473557,0.0,0.0,0.0
mlp_raw,25.0,2015-08-31_2016-07-31,12,0.0,0.19435729107699262,0.0,0.19435729107699262,-0.19435729107699262,0.0,,0.0,-0.010009943632593221,0.3333333333333333,-1.6504690257800025,0.0,0.0,0.0
mlp_raw,25.0,2015-09-30_2016-08-31,12,0.0,0.27010420996995776,0.0,0.27010420996995776,-0.27010420996995776,0.0,,0.0,-0.010009943632593332,0.3333333333333333,-3.1921321538999887,0.0,0.0,0.0
mlp_raw,25.0,2015-10-31_2016-09-30,12,0.0,0.2171792753369357,0.0,0.2171792753369357,-0.2171792753369357,0.0,,0.0,-0.010009943632593221,0.3333333333333333,-2.990399217122224,0.0,0.0,0.0
mlp_raw,25.0,2015-11-30_2016-10-31,12,0.0,0.15802517726789156,0.0,0.15802517726789156,-0.15802517726789156,0.0,,0.0,-0.05046191183613391,0.3333333333333333,-1.616240233019667,0.0,0.0,0.0
mlp_raw,25.0,2015-12-31_2016-11-30,12,0.0,0.15325670090751609,0.0,0.15325670090751609,-0.15325670090751609,0.0,,0.0,-0.05046191183613402,0.3333333333333333,-1.5863439736306586,0.0,0.0,0.0
mlp_raw,25.0,2016-01-31_2016-12-31,12,0.0,0.1471553785298949,0.0,0.1471553785298949,-0.1471553785298949,0.0,,0.0,-0.05046191183613402,0.4166666666666667,-1.5190734285942011,0.0,0.0,0.0
mlp_raw,25.0,2016-02-29_2017-01-31,12,0.0,0.12910312615333996,0.0,0.12910312615333996,-0.12910312615333996,0.0,,0.0,-0.05046191183613391,0.4166666666666667,-1.3864377865559228,0.0,0.0,0.0
mlp_raw,25.0,2016-03-31_2017-02-28,12,0.0,0.1492046756740173,0.0,0.1492046756740173,-0.1492046756740173,0.0,,0.0,-0.05046191183613402,0.4166666666666667,-1.537107484845639,0.0,0.0,0.0
mlp_raw,25.0,2016-04-30_2017-03-31,12,0.0,0.17503808646495478,0.0,0.17503808646495478,-0.17503808646495478,0.0,,0.0,-0.05046191183613402,0.3333333333333333,-1.7924897036559229,0.0,0.0,0.0
mlp_raw,25.0,2016-05-31_2017-04-30,12,0.0,0.19627580709932912,0.0,0.19627580709932912,-0.19627580709932912,0.0,,0.0,-0.05046191183613402,0.25,-2.0531682735968855,0.0,0.0,0.0
mlp_raw,25.0,2016-06-30_2017-05-31,12,0.0,0.16211773486732262,0.0,0.16211773486732262,-0.16211773486732262,0.0,,0.0,-0.05046191183613402,0.25,-1.8505590970176535,0.0,0.0,0.0
mlp_raw,25.0,2016-07-31_2017-06-30,12,0.0,0.11985678631409691,0.0,0.11985678631409691,-0.11985678631409691,0.0,,0.0,-0.05046191183613402,0.25,-1.483791488963511,0.0,0.0,0.0
mlp_raw,25.0,2016-08-31_2017-07-31,12,0.0,0.08878533946639733,0.0,0.08878533946639733,-0.08878533946639733,0.0,,0.0,-0.05046191183613402,0.25,-1.178963154453938,0.0,0.0,0.0
mlp_raw,25.0,2016-09-30_2017-08-31,12,0.0,0.09996258200034913,0.0,0.09996258200034913,-0.09996258200034913,0.0,,0.0,-0.05046191183613402,0.16666666666666666,-1.3337702635233109,0.0,0.0,0.0
mlp_raw,25.0,2016-10-31_2017-09-30,12,0.0,0.1075588143605537,0.0,0.1075588143605537,-0.1075588143605537,0.0,,0.0,-0.0004923640702735321,0.16666666666666666,-1.4170583545789386,0.0,0.0,0.0
mlp_raw,25.0,2016-11-30_2017-10-31,12,0.0,0.1559996199134983,0.0,0.1559996199134983,-0.1559996199134983,0.0,,0.0,-0.008932388259170088,0.16666666666666666,-3.396369689056473,0.0,0.0,0.0
mlp_raw,25.0,2016-12-31_2017-11-30,12,0.0,0.19992461049678534,0.0,0.19992461049678534,-0.19992461049678534,0.0,,0.0,-0.008932388259169977,0.16666666666666666,-2.6817886502407284,0.0,0.0,0.0
mlp_raw,25.0,2017-01-31_2017-12-31,12,0.0,0.24773371905633135,0.0,0.24773371905633135,-0.24773371905633135,0.0,,0.0,-0.008932388259170088,0.08333333333333333,-3.1914908218284626,0.0,0.0,0.0
mlp_raw,25.0,2017-02-28_2018-01-31,12,0.15101454923639168,0.22472528642954592,0.15101454923639168,0.22472528642954592,-0.07371073719315424,0.15101454923639168,0.9999999999999999,0.0,-0.008932388259170088,0.16666666666666666,-0.30138840052383675,-0.5644428273815291,0.30319518812798174,0.08333333333333333
mlp_raw,25.0,2017-03-31_2018-02-28,12,0.0008769352241637662,0.11150665310004948,0.0008769352241637662,0.11150665310004948,-0.11062971787588571,0.20832984023188153,0.09876251064889142,-0.13043937117200866,-0.06307407298992962,0.16666666666666666,-0.46695451165140145,0.7552151439324241,-0.06165159034543133,0.1111111111111111
mlp_raw,25.0,2017-04-30_2018-03-31,12,0.016696519982288605,0.054403018339003184,0.016696519982288605,0.054403018339003184,-0.03770649835671458,0.20878700859584381,0.1742488791372585,-0.13043937117200866,-0.09250223900477905,0.25,-0.11168265632042941,0.6282421198412953,-0.0005748019732629839,0.13888888888888887
mlp_raw,25.0,2017-05-31_2018-04-30,12,0.07166759289066893,0.042771960341875914,0.07166759289066893,0.042771960341875914,0.028895632548793015,0.21484355230863947,0.4210004041330484,-0.13043937117200866,-0.09416874157139277,0.3333333333333333,0.20482740668656785,0.6029604516885544,0.06346830624595734,0.19444444444444442
mlp_raw,25.0,2017-06-30_2018-05-31,12,0.049303329354681624,-0.005226881237519021,0.049303329354681624,-0.005226881237519021,0.054530210592200645,0.21664820428443085,0.3211684373907151,-0.13043937117200866,-0.12207676452647664,0.4166666666666667,0.3305200086668887,0.6404754245841442,0.0712109855026355,0.27777777777777773
mlp_raw,25.0,2017-07-31_2018-06-30,12,0.02914867826224099,0.0163507796990916,0.02914867826224099,0.0163507796990916,0.01279789856314939,0.2180558975264744,0.2310091852892034,-0.13043937117200866,-0.12207676452647676,0.4166666666666667,0.12991700237199177,0.5727022561549155,0.03804367016689181,0.3611111111111111
mlp_raw,25.0,2017-08-31_2018-07-31,12,0.036203895447056045,0.02633003466478856,0.036203895447056045,0.02633003466478856,0.009873860782267485,0.2180196878348882,0.262491462971403,-0.13043937117200866,-0.12207676452647653,0.4166666666666667,0.11577966774811203,0.569656421161228,0.039399033177708986,0.38888888888888884
mlp_raw,25.0,2017-09-30_2018-08-31,12,0.08961074822780235,0.012828519177035869,0.08961074822780235,0.012828519177035869,0.07678222905076648,0.22282898257535944,0.4881285099608265,-0.13043937117200866,-0.12207676452647664,0.5,0.40604588474370973,0.5378219402232047,0.1029619773528474,0.38888888888888884
mlp_raw,25.0,2017-10-31_2018-09-30,12,0.022815330518006327,-0.028994428060318933,0.022815330518006327,-0.028994428060318933,0.05180975857832526,0.23371569308210538,0.20309756347854893,-0.13043937117200866,-0.12207676452647676,0.5,0.3139930842969829,0.6586547881579246,0.06426941411543674,0.4444444444444444
mlp_raw,25.0,2017-11-30_2018-10-31,12,0.022141718191069026,0.017470333624036494,0.022141718191069026,0.017470333624036494,0.004671384567032533,0.2337287803846946,0.2002684533562262,-0.13043937117200866,-0.12207676452647676,0.4166666666666667,0.09706065425710382,0.5819487935931736,0.03293513248431523,0.47222222222222215
mlp_raw,25.0,2017-12-31_2018-11-30,12,-0.01434806117212828,-0.025356283802123625,-0.01434806117212828,-0.025356283802123625,0.011008222629995346,0.23708101853005198,0.04685810221282859,-0.14366682898858674,-0.12207676452647687,0.4166666666666667,0.1393860584267437,0.737527528702673,0.026371235514417002,0.49999999999999994
mlp_raw,25.0,2018-01-31_2018-12-31,12,0.3953722212867048,-0.01099995180484914,0.3953722212867048,-0.01099995180484914,0.40637217309155393,0.47766246921142597,0.8935048154639007,-0.14366682898858674,-0.12095719505337177,0.5,1.0340551200966257,2.5315056220901684,0.5395599470868582,0.5277777777777777
mlp_raw,25.0,2018-02-28_2019-01-31,12,0.20805888175218223,-0.023323412109537922,0.20805888175218223,-0.023323412109537922,0.23138229386172016,0.4616445662461551,0.5898102581538942,-0.09540912621228681,-0.06297476655901424,0.5,0.7277136406324093,2.5351804118196455,0.3665722064158219,0.5277777777777777
mlp_raw,25.0,2018-03-31_2019-02-28,12,0.18310392056805425,0.045204178762284775,0.18310392056805425,0.045204178762284775,0.13789974180576947,0.4684438854884213,0.5429041360076434,-0.15137953299806794,-0.032589089243883484,0.5,0.4820695146530352,2.53776088493131,0.13966143129654207,0.5833333333333333
mlp_raw,25.0,2018-04-30_2019-03-31,12,0.14840578450257325,0.07686204312787948,0.14840578450257325,0.07686204312787948,0.07154374137469377,0.4697631404768383,0.4779611214706762,-0.16324823812627998,-0.031039511736595693,0.4166666666666667,0.3439929868268502,3.017244184603434,-0.010032957568754997,0.5833333333333333
mlp_raw,25.0,2018-05-31_2019-04-30,12,-0.012995237180025598,0.03769148450195714,-0.012995237180025598,0.03769148450195714,-0.05068672168198274,0.4808277463064587,0.1588635808903734,-0.24196497378488713,-0.04957195403333192,0.3333333333333333,0.08147211755786962,2.9506111168730746,-0.04495638520212242,0.611111111111111
mlp_raw,25.0,2018-06-30_2019-05-31,12,0.04364556453003332,0.09645960452265201,0.04364556453003332,0.09645960452265201,-0.05281403999261869,0.4806389232422671,0.27583074202669605,-0.24196497378488724,-0.04957195403333203,0.3333333333333333,0.08449928762029846,3.2509756767434976,-0.16638652926148378,0.611111111111111
mlp_raw,25.0,2018-07-31_2019-06-30,12,0.08718429515939508,0.07648721996967378,0.08718429515939508,0.07648721996967378,0.010697075189721295,0.47956954719839356,0.3617652884816677,-0.24196497378488735,-0.04957195403333203,0.4166666666666667,0.22486674137869245,3.4308007319355474,-0.08918038203939638,0.5833333333333334
mlp_raw,25.0,2018-08-31_2019-07-31,12,0.026530279781574295,0.051509897202665744,0.026530279781574295,0.051509897202665744,-0.02497961742109145,0.48381196037842034,0.2424891478760768,-0.24196497378488724,-0.04957195403333203,0.4166666666666667,0.14736944932404306,3.485359696224871,-0.06917676272391937,0.638888888888889
mlp_raw,25.0,2018-09-30_2019-08-31,12,0.05526207469562072,0.032217370272061396,0.05526207469562072,0.032217370272061396,0.023044704423559326,0.48746500733397025,0.30104924457957855,-0.24196497378488724,-0.05569706120271434,0.4166666666666667,0.25324083464342856,3.000059901363112,0.039608390479347166,0.6944444444444445
mlp_raw,25.0,2018-10-31_2019-09-30,12,0.24040283509485327,0.0680196854801034,0.24040283509485327,0.0680196854801034,0.17238314961474988,0.4881837796270537,0.6379587190714097,-0.24196497378488735,-0.05569706120271445,0.5,0.5467397950955625,3.067342131464507,0.10183258859762478,0.7222222222222222
mlp_raw,25.0,2018-11-30_2019-10-31,12,0.047533253241868856,-0.007313909877188718,0.047533253241868856,-0.007313909877188718,0.054847163119057574,0.5210477102915453,0.2995004621181838,-0.24196497378488735,-0.07977064350808971,0.5,0.34585439753591096,3.9519087594890436,0.18357237506429103,0.7499999999999999
mlp_raw,25.0,2018-12-31_2019-11-30,12,0.1372886653827161,0.01695714726683817,0.1372886653827161,0.01695714726683817,0.12033151811587794,0.5191700724372037,0.4597296091476972,-0.24196497378488724,-0.07977064350808971,0.5,0.4772247666443548,3.5060022801100117,0.17589403880177934,0.75
mlp_raw,25.0,2019-01-31_2019-12-31,12,-0.29266470867296945,-0.0907583313333864,-0.29266470867296945,-0.0907583313333864,-0.20190637733958305,0.30627400484086115,-0.9681638671761187,-0.29018285689800594,-0.08173242622854304,0.4166666666666667,-0.7829276567846697,1.7164926170542187,-0.1329094584805961,0.8055555555555555
mlp_raw,25.0,2019-02-28_2020-01-31,12,-0.4113863802333825,-0.15374678206850467,-0.4113863802333825,-0.15374678206850467,-0.2576395981648778,0.3376938608301024,-1.373374457659149,-0.35488187504297475,-0.157070533612218,0.3333333333333333,-1.1272980917392117,1.804858085398172,-0.16395206779633176,0.7777777777777777
mlp_raw,25.0,2019-03-31_2020-02-29,12,-0.4283082546940543,-0.2983301643039218,-0.4283082546940543,-0.2983301643039218,-0.12997809039013253,0.3471298418537499,-1.4065701020954207,-0.4664126596361907,-0.2968733323797681,0.3333333333333333,-0.6794299346044815,1.3582174101147044,-0.039312640675724375,0.7222222222222222
mlp_raw,25.0,2019-04-30_2020-03-31,12,-0.4351264913274795,-0.26938100433105683,-0.4351264913274795,-0.26938100433105683,-0.16574548699642266,0.3463413002949918,-1.4437263950368606,-0.48015013311585175,-0.2897384073692094,0.3333333333333333,-0.8852804429886921,1.2404030410625124,-0.13289259322053215,0.7777777777777777
mlp_raw,25.0,2019-05-31_2020-04-30,12,-0.35372811499652046,-0.23441422140073764,-0.35372811499652046,-0.23441422140073764,-0.11931389359578282,0.3493818657888577,-1.057519110315656,-0.48015013311585164,-0.2897384073692094,0.4166666666666667,-0.5306701535872586,1.2519142872662965,-0.0635781280971951,0.7777777777777777
mlp_raw,25.0,2019-06-30_2020-05-31,12,-0.33553555961426274,-0.22854562482453433,-0.33553555961426274,-0.22854562482453433,-0.1069899347897284,0.3565401177826866,-0.9545454019911336,-0.48015013311585175,-0.2897384073692095,0.4166666666666667,-0.4358919693030473,1.2785917090394594,-0.039202593864397395,0.6944444444444443
mlp_raw,25.0,2019-07-31_2020-06-30,12,-0.26872728942494195,-0.1941752572672133,-0.26872728942494195,-0.1941752572672133,-0.07455203215772865,0.3858705361072235,-0.615767338950347,-0.48015013311585153,-0.2827760862119635,0.4166666666666667,-0.18599581266118942,1.364477583969032,0.022106205832718606,0.7222222222222222
mlp_raw,25.0,2019-08-31_2020-07-31,12,-0.13694297307458125,-0.1722348942847023,-0.13694297307458125,-0.1722348942847023,0.035291921210121036,0.40891927128014877,-0.16209004604096136,-0.48015013311585186,-0.27948217627529803,0.5,0.35480610642886945,1.433313508353852,0.1811568918811426,0.6666666666666666
mlp_raw,25.0,2019-09-30_2020-08-31,12,-0.2417157872340825,-0.21057570090232802,-0.2417157872340825,-0.21057570090232802,-0.03114008633175447,0.39958790275722816,-0.4942815720464175,-0.48015013311585175,-0.27948217627529803,0.5,0.04304127574450208,1.4099166621874024,0.10063289493614569,0.6944444444444443
mlp_raw,25.0,2019-10-31_2020-09-30,12,-0.2931938932131153,-0.1766274605970889,-0.2931938932131153,-0.1766274605970889,-0.1165664326160264,0.3816996097421748,-0.7136903231470076,-0.41163934228146304,-0.2794821762752979,0.4166666666666667,-0.4639756322852747,1.3043892743847192,-0.05577835474088544,0.6388888888888888
mlp_raw,25.0,2019-11-30_2020-10-31,12,-0.08826314695308446,-0.06643817837031618,-0.08826314695308446,-0.06643817837031618,-0.021824968582768278,0.3665793433594445,-0.07561782058535983,-0.41163934228146315,-0.2794821762752979,0.4166666666666667,0.04095199377279004,1.2038913885824485,0.01545660736482457,0.6666666666666665
mlp_raw,25.0,2019-12-31_2020-11-30,12,0.1119845458849984,-0.050871312509224054,0.1119845458849984,-0.050871312509224054,0.16285585839422245,0.46038330241839487,0.43924150923709554,-0.33177531304741326,-0.2358764964179022,0.5,0.7650755445858808,1.4176084327366565,0.25360279184967194,0.6944444444444443
mlp_raw,25.0,2020-01-31_2020-12-31,12,0.3947973793050097,-0.013079995771551722,0.3947973793050097,-0.013079995771551722,0.4078773750765614,0.44212219724359647,0.9638832832145786,-0.19417879180068243,-0.16758179221927783,0.5833333333333334,1.3961019509142447,1.3237738897511468,0.4831027595942783,0.6666666666666666
mlp_raw,25.0,2020-02-29_2021-01-31,12,0.7024200992584733,0.14471568274700242,0.7024200992584733,0.14471568274700242,0.5577044165114708,0.3829018915472583,1.5906024284562514,-0.05025449860003606,-0.07033476780972703,0.5833333333333334,1.6008302524793177,1.066177066705866,0.5287494312516021,0.638888888888889
mlp_raw,25.0,2020-03-31_2021-02-28,12,1.1140818189597326,0.3187076559568369,1.1140818189597326,0.3187076559568369,0.7953741630028957,0.29837218193018555,2.7115439831399035,-0.05025449860003606,-0.07033476780972703,0.6666666666666666,1.8832560619224654,0.7485825406211266,0.7789316483477686,0.6666666666666666
mlp_raw,25.0,2020-04-30_2021-03-31,12,1.3238539617571399,0.2712264885896778,1.3238539617571399,0.2712264885896778,1.052627473167462,0.2805721670136884,3.2281205976963827,-0.05025449860003606,-0.07033476780972714,0.75,2.620527946679738,0.8054445527209839,0.974992607221681,0.638888888888889
mlp_raw,25.0,2020-05-31_2021-04-30,12,1.1920966479804624,0.2511461011810818,1.1920966479804624,0.2511461011810818,0.9409505467993806,0.29525483132674224,2.8685568543459077,-0.05025449860003606,-0.07033476780972703,0.6666666666666666,2.3680089768494588,0.8714094522833397,0.8628438590389846,0.5833333333333334
mlp_raw,25.0,2020-06-30_2021-05-31,12,1.2352454188984985,0.22018559574957508,1.2352454188984985,0.22018559574957508,1.0150598231489234,0.29552475864703337,2.936836737249862,-0.05025449860003606,-0.07033476780972703,0.6666666666666666,2.5428937429961667,0.8687469507926312,0.9417598816166826,0.611111111111111
mlp_raw,25.0,2020-07-31_2021-06-30,12,0.8167470735308824,0.1787337447456181,0.8167470735308824,0.1787337447456181,0.6380133287852643,0.3282069576177928,2.002953028724531,-0.08608861654974787,-0.07033476780972703,0.5833333333333334,1.606055227577461,0.8393193621091134,0.6446437162522842,0.5555555555555555
mlp_raw,25.0,2020-08-31_2021-07-31,12,0.6740171290223291,0.17406019021811336,0.6740171290223291,0.17406019021811336,0.49995693880421577,0.3202512343736299,1.7774617234997105,-0.08608861654974775,-0.0471551797914731,0.5833333333333334,1.3615702649226034,0.8331638984947101,0.5173421404337959,0.5555555555555555
mlp_raw,25.0,2020-09-30_2021-08-31,12,1.0478339884067958,0.29094300690606567,1.0478339884067958,0.29094300690606567,0.7568909815007301,0.31990000702953564,2.4423803579003995,-0.08608861654974787,-0.0471551797914731,0.5833333333333334,1.6683863034992406,0.688763839157127,0.7920061413709347,0.49999999999999983
mlp_raw,25.0,2020-10-31_2021-09-30,12,0.8781962522461391,0.285307502281577,0.8781962522461391,0.285307502281577,0.5928887499645621,0.3411790434651932,2.04033780288042,-0.08608861654974775,-0.04715517979147299,0.5833333333333334,1.2884448802692536,0.5763725761177301,0.7042644360928965,0.5277777777777777
mlp_raw,25.0,2020-11-30_2021-10-31,12,0.613511856179962,0.164192612882329,0.613511856179962,0.164192612882329,0.44931924329763295,0.36011682480745133,1.5070186595432995,-0.11780999465307629,-0.04715517979147299,0.5833333333333334,1.1050397624158637,0.8485680972054657,0.49357212601381395,0.5
mlp_raw,25.0,2020-12-31_2021-11-30,12,0.4592836049295226,0.10075285366229347,0.4592836049295226,0.10075285366229347,0.3585307512672291,0.2879186827347249,1.4610138068753387,-0.1178099946530764,-0.04715517979147321,0.5833333333333334,1.013047419247037,-0.3703597929919255,0.5674382941027567,0.47222222222222215
mlp_raw,25.0,2021-01-31_2021-12-31,12,0.40885213467086756,0.1311417024200292,0.40885213467086756,0.1311417024200292,0.27771043225083836,0.28031713173752987,1.3644742997881858,-0.11780999465307629,-0.04715517979147299,0.5833333333333334,0.848287324615956,-0.16025552915943633,0.4863897637902903,0.49999999999999994
mlp_raw,25.0,2021-02-28_2022-01-31,12,0.4755842008663298,0.1035559333431273,0.4755842008663298,0.1035559333431273,0.3720282675232025,0.28073410212836897,1.5332183911785842,-0.1178099946530764,-0.008710521467504728,0.6666666666666666,1.1357936343076749,0.11638108282539242,0.508987338006816,0.49999999999999994
mlp_raw,25.0,2021-03-31_2022-02-28,12,0.4572638624059133,0.1814244316261513,0.4572638624059133,0.1814244316261513,0.27583943077976203,0.28145634322191576,1.483975511240779,-0.11780999465307629,-0.008710521467504728,0.5833333333333334,0.8613820655068875,-0.02186229635852457,0.5130850126202358,0.5
mlp_raw,25.0,2021-04-30_2022-03-31,12,0.4897837955264397,0.2056999327796627,0.4897837955264397,0.2056999327796627,0.284083862746777,0.2857834470262428,1.5451309026613804,-0.11780999465307629,-0.008710521467504728,0.5833333333333334,0.8709936638472936,0.2577679717950531,0.47150816708971965,0.5
mlp_raw,25.0,2021-05-31_2022-04-30,12,0.5283547530562052,0.20202014645819677,0.5283547530562052,0.20202014645819677,0.3263346065980084,0.2811570591106465,1.6605875089415767,-0.1178099946530764,-0.011058901373715124,0.6666666666666666,0.9772418848141027,0.09810654063829395,0.5532569610911446,0.5277777777777778
mlp_raw,25.0,2021-06-30_2022-05-31,12,0.3356795417878551,0.1547230806668567,0.3356795417878551,0.1547230806668567,0.1809564611209984,0.28963359441207887,1.1395450185638325,-0.1178099946530764,-0.04389760737316839,0.5833333333333334,0.647047633306692,0.8541549162041772,0.22430608959897125,0.5555555555555556
mlp_raw,25.0,2021-07-31_2022-06-30,12,0.6100303848055222,0.14515293481688385,0.6100303848055222,0.14515293481688385,0.46487744998863834,0.2694475198518135,1.9215967103290834,-0.11780999465307618,-0.04389760737316839,0.6666666666666666,1.4448973649123695,0.8225097211891562,0.48699474789144337,0.5833333333333334
mlp_raw,25.0,2021-08-31_2022-07-31,12,0.6252809427232233,0.16719366722844042,0.6252809427232233,0.16719366722844042,0.4580872754947829,0.26925713243202914,1.9593256409076647,-0.11780999465307629,-0.04389760737316839,0.6666666666666666,1.404531202490018,0.767298816629112,0.49060579342539534,0.5833333333333334
mlp_raw,25.0,2021-09-30_2022-08-31,12,0.24240258828663186,0.11990803732841937,0.24240258828663186,0.11990803732841937,0.12249455095821249,0.27753603538662486,0.9147014440932522,-0.11187110715684423,-0.04389760737316817,0.5833333333333334,0.5250063548283098,1.122341950193468,0.12948113751444135,0.6111111111111112
mlp_raw,25.0,2021-10-31_2022-09-30,12,0.2941151834361615,0.07700156092153554,0.2941151834361615,0.07700156092153554,0.21711362251462596,0.26813640106441755,1.0931936262191382,-0.1273715740822211,-0.04389760737316828,0.5833333333333334,0.9307922229076812,2.09567236240646,0.1400505635425795,0.6111111111111112
mlp_raw,25.0,2021-11-30_2022-10-31,12,0.26749858889360856,0.0837751064100245,0.26749858889360856,0.0837751064100245,0.18372348248358406,0.2756999426590238,0.9934340356575144,-0.20067523422486266,-0.04389760737316839,0.5833333333333334,0.7870704719922935,2.084798544067238,0.10514616897016649,0.638888888888889
mlp_raw,25.0,2021-12-31_2022-11-30,12,-0.020841322075721314,0.04089310124175727,-0.020841322075721314,0.04089310124175727,-0.06173442331747858,0.2633840295910799,0.04246291406644189,-0.2869154861200347,-0.052330809109684795,0.5,-0.15282131919742223,2.281808578405484,-0.08431780286433765,0.6666666666666666
mlp_raw,25.0,2022-01-31_2022-12-31,12,0.0882098029476015,0.03139589518781816,0.0882098029476015,0.03139589518781816,0.056813907759783344,0.3168538726494812,0.4100779193115906,-0.2869154861200346,-0.0538908420070876,0.5,0.34323191970049044,2.1039897434337735,0.059609180669425,0.5833333333333334
mlp_raw,25.0,2022-02-28_2023-01-31,12,-0.1260739561530715,-0.006523085673795559,-0.1260739561530715,-0.006523085673795559,-0.11955087047927593,0.34862554500994986,-0.22605782276447633,-0.2869154861200346,-0.053890842007087936,0.4166666666666667,-0.2342123110819491,2.280355776382284,-0.06746405327326654,0.5555555555555556
mlp_raw,25.0,2022-03-31_2023-02-28,12,-0.19537830214203988,-0.03763942955797195,-0.19537830214203988,-0.03763942955797195,-0.15773887258406794,0.3526134996352714,-0.4516311636357122,-0.32814987207380863,-0.05860315994470999,0.4166666666666667,-0.3799457929798583,2.5907850266218952,-0.06360165852034116,0.5277777777777778
mlp_raw,25.0,2022-04-30_2023-03-31,12,-0.3213996968141166,-0.0433257664262765,-0.3213996968141166,-0.0433257664262765,-0.2780739303878401,0.33659819055454837,-0.9825506214776313,-0.3796465164468016,-0.052003665957635614,0.3333333333333333,-0.9015446851053776,1.7532842009825624,-0.22856160786312807,0.49999999999999994
mlp_raw,25.0,2022-05-31_2023-04-30,12,-0.37262939465927514,-0.07213752035282106,-0.37262939465927514,-0.07213752035282106,-0.3004918743064541,0.3376096298919455,-1.2038926203235467,-0.4247484105752535,-0.07596598010903766,0.25,-1.0539281988796767,1.6606677827936533,-0.25201156359002796,0.5277777777777777
mlp_raw,25.0,2022-06-30_2023-05-31,12,-0.2893221484248064,-0.0361282154897381,-0.2893221484248064,-0.0361282154897381,-0.2531939329350683,0.35358699732133575,-0.7932574258075535,-0.4247484105752535,-0.07596598010903755,0.3333333333333333,-0.7404425184455696,1.9932926203794832,-0.19237237450514366,0.5555555555555555
mlp_raw,25.0,2022-07-31_2023-06-30,12,-0.26500476531954364,-0.0028433046031512976,-0.26500476531954364,-0.0028433046031512976,-0.26216146071639235,0.3697639198278743,-0.6566104172676035,-0.42474841057525337,-0.07596598010903743,0.3333333333333333,-0.7290085706902483,2.392261599624524,-0.2179990733360616,0.5555555555555556
mlp_raw,25.0,2022-08-31_2023-07-31,12,-0.17332125837714174,-0.031389184091800915,-0.17332125837714174,-0.031389184091800915,-0.14193207428534083,0.41451099603407593,-0.27165849268345277,-0.35228817116488476,-0.0655917893195096,0.3333333333333333,-0.21685384634450977,2.698385145956356,-0.03300392864203994,0.611111111111111
mlp_raw,25.0,2022-09-30_2023-08-31,12,0.0027655714995100666,-0.014331580574544756,0.0027655714995100666,-0.014331580574544756,0.017097152074054822,0.40657782733717873,0.18832949330101031,-0.3407828895560777,-0.06559178931950937,0.4166666666666667,0.23275303869702157,2.4628565350973064,0.11154606519599009,0.611111111111111
mlp_raw,25.0,2022-10-31_2023-09-30,12,-0.014034392181221933,-0.04883569016310929,-0.014034392181221933,-0.04883569016310929,0.03480129798188736,0.40796139964314876,0.1473408174751491,-0.31923365896347833,-0.06327241269436523,0.4166666666666667,0.28320711236941454,2.466274607964468,0.19190750305427584,0.5555555555555556
mlp_raw,25.0,2022-11-30_2023-10-31,12,0.3272971708884944,-8.074453772832779e-05,0.3272971708884944,-8.074453772832779e-05,0.32737791542622274,0.45321655457062743,0.8323137866724518,-0.31923365896347833,-0.04084242285001627,0.5,0.927300846822063,3.043286877524949,0.43361406054631657,0.5555555555555556
mlp_raw,25.0,2022-12-31_2023-11-30,12,0.49742921035014476,0.06162621592425688,0.49742921035014476,0.06162621592425688,0.4358029944258879,0.42862634777242736,1.1468456367557478,-0.31923365896347833,-0.04084242285001627,0.5,1.0963143552720178,2.508868305268314,0.38782673128785294,0.5277777777777778
mlp_raw,25.0,2023-01-31_2023-12-31,12,0.1967860921044411,0.05389394652891433,0.1967860921044411,0.05389394652891433,0.14289214557552676,0.40688629212780825,0.6233982966075073,-0.20035356331972598,-0.04084242285001627,0.4166666666666667,0.5482245239801632,2.758038707336241,0.10314976126596487,0.5833333333333334
mlp_raw,25.0,2023-02-28_2024-01-31,12,0.42231437176110287,0.06910062416905749,0.42231437176110287,0.06910062416905749,0.3532137475920454,0.36312269430557437,1.1403358787872944,-0.1437798915058881,-0.04084242285001627,0.4166666666666667,1.0957720522709757,2.5965106233079482,0.2566005225728647,0.638888888888889
mlp_raw,25.0,2023-03-31_2024-02-29,12,0.46995008455994713,0.07105311702696282,0.46995008455994713,0.07105311702696282,0.3988969675329843,0.3549258700075237,1.2547989407736098,-0.07511510617576622,-0.04084242285001627,0.4166666666666667,1.2203716100705508,2.543430244499844,0.29461081841733927,0.6388888888888888
mlp_raw,25.0,2023-04-30_2024-03-31,12,0.5942022587344624,0.04605177038880415,0.5942022587344624,0.04605177038880415,0.5481504883456583,0.3356956245911765,1.5591795866821159,-0.07511510617576622,-0.028914327222309355,0.5,1.7195579446226086,2.7767122674984095,0.4650296467998083,0.6666666666666666
mlp_raw,25.0,2023-05-31_2024-04-30,12,1.008572435856526,0.05087612226469651,1.008572435856526,0.05087612226469651,0.9576963135918295,0.33108118522863883,2.3089069295174114,-0.07511510617576633,-0.04720745865673304,0.5833333333333334,2.3038862242676896,1.4410668737237982,0.9519044484188668,0.611111111111111
mlp_raw,25.0,2023-06-30_2024-05-31,12,0.7393134401279053,0.06029804021364593,0.7393134401279053,0.06029804021364593,0.6790153999142594,0.3563114946927885,1.741139434903404,-0.07511510617576622,-0.04720745865673304,0.5,1.6455184081058305,1.2736842465719798,0.697797007963072,0.611111111111111
mlp_raw,25.0,2023-07-31_2024-06-30,12,0.6072974120664327,0.046802268590376395,0.6072974120664327,0.046802268590376395,0.5604951434760563,0.3433702795629068,1.5549156646963989,-0.07511510617576622,-0.04720745865673304,0.5,1.4486596896243664,0.9265559166788605,0.6142619919807377,0.611111111111111
mlp_raw,25.0,2023-08-31_2024-07-31,12,0.47074554890139053,0.10318514893952901,0.47074554890139053,0.10318514893952901,0.3675603999618615,0.3157611525416157,1.375044484380249,-0.07511510617576611,-0.04720745865673315,0.5,1.0918891763605556,0.8986754979243635,0.40055627229801316,0.5555555555555555
mlp_raw,25.0,2023-09-30_2024-08-31,12,0.5018650726811296,0.08473288946892565,0.5018650726811296,0.08473288946892565,0.4171321832122039,0.3197966558391963,1.4289716023535126,-0.07511510617576633,-0.04720745865673315,0.5,1.1840304651434308,0.706137895655357,0.4764744996052088,0.5555555555555556
mlp_raw,25.0,2023-10-31_2024-09-30,12,0.43181963966182835,0.12170948346779942,0.43181963966182835,0.12170948346779942,0.31011015619402893,0.3337330277015133,1.2342892742855656,-0.07897142072662189,-0.047207458656732815,0.5,0.8795123435835157,0.5444703131356021,0.4077141630360057,0.5833333333333334
mlp_raw,25.0,2023-11-30_2024-10-31,12,0.08579345257395765,0.004734660022875703,0.08579345257395765,0.004734660022875703,0.08105879255108195,0.26634543966615654,0.4277147350862559,-0.1387438715021556,-0.07254414974326939,0.4166666666666667,0.3664337064984059,0.09920567053597251,0.11894986770975469,0.5555555555555555
mlp_raw,25.0,2023-12-31_2024-11-30,12,0.1645645721938369,-0.026522408525777696,0.1645645721938369,-0.026522408525777696,0.1910869807196146,0.2752956628704917,0.6790352917056688,-0.13874387150215572,-0.07702368625268241,0.5,0.7179059550932548,0.0942878800239572,0.20625894343722329,0.5833333333333334
mlp_raw,25.0,2024-01-31_2024-12-31,12,0.14283838980609076,-0.013699490369203038,0.14283838980609076,-0.013699490369203038,0.1565378801752938,0.2806070399596054,0.6032157947722361,-0.1387438715021556,-0.07702368625268208,0.5,0.5947396576586164,-0.004320097254963769,0.1829914943643869,0.611111111111111
mlp_raw,25.0,2024-02-29_2025-01-31,12,0.07602882666853472,-0.14290566323586873,0.07602882666853472,-0.14290566323586873,0.21893448990440345,0.2872992888446069,0.383292171353654,-0.17686134940442444,-0.18252959118595857,0.5833333333333334,0.8296313224037425,0.29847868170577024,0.16354990422979054,0.5833333333333334
mlp_raw,25.0,2024-03-31_2025-02-28,12,0.13722161798513732,-0.10676537761977256,0.13722161798513732,-0.10676537761977256,0.24398699560490988,0.28335094529761734,0.5823517167383379,-0.17686134940442444,-0.1825295911859588,0.5833333333333334,0.8782588253739323,0.2994967691302044,0.21327489159637447,0.611111111111111
mlp_raw,25.0,2024-04-30_2025-03-31,12,0.2583094957240559,-0.06461005552580057,0.2583094957240559,-0.06461005552580057,0.3229195512498565,0.2979658103145294,0.9116345697661049,-0.17686134940442433,-0.18252959118595868,0.5833333333333334,1.06574061973513,0.4310320976309375,0.33762173078527136,0.611111111111111
mlp_raw,25.0,2024-05-31_2025-04-30,12,0.250775701275084,0.02942056800377868,0.250775701275084,0.02942056800377868,0.2213551332713053,0.2942942653269826,0.8992391095163728,-0.17686134940442444,-0.18252959118595857,0.5833333333333334,0.8774481046915679,0.8725677319032018,0.2513112467195133,0.638888888888889
mlp_raw,25.0,2024-06-30_2025-05-31,12,0.3992967505519638,-0.019239253194651806,0.3992967505519638,-0.019239253194651806,0.4185360037466156,0.2770291048232528,1.354120396471049,-0.17686134940442433,-0.18252959118595835,0.6666666666666666,1.6408768444902542,0.8582980161967326,0.45161990528998763,0.6111111111111112
mlp_raw,25.0,2024-07-31_2025-06-30,12,0.5749246753820498,0.03150250800801424,0.5749246753820498,0.03150250800801424,0.5434221673740356,0.3169092760355919,1.600696174545891,-0.17686134940442444,-0.1825295911859589,0.6666666666666666,1.8925169386646212,1.0415523828432827,0.5645406073716148,0.638888888888889
mlp_raw,25.0,2024-08-31_2025-07-31,12,0.3400176491704241,0.02082724764079913,0.3400176491704241,0.02082724764079913,0.31919040152962497,0.3390713533179529,1.0235811011450648,-0.17686134940442455,-0.1720911800730176,0.5833333333333334,1.0422661828960722,0.8625166606331579,0.3634786682198994,0.6944444444444445
mlp_raw,25.0,2024-09-30_2025-08-31,12,0.5368313261280349,0.07082064647411035,0.5368313261280349,0.07082064647411035,0.4660106796539245,0.4076374550451452,1.2477827887970443,-0.1146225718327204,-0.1720911800730176,0.5833333333333334,1.2007749153007001,1.066048440849328,0.5061628364001156,0.6944444444444445
mlp_raw,25.0,2024-10-31_2025-09-30,12,1.019598549404253,0.07787885846139209,1.019598549404253,0.07787885846139209,0.9417196909428609,0.4162559068154917,1.9170109844099095,-0.1146225718327204,-0.11858833109117162,0.6666666666666666,1.9597017968684995,1.0839700073158989,0.9693831785001439,0.7222222222222222
mlp_raw,25.0,2024-11-30_2025-10-31,12,0.8772843821021779,0.1960061542824556,0.8772843821021779,0.1960061542824556,0.6812782278197222,0.44328459281507215,1.6514755954390483,-0.130790957250574,-0.11795970406671652,0.6666666666666666,1.2599017062701958,0.7347287074264186,0.7757024861331661,0.6944444444444445
mlp_raw,25.0,2024-12-31_2025-11-30,12,1.1334257683789293,0.22133541890163522,1.1334257683789293,0.22133541890163522,0.9120903494772941,0.4734227984581303,1.8574513952118736,-0.130790957250574,-0.11795970406671652,0.6666666666666666,1.4525529872254528,0.7508095792219093,1.0055012622448976,0.638888888888889
mlp_raw,25.0,2025-01-31_2025-12-31,12,1.398708328713795,0.17166648362633885,1.398708328713795,0.17166648362633885,1.227041845087456,0.44856437758371015,2.2180291095541507,-0.130790957250574,-0.03669877287899381,0.75,1.8879988334538658,0.6866972693595598,1.3247823538411811,0.6388888888888888
mlp_raw,25.0,2025-02-28_2026-01-31,12,1.6008666589786902,0.31334945156909844,1.6008666589786902,0.31334945156909844,1.2875172074095917,0.4299214897459008,2.5009530903131902,-0.130790957250574,-0.04758367670999886,0.75,1.8244644033595765,0.37806501807884796,1.5376014399768585,0.6944444444444443
mlp_raw,25.0,2025-03-31_2026-02-28,12,1.2401299192112907,0.08257309459079365,1.2401299192112907,0.08257309459079365,1.157556824620497,0.47571726780773665,1.962778469879234,-0.130790957250574,-0.18488813271044613,0.8333333333333334,1.9492107718524554,1.0049425976648312,1.2372799702031863,0.6666666666666666
mlp_raw,25.0,2025-04-30_2026-03-31,12,1.08044951305151,0.028079656548997578,1.08044951305151,0.028079656548997578,1.0523698565025124,0.47679996460250257,1.7926711765353187,-0.130790957250574,-0.19546042589812018,0.8333333333333334,1.8829567959751072,1.0177524728982217,1.1814000860337655,0.6666666666666666
mlp_raw,25.0,2025-05-31_2026-04-30,12,0.6276276644773608,-0.14610708694572017,0.6276276644773608,-0.14610708694572017,0.773734751423081,0.49146880214411265,1.2248508042542663,-0.1785475838658802,-0.29138146686445754,0.8333333333333334,1.7124502393535659,1.0531478638917462,1.051696659078702,0.6666666666666666
mlp_raw,25.0,2025-06-30_2026-05-31,12,0.35002397226404725,-0.18541351506394133,0.35002397226404725,-0.18541351506394133,0.5354374873279886,0.5259476317540416,0.8069787003805178,-0.29072766212957046,-0.34737666250868915,0.75,1.3527812100125727,1.2016052214624133,0.8584406579867787,0.6388888888888888
mlp_raw,25.0,2025-07-31_2026-06-30,12,0.5050205589993413,-0.1667764227923394,0.5050205589993413,-0.1667764227923394,0.6717969817916807,0.5827041668749664,0.9618567531334299,-0.29072766212957046,-0.34737666250868904,0.75,1.5083859893595455,1.4355932545716807,1.1246784434751134,0.6111111111111112
mlp_excess,25.0,2015-01-31_2015-12-31,12,0.0,-0.12747006008062733,0.0,-0.12747006008062733,0.12747006008062733,0.0,,0.0,-0.2346154234110901,0.5,0.7954681733349814,0.0,0.0,0.0
mlp_excess,25.0,2015-02-28_2016-01-31,12,0.0,-0.12464244015822579,0.0,-0.12464244015822579,0.12464244015822579,0.0,,0.0,-0.2346154234110902,0.5,0.7692360062999882,0.0,0.0,0.0
mlp_excess,25.0,2015-03-31_2016-02-29,12,0.0,-0.12200466014015787,0.0,-0.12200466014015787,0.12200466014015787,0.0,,0.0,-0.1902603904171294,0.5,0.7474014716436923,0.0,0.0,0.0
mlp_excess,25.0,2015-04-30_2016-03-31,12,0.0,-0.048726200591690305,0.0,-0.048726200591690305,0.048726200591690305,0.0,,0.0,-0.19026039041712928,0.5,0.2945970850581079,0.0,0.0,0.0
mlp_excess,25.0,2015-05-31_2016-04-30,12,0.0,-0.08042168629585977,0.0,-0.08042168629585977,0.08042168629585977,0.0,,0.0,-0.13984875260474772,0.5833333333333334,0.5552293857372526,0.0,0.0,0.0
mlp_excess,25.0,2015-06-30_2016-05-31,12,0.0,0.021583559353247406,0.0,0.021583559353247406,-0.021583559353247406,0.0,,0.0,-0.12048239811387595,0.5,-0.22352456975877635,0.0,0.0,0.0
mlp_excess,25.0,2015-07-31_2016-06-30,12,0.0,0.08609325121736311,0.0,0.08609325121736311,-0.08609325121736311,0.0,,0.0,-0.06335332759593715,0.4166666666666667,-0.6835017174473557,0.0,0.0,0.0
mlp_excess,25.0,2015-08-31_2016-07-31,12,0.0,0.19435729107699262,0.0,0.19435729107699262,-0.19435729107699262,0.0,,0.0,-0.010009943632593221,0.3333333333333333,-1.6504690257800025,0.0,0.0,0.0
mlp_excess,25.0,2015-09-30_2016-08-31,12,0.0,0.27010420996995776,0.0,0.27010420996995776,-0.27010420996995776,0.0,,0.0,-0.010009943632593332,0.3333333333333333,-3.1921321538999887,0.0,0.0,0.0
mlp_excess,25.0,2015-10-31_2016-09-30,12,0.0,0.2171792753369357,0.0,0.2171792753369357,-0.2171792753369357,0.0,,0.0,-0.010009943632593221,0.3333333333333333,-2.990399217122224,0.0,0.0,0.0
mlp_excess,25.0,2015-11-30_2016-10-31,12,0.0,0.15802517726789156,0.0,0.15802517726789156,-0.15802517726789156,0.0,,0.0,-0.05046191183613391,0.3333333333333333,-1.616240233019667,0.0,0.0,0.0
mlp_excess,25.0,2015-12-31_2016-11-30,12,0.0,0.15325670090751609,0.0,0.15325670090751609,-0.15325670090751609,0.0,,0.0,-0.05046191183613402,0.3333333333333333,-1.5863439736306586,0.0,0.0,0.0
mlp_excess,25.0,2016-01-31_2016-12-31,12,0.0,0.1471553785298949,0.0,0.1471553785298949,-0.1471553785298949,0.0,,0.0,-0.05046191183613402,0.4166666666666667,-1.5190734285942011,0.0,0.0,0.0
mlp_excess,25.0,2016-02-29_2017-01-31,12,0.0,0.12910312615333996,0.0,0.12910312615333996,-0.12910312615333996,0.0,,0.0,-0.05046191183613391,0.4166666666666667,-1.3864377865559228,0.0,0.0,0.0
mlp_excess,25.0,2016-03-31_2017-02-28,12,0.0,0.1492046756740173,0.0,0.1492046756740173,-0.1492046756740173,0.0,,0.0,-0.05046191183613402,0.4166666666666667,-1.537107484845639,0.0,0.0,0.0
mlp_excess,25.0,2016-04-30_2017-03-31,12,0.0,0.17503808646495478,0.0,0.17503808646495478,-0.17503808646495478,0.0,,0.0,-0.05046191183613402,0.3333333333333333,-1.7924897036559229,0.0,0.0,0.0
mlp_excess,25.0,2016-05-31_2017-04-30,12,0.0,0.19627580709932912,0.0,0.19627580709932912,-0.19627580709932912,0.0,,0.0,-0.05046191183613402,0.25,-2.0531682735968855,0.0,0.0,0.0
mlp_excess,25.0,2016-06-30_2017-05-31,12,0.0,0.16211773486732262,0.0,0.16211773486732262,-0.16211773486732262,0.0,,0.0,-0.05046191183613402,0.25,-1.8505590970176535,0.0,0.0,0.0
mlp_excess,25.0,2016-07-31_2017-06-30,12,0.0,0.11985678631409691,0.0,0.11985678631409691,-0.11985678631409691,0.0,,0.0,-0.05046191183613402,0.25,-1.483791488963511,0.0,0.0,0.0
mlp_excess,25.0,2016-08-31_2017-07-31,12,0.0,0.08878533946639733,0.0,0.08878533946639733,-0.08878533946639733,0.0,,0.0,-0.05046191183613402,0.25,-1.178963154453938,0.0,0.0,0.0
mlp_excess,25.0,2016-09-30_2017-08-31,12,0.0,0.09996258200034913,0.0,0.09996258200034913,-0.09996258200034913,0.0,,0.0,-0.05046191183613402,0.16666666666666666,-1.3337702635233109,0.0,0.0,0.0
mlp_excess,25.0,2016-10-31_2017-09-30,12,0.0,0.1075588143605537,0.0,0.1075588143605537,-0.1075588143605537,0.0,,0.0,-0.0004923640702735321,0.16666666666666666,-1.4170583545789386,0.0,0.0,0.0
mlp_excess,25.0,2016-11-30_2017-10-31,12,0.0,0.1559996199134983,0.0,0.1559996199134983,-0.1559996199134983,0.0,,0.0,-0.008932388259170088,0.16666666666666666,-3.396369689056473,0.0,0.0,0.0
mlp_excess,25.0,2016-12-31_2017-11-30,12,0.0,0.19992461049678534,0.0,0.19992461049678534,-0.19992461049678534,0.0,,0.0,-0.008932388259169977,0.16666666666666666,-2.6817886502407284,0.0,0.0,0.0
mlp_excess,25.0,2017-01-31_2017-12-31,12,0.0,0.24773371905633135,0.0,0.24773371905633135,-0.24773371905633135,0.0,,0.0,-0.008932388259170088,0.08333333333333333,-3.1914908218284626,0.0,0.0,0.0
mlp_excess,25.0,2017-02-28_2018-01-31,12,0.15101454923639168,0.22472528642954592,0.15101454923639168,0.22472528642954592,-0.07371073719315424,0.15101454923639168,0.9999999999999999,0.0,-0.008932388259170088,0.16666666666666666,-0.30138840052383675,-0.5644428273815291,0.30319518812798174,0.08333333333333333
mlp_excess,25.0,2017-03-31_2018-02-28,12,0.0008769352241637662,0.11150665310004948,0.0008769352241637662,0.11150665310004948,-0.11062971787588571,0.20832984023188153,0.09876251064889142,-0.13043937117200866,-0.06307407298992962,0.16666666666666666,-0.46695451165140145,0.7552151439324241,-0.06165159034543133,0.1111111111111111
mlp_excess,25.0,2017-04-30_2018-03-31,12,0.09492049886135989,0.054403018339003184,0.09492049886135989,0.054403018339003184,0.04051748052235671,0.2277685662788409,0.5028628213139096,-0.13043937117200866,-0.09250223900477905,0.25,0.23785643109960652,0.38076673201524824,0.09613034628776407,0.13888888888888887
mlp_excess,25.0,2017-05-31_2018-04-30,12,0.30096085512336157,0.042771960341875914,0.30096085512336157,0.042771960341875914,0.25818889478148566,0.2887400980319776,1.0483986023588037,-0.13043937117200866,-0.09416874157139277,0.3333333333333333,0.8571323905894719,0.2942788095206593,0.33011140277946227,0.19444444444444442
mlp_excess,25.0,2017-06-30_2018-05-31,12,0.4997226531693897,-0.005226881237519021,0.4997226531693897,-0.005226881237519021,0.5049495344069087,0.31353452841784785,1.4527761427326882,-0.13043937117200866,-0.12207676452647664,0.4166666666666667,1.3574104132641642,-0.012928237973159824,0.5637314132573266,0.2222222222222222
mlp_excess,25.0,2017-07-31_2018-06-30,12,0.4734160431078651,0.0163507796990916,0.4734160431078651,0.0163507796990916,0.4570652634087735,0.3163293924799682,1.384488795186352,-0.13043937117200866,-0.12207676452647676,0.4166666666666667,1.213619710788777,-0.10610501858236053,0.5410612449627739,0.25
mlp_excess,25.0,2017-08-31_2018-07-31,12,0.475975778668567,0.02633003466478856,0.475975778668567,0.02633003466478856,0.44964574400377844,0.31611543213387255,1.390921588543851,-0.13043937117200866,-0.12207676452647653,0.4166666666666667,1.1861013115172057,-0.13121441792700964,0.5464207519772801,0.2777777777777778
mlp_excess,25.0,2017-09-30_2018-08-31,12,0.5173369118709326,0.012828519177035869,0.5173369118709326,0.012828519177035869,0.5045083926938967,0.31380565256028825,1.490459725754205,-0.13043937117200866,-0.12207676452647664,0.5,1.3170496150383288,-0.11182218678961371,0.5855077510377273,0.2777777777777778
mlp_excess,25.0,2017-10-31_2018-09-30,12,0.458320533355528,-0.028994428060318933,0.458320533355528,-0.028994428060318933,0.48731496141584696,0.3213943909602923,1.334248478943142,-0.13043937117200866,-0.12207676452647676,0.5,1.3283557450905161,0.07836287605332602,0.5266210431507734,0.3055555555555556
mlp_excess,25.0,2017-11-30_2018-10-31,12,0.6093108916438321,0.017470333624036494,0.6093108916438321,0.017470333624036494,0.5918405580197956,0.32548700090884997,1.635571098800773,-0.13043937117200866,-0.12207676452647676,0.5,1.4957817134562892,0.21199649892278913,0.6751061522156043,0.3333333333333333
mlp_excess,25.0,2017-12-31_2018-11-30,12,0.824242760772592,-0.025356283802123625,0.824242760772592,-0.025356283802123625,0.8495990445747156,0.33294395940285787,2.000073382504932,-0.13043937117200866,-0.12207676452647687,0.5833333333333334,2.125904208124912,0.7864417016017317,0.9409634769878141,0.3611111111111111
mlp_excess,25.0,2018-01-31_2018-12-31,12,1.114031122079123,-0.01099995180484914,1.114031122079123,-0.01099995180484914,1.1250310738839722,0.34183774022463304,2.4127423915282047,-0.13043937117200866,-0.12095719505337177,0.6666666666666666,2.6982474042853695,1.3413874403776516,1.2341957184389538,0.38888888888888884
mlp_excess,25.0,2018-02-28_2019-01-31,12,0.8082924594769967,-0.023323412109537922,0.8082924594769967,-0.023323412109537922,0.8316158715865346,0.3386416945265476,1.9439502573374468,-0.0388947095754989,-0.06297476655901424,0.5833333333333334,2.2480941018809575,1.4063094028292327,0.9426642428653835,0.36111111111111116
mlp_excess,25.0,2018-03-31_2019-02-28,12,0.7726713852100182,0.045204178762284775,0.7726713852100182,0.045204178762284775,0.7274672064477334,0.34913711987491236,1.8364514346377416,-0.160738039918898,-0.032589089243883484,0.5833333333333334,1.71240729454751,0.6142444041630584,0.8155079406357133,0.3888888888888889
mlp_excess,25.0,2018-04-30_2019-03-31,12,0.5977523410236563,0.07686204312787948,0.5977523410236563,0.07686204312787948,0.5208902978957768,0.3521414800174263,1.5142388722923836,-0.17247585808008215,-0.031039511736595693,0.5,1.3378129032313668,1.0272899098006987,0.5604822168163106,0.38888888888888884
mlp_excess,25.0,2018-05-31_2019-04-30,12,0.1700372368341585,0.03769148450195714,0.1700372368341585,0.03769148450195714,0.13234575233220136,0.3541465130190971,0.607526369749803,-0.2799667761461788,-0.04957195403333192,0.4166666666666667,0.5443624558077436,1.7226315304429984,0.15361429608651633,0.4166666666666666
mlp_excess,25.0,2018-06-30_2019-05-31,12,0.08035497949165094,0.09645960452265201,0.08035497949165094,0.09645960452265201,-0.016104625031001074,0.3274597989752803,0.38720411073026934,-0.27996677614617893,-0.04957195403333203,0.4166666666666667,0.11554043521153769,2.7047605470868126,-0.12586850523725923,0.4444444444444444
mlp_excess,25.0,2018-07-31_2019-06-30,12,0.14537189105999104,0.07648721996967378,0.14537189105999104,0.07648721996967378,0.06888467109031726,0.327261195332347,0.5681064890433477,-0.27996677614617893,-0.04957195403333203,0.5,0.41468689256748803,2.8567563524023707,-0.035433766574713754,0.4444444444444444
mlp_excess,25.0,2018-08-31_2019-07-31,12,0.08699708294358488,0.051509897202665744,0.08699708294358488,0.051509897202665744,0.035487185740919136,0.3335247136077467,0.4043624044159154,-0.27996677614617893,-0.04957195403333203,0.5,0.3047027430292722,2.932606763110677,-0.023723605200043796,0.5
mlp_excess,25.0,2018-09-30_2019-08-31,12,0.14298441879474555,0.032217370272061396,0.14298441879474555,0.032217370272061396,0.11076704852268415,0.34056047345041646,0.5514869063698021,-0.27996677614617904,-0.05569706120271434,0.5,0.5382985677989354,2.469962830765483,0.10364670444382318,0.5555555555555556
mlp_excess,25.0,2018-10-31_2019-09-30,12,0.24597962640895177,0.0680196854801034,0.24597962640895177,0.0680196854801034,0.17795994092884837,0.336415089534361,0.8157201907317471,-0.27996677614617904,-0.05569706120271445,0.5833333333333334,0.7269584890625975,2.5276410926124657,0.1025386906510175,0.611111111111111
mlp_excess,25.0,2018-11-30_2019-10-31,12,-0.05539255491827111,-0.007313909877188718,-0.05539255491827111,-0.007313909877188718,-0.04807864504108239,0.37073147509472876,0.020235052342948086,-0.28091548235921227,-0.07977064350808971,0.5,0.03529291662388895,2.906912047674679,0.017700776211201807,0.6666666666666666
mlp_excess,25.0,2018-12-31_2019-11-30,12,-0.1743349288174313,0.01695714726683817,-0.1743349288174313,0.01695714726683817,-0.19129207608426946,0.3412005070983032,-0.3963428682784827,-0.2875159153540532,-0.07977064350808971,0.4166666666666667,-0.5396049653215773,2.0383550590365047,-0.1651535105467552,0.6944444444444445
mlp_excess,25.0,2019-01-31_2019-12-31,12,-0.32655865441091003,-0.0907583313333864,-0.32655865441091003,-0.0907583313333864,-0.23580032307752363,0.28768379718129755,-1.212735988768154,-0.315991233057358,-0.08173242622854304,0.4166666666666667,-0.9869214655525049,1.2018746980833883,-0.21570421125213934,0.6944444444444445
mlp_excess,25.0,2019-02-28_2020-01-31,12,-0.4445371536582583,-0.15374678206850467,-0.4445371536582583,-0.15374678206850467,-0.2907903715897536,0.3276956948699168,-1.591004940576855,-0.36373128740776073,-0.157070533612218,0.4166666666666667,-1.3244625395101102,1.5362803305788488,-0.24509136535331677,0.6944444444444443
mlp_excess,25.0,2019-03-31_2020-02-29,12,-0.4129075069820901,-0.2983301643039218,-0.4129075069820901,-0.2983301643039218,-0.11457734267816833,0.31418717468255836,-1.5049168813138218,-0.4267401694714381,-0.2968733323797681,0.5,-0.5590219941125075,0.9332786037112991,-0.15293546903109456,0.6944444444444443
mlp_excess,25.0,2019-04-30_2020-03-31,12,-0.2721303022100753,-0.26938100433105683,-0.2721303022100753,-0.26938100433105683,-0.002749297879018453,0.40954298797738153,-0.5772095397861606,-0.4267401694714381,-0.2897384073692094,0.5833333333333334,0.163101615888654,1.255555919476053,0.13382683273299967,0.6944444444444445
mlp_excess,25.0,2019-05-31_2020-04-30,12,-0.22218663378878356,-0.23441422140073764,-0.22218663378878356,-0.23441422140073764,0.012227587611954083,0.39615112144999515,-0.4460135671179495,-0.426740169471438,-0.2897384073692094,0.5833333333333334,0.2083324059629916,1.1495507444684472,0.10737317380021483,0.6388888888888888
mlp_excess,25.0,2019-06-30_2020-05-31,12,-0.18065829425061208,-0.22854562482453433,-0.18065829425061208,-0.22854562482453433,0.04788733057392225,0.41228507823546034,-0.2907166024296633,-0.426740169471438,-0.2897384073692095,0.5833333333333334,0.35213148332473476,1.215940881132352,0.17903359224298443,0.611111111111111
mlp_excess,25.0,2019-07-31_2020-06-30,12,-0.22912447656240686,-0.1941752572672133,-0.22912447656240686,-0.1941752572672133,-0.03494921929519357,0.40846336204046646,-0.44427615678326143,-0.426740169471438,-0.2827760862119635,0.5,0.026027649729752144,1.0664469155516243,0.021552817715001282,0.6388888888888887
mlp_excess,25.0,2019-08-31_2020-07-31,12,-0.08197756327821004,-0.1722348942847023,-0.08197756327821004,-0.1722348942847023,0.09025733100649225,0.4315490852751181,-3.4081496787752105e-06,-0.426740169471438,-0.27948217627529803,0.5833333333333334,0.4669645412351744,1.1459329632267077,0.20392615818475024,0.5555555555555555
mlp_excess,25.0,2019-09-30_2020-08-31,12,-0.18090810800599633,-0.21057570090232802,-0.18090810800599633,-0.21057570090232802,0.029667592896331696,0.42334918207673744,-0.27516841788220475,-0.426740169471438,-0.27948217627529803,0.5833333333333334,0.2734937865352818,1.1288698538949553,0.12540398617918735,0.5833333333333334
mlp_excess,25.0,2019-10-31_2020-09-30,12,-0.13234557165252625,-0.1766274605970889,-0.13234557165252625,-0.1766274605970889,0.04428188894456264,0.4368808973709384,-0.1244626280865642,-0.3147893128673257,-0.2794821762752979,0.5833333333333334,0.3268640473450981,1.167887714025942,0.14737454739296085,0.5555555555555556
mlp_excess,25.0,2019-11-30_2020-10-31,12,0.12989968775714256,-0.06643817837031618,0.12989968775714256,-0.06643817837031618,0.19633786612745874,0.40886056645461066,0.4854696010498682,-0.30844153987810097,-0.2794821762752979,0.5833333333333334,0.7700900749779477,1.0488997789152326,0.26329308794566475,0.5277777777777778
mlp_excess,25.0,2019-12-31_2020-11-30,12,0.4674418659151358,-0.050871312509224054,0.4674418659151358,-0.050871312509224054,0.5183131784243599,0.48802629062174435,1.0132316922846625,-0.26834846172371063,-0.2358764964179022,0.6666666666666666,1.4586222379760974,1.3158268848146542,0.6614209867658201,0.5277777777777778
mlp_excess,25.0,2020-01-31_2020-12-31,12,0.7159212306435092,-0.013079995771551722,0.7159212306435092,-0.013079995771551722,0.7290012264150609,0.47985481194847696,1.3640232024618746,-0.0990287292407811,-0.16758179221927783,0.6666666666666666,1.777198849482267,1.2638194566612986,0.8482179002329611,0.5277777777777778
mlp_excess,25.0,2020-02-29_2021-01-31,12,1.180538406054974,0.14471568274700242,1.180538406054974,0.14471568274700242,1.0358227233079715,0.40284396226094843,2.1706069341027794,-0.07019125598146292,-0.07033476780972703,0.6666666666666666,2.1576815440152624,0.9405971037829013,1.0089053448405743,0.49999999999999994
mlp_excess,25.0,2020-03-31_2021-02-28,12,1.5867968918014044,0.3187076559568369,1.5867968918014044,0.3187076559568369,1.2680892358445675,0.357078066544149,2.918904672128855,-0.0701912559814627,-0.07033476780972703,0.6666666666666666,2.256869058456048,0.8087500305307282,1.1810216558058895,0.4722222222222221
mlp_excess,25.0,2020-04-30_2021-03-31,12,1.2679284916220426,0.2712264885896778,1.2679284916220426,0.2712264885896778,0.9967020030323648,0.3250119854609189,2.743248321620438,-0.035518159223203116,-0.07033476780972714,0.6666666666666666,2.0834908865088835,0.7201856094594717,0.9892580064313505,0.4722222222222221
mlp_excess,25.0,2020-05-31_2021-04-30,12,1.3847523751401316,0.2511461011810818,1.3847523751401316,0.2511461011810818,1.1336062739590498,0.30467623619049844,3.083549368191596,-0.035518159223203116,-0.07033476780972703,0.6666666666666666,2.4893760447560607,0.7387099111087598,1.094931005753344,0.4722222222222221
mlp_excess,25.0,2020-06-30_2021-05-31,12,1.3892372865601441,0.22018559574957508,1.3892372865601441,0.22018559574957508,1.169051690810569,0.3050077250315945,3.0871116803775105,-0.03551815922320323,-0.07033476780972703,0.6666666666666666,2.5456607001711404,0.6964633199808127,1.1547905915135463,0.4722222222222221
mlp_excess,25.0,2020-07-31_2021-06-30,12,1.228177017323568,0.1787337447456181,1.228177017323568,0.1787337447456181,1.04944327257795,0.33405073953196374,2.6209559231568487,-0.08608861654974787,-0.07033476780972703,0.6666666666666666,2.307931323256861,0.868798506329492,1.0138738966070178,0.44444444444444436
mlp_excess,25.0,2020-08-31_2021-07-31,12,0.9922046545370655,0.17406019021811336,0.9922046545370655,0.17406019021811336,0.8181444643189522,0.33238751225142865,2.2733498235758263,-0.08608861654974787,-0.0471551797914731,0.5833333333333334,1.9343952131821374,0.8655460984067026,0.8045196352696828,0.49999999999999994
mlp_excess,25.0,2020-09-30_2021-08-31,12,1.4008066181602894,0.29094300690606567,1.4008066181602894,0.29094300690606567,1.1098636112542237,0.3272697043628863,2.913342381327785,-0.08608861654974787,-0.0471551797914731,0.5833333333333334,2.190267400186299,0.7315681932620164,1.0864502242369949,0.47222222222222227
mlp_excess,25.0,2020-10-31_2021-09-30,12,0.9407035862872613,0.285307502281577,0.9407035862872613,0.285307502281577,0.6553960840056843,0.3718178377035754,1.9922537077013132,-0.10286502460489788,-0.04715517979147299,0.5,1.2713034639398557,0.40283229405160387,0.8570706787495277,0.4444444444444444
mlp_excess,25.0,2020-11-30_2021-10-31,12,0.7299572831904015,0.164192612882329,0.7299572831904015,0.164192612882329,0.5657646703080725,0.38089595541197385,1.6341615477124483,-0.12872662398281398,-0.04715517979147299,0.5,1.2236156380319447,0.55834178150406,0.6858178385409857,0.4166666666666666
mlp_excess,25.0,2020-12-31_2021-11-30,12,0.5536191212877191,0.10075285366229347,0.5536191212877191,0.10075285366229347,0.4528662676254256,0.3083004657216737,1.593503079841452,-0.12872662398281398,-0.04715517979147321,0.5,1.1285247255498254,-0.7780434067144517,0.7446500877493532,0.3611111111111111
mlp_excess,25.0,2021-01-31_2021-12-31,12,0.4472462150139167,0.1311417024200292,0.4472462150139167,0.1311417024200292,0.3161045125938875,0.3002623103708432,1.3841350814904023,-0.12872662398281398,-0.04715517979147299,0.5,0.8691578076869647,-0.6131566067983152,0.6226769325072303,0.3333333333333333
mlp_excess,25.0,2021-02-28_2022-01-31,12,0.4843535769852769,0.1035559333431273,0.4843535769852769,0.1035559333431273,0.38079764364214963,0.3011690075876588,1.4678231433992903,-0.12872662398281387,-0.008710521467504728,0.5833333333333334,1.0454919092855226,-0.6941705494857363,0.652203568496492,0.38888888888888884
mlp_excess,25.0,2021-03-31_2022-02-28,12,0.40871570308982963,0.1814244316261513,0.40871570308982963,0.1814244316261513,0.22729127146367833,0.29977872894564234,1.2929489575339095,-0.12872662398281387,-0.008710521467504728,0.5,0.6928406122874503,-0.7711894164939479,0.6610381277206769,0.4166666666666667
mlp_excess,25.0,2021-04-30_2022-03-31,12,0.32444024901684876,0.2056999327796627,0.32444024901684876,0.2056999327796627,0.11874031623718606,0.29741930146078094,1.0876272124458284,-0.12872662398281387,-0.008710521467504728,0.4166666666666667,0.4290224601306898,-0.6759433263118858,0.5584172065935162,0.4444444444444445
mlp_excess,25.0,2021-05-31_2022-04-30,12,0.37621137379601666,0.20202014645819677,0.37621137379601666,0.20202014645819677,0.1741912273378199,0.29293680628164587,1.2347334419723939,-0.12872662398281398,-0.011058901373715124,0.5,0.5633829844731392,-0.9044928487874929,0.6811719328930064,0.47222222222222227
mlp_excess,25.0,2021-06-30_2022-05-31,12,0.16107188859962607,0.1547230806668567,0.16107188859962607,0.1547230806668567,0.006348807932769374,0.2844896653699478,0.6541077181032533,-0.12872662398281387,-0.04389760737316839,0.4166666666666667,0.13309968415971432,0.22963303030904741,0.16330610245171728,0.5277777777777778
mlp_excess,25.0,2021-07-31_2022-06-30,12,0.3834607825652565,0.14515293481688385,0.3834607825652565,0.14515293481688385,0.23830784774837266,0.2697673706680735,1.338691388485888,-0.12872662398281387,-0.04389760737316839,0.5,0.8032006597705535,0.19702751639615182,0.3898273633457454,0.5555555555555556
mlp_excess,25.0,2021-08-31_2022-07-31,12,0.3822357845778843,0.16719366722844042,0.3822357845778843,0.16719366722844042,0.2150421173494439,0.2698335203983518,1.3350414988236623,-0.12872662398281398,-0.04389760737316839,0.5,0.7233808656687171,0.12212239325523962,0.3995111594373353,0.5277777777777778
mlp_excess,25.0,2021-09-30_2022-08-31,12,-0.007990853107243678,0.11990803732841937,-0.007990853107243678,0.11990803732841937,-0.12789889043566305,0.29288392522555046,0.10961448053869893,-0.16583717989753166,-0.04389760737316817,0.4166666666666667,-0.2955265847106067,0.699948270275893,-0.048770523452553394,0.5555555555555555
mlp_excess,25.0,2021-10-31_2022-09-30,12,0.17493756904279167,0.07700156092153554,0.17493756904279167,0.07700156092153554,0.09793600812125614,0.2739614390237043,0.7210422015848631,-0.16583717989753166,-0.04389760737316828,0.5,0.49049730510516104,1.8003387584042152,0.06055844552581613,0.5833333333333334
mlp_excess,25.0,2021-11-30_2022-10-31,12,0.09877869961412711,0.0837751064100245,0.09877869961412711,0.0837751064100245,0.015003593204102605,0.2919553700022406,0.4609841560551903,-0.19499268413237203,-0.04389760737316839,0.5,0.19450531278342242,1.9172004068113586,-0.024676764050944433,0.611111111111111
mlp_excess,25.0,2021-12-31_2022-11-30,12,-0.15099932473204702,0.04089310124175727,-0.15099932473204702,0.04089310124175727,-0.1918924259738043,0.26733354357831896,-0.47924720441040475,-0.28117519476796793,-0.052330809109684795,0.4166666666666667,-0.7719294628938514,2.0743871176678828,-0.19754346270289325,0.638888888888889
mlp_excess,25.0,2022-01-31_2022-12-31,12,-0.07348403841754447,0.03139589518781816,-0.07348403841754447,0.03139589518781816,-0.10487993360536263,0.29758952508907693,-0.11464316921489563,-0.28117519476796793,-0.0538908420070876,0.4166666666666667,-0.26153030236884317,1.9497495851822424,-0.09621708658432737,0.6666666666666666
mlp_excess,25.0,2022-02-28_2023-01-31,12,-0.2109944247888359,-0.006523085673795559,-0.2109944247888359,-0.006523085673795559,-0.20447133911504034,0.3037127802021617,-0.629550500131721,-0.28117519476796804,-0.053890842007087936,0.3333333333333333,-0.6801560475926755,2.0013493811826817,-0.16853928099286175,0.611111111111111
mlp_excess,25.0,2022-03-31_2023-02-28,12,-0.30124315193863804,-0.03763942955797195,-0.30124315193863804,-0.03763942955797195,-0.2636037223806661,0.31310187478155865,-0.98124247400449,-0.346041455389848,-0.05860315994470999,0.3333333333333333,-0.9456548846055793,2.210677469045472,-0.20502254755868676,0.5555555555555555
mlp_excess,25.0,2022-04-30_2023-03-31,12,-0.3775354961378058,-0.0433257664262765,-0.3775354961378058,-0.0433257664262765,-0.3342097297115293,0.3196195722228591,-1.3054463550213224,-0.41299064947939035,-0.052003665957635614,0.3333333333333333,-1.2421060125499124,1.765592585758745,-0.293691908178779,0.5555555555555555
mlp_excess,25.0,2022-05-31_2023-04-30,12,-0.38511456634403973,-0.07213752035282106,-0.38511456634403973,-0.07213752035282106,-0.31297704599121867,0.31771302247955974,-1.3522139367031492,-0.41299064947939035,-0.07596598010903766,0.3333333333333333,-1.1684197042736635,1.1347942732564673,-0.297463214671594,0.5833333333333334
mlp_excess,25.0,2022-06-30_2023-05-31,12,-0.33165248303236883,-0.0361282154897381,-0.33165248303236883,-0.0361282154897381,-0.2955242675426307,0.3236886257528396,-1.0726748176725105,-0.41299064947939035,-0.07596598010903755,0.4166666666666667,-1.0054461434421471,1.3189745144306404,-0.2633167052556451,0.5555555555555556
mlp_excess,25.0,2022-07-31_2023-06-30,12,-0.38194774080156324,-0.0028433046031512976,-0.38194774080156324,-0.0028433046031512976,-0.37910443619841194,0.3006840128373255,-1.4272800479655465,-0.41299064947939024,-0.07596598010903743,0.3333333333333333,-1.4946975242076834,1.0825958860531715,-0.35422680331158163,0.5833333333333334
mlp_excess,25.0,2022-08-31_2023-07-31,12,-0.34092597789033574,-0.031389184091800915,-0.34092597789033574,-0.031389184091800915,-0.3095367937985348,0.31908916137652776,-1.1345853451533194,-0.33772663667435343,-0.0655917893195096,0.4166666666666667,-1.0799125097587952,1.1238769000413016,-0.2837235717413421,0.638888888888889
mlp_excess,25.0,2022-09-30_2023-08-31,12,-0.12426843210171756,-0.014331580574544756,-0.12426843210171756,-0.014331580574544756,-0.10993685152717281,0.30958583164975384,-0.2836672518822529,-0.33772663667435343,-0.06559178931950937,0.5,-0.24680054602505658,0.6504259812480214,-0.07712096853717687,0.6111111111111112
mlp_excess,25.0,2022-10-31_2023-09-30,12,-0.24473949001510542,-0.04883569016310929,-0.24473949001510542,-0.04883569016310929,-0.19590379985199613,0.30809338464396885,-0.7594867837657042,-0.27319454486811945,-0.06327241269436523,0.4166666666666667,-0.6157072870288584,0.7632847248166268,-0.18087105088039623,0.5555555555555556
mlp_excess,25.0,2022-11-30_2023-10-31,12,-0.04278509087524629,-8.074453772832779e-05,-0.04278509087524629,-8.074453772832779e-05,-0.04270434633751796,0.3400037231804879,0.026067460550096674,-0.27319454486811956,-0.04084242285001627,0.5,0.016193740498234167,1.5460456474470086,0.0029947695990937273,0.5833333333333334
mlp_excess,25.0,2022-12-31_2023-11-30,12,0.06850419235337424,0.06162621592425688,0.06850419235337424,0.06162621592425688,0.006877976429117361,0.3193172631477705,0.3528769738744001,-0.27319454486811956,-0.04084242285001627,0.5,0.16165515100018524,1.104665130245881,0.04337272952785831,0.6111111111111112
mlp_excess,25.0,2023-01-31_2023-12-31,12,-0.04913801524629069,0.05389394652891433,-0.04913801524629069,0.05389394652891433,-0.10303196177520502,0.2940178472060412,-0.037502070530355064,-0.19362634396412215,-0.04084242285001627,0.5,-0.24502433418262606,1.1990804161549684,-0.07568853604470882,0.638888888888889
mlp_excess,25.0,2023-02-28_2024-01-31,12,0.06649032356956108,0.06910062416905749,0.06649032356956108,0.06910062416905749,-0.002610300599496407,0.27401228972636577,0.35975863924264173,-0.10237528761009329,-0.04084242285001627,0.5,0.10952124393469284,1.1312904562028503,0.01879490399804795,0.6944444444444445
mlp_excess,25.0,2023-03-31_2024-02-29,12,0.15417669682007284,0.07105311702696282,0.15417669682007284,0.07105311702696282,0.08312357979311003,0.25066301952951436,0.6879337446294093,-0.08360507650059323,-0.04084242285001627,0.5,0.4275012596960774,1.0113091011913924,0.10376908276547159,0.75
mlp_excess,25.0,2023-04-30_2024-03-31,12,0.3474793104193501,0.04605177038880415,0.3474793104193501,0.04605177038880415,0.30142754003054595,0.21711678191513867,1.4866404589405495,-0.08360507650059323,-0.028914327222309355,0.5833333333333334,1.4291255556534952,1.147297809695592,0.30200933120954154,0.75
mlp_excess,25.0,2023-05-31_2024-04-30,12,0.4236470066724929,0.05087612226469651,0.4236470066724929,0.05087612226469651,0.3727708844077964,0.2178719473314382,1.7418554611147763,-0.08360507650059323,-0.04720745865673304,0.5833333333333334,1.5930531739692695,0.8623858707214415,0.38969267306224364,0.7222222222222222
mlp_excess,25.0,2023-06-30_2024-05-31,12,0.28592266576584247,0.06029804021364593,0.28592266576584247,0.06029804021364593,0.22562462555219653,0.24025010768350372,1.1648028816819331,-0.08360507650059323,-0.04720745865673304,0.5,0.9358848146963693,0.7364900241408475,0.26085477234390253,0.75
mlp_excess,25.0,2023-07-31_2024-06-30,12,0.34445472843643543,0.046802268590376395,0.34445472843643543,0.046802268590376395,0.29765245984605904,0.24122639956011083,1.3501041031773806,-0.08360507650059334,-0.04720745865673304,0.5833333333333334,1.2262549593263345,1.0309928880933423,0.312731475505027,0.7222222222222222
mlp_excess,25.0,2023-08-31_2024-07-31,12,0.3390046245541998,0.10318514893952901,0.3390046245541998,0.10318514893952901,0.23581947561467076,0.24024892103805076,1.3373997014295922,-0.08360507650059334,-0.04720745865673315,0.5833333333333334,0.9998719743108366,1.020241392982906,0.23902124503469802,0.6666666666666666
mlp_excess,25.0,2023-09-30_2024-08-31,12,0.329004512376202,0.08473288946892565,0.329004512376202,0.08473288946892565,0.24427162290727633,0.23730634507484386,1.319101353269044,-0.06950551453778309,-0.04720745865673315,0.5833333333333334,1.0197432107068563,0.8332520408519286,0.2696543948521408,0.6666666666666666
mlp_excess,25.0,2023-10-31_2024-09-30,12,0.33572448569173496,0.12170948346779942,0.33572448569173496,0.12170948346779942,0.21401500222393555,0.2350038695139553,1.3517427494216836,-0.07897142072662189,-0.047207458656732815,0.5833333333333334,0.845542079339671,0.5152388223191181,0.28843052789494106,0.6944444444444445
mlp_excess,25.0,2023-11-30_2024-10-31,12,0.07705278005569483,0.004734660022875703,0.07705278005569483,0.004734660022875703,0.07231812003281912,0.2105096832131716,0.4501030480613445,-0.14513413065217795,-0.07254414974326939,0.5,0.3923146074640398,0.40342309094899437,0.09454464880339097,0.6388888888888888
mlp_excess,25.0,2023-12-31_2024-11-30,12,0.09500454536578395,-0.026522408525777696,0.09500454536578395,-0.026522408525777696,0.12152695389156165,0.21020617091932647,0.5297870800607964,-0.14513413065217806,-0.07702368625268241,0.5833333333333334,0.6283122011033023,0.46436960395830346,0.12851747726484297,0.6388888888888888
mlp_excess,25.0,2024-01-31_2024-12-31,12,0.018756357145966573,-0.013699490369203038,0.018756357145966573,-0.013699490369203038,0.03245584751516961,0.2246399414518858,0.18581097011217793,-0.1941274405595662,-0.07702368625268208,0.5,0.22120981824701694,0.4191296879179678,0.04638939945281351,0.6388888888888888
mlp_excess,25.0,2024-02-29_2025-01-31,12,-0.04000876269844411,-0.14290566323586873,-0.04000876269844411,-0.14290566323586873,0.10289690053742462,0.23003361379446272,-0.07204656451932766,-0.23231229193570035,-0.18252959118595857,0.5833333333333334,0.5270204988824002,0.42645080539784735,0.04477949311120555,0.5833333333333334
mlp_excess,25.0,2024-03-31_2025-02-28,12,0.034795684218964285,-0.10676537761977256,0.034795684218964285,-0.10676537761977256,0.14156106183873685,0.23299837865907733,0.2540055129966166,-0.23231229193570035,-0.1825295911859588,0.6666666666666666,0.6775426093714688,0.4858960811628137,0.11313203055053633,0.5833333333333334
mlp_excess,25.0,2024-04-30_2025-03-31,12,0.09410757517987234,-0.06461005552580057,0.09410757517987234,-0.06461005552580057,0.1587176307056729,0.2520618809485314,0.4730953157379543,-0.23231229193570013,-0.18252959118595868,0.6666666666666666,0.7248062529505823,0.6237922245937383,0.16335102922533395,0.5833333333333334
mlp_excess,25.0,2024-05-31_2025-04-30,12,0.198379876204956,0.02942056800377868,0.198379876204956,0.02942056800377868,0.16895930820117733,0.2912811535258578,0.7563057588512592,-0.23231229193570035,-0.18252959118595857,0.6666666666666666,0.7374096793244707,0.9412621780368842,0.19436725710025549,0.5833333333333334
mlp_excess,25.0,2024-06-30_2025-05-31,12,0.3406792800587515,-0.019239253194651806,0.3406792800587515,-0.019239253194651806,0.3599185332534033,0.2754478826557443,1.2009076230175104,-0.23231229193570024,-0.18252959118595835,0.75,1.518712378486389,0.9183653351472658,0.3907551882317051,0.5555555555555557
mlp_excess,25.0,2024-07-31_2025-06-30,12,0.4866187214116793,0.03150250800801424,0.4866187214116793,0.03150250800801424,0.45511621340366504,0.30875331300626085,1.4425599486882426,-0.23231229193570024,-0.1825295911859589,0.75,1.736525787479568,1.0600464021485516,0.47248017630102335,0.5833333333333334
mlp_excess,25.0,2024-08-31_2025-07-31,12,0.44394440225826726,0.02082724764079913,0.44394440225826726,0.02082724764079913,0.4231171546174681,0.30625246444520055,1.353661388209555,-0.23231229193570024,-0.1720911800730176,0.6666666666666666,1.6322746146615839,1.0420805553054007,0.4462521184795978,0.638888888888889
mlp_excess,25.0,2024-09-30_2025-08-31,12,0.4381187177640222,0.07082064647411035,0.4381187177640222,0.07082064647411035,0.3672980712899119,0.3052465719175342,1.3435817229643199,-0.16648872213069954,-0.1720911800730176,0.6666666666666666,1.5114126999094222,1.1301890311677882,0.36148758196523323,0.638888888888889
mlp_excess,25.0,2024-10-31_2025-09-30,12,0.7435100250599254,0.07787885846139209,0.7435100250599254,0.07787885846139209,0.6656311665985333,0.28834876577316526,2.1006106464544474,-0.11382872453115145,-0.11858833109117162,0.75,2.7253569916040705,1.1359971444097645,0.632297014661227,0.6388888888888888
mlp_excess,25.0,2024-11-30_2025-10-31,12,0.7236397800679246,0.1960061542824556,0.7236397800679246,0.1960061542824556,0.527633625785469,0.2933935294735696,2.0284376630485768,-0.11382872453115145,-0.11795970406671652,0.75,1.6082775237139297,0.8732146387987598,0.517044411802009,0.611111111111111
mlp_excess,25.0,2024-12-31_2025-11-30,12,1.0494483911597183,0.22133541890163522,1.0494483911597183,0.22133541890163522,0.8281129722580831,0.3280751990685958,2.3978701752532756,-0.08241367725583781,-0.11795970406671652,0.75,1.9531817485557492,0.8498065423673277,0.7998139903357386,0.5833333333333333
mlp_excess,25.0,2025-01-31_2025-12-31,12,1.1026729187898994,0.17166648362633885,1.1026729187898994,0.17166648362633885,0.9310064351635605,0.3179385727631676,2.5503054504798466,-0.08241367725583781,-0.03669877287899381,0.75,2.363860089289859,0.9124383262097824,0.8835190206385692,0.5833333333333333
mlp_excess,25.0,2025-02-28_2026-01-31,12,1.0855390067156412,0.31334945156909844,1.0855390067156412,0.31334945156909844,0.7721895551465427,0.32107956914338026,2.501180476311499,-0.09822332214209684,-0.04758367670999886,0.6666666666666666,1.830677334908054,1.212920122526498,0.5706476505578386,0.6388888888888888
mlp_excess,25.0,2025-03-31_2026-02-28,12,0.7744505574369391,0.08257309459079365,0.7744505574369391,0.08257309459079365,0.6918774628461455,0.36605384045401806,1.76684295823449,-0.19593929655805797,-0.18488813271044613,0.6666666666666666,1.937486370408084,1.132041706466066,0.6848356810217036,0.611111111111111
mlp_excess,25.0,2025-04-30_2026-03-31,12,0.6479645963808316,0.028079656548997578,0.6479645963808316,0.028079656548997578,0.619884939831834,0.3618089747354286,1.5692744859887062,-0.19593929655805786,-0.19546042589812018,0.6666666666666666,1.850346394666951,1.1149745302364653,0.6545401419012531,0.611111111111111
mlp_excess,25.0,2025-05-31_2026-04-30,12,0.35772934841516935,-0.14610708694572017,0.35772934841516935,-0.14610708694572017,0.5038364353608895,0.3490851934405621,1.040570171208799,-0.2083325239449354,-0.29138146686445754,0.6666666666666666,1.7904911927528988,0.9335036225980161,0.6105159249703682,0.611111111111111
mlp_excess,25.0,2025-06-30_2026-05-31,12,0.13370577468821288,-0.18541351506394133,0.13370577468821288,-0.18541351506394133,0.3191192897521542,0.38385851648199093,0.4988467686934476,-0.3118642039830548,-0.34737666250868915,0.5833333333333334,1.2753037175362094,1.066784883711348,0.4527599495202528,0.6111111111111112
mlp_excess,25.0,2025-07-31_2026-06-30,12,0.07073527372439314,-0.1667764227923394,0.07073527372439314,-0.1667764227923394,0.23751169651673254,0.36071883864176496,0.35108071833413407,-0.3118642039830549,-0.34737666250868904,0.5,0.9825540711324553,0.9008732679489628,0.2971486962381742,0.5833333333333334
composite_mlp_blend_25,25.0,2015-01-31_2015-12-31,12,0.0,-0.12747006008062733,0.0,-0.12747006008062733,0.12747006008062733,0.0,,0.0,-0.2346154234110901,0.5,0.7954681733349814,0.0,0.0,0.0
composite_mlp_blend_25,25.0,2015-02-28_2016-01-31,12,0.014052128195872537,-0.12464244015822579,0.014052128195872537,-0.12464244015822579,0.13869456835409832,0.014052128195872631,0.9999999999999999,0.0,-0.2346154234110902,0.5,0.8793226762557215,0.027213565077568218,0.01747989557176899,0.08333333333333333
composite_mlp_blend_25,25.0,2015-03-31_2016-02-29,12,0.03784930705839007,-0.12200466014015787,0.03784930705839007,-0.12200466014015787,0.15985396719854794,0.02623402508130618,1.430186174759574,0.0,-0.1902603904171294,0.5833333333333334,1.0264937455211356,0.053065898800786306,0.04466054665667185,0.1111111111111111
composite_mlp_blend_25,25.0,2015-04-30_2016-03-31,12,0.15411479363688096,-0.048726200591690305,0.15411479363688096,-0.048726200591690305,0.20284099422857127,0.11168575274272319,1.338979583518946,0.0,-0.19026039041712928,0.5833333333333334,1.1156160061002374,0.06754625042626052,0.1634022523949228,0.16666666666666666
composite_mlp_blend_25,25.0,2015-05-31_2016-04-30,12,0.08719937653790266,-0.08042168629585977,0.08719937653790266,-0.08042168629585977,0.16762106283376244,0.13195394531904864,0.6939169565841015,-0.05797986254739218,-0.13984875260474772,0.5833333333333334,0.9335589355242,0.10481273707609706,0.1040917288952854,0.19444444444444445
composite_mlp_blend_25,25.0,2015-06-30_2016-05-31,12,0.22581738400935203,0.021583559353247406,0.22581738400935203,0.021583559353247406,0.20423382465610462,0.17761043806831417,1.2334025100977806,-0.05797986254739218,-0.12048239811387595,0.5833333333333334,1.0192376971520476,0.41026964548293365,0.22783657397955426,0.22222222222222224
composite_mlp_blend_25,25.0,2015-07-31_2016-06-30,12,0.40474241773883146,0.08609325121736311,0.40474241773883146,0.08609325121736311,0.31864916652146835,0.21688054469130705,1.6830878858408804,-0.05797986254739218,-0.06335332759593715,0.5833333333333334,1.3228600778871848,0.6171337166631654,0.35647723003918474,0.25000000000000006
composite_mlp_blend_25,25.0,2015-08-31_2016-07-31,12,0.8249645710338549,0.19435729107699262,0.8249645710338549,0.19435729107699262,0.6306072799568623,0.34157159751199634,1.9444660092727988,-0.05797986254739218,-0.010009943632593221,0.5833333333333334,1.4994805486697582,1.0761180281643146,0.5786914892175838,0.3055555555555556
composite_mlp_blend_25,25.0,2015-09-30_2016-08-31,12,0.8118257558802542,0.27010420996995776,0.8118257558802542,0.27010420996995776,0.5417215459102964,0.34291747110111287,1.9158395996907749,-0.05797986254739218,-0.010009943632593332,0.5,1.284693347967926,1.7240851651019287,0.26338515479232827,0.3055555555555555
composite_mlp_blend_25,25.0,2015-10-31_2016-09-30,12,1.3301399501668874,0.2171792753369357,1.3301399501668874,0.2171792753369357,1.1129606748299516,0.4065202103683231,2.3198053053911316,-0.05797986254739218,-0.010009943632593221,0.5833333333333334,1.9310687380575333,2.4268010397561954,0.5663924235780435,0.3055555555555555
composite_mlp_blend_25,25.0,2015-11-30_2016-10-31,12,1.2966439373919627,0.15802517726789156,1.2966439373919627,0.15802517726789156,1.1386187601240711,0.409792786047784,2.2662005400401535,-0.05797986254739218,-0.05046191183613391,0.5833333333333334,2.0426826154756346,1.819434962432156,0.888137910910036,0.3055555555555555
composite_mlp_blend_25,25.0,2015-12-31_2016-11-30,12,1.3074673065526206,0.15325670090751609,1.3074673065526206,0.15325670090751609,1.1542106056451045,0.4088478951730238,2.282964724292302,-0.05797986254739218,-0.05046191183613402,0.5833333333333334,2.079453293180787,1.9067161607503587,0.8873952575576625,0.3333333333333333
composite_mlp_blend_25,25.0,2016-01-31_2016-12-31,12,2.0946590700951933,0.1471553785298949,2.0946590700951933,0.1471553785298949,1.9475036915652983,0.4750204423434614,2.6831161394347607,-0.05797986254739218,-0.05046191183613402,0.6666666666666666,2.4726979959907975,1.4086674946082707,1.7981638140091358,0.3333333333333333
composite_mlp_blend_25,25.0,2016-02-29_2017-01-31,12,1.9179761408716,0.12910312615333996,1.9179761408716,0.12910312615333996,1.78887301471826,0.4905481620753445,2.480163979492601,-0.05797986254739229,-0.05046191183613391,0.6666666666666666,2.3159716140548485,1.6412957080155577,1.637540785231912,0.25
composite_mlp_blend_25,25.0,2016-03-31_2017-02-28,12,2.214846703278304,0.1492046756740173,2.214846703278304,0.1492046756740173,2.065642027604287,0.4835056561800263,2.731645267417462,-0.05797986254739218,-0.05046191183613402,0.6666666666666666,2.546066355822223,1.64801216107047,1.821967964241562,0.2222222222222222
composite_mlp_blend_25,25.0,2016-04-30_2017-03-31,12,2.1679296230391234,0.17503808646495478,2.1679296230391234,0.17503808646495478,1.9928915365741686,0.483706146807773,2.6969621600626588,-0.04384300543173991,-0.05046191183613402,0.6666666666666666,2.4612388568632557,1.6679181486454913,1.6790700438781214,0.19444444444444442
composite_mlp_blend_25,25.0,2016-05-31_2017-04-30,12,2.432538108441769,0.19627580709932912,2.432538108441769,0.19627580709932912,2.23626230134244,0.4599414551003193,3.007386095256754,-0.04384300543173991,-0.05046191183613402,0.75,2.691537515576264,1.3143886512259602,1.9742002605703495,0.19444444444444442
composite_mlp_blend_25,25.0,2016-06-30_2017-05-31,12,1.849965298017016,0.16211773486732262,1.849965298017016,0.16211773486732262,1.6878475631496934,0.4930091039263842,2.4175241618916785,-0.06386003593829404,-0.05046191183613402,0.6666666666666666,2.158863812748212,1.370907130878858,1.5656117755632648,0.2222222222222222
composite_mlp_blend_25,25.0,2016-07-31_2017-06-30,12,1.643758529259232,0.11985678631409691,1.643758529259232,0.11985678631409691,1.5239017429451351,0.49142149189168993,2.256609076952828,-0.06386003593829404,-0.05046191183613402,0.6666666666666666,2.0646077536683864,1.3481772069038223,1.4989855471922247,0.2222222222222222
composite_mlp_blend_25,25.0,2016-08-31_2017-07-31,12,1.129793004854776,0.08878533946639733,1.129793004854776,0.08878533946639733,1.0410076653883786,0.4374512139664041,1.9576653261900252,-0.06386003593829404,-0.05046191183613402,0.6666666666666666,1.7567022568677313,0.5018744483858286,1.194453781101176,0.19444444444444442
composite_mlp_blend_25,25.0,2016-09-30_2017-08-31,12,1.415489986952542,0.09996258200034913,1.415489986952542,0.09996258200034913,1.3155274049521928,0.4315915966837364,2.292816621005825,-0.06386003593829404,-0.05046191183613402,0.75,2.0535795986495953,0.30262925168436633,1.5178172446488665,0.2222222222222222
composite_mlp_blend_25,25.0,2016-10-31_2017-09-30,12,1.046589836247267,0.1075588143605537,1.046589836247267,0.1075588143605537,0.9390310218867133,0.3709381332749384,2.1382214312981778,-0.06386003593829415,-0.0004923640702735321,0.75,1.834887472965894,0.2283988295130965,1.1074661144391027,0.25
composite_mlp_blend_25,25.0,2016-11-30_2017-10-31,12,1.1303553244504942,0.1559996199134983,1.1303553244504942,0.1559996199134983,0.9743557045369959,0.36351028571215227,2.2928891845690833,-0.06386003593829404,-0.008932388259170088,0.75,1.8313494565199169,-1.779267007320383,1.8502763633225934,0.2777777777777778
composite_mlp_blend_25,25.0,2016-12-31_2017-11-30,12,1.181007904095416,0.19992461049678534,1.181007904095416,0.19992461049678534,0.9810832935986307,0.3596329481107328,2.3840347393038943,-0.06386003593829404,-0.008932388259169977,0.75,1.7724854191438948,-0.9828529409087723,1.7110882210836285,0.25
composite_mlp_blend_25,25.0,2017-01-31_2017-12-31,12,1.328214856988808,0.24773371905633135,1.328214856988808,0.24773371905633135,1.0804811379324766,0.43680190749106235,2.1700872088688907,-0.06386003593829392,-0.008932388259170088,0.75,1.713276068582081,1.8067307002421658,0.6963661521325029,0.2777777777777778
composite_mlp_blend_25,25.0,2017-02-28_2018-01-31,12,1.7671437049843433,0.22472528642954592,1.7671437049843433,0.22472528642954592,1.5424184185547973,0.41830546289261766,2.6969731678160183,-0.06386003593829404,-0.008932388259170088,0.8333333333333334,2.27104294256572,1.4626784294279178,1.2221120543281172,0.2777777777777778
composite_mlp_blend_25,25.0,2017-03-31_2018-02-28,12,1.2048545777178594,0.11150665310004948,1.2048545777178594,0.11150665310004948,1.09334792461781,0.4590122958677383,1.9586171719081322,-0.10153577709683792,-0.06307407298992962,0.75,1.8701700118648232,1.997764932525431,0.9315529858952762,0.3055555555555556
composite_mlp_blend_25,25.0,2017-04-30_2018-03-31,12,1.201161416890148,0.054403018339003184,1.201161416890148,0.054403018339003184,1.146758398551145,0.45892488395106035,1.9549907232988892,-0.10153577709683781,-0.09250223900477905,0.75,1.9706315028940404,1.683839478759753,1.1656520793949383,0.3055555555555556
composite_mlp_blend_25,25.0,2017-05-31_2018-04-30,12,1.488548032686341,0.042771960341875914,1.488548032686341,0.042771960341875914,1.445776072344465,0.4611426857033687,2.234576161899337,-0.10153577709683792,-0.09416874157139277,0.75,2.29466887670856,1.6665109810380596,1.4972221354352082,0.3055555555555556
composite_mlp_blend_25,25.0,2017-06-30_2018-05-31,12,1.7189514277238485,-0.005226881237519021,1.7189514277238485,-0.005226881237519021,1.7241783089613674,0.4380066701823543,2.5504895005076276,-0.10153577709683781,-0.12207676452647664,0.8333333333333334,2.8429557796255356,1.8970950159753361,1.9053153734154256,0.3055555555555556
composite_mlp_blend_25,25.0,2017-07-31_2018-06-30,12,1.6819293736227414,0.0163507796990916,1.6819293736227414,0.0163507796990916,1.6655785939236498,0.43932703636415554,2.509876549120536,-0.10153577709683792,-0.12207676452647676,0.8333333333333334,2.7171819788906744,1.7463301162303861,1.7693294847638161,0.3055555555555556
composite_mlp_blend_25,25.0,2017-08-31_2018-07-31,12,1.4112783829136544,0.02633003466478856,1.4112783829136544,0.02633003466478856,1.3849483482488658,0.46325314525148603,2.1522556217814155,-0.10153577709683792,-0.12207676452647653,0.75,2.2531342999791364,1.6044126773146357,1.4831158339449604,0.3333333333333333
composite_mlp_blend_25,25.0,2017-09-30_2018-08-31,12,1.1869414515927406,0.012828519177035869,1.1869414515927406,0.012828519177035869,1.1741129324157047,0.4645150828118419,1.9208894812922248,-0.10153577709683792,-0.12207676452647664,0.75,2.0364392669661933,1.6215157363766206,1.2968381934487998,0.3611111111111111
composite_mlp_blend_25,25.0,2017-10-31_2018-09-30,12,0.9306047522130676,-0.028994428060318933,0.9306047522130676,-0.028994428060318933,0.9595991802733865,0.4773075960644176,1.6018190710679108,-0.10153577709683792,-0.12207676452647676,0.6666666666666666,1.8001451945166957,1.75578174789381,1.1785989591985113,0.3333333333333333
composite_mlp_blend_25,25.0,2017-11-30_2018-10-31,12,0.9964372176924141,0.017470333624036494,0.9964372176924141,0.017470333624036494,0.9789668840683776,0.47556828085411823,1.681241711146471,-0.10153577709683792,-0.12207676452647676,0.6666666666666666,1.7671425581790734,1.5546034678206648,1.0917822143864977,0.3055555555555555
composite_mlp_blend_25,25.0,2017-12-31_2018-11-30,12,1.269934730447924,-0.025356283802123625,1.269934730447924,-0.025356283802123625,1.2952910142500476,0.48407628978221734,1.942785094282922,-0.10153577709683792,-0.12207676452647687,0.75,2.2352330950998196,2.6296668155684593,1.5980134721797894,0.3333333333333333
composite_mlp_blend_25,25.0,2018-01-31_2018-12-31,12,0.8031889108607959,-0.01099995180484914,0.8031889108607959,-0.01099995180484914,0.814188862665645,0.3067098949308021,2.1064692251612582,-0.10153577709683792,-0.12095719505337177,0.75,2.4670040023740283,1.422004269616306,0.8888589333674197,0.3333333333333333
composite_mlp_blend_25,25.0,2018-02-28_2019-01-31,12,0.569929350387469,-0.023323412109537922,0.569929350387469,-0.023323412109537922,0.5932527624970069,0.29865654560612104,1.6710452659236974,-0.07564164624195946,-0.06297476655901424,0.75,2.053576254496584,1.4661639423714843,0.6710347730155599,0.3888888888888889
composite_mlp_blend_25,25.0,2018-03-31_2019-02-28,12,0.5192104308177554,0.045204178762284775,0.5192104308177554,0.045204178762284775,0.47400625205547064,0.31480524829427986,1.4931211487489837,-0.13976846813474764,-0.032589089243883484,0.75,1.4104266245196702,1.036369399643584,0.510868769147655,0.3888888888888889
composite_mlp_blend_25,25.0,2018-04-30_2019-03-31,12,0.452102963710864,0.07686204312787948,0.452102963710864,0.07686204312787948,0.3752409205829845,0.3092906933271271,1.3635045590537285,-0.13976846813474764,-0.031039511736595693,0.75,1.2153130372136802,1.5138736621723639,0.35015575500254004,0.38888888888888884
composite_mlp_blend_25,25.0,2018-05-31_2019-04-30,12,0.1519468881275685,0.03769148450195714,0.1519468881275685,0.03769148450195714,0.11425540362561137,0.30119263316923794,0.6082113730761499,-0.17657139351257656,-0.04957195403333192,0.6666666666666666,0.5563807369941504,1.8377239396594118,0.11242780445192557,0.38888888888888884
composite_mlp_blend_25,25.0,2018-06-30_2019-05-31,12,0.1688490188595182,0.09645960452265201,0.1688490188595182,0.09645960452265201,0.07238941433686619,0.30197573547525197,0.6563314632634004,-0.17657139351257656,-0.04957195403333203,0.6666666666666666,0.4062939201923518,2.155372894158948,-0.00940400999468427,0.3333333333333333
composite_mlp_blend_25,25.0,2018-07-31_2019-06-30,12,0.16628537790970555,0.07648721996967378,0.16628537790970555,0.07648721996967378,0.08979815794003176,0.30171803864355223,0.6492695506357535,-0.17657139351257678,-0.04957195403333203,0.6666666666666666,0.4683286136116096,2.1520886850893177,0.0290808146143009,0.3333333333333333
composite_mlp_blend_25,25.0,2018-08-31_2019-07-31,12,0.37612452070470015,0.051509897202665744,0.37612452070470015,0.051509897202665744,0.3246146235020344,0.30308340706921827,1.2049342825975538,-0.17657139351257678,-0.04957195403333203,0.75,1.2098210735299137,2.0251137799922296,0.287650571109195,0.3055555555555556
composite_mlp_blend_25,25.0,2018-09-30_2019-08-31,12,0.3831423263913476,0.032217370272061396,0.3831423263913476,0.032217370272061396,0.3509249561192862,0.30295543977750977,1.2226335834813968,-0.17657139351257678,-0.05569706120271434,0.75,1.2944563651235461,1.8547743490297697,0.34979033446946306,0.25
composite_mlp_blend_25,25.0,2018-10-31_2019-09-30,12,0.40028148191226,0.0680196854801034,0.40028148191226,0.0680196854801034,0.3322617964321566,0.30021903494393665,1.2734812797750505,-0.17657139351257678,-0.05569706120271445,0.75,1.1877872580006859,1.7485197329378286,0.29370376549126354,0.3055555555555555
composite_mlp_blend_25,25.0,2018-11-30_2019-10-31,12,0.19768135125722552,-0.007313909877188718,0.19768135125722552,-0.007313909877188718,0.20499526113441424,0.32241595976771065,0.7097023669318827,-0.17657139351257667,-0.07977064350808971,0.6666666666666666,0.8408994922115939,2.1240874644695684,0.2634854379116425,0.3333333333333333
composite_mlp_blend_25,25.0,2018-12-31_2019-11-30,12,0.1281341499612496,0.01695714726683817,0.1281341499612496,0.01695714726683817,0.11117700269441144,0.29372207203802086,0.547823640197899,-0.17657139351257667,-0.07977064350808971,0.6666666666666666,0.5731210913730402,1.8050614089882628,0.12907059195552617,0.3611111111111111
composite_mlp_blend_25,25.0,2019-01-31_2019-12-31,12,-0.052092670634542815,-0.0907583313333864,-0.052092670634542815,-0.0907583313333864,0.038665660698843585,0.2649073887724995,-0.07844821275096259,-0.1677588112328091,-0.08173242622854304,0.6666666666666666,0.3008501865650586,1.3499894081682087,0.10573337612386902,0.38888888888888884
composite_mlp_blend_25,25.0,2019-02-28_2020-01-31,12,-0.1844935105195442,-0.15374678206850467,-0.1844935105195442,-0.15374678206850467,-0.03074672845103954,0.30322473697512625,-0.5242958197818995,-0.20812695005637316,-0.157070533612218,0.5833333333333334,-0.0020511454847879996,1.5736245589262878,0.09425653695324288,0.3611111111111111
composite_mlp_blend_25,25.0,2019-03-31_2020-02-29,12,-0.30044934689083,-0.2983301643039218,-0.30044934689083,-0.2983301643039218,-0.0021191825869082415,0.3726536376872864,-0.7583550023971056,-0.4094102291509193,-0.2968733323797681,0.5833333333333334,0.219350392430048,1.6939955063427785,0.31428551734399957,0.38888888888888884
composite_mlp_blend_25,25.0,2019-04-30_2020-03-31,12,-0.31643771542093657,-0.26938100433105683,-0.31643771542093657,-0.26938100433105683,-0.047056711089879744,0.36855700161470395,-0.831627166684857,-0.4094102291509192,-0.2897384073692094,0.5,-0.08353074797472983,1.5699695800025872,0.157276786709857,0.38888888888888884
composite_mlp_blend_25,25.0,2019-05-31_2020-04-30,12,-0.2250674494702679,-0.23441422140073764,-0.2250674494702679,-0.23441422140073764,0.009346771930469733,0.3674921421171312,-0.5010647425439526,-0.40941022915091907,-0.2897384073692094,0.5833333333333334,0.282686499286052,1.5626366156737843,0.2137361776429232,0.4166666666666667
composite_mlp_blend_25,25.0,2019-06-30_2020-05-31,12,-0.27651496018375077,-0.22854562482453433,-0.27651496018375077,-0.22854562482453433,-0.047969335359216436,0.36305031669888294,-0.6969774842854631,-0.4094102291509192,-0.2897384073692095,0.5,-0.08300124642842928,1.4560941812717143,0.09280349028923185,0.4444444444444444
composite_mlp_blend_25,25.0,2019-07-31_2020-06-30,12,-0.2949968967486474,-0.1941752572672133,-0.2949968967486474,-0.1941752572672133,-0.10082163948143408,0.35859694082780463,-0.7801675736037957,-0.4094102291509192,-0.2827760862119635,0.4166666666666667,-0.4180887818749244,1.3521720519236395,-0.022381193697672663,0.44444444444444436
composite_mlp_blend_25,25.0,2019-08-31_2020-07-31,12,-0.3699550547898386,-0.1722348942847023,-0.3699550547898386,-0.1722348942847023,-0.1977201605051363,0.32882054779173064,-1.2098163831630764,-0.4094102291509193,-0.27948217627529803,0.3333333333333333,-1.4377264998735788,1.3216032826408486,-0.1676519478615509,0.47222222222222215
composite_mlp_blend_25,25.0,2019-09-30_2020-08-31,12,-0.40974987617307,-0.21057570090232802,-0.40974987617307,-0.21057570090232802,-0.199174175270742,0.32233289034694046,-1.435297674568878,-0.39390562965612164,-0.27948217627529803,0.3333333333333333,-1.6428142257324783,1.2573589232072206,-0.1831906412057045,0.5277777777777778
composite_mlp_blend_25,25.0,2019-10-31_2020-09-30,12,-0.3766430595085686,-0.1766274605970889,-0.3766430595085686,-0.1766274605970889,-0.2000155989114797,0.32918297817349573,-1.2394943561072438,-0.39368980097139583,-0.2794821762752979,0.3333333333333333,-1.5780104178840317,1.2396117466400596,-0.18559177030433915,0.5
composite_mlp_blend_25,25.0,2019-11-30_2020-10-31,12,-0.2839660591620945,-0.06643817837031618,-0.2839660591620945,-0.06643817837031618,-0.21752788079177832,0.3306479512861126,-0.8259741748470272,-0.39368980097139583,-0.2794821762752979,0.3333333333333333,-1.5551456748837056,1.1328238218255606,-0.20932194349671618,0.49999999999999994
composite_mlp_blend_25,25.0,2019-12-31_2020-11-30,12,-0.03033269450387799,-0.050871312509224054,-0.03033269450387799,-0.050871312509224054,0.020538618005346065,0.606190075184734,0.19317719977036818,-0.3655187259563476,-0.2358764964179022,0.3333333333333333,0.2873694254461195,1.535657432792482,0.15527132077745298,0.47222222222222215
composite_mlp_blend_25,25.0,2020-01-31_2020-12-31,12,0.21186824556672912,-0.013079995771551722,0.21186824556672912,-0.013079995771551722,0.22494824133828084,0.6294709381463066,0.5652195890575035,-0.2546152140561546,-0.16758179221927783,0.3333333333333333,0.6561484810609305,1.492474317131975,0.3808390430325337,0.4166666666666666
composite_mlp_blend_25,25.0,2020-02-29_2021-01-31,12,0.6582973063353685,0.14471568274700242,0.6582973063353685,0.14471568274700242,0.5135816235883661,0.6103134021589308,1.0967478386933802,-0.05747075145628655,-0.07033476780972703,0.4166666666666667,0.9940429053167764,1.438566854662663,0.5265284013894744,0.38888888888888884
composite_mlp_blend_25,25.0,2020-03-31_2021-02-28,12,0.9457622109712103,0.3187076559568369,0.9457622109712103,0.3187076559568369,0.6270545550143733,0.5493289701021152,1.4538579496831878,-0.12489991262398781,-0.07033476780972703,0.4166666666666667,1.0009966459297532,1.3306069391728717,0.49565823414070165,0.3611111111111111
composite_mlp_blend_25,25.0,2020-04-30_2021-03-31,12,1.0785679484084278,0.2712264885896778,1.0785679484084278,0.2712264885896778,0.80734145981875,0.5475463269212911,1.58595521404458,-0.12489991262398781,-0.07033476780972714,0.5,1.218746916381926,1.3333413524222277,0.6768594220646571,0.3611111111111111
composite_mlp_blend_25,25.0,2020-05-31_2021-04-30,12,1.0159296319509896,0.2511461011810818,1.0159296319509896,0.2511461011810818,0.7647835307699078,0.550584628642791,1.5204009935500804,-0.12489991262398781,-0.07033476780972703,0.5,1.1860212338377787,1.3541606846973049,0.6528824959873483,0.3333333333333333
composite_mlp_blend_25,25.0,2020-06-30_2021-05-31,12,0.9839949428399577,0.22018559574957508,0.9839949428399577,0.22018559574957508,0.7638093470903826,0.5538555430372663,1.483709247695216,-0.12489991262398781,-0.07033476780972703,0.5,1.2119744352387964,1.4595910236410499,0.6476653838899311,0.3055555555555556
composite_mlp_blend_25,25.0,2020-07-31_2021-06-30,12,0.7930285998425084,0.1787337447456181,0.7930285998425084,0.1787337447456181,0.6142948550968903,0.5717199925729913,1.2656995892749745,-0.15529466123701197,-0.07033476780972703,0.5,1.056580207719287,1.5964120510310131,0.5397246418334776,0.2777777777777778
composite_mlp_blend_25,25.0,2020-08-31_2021-07-31,12,0.6431961374076858,0.17406019021811336,0.6431961374076858,0.17406019021811336,0.4691359471895724,0.5882644968686845,1.0891566977916516,-0.23190630424862457,-0.0471551797914731,0.5,0.8742426255152371,1.611824353580138,0.42618069337038356,0.27777777777777773
composite_mlp_blend_25,25.0,2020-09-30_2021-08-31,12,0.8346401648214594,0.29094300690606567,0.8346401648214594,0.29094300690606567,0.5436971579153937,0.579800396695462,1.2982832808806193,-0.23190630424862457,-0.0471551797914731,0.5,0.9105979805425866,1.8521442043241456,0.29220483305985323,0.2222222222222222
composite_mlp_blend_25,25.0,2020-10-31_2021-09-30,12,0.6595627553602066,0.285307502281577,0.6595627553602066,0.285307502281577,0.3742552530786296,0.5942515416710027,1.1015511131471463,-0.23280041781529548,-0.04715517979147299,0.5,0.708534659004069,1.7369161181418968,0.2189787236107621,0.24999999999999997
composite_mlp_blend_25,25.0,2020-11-30_2021-10-31,12,0.5448971999436698,0.164192612882329,0.5448971999436698,0.164192612882329,0.3807045870613408,0.6001976900861608,0.9706431300850281,-0.2555557186107862,-0.04715517979147299,0.5,0.7706913173729446,2.7445378041894184,0.15703446502024931,0.27777777777777773
composite_mlp_blend_25,25.0,2020-12-31_2021-11-30,12,0.19873182318408866,0.10075285366229347,0.19873182318408866,0.10075285366229347,0.09797896952179519,0.3856110290227402,0.6439331817047244,-0.2555557186107863,-0.04715517979147321,0.5,0.39033410601888285,0.7990752112988857,0.18133121431549926,0.3055555555555555
composite_mlp_blend_25,25.0,2021-01-31_2021-12-31,12,-0.007681608863545186,0.1311417024200292,-0.007681608863545186,0.1311417024200292,-0.1388233112835744,0.33629949541561943,0.12685022532922616,-0.2555557186107863,-0.04715517979147299,0.4166666666666667,-0.276634294125495,1.5482343896561048,-0.14464537635984254,0.3333333333333333
composite_mlp_blend_25,25.0,2021-02-28_2022-01-31,12,-0.09582882232561996,0.1035559333431273,-0.09582882232561996,0.1035559333431273,-0.19938475566874725,0.29564501336437515,-0.2056776210978943,-0.22565671447150737,-0.008710521467504728,0.4166666666666667,-0.5658063205176606,0.8745083779305572,-0.13999604107909958,0.38888888888888884
composite_mlp_blend_25,25.0,2021-03-31_2022-02-28,12,0.10108364954738414,0.1814244316261513,0.10108364954738414,0.1814244316261513,-0.08034078207876716,0.2718439946998455,0.4773831413411533,-0.22565671447150726,-0.008710521467504728,0.5,-0.1414723232393148,-0.19009192889041535,0.17458272409704056,0.38888888888888884
composite_mlp_blend_25,25.0,2021-04-30_2022-03-31,12,0.19595232406116025,0.2056999327796627,0.19595232406116025,0.2056999327796627,-0.009747608718502443,0.315108443267224,0.7102784966462872,-0.22565671447150737,-0.008710521467504728,0.5,0.10705116266576688,0.5106500390956413,0.1343709430799198,0.38888888888888884
composite_mlp_blend_25,25.0,2021-05-31_2022-04-30,12,0.27144479513698716,0.20202014645819677,0.27144479513698716,0.20202014645819677,0.06942464867879039,0.3188253799435277,0.9012776086238276,-0.18795419939803581,-0.011058901373715124,0.5,0.3089566360548139,-0.006918686511075678,0.3300647617360102,0.4166666666666667
composite_mlp_blend_25,25.0,2021-06-30_2022-05-31,12,0.27124766896341,0.1547230806668567,0.27124766896341,0.1547230806668567,0.11652458829655332,0.3188610124969382,0.9007132326576436,-0.11869352870505068,-0.04389760737316839,0.5,0.43828673968823845,0.5021557829083912,0.23525779700767102,0.4444444444444444
composite_mlp_blend_25,25.0,2021-07-31_2022-06-30,12,0.5398699444299935,0.14515293481688385,0.5398699444299935,0.14515293481688385,0.3947170096131096,0.30988543359425463,1.5550976028442414,-0.09725898984153203,-0.04389760737316839,0.5833333333333334,1.1027680726773736,0.4485167287780338,0.510382820441958,0.5
composite_mlp_blend_25,25.0,2021-08-31_2022-07-31,12,0.8865914806768069,0.16719366722844042,0.8865914806768069,0.16719366722844042,0.7193978134483665,0.281946934310752,2.43536440300816,-0.09725898984153203,-0.04389760737316839,0.6666666666666666,1.8978995103919958,0.6594324989425996,0.7654475996239267,0.5
composite_mlp_blend_25,25.0,2021-09-30_2022-08-31,12,0.7735792390338343,0.11990803732841937,0.7735792390338343,0.11990803732841937,0.6536712017054149,0.285179984214787,2.1822358414181955,-0.0465768926633624,-0.04389760737316817,0.6666666666666666,1.8137855793993314,0.7533821675234782,0.6862826777115509,0.5277777777777778
composite_mlp_blend_25,25.0,2021-10-31_2022-09-30,12,1.3907459474064363,0.07700156092153554,1.3907459474064363,0.07700156092153554,1.3137443864849008,0.3166937443950642,2.9873218874036183,-0.04657689266336251,-0.04389760737316828,0.75,3.01989535996558,2.0512458268065354,1.14545134587205,0.5277777777777778
composite_mlp_blend_25,25.0,2021-11-30_2022-10-31,12,1.4459900040178955,0.0837751064100245,1.4459900040178955,0.0837751064100245,1.362214897607871,0.3090142472066545,3.134121636522772,-0.04657689266336251,-0.04389760737316839,0.75,3.1341204935723375,1.9367442367590608,1.1843489215827963,0.5
composite_mlp_blend_25,25.0,2021-12-31_2022-11-30,12,0.8984545825091115,0.04089310124175727,0.8984545825091115,0.04089310124175727,0.8575614812673542,0.3452449849053653,2.0546938343715566,-0.10807883759165826,-0.052330809109684795,0.6666666666666666,2.204553274872728,2.4878452428183095,0.7984077265992895,0.4444444444444444
composite_mlp_blend_25,25.0,2022-01-31_2022-12-31,12,1.2310880863762503,0.03139589518781816,1.2310880863762503,0.03139589518781816,1.1996921911884322,0.3500922577179569,2.521035251035937,-0.10807883759165826,-0.0538908420070876,0.75,2.7536802179420308,2.465598384094735,1.1660591513394691,0.4444444444444444
composite_mlp_blend_25,25.0,2022-02-28_2023-01-31,12,0.9398300933747707,-0.006523085673795559,0.9398300933747707,-0.006523085673795559,0.9463531790485663,0.3813903617180111,1.9508754222966027,-0.10807883759165826,-0.053890842007087936,0.6666666666666666,2.2007272374867406,3.221558730931611,1.0835537632132253,0.38888888888888884
composite_mlp_blend_25,25.0,2022-03-31_2023-02-28,12,0.7378288074006218,-0.03763942955797195,0.7378288074006218,-0.03763942955797195,0.7754682369585938,0.39608484262133076,1.5983241160552077,-0.11902709890296304,-0.05860315994470999,0.5833333333333334,1.8872082204366365,3.854321802530446,1.114139862078647,0.38888888888888884
composite_mlp_blend_25,25.0,2022-04-30_2023-03-31,12,0.4974436603654331,-0.0433257664262765,0.4974436603654331,-0.0433257664262765,0.5407694267917096,0.36915290941940354,1.2707068454765285,-0.11902709890296292,-0.052003665957635614,0.5833333333333334,1.516564355388444,3.1028537189885728,0.7959708590652901,0.38888888888888884
composite_mlp_blend_25,25.0,2022-05-31_2023-04-30,12,0.39810541600294247,-0.07213752035282106,0.39810541600294247,-0.07213752035282106,0.47024293635576353,0.36948039072813127,1.0774553515887306,-0.11902709890296292,-0.07596598010903766,0.5833333333333334,1.4053036547330273,2.651627100650025,0.7771453142753304,0.3611111111111111
composite_mlp_blend_25,25.0,2022-06-30_2023-05-31,12,0.47742614025432895,-0.0361282154897381,0.47742614025432895,-0.0361282154897381,0.513554355744067,0.360596021585093,1.2540086991016237,-0.11902709890296292,-0.07596598010903755,0.6666666666666666,1.4655247513201481,2.515427722992731,0.6941200468221798,0.3611111111111111
composite_mlp_blend_25,25.0,2022-07-31_2023-06-30,12,0.34106198230774654,-0.0028433046031512976,0.34106198230774654,-0.0028433046031512976,0.34390528691089783,0.35073349497192263,0.9955570660651888,-0.11902709890296304,-0.07596598010903743,0.5833333333333334,1.0604534481187349,1.591476708586944,0.4102960329780583,0.36111111111111116
composite_mlp_blend_25,25.0,2022-08-31_2023-07-31,12,0.21669857832160977,-0.031389184091800915,0.21669857832160977,-0.031389184091800915,0.24808776241341068,0.33843692586626156,0.726469829234277,-0.11902709890296292,-0.0655917893195096,0.5833333333333334,0.8480234297427531,1.337079450213318,0.32541008374111935,0.3333333333333333
composite_mlp_blend_25,25.0,2022-09-30_2023-08-31,12,0.2604037449321315,-0.014331580574544756,0.2604037449321315,-0.014331580574544756,0.27473532550667623,0.3390727187565932,0.8320339171141644,-0.11902709890296304,-0.06559178931950937,0.5833333333333334,0.9039902411487426,1.375299476554216,0.3431530366376503,0.3611111111111111
composite_mlp_blend_25,25.0,2022-10-31_2023-09-30,12,-0.08336174582977296,-0.04883569016310929,-0.08336174582977296,-0.04883569016310929,-0.03452605566666367,0.24474626458668536,-0.2448180815819166,-0.11902709890296304,-0.06327241269436523,0.5,-0.05526226660662688,1.2020707231640846,-0.0030165876927921165,0.3611111111111111
composite_mlp_blend_25,25.0,2022-11-30_2023-10-31,12,-0.10668516683596707,-8.074453772832779e-05,-0.10668516683596707,-8.074453772832779e-05,-0.10660442229823874,0.24629767647977435,-0.34583623446255124,-0.14420658973099176,-0.04084242285001627,0.5,-0.36844306497477675,0.6378029681707353,-0.08416819545973253,0.3611111111111111
composite_mlp_blend_25,25.0,2022-12-31_2023-11-30,12,0.09319161158403189,0.06162621592425688,0.09319161158403189,0.06162621592425688,0.03156539565977501,0.24420213905003055,0.4743664229242853,-0.14420658973099187,-0.04084242285001627,0.5833333333333334,0.21493628118628086,0.5213511473288395,0.08594620119678087,0.4444444444444444
composite_mlp_blend_25,25.0,2023-01-31_2023-12-31,12,-0.06687013692039978,0.05389394652891433,-0.06687013692039978,0.05389394652891433,-0.12076408344931411,0.17911000843201272,-0.30302513886380544,-0.1176068781491364,-0.04084242285001627,0.5833333333333334,-0.6458222702291506,0.676468885379299,-0.08850437049047899,0.47222222222222227
composite_mlp_blend_25,25.0,2023-02-28_2024-01-31,12,0.010733540802348562,0.06910062416905749,0.010733540802348562,0.06910062416905749,-0.05836708336670893,0.1606091435697964,0.13988607534962227,-0.1176068781491364,-0.04084242285001627,0.5833333333333334,-0.31220184788988287,0.6222324613943907,-0.021292804481641614,0.49999999999999994
composite_mlp_blend_25,25.0,2023-03-31_2024-02-29,12,0.10788202671094282,0.07105311702696282,0.10788202671094282,0.07105311702696282,0.036828909683980005,0.15739465258230534,0.7257584405971231,-0.11760687814913628,-0.04084242285001627,0.6666666666666666,0.2645019717471576,0.4912268087964498,0.08152169541773091,0.5277777777777778
composite_mlp_blend_25,25.0,2023-04-30_2024-03-31,12,-0.0227467075379737,0.04605177038880415,-0.0227467075379737,0.04605177038880415,-0.06879847792677785,0.19006269718950194,-0.032709156212548704,-0.1176068781491364,-0.028914327222309355,0.5833333333333334,-0.29866465555150207,0.6397147990295949,-0.036774624671134126,0.5277777777777778
composite_mlp_blend_25,25.0,2023-05-31_2024-04-30,12,-0.14181678572645573,0.05087612226469651,-0.14181678572645573,0.05087612226469651,-0.19269290799115224,0.22594071447170397,-0.5662812003578426,-0.20943505418568809,-0.04720745865673304,0.5,-0.934729414245157,1.387896268161755,-0.1841093871435131,0.5555555555555555
composite_mlp_blend_25,25.0,2023-06-30_2024-05-31,12,-0.14798630003546587,0.06029804021364593,-0.14798630003546587,0.06029804021364593,-0.2082843402491118,0.22542052534710702,-0.5997193274824156,-0.20943505418568809,-0.04720745865673304,0.4166666666666667,-1.0238317095998013,1.3885400191426867,-0.20037345567234333,0.611111111111111
composite_mlp_blend_25,25.0,2023-07-31_2024-06-30,12,-0.11609838738193978,0.046802268590376395,-0.11609838738193978,0.046802268590376395,-0.16290065597231618,0.23295374974751654,-0.41756095502314283,-0.20943505418568809,-0.04720745865673304,0.5,-0.7445639302053382,1.6483379248675327,-0.1641307842937968,0.611111111111111
composite_mlp_blend_25,25.0,2023-08-31_2024-07-31,12,-0.13015219483060536,0.10318514893952901,-0.13015219483060536,0.10318514893952901,-0.23333734377013438,0.23208860338435486,-0.48836005107841146,-0.20943505418568809,-0.04720745865673315,0.4166666666666667,-1.0754703802686458,1.1948417247515237,-0.21238325896056964,0.611111111111111
composite_mlp_blend_25,25.0,2023-09-30_2024-08-31,12,-0.167860524596686,0.08473288946892565,-0.167860524596686,0.08473288946892565,-0.25259341406561164,0.22467458580164235,-0.7062164691589101,-0.20943505418568797,-0.04720745865673315,0.4166666666666667,-1.2702908956221013,1.1447858295436366,-0.22913831522507144,0.611111111111111
composite_mlp_blend_25,25.0,2023-10-31_2024-09-30,12,0.062154181131623076,0.12170948346779942,0.062154181131623076,0.12170948346779942,-0.05955530233617634,0.2700373090371074,0.34598707082638264,-0.20943505418568797,-0.047207458656732815,0.5,-0.10146412064829913,0.9005607082799364,-0.014050767883627135,0.6111111111111112
composite_mlp_blend_25,25.0,2023-11-30_2024-10-31,12,0.027239483059576797,0.004734660022875703,0.027239483059576797,0.004734660022875703,0.022504823036701094,0.2769961835379285,0.2224799712737309,-0.20943505418568797,-0.07254414974326939,0.5,0.21322012348335884,1.2854832117048962,0.049751480699500084,0.638888888888889
composite_mlp_blend_25,25.0,2023-12-31_2024-11-30,12,-0.08678197545523625,-0.026522408525777696,-0.08678197545523625,-0.026522408525777696,-0.06025956692945855,0.25789348874708606,-0.2342436435352513,-0.20943505418568809,-0.07702368625268241,0.4166666666666667,-0.16719689508707183,1.1154585343821375,-0.03543633497833398,0.6111111111111112
composite_mlp_blend_25,25.0,2024-01-31_2024-12-31,12,-0.06326885247164704,-0.013699490369203038,-0.06326885247164704,-0.013699490369203038,-0.049569362102444,0.2588081275273647,-0.13475198970130228,-0.20943505418568797,-0.07702368625268208,0.4166666666666667,-0.11279064582627644,1.1270326723856874,-0.024667083589980154,0.6111111111111112
composite_mlp_blend_25,25.0,2024-02-29_2025-01-31,12,-0.07854572661239878,-0.14290566323586873,-0.07854572661239878,-0.14290566323586873,0.06435993662346995,0.2591553231821773,-0.19747076704884686,-0.20943505418568797,-0.18252959118595857,0.5,0.35913040288205017,0.5736073223382931,0.030566235900711725,0.5833333333333334
composite_mlp_blend_25,25.0,2024-03-31_2025-02-28,12,-0.13023483897369592,-0.10676537761977256,-0.13023483897369592,-0.10676537761977256,-0.02346946135392336,0.25319801387664487,-0.43395912305302997,-0.12265156881952943,-0.1825295911859588,0.4166666666666667,-0.03985074136072299,0.4943234742393165,-0.05890887338656714,0.5555555555555556
composite_mlp_blend_25,25.0,2024-04-30_2025-03-31,12,0.015118263450956126,-0.06461005552580057,0.015118263450956126,-0.06461005552580057,0.0797283189767567,0.2393637405850823,0.1700738140627384,-0.09644783501768472,-0.18252959118595868,0.5,0.4004577601070951,0.5457241733818682,0.07185428253162263,0.5555555555555555
composite_mlp_blend_25,25.0,2024-05-31_2025-04-30,12,0.19670396768119125,0.02942056800377868,0.19670396768119125,0.02942056800377868,0.16728339967741257,0.19689058954365962,1.0038608664943158,-0.09644783501768472,-0.18252959118595857,0.5,0.7170431674041023,0.38530031465971293,0.19646686535770042,0.5555555555555555
composite_mlp_blend_25,25.0,2024-06-30_2025-05-31,12,0.21349925997179464,-0.019239253194651806,0.21349925997179464,-0.019239253194651806,0.23273851316644645,0.19612959921168777,1.0793332638962572,-0.09644783501768506,-0.18252959118595835,0.5833333333333334,1.002250510746042,0.37998902154603786,0.23530930672419226,0.5277777777777778
composite_mlp_blend_25,25.0,2024-07-31_2025-06-30,12,0.32723014440639164,0.03150250800801424,0.32723014440639164,0.03150250800801424,0.2957276363983774,0.235247935610285,1.3185730523276973,-0.09644783501768495,-0.1825295911859589,0.5833333333333334,1.179945700294759,0.5829888422078376,0.3208356872553406,0.5
composite_mlp_blend_25,25.0,2024-08-31_2025-07-31,12,0.2965653945205755,0.02082724764079913,0.2965653945205755,0.02082724764079913,0.2757381468797764,0.23965261624223527,1.1984453325791602,-0.09644783501768484,-0.1720911800730176,0.5833333333333334,1.099328812443854,0.5819672947172486,0.2996174737249968,0.5
composite_mlp_blend_25,25.0,2024-09-30_2025-08-31,12,0.7097637927107128,0.07082064647411035,0.7097637927107128,0.07082064647411035,0.6389431462366024,0.3775849080003352,1.6048735872300397,-0.09644783501768472,-0.1720911800730176,0.5833333333333334,1.4790041234671423,0.7548017462317799,0.6972302110953572,0.47222222222222215
composite_mlp_blend_25,25.0,2024-10-31_2025-09-30,12,0.5138244859765619,0.07787885846139209,0.5138244859765619,0.07787885846139209,0.43594562751516985,0.35678098882479264,1.3245278742700102,-0.03435514132686612,-0.11858833109117162,0.5833333333333334,1.1550547510565996,0.7567075984911731,0.4853401633413392,0.4166666666666666
composite_mlp_blend_25,25.0,2024-11-30_2025-10-31,12,0.8169857632034485,0.1960061542824556,0.8169857632034485,0.1960061542824556,0.6209796089209929,0.34643365787419744,1.9049852544857497,-0.028817105733612514,-0.11795970406671652,0.6666666666666666,1.4078292911521222,0.6733255827992983,0.6766062874593908,0.3611111111111111
composite_mlp_blend_25,25.0,2024-12-31_2025-11-30,12,0.8691400559766449,0.22133541890163522,0.8691400559766449,0.22133541890163522,0.6478046370750097,0.3406671479644252,2.0195850483682105,-0.028817105733612514,-0.11795970406671652,0.6666666666666666,1.434362727533577,0.6272786536179298,0.7153187643087671,0.3611111111111111
composite_mlp_blend_25,25.0,2025-01-31_2025-12-31,12,0.688463095755943,0.17166648362633885,0.688463095755943,0.17166648362633885,0.5167966121296041,0.36649278751657166,1.608961514799336,-0.08105347106867722,-0.03669877287899381,0.5833333333333334,1.222530547233317,0.7829442592799748,0.5581267361416604,0.3611111111111111
composite_mlp_blend_25,25.0,2025-02-28_2026-01-31,12,0.8272239653849773,0.31334945156909844,0.8272239653849773,0.31334945156909844,0.5138745138158789,0.3594752848401484,1.8651477890167663,-0.08105347106867711,-0.04758367670999886,0.5833333333333334,1.1619081927965598,1.0713957251537831,0.4361853823365123,0.4166666666666667
composite_mlp_blend_25,25.0,2025-03-31_2026-02-28,12,0.6096289719315042,0.08257309459079365,0.6096289719315042,0.08257309459079365,0.5270558773407106,0.40067096717234624,1.3798003788616289,-0.14920393290424483,-0.18488813271044613,0.6666666666666666,1.404343642615574,1.1582089805050608,0.5355334170346466,0.4166666666666666
composite_mlp_blend_25,25.0,2025-04-30_2026-03-31,12,0.7209058684108063,0.028079656548997578,0.7209058684108063,0.028079656548997578,0.6928262118618087,0.4083032986720184,1.5320721682327534,-0.14920393290424483,-0.19546042589812018,0.6666666666666666,1.7216159361140764,1.1407201869104358,0.7465004503505708,0.4166666666666666
composite_mlp_blend_25,25.0,2025-05-31_2026-04-30,12,0.2807265997510009,-0.14610708694572017,0.2807265997510009,-0.14610708694572017,0.42683368669672106,0.49698855846996426,0.7263666596618797,-0.2636599891243939,-0.29138146686445754,0.6666666666666666,1.3483515651751246,1.5823185856776671,0.7440615297114415,0.4166666666666667
composite_mlp_blend_25,25.0,2025-06-30_2026-05-31,12,0.11546145939193075,-0.18541351506394133,0.11546145939193075,-0.18541351506394133,0.3008749744558721,0.5182983363851545,0.4439704810271484,-0.349499820421066,-0.34737666250868915,0.5833333333333334,1.0875986134369613,1.638848431856498,0.6616278959141133,0.41666666666666674
composite_mlp_blend_25,25.0,2025-07-31_2026-06-30,12,0.07316716885772401,-0.1667764227923394,0.07316716885772401,-0.1667764227923394,0.2399435916500634,0.5080730163817385,0.3671198500512465,-0.349499820421066,-0.34737666250868904,0.5833333333333334,0.9066598776189921,1.4549600794222264,0.49185941978719017,0.4166666666666666
composite_mlp_blend_50,25.0,2015-01-31_2015-12-31,12,0.0,-0.12747006008062733,0.0,-0.12747006008062733,0.12747006008062733,0.0,,0.0,-0.2346154234110901,0.5,0.7954681733349814,0.0,0.0,0.0
composite_mlp_blend_50,25.0,2015-02-28_2016-01-31,12,0.014052128195872537,-0.12464244015822579,0.014052128195872537,-0.12464244015822579,0.13869456835409832,0.014052128195872631,0.9999999999999999,0.0,-0.2346154234110902,0.5,0.8793226762557215,0.027213565077568218,0.01747989557176899,0.08333333333333333
composite_mlp_blend_50,25.0,2015-03-31_2016-02-29,12,0.03784930705839007,-0.12200466014015787,0.03784930705839007,-0.12200466014015787,0.15985396719854794,0.02623402508130618,1.430186174759574,0.0,-0.1902603904171294,0.5833333333333334,1.0264937455211356,0.053065898800786306,0.04466054665667185,0.1111111111111111
composite_mlp_blend_50,25.0,2015-04-30_2016-03-31,12,0.15411479363688096,-0.048726200591690305,0.15411479363688096,-0.048726200591690305,0.20284099422857127,0.11168575274272319,1.338979583518946,0.0,-0.19026039041712928,0.5833333333333334,1.1156160061002374,0.06754625042626052,0.1634022523949228,0.16666666666666666
composite_mlp_blend_50,25.0,2015-05-31_2016-04-30,12,0.08719937653790266,-0.08042168629585977,0.08719937653790266,-0.08042168629585977,0.16762106283376244,0.13195394531904864,0.6939169565841015,-0.05797986254739218,-0.13984875260474772,0.5833333333333334,0.9335589355242,0.10481273707609706,0.1040917288952854,0.19444444444444445
composite_mlp_blend_50,25.0,2015-06-30_2016-05-31,12,0.22581738400935203,0.021583559353247406,0.22581738400935203,0.021583559353247406,0.20423382465610462,0.17761043806831417,1.2334025100977806,-0.05797986254739218,-0.12048239811387595,0.5833333333333334,1.0192376971520476,0.41026964548293365,0.22783657397955426,0.22222222222222224
composite_mlp_blend_50,25.0,2015-07-31_2016-06-30,12,0.40474241773883146,0.08609325121736311,0.40474241773883146,0.08609325121736311,0.31864916652146835,0.21688054469130705,1.6830878858408804,-0.05797986254739218,-0.06335332759593715,0.5833333333333334,1.3228600778871848,0.6171337166631654,0.35647723003918474,0.25000000000000006
composite_mlp_blend_50,25.0,2015-08-31_2016-07-31,12,0.8249645710338549,0.19435729107699262,0.8249645710338549,0.19435729107699262,0.6306072799568623,0.34157159751199634,1.9444660092727988,-0.05797986254739218,-0.010009943632593221,0.5833333333333334,1.4994805486697582,1.0761180281643146,0.5786914892175838,0.3055555555555556
composite_mlp_blend_50,25.0,2015-09-30_2016-08-31,12,0.8118257558802542,0.27010420996995776,0.8118257558802542,0.27010420996995776,0.5417215459102964,0.34291747110111287,1.9158395996907749,-0.05797986254739218,-0.010009943632593332,0.5,1.284693347967926,1.7240851651019287,0.26338515479232827,0.3055555555555555
composite_mlp_blend_50,25.0,2015-10-31_2016-09-30,12,1.3301399501668874,0.2171792753369357,1.3301399501668874,0.2171792753369357,1.1129606748299516,0.4065202103683231,2.3198053053911316,-0.05797986254739218,-0.010009943632593221,0.5833333333333334,1.9310687380575333,2.4268010397561954,0.5663924235780435,0.3055555555555555
composite_mlp_blend_50,25.0,2015-11-30_2016-10-31,12,1.2966439373919627,0.15802517726789156,1.2966439373919627,0.15802517726789156,1.1386187601240711,0.409792786047784,2.2662005400401535,-0.05797986254739218,-0.05046191183613391,0.5833333333333334,2.0426826154756346,1.819434962432156,0.888137910910036,0.3055555555555555
composite_mlp_blend_50,25.0,2015-12-31_2016-11-30,12,1.3074673065526206,0.15325670090751609,1.3074673065526206,0.15325670090751609,1.1542106056451045,0.4088478951730238,2.282964724292302,-0.05797986254739218,-0.05046191183613402,0.5833333333333334,2.079453293180787,1.9067161607503587,0.8873952575576625,0.3333333333333333
composite_mlp_blend_50,25.0,2016-01-31_2016-12-31,12,2.0946590700951933,0.1471553785298949,2.0946590700951933,0.1471553785298949,1.9475036915652983,0.4750204423434614,2.6831161394347607,-0.05797986254739218,-0.05046191183613402,0.6666666666666666,2.4726979959907975,1.4086674946082707,1.7981638140091358,0.3333333333333333
composite_mlp_blend_50,25.0,2016-02-29_2017-01-31,12,1.9179761408716,0.12910312615333996,1.9179761408716,0.12910312615333996,1.78887301471826,0.4905481620753445,2.480163979492601,-0.05797986254739229,-0.05046191183613391,0.6666666666666666,2.3159716140548485,1.6412957080155577,1.637540785231912,0.25
composite_mlp_blend_50,25.0,2016-03-31_2017-02-28,12,2.214846703278304,0.1492046756740173,2.214846703278304,0.1492046756740173,2.065642027604287,0.4835056561800263,2.731645267417462,-0.05797986254739218,-0.05046191183613402,0.6666666666666666,2.546066355822223,1.64801216107047,1.821967964241562,0.2222222222222222
composite_mlp_blend_50,25.0,2016-04-30_2017-03-31,12,2.1679296230391234,0.17503808646495478,2.1679296230391234,0.17503808646495478,1.9928915365741686,0.483706146807773,2.6969621600626588,-0.04384300543173991,-0.05046191183613402,0.6666666666666666,2.4612388568632557,1.6679181486454913,1.6790700438781214,0.19444444444444442
composite_mlp_blend_50,25.0,2016-05-31_2017-04-30,12,2.432538108441769,0.19627580709932912,2.432538108441769,0.19627580709932912,2.23626230134244,0.4599414551003193,3.007386095256754,-0.04384300543173991,-0.05046191183613402,0.75,2.691537515576264,1.3143886512259602,1.9742002605703495,0.19444444444444442
composite_mlp_blend_50,25.0,2016-06-30_2017-05-31,12,1.849965298017016,0.16211773486732262,1.849965298017016,0.16211773486732262,1.6878475631496934,0.4930091039263842,2.4175241618916785,-0.06386003593829404,-0.05046191183613402,0.6666666666666666,2.158863812748212,1.370907130878858,1.5656117755632648,0.2222222222222222
composite_mlp_blend_50,25.0,2016-07-31_2017-06-30,12,1.643758529259232,0.11985678631409691,1.643758529259232,0.11985678631409691,1.5239017429451351,0.49142149189168993,2.256609076952828,-0.06386003593829404,-0.05046191183613402,0.6666666666666666,2.0646077536683864,1.3481772069038223,1.4989855471922247,0.2222222222222222
composite_mlp_blend_50,25.0,2016-08-31_2017-07-31,12,1.129793004854776,0.08878533946639733,1.129793004854776,0.08878533946639733,1.0410076653883786,0.4374512139664041,1.9576653261900252,-0.06386003593829404,-0.05046191183613402,0.6666666666666666,1.7567022568677313,0.5018744483858286,1.194453781101176,0.19444444444444442
composite_mlp_blend_50,25.0,2016-09-30_2017-08-31,12,1.415489986952542,0.09996258200034913,1.415489986952542,0.09996258200034913,1.3155274049521928,0.4315915966837364,2.292816621005825,-0.06386003593829404,-0.05046191183613402,0.75,2.0535795986495953,0.30262925168436633,1.5178172446488665,0.2222222222222222
composite_mlp_blend_50,25.0,2016-10-31_2017-09-30,12,1.046589836247267,0.1075588143605537,1.046589836247267,0.1075588143605537,0.9390310218867133,0.3709381332749384,2.1382214312981778,-0.06386003593829415,-0.0004923640702735321,0.75,1.834887472965894,0.2283988295130965,1.1074661144391027,0.25
composite_mlp_blend_50,25.0,2016-11-30_2017-10-31,12,1.1303553244504942,0.1559996199134983,1.1303553244504942,0.1559996199134983,0.9743557045369959,0.36351028571215227,2.2928891845690833,-0.06386003593829404,-0.008932388259170088,0.75,1.8313494565199169,-1.779267007320383,1.8502763633225934,0.2777777777777778
composite_mlp_blend_50,25.0,2016-12-31_2017-11-30,12,1.181007904095416,0.19992461049678534,1.181007904095416,0.19992461049678534,0.9810832935986307,0.3596329481107328,2.3840347393038943,-0.06386003593829404,-0.008932388259169977,0.75,1.7724854191438948,-0.9828529409087723,1.7110882210836285,0.25
composite_mlp_blend_50,25.0,2017-01-31_2017-12-31,12,1.328214856988808,0.24773371905633135,1.328214856988808,0.24773371905633135,1.0804811379324766,0.43680190749106235,2.1700872088688907,-0.06386003593829392,-0.008932388259170088,0.75,1.713276068582081,1.8067307002421658,0.6963661521325029,0.2777777777777778
composite_mlp_blend_50,25.0,2017-02-28_2018-01-31,12,1.7671437049843433,0.22472528642954592,1.7671437049843433,0.22472528642954592,1.5424184185547973,0.41830546289261766,2.6969731678160183,-0.06386003593829404,-0.008932388259170088,0.8333333333333334,2.27104294256572,1.4626784294279178,1.2221120543281172,0.2777777777777778
composite_mlp_blend_50,25.0,2017-03-31_2018-02-28,12,1.2048545777178594,0.11150665310004948,1.2048545777178594,0.11150665310004948,1.09334792461781,0.4590122958677383,1.9586171719081322,-0.10153577709683792,-0.06307407298992962,0.75,1.8701700118648232,1.997764932525431,0.9315529858952762,0.3055555555555556
composite_mlp_blend_50,25.0,2017-04-30_2018-03-31,12,1.201161416890148,0.054403018339003184,1.201161416890148,0.054403018339003184,1.146758398551145,0.45892488395106035,1.9549907232988892,-0.10153577709683781,-0.09250223900477905,0.75,1.9706315028940404,1.683839478759753,1.1656520793949383,0.3055555555555556
composite_mlp_blend_50,25.0,2017-05-31_2018-04-30,12,1.488548032686341,0.042771960341875914,1.488548032686341,0.042771960341875914,1.445776072344465,0.4611426857033687,2.234576161899337,-0.10153577709683792,-0.09416874157139277,0.75,2.29466887670856,1.6665109810380596,1.4972221354352082,0.3055555555555556
composite_mlp_blend_50,25.0,2017-06-30_2018-05-31,12,1.7535600456627023,-0.005226881237519021,1.7535600456627023,-0.005226881237519021,1.7587869269002212,0.4359162577603876,2.59258615601015,-0.10153577709683781,-0.12207676452647664,0.8333333333333334,2.885014158344611,1.8645810421634468,1.9401935902391214,0.3333333333333333
composite_mlp_blend_50,25.0,2017-07-31_2018-06-30,12,1.5441076362006125,0.0163507796990916,1.5441076362006125,0.0163507796990916,1.527756856501521,0.4495040281766484,2.33432514256791,-0.10153577709683792,-0.12207676452647676,0.75,2.4818528525244608,1.601073418599983,1.6445883795862897,0.36111111111111116
composite_mlp_blend_50,25.0,2017-08-31_2018-07-31,12,1.4330695946037886,0.02633003466478856,1.4330695946037886,0.02633003466478856,1.406739559939,0.45630297199933506,2.1994384094365125,-0.10153577709683792,-0.12207676452647653,0.6666666666666666,2.2927405523079063,1.5151410891008237,1.505011530649024,0.3888888888888889
composite_mlp_blend_50,25.0,2017-09-30_2018-08-31,12,1.221403681271973,0.012828519177035869,1.221403681271973,0.012828519177035869,1.2085751620949372,0.456900311204175,1.9821727983711575,-0.10153577709683792,-0.12207676452647664,0.6666666666666666,2.0926702404986437,1.5287931205582277,1.3295403846304734,0.3611111111111111
composite_mlp_blend_50,25.0,2017-10-31_2018-09-30,12,0.9593287303336404,-0.028994428060318933,0.9593287303336404,-0.028994428060318933,0.9883231583939593,0.47043011608379387,1.6518931977373434,-0.10153577709683792,-0.12207676452647676,0.5833333333333334,1.8483198158794372,1.6697716991065883,1.2003055723495772,0.3611111111111111
composite_mlp_blend_50,25.0,2017-11-30_2018-10-31,12,1.0261406662591699,0.017470333624036494,1.0261406662591699,0.017470333624036494,1.0086703326351334,0.4685801722942205,1.733076166928168,-0.10153577709683792,-0.12207676452647676,0.5833333333333334,1.8146539652893483,1.4733699916284166,1.1205713004930713,0.3333333333333333
composite_mlp_blend_50,25.0,2017-12-31_2018-11-30,12,1.2345205227667222,-0.025356283802123625,1.2345205227667222,-0.025356283802123625,1.2598768065688457,0.470892838762993,1.949217056789325,-0.10153577709683792,-0.12207676452647687,0.6666666666666666,2.2328128166747465,2.441203852440213,1.5353657952471491,0.3333333333333333
composite_mlp_blend_50,25.0,2018-01-31_2018-12-31,12,0.690119628908008,-0.01099995180484914,0.690119628908008,-0.01099995180484914,0.7011195807128572,0.2703740887058405,2.1047560105909056,-0.10153577709683792,-0.12095719505337177,0.6666666666666666,2.3525991812782285,1.0120327170549384,0.7520400725391496,0.3333333333333333
composite_mlp_blend_50,25.0,2018-02-28_2019-01-31,12,0.47024728828163975,-0.023323412109537922,0.47024728828163975,-0.023323412109537922,0.4935707003911777,0.25739587272599096,1.636513447031058,-0.0388947095754989,-0.06297476655901424,0.6666666666666666,1.9361854712390518,1.055976781507177,0.5399486507779945,0.4166666666666667
composite_mlp_blend_50,25.0,2018-03-31_2019-02-28,12,0.42274874706158916,0.045204178762284775,0.42274874706158916,0.045204178762284775,0.3775445682993044,0.2752243883646449,1.4250393162828152,-0.14049299979324448,-0.032589089243883484,0.6666666666666666,1.2463055668045058,0.48116679714079724,0.43814101808811845,0.4166666666666666
composite_mlp_blend_50,25.0,2018-04-30_2019-03-31,12,0.321264318628556,0.07686204312787948,0.321264318628556,0.07686204312787948,0.2444022755006765,0.26721692738509273,1.175724575691211,-0.14049299979324448,-0.031039511736595693,0.6666666666666666,0.9275877717656907,0.9199600050350223,0.2715299218669345,0.4166666666666667
composite_mlp_blend_50,25.0,2018-05-31_2019-04-30,12,0.08072399097872074,0.03769148450195714,0.08072399097872074,0.03769148450195714,0.0430325064767636,0.23867677318336503,0.4361120171800123,-0.17580102616062643,-0.04957195403333192,0.5833333333333334,0.3001550559923193,1.1949265497000203,0.055948169146617266,0.4166666666666666
composite_mlp_blend_50,25.0,2018-06-30_2019-05-31,12,0.08105961552480068,0.09645960452265201,0.08105961552480068,0.09645960452265201,-0.015399988997851333,0.2387169167847441,0.4373862292792444,-0.17580102616062632,-0.04957195403333203,0.5833333333333334,0.04077458473126031,1.5378271017006668,-0.04287110107664549,0.3888888888888889
composite_mlp_blend_50,25.0,2018-07-31_2019-06-30,12,0.13106755489970356,0.07648721996967378,0.13106755489970356,0.07648721996967378,0.054580334930029784,0.23753252811886258,0.6308430471538431,-0.17580102616062643,-0.04957195403333203,0.6666666666666666,0.37293742679037095,1.6478754216892435,0.022041654291256263,0.3611111111111111
composite_mlp_blend_50,25.0,2018-08-31_2019-07-31,12,0.2196888437899307,0.051509897202665744,0.2196888437899307,0.051509897202665744,0.16817894658726495,0.2461501417824779,0.9273546030703458,-0.17580102616062643,-0.04957195403333203,0.75,0.83362561907568,1.5045950096241574,0.15705598164855594,0.36111111111111116
composite_mlp_blend_50,25.0,2018-09-30_2019-08-31,12,0.22533319314239075,0.032217370272061396,0.22533319314239075,0.032217370272061396,0.19311582287032936,0.2463857708918975,0.9457763888945802,-0.17580102616062654,-0.05569706120271434,0.75,0.9272644785563889,1.3409818302848846,0.20130970148019145,0.4166666666666667
composite_mlp_blend_50,25.0,2018-10-31_2019-09-30,12,0.21867982120445295,0.0680196854801034,0.21867982120445295,0.0680196854801034,0.15066013572434955,0.24778448176362097,0.9193763396013959,-0.17580102616062643,-0.05569706120271445,0.75,0.7113339279349059,1.2199340405493944,0.15237513349073484,0.4444444444444445
composite_mlp_blend_50,25.0,2018-11-30_2019-10-31,12,0.06562444467679684,-0.007313909877188718,0.06562444467679684,-0.007313909877188718,0.07293835455398556,0.25874918688243254,0.3654550553590509,-0.17580102616062632,-0.07977064350808971,0.6666666666666666,0.4309715995894194,1.3940428194574634,0.10403854112960098,0.4444444444444444
composite_mlp_blend_50,25.0,2018-12-31_2019-11-30,12,0.03864627109664798,0.01695714726683817,0.03864627109664798,0.01695714726683817,0.02168912382980981,0.24464042211071332,0.26913843127033804,-0.17580102616062665,-0.07977064350808971,0.6666666666666666,0.21485723330099873,1.3340977272723646,0.03773107024207545,0.47222222222222227
composite_mlp_blend_50,25.0,2019-01-31_2019-12-31,12,-0.07428322871759163,-0.0907583313333864,-0.07428322871759163,-0.0907583313333864,0.016475102615794768,0.2320190665290212,-0.22366979969610398,-0.16627799521775255,-0.08173242622854304,0.6666666666666666,0.18623139863645782,1.081063463101281,0.04653489042437764,0.5277777777777778
composite_mlp_blend_50,25.0,2019-02-28_2020-01-31,12,-0.19454134184358318,-0.15374678206850467,-0.19454134184358318,-0.15374678206850467,-0.04079455977507851,0.2689133556172697,-0.6705502366185396,-0.18603821345367155,-0.157070533612218,0.5833333333333334,-0.10187795757695456,1.3456858183763247,0.03345126730646153,0.5
composite_mlp_blend_50,25.0,2019-03-31_2020-02-29,12,-0.19891765554335583,-0.2983301643039218,-0.19891765554335583,-0.2983301643039218,0.09941250876056595,0.27115955459302027,-0.682416846149855,-0.29615580181186474,-0.2968733323797681,0.6666666666666666,0.908238141900773,1.1225077837643054,0.20198651858057826,0.5277777777777778
composite_mlp_blend_50,25.0,2019-04-30_2020-03-31,12,-0.19471209703604586,-0.26938100433105683,-0.19471209703604586,-0.26938100433105683,0.07466890729501097,0.27188371157239766,-0.6609825069613668,-0.29615580181186474,-0.2897384073692094,0.5833333333333334,0.6729375904798479,1.059294211756668,0.1338203536941327,0.5555555555555556
composite_mlp_blend_50,25.0,2019-05-31_2020-04-30,12,-0.11458485860895118,-0.23441422140073764,-0.11458485860895118,-0.23441422140073764,0.11982936279178646,0.2726013621241664,-0.314717810118498,-0.2961558018118646,-0.2897384073692094,0.6666666666666666,0.9782161515399849,1.060867979357444,0.1859820486305499,0.5833333333333334
composite_mlp_blend_50,25.0,2019-06-30_2020-05-31,12,-0.16723321192492457,-0.22854562482453433,-0.16723321192492457,-0.22854562482453433,0.06131241289960976,0.26886142795418727,-0.5482528191945355,-0.2961558018118646,-0.2897384073692095,0.5833333333333334,0.4993383453150525,0.971034296567835,0.08379922868723799,0.5277777777777778
composite_mlp_blend_50,25.0,2019-07-31_2020-06-30,12,-0.15508883932753248,-0.1941752572672133,-0.15508883932753248,-0.1941752572672133,0.03908641793968082,0.2716906236317429,-0.4873855093694536,-0.29615580181186474,-0.2827760862119635,0.5,0.33000826044416004,0.9451113590288861,0.04835996936167519,0.5277777777777778
composite_mlp_blend_50,25.0,2019-08-31_2020-07-31,12,-0.204961770780131,-0.1722348942847023,-0.204961770780131,-0.1722348942847023,-0.032726876495428714,0.25556640903171207,-0.7674245977882744,-0.2961558018118646,-0.27948217627529803,0.4166666666666667,-0.2209422529400335,0.9347233654389007,-0.04270866816852659,0.49999999999999994
composite_mlp_blend_50,25.0,2019-09-30_2020-08-31,12,-0.25689667254340465,-0.21057570090232802,-0.25689667254340465,-0.21057570090232802,-0.046320971641076625,0.25026946114747783,-1.0532370142551974,-0.2821477247190367,-0.27948217627529803,0.4166666666666667,-0.3931273856364501,0.9064298679741386,-0.07221726709314769,0.49999999999999994
composite_mlp_blend_50,25.0,2019-10-31_2020-09-30,12,-0.19981369799051618,-0.1766274605970889,-0.19981369799051618,-0.1766274605970889,-0.02318623739342729,0.25392591525099495,-0.7488983867835165,-0.2821477247190368,-0.2794821762752979,0.4166666666666667,-0.1910475197372486,0.9112383237340741,-0.03913656233998686,0.4444444444444444
composite_mlp_blend_50,25.0,2019-11-30_2020-10-31,12,-0.14139188820876614,-0.06643817837031618,-0.14139188820876614,-0.06643817837031618,-0.07495370983844996,0.24642266122172218,-0.49684046774776247,-0.2821477247190367,-0.2794821762752979,0.4166666666666667,-0.5379950747590511,0.7558005309677601,-0.0913323513331381,0.5
composite_mlp_blend_50,25.0,2019-12-31_2020-11-30,12,0.15781824366469643,-0.050871312509224054,0.15781824366469643,-0.050871312509224054,0.2086895561739205,0.553710803140741,0.47474966079458436,-0.2562132348010864,-0.2358764964179022,0.4166666666666667,0.6086097472913733,1.1632836949510852,0.32425674517750824,0.5277777777777778
composite_mlp_blend_50,25.0,2020-01-31_2020-12-31,12,0.3948068093149335,-0.013079995771551722,0.3948068093149335,-0.013079995771551722,0.4078868050864852,0.5667013864611663,0.81246046441387,-0.13528594361342983,-0.16758179221927783,0.4166666666666667,0.9031702198161106,1.1152059195238289,0.5389866306977442,0.47222222222222227
composite_mlp_blend_50,25.0,2020-02-29_2021-01-31,12,0.7561487210831734,0.14471568274700242,0.7561487210831734,0.14471568274700242,0.611433038336171,0.5330668002101543,1.2817452339030315,-0.034684825889869764,-0.07033476780972703,0.5,1.0815814747366383,0.9484101194892751,0.6729924809837442,0.4166666666666666
composite_mlp_blend_50,25.0,2020-03-31_2021-02-28,12,0.777241722757573,0.3187076559568369,0.777241722757573,0.3187076559568369,0.45853406680073605,0.5290672981646548,1.3110654616473263,-0.12489991262398781,-0.07033476780972703,0.4166666666666667,0.8104718862866603,1.1299609628897154,0.43003975493981006,0.38888888888888884
composite_mlp_blend_50,25.0,2020-04-30_2021-03-31,12,0.8636679887756493,0.2712264885896778,0.8636679887756493,0.2712264885896778,0.5924415001859715,0.5276544451694226,1.4086970992149106,-0.12489991262398781,-0.07033476780972714,0.5,0.990791657806422,1.137369792767845,0.56016266242811,0.3888888888888889
composite_mlp_blend_50,25.0,2020-05-31_2021-04-30,12,0.8075057520097495,0.2511461011810818,0.8075057520097495,0.2511461011810818,0.5563596508286677,0.5301362414153076,1.3431089878089228,-0.12489991262398781,-0.07033476780972703,0.5,0.9584535593063097,1.1567827224012721,0.5335962067506903,0.3611111111111111
composite_mlp_blend_50,25.0,2020-06-30_2021-05-31,12,0.7686100440054526,0.22018559574957508,0.7686100440054526,0.22018559574957508,0.5484244482558776,0.5341947088027698,1.2936473758676483,-0.12489991262398781,-0.07033476780972703,0.5,0.9695869542730492,1.2489496919504262,0.517213359529991,0.3611111111111111
composite_mlp_blend_50,25.0,2020-07-31_2021-06-30,12,0.5630218067188295,0.1787337447456181,0.5630218067188295,0.1787337447456181,0.3842880619732114,0.551374487238852,1.0335334942709948,-0.17119964490943673,-0.07033476780972703,0.5,0.7707196887514612,1.3289582376353921,0.38924472759190043,0.3333333333333333
composite_mlp_blend_50,25.0,2020-08-31_2021-07-31,12,0.5898136132871814,0.17406019021811336,0.5898136132871814,0.17406019021811336,0.41575342306906804,0.5505509151243902,1.0667001073319038,-0.17119964490943673,-0.0471551797914731,0.5833333333333334,0.8146979436859263,1.3334300412784075,0.41926303635497253,0.3611111111111111
composite_mlp_blend_50,25.0,2020-09-30_2021-08-31,12,0.8756135467870112,0.29094300690606567,0.8756135467870112,0.29094300690606567,0.5846705398809455,0.5491435318486162,1.3854427175120443,-0.17119964490943684,-0.0471551797914731,0.5833333333333334,0.9617582655104316,1.4911825008403283,0.43043791245332574,0.3333333333333333
composite_mlp_blend_50,25.0,2020-10-31_2021-09-30,12,0.6419635563485482,0.285307502281577,0.6419635563485482,0.285307502281577,0.3566560540669712,0.5723075934481686,1.1053190734557954,-0.17119964490943662,-0.04715517979147299,0.5833333333333334,0.6802253585161827,1.3233918119235288,0.32657285356716703,0.3888888888888889
composite_mlp_blend_50,25.0,2020-11-30_2021-10-31,12,0.600566573240561,0.164192612882329,0.600566573240561,0.164192612882329,0.43637396035823195,0.5755885852491549,1.0554164711592482,-0.17119964490943662,-0.04715517979147299,0.5833333333333334,0.8465821428311998,2.4545761969044926,0.24079506181105592,0.38888888888888884
composite_mlp_blend_50,25.0,2020-12-31_2021-11-30,12,0.24059046381989613,0.10075285366229347,0.24059046381989613,0.10075285366229347,0.13983761015760265,0.3486748537615489,0.7805467397296713,-0.17119964490943673,-0.04715517979147321,0.5833333333333334,0.48895071700393833,0.4314522603325432,0.25425058231049147,0.3333333333333333
composite_mlp_blend_50,25.0,2021-01-31_2021-12-31,12,0.09380531080456778,0.1311417024200292,0.09380531080456778,0.1311417024200292,-0.03733639161546143,0.31381238446626303,0.42888717089053974,-0.17119964490943662,-0.04715517979147299,0.5833333333333334,0.022626241924428865,1.002385937296465,0.006490340154722052,0.38888888888888884
composite_mlp_blend_50,25.0,2021-02-28_2022-01-31,12,0.04896979859051731,0.1035559333431273,0.04896979859051731,0.1035559333431273,-0.05458613475260998,0.30577354925349554,0.29498316348623344,-0.1256359567101547,-0.008710521467504728,0.5,-0.038981709580489424,0.8287858223298528,0.005803253214691884,0.47222222222222215
composite_mlp_blend_50,25.0,2021-03-31_2022-02-28,12,0.2785265964935235,0.1814244316261513,0.2785265964935235,0.1814244316261513,0.09710216486737222,0.27357703838929354,1.0297105336686916,-0.1256359567101547,-0.008710521467504728,0.5833333333333334,0.3911738419036408,-0.5231676914780172,0.440207718726781,0.5
composite_mlp_blend_50,25.0,2021-04-30_2022-03-31,12,0.3060629975877016,0.2056999327796627,0.3060629975877016,0.2056999327796627,0.10036306480803892,0.278862515075355,1.0929053674649924,-0.1256359567101547,-0.008710521467504728,0.5833333333333334,0.3990296473515611,-0.19168919001646345,0.399966731380637,0.5277777777777778
composite_mlp_blend_50,25.0,2021-05-31_2022-04-30,12,0.3182515611586456,0.20202014645819677,0.3182515611586456,0.20202014645819677,0.11623141470044884,0.2783268428758095,1.1287576784746836,-0.1256359567101547,-0.011058901373715124,0.5833333333333334,0.4414751061724641,-0.24058642608473904,0.4246115441135849,0.5555555555555556
composite_mlp_blend_50,25.0,2021-06-30_2022-05-31,12,0.205063822210247,0.1547230806668567,0.205063822210247,0.1547230806668567,0.0503407415433903,0.31167320412403277,0.7452935706662596,-0.1283045758329754,-0.04389760737316839,0.5833333333333334,0.2819257007170896,1.0502157160032142,0.08022200916698252,0.6111111111111112
composite_mlp_blend_50,25.0,2021-07-31_2022-06-30,12,0.43371760512009083,0.14515293481688385,0.43371760512009083,0.14515293481688385,0.288564670303207,0.30057414720876463,1.3544758736619937,-0.1283045758329755,-0.04389760737316839,0.6666666666666666,0.9237827161668023,1.007303782393647,0.30227675246351304,0.638888888888889
composite_mlp_blend_50,25.0,2021-08-31_2022-07-31,12,0.7317950560236453,0.16719366722844042,0.7317950560236453,0.16719366722844042,0.5646013887952048,0.3688486198533914,1.6860355418398543,-0.1283045758329754,-0.04389760737316839,0.6666666666666666,1.330592323387929,1.6373891238728362,0.4288932606534184,0.6388888888888888
composite_mlp_blend_50,25.0,2021-09-30_2022-08-31,12,0.4889601706000579,0.11990803732841937,0.4889601706000579,0.11990803732841937,0.36905213327163855,0.36225620948768017,1.2758945595512865,-0.1283045758329754,-0.04389760737316817,0.5833333333333334,1.0170213655147033,1.5883905188300382,0.3138858119502177,0.6388888888888888
composite_mlp_blend_50,25.0,2021-10-31_2022-09-30,12,0.89165154317035,0.07700156092153554,0.89165154317035,0.07700156092153554,0.8146499822488145,0.34285382729105157,2.058900573104063,-0.1283045758329754,-0.04389760737316828,0.6666666666666666,2.136754237011669,3.244542407283583,0.5646590147456441,0.6388888888888888
composite_mlp_blend_50,25.0,2021-11-30_2022-10-31,12,0.9337382367228859,0.0837751064100245,0.9337382367228859,0.0837751064100245,0.8499631303128614,0.33741209015921664,2.1560895810011984,-0.1283045758329755,-0.04389760737316839,0.6666666666666666,2.2175412965008205,3.1929464418824662,0.5732036733084995,0.638888888888889
composite_mlp_blend_50,25.0,2021-12-31_2022-11-30,12,0.5033276278778049,0.04089310124175727,0.5033276278778049,0.04089310124175727,0.46243452663604767,0.3559245989693707,1.3212549957425983,-0.1283045758329755,-0.052330809109684795,0.5833333333333334,1.449372509864582,3.3420632586013257,0.3785207439715075,0.6388888888888888
composite_mlp_blend_50,25.0,2022-01-31_2022-12-31,12,0.7038681048747109,0.03139589518781816,0.7038681048747109,0.03139589518781816,0.6724722096868927,0.3757428739895815,1.6155061908625117,-0.1283045758329755,-0.0538908420070876,0.5833333333333334,1.7908343133851639,3.2641090777396116,0.6250233574867219,0.5833333333333334
composite_mlp_blend_50,25.0,2022-02-28_2023-01-31,12,0.5138460923209789,-0.006523085673795559,0.5138460923209789,-0.006523085673795559,0.5203691779947744,0.3970250469117238,1.237168308675299,-0.1283045758329754,-0.053890842007087936,0.5833333333333334,1.4510852894807147,4.245157053248204,0.6450645881667616,0.5
composite_mlp_blend_50,25.0,2022-03-31_2023-02-28,12,0.3550268351290218,-0.03763942955797195,0.3550268351290218,-0.03763942955797195,0.3926662646869937,0.40482328662560085,0.9369220723265038,-0.1283045758329755,-0.05860315994470999,0.5,1.1844138023408175,4.901055511250681,0.7229747927532622,0.47222222222222215
composite_mlp_blend_50,25.0,2022-04-30_2023-03-31,12,0.22200285960559052,-0.0433257664262765,0.22200285960559052,-0.0433257664262765,0.265328626031867,0.4009965720786176,0.678035618081729,-0.13083807092204058,-0.052003665957635614,0.4166666666666667,0.8880248993684517,4.608558313770462,0.580270293013571,0.4166666666666666
composite_mlp_blend_50,25.0,2022-05-31_2023-04-30,12,0.20073929595239082,-0.07213752035282106,0.20073929595239082,-0.07213752035282106,0.2728768163052119,0.4017095176761857,0.6328262400506991,-0.1323640703455815,-0.07596598010903766,0.4166666666666667,0.9216324023622962,3.654799455344803,0.6594811026111966,0.4166666666666667
composite_mlp_blend_50,25.0,2022-06-30_2023-05-31,12,0.3932775057140172,-0.0361282154897381,0.3932775057140172,-0.0361282154897381,0.4294057212037553,0.36785709941771444,1.0710366644493512,-0.1323640703455815,-0.07596598010903755,0.5,1.3010512884422012,3.2409699833160523,0.6410887881536977,0.41666666666666674
composite_mlp_blend_50,25.0,2022-07-31_2023-06-30,12,0.4496176154097271,-0.0028433046031512976,0.4496176154097271,-0.0028433046031512976,0.4524609200128784,0.37870423856594526,1.1574134138535241,-0.1323640703455815,-0.07596598010903743,0.5,1.3226577105052657,2.9950293180778274,0.5369036969629322,0.47222222222222215
composite_mlp_blend_50,25.0,2022-08-31_2023-07-31,12,0.1754370446551774,-0.031389184091800915,0.1754370446551774,-0.031389184091800915,0.2068262287469783,0.3005459710135325,0.6731387456561772,-0.13236407034558162,-0.0655917893195096,0.5,0.8639084538226717,2.170051118353472,0.30084144933817414,0.47222222222222215
composite_mlp_blend_50,25.0,2022-09-30_2023-08-31,12,0.2551647763727021,-0.014331580574544756,0.2551647763727021,-0.014331580574544756,0.26949635694724683,0.2987904667736091,0.8993715230088859,-0.13236407034558162,-0.06559178931950937,0.5833333333333334,1.045973730867436,2.159567576219999,0.33797890571138356,0.5
composite_mlp_blend_50,25.0,2022-10-31_2023-09-30,12,0.025268616912748953,-0.04883569016310929,0.025268616912748953,-0.04883569016310929,0.07410430707585824,0.2779322328594612,0.21243814838749162,-0.13236407034558162,-0.06327241269436523,0.5,0.43642456785134404,2.058190463662042,0.16818628778663003,0.5000000000000001
composite_mlp_blend_50,25.0,2022-11-30_2023-10-31,12,0.03898067415493833,-8.074453772832779e-05,0.03898067415493833,-8.074453772832779e-05,0.03906141869266666,0.277572115847146,0.2605073353048492,-0.13236407034558162,-0.04084242285001627,0.5,0.2750589881861098,1.382605862839305,0.06915790132697586,0.5277777777777778
composite_mlp_blend_50,25.0,2022-12-31_2023-11-30,12,0.25264517593646474,0.06162621592425688,0.25264517593646474,0.06162621592425688,0.19101896001220786,0.2603974176340603,0.9872174004601763,-0.13236407034558173,-0.04084242285001627,0.5833333333333334,0.8086790758293975,1.1754908707953435,0.19847830924817567,0.5833333333333334
composite_mlp_blend_50,25.0,2023-01-31_2023-12-31,12,0.1394667473406781,0.05389394652891433,0.1394667473406781,0.05389394652891433,0.08557280081176377,0.21601133131580413,0.7040969082623301,-0.06488843439859915,-0.04084242285001627,0.5833333333333334,0.5093361962858857,1.2072496419512937,0.087538740327044,0.638888888888889
composite_mlp_blend_50,25.0,2023-02-28_2024-01-31,12,0.26161823207224466,0.06910062416905749,0.26161823207224466,0.06910062416905749,0.19251760790318717,0.19246212703998442,1.3042255124744748,-0.06488843439859904,-0.04084242285001627,0.6666666666666666,1.1027153741513545,1.1415390420399678,0.18429618778970847,0.7222222222222222
composite_mlp_blend_50,25.0,2023-03-31_2024-02-29,12,0.3209789677908941,0.07105311702696282,0.3209789677908941,0.07105311702696282,0.24992585076393126,0.18047283597232125,1.6397717011523438,-0.06488843439859926,-0.04084242285001627,0.75,1.4590353720005096,1.0711097628775461,0.24152000808210627,0.7499999999999999
composite_mlp_blend_50,25.0,2023-04-30_2024-03-31,12,0.2821421452698185,0.04605177038880415,0.2821421452698185,0.04605177038880415,0.23609037488101436,0.18926419184247079,1.4103480124871446,-0.06488843439859904,-0.028914327222309355,0.75,1.4071132332623582,1.2348978375072592,0.22746886359232477,0.7777777777777777
composite_mlp_blend_50,25.0,2023-05-31_2024-04-30,12,0.0978214327313609,0.05087612226469651,0.0978214327313609,0.05087612226469651,0.04694531046666439,0.2528435363491329,0.48813116948459484,-0.18181896411558474,-0.04720745865673304,0.6666666666666666,0.35486137576821086,2.1281732275388445,0.01028458536772936,0.8055555555555555
composite_mlp_blend_50,25.0,2023-06-30_2024-05-31,12,0.08566574141273331,0.06029804021364593,0.08566574141273331,0.06029804021364593,0.025367701199087378,0.2530341723849521,0.44350228621972637,-0.18181896411558474,-0.04720745865673304,0.5833333333333334,0.25165970775584007,2.0949229245408367,-0.017909697304125616,0.8333333333333334
composite_mlp_blend_50,25.0,2023-07-31_2024-06-30,12,-0.005461974208867959,0.046802268590376395,-0.005461974208867959,0.046802268590376395,-0.052264242799244354,0.21396821488285767,0.07704314576707626,-0.18181896411558462,-0.04720745865673304,0.5833333333333334,-0.19041242378514622,1.7228403438861843,-0.06576973705371625,0.8055555555555555
composite_mlp_blend_50,25.0,2023-08-31_2024-07-31,12,-0.023114127017995312,0.10318514893952901,-0.023114127017995312,0.10318514893952901,-0.12629927595752433,0.21376814520482337,-0.006893230125811463,-0.18181896411558485,-0.04720745865673315,0.5,-0.5797128456962506,1.18578711712749,-0.11681757799074755,0.8055555555555554
composite_mlp_blend_50,25.0,2023-09-30_2024-08-31,12,-0.07205799039772742,0.08473288946892565,-0.07205799039772742,0.08473288946892565,-0.15679087986665308,0.2078900255430378,-0.25907331906262165,-0.18181896411558474,-0.04720745865673315,0.5,-0.8178632856973203,1.1720575144173233,-0.14443836179038883,0.8055555555555554
composite_mlp_blend_50,25.0,2023-10-31_2024-09-30,12,0.15520564582802066,0.12170948346779942,0.15520564582802066,0.12170948346779942,0.03349616236022124,0.2559052553940034,0.6844751331727318,-0.18181896411558474,-0.047207458656732815,0.5833333333333334,0.2342994290156576,1.0009433768400333,0.057037550642033086,0.8055555555555554
composite_mlp_blend_50,25.0,2023-11-30_2024-10-31,12,0.0753377927124288,0.004734660022875703,0.0753377927124288,0.004734660022875703,0.0706031326895531,0.2678486138780351,0.39449257402964133,-0.18181896411558474,-0.07254414974326939,0.5833333333333334,0.4114872740974749,1.2634410645987573,0.09697305150683744,0.7777777777777777
composite_mlp_blend_50,25.0,2023-12-31_2024-11-30,12,-0.029671416437797915,-0.026522408525777696,-0.029671416437797915,-0.026522408525777696,-0.0031490079120202186,0.25644913201427205,-0.0004330588737208748,-0.18181896411558474,-0.07702368625268241,0.5,0.09570361561451075,1.1509045875385446,0.025338051095387337,0.7777777777777777
composite_mlp_blend_50,25.0,2024-01-31_2024-12-31,12,-0.07122963794099724,-0.013699490369203038,-0.07122963794099724,-0.013699490369203038,-0.0575301475717942,0.24939159895879587,-0.1819484459999108,-0.18181896411558485,-0.07702368625268208,0.5,-0.1688565325081864,1.2069615539292857,-0.03420000297635595,0.7222222222222223
composite_mlp_blend_50,25.0,2024-02-29_2025-01-31,12,-0.10696760190740606,-0.14290566323586873,-0.10696760190740606,-0.14290566323586873,0.03593806132846267,0.24810705118813908,-0.3413434843043113,-0.18151489405972032,-0.18252959118595857,0.5,0.23771179556151176,0.5813368561787315,-0.002269726339336642,0.6666666666666666
composite_mlp_blend_50,25.0,2024-03-31_2025-02-28,12,-0.13062299502835595,-0.10676537761977256,-0.13062299502835595,-0.10676537761977256,-0.023857617408583387,0.24874079238829228,-0.44692599263597754,-0.14526327930995875,-0.1825295911859588,0.4166666666666667,-0.04559605667496188,0.4869089006414396,-0.06082798114215371,0.6388888888888888
composite_mlp_blend_50,25.0,2024-04-30_2025-03-31,12,-0.09203666820819234,-0.06461005552580057,-0.09203666820819234,-0.06461005552580057,-0.02742661268239177,0.24617976274658068,-0.27893145470416214,-0.11552486468435685,-0.18252959118595868,0.4166666666666667,-0.06277235203118392,0.459946002271437,-0.04343582195338758,0.6388888888888888
composite_mlp_blend_50,25.0,2024-05-31_2025-04-30,12,0.09869751166788121,0.02942056800377868,0.09869751166788121,0.02942056800377868,0.06927694366410253,0.19539264375320586,0.5675018390308609,-0.11552486468435696,-0.18252959118595857,0.4166666666666667,0.29836737140042896,0.30587556441198926,0.10191730363416562,0.611111111111111
composite_mlp_blend_50,25.0,2024-06-30_2025-05-31,12,0.0512910123564525,-0.019239253194651806,0.0512910123564525,-0.019239253194651806,0.07053026555110431,0.20220181280968672,0.33494280241945434,-0.12435250741245485,-0.18252959118595835,0.4166666666666667,0.32003022553391686,0.3576373494638415,0.07137515145717455,0.5833333333333334
composite_mlp_blend_50,25.0,2024-07-31_2025-06-30,12,0.23278772003785497,0.03150250800801424,0.23278772003785497,0.03150250800801424,0.20128521202984073,0.29807378700870263,0.832372375055712,-0.12435250741245507,-0.1825295911859589,0.4166666666666667,0.7540278224721426,0.749167141147031,0.23296386376508593,0.6111111111111112
composite_mlp_blend_50,25.0,2024-08-31_2025-07-31,12,0.12903127003959924,0.02082724764079913,0.12903127003959924,0.02082724764079913,0.10820402239880011,0.3174013978392176,0.5181563824881592,-0.12435250741245496,-0.1720911800730176,0.4166666666666667,0.4265404181710789,0.6758220146527986,0.1477707148650429,0.5833333333333334
composite_mlp_blend_50,25.0,2024-09-30_2025-08-31,12,0.4994207126873864,0.07082064647411035,0.4994207126873864,0.07082064647411035,0.42860006621327607,0.43854238119410044,1.1179949371928304,-0.12435250741245474,-0.1720911800730176,0.4166666666666667,0.9930447894164168,0.8575973971512341,0.5056332201135985,0.5555555555555555
composite_mlp_blend_50,25.0,2024-10-31_2025-09-30,12,0.39501254344181724,0.07787885846139209,0.39501254344181724,0.07787885846139209,0.31713368498042516,0.4208183044367446,0.9724553026363889,-0.08981442544320506,-0.11858833109117162,0.4166666666666667,0.8183063621969041,0.8689045308623534,0.38272510419899053,0.5277777777777777
composite_mlp_blend_50,25.0,2024-11-30_2025-10-31,12,0.43002401158409564,0.1960061542824556,0.43002401158409564,0.1960061542824556,0.23401785730164004,0.4154486396005364,1.0415505807905403,-0.08981442544320506,-0.11795970406671652,0.4166666666666667,0.5904193088409083,0.6785292557652898,0.34462750985346413,0.49999999999999983
composite_mlp_blend_50,25.0,2024-12-31_2025-11-30,12,0.6862918659765707,0.22133541890163522,0.6862918659765707,0.22133541890163522,0.46495644707493544,0.4252802399308796,1.4293338648712928,-0.08981442544320495,-0.11795970406671652,0.5,0.9424758776119702,0.6369466919747365,0.5852147223452189,0.49999999999999994
composite_mlp_blend_50,25.0,2025-01-31_2025-12-31,12,0.6788452481563116,0.17166648362633885,0.6788452481563116,0.17166648362633885,0.5071787645299728,0.42575076418552676,1.4172614937495585,-0.08981442544320495,-0.03669877287899381,0.5,1.0321668619092992,0.6408158046908957,0.6173337473412113,0.5277777777777778
composite_mlp_blend_50,25.0,2025-02-28_2026-01-31,12,0.7123220316160173,0.31334945156909844,0.7123220316160173,0.31334945156909844,0.3989725800469188,0.422782507903275,1.4735450363429334,-0.08981442544320495,-0.04758367670999886,0.5,0.8333770229551609,0.8863344723578164,0.4429529898977038,0.5277777777777778
composite_mlp_blend_50,25.0,2025-03-31_2026-02-28,12,0.5543316924407395,0.08257309459079365,0.5543316924407395,0.08257309459079365,0.4717585978499459,0.4497085628386879,1.185656215944123,-0.1166398167632815,-0.18488813271044613,0.5833333333333334,1.0947508319748132,1.0327117498966223,0.5251144457742065,0.5555555555555556
composite_mlp_blend_50,25.0,2025-04-30_2026-03-31,12,0.74620225061648,0.028079656548997578,0.74620225061648,0.028079656548997578,0.7181225940674825,0.4533588295494784,1.4484182415320013,-0.1166398167632815,-0.19546042589812018,0.6666666666666666,1.5295103603576303,1.0580463262884738,0.8058800306896217,0.5555555555555556
composite_mlp_blend_50,25.0,2025-05-31_2026-04-30,12,0.23692058618506118,-0.14610708694572017,0.23692058618506118,-0.14610708694572017,0.38302767313078134,0.5567538560181553,0.6376274814329271,-0.2728622229936851,-0.29138146686445754,0.6666666666666666,1.1057850623522623,1.6088961441091927,0.7399110332974714,0.5277777777777778
composite_mlp_blend_50,25.0,2025-06-30_2026-05-31,12,0.1472901004186835,-0.18541351506394133,0.1472901004186835,-0.18541351506394133,0.33270361548262484,0.5707462317280761,0.5004793595624799,-0.3544780061484548,-0.34737666250868915,0.6666666666666666,1.0404092498827426,1.6357281988461347,0.7513590780511301,0.5555555555555556
composite_mlp_blend_50,25.0,2025-07-31_2026-06-30,12,0.09468853019785017,-0.1667764227923394,0.09468853019785017,-0.1667764227923394,0.26146495299018957,0.5515622775035607,0.4160404744023489,-0.3544780061484548,-0.34737666250868904,0.6666666666666666,0.8860975116573111,1.456936498711705,0.5554740379669729,0.5277777777777778
composite_mlp_blend_75,25.0,2015-01-31_2015-12-31,12,0.0,-0.12747006008062733,0.0,-0.12747006008062733,0.12747006008062733,0.0,,0.0,-0.2346154234110901,0.5,0.7954681733349814,0.0,0.0,0.0
composite_mlp_blend_75,25.0,2015-02-28_2016-01-31,12,0.014052128195872537,-0.12464244015822579,0.014052128195872537,-0.12464244015822579,0.13869456835409832,0.014052128195872631,0.9999999999999999,0.0,-0.2346154234110902,0.5,0.8793226762557215,0.027213565077568218,0.01747989557176899,0.08333333333333333
composite_mlp_blend_75,25.0,2015-03-31_2016-02-29,12,0.03784930705839007,-0.12200466014015787,0.03784930705839007,-0.12200466014015787,0.15985396719854794,0.02623402508130618,1.430186174759574,0.0,-0.1902603904171294,0.5833333333333334,1.0264937455211356,0.053065898800786306,0.04466054665667185,0.1111111111111111
composite_mlp_blend_75,25.0,2015-04-30_2016-03-31,12,0.15411479363688096,-0.048726200591690305,0.15411479363688096,-0.048726200591690305,0.20284099422857127,0.11168575274272319,1.338979583518946,0.0,-0.19026039041712928,0.5833333333333334,1.1156160061002374,0.06754625042626052,0.1634022523949228,0.16666666666666666
composite_mlp_blend_75,25.0,2015-05-31_2016-04-30,12,0.08719937653790266,-0.08042168629585977,0.08719937653790266,-0.08042168629585977,0.16762106283376244,0.13195394531904864,0.6939169565841015,-0.05797986254739218,-0.13984875260474772,0.5833333333333334,0.9335589355242,0.10481273707609706,0.1040917288952854,0.19444444444444445
composite_mlp_blend_75,25.0,2015-06-30_2016-05-31,12,0.22581738400935203,0.021583559353247406,0.22581738400935203,0.021583559353247406,0.20423382465610462,0.17761043806831417,1.2334025100977806,-0.05797986254739218,-0.12048239811387595,0.5833333333333334,1.0192376971520476,0.41026964548293365,0.22783657397955426,0.22222222222222224
composite_mlp_blend_75,25.0,2015-07-31_2016-06-30,12,0.40474241773883146,0.08609325121736311,0.40474241773883146,0.08609325121736311,0.31864916652146835,0.21688054469130705,1.6830878858408804,-0.05797986254739218,-0.06335332759593715,0.5833333333333334,1.3228600778871848,0.6171337166631654,0.35647723003918474,0.25000000000000006
composite_mlp_blend_75,25.0,2015-08-31_2016-07-31,12,0.8249645710338549,0.19435729107699262,0.8249645710338549,0.19435729107699262,0.6306072799568623,0.34157159751199634,1.9444660092727988,-0.05797986254739218,-0.010009943632593221,0.5833333333333334,1.4994805486697582,1.0761180281643146,0.5786914892175838,0.3055555555555556
composite_mlp_blend_75,25.0,2015-09-30_2016-08-31,12,0.8118257558802542,0.27010420996995776,0.8118257558802542,0.27010420996995776,0.5417215459102964,0.34291747110111287,1.9158395996907749,-0.05797986254739218,-0.010009943632593332,0.5,1.284693347967926,1.7240851651019287,0.26338515479232827,0.3055555555555555
composite_mlp_blend_75,25.0,2015-10-31_2016-09-30,12,1.3301399501668874,0.2171792753369357,1.3301399501668874,0.2171792753369357,1.1129606748299516,0.4065202103683231,2.3198053053911316,-0.05797986254739218,-0.010009943632593221,0.5833333333333334,1.9310687380575333,2.4268010397561954,0.5663924235780435,0.3055555555555555
composite_mlp_blend_75,25.0,2015-11-30_2016-10-31,12,1.2966439373919627,0.15802517726789156,1.2966439373919627,0.15802517726789156,1.1386187601240711,0.409792786047784,2.2662005400401535,-0.05797986254739218,-0.05046191183613391,0.5833333333333334,2.0426826154756346,1.819434962432156,0.888137910910036,0.3055555555555555
composite_mlp_blend_75,25.0,2015-12-31_2016-11-30,12,1.3074673065526206,0.15325670090751609,1.3074673065526206,0.15325670090751609,1.1542106056451045,0.4088478951730238,2.282964724292302,-0.05797986254739218,-0.05046191183613402,0.5833333333333334,2.079453293180787,1.9067161607503587,0.8873952575576625,0.3333333333333333
composite_mlp_blend_75,25.0,2016-01-31_2016-12-31,12,2.0946590700951933,0.1471553785298949,2.0946590700951933,0.1471553785298949,1.9475036915652983,0.4750204423434614,2.6831161394347607,-0.05797986254739218,-0.05046191183613402,0.6666666666666666,2.4726979959907975,1.4086674946082707,1.7981638140091358,0.3333333333333333
composite_mlp_blend_75,25.0,2016-02-29_2017-01-31,12,1.9179761408716,0.12910312615333996,1.9179761408716,0.12910312615333996,1.78887301471826,0.4905481620753445,2.480163979492601,-0.05797986254739229,-0.05046191183613391,0.6666666666666666,2.3159716140548485,1.6412957080155577,1.637540785231912,0.25
composite_mlp_blend_75,25.0,2016-03-31_2017-02-28,12,2.214846703278304,0.1492046756740173,2.214846703278304,0.1492046756740173,2.065642027604287,0.4835056561800263,2.731645267417462,-0.05797986254739218,-0.05046191183613402,0.6666666666666666,2.546066355822223,1.64801216107047,1.821967964241562,0.2222222222222222
composite_mlp_blend_75,25.0,2016-04-30_2017-03-31,12,2.1679296230391234,0.17503808646495478,2.1679296230391234,0.17503808646495478,1.9928915365741686,0.483706146807773,2.6969621600626588,-0.04384300543173991,-0.05046191183613402,0.6666666666666666,2.4612388568632557,1.6679181486454913,1.6790700438781214,0.19444444444444442
composite_mlp_blend_75,25.0,2016-05-31_2017-04-30,12,2.432538108441769,0.19627580709932912,2.432538108441769,0.19627580709932912,2.23626230134244,0.4599414551003193,3.007386095256754,-0.04384300543173991,-0.05046191183613402,0.75,2.691537515576264,1.3143886512259602,1.9742002605703495,0.19444444444444442
composite_mlp_blend_75,25.0,2016-06-30_2017-05-31,12,1.849965298017016,0.16211773486732262,1.849965298017016,0.16211773486732262,1.6878475631496934,0.4930091039263842,2.4175241618916785,-0.06386003593829404,-0.05046191183613402,0.6666666666666666,2.158863812748212,1.370907130878858,1.5656117755632648,0.2222222222222222
composite_mlp_blend_75,25.0,2016-07-31_2017-06-30,12,1.643758529259232,0.11985678631409691,1.643758529259232,0.11985678631409691,1.5239017429451351,0.49142149189168993,2.256609076952828,-0.06386003593829404,-0.05046191183613402,0.6666666666666666,2.0646077536683864,1.3481772069038223,1.4989855471922247,0.2222222222222222
composite_mlp_blend_75,25.0,2016-08-31_2017-07-31,12,1.129793004854776,0.08878533946639733,1.129793004854776,0.08878533946639733,1.0410076653883786,0.4374512139664041,1.9576653261900252,-0.06386003593829404,-0.05046191183613402,0.6666666666666666,1.7567022568677313,0.5018744483858286,1.194453781101176,0.19444444444444442
composite_mlp_blend_75,25.0,2016-09-30_2017-08-31,12,1.415489986952542,0.09996258200034913,1.415489986952542,0.09996258200034913,1.3155274049521928,0.4315915966837364,2.292816621005825,-0.06386003593829404,-0.05046191183613402,0.75,2.0535795986495953,0.30262925168436633,1.5178172446488665,0.2222222222222222
composite_mlp_blend_75,25.0,2016-10-31_2017-09-30,12,1.046589836247267,0.1075588143605537,1.046589836247267,0.1075588143605537,0.9390310218867133,0.3709381332749384,2.1382214312981778,-0.06386003593829415,-0.0004923640702735321,0.75,1.834887472965894,0.2283988295130965,1.1074661144391027,0.25
composite_mlp_blend_75,25.0,2016-11-30_2017-10-31,12,1.1303553244504942,0.1559996199134983,1.1303553244504942,0.1559996199134983,0.9743557045369959,0.36351028571215227,2.2928891845690833,-0.06386003593829404,-0.008932388259170088,0.75,1.8313494565199169,-1.779267007320383,1.8502763633225934,0.2777777777777778
composite_mlp_blend_75,25.0,2016-12-31_2017-11-30,12,1.181007904095416,0.19992461049678534,1.181007904095416,0.19992461049678534,0.9810832935986307,0.3596329481107328,2.3840347393038943,-0.06386003593829404,-0.008932388259169977,0.75,1.7724854191438948,-0.9828529409087723,1.7110882210836285,0.25
composite_mlp_blend_75,25.0,2017-01-31_2017-12-31,12,1.328214856988808,0.24773371905633135,1.328214856988808,0.24773371905633135,1.0804811379324766,0.43680190749106235,2.1700872088688907,-0.06386003593829392,-0.008932388259170088,0.75,1.713276068582081,1.8067307002421658,0.6963661521325029,0.2777777777777778
composite_mlp_blend_75,25.0,2017-02-28_2018-01-31,12,1.6933444998906428,0.22472528642954592,1.6933444998906428,0.22472528642954592,1.468619213461097,0.4160456629751621,2.638774221931068,-0.06386003593829404,-0.008932388259170088,0.8333333333333334,2.2173811744258347,1.5759599323071662,1.112924197160607,0.3055555555555556
composite_mlp_blend_75,25.0,2017-03-31_2018-02-28,12,1.1460515184876177,0.11150665310004948,1.1460515184876177,0.11150665310004948,1.0345448653875682,0.4555701838577791,1.9068880203704406,-0.10153577709683792,-0.06307407298992962,0.75,1.8180267116947144,2.029164522151403,0.8706460451313318,0.3333333333333333
composite_mlp_blend_75,25.0,2017-04-30_2018-03-31,12,1.1424568535684774,0.054403018339003184,1.1424568535684774,0.054403018339003184,1.0880538352294742,0.45547100818400343,1.9032733949511071,-0.10153577709683792,-0.09250223900477905,0.75,1.9183865174141375,1.7001613895393486,1.10300543118319,0.3333333333333333
composite_mlp_blend_75,25.0,2017-05-31_2018-04-30,12,1.2215582470861377,0.042771960341875914,1.2215582470861377,0.042771960341875914,1.1787862867442618,0.4523677756331895,1.9996366002475647,-0.10153577709683792,-0.09416874157139277,0.75,2.0550899745006954,1.728725404824176,1.2148582296791894,0.3888888888888889
composite_mlp_blend_75,25.0,2017-06-30_2018-05-31,12,1.3235812947582106,-0.005226881237519021,1.3235812947582106,-0.005226881237519021,1.3288081759957295,0.4398001226901687,2.1545299577389088,-0.10153577709683792,-0.12207676452647664,0.8333333333333334,2.4257274782829517,2.0242851339580987,1.4850005280398753,0.4166666666666667
composite_mlp_blend_75,25.0,2017-07-31_2018-06-30,12,1.1437878586797456,0.0163507796990916,1.1437878586797456,0.0163507796990916,1.127437078980654,0.45060677483579914,1.9203134580493615,-0.10153577709683792,-0.12207676452647676,0.75,2.061143226708592,1.7777284288342239,1.2208718925667776,0.47222222222222215
composite_mlp_blend_75,25.0,2017-08-31_2018-07-31,12,1.051928821946758,0.02633003466478856,1.051928821946758,0.02633003466478856,1.0255987872819694,0.45558220941999006,1.8009072757260365,-0.10153577709683792,-0.12207676452647653,0.6666666666666666,1.892086785365441,1.702360199258671,1.0995114642204293,0.47222222222222215
composite_mlp_blend_75,25.0,2017-09-30_2018-08-31,12,0.8734204105340693,0.012828519177035869,0.8734204105340693,0.012828519177035869,0.8605918913570334,0.45259116363621243,1.5963776122182682,-0.10153577709683792,-0.12207676452647664,0.6666666666666666,1.702514114650755,1.699613599798527,0.9554988403163451,0.4444444444444444
composite_mlp_blend_75,25.0,2017-10-31_2018-09-30,12,0.6523995459713283,-0.028994428060318933,0.6523995459713283,-0.028994428060318933,0.6813939740316473,0.46163243147804317,1.2866326127658354,-0.10153577709683792,-0.12207676452647676,0.5833333333333334,1.4717035545670425,1.789171329354592,0.8560283331412768,0.44444444444444436
composite_mlp_blend_75,25.0,2017-11-30_2018-10-31,12,0.6711478926146031,0.017470333624036494,0.6711478926146031,0.017470333624036494,0.6536775589905666,0.4611316418042888,1.313273764590911,-0.10153577709683803,-0.12207676452647676,0.5,1.376279760028742,1.572863905445079,0.7398550470337366,0.44444444444444436
composite_mlp_blend_75,25.0,2017-12-31_2018-11-30,12,0.7713226918421705,-0.025356283802123625,0.7713226918421705,-0.025356283802123625,0.7966789756442941,0.4620635601856367,1.444065970783908,-0.10153577709683792,-0.12207676452647687,0.5833333333333334,1.671661403779604,2.404605754526179,1.0045938300498896,0.4722222222222221
composite_mlp_blend_75,25.0,2018-01-31_2018-12-31,12,0.5887510142602659,-0.01099995180484914,0.5887510142602659,-0.01099995180484914,0.599750966065115,0.33793590293814063,1.5378265884174542,-0.10153577709683792,-0.12095719505337177,0.5833333333333334,1.8954216033533282,1.9184884611416089,0.6784394558751465,0.47222222222222215
composite_mlp_blend_75,25.0,2018-02-28_2019-01-31,12,0.41295439744837226,-0.023323412109537922,0.41295439744837226,-0.023323412109537922,0.4362778095579102,0.3352759719369168,1.1849787497905888,-0.04951423026240953,-0.06297476655901424,0.5,1.530336883267178,1.9515181693019685,0.5275888664107842,0.5277777777777777
composite_mlp_blend_75,25.0,2018-03-31_2019-02-28,12,0.3405616409078016,0.045204178762284775,0.3405616409078016,0.045204178762284775,0.29535746214551684,0.3578435082902485,0.9816080362146797,-0.16144839940580413,-0.032589089243883484,0.5,0.9388230725268835,1.8212596445558635,0.2972379598709065,0.5555555555555555
composite_mlp_blend_75,25.0,2018-04-30_2019-03-31,12,0.20828119521610744,0.07686204312787948,0.20828119521610744,0.07686204312787948,0.13141915208822796,0.35280144185501044,0.6896655951149517,-0.17317628256351736,-0.031039511736595693,0.4166666666666667,0.543151344165518,2.5565947130707025,0.04544520229148574,0.5555555555555555
composite_mlp_blend_75,25.0,2018-05-31_2019-04-30,12,0.012635704991421193,0.03769148450195714,0.012635704991421193,0.03769148450195714,-0.025055779510535947,0.37361376201214225,0.1925518305281276,-0.2665951207353656,-0.04957195403333192,0.3333333333333333,0.0976676879111113,2.6822883133785647,-0.038536932243774524,0.5277777777777778
composite_mlp_blend_75,25.0,2018-06-30_2019-05-31,12,0.0707473781378316,0.09645960452265201,0.0707473781378316,0.09645960452265201,-0.025712226384820402,0.37343154291465414,0.34311238429678176,-0.26659512073536573,-0.04957195403333203,0.3333333333333333,0.10182072414726688,2.9510577114507988,-0.14545872920056313,0.5277777777777778
composite_mlp_blend_75,25.0,2018-07-31_2019-06-30,12,0.1154167402788302,0.07648721996967378,0.1154167402788302,0.07648721996967378,0.03892952030915642,0.37209860097549474,0.4543032716659654,-0.2665951207353656,-0.04957195403333203,0.4166666666666667,0.29619883637457295,3.119519188198651,-0.07089649431539624,0.5
composite_mlp_blend_75,25.0,2018-08-31_2019-07-31,12,0.08054608404921826,0.051509897202665744,0.08054608404921826,0.051509897202665744,0.029036186846552514,0.37454231076080735,0.36772575403177676,-0.2665951207353656,-0.04957195403333203,0.4166666666666667,0.27036841283948626,3.149356815455764,-0.03237175543817972,0.5277777777777778
composite_mlp_blend_75,25.0,2018-09-30_2019-08-31,12,0.1370770615348469,0.032217370272061396,0.1370770615348469,0.032217370272061396,0.10485969126278549,0.3809410695611771,0.5027338585564262,-0.2665951207353656,-0.05569706120271434,0.4166666666666667,0.4798343078552,2.665954515223032,0.09998747439846101,0.5555555555555556
composite_mlp_blend_75,25.0,2018-10-31_2019-09-30,12,0.25668622324248913,0.0680196854801034,0.25668622324248913,0.0680196854801034,0.18866653776238573,0.3784671664855244,0.7731467531049153,-0.2665951207353654,-0.05569706120271445,0.5,0.6857437257685509,2.749701233394184,0.10548654893505116,0.611111111111111
composite_mlp_blend_75,25.0,2018-11-30_2019-10-31,12,0.022146374546140768,-0.007313909877188718,0.022146374546140768,-0.007313909877188718,0.029460284423329486,0.4185115931531152,0.23645326200406583,-0.26990061063321635,-0.07977064350808971,0.5,0.28946551115600927,3.434716741272729,0.11664951352963926,0.638888888888889
composite_mlp_blend_75,25.0,2018-12-31_2019-11-30,12,0.04259808469283044,0.01695714726683817,0.04259808469283044,0.01695714726683817,0.025640937425992272,0.423711303295293,0.28503603385558823,-0.26990061063321635,-0.07977064350808971,0.5,0.2808875625014082,3.1317849156019877,0.05460753565286214,0.6666666666666666
composite_mlp_blend_75,25.0,2019-01-31_2019-12-31,12,-0.2814632986520361,-0.0907583313333864,-0.2814632986520361,-0.0907583313333864,-0.19070496731864972,0.31652997594599225,-0.8793936437419033,-0.2695700126773418,-0.08173242622854304,0.4166666666666667,-0.7180939106677814,2.075414681559468,-0.08751874653128677,0.6944444444444445
composite_mlp_blend_75,25.0,2019-02-28_2020-01-31,12,-0.3733144144809446,-0.15374678206850467,-0.3733144144809446,-0.15374678206850467,-0.21956763241243993,0.33779771212308846,-1.196289410413104,-0.2873815946638312,-0.157070533612218,0.4166666666666667,-0.9261203411457598,1.9034887446135882,-0.09775748640262738,0.6944444444444445
composite_mlp_blend_75,25.0,2019-03-31_2020-02-29,12,-0.36428451049332566,-0.2983301643039218,-0.36428451049332566,-0.2983301643039218,-0.06595434618940388,0.3334756097616402,-1.1749619531563666,-0.38378884806603253,-0.2968733323797681,0.5,-0.2721922673344517,1.2725666005553202,0.028502208695573295,0.6944444444444445
composite_mlp_blend_75,25.0,2019-04-30_2020-03-31,12,-0.34155868271220235,-0.26938100433105683,-0.34155868271220235,-0.26938100433105683,-0.07217767838114553,0.33746695931910703,-1.056615149183357,-0.38378884806603253,-0.2897384073692094,0.5,-0.29792316021347076,1.2303675963943215,-0.0011971491995190764,0.7222222222222222
composite_mlp_blend_75,25.0,2019-05-31_2020-04-30,12,-0.2296266929239733,-0.23441422140073764,-0.2296266929239733,-0.23441422140073764,0.004787528476764336,0.3304929549930171,-0.622658573755452,-0.38378884806603253,-0.2897384073692094,0.5833333333333334,0.17102361688309542,1.2205797159771505,0.09443228184177888,0.7222222222222222
composite_mlp_blend_75,25.0,2019-06-30_2020-05-31,12,-0.27485124929630234,-0.22854562482453433,-0.27485124929630234,-0.22854562482453433,-0.046305624471768,0.32551778204752696,-0.8188875861332778,-0.3837888480660324,-0.2897384073692095,0.5,-0.14088445599901517,1.130615946930216,-0.0009208010840875414,0.638888888888889
composite_mlp_blend_75,25.0,2019-07-31_2020-06-30,12,-0.25046016535553506,-0.1941752572672133,-0.25046016535553506,-0.1941752572672133,-0.05628490808832176,0.33231942971586126,-0.69871417177037,-0.3837888480660324,-0.2827760862119635,0.5,-0.18789925065516383,1.1228470303282077,-0.01849826469846605,0.638888888888889
composite_mlp_blend_75,25.0,2019-08-31_2020-07-31,12,-0.1817392276062897,-0.1722348942847023,-0.1817392276062897,-0.1722348942847023,-0.0095043333215874,0.34112525199472943,-0.4198577913529924,-0.3837888480660324,-0.27948217627529803,0.5833333333333334,0.08796551218919212,1.1525292986422333,0.045819530435349254,0.638888888888889
composite_mlp_blend_75,25.0,2019-09-30_2020-08-31,12,-0.27048136580027526,-0.21057570090232802,-0.27048136580027526,-0.21057570090232802,-0.05990566489794724,0.3257844111685907,-0.7997567505943272,-0.38378884806603253,-0.27948217627529803,0.5833333333333334,-0.2600556254250502,1.1240641538683083,-0.026016275616409734,0.6944444444444445
composite_mlp_blend_75,25.0,2019-10-31_2020-09-30,12,-0.29306942962017357,-0.1766274605970889,-0.29306942962017357,-0.1766274605970889,-0.11644196902308468,0.3181124281767038,-0.922432593990103,-0.34343626847085273,-0.2794821762752979,0.5,-0.6715757603169368,1.0644553236537377,-0.11169378310347322,0.6111111111111112
composite_mlp_blend_75,25.0,2019-11-30_2020-10-31,12,-0.08810259649453855,-0.06643817837031618,-0.08810259649453855,-0.06643817837031618,-0.021664418124222373,0.30135794015474915,-0.16174083706894116,-0.34343626847085273,-0.2794821762752979,0.5,-0.08727335097997917,1.0055808145913634,-0.01269369963232092,0.638888888888889
composite_mlp_blend_75,25.0,2019-12-31_2020-11-30,12,0.041874450070746416,-0.050871312509224054,0.041874450070746416,-0.050871312509224054,0.09274576257997047,0.3951025067096896,0.27781976697902827,-0.25810297477039923,-0.2358764964179022,0.5,0.5140754677263827,1.1696060000600847,0.13935343438863868,0.638888888888889
composite_mlp_blend_75,25.0,2020-01-31_2020-12-31,12,0.3417868042101835,-0.013079995771551722,0.3417868042101835,-0.013079995771551722,0.3548667999817352,0.38985718749218706,0.934999135398701,-0.13528594361342983,-0.16758179221927783,0.5833333333333334,1.2465581910892691,1.061025926044995,0.4039045994415531,0.611111111111111
composite_mlp_blend_75,25.0,2020-02-29_2021-01-31,12,0.5828940396956388,0.14471568274700242,0.5828940396956388,0.14471568274700242,0.4381783569486364,0.3431674909663187,1.5114642986007523,-0.035518159223203116,-0.07033476780972703,0.5833333333333334,1.2848691727997958,0.843023988724122,0.4519087798937025,0.5555555555555555
composite_mlp_blend_75,25.0,2020-03-31_2021-02-28,12,0.6003806389606672,0.3187076559568369,0.6003806389606672,0.3187076559568369,0.28167298300383026,0.3378381811081815,1.5635832130026317,-0.12573324595732116,-0.07033476780972703,0.5,0.7932855460937426,0.9655703206940925,0.2754389832948909,0.5555555555555555
composite_mlp_blend_75,25.0,2020-04-30_2021-03-31,12,0.678206249884534,0.2712264885896778,0.678206249884534,0.2712264885896778,0.40697976129485625,0.33783900403923567,1.7105826342427046,-0.12573324595732116,-0.07033476780972714,0.5833333333333334,1.0835247396210195,0.9540252790625181,0.3908712456043262,0.5555555555555555
composite_mlp_blend_75,25.0,2020-05-31_2021-04-30,12,0.6276329625202179,0.2511461011810818,0.6276329625202179,0.2511461011810818,0.3764868613391361,0.3403232017996469,1.6061996211216194,-0.12573324595732116,-0.07033476780972703,0.5833333333333334,1.0312015260471137,0.9696808715133525,0.3642733959586515,0.5277777777777778
composite_mlp_blend_75,25.0,2020-06-30_2021-05-31,12,0.8761822968122033,0.22018559574957508,0.8761822968122033,0.22018559574957508,0.6559967010626282,0.33898405600420917,2.051557951171983,-0.12573324595732116,-0.07033476780972703,0.6666666666666666,1.6268487669241807,0.9746077509487383,0.6121584640781372,0.5555555555555555
composite_mlp_blend_75,25.0,2020-07-31_2021-06-30,12,0.6236196427698575,0.1787337447456181,0.6236196427698575,0.1787337447456181,0.4448858980242394,0.36837946965949364,1.5019340489968447,-0.12573324595732116,-0.07033476780972703,0.5833333333333334,1.1477364285564293,1.0244731359326484,0.4409533566810442,0.5277777777777777
composite_mlp_blend_75,25.0,2020-08-31_2021-07-31,12,0.5844865623581312,0.17406019021811336,0.5844865623581312,0.17406019021811336,0.41042637214001787,0.3682597594561349,1.433085696047147,-0.12573324595732116,-0.0471551797914731,0.5833333333333334,1.0822196786312965,1.0238257319497284,0.4114764072720356,0.49999999999999983
composite_mlp_blend_75,25.0,2020-09-30_2021-08-31,12,0.9086952805354633,0.29094300690606567,0.9086952805354633,0.29094300690606567,0.6177522736293977,0.37460852974666564,1.9356063180898433,-0.12573324595732116,-0.0471551797914731,0.5833333333333334,1.3289694521184199,1.0632102672950725,0.5430942198020317,0.44444444444444436
composite_mlp_blend_75,25.0,2020-10-31_2021-09-30,12,0.7210700167769151,0.285307502281577,0.7210700167769151,0.285307502281577,0.4357625144953381,0.39678344532602233,1.5724262236965296,-0.12573324595732116,-0.04715517979147299,0.5833333333333334,0.9625094040821822,0.9301859345423941,0.4540786374657839,0.49999999999999994
composite_mlp_blend_75,25.0,2020-11-30_2021-10-31,12,0.47852860107905104,0.164192612882329,0.47852860107905104,0.164192612882329,0.31433598819672204,0.4107358229429438,1.145492900657832,-0.13198027029144,-0.04715517979147299,0.5833333333333334,0.8104546722409287,1.3062296809830585,0.29722331751036046,0.47222222222222227
composite_mlp_blend_75,25.0,2020-12-31_2021-11-30,12,0.34381273555235126,0.10075285366229347,0.34381273555235126,0.10075285366229347,0.24305988189005778,0.3516589415703381,1.008721707735349,-0.1319802702914401,-0.04715517979147321,0.5833333333333334,0.7080500568860478,0.24110695638546814,0.385370865604461,0.4444444444444444
composite_mlp_blend_75,25.0,2021-01-31_2021-12-31,12,0.32225478089385184,0.1311417024200292,0.32225478089385184,0.1311417024200292,0.19111307847382264,0.3458373388056705,0.9728332178800685,-0.13198027029143988,-0.04715517979147299,0.5833333333333334,0.6097686192702526,0.6452527241789383,0.28572080404884637,0.47222222222222215
composite_mlp_blend_75,25.0,2021-02-28_2022-01-31,12,0.38379638821633044,0.1035559333431273,0.38379638821633044,0.1035559333431273,0.28024045487320315,0.34668205719351924,1.1063447797472572,-0.13198027029143988,-0.008710521467504728,0.6666666666666666,0.8445955916368776,1.2030791516404715,0.29462413342185734,0.5
composite_mlp_blend_75,25.0,2021-03-31_2022-02-28,12,0.585431930348346,0.1814244316261513,0.585431930348346,0.1814244316261513,0.40400749872219466,0.30428001743535504,1.6791799908475125,-0.13198027029143988,-0.008710521467504728,0.6666666666666666,1.0758300792810052,-0.6220850405866506,0.8240937037569449,0.5000000000000001
composite_mlp_blend_75,25.0,2021-04-30_2022-03-31,12,0.6208120297745088,0.2056999327796627,0.6208120297745088,0.2056999327796627,0.4151120969948461,0.3076289549099612,1.7385861213661018,-0.13198027029143988,-0.008710521467504728,0.6666666666666666,1.0846323750907234,-0.4156953733287357,0.8197071299830028,0.5
composite_mlp_blend_75,25.0,2021-05-31_2022-04-30,12,0.6151578535717239,0.20202014645819677,0.6151578535717239,0.20202014645819677,0.41313770711352715,0.3081222714343246,1.7244069057062579,-0.13198027029144,-0.011058901373715124,0.6666666666666666,1.0830289008722267,-0.3344361853824075,0.785434326117306,0.5277777777777778
composite_mlp_blend_75,25.0,2021-06-30_2022-05-31,12,0.36386265627911696,0.1547230806668567,0.36386265627911696,0.1547230806668567,0.20913957561226026,0.30875507680498837,1.1547972730512774,-0.13198027029144,-0.04389760737316839,0.5833333333333334,0.6845864336988065,0.6705021077511277,0.2903902513944818,0.5555555555555556
composite_mlp_blend_75,25.0,2021-07-31_2022-06-30,12,0.5928012917462759,0.14515293481688385,0.5928012917462759,0.14515293481688385,0.4476483569293921,0.2830268710466337,1.8018046103659964,-0.13198027029144,-0.04389760737316839,0.6666666666666666,1.328624965805273,0.6795888133621476,0.5044444797740959,0.6111111111111112
composite_mlp_blend_75,25.0,2021-08-31_2022-07-31,12,0.9224022936428464,0.16719366722844042,0.9224022936428464,0.16719366722844042,0.755208626414406,0.3490585225672965,2.073856367815759,-0.13198027029144,-0.04389760737316839,0.6666666666666666,1.6939702604766054,1.3043071301348717,0.6590586374711325,0.638888888888889
composite_mlp_blend_75,25.0,2021-09-30_2022-08-31,12,0.5821718223480636,0.11990803732841937,0.5821718223480636,0.11990803732841937,0.46226378501964427,0.3443613022562585,1.5050313483119777,-0.06476799369034636,-0.04389760737316817,0.5833333333333334,1.2367037115941122,1.4034342558176318,0.4172843504629702,0.6666666666666666
composite_mlp_blend_75,25.0,2021-10-31_2022-09-30,12,0.6749304091228328,0.07700156092153554,0.6749304091228328,0.07700156092153554,0.5979288482012972,0.32845991172466876,1.7435569523412668,-0.06048261375667863,-0.04389760737316828,0.5833333333333334,1.7265798710953517,2.759999188455656,0.42605418271301754,0.6666666666666666
composite_mlp_blend_75,25.0,2021-11-30_2022-10-31,12,0.774977213797424,0.0837751064100245,0.774977213797424,0.0837751064100245,0.6912021073873995,0.31192259355104573,2.0150889243094126,-0.06884882144766491,-0.04389760737316839,0.5833333333333334,1.9999923297376383,2.5993533562791433,0.4997733016681867,0.6944444444444445
composite_mlp_blend_75,25.0,2021-12-31_2022-11-30,12,0.4575233731848589,0.04089310124175727,0.4575233731848589,0.04089310124175727,0.41663027194310165,0.3062573258271736,1.3779711953584513,-0.11701142121864316,-0.052330809109684795,0.5,1.4851584850347213,2.5494174907346308,0.3600050385999227,0.6944444444444445
composite_mlp_blend_75,25.0,2022-01-31_2022-12-31,12,0.536761147725471,0.03139589518781816,0.536761147725471,0.03139589518781816,0.5053652525376529,0.33013170188537916,1.4629940962742014,-0.11701142121864316,-0.0538908420070876,0.5,1.5622735901658094,2.381781321386543,0.4844139520023161,0.6944444444444443
composite_mlp_blend_75,25.0,2022-02-28_2023-01-31,12,0.3038625842386704,-0.006523085673795559,0.3038625842386704,-0.006523085673795559,0.31038566991246597,0.3579152594565925,0.9009128762087698,-0.11701142121864316,-0.053890842007087936,0.4166666666666667,1.0221548737074844,2.8736681305224607,0.3901840844712279,0.6666666666666666
composite_mlp_blend_75,25.0,2022-03-31_2023-02-28,12,0.24240291573208417,-0.03763942955797195,0.24240291573208417,-0.03763942955797195,0.2800423452900561,0.36459548468068675,0.7549070683901448,-0.1422278406019799,-0.05860315994470999,0.4166666666666667,0.9658569058909194,3.622679387403378,0.49115766261634364,0.6388888888888888
composite_mlp_blend_75,25.0,2022-04-30_2023-03-31,12,0.06057499724971205,-0.0433257664262765,0.06057499724971205,-0.0433257664262765,0.10390076367598855,0.3653380004883307,0.3147938537951868,-0.198330463894136,-0.052003665957635614,0.3333333333333333,0.46968134756863217,2.96638173774474,0.2685241345086118,0.6388888888888888
composite_mlp_blend_75,25.0,2022-05-31_2023-04-30,12,0.054646784410664395,-0.07213752035282106,0.054646784410664395,-0.07213752035282106,0.12678430476348546,0.3654909161569209,0.2993225396099314,-0.20040602395187956,-0.07596598010903766,0.3333333333333333,0.5403770848694749,2.3267946217602655,0.3149184919728074,0.6666666666666666
composite_mlp_blend_75,25.0,2022-06-30_2023-05-31,12,0.11249426335150714,-0.0361282154897381,0.11249426335150714,-0.0361282154897381,0.14862247884124524,0.35974829087229215,0.44872896740133034,-0.20040602395187956,-0.07596598010903755,0.3333333333333333,0.5858003678518733,2.2934853869154535,0.2688651361339405,0.6666666666666666
composite_mlp_blend_75,25.0,2022-07-31_2023-06-30,12,0.18754577771158765,-0.0028433046031512976,0.18754577771158765,-0.0028433046031512976,0.19038908231473894,0.3782408483447891,0.6171557021746972,-0.20040602395187945,-0.07596598010903743,0.3333333333333333,0.6819670481485678,2.43506362516964,0.2593387333640149,0.638888888888889
composite_mlp_blend_75,25.0,2022-08-31_2023-07-31,12,0.1797009972396839,-0.031389184091800915,0.1797009972396839,-0.031389184091800915,0.21109018133148483,0.3728638876737887,0.6039488173352742,-0.20040602395187945,-0.0655917893195096,0.3333333333333333,0.7156517026919776,1.637166200608094,0.3101139686137293,0.6666666666666666
composite_mlp_blend_75,25.0,2022-09-30_2023-08-31,12,0.3291044932117537,-0.014331580574544756,0.3291044932117537,-0.014331580574544756,0.3434360737862985,0.3703553883739723,0.9350198132966693,-0.20040602395187934,-0.06559178931950937,0.4166666666666667,1.0060073924965642,1.4916694638034793,0.4316505980266583,0.6666666666666666
composite_mlp_blend_75,25.0,2022-10-31_2023-09-30,12,0.2660651389536326,-0.04883569016310929,0.2660651389536326,-0.04883569016310929,0.3149008291167419,0.3795307607359238,0.7896263057254793,-0.20040602395187934,-0.06327241269436523,0.4166666666666667,0.968557563637231,1.869494845382263,0.46525603291819606,0.638888888888889
composite_mlp_blend_75,25.0,2022-11-30_2023-10-31,12,0.26812616584246185,-8.074453772832779e-05,0.26812616584246185,-8.074453772832779e-05,0.2682069103801902,0.3793770460058624,0.7941990142464788,-0.20040602395187934,-0.04084242285001627,0.4166666666666667,0.8107824037283499,1.0462447849616963,0.34138568741617537,0.6388888888888888
composite_mlp_blend_75,25.0,2022-12-31_2023-11-30,12,0.3598412859039042,0.06162621592425688,0.3598412859039042,0.06162621592425688,0.2982150699796473,0.37031576024435087,0.9988324124426646,-0.20040602395187934,-0.04084242285001627,0.4166666666666667,0.8373915047864504,0.7099236276270654,0.3777963704027243,0.6944444444444443
composite_mlp_blend_75,25.0,2023-01-31_2023-12-31,12,0.1489537011649278,0.05389394652891433,0.1489537011649278,0.05389394652891433,0.09505975463601346,0.3318299376056094,0.5620712336329344,-0.11029183168127432,-0.04084242285001627,0.4166666666666667,0.4040510779938532,0.8865553505021462,0.14555604877069261,0.7222222222222222
composite_mlp_blend_75,25.0,2023-02-28_2024-01-31,12,0.3612254921926972,0.06910062416905749,0.3612254921926972,0.06910062416905749,0.2921248680236397,0.3087997137739516,1.1416839189444914,-0.07087943976181454,-0.04084242285001627,0.5,0.9413392256116639,0.8543665228612943,0.33466059664126924,0.7499999999999999
composite_mlp_blend_75,25.0,2023-03-31_2024-02-29,12,0.38655459952195614,0.07105311702696282,0.38655459952195614,0.07105311702696282,0.3155014824949933,0.3045800135951865,1.21581036982001,-0.07087943976181443,-0.04084242285001627,0.5,1.005603003664418,0.8165379081311765,0.3595617926727561,0.7777777777777777
composite_mlp_blend_75,25.0,2023-04-30_2024-03-31,12,0.36823305465782075,0.04605177038880415,0.36823305465782075,0.04605177038880415,0.3221812842690166,0.3090554490599909,1.1582454331022105,-0.10339026658066752,-0.028914327222309355,0.5,1.0592777482538256,1.1431355699278334,0.34780785746188947,0.75
composite_mlp_blend_75,25.0,2023-05-31_2024-04-30,12,0.3539212910065481,0.05087612226469651,0.3539212910065481,0.05087612226469651,0.3030451687418516,0.3104224048278527,1.1195361707639913,-0.11506591760284501,-0.04720745865673304,0.5,1.0094722184613523,1.2459478248019764,0.3205115680278958,0.7222222222222222
composite_mlp_blend_75,25.0,2023-06-30_2024-05-31,12,0.35346157905851716,0.06029804021364593,0.35346157905851716,0.06029804021364593,0.29316353884487123,0.31045643679939,1.1183190955244098,-0.1150659176028449,-0.04720745865673304,0.5,0.9736376162190569,1.196521078940484,0.30960505448235787,0.75
composite_mlp_blend_75,25.0,2023-07-31_2024-06-30,12,0.2412136159890641,0.046802268590376395,0.2412136159890641,0.046802268590376395,0.1944113473986877,0.28732054298361687,0.8795075902871772,-0.1150659176028449,-0.04720745865673304,0.5,0.725076857433563,0.7621929396086201,0.2379845208188771,0.7499999999999999
composite_mlp_blend_75,25.0,2023-08-31_2024-07-31,12,-0.050076311943302865,0.10318514893952901,-0.050076311943302865,0.10318514893952901,-0.15326146088283188,0.16881547340156858,-0.2262819169398358,-0.12262563012640704,-0.04720745865673315,0.4166666666666667,-0.7792938186106634,0.2760988994698037,-0.06463410520324797,0.7222222222222222
composite_mlp_blend_75,25.0,2023-09-30_2024-08-31,12,-0.030711664001904948,0.08473288946892565,-0.030711664001904948,0.08473288946892565,-0.1154445534708306,0.1812115308618772,-0.08961081918231391,-0.12262563012640693,-0.04720745865673315,0.4166666666666667,-0.5003283503979831,0.056231469888694804,-0.0208876630570638,0.75
composite_mlp_blend_75,25.0,2023-10-31_2024-09-30,12,0.1571560896276356,0.12170948346779942,0.1571560896276356,0.12170948346779942,0.03544660615983619,0.20230785229736642,0.8164122308522221,-0.12262563012640715,-0.047207458656732815,0.5,0.19537422519291825,-0.27397681442102073,0.21686633172513758,0.8055555555555555
composite_mlp_blend_75,25.0,2023-11-30_2024-10-31,12,0.10655063452356806,0.004734660022875703,0.10655063452356806,0.004734660022875703,0.10181597450069235,0.2116780427388477,0.5751794833064522,-0.12262563012640693,-0.07254414974326939,0.5833333333333334,0.4968508108061243,0.2555821547639863,0.1259030467261979,0.7777777777777777
composite_mlp_blend_75,25.0,2023-12-31_2024-11-30,12,0.22669205137299464,-0.026522408525777696,0.22669205137299464,-0.026522408525777696,0.25321445989877234,0.24210213709474968,0.9589183430545188,-0.12262563012640704,-0.07702368625268241,0.6666666666666666,0.9986963261640692,0.21972049707513636,0.26446636927488143,0.7499999999999999
composite_mlp_blend_75,25.0,2024-01-31_2024-12-31,12,0.24111508896062195,-0.013699490369203038,0.24111508896062195,-0.013699490369203038,0.254814579329825,0.24131101265032892,1.0107394575011404,-0.12262563012640704,-0.07702368625268208,0.6666666666666666,0.9932494774714377,0.19939388837702096,0.275295210952724,0.7222222222222222
composite_mlp_blend_75,25.0,2024-02-29_2025-01-31,12,0.10291996449851348,-0.14290566323586873,0.10291996449851348,-0.14290566323586873,0.2458256277343822,0.2465651361611517,0.5083636717093293,-0.09753985612555272,-0.18252959118595857,0.6666666666666666,1.040999201574969,0.39452168162720275,0.19712342187373388,0.6666666666666666
composite_mlp_blend_75,25.0,2024-03-31_2025-02-28,12,0.10493921262934003,-0.10676537761977256,0.10493921262934003,-0.10676537761977256,0.2117045902491126,0.2462702184994526,0.5161999993408016,-0.0784206723870361,-0.1825295911859588,0.6666666666666666,0.8483578392856603,0.2942459823579337,0.16820495159068916,0.6111111111111112
composite_mlp_blend_75,25.0,2024-04-30_2025-03-31,12,0.21743611987797862,-0.06461005552580057,0.21743611987797862,-0.06461005552580057,0.2820461754037792,0.22664091297962166,0.9752036323144081,-0.0784206723870362,-0.18252959118595868,0.6666666666666666,1.0779368802624114,0.2697767247629434,0.2624084891427725,0.638888888888889
composite_mlp_blend_75,25.0,2024-05-31_2025-04-30,12,0.44332613537284526,0.02942056800377868,0.44332613537284526,0.02942056800377868,0.4139055673690666,0.26896158451156005,1.502632983441182,-0.07842067238703598,-0.18252959118595857,0.6666666666666666,1.3411684108302881,0.5032833859204892,0.45656438150238166,0.611111111111111
composite_mlp_blend_75,25.0,2024-06-30_2025-05-31,12,0.3798471871043574,-0.019239253194651806,0.3798471871043574,-0.019239253194651806,0.3990864402990092,0.2783564257707574,1.2938719521520028,-0.0784206723870362,-0.18252959118595835,0.6666666666666666,1.359027886205545,0.587376282545853,0.4292006176514209,0.611111111111111
composite_mlp_blend_75,25.0,2024-07-31_2025-06-30,12,0.6180664038762518,0.03150250800801424,0.6180664038762518,0.03150250800801424,0.5865638958682375,0.34037316833790476,1.588080279192154,-0.0784206723870361,-0.1825295911859589,0.6666666666666666,1.6908793540077336,0.9065489244047926,0.6257588134257095,0.6388888888888888
composite_mlp_blend_75,25.0,2024-08-31_2025-07-31,12,0.5738768080675982,0.02082724764079913,0.5738768080675982,0.02082724764079913,0.5530495604267991,0.34924740039114527,1.4735458727814772,-0.07842067238703632,-0.1720911800730176,0.6666666666666666,1.5919564581565948,0.9325291842023092,0.5994419343900135,0.6388888888888888
composite_mlp_blend_75,25.0,2024-09-30_2025-08-31,12,0.8873051930452056,0.07082064647411035,0.8873051930452056,0.07082064647411035,0.8164845465710953,0.4436498364708462,1.6534313222573762,-0.0784206723870361,-0.1720911800730176,0.6666666666666666,1.6830814323618382,1.1524419265711803,0.855019449384389,0.6111111111111112
composite_mlp_blend_75,25.0,2024-10-31_2025-09-30,12,0.8294030393452128,0.07787885846139209,0.8294030393452128,0.07787885846139209,0.7515241808838207,0.44022192886555256,1.5884362185782743,-0.0784206723870362,-0.11858833109117162,0.6666666666666666,1.5953592767811215,1.1574122247751426,0.7817035789857902,0.5555555555555556
composite_mlp_blend_75,25.0,2024-11-30_2025-10-31,12,0.8484566776771882,0.1960061542824556,0.8484566776771882,0.1960061542824556,0.6524505233947326,0.4376554103678065,1.6203422963218224,-0.0784206723870361,-0.11795970406671652,0.5833333333333334,1.2778811676177855,0.9611216638420269,0.6651234581554748,0.5277777777777778
composite_mlp_blend_75,25.0,2024-12-31_2025-11-30,12,0.974437186854566,0.22133541890163522,0.974437186854566,0.22133541890163522,0.7531017679529308,0.4570241806383138,1.7197765695007774,-0.0784206723870361,-0.11795970406671652,0.5833333333333334,1.3590521979132046,1.0207392479040511,0.7361121641326756,0.5277777777777778
composite_mlp_blend_75,25.0,2025-01-31_2025-12-31,12,0.9657109389928802,0.17166648362633885,0.9657109389928802,0.17166648362633885,0.7940444553665413,0.45762902370075675,1.7077417561017585,-0.07725416493467285,-0.03669877287899381,0.5833333333333334,1.4538666615422988,1.0127015253164051,0.8012612583321481,0.5555555555555555
composite_mlp_blend_75,25.0,2025-02-28_2026-01-31,12,1.0815653261913223,0.31334945156909844,1.0815653261913223,0.31334945156909844,0.7682158746222238,0.44504358996999416,1.8813411147652928,-0.07725416493467285,-0.04758367670999886,0.5833333333333334,1.3275618239357192,1.2540956976769047,0.6051107023864954,0.5833333333333333
composite_mlp_blend_75,25.0,2025-03-31_2026-02-28,12,0.8878894699029622,0.08257309459079365,0.8878894699029622,0.08257309459079365,0.8053163753121686,0.4745694305974299,1.5733338666999837,-0.1166398167632815,-0.18488813271044613,0.6666666666666666,1.6120122846227167,1.2481920662072654,0.832828387626962,0.638888888888889
composite_mlp_blend_75,25.0,2025-04-30_2026-03-31,12,1.0166849543195244,0.028079656548997578,1.0166849543195244,0.028079656548997578,0.9886052977705269,0.4722841253858292,1.7277297331939467,-0.1166398167632815,-0.19546042589812018,0.75,1.95001754583676,1.3036492754898157,1.0764803065663844,0.638888888888889
composite_mlp_blend_75,25.0,2025-05-31_2026-04-30,12,0.2659494600261372,-0.14610708694572017,0.2659494600261372,-0.14610708694572017,0.41205654697185734,0.5619132040572703,0.6769596738852601,-0.2956999449188983,-0.29138146686445754,0.6666666666666666,1.1592787684160797,1.6505234174660635,0.7919003110577381,0.6666666666666666
composite_mlp_blend_75,25.0,2025-06-30_2026-05-31,12,-0.008872309043759796,-0.18541351506394133,-0.008872309043759796,-0.18541351506394133,0.17654120602018153,0.6268997717962401,0.2756363908288048,-0.47270266336490563,-0.34737666250868915,0.6666666666666666,0.711933737894744,1.847894512464529,0.6292657008188833,0.6666666666666666
composite_mlp_blend_75,25.0,2025-07-31_2026-06-30,12,0.07265168207533979,-0.1667764227923394,0.07265168207533979,-0.1667764227923394,0.23942810486767918,0.6704586445414723,0.4080419316580467,-0.47270266336490563,-0.34737666250868904,0.6666666666666666,0.8252502876519198,1.9764128176863769,0.7498014257000258,0.638888888888889
online_best,25.0,2015-01-31_2015-12-31,12,0.0,-0.12747006008062733,0.0,-0.12747006008062733,0.12747006008062733,0.0,,0.0,-0.2346154234110901,0.5,0.7954681733349814,0.0,0.0,0.0
online_best,25.0,2015-02-28_2016-01-31,12,0.014052128195872537,-0.12464244015822579,0.014052128195872537,-0.12464244015822579,0.13869456835409832,0.014052128195872631,0.9999999999999999,0.0,-0.2346154234110902,0.5,0.8793226762557215,0.027213565077568218,0.01747989557176899,0.08333333333333333
online_best,25.0,2015-03-31_2016-02-29,12,0.03784930705839007,-0.12200466014015787,0.03784930705839007,-0.12200466014015787,0.15985396719854794,0.02623402508130618,1.430186174759574,0.0,-0.1902603904171294,0.5833333333333334,1.0264937455211356,0.053065898800786306,0.04466054665667185,0.1111111111111111
online_best,25.0,2015-04-30_2016-03-31,12,0.15411479363688096,-0.048726200591690305,0.15411479363688096,-0.048726200591690305,0.20284099422857127,0.11168575274272319,1.338979583518946,0.0,-0.19026039041712928,0.5833333333333334,1.1156160061002374,0.06754625042626052,0.1634022523949228,0.16666666666666666
online_best,25.0,2015-05-31_2016-04-30,12,0.08719937653790266,-0.08042168629585977,0.08719937653790266,-0.08042168629585977,0.16762106283376244,0.13195394531904864,0.6939169565841015,-0.05797986254739218,-0.13984875260474772,0.5833333333333334,0.9335589355242,0.10481273707609706,0.1040917288952854,0.19444444444444445
online_best,25.0,2015-06-30_2016-05-31,12,0.22581738400935203,0.021583559353247406,0.22581738400935203,0.021583559353247406,0.20423382465610462,0.17761043806831417,1.2334025100977806,-0.05797986254739218,-0.12048239811387595,0.5833333333333334,1.0192376971520476,0.41026964548293365,0.22783657397955426,0.22222222222222224
online_best,25.0,2015-07-31_2016-06-30,12,0.40474241773883146,0.08609325121736311,0.40474241773883146,0.08609325121736311,0.31864916652146835,0.21688054469130705,1.6830878858408804,-0.05797986254739218,-0.06335332759593715,0.5833333333333334,1.3228600778871848,0.6171337166631654,0.35647723003918474,0.25000000000000006
online_best,25.0,2015-08-31_2016-07-31,12,0.8249645710338549,0.19435729107699262,0.8249645710338549,0.19435729107699262,0.6306072799568623,0.34157159751199634,1.9444660092727988,-0.05797986254739218,-0.010009943632593221,0.5833333333333334,1.4994805486697582,1.0761180281643146,0.5786914892175838,0.3055555555555556
online_best,25.0,2015-09-30_2016-08-31,12,0.8118257558802542,0.27010420996995776,0.8118257558802542,0.27010420996995776,0.5417215459102964,0.34291747110111287,1.9158395996907749,-0.05797986254739218,-0.010009943632593332,0.5,1.284693347967926,1.7240851651019287,0.26338515479232827,0.3055555555555555
online_best,25.0,2015-10-31_2016-09-30,12,1.3301399501668874,0.2171792753369357,1.3301399501668874,0.2171792753369357,1.1129606748299516,0.4065202103683231,2.3198053053911316,-0.05797986254739218,-0.010009943632593221,0.5833333333333334,1.9310687380575333,2.4268010397561954,0.5663924235780435,0.3055555555555555
online_best,25.0,2015-11-30_2016-10-31,12,1.2966439373919627,0.15802517726789156,1.2966439373919627,0.15802517726789156,1.1386187601240711,0.409792786047784,2.2662005400401535,-0.05797986254739218,-0.05046191183613391,0.5833333333333334,2.0426826154756346,1.819434962432156,0.888137910910036,0.3055555555555555
online_best,25.0,2015-12-31_2016-11-30,12,1.3074673065526206,0.15325670090751609,1.3074673065526206,0.15325670090751609,1.1542106056451045,0.4088478951730238,2.282964724292302,-0.05797986254739218,-0.05046191183613402,0.5833333333333334,2.079453293180787,1.9067161607503587,0.8873952575576625,0.3333333333333333
online_best,25.0,2016-01-31_2016-12-31,12,2.0946590700951933,0.1471553785298949,2.0946590700951933,0.1471553785298949,1.9475036915652983,0.4750204423434614,2.6831161394347607,-0.05797986254739218,-0.05046191183613402,0.6666666666666666,2.4726979959907975,1.4086674946082707,1.7981638140091358,0.3333333333333333
online_best,25.0,2016-02-29_2017-01-31,12,1.9179761408716,0.12910312615333996,1.9179761408716,0.12910312615333996,1.78887301471826,0.4905481620753445,2.480163979492601,-0.05797986254739229,-0.05046191183613391,0.6666666666666666,2.3159716140548485,1.6412957080155577,1.637540785231912,0.25
online_best,25.0,2016-03-31_2017-02-28,12,2.214846703278304,0.1492046756740173,2.214846703278304,0.1492046756740173,2.065642027604287,0.4835056561800263,2.731645267417462,-0.05797986254739218,-0.05046191183613402,0.6666666666666666,2.546066355822223,1.64801216107047,1.821967964241562,0.2222222222222222
online_best,25.0,2016-04-30_2017-03-31,12,2.1679296230391234,0.17503808646495478,2.1679296230391234,0.17503808646495478,1.9928915365741686,0.483706146807773,2.6969621600626588,-0.04384300543173991,-0.05046191183613402,0.6666666666666666,2.4612388568632557,1.6679181486454913,1.6790700438781214,0.19444444444444442
online_best,25.0,2016-05-31_2017-04-30,12,2.432538108441769,0.19627580709932912,2.432538108441769,0.19627580709932912,2.23626230134244,0.4599414551003193,3.007386095256754,-0.04384300543173991,-0.05046191183613402,0.75,2.691537515576264,1.3143886512259602,1.9742002605703495,0.19444444444444442
online_best,25.0,2016-06-30_2017-05-31,12,1.849965298017016,0.16211773486732262,1.849965298017016,0.16211773486732262,1.6878475631496934,0.4930091039263842,2.4175241618916785,-0.06386003593829404,-0.05046191183613402,0.6666666666666666,2.158863812748212,1.370907130878858,1.5656117755632648,0.2222222222222222
online_best,25.0,2016-07-31_2017-06-30,12,1.643758529259232,0.11985678631409691,1.643758529259232,0.11985678631409691,1.5239017429451351,0.49142149189168993,2.256609076952828,-0.06386003593829404,-0.05046191183613402,0.6666666666666666,2.0646077536683864,1.3481772069038223,1.4989855471922247,0.2222222222222222
online_best,25.0,2016-08-31_2017-07-31,12,1.129793004854776,0.08878533946639733,1.129793004854776,0.08878533946639733,1.0410076653883786,0.4374512139664041,1.9576653261900252,-0.06386003593829404,-0.05046191183613402,0.6666666666666666,1.7567022568677313,0.5018744483858286,1.194453781101176,0.19444444444444442
online_best,25.0,2016-09-30_2017-08-31,12,1.415489986952542,0.09996258200034913,1.415489986952542,0.09996258200034913,1.3155274049521928,0.4315915966837364,2.292816621005825,-0.06386003593829404,-0.05046191183613402,0.75,2.0535795986495953,0.30262925168436633,1.5178172446488665,0.2222222222222222
online_best,25.0,2016-10-31_2017-09-30,12,1.046589836247267,0.1075588143605537,1.046589836247267,0.1075588143605537,0.9390310218867133,0.3709381332749384,2.1382214312981778,-0.06386003593829415,-0.0004923640702735321,0.75,1.834887472965894,0.2283988295130965,1.1074661144391027,0.25
online_best,25.0,2016-11-30_2017-10-31,12,1.1303553244504942,0.1559996199134983,1.1303553244504942,0.1559996199134983,0.9743557045369959,0.36351028571215227,2.2928891845690833,-0.06386003593829404,-0.008932388259170088,0.75,1.8313494565199169,-1.779267007320383,1.8502763633225934,0.2777777777777778
online_best,25.0,2016-12-31_2017-11-30,12,1.181007904095416,0.19992461049678534,1.181007904095416,0.19992461049678534,0.9810832935986307,0.3596329481107328,2.3840347393038943,-0.06386003593829404,-0.008932388259169977,0.75,1.7724854191438948,-0.9828529409087723,1.7110882210836285,0.25
online_best,25.0,2017-01-31_2017-12-31,12,1.328214856988808,0.24773371905633135,1.328214856988808,0.24773371905633135,1.0804811379324766,0.43680190749106235,2.1700872088688907,-0.06386003593829392,-0.008932388259170088,0.75,1.713276068582081,1.8067307002421658,0.6963661521325029,0.2777777777777778
online_best,25.0,2017-02-28_2018-01-31,12,1.7671437049843433,0.22472528642954592,1.7671437049843433,0.22472528642954592,1.5424184185547973,0.41830546289261766,2.6969731678160183,-0.06386003593829404,-0.008932388259170088,0.8333333333333334,2.27104294256572,1.4626784294279178,1.2221120543281172,0.2777777777777778
online_best,25.0,2017-03-31_2018-02-28,12,1.186691920027799,0.11150665310004948,1.186691920027799,0.11150665310004948,1.0751852669277495,0.46216496941180985,1.9292422755449294,-0.10893694463517367,-0.06307407298992962,0.75,1.843503003658479,2.0494932670581343,0.9076320881215372,0.2777777777777778
online_best,25.0,2017-04-30_2018-03-31,12,1.1691375694256605,0.054403018339003184,1.1691375694256605,0.054403018339003184,1.1147345510866573,0.4618022313827957,1.9117087107297646,-0.10893694463517367,-0.09250223900477905,0.75,1.9314402682567742,1.7489832000981103,1.1289938221443032,0.25
online_best,25.0,2017-05-31_2018-04-30,12,1.2726930996749997,0.042771960341875914,1.2726930996749997,0.042771960341875914,1.2299211393331237,0.45827431838677823,2.0327567323118525,-0.10893694463517367,-0.09416874157139277,0.75,2.0942858493857113,1.7731804319910829,1.2669612182377468,0.2222222222222222
online_best,25.0,2017-06-30_2018-05-31,12,1.413420181234347,-0.005226881237519021,1.413420181234347,-0.005226881237519021,1.418647062471866,0.4421321852764105,2.238079059441979,-0.10893694463517367,-0.12207676452647664,0.8333333333333334,2.5190530613780178,2.036667303560243,1.583378673976818,0.2222222222222222
online_best,25.0,2017-07-31_2018-06-30,12,1.3805583317701369,0.0163507796990916,1.3805583317701369,0.0163507796990916,1.3642075520710453,0.4430614446820883,2.2007150691812183,-0.10893694463517367,-0.12207676452647676,0.8333333333333334,2.403569119582533,1.8982816150672435,1.4537424747338008,0.2222222222222222
online_best,25.0,2017-08-31_2018-07-31,12,1.187494721503831,0.02633003466478856,1.187494721503831,0.02633003466478856,1.1611646868390424,0.4581796392175621,1.94284939558898,-0.10893694463517367,-0.12207676452647653,0.75,2.058584151868836,1.7806076511934874,1.2359844910198166,0.22222222222222224
online_best,25.0,2017-09-30_2018-08-31,12,0.86531428452632,0.012828519177035869,0.86531428452632,0.012828519177035869,0.8524857653492841,0.4676421214107087,1.5489127038102792,-0.10893694463517367,-0.12207676452647664,0.6666666666666666,1.6581362905168202,1.8278306066423047,0.9543129544354356,0.2222222222222222
online_best,25.0,2017-10-31_2018-09-30,12,0.6019412233058083,-0.028994428060318933,0.6019412233058083,-0.028994428060318933,0.6309356513661273,0.48220870960722306,1.1830608030795209,-0.1359038180273474,-0.12207676452647676,0.5833333333333334,1.3605787160093021,1.9577724600698838,0.8217123780127873,0.19444444444444442
online_best,25.0,2017-11-30_2018-10-31,12,0.5379889466218091,0.017470333624036494,0.5379889466218091,0.017470333624036494,0.5205186129977726,0.4859329051339919,1.0897057584662762,-0.14885878838914646,-0.12207676452647676,0.5,1.1268393462209716,1.6016997414776701,0.6164946806841212,0.19444444444444442
online_best,25.0,2017-12-31_2018-11-30,12,0.7457204621428217,-0.025356283802123625,0.7457204621428217,-0.025356283802123625,0.7710767459449454,0.5007256850900257,1.3349703747392643,-0.14885878838914646,-0.12207676452647687,0.5833333333333334,1.5326467684969372,2.595357654881515,1.0142058326531158,0.24999999999999997
online_best,25.0,2018-01-31_2018-12-31,12,0.38574787280213485,-0.01099995180484914,0.38574787280213485,-0.01099995180484914,0.396747824606984,0.30938077108683865,1.206407803759775,-0.14885878838914635,-0.12095719505337177,0.5833333333333334,1.415086509909282,1.4166472164206936,0.45406677176162313,0.27777777777777773
online_best,25.0,2018-02-28_2019-01-31,12,0.20648826345684013,-0.023323412109537922,0.20648826345684013,-0.023323412109537922,0.22981167556637805,0.28904803803485263,0.7826831486507302,-0.14885878838914646,-0.06297476655901424,0.5833333333333334,1.0084870929489447,1.437888143281334,0.2823107880214699,0.3333333333333333
online_best,25.0,2018-03-31_2019-02-28,12,0.1772081949305524,0.045204178762284775,0.1772081949305524,0.045204178762284775,0.13200401616826762,0.30007629055817936,0.6818531479821498,-0.14885878838914646,-0.032589089243883484,0.5833333333333334,0.5561793829787541,1.1157459847144091,0.16142579553338132,0.3611111111111111
online_best,25.0,2018-04-30_2019-03-31,12,0.18564290949633366,0.07686204312787948,0.18564290949633366,0.07686204312787948,0.10878086636845419,0.3021507420112995,0.7029482433867629,-0.14885878838914646,-0.031039511736595693,0.5833333333333334,0.4937080579546247,1.6028209486851912,0.09138602544698293,0.4166666666666667
online_best,25.0,2018-05-31_2019-04-30,12,0.03768376348280067,0.03769148450195714,0.03768376348280067,0.03769148450195714,-7.721019156470277e-06,0.3066628495865631,0.2574137972578696,-0.14885878838914623,-0.04957195403333192,0.5,0.1406217051021874,1.6896999715007281,0.008941394357526056,0.4444444444444444
online_best,25.0,2018-06-30_2019-05-31,12,0.08244389102227645,0.09645960452265201,0.08244389102227645,0.09645960452265201,-0.01401571350037556,0.30775641990369185,0.39583150846479354,-0.14885878838914623,-0.04957195403333203,0.5,0.09586983508978951,1.9054614322619483,-0.060027911206955165,0.4166666666666666
online_best,25.0,2018-07-31_2019-06-30,12,0.07347906788949632,0.07648721996967378,0.07347906788949632,0.07648721996967378,-0.003008152080177462,0.3066943480439382,0.3688864106150094,-0.13976846813474764,-0.04957195403333203,0.5,0.13279000061685994,1.8790444263899246,-0.0323578048619686,0.4444444444444444
online_best,25.0,2018-08-31_2019-07-31,12,0.17297301351465855,0.051509897202665744,0.17297301351465855,0.051509897202665744,0.1214631163119928,0.3045082682378087,0.6642500306810235,-0.13976846813474753,-0.04957195403333203,0.5833333333333334,0.5581561747824199,1.8210501107701953,0.10869536969448435,0.4166666666666667
online_best,25.0,2018-09-30_2019-08-31,12,0.2529369677229629,0.032217370272061396,0.2529369677229629,0.032217370272061396,0.22071959745090153,0.298177954234937,0.8978677310801612,-0.13976846813474764,-0.05569706120271434,0.6666666666666666,0.8814069166111852,1.5698294297083093,0.23300544741619134,0.4166666666666667
online_best,25.0,2018-10-31_2019-09-30,12,0.2869687743863427,0.0680196854801034,0.2869687743863427,0.0680196854801034,0.21894908890623932,0.291133715902363,1.0068994212169002,-0.13976846813474764,-0.05569706120271445,0.6666666666666666,0.8423259983228685,1.3632070423470402,0.21699749142211577,0.44444444444444436
online_best,25.0,2018-11-30_2019-10-31,12,0.4431895468202238,-0.007313909877188718,0.4431895468202238,-0.007313909877188718,0.45050345669741254,0.2979448969912673,1.3851859555859187,-0.13976846813474753,-0.07977064350808971,0.75,1.498236070797885,1.1821335098437267,0.5064017652356669,0.4166666666666666
online_best,25.0,2018-12-31_2019-11-30,12,0.3027822150850352,0.01695714726683817,0.3027822150850352,0.01695714726683817,0.28582506781819705,0.26206437993725556,1.1414005434762644,-0.13976846813474764,-0.07977064350808971,0.75,1.1049705763653286,0.7680114280976114,0.3221974238678613,0.38888888888888884
online_best,25.0,2019-01-31_2019-12-31,12,0.07698336520102256,-0.0907583313333864,0.07698336520102256,-0.0907583313333864,0.16774169653440896,0.24401865842636009,0.4186127970883621,-0.13056200980370725,-0.08173242622854304,0.6666666666666666,0.7886772195190911,0.5044717855234263,0.15804214949368078,0.3611111111111111
online_best,25.0,2019-02-28_2020-01-31,12,-0.03274117638303997,-0.15374678206850467,-0.03274117638303997,-0.15374678206850467,0.1210056056854647,0.2718589519157865,0.004953972476909496,-0.16516583627390602,-0.157070533612218,0.5833333333333334,0.6448951879705128,0.9002814280893741,0.15392488924241388,0.3333333333333333
online_best,25.0,2019-03-31_2020-02-29,12,-0.17027448522459798,-0.2983301643039218,-0.17027448522459798,-0.2983301643039218,0.1280556790793238,0.3527555219477521,-0.34663527252686405,-0.37736924184112897,-0.2968733323797681,0.5833333333333334,0.945506387325492,1.4867346474857266,0.43737262158641177,0.36111111111111116
online_best,25.0,2019-04-30_2020-03-31,12,-0.2020094088373512,-0.26938100433105683,-0.2020094088373512,-0.26938100433105683,0.06737159549370564,0.3414661192232013,-0.48072240099585545,-0.37736924184112886,-0.2897384073692094,0.5833333333333334,0.6176464741301251,1.390743673421956,0.26519506298690443,0.3611111111111111
online_best,25.0,2019-05-31_2020-04-30,12,-0.18160492758651892,-0.23441422140073764,-0.18160492758651892,-0.23441422140073764,0.05280929381421873,0.33844209469402514,-0.41430325500146753,-0.37736924184112886,-0.2897384073692094,0.5833333333333334,0.49476719672283687,1.3266239448924728,0.19784678817531387,0.3611111111111111
online_best,25.0,2019-06-30_2020-05-31,12,-0.22372396600411082,-0.22854562482453433,-0.22372396600411082,-0.22854562482453433,0.004821658820423513,0.3342512345771291,-0.5791650180215071,-0.38101440734819114,-0.2897384073692095,0.5,0.19254516255750218,1.2433901673235817,0.10312690498428867,0.38888888888888884
online_best,25.0,2019-07-31_2020-06-30,12,-0.19268350458013372,-0.1941752572672133,-0.19268350458013372,-0.1941752572672133,0.0014917526870795728,0.34428965606183937,-0.44150386416710935,-0.38101440734819114,-0.2827760862119635,0.5,0.17807863389405298,1.2482088968676126,0.08879625735776919,0.3611111111111111
online_best,25.0,2019-08-31_2020-07-31,12,-0.23771983096849603,-0.1722348942847023,-0.23771983096849603,-0.1722348942847023,-0.06548493668379374,0.3374157575373869,-0.6242342377277992,-0.38101440734819103,-0.27948217627529803,0.4166666666666667,-0.2298242372025611,1.2186967115066591,-0.011655654921401859,0.4166666666666667
online_best,25.0,2019-09-30_2020-08-31,12,-0.29409570379754,-0.21057570090232802,-0.29409570379754,-0.21057570090232802,-0.083520002895212,0.33535366312252224,-0.8542513320295494,-0.38101440734819103,-0.27948217627529803,0.4166666666666667,-0.39135377816260924,1.1880533499447083,-0.03823957519352583,0.47222222222222227
online_best,25.0,2019-10-31_2020-09-30,12,-0.24470279422982832,-0.1766274605970889,-0.24470279422982832,-0.1766274605970889,-0.06807533363273943,0.33881962598298354,-0.6470062536672965,-0.38101440734819114,-0.2794821762752979,0.4166666666666667,-0.2775670615747681,1.169154198353787,-0.026051003886236823,0.47222222222222215
online_best,25.0,2019-11-30_2020-10-31,12,-0.30562932158091716,-0.06643817837031618,-0.30562932158091716,-0.06643817837031618,-0.23919114321060098,0.3144151378961103,-0.9806130734207898,-0.38101440734819114,-0.2794821762752979,0.3333333333333333,-2.068413209015783,1.0994080052312556,-0.23818376094443394,0.5277777777777778
online_best,25.0,2019-12-31_2020-11-30,12,-0.15876185201462623,-0.050871312509224054,-0.15876185201462623,-0.050871312509224054,-0.10789053950540217,0.43276271012073747,-0.19733321075212684,-0.3411435878742096,-0.2358764964179022,0.3333333333333333,-0.24922698612882757,1.3174259800673471,-0.05959513649880421,0.5555555555555556
online_best,25.0,2020-01-31_2020-12-31,12,-0.011076551474329621,-0.013079995771551722,-0.011076551474329621,-0.013079995771551722,0.002003444297222101,0.4418945481500835,0.17998579492317357,-0.25855263290962316,-0.16758179221927783,0.4166666666666667,0.20175413615404847,1.2898292561537592,0.05610735465264027,0.5833333333333334
online_best,25.0,2020-02-29_2021-01-31,12,0.12639746213054814,0.14471568274700242,0.12639746213054814,0.14471568274700242,-0.018318220616454273,0.4227550943140939,0.48033386489367574,-0.057646130577789556,-0.07033476780972703,0.4166666666666667,0.1224293347129762,1.2045486892454298,0.0030977786902441906,0.5833333333333334
online_best,25.0,2020-03-31_2021-02-28,12,0.5512529915851967,0.3187076559568369,0.5512529915851967,0.3187076559568369,0.23254533562835977,0.302423384596818,1.6016295167763854,-0.05764613057778967,-0.07033476780972703,0.5,0.6570025069559466,0.6117520729912561,0.3520048531554787,0.5833333333333334
online_best,25.0,2020-04-30_2021-03-31,12,0.5777880957090509,0.2712264885896778,0.5777880957090509,0.2712264885896778,0.3065616071193731,0.30377211724494324,1.6538086672599666,-0.05764613057778978,-0.07033476780972714,0.5,0.833206281961282,0.5753480587447707,0.4196772928539265,0.5833333333333334
online_best,25.0,2020-05-31_2021-04-30,12,0.6070380499797106,0.2511461011810818,0.6070380499797106,0.2511461011810818,0.35589194879862873,0.29901861085908665,1.73961182949601,-0.05764613057778967,-0.07033476780972703,0.5,0.9685597368035355,0.5916466058043263,0.451796547515654,0.5833333333333334
online_best,25.0,2020-06-30_2021-05-31,12,0.7733579866401561,0.22018559574957508,0.7733579866401561,0.22018559574957508,0.553172390890581,0.2941236791550731,2.114673583036173,-0.05764613057778967,-0.07033476780972703,0.5833333333333334,1.4396183126596558,0.6058171142203207,0.6204328029385846,0.5555555555555555
online_best,25.0,2020-07-31_2021-06-30,12,0.49859971410324455,0.1787337447456181,0.49859971410324455,0.1787337447456181,0.31986596935762646,0.32210114819622965,1.410786686599825,-0.08608861654974798,-0.07033476780972703,0.5,0.8806649391137943,0.59537520649743,0.4098374895576691,0.5555555555555555
online_best,25.0,2020-08-31_2021-07-31,12,0.561493284507014,0.17406019021811336,0.561493284507014,0.17406019021811336,0.3874330942889006,0.3183325320512199,1.5583000753417786,-0.08608861654974787,-0.0471551797914731,0.5833333333333334,1.0405701398445126,0.600692880454221,0.47005911166404823,0.5277777777777777
online_best,25.0,2020-09-30_2021-08-31,12,0.9101829755768129,0.29094300690606567,0.9101829755768129,0.29094300690606567,0.6192399686707473,0.3223856360451069,2.1965643383644764,-0.08608861654974787,-0.0471551797914731,0.5833333333333334,1.3417332950438194,0.3834465145278338,0.8060486493194896,0.4722222222222221
online_best,25.0,2020-10-31_2021-09-30,12,0.7519479245600167,0.285307502281577,0.7519479245600167,0.285307502281577,0.4666404222784397,0.34185682658866917,1.822235945455174,-0.08608861654974787,-0.04715517979147299,0.5833333333333334,1.0186082890060888,0.2646835740513905,0.7181114080938833,0.49999999999999994
online_best,25.0,2020-11-30_2021-10-31,12,0.613511856179962,0.164192612882329,0.613511856179962,0.164192612882329,0.44931924329763295,0.36011682480745133,1.5070186595432995,-0.11780999465307629,-0.04715517979147299,0.5833333333333334,1.1050397624158637,0.8485680972054657,0.49357212601381395,0.5
online_best,25.0,2020-12-31_2021-11-30,12,0.4592836049295226,0.10075285366229347,0.4592836049295226,0.10075285366229347,0.3585307512672291,0.2879186827347249,1.4610138068753387,-0.1178099946530764,-0.04715517979147321,0.5833333333333334,1.013047419247037,-0.3703597929919255,0.5674382941027567,0.47222222222222215
online_best,25.0,2021-01-31_2021-12-31,12,0.40885213467086756,0.1311417024200292,0.40885213467086756,0.1311417024200292,0.27771043225083836,0.28031713173752987,1.3644742997881858,-0.11780999465307629,-0.04715517979147299,0.5833333333333334,0.848287324615956,-0.16025552915943633,0.4863897637902903,0.49999999999999994
online_best,25.0,2021-02-28_2022-01-31,12,0.4755842008663298,0.1035559333431273,0.4755842008663298,0.1035559333431273,0.3720282675232025,0.28073410212836897,1.5332183911785842,-0.1178099946530764,-0.008710521467504728,0.6666666666666666,1.1357936343076749,0.11638108282539242,0.508987338006816,0.49999999999999994
online_best,25.0,2021-03-31_2022-02-28,12,0.4572638624059133,0.1814244316261513,0.4572638624059133,0.1814244316261513,0.27583943077976203,0.28145634322191576,1.483975511240779,-0.11780999465307629,-0.008710521467504728,0.5833333333333334,0.8613820655068875,-0.02186229635852457,0.5130850126202358,0.5
online_best,25.0,2021-04-30_2022-03-31,12,0.6109277946241796,0.2056999327796627,0.6109277946241796,0.2056999327796627,0.40522786184451687,0.31759917756242745,1.6706596447351838,-0.11780999465307629,-0.008710521467504728,0.5833333333333334,1.0697830078401804,0.43668538415394714,0.551842888975506,0.5277777777777778
online_best,25.0,2021-05-31_2022-04-30,12,0.7104295608876701,0.20202014645819677,0.7104295608876701,0.20202014645819677,0.5084094144294733,0.30943907021842304,1.909874359404468,-0.1178099946530764,-0.011058901373715124,0.6666666666666666,1.2809522565177434,-0.003357510571864372,0.7815723029127235,0.5277777777777778
online_best,25.0,2021-06-30_2022-05-31,12,0.43888404573467854,0.1547230806668567,0.43888404573467854,0.1547230806668567,0.28416096506782185,0.33443742806398186,1.2518645073584436,-0.1178099946530764,-0.04389760737316839,0.5833333333333334,0.8413216117286803,1.1593706792258012,0.27784987008786133,0.49999999999999994
online_best,25.0,2021-07-31_2022-06-30,12,0.7451394695888256,0.14515293481688385,0.7451394695888256,0.14515293481688385,0.5999865347719417,0.31359597915674137,1.9553483125000346,-0.11780999465307618,-0.04389760737316839,0.6666666666666666,1.5741872313232075,1.1298567400202222,0.5645767425767685,0.5277777777777778
online_best,25.0,2021-08-31_2022-07-31,12,0.7588564997993803,0.16719366722844042,0.7588564997993803,0.16719366722844042,0.5916628325709399,0.3132136710557328,1.9836798173840824,-0.11780999465307629,-0.04389760737316839,0.6666666666666666,1.5313817633140248,1.0219360371746062,0.5694140961643392,0.5833333333333334
online_best,25.0,2021-09-30_2022-08-31,12,0.45352865840800605,0.11990803732841937,0.45352865840800605,0.11990803732841937,0.3336206210795867,0.3005869824374519,1.3960303511587815,-0.08690211612617915,-0.04389760737316817,0.5833333333333334,1.0584623367613804,1.0865029764448322,0.33487611884574875,0.638888888888889
online_best,25.0,2021-10-31_2022-09-30,12,0.8719166528627891,0.07700156092153554,0.8719166528627891,0.07700156092153554,0.7949150919412535,0.3313010871646982,2.086157963518474,-0.08690211612617926,-0.04389760737316828,0.6666666666666666,2.045212071619726,2.238579114711448,0.6618123831641052,0.611111111111111
online_best,25.0,2021-11-30_2022-10-31,12,0.9870657456244669,0.0837751064100245,0.9870657456244669,0.0837751064100245,0.9032906392144424,0.3125876860281814,2.3950920087228473,-0.08690211612617937,-0.04389760737316839,0.6666666666666666,2.340996852631087,2.046597869983302,0.7591935820209763,0.5833333333333333
online_best,25.0,2021-12-31_2022-11-30,12,0.545900266353281,0.04089310124175727,0.545900266353281,0.04089310124175727,0.5050071651115238,0.3342827855282801,1.4726635228507383,-0.10807883759165837,-0.052330809109684795,0.5833333333333334,1.5471876150168942,2.461490176679815,0.46152863426888,0.5555555555555555
online_best,25.0,2022-01-31_2022-12-31,12,0.6395933692998494,0.03139589518781816,0.6395933692998494,0.03139589518781816,0.6081974741120313,0.3456557443774448,1.6111660506226808,-0.10807883759165837,-0.0538908420070876,0.5833333333333334,1.7135053917654484,2.3784687391801747,0.5943253309905703,0.47222222222222215
online_best,25.0,2022-02-28_2023-01-31,12,0.42592807648535946,-0.006523085673795559,0.42592807648535946,-0.006523085673795559,0.432451162159155,0.3666632319127763,1.142093202125623,-0.10807883759165826,-0.053890842007087936,0.5,1.2870275503708526,2.9138341544790993,0.5264320892244627,0.47222222222222215
online_best,25.0,2022-03-31_2023-02-28,12,0.333440043027194,-0.03763942955797195,0.333440043027194,-0.03763942955797195,0.37107947258516594,0.37645404677862826,0.9376177994017574,-0.1254777060423975,-0.05860315994470999,0.5,1.160071666784136,3.6459098302342694,0.6085201265752642,0.4166666666666666
online_best,25.0,2022-04-30_2023-03-31,12,0.15060955633718653,-0.0433257664262765,0.15060955633718653,-0.0433257664262765,0.19393532276346304,0.3367059841182221,0.5662205711716698,-0.12547770604239772,-0.052003665957635614,0.5,0.7639581955214405,2.8555833400619384,0.3596495052956239,0.3611111111111111
online_best,25.0,2022-05-31_2023-04-30,12,0.17133036402410462,-0.07213752035282106,0.17133036402410462,-0.07213752035282106,0.24346788437692568,0.3385648662202671,0.6183288381841204,-0.1254777060423976,-0.07596598010903766,0.5,0.8968533786915518,1.9177578895889484,0.40844023926183715,0.3888888888888889
online_best,25.0,2022-06-30_2023-05-31,12,0.27030014066354324,-0.0361282154897381,0.27030014066354324,-0.0361282154897381,0.30642835615328134,0.32095747970281646,0.8926267642646133,-0.1254777060423975,-0.07596598010903755,0.5,1.0507755274048451,1.4903265862251966,0.3954367972749653,0.3888888888888889
online_best,25.0,2022-07-31_2023-06-30,12,0.16199835472263402,-0.0028433046031512976,0.16199835472263402,-0.0028433046031512976,0.16484165932578532,0.30742493455103703,0.6245230376996043,-0.12547770604239772,-0.07596598010903743,0.4166666666666667,0.6442028153183161,0.9380258299145682,0.2095401976007487,0.3611111111111111
online_best,25.0,2022-08-31_2023-07-31,12,0.12714797593553162,-0.031389184091800915,0.12714797593553162,-0.031389184091800915,0.15853716002733254,0.3061289135429476,0.5250826584974393,-0.1254777060423975,-0.0655917893195096,0.4166666666666667,0.6384358934086557,0.9615218438403578,0.2061748272507622,0.3055555555555555
online_best,25.0,2022-09-30_2023-08-31,12,0.14665726681888902,-0.014331580574544756,0.14665726681888902,-0.014331580574544756,0.16098884739343378,0.30341419472409575,0.5845528666508928,-0.1254777060423976,-0.06559178931950937,0.4166666666666667,0.6360516325862448,0.8266537202701284,0.20426120313141416,0.22222222222222224
online_best,25.0,2022-10-31_2023-09-30,12,-0.13680904156521856,-0.04883569016310929,-0.13680904156521856,-0.04883569016310929,-0.08797335140210927,0.22624691536116576,-0.543436916874458,-0.14421131116699415,-0.06327241269436523,0.3333333333333333,-0.3430175876996487,0.7262655135967895,-0.08506582329305867,0.24999999999999997
online_best,25.0,2022-11-30_2023-10-31,12,0.07216619020147608,-8.074453772832779e-05,0.07216619020147608,-8.074453772832779e-05,0.0722469347392044,0.3324606400728105,0.3531032394652622,-0.14421131116699404,-0.04084242285001627,0.4166666666666667,0.3895465593759318,1.9995297157002698,0.11549562514855483,0.3055555555555555
online_best,25.0,2022-12-31_2023-11-30,12,0.20109289373798078,0.06162621592425688,0.20109289373798078,0.06162621592425688,0.1394666778137239,0.3097628076861232,0.7277418219697739,-0.14421131116699382,-0.04084242285001627,0.4166666666666667,0.5757606491248813,1.583235481274331,0.13229522354397383,0.3333333333333333
online_best,25.0,2023-01-31_2023-12-31,12,0.0058928142391247995,0.05389394652891433,0.0058928142391247995,0.05389394652891433,-0.04800113228978953,0.2911783776598712,0.14300272736726172,-0.10676256985858723,-0.04084242285001627,0.3333333333333333,-0.0574824532146315,1.782177169948421,-0.057022676360646174,0.3888888888888889
online_best,25.0,2023-02-28_2024-01-31,12,0.10390411319190052,0.06910062416905749,0.10390411319190052,0.06910062416905749,0.034803489022843026,0.27726103704158717,0.47417345859838445,-0.10676256985858723,-0.04084242285001627,0.3333333333333333,0.25387217591801065,1.7159831225195545,0.010256669845788213,0.4166666666666667
online_best,25.0,2023-03-31_2024-02-29,12,0.123258014904988,0.07105311702696282,0.123258014904988,0.07105311702696282,0.05220489787802518,0.27365443607819184,0.541195137351697,-0.10676256985858723,-0.04084242285001627,0.3333333333333333,0.31972862133656804,1.6873164411708488,0.026107997971259955,0.4444444444444444
online_best,25.0,2023-04-30_2024-03-31,12,0.10112178666243188,0.04605177038880415,0.10112178666243188,0.04605177038880415,0.05507001627362773,0.27365740489829754,0.46762469319411565,-0.10676256985858723,-0.028914327222309355,0.3333333333333333,0.334892993764804,1.6818569909146752,0.04694190384880481,0.47222222222222215
online_best,25.0,2023-05-31_2024-04-30,12,0.2173345080581408,0.05087612226469651,0.2173345080581408,0.05087612226469651,0.1664583857934443,0.3139305437017874,0.762916333275131,-0.10676256985858723,-0.04720745865673304,0.3333333333333333,0.6256421616925437,1.148851724837608,0.19373765169598034,0.4444444444444444
online_best,25.0,2023-06-30_2024-05-31,12,0.14387733771699263,0.06029804021364593,0.14387733771699263,0.06029804021364593,0.0835792975033467,0.32557074686689363,0.5521028115348766,-0.10676256985858723,-0.04720745865673304,0.3333333333333333,0.375811465247026,1.0300188667020358,0.12202969942525943,0.5277777777777778
online_best,25.0,2023-07-31_2024-06-30,12,0.18778511474397175,0.046802268590376395,0.18778511474397175,0.046802268590376395,0.14098284615359535,0.32775280359421244,0.6671742604828121,-0.10676256985858723,-0.04720745865673304,0.4166666666666667,0.5465220731412842,1.3029737369752996,0.1663775900779203,0.5555555555555556
online_best,25.0,2023-08-31_2024-07-31,12,0.26226373053709096,0.10318514893952901,0.26226373053709096,0.10318514893952901,0.15907858159756194,0.3322695900041006,0.8488441125544472,-0.08551005250812727,-0.04720745865673315,0.4166666666666667,0.5767519835169933,1.2259256688834785,0.1674241870062696,0.5555555555555555
online_best,25.0,2023-09-30_2024-08-31,12,0.42165476355270437,0.08473288946892565,0.42165476355270437,0.08473288946892565,0.3369218740837787,0.3362094788322615,1.2057496599837705,-0.07511510617576611,-0.04720745865673315,0.5,0.9850839552644158,0.8930463571041457,0.3825342524642996,0.611111111111111
online_best,25.0,2023-10-31_2024-09-30,12,0.43181963966182835,0.12170948346779942,0.43181963966182835,0.12170948346779942,0.31011015619402893,0.3337330277015133,1.2342892742855656,-0.07897142072662189,-0.047207458656732815,0.5,0.8795123435835157,0.5444703131356021,0.4077141630360057,0.5833333333333334
online_best,25.0,2023-11-30_2024-10-31,12,0.08579345257395765,0.004734660022875703,0.08579345257395765,0.004734660022875703,0.08105879255108195,0.26634543966615654,0.4277147350862559,-0.1387438715021556,-0.07254414974326939,0.4166666666666667,0.3664337064984059,0.09920567053597251,0.11894986770975469,0.5555555555555555
online_best,25.0,2023-12-31_2024-11-30,12,0.1645645721938369,-0.026522408525777696,0.1645645721938369,-0.026522408525777696,0.1910869807196146,0.2752956628704917,0.6790352917056688,-0.13874387150215572,-0.07702368625268241,0.5,0.7179059550932548,0.0942878800239572,0.20625894343722329,0.5833333333333334
online_best,25.0,2024-01-31_2024-12-31,12,0.14283838980609076,-0.013699490369203038,0.14283838980609076,-0.013699490369203038,0.1565378801752938,0.2806070399596054,0.6032157947722361,-0.1387438715021556,-0.07702368625268208,0.5,0.5947396576586164,-0.004320097254963769,0.1829914943643869,0.611111111111111
online_best,25.0,2024-02-29_2025-01-31,12,0.07602882666853472,-0.14290566323586873,0.07602882666853472,-0.14290566323586873,0.21893448990440345,0.2872992888446069,0.383292171353654,-0.17686134940442444,-0.18252959118595857,0.5833333333333334,0.8296313224037425,0.29847868170577024,0.16354990422979054,0.5833333333333334
online_best,25.0,2024-03-31_2025-02-28,12,0.13722161798513732,-0.10676537761977256,0.13722161798513732,-0.10676537761977256,0.24398699560490988,0.28335094529761734,0.5823517167383379,-0.17686134940442444,-0.1825295911859588,0.5833333333333334,0.8782588253739323,0.2994967691302044,0.21327489159637447,0.611111111111111
online_best,25.0,2024-04-30_2025-03-31,12,0.2583094957240559,-0.06461005552580057,0.2583094957240559,-0.06461005552580057,0.3229195512498565,0.2979658103145294,0.9116345697661049,-0.17686134940442433,-0.18252959118595868,0.5833333333333334,1.06574061973513,0.4310320976309375,0.33762173078527136,0.611111111111111
online_best,25.0,2024-05-31_2025-04-30,12,0.250775701275084,0.02942056800377868,0.250775701275084,0.02942056800377868,0.2213551332713053,0.2942942653269826,0.8992391095163728,-0.17686134940442444,-0.18252959118595857,0.5833333333333334,0.8774481046915679,0.8725677319032018,0.2513112467195133,0.638888888888889
online_best,25.0,2024-06-30_2025-05-31,12,0.3992967505519638,-0.019239253194651806,0.3992967505519638,-0.019239253194651806,0.4185360037466156,0.2770291048232528,1.354120396471049,-0.17686134940442433,-0.18252959118595835,0.6666666666666666,1.6408768444902542,0.8582980161967326,0.45161990528998763,0.6111111111111112
online_best,25.0,2024-07-31_2025-06-30,12,0.5749246753820498,0.03150250800801424,0.5749246753820498,0.03150250800801424,0.5434221673740356,0.3169092760355919,1.600696174545891,-0.17686134940442444,-0.1825295911859589,0.6666666666666666,1.8925169386646212,1.0415523828432827,0.5645406073716148,0.638888888888889
online_best,25.0,2024-08-31_2025-07-31,12,0.3400176491704241,0.02082724764079913,0.3400176491704241,0.02082724764079913,0.31919040152962497,0.3390713533179529,1.0235811011450648,-0.17686134940442455,-0.1720911800730176,0.5833333333333334,1.0422661828960722,0.8625166606331579,0.3634786682198994,0.6944444444444445
online_best,25.0,2024-09-30_2025-08-31,12,0.5368313261280349,0.07082064647411035,0.5368313261280349,0.07082064647411035,0.4660106796539245,0.4076374550451452,1.2477827887970443,-0.1146225718327204,-0.1720911800730176,0.5833333333333334,1.2007749153007001,1.066048440849328,0.5061628364001156,0.6944444444444445
online_best,25.0,2024-10-31_2025-09-30,12,0.7184746713487684,0.07787885846139209,0.7184746713487684,0.07787885846139209,0.6405958128873763,0.38625725559374946,1.5986819823599865,-0.1146225718327204,-0.11858833109117162,0.6666666666666666,1.6011890732307525,1.0576969085113976,0.6624334400920695,0.6944444444444445
online_best,25.0,2024-11-30_2025-10-31,12,0.5943167696735681,0.1960061542824556,0.5943167696735681,0.1960061542824556,0.39831061539111245,0.4134130785553247,1.3302491336415312,-0.13245762391724059,-0.11795970406671652,0.6666666666666666,0.9015921131506079,0.7547384276394274,0.485148011620572,0.7222222222222222
online_best,25.0,2024-12-31_2025-11-30,12,0.7381617156501499,0.22133541890163522,0.7381617156501499,0.22133541890163522,0.5168262967485147,0.4330652518541575,1.494777957635976,-0.1324576239172407,-0.11795970406671652,0.6666666666666666,1.0463875564098521,0.7850705707716118,0.5964370089586211,0.75
online_best,25.0,2025-01-31_2025-12-31,12,0.5295764613097176,0.17166648362633885,0.5295764613097176,0.17166648362633885,0.35790997768337873,0.47988385658489746,1.116527086617623,-0.18211689223018068,-0.03669877287899381,0.6666666666666666,0.8225244220909986,1.055810655618189,0.41178047819385344,0.7222222222222222
online_best,25.0,2025-02-28_2026-01-31,12,0.6584860997719579,0.31334945156909844,0.6584860997719579,0.31334945156909844,0.3451366482028595,0.4696945305392429,1.3116779430720729,-0.18211689223018068,-0.04758367670999886,0.6666666666666666,0.7655004336090222,1.4912571108974626,0.21268060238003672,0.7777777777777777
online_best,25.0,2025-03-31_2026-02-28,12,0.42845628777989764,0.08257309459079365,0.42845628777989764,0.08257309459079365,0.345883193189104,0.5002764393616007,0.9486796718356191,-0.2577571992487635,-0.18488813271044613,0.75,0.86512365943423,1.232613094080987,0.41324895987679544,0.75
online_best,25.0,2025-04-30_2026-03-31,12,0.3266334076611874,0.028079656548997578,0.3266334076611874,0.028079656548997578,0.29855375111218985,0.49468635404214517,0.7997391227818615,-0.2577571992487635,-0.19546042589812018,0.75,0.8066622645060245,1.1980822081606601,0.3957235704919302,0.75
online_best,25.0,2025-05-31_2026-04-30,12,0.0378839867938483,-0.14610708694572017,0.0378839867938483,-0.14610708694572017,0.18399107373956847,0.4876652802817527,0.29292722009534966,-0.3060430763299222,-0.29138146686445754,0.75,0.6477997312724862,1.055534643018323,0.32121772501574575,0.7499999999999999
online_best,25.0,2025-06-30_2026-05-31,12,-0.13913464781848672,-0.18541351506394133,-0.13913464781848672,-0.18541351506394133,0.0462788672454546,0.5080113798744931,-0.06829962421241093,-0.40081197648765043,-0.34737666250868915,0.6666666666666666,0.3314553813547403,1.171098118873909,0.1856701900369968,0.7222222222222222
online_best,25.0,2025-07-31_2026-06-30,12,-0.1832294536783976,-0.1667764227923394,-0.1832294536783976,-0.1667764227923394,-0.016453030886058206,0.48670122141298944,-0.19600139993493298,-0.40081197648765066,-0.34737666250868904,0.6666666666666666,0.13499094693898422,1.0198474440200704,0.060604262905677775,0.7222222222222222
online_soft,25.0,2015-01-31_2015-12-31,12,0.0,-0.12747006008062733,0.0,-0.12747006008062733,0.12747006008062733,0.0,,0.0,-0.2346154234110901,0.5,0.7954681733349814,0.0,0.0,0.0
online_soft,25.0,2015-02-28_2016-01-31,12,0.014052128195872537,-0.12464244015822579,0.014052128195872537,-0.12464244015822579,0.13869456835409832,0.014052128195872631,0.9999999999999999,0.0,-0.2346154234110902,0.5,0.8793226762557215,0.027213565077568218,0.01747989557176899,0.08333333333333333
online_soft,25.0,2015-03-31_2016-02-29,12,0.03784930705839007,-0.12200466014015787,0.03784930705839007,-0.12200466014015787,0.15985396719854794,0.02623402508130618,1.430186174759574,0.0,-0.1902603904171294,0.5833333333333334,1.0264937455211356,0.053065898800786306,0.04466054665667185,0.1111111111111111
online_soft,25.0,2015-04-30_2016-03-31,12,0.15411479363688096,-0.048726200591690305,0.15411479363688096,-0.048726200591690305,0.20284099422857127,0.11168575274272319,1.338979583518946,0.0,-0.19026039041712928,0.5833333333333334,1.1156160061002374,0.06754625042626052,0.1634022523949228,0.16666666666666666
online_soft,25.0,2015-05-31_2016-04-30,12,0.08719937653790266,-0.08042168629585977,0.08719937653790266,-0.08042168629585977,0.16762106283376244,0.13195394531904864,0.6939169565841015,-0.05797986254739218,-0.13984875260474772,0.5833333333333334,0.9335589355242,0.10481273707609706,0.1040917288952854,0.19444444444444445
online_soft,25.0,2015-06-30_2016-05-31,12,0.22581738400935203,0.021583559353247406,0.22581738400935203,0.021583559353247406,0.20423382465610462,0.17761043806831417,1.2334025100977806,-0.05797986254739218,-0.12048239811387595,0.5833333333333334,1.0192376971520476,0.41026964548293365,0.22783657397955426,0.22222222222222224
online_soft,25.0,2015-07-31_2016-06-30,12,0.40474241773883146,0.08609325121736311,0.40474241773883146,0.08609325121736311,0.31864916652146835,0.21688054469130705,1.6830878858408804,-0.05797986254739218,-0.06335332759593715,0.5833333333333334,1.3228600778871848,0.6171337166631654,0.35647723003918474,0.25000000000000006
online_soft,25.0,2015-08-31_2016-07-31,12,0.8249645710338549,0.19435729107699262,0.8249645710338549,0.19435729107699262,0.6306072799568623,0.34157159751199634,1.9444660092727988,-0.05797986254739218,-0.010009943632593221,0.5833333333333334,1.4994805486697582,1.0761180281643146,0.5786914892175838,0.3055555555555556
online_soft,25.0,2015-09-30_2016-08-31,12,0.8118257558802542,0.27010420996995776,0.8118257558802542,0.27010420996995776,0.5417215459102964,0.34291747110111287,1.9158395996907749,-0.05797986254739218,-0.010009943632593332,0.5,1.284693347967926,1.7240851651019287,0.26338515479232827,0.3055555555555555
online_soft,25.0,2015-10-31_2016-09-30,12,1.3301399501668874,0.2171792753369357,1.3301399501668874,0.2171792753369357,1.1129606748299516,0.4065202103683231,2.3198053053911316,-0.05797986254739218,-0.010009943632593221,0.5833333333333334,1.9310687380575333,2.4268010397561954,0.5663924235780435,0.3055555555555555
online_soft,25.0,2015-11-30_2016-10-31,12,1.2966439373919627,0.15802517726789156,1.2966439373919627,0.15802517726789156,1.1386187601240711,0.409792786047784,2.2662005400401535,-0.05797986254739218,-0.05046191183613391,0.5833333333333334,2.0426826154756346,1.819434962432156,0.888137910910036,0.3055555555555555
online_soft,25.0,2015-12-31_2016-11-30,12,1.3074673065526206,0.15325670090751609,1.3074673065526206,0.15325670090751609,1.1542106056451045,0.4088478951730238,2.282964724292302,-0.05797986254739218,-0.05046191183613402,0.5833333333333334,2.079453293180787,1.9067161607503587,0.8873952575576625,0.3333333333333333
online_soft,25.0,2016-01-31_2016-12-31,12,2.0946590700951933,0.1471553785298949,2.0946590700951933,0.1471553785298949,1.9475036915652983,0.4750204423434614,2.6831161394347607,-0.05797986254739218,-0.05046191183613402,0.6666666666666666,2.4726979959907975,1.4086674946082707,1.7981638140091358,0.3333333333333333
online_soft,25.0,2016-02-29_2017-01-31,12,1.9179761408716,0.12910312615333996,1.9179761408716,0.12910312615333996,1.78887301471826,0.4905481620753445,2.480163979492601,-0.05797986254739229,-0.05046191183613391,0.6666666666666666,2.3159716140548485,1.6412957080155577,1.637540785231912,0.25
online_soft,25.0,2016-03-31_2017-02-28,12,2.214846703278304,0.1492046756740173,2.214846703278304,0.1492046756740173,2.065642027604287,0.4835056561800263,2.731645267417462,-0.05797986254739218,-0.05046191183613402,0.6666666666666666,2.546066355822223,1.64801216107047,1.821967964241562,0.2222222222222222
online_soft,25.0,2016-04-30_2017-03-31,12,2.1679296230391234,0.17503808646495478,2.1679296230391234,0.17503808646495478,1.9928915365741686,0.483706146807773,2.6969621600626588,-0.04384300543173991,-0.05046191183613402,0.6666666666666666,2.4612388568632557,1.6679181486454913,1.6790700438781214,0.19444444444444442
online_soft,25.0,2016-05-31_2017-04-30,12,2.432538108441769,0.19627580709932912,2.432538108441769,0.19627580709932912,2.23626230134244,0.4599414551003193,3.007386095256754,-0.04384300543173991,-0.05046191183613402,0.75,2.691537515576264,1.3143886512259602,1.9742002605703495,0.19444444444444442
online_soft,25.0,2016-06-30_2017-05-31,12,1.849965298017016,0.16211773486732262,1.849965298017016,0.16211773486732262,1.6878475631496934,0.4930091039263842,2.4175241618916785,-0.06386003593829404,-0.05046191183613402,0.6666666666666666,2.158863812748212,1.370907130878858,1.5656117755632648,0.2222222222222222
online_soft,25.0,2016-07-31_2017-06-30,12,1.643758529259232,0.11985678631409691,1.643758529259232,0.11985678631409691,1.5239017429451351,0.49142149189168993,2.256609076952828,-0.06386003593829404,-0.05046191183613402,0.6666666666666666,2.0646077536683864,1.3481772069038223,1.4989855471922247,0.2222222222222222
online_soft,25.0,2016-08-31_2017-07-31,12,1.129793004854776,0.08878533946639733,1.129793004854776,0.08878533946639733,1.0410076653883786,0.4374512139664041,1.9576653261900252,-0.06386003593829404,-0.05046191183613402,0.6666666666666666,1.7567022568677313,0.5018744483858286,1.194453781101176,0.19444444444444442
online_soft,25.0,2016-09-30_2017-08-31,12,1.415489986952542,0.09996258200034913,1.415489986952542,0.09996258200034913,1.3155274049521928,0.4315915966837364,2.292816621005825,-0.06386003593829404,-0.05046191183613402,0.75,2.0535795986495953,0.30262925168436633,1.5178172446488665,0.2222222222222222
online_soft,25.0,2016-10-31_2017-09-30,12,1.046589836247267,0.1075588143605537,1.046589836247267,0.1075588143605537,0.9390310218867133,0.3709381332749384,2.1382214312981778,-0.06386003593829415,-0.0004923640702735321,0.75,1.834887472965894,0.2283988295130965,1.1074661144391027,0.25
online_soft,25.0,2016-11-30_2017-10-31,12,1.1303553244504942,0.1559996199134983,1.1303553244504942,0.1559996199134983,0.9743557045369959,0.36351028571215227,2.2928891845690833,-0.06386003593829404,-0.008932388259170088,0.75,1.8313494565199169,-1.779267007320383,1.8502763633225934,0.2777777777777778
online_soft,25.0,2016-12-31_2017-11-30,12,1.181007904095416,0.19992461049678534,1.181007904095416,0.19992461049678534,0.9810832935986307,0.3596329481107328,2.3840347393038943,-0.06386003593829404,-0.008932388259169977,0.75,1.7724854191438948,-0.9828529409087723,1.7110882210836285,0.25
online_soft,25.0,2017-01-31_2017-12-31,12,1.328214856988808,0.24773371905633135,1.328214856988808,0.24773371905633135,1.0804811379324766,0.43680190749106235,2.1700872088688907,-0.06386003593829392,-0.008932388259170088,0.75,1.713276068582081,1.8067307002421658,0.6963661521325029,0.2777777777777778
online_soft,25.0,2017-02-28_2018-01-31,12,1.7671437049843433,0.22472528642954592,1.7671437049843433,0.22472528642954592,1.5424184185547973,0.41830546289261766,2.6969731678160183,-0.06386003593829404,-0.008932388259170088,0.8333333333333334,2.27104294256572,1.4626784294279178,1.2221120543281172,0.2777777777777778
online_soft,25.0,2017-03-31_2018-02-28,12,1.186691920027799,0.11150665310004948,1.186691920027799,0.11150665310004948,1.0751852669277495,0.46216496941180985,1.9292422755449294,-0.10893694463517367,-0.06307407298992962,0.75,1.843503003658479,2.0494932670581343,0.9076320881215372,0.2777777777777778
online_soft,25.0,2017-04-30_2018-03-31,12,1.1691375694256605,0.054403018339003184,1.1691375694256605,0.054403018339003184,1.1147345510866573,0.4618022313827957,1.9117087107297646,-0.10893694463517367,-0.09250223900477905,0.75,1.9314402682567742,1.7489832000981103,1.1289938221443032,0.25
online_soft,25.0,2017-05-31_2018-04-30,12,1.2726930996749997,0.042771960341875914,1.2726930996749997,0.042771960341875914,1.2299211393331237,0.45827431838677823,2.0327567323118525,-0.10893694463517367,-0.09416874157139277,0.75,2.0942858493857113,1.7731804319910829,1.2669612182377468,0.2222222222222222
online_soft,25.0,2017-06-30_2018-05-31,12,1.413420181234347,-0.005226881237519021,1.413420181234347,-0.005226881237519021,1.418647062471866,0.4421321852764105,2.238079059441979,-0.10893694463517367,-0.12207676452647664,0.8333333333333334,2.5190530613780178,2.036667303560243,1.583378673976818,0.2222222222222222
online_soft,25.0,2017-07-31_2018-06-30,12,1.3805583317701369,0.0163507796990916,1.3805583317701369,0.0163507796990916,1.3642075520710453,0.4430614446820883,2.2007150691812183,-0.10893694463517367,-0.12207676452647676,0.8333333333333334,2.403569119582533,1.8982816150672435,1.4537424747338008,0.2222222222222222
online_soft,25.0,2017-08-31_2018-07-31,12,1.1403206591188102,0.02633003466478856,1.1403206591188102,0.02633003466478856,1.1139906244540216,0.464164046422957,1.8731191370717195,-0.10893694463517367,-0.12207676452647653,0.75,1.9748380090600997,1.7629039583815918,1.194185177367856,0.25
online_soft,25.0,2017-09-30_2018-08-31,12,0.9411926894443676,0.012828519177035869,0.9411926894443676,0.012828519177035869,0.9283641702673318,0.4628051381123152,1.6522666786152498,-0.10893694463517367,-0.12207676452647664,0.75,1.7667720552397483,1.7684395541111135,1.032379873132954,0.27777777777777773
online_soft,25.0,2017-10-31_2018-09-30,12,0.7136607971252009,-0.028994428060318933,0.7136607971252009,-0.028994428060318933,0.7426552251855199,0.4725183842343534,1.348002116560416,-0.10893694463517378,-0.12207676452647676,0.6666666666666666,1.5399671756734594,1.8663363251638685,0.9364865437301326,0.24999999999999997
online_soft,25.0,2017-11-30_2018-10-31,12,0.772095603701086,0.017470333624036494,0.772095603701086,0.017470333624036494,0.7546252700770495,0.47162267672242014,1.4247419289927323,-0.10893694463517367,-0.12207676452647676,0.6666666666666666,1.5080561320692696,1.6889290138147055,0.8483076152896603,0.2222222222222222
online_soft,25.0,2017-12-31_2018-11-30,12,1.0148599319164355,-0.025356283802123625,1.0148599319164355,-0.025356283802123625,1.040216215718559,0.483592666249352,1.68086000664369,-0.10893694463517367,-0.12207676452647687,0.75,1.9582836070406227,2.7702771749358566,1.313998444001292,0.25
online_soft,25.0,2018-01-31_2018-12-31,12,0.6005627992010696,-0.01099995180484914,0.6005627992010696,-0.01099995180484914,0.6115627510059187,0.29457270674586233,1.76007591596574,-0.10893694463517356,-0.12095719505337177,0.75,2.160167353693972,1.558989883649661,0.6736241723115637,0.25
online_soft,25.0,2018-02-28_2019-01-31,12,0.39351484498901046,-0.023323412109537922,0.39351484498901046,-0.023323412109537922,0.4168382570985484,0.28015563740249716,1.3259200565670135,-0.07564164624195957,-0.06297476655901424,0.75,1.7531094563121807,1.5905788046712788,0.48090265567993984,0.3055555555555555
online_soft,25.0,2018-03-31_2019-02-28,12,0.3596958586055288,0.045204178762284775,0.3596958586055288,0.045204178762284775,0.314491679843244,0.2924982332299291,1.1960376975978155,-0.13976846813474764,-0.032589089243883484,0.75,1.1232453245404648,1.2458075762752807,0.33120107000565024,0.3333333333333333
online_soft,25.0,2018-04-30_2019-03-31,12,0.27079563554720765,0.07686204312787948,0.27079563554720765,0.07686204312787948,0.19393359241932817,0.28572081027494295,0.9756664990954359,-0.13976846813474753,-0.031039511736595693,0.75,0.8095412204471482,1.8021530745319807,0.14779854118888647,0.3611111111111111
online_soft,25.0,2018-05-31_2019-04-30,12,0.12160836423552168,0.03769148450195714,0.12160836423552168,0.03769148450195714,0.08391687973356454,0.2911060128164846,0.5263382434156371,-0.17510625782330813,-0.04957195403333192,0.6666666666666666,0.4601455110313828,1.8336999694843825,0.08000976363028767,0.38888888888888884
online_soft,25.0,2018-06-30_2019-05-31,12,0.16904833543191367,0.09645960452265201,0.16904833543191367,0.09645960452265201,0.07258873090926166,0.2912020802198992,0.6705561076108282,-0.1751062578233079,-0.04957195403333203,0.6666666666666666,0.4082220077864576,2.02279786193472,0.00039824911635788496,0.3888888888888889
online_soft,25.0,2018-07-31_2019-06-30,12,0.14568812336134784,0.07648721996967378,0.14568812336134784,0.07648721996967378,0.06920090339167406,0.28941492160934096,0.602299533508826,-0.17510625782330802,-0.04957195403333203,0.6666666666666666,0.39897134213185154,2.017887961554115,0.017686236185188386,0.3888888888888889
online_soft,25.0,2018-08-31_2019-07-31,12,0.3141530640772503,0.051509897202665744,0.3141530640772503,0.051509897202665744,0.26264316687458455,0.28407437389944956,1.100684863833812,-0.17510625782330802,-0.04957195403333203,0.75,1.0896381906519856,1.9450730443914428,0.2281969180152521,0.3888888888888889
online_soft,25.0,2018-09-30_2019-08-31,12,0.31871009264708783,0.032217370272061396,0.31871009264708783,0.032217370272061396,0.28649272237502643,0.2840306829482666,1.1133219865943453,-0.1751062578233079,-0.05569706120271434,0.75,1.1731695889354021,1.7776929824291443,0.2836382228005403,0.38888888888888884
online_soft,25.0,2018-10-31_2019-09-30,12,0.33505083859464513,0.0680196854801034,0.33505083859464513,0.0680196854801034,0.26703115311454173,0.28131891723741365,1.1664250427199796,-0.1751062578233079,-0.05569706120271445,0.75,1.0606145580442476,1.6833813472825476,0.23222895481104722,0.4444444444444445
online_soft,25.0,2018-11-30_2019-10-31,12,0.14188862240864508,-0.007313909877188718,0.14188862240864508,-0.007313909877188718,0.1492025322858338,0.30240469157828836,0.5774827040403314,-0.1751062578233079,-0.07977064350808971,0.6666666666666666,0.6952848217567517,2.0176582805639014,0.1975207017961158,0.47222222222222215
online_soft,25.0,2018-12-31_2019-11-30,12,0.07558120449913575,0.01695714726683817,0.07558120449913575,0.01695714726683817,0.05862405723229758,0.2703703746236826,0.39472521381913084,-0.17510625782330802,-0.07977064350808971,0.6666666666666666,0.39072322918927443,1.7297955295014158,0.07170060235082731,0.5
online_soft,25.0,2019-01-31_2019-12-31,12,-0.09624993879719146,-0.0907583313333864,-0.09624993879719146,-0.0907583313333864,-0.005491607463805059,0.23497533504449253,-0.3190437071030389,-0.16627799521775266,-0.08173242622854304,0.6666666666666666,0.07513060603253419,1.216674293172649,0.035283631978471286,0.5277777777777778
online_soft,25.0,2019-02-28_2020-01-31,12,-0.22248302450344293,-0.15374678206850467,-0.22248302450344293,-0.15374678206850467,-0.06873624243493826,0.2749930928209742,-0.7751662074143292,-0.20812695005637327,-0.157070533612218,0.5833333333333334,-0.25641210294987254,1.4665466835947079,0.019429011061912416,0.5
online_soft,25.0,2019-03-31_2020-02-29,12,-0.3330371799265509,-0.2983301643039218,-0.3330371799265509,-0.2983301643039218,-0.03470701562262912,0.34832276646001303,-0.9668895447204188,-0.40941022915091907,-0.2968733323797681,0.5833333333333334,-0.03667286454677021,1.6288433510234643,0.22028175191085175,0.5277777777777778
online_soft,25.0,2019-04-30_2020-03-31,12,-0.329222426394268,-0.26938100433105683,-0.329222426394268,-0.26938100433105683,-0.05984142206321119,0.3491708409599129,-0.9478997237290014,-0.4094102291509193,-0.2897384073692094,0.5,-0.22851546831780503,1.5324164066508057,0.11753182809905005,0.5277777777777778
online_soft,25.0,2019-05-31_2020-04-30,12,-0.2624791481529952,-0.23441422140073764,-0.2624791481529952,-0.23441422140073764,-0.02806492675225758,0.353403572070839,-0.670794210530953,-0.4094102291509194,-0.2897384073692094,0.5833333333333334,0.030782065816017536,1.5409046511249154,0.14602323325297206,0.5555555555555555
online_soft,25.0,2019-06-30_2020-05-31,12,-0.31033535573996596,-0.22854562482453433,-0.31033535573996596,-0.22854562482453433,-0.08178973091543162,0.3481567303867195,-0.8740171242600803,-0.4094102291509192,-0.2897384073692095,0.5,-0.35325993501518216,1.4374229545800494,0.03394852403695103,0.5277777777777778
online_soft,25.0,2019-07-31_2020-06-30,12,-0.3157545679744167,-0.1941752572672133,-0.3157545679744167,-0.1941752572672133,-0.1215793107072034,0.3469076875487351,-0.9004405036920239,-0.40941022915091907,-0.2827760862119635,0.4166666666666667,-0.6264199110207209,1.3482494907835143,-0.054550716556021395,0.5277777777777777
online_soft,25.0,2019-08-31_2020-07-31,12,-0.35667211145806865,-0.1722348942847023,-0.35667211145806865,-0.1722348942847023,-0.18443721717336636,0.33117090169252666,-1.13812215985083,-0.4094102291509192,-0.27948217627529803,0.3333333333333333,-1.309894250461804,1.3373438679119896,-0.1475987894939339,0.5277777777777778
online_soft,25.0,2019-09-30_2020-08-31,12,-0.3939918101118809,-0.21057570090232802,-0.3939918101118809,-0.21057570090232802,-0.18341610920955287,0.32545742533682676,-1.3407584129894936,-0.39355686539548085,-0.27948217627529803,0.3333333333333333,-1.4504962967589807,1.2694367016239851,-0.1589423024880544,0.5277777777777778
online_soft,25.0,2019-10-31_2020-09-30,12,-0.3594825690103134,-0.1766274605970889,-0.3594825690103134,-0.1766274605970889,-0.1828551084132245,0.3320161995536843,-1.1472429474511876,-0.3933409125166767,-0.2794821762752979,0.3333333333333333,-1.382168887505471,1.2500000509909401,-0.16138293280810945,0.47222222222222227
online_soft,25.0,2019-11-30_2020-10-31,12,-0.2642542490577744,-0.06643817837031618,-0.2642542490577744,-0.06643817837031618,-0.1978160706874582,0.33246986698996517,-0.7398850029940303,-0.3933409125166767,-0.2794821762752979,0.3333333333333333,-1.358450659724042,1.13688280710116,-0.18705783839718226,0.47222222222222215
online_soft,25.0,2019-12-31_2020-11-30,12,-0.15083638487211515,-0.050871312509224054,-0.15083638487211515,-0.050871312509224054,-0.0999650723628911,0.42966556043303866,-0.17728608226553433,-0.3651536270488842,-0.2358764964179022,0.3333333333333333,-0.21743443684811026,1.310075137890662,-0.05096670981802032,0.4444444444444444
online_soft,25.0,2020-01-31_2020-12-31,12,0.03243859774245261,-0.013079995771551722,0.03243859774245261,-0.013079995771551722,0.045518593514004335,0.45828707566248383,0.28382512689219697,-0.25418629805481474,-0.16758179221927783,0.3333333333333333,0.34083199430293276,1.2773110556818241,0.11074696519860683,0.4444444444444444
online_soft,25.0,2020-02-29_2021-01-31,12,0.31355755896082194,0.14471568274700242,0.31355755896082194,0.14471568274700242,0.16884187621381952,0.42781414136106427,0.8458044574344538,-0.034684825889869764,-0.07033476780972703,0.4166666666666667,0.6228018369461804,1.1804207016992463,0.17909403162955795,0.4166666666666667
online_soft,25.0,2020-03-31_2021-02-28,12,0.5412620224353566,0.3187076559568369,0.5412620224353566,0.3187076559568369,0.22255436647851967,0.3457360166055795,1.4205447785551382,-0.12489991262398781,-0.07033476780972703,0.4166666666666667,0.6335526696029616,0.8830739899751858,0.2593208936491136,0.38888888888888884
online_soft,25.0,2020-04-30_2021-03-31,12,0.6154578396450749,0.2712264885896778,0.6154578396450749,0.2712264885896778,0.34423135105539715,0.3462564211483025,1.5604611447101218,-0.12489991262398781,-0.07033476780972714,0.5,0.9048031195284248,0.8672679904538674,0.37011106648048875,0.4166666666666667
online_soft,25.0,2020-05-31_2021-04-30,12,0.566775495889694,0.2511461011810818,0.566775495889694,0.2511461011810818,0.3156293947086122,0.34837407677857163,1.461202740242879,-0.12489991262398781,-0.07033476780972703,0.5,0.8559638027618862,0.8831987234670251,0.341981531891554,0.38888888888888884
online_soft,25.0,2020-06-30_2021-05-31,12,0.816511372167221,0.22018559574957508,0.816511372167221,0.22018559574957508,0.596325776417646,0.3470584191322197,1.9117413631303903,-0.12489991262398781,-0.07033476780972703,0.5833333333333334,1.4354179402914837,0.8880550514198582,0.5914193048068666,0.38888888888888884
online_soft,25.0,2020-07-31_2021-06-30,12,0.6283032820686008,0.1787337447456181,0.6283032820686008,0.1787337447456181,0.44956953732298266,0.3739605078119526,1.4917380541630458,-0.12489991262398781,-0.07033476780972703,0.5833333333333334,1.1277975979817434,0.9810565176036465,0.4582368152834633,0.38888888888888884
online_soft,25.0,2020-08-31_2021-07-31,12,0.6589113039902526,0.17406019021811336,0.6589113039902526,0.17406019021811336,0.4848511137721392,0.37268060946233644,1.5480454096155878,-0.12489991262398781,-0.0471551797914731,0.6666666666666666,1.202716026048693,0.9853529787211477,0.49004129144534603,0.3611111111111111
online_soft,25.0,2020-09-30_2021-08-31,12,0.9966232676922329,0.29094300690606567,0.9966232676922329,0.29094300690606567,0.7056802607861672,0.37686020656016744,2.052326043492034,-0.12489991262398781,-0.0471551797914731,0.6666666666666666,1.442294416673559,0.9898237544515138,0.6472466819109637,0.3333333333333333
online_soft,25.0,2020-10-31_2021-09-30,12,0.8003546589480892,0.285307502281577,0.8003546589480892,0.285307502281577,0.5150471566665122,0.40002320366876515,1.6805476984459573,-0.12489991262398781,-0.04715517979147299,0.6666666666666666,1.071129288777611,0.8567499720386531,0.5522393752407488,0.3888888888888889
online_soft,25.0,2020-11-30_2021-10-31,12,0.615323435710428,0.164192612882329,0.615323435710428,0.164192612882329,0.451130822828099,0.4179570925364013,1.3521235028878624,-0.13198027029144,-0.04715517979147299,0.6666666666666666,1.0579162990542694,1.5534446793004975,0.36929154481989257,0.41666666666666674
online_soft,25.0,2020-12-31_2021-11-30,12,0.4671812581724646,0.10075285366229347,0.4671812581724646,0.10075285366229347,0.3664284045101711,0.36223676801428484,1.2382158663704905,-0.13198027029144,-0.04715517979147321,0.6666666666666666,0.9684933953855104,0.6172171471257216,0.4626596237224494,0.4166666666666667
online_soft,25.0,2021-01-31_2021-12-31,12,0.29451398141623564,0.1311417024200292,0.29451398141623564,0.1311417024200292,0.16337227899620643,0.33582552702872465,0.9284396426468537,-0.13198027029143988,-0.04715517979147299,0.6666666666666666,0.5779932408838049,1.154860044302782,0.17712300952389692,0.4444444444444444
online_soft,25.0,2021-02-28_2022-01-31,12,0.26513906380032437,0.1035559333431273,0.26513906380032437,0.1035559333431273,0.16158313045719708,0.3321539812911419,0.8647156866473642,-0.1319802702914401,-0.008710521467504728,0.6666666666666666,0.582332326084131,1.207211420770717,0.1772162450147725,0.5277777777777778
online_soft,25.0,2021-03-31_2022-02-28,12,0.44810452293247804,0.1814244316261513,0.44810452293247804,0.1814244316261513,0.26668009130632675,0.29196913277876685,1.4171924731136303,-0.13198027029143988,-0.008710521467504728,0.6666666666666666,0.8051362179299896,-0.43748003238810623,0.613290166463079,0.5555555555555556
online_soft,25.0,2021-04-30_2022-03-31,12,0.4804200585414844,0.2056999327796627,0.4804200585414844,0.2056999327796627,0.2747201257618217,0.2961712627615787,1.477776634772809,-0.13198027029143988,-0.008710521467504728,0.6666666666666666,0.814455047491775,-0.17183978080801926,0.5862254528925355,0.5555555555555556
online_soft,25.0,2021-05-31_2022-04-30,12,0.49423577342549874,0.20202014645819677,0.49423577342549874,0.20202014645819677,0.29221562696730197,0.2952828537797931,1.5140337062871374,-0.13198027029144,-0.011058901373715124,0.6666666666666666,0.855362437392412,-0.21163746884657678,0.6113129864094924,0.5833333333333334
online_soft,25.0,2021-06-30_2022-05-31,12,0.2681938206370653,0.1547230806668567,0.2681938206370653,0.1547230806668567,0.11347073997020862,0.29007821598330197,0.9553655896318892,-0.13198027029144,-0.04389760737316839,0.5833333333333334,0.45202562901369037,0.6547723397631602,0.19629334699120315,0.5833333333333334
online_soft,25.0,2021-07-31_2022-06-30,12,0.5487773347324458,0.14515293481688385,0.5487773347324458,0.14515293481688385,0.403624399915562,0.2772411729364725,1.7289296755176247,-0.13198027029144,-0.04389760737316839,0.6666666666666666,1.2373536415659914,0.6023593045084795,0.4757774700182482,0.6111111111111112
online_soft,25.0,2021-08-31_2022-07-31,12,0.8692683864962532,0.16719366722844042,0.8692683864962532,0.16719366722844042,0.7020747192678127,0.3461093728189322,2.0030333306955184,-0.13198027029144,-0.04389760737316839,0.6666666666666666,1.6110672221622566,1.240764998659534,0.6266620398197069,0.638888888888889
online_soft,25.0,2021-09-30_2022-08-31,12,0.6238919146668518,0.11990803732841937,0.6238919146668518,0.11990803732841937,0.5039838773384324,0.3292817890673998,1.6422312482771004,-0.06476799369034636,-0.04389760737316817,0.6666666666666666,1.3432119707804946,1.1055359173372823,0.49833063412797607,0.6388888888888888
online_soft,25.0,2021-10-31_2022-09-30,12,1.1941638101827832,0.07700156092153554,1.1941638101827832,0.07700156092153554,1.1171622492612476,0.3626413961630583,2.3899502900842737,-0.04657689266336251,-0.04389760737316828,0.75,2.3896452899440117,2.4793606446047645,0.9299187921855889,0.638888888888889
online_soft,25.0,2021-11-30_2022-10-31,12,1.329135616607314,0.0837751064100245,1.329135616607314,0.0837751064100245,1.2453605101972895,0.3429623888111893,2.6948283766054013,-0.04657689266336251,-0.04389760737316839,0.75,2.6837045561033954,2.276527026160812,1.040423516552503,0.611111111111111
online_soft,25.0,2021-12-31_2022-11-30,12,0.8120242765065693,0.04089310124175727,0.8120242765065693,0.04089310124175727,0.771131175264812,0.37395261600606716,1.7858802014614164,-0.10807883759165837,-0.052330809109684795,0.6666666666666666,1.8958266518932538,2.7309494346251992,0.7112168680397573,0.5833333333333333
online_soft,25.0,2022-01-31_2022-12-31,12,1.053744182401985,0.03139589518781816,1.053744182401985,0.03139589518781816,1.022348287214167,0.38656019110086076,2.081389590390305,-0.10807883759165837,-0.0538908420070876,0.6666666666666666,2.2349895103556836,2.6769713624764093,0.9991532048323502,0.5277777777777778
online_soft,25.0,2022-02-28_2023-01-31,12,0.7905379633350842,-0.006523085673795559,0.7905379633350842,-0.006523085673795559,0.7970610490088798,0.4127765354216973,1.6205793801398294,-0.10807883759165837,-0.053890842007087936,0.5833333333333334,1.8129079171764302,3.4651818905807965,0.9428219771028576,0.44444444444444436
online_soft,25.0,2022-03-31_2023-02-28,12,0.7066121907546881,-0.03763942955797195,0.7066121907546881,-0.03763942955797195,0.74425162031266,0.42205348322459724,1.4737175345147338,-0.11902709890296292,-0.05860315994470999,0.5833333333333334,1.7550888570943142,4.541476201727536,1.1416578780252817,0.4166666666666666
online_soft,25.0,2022-04-30_2023-03-31,12,0.5923632874537927,-0.0433257664262765,0.5923632874537927,-0.0433257664262765,0.6356890538800692,0.42026899650074084,1.305579894574282,-0.11902709890296292,-0.052003665957635614,0.5833333333333334,1.5650770394092772,4.4229929710966065,1.0416335679474442,0.38888888888888884
online_soft,25.0,2022-05-31_2023-04-30,12,0.565961408619247,-0.07213752035282106,0.565961408619247,-0.07213752035282106,0.6380989289720681,0.42190643850623755,1.2605886092334833,-0.11902709890296304,-0.07596598010903766,0.5833333333333334,1.601940437394083,3.6393937953225417,1.1570015074633977,0.3611111111111111
online_soft,25.0,2022-06-30_2023-05-31,12,0.6548053481817697,-0.0361282154897381,0.6548053481817697,-0.0361282154897381,0.6909335636715078,0.4125570740015059,1.4202698513736178,-0.11902709890296292,-0.07596598010903755,0.6666666666666666,1.6577778340165146,3.5752551545416713,0.9918002190591737,0.3611111111111111
online_soft,25.0,2022-07-31_2023-06-30,12,0.5020693624549546,-0.0028433046031512976,0.5020693624549546,-0.0028433046031512976,0.5049126670581059,0.40705406638833247,1.1863953104707,-0.11902709890296304,-0.07596598010903743,0.5833333333333334,1.2836115095612626,2.297538605766061,0.6046457281081297,0.36111111111111116
online_soft,25.0,2022-08-31_2023-07-31,12,0.21669857832160977,-0.031389184091800915,0.21669857832160977,-0.031389184091800915,0.24808776241341068,0.33843692586626156,0.726469829234277,-0.11902709890296292,-0.0655917893195096,0.5833333333333334,0.8480234297427531,1.337079450213318,0.32541008374111935,0.3333333333333333
online_soft,25.0,2022-09-30_2023-08-31,12,0.2604037449321315,-0.014331580574544756,0.2604037449321315,-0.014331580574544756,0.27473532550667623,0.3390727187565932,0.8320339171141644,-0.11902709890296304,-0.06559178931950937,0.5833333333333334,0.9039902411487426,1.375299476554216,0.3431530366376503,0.3611111111111111
online_soft,25.0,2022-10-31_2023-09-30,12,-0.08336174582977296,-0.04883569016310929,-0.08336174582977296,-0.04883569016310929,-0.03452605566666367,0.24474626458668536,-0.2448180815819166,-0.11902709890296304,-0.06327241269436523,0.5,-0.05526226660662688,1.2020707231640846,-0.0030165876927921165,0.3611111111111111
online_soft,25.0,2022-11-30_2023-10-31,12,-0.08264149041436364,-8.074453772832779e-05,-0.08264149041436364,-8.074453772832779e-05,-0.08256074587663531,0.2447397019820608,-0.241637300235055,-0.12117280692972687,-0.04084242285001627,0.5,-0.2688315584586034,0.7993343487885154,-0.06043285238140361,0.38888888888888884
online_soft,25.0,2022-12-31_2023-11-30,12,0.0382892638703185,0.06162621592425688,0.0382892638703185,0.06162621592425688,-0.023336952053938376,0.22124700046004916,0.2680103294138924,-0.12117280692972698,-0.04084242285001627,0.5,-0.01878134606386787,0.4268789938336111,0.032668931883146346,0.47222222222222215
online_soft,25.0,2023-01-31_2023-12-31,12,-0.10721462895381362,0.05389394652891433,-0.10721462895381362,0.05389394652891433,-0.16110857548272794,0.14041303204417377,-0.7372858467003376,-0.09385716090411345,-0.04084242285001627,0.5,-1.1690540713047917,0.5656005327473583,-0.1272413258112718,0.5277777777777778
online_soft,25.0,2023-02-28_2024-01-31,12,0.03015998990796409,0.06910062416905749,0.03015998990796409,0.06910062416905749,-0.0389406342610934,0.13646500588951677,0.28185502766563936,-0.09385716090411345,-0.04084242285001627,0.5833333333333334,-0.24701241440929325,0.6014112089472435,-0.0040283075436047255,0.5833333333333334
online_soft,25.0,2023-03-31_2024-02-29,12,0.049037249261207005,0.07105311702696282,0.049037249261207005,0.07105311702696282,-0.022015867765755814,0.13068138110976352,0.42820166840241386,-0.09385716090411333,-0.04084242285001627,0.5833333333333334,-0.1307400478968382,0.5691690849742288,0.014803074855376908,0.611111111111111
online_soft,25.0,2023-04-30_2024-03-31,12,-0.05292227611236555,0.04605177038880415,-0.05292227611236555,0.04605177038880415,-0.0989740465011697,0.1525819190389498,-0.2839666466553385,-0.12119367958370142,-0.028914327222309355,0.5,-0.6418862064994347,0.6683533355979844,-0.07333058464773756,0.611111111111111
online_soft,25.0,2023-05-31_2024-04-30,12,-0.06439213501791174,0.05087612226469651,-0.06439213501791174,0.05087612226469651,-0.11526825728260826,0.15282890393798884,-0.36267874176240494,-0.13263749458014862,-0.04720745865673304,0.5,-0.7850744538895328,0.7773759621404104,-0.09259275610496165,0.638888888888889
online_soft,25.0,2023-06-30_2024-05-31,12,-0.07111825831492291,0.06029804021364593,-0.07111825831492291,0.06029804021364593,-0.13141629852856884,0.15237250870335647,-0.411300319064258,-0.1326374945801484,-0.04720745865673304,0.4166666666666667,-0.9065589381082404,0.7765519684484669,-0.10549028161880802,0.6944444444444443
online_soft,25.0,2023-07-31_2024-06-30,12,-0.042016249650820625,0.046802268590376395,-0.042016249650820625,0.046802268590376395,-0.08881851824119702,0.15966658556575203,-0.19371876406840938,-0.13263749458014829,-0.04720745865673304,0.5,-0.5745237723608275,0.9508075028233668,-0.0747755657204,0.6944444444444443
online_soft,25.0,2023-08-31_2024-07-31,12,-0.10085671932893858,0.10318514893952901,-0.10085671932893858,0.10318514893952901,-0.2040418682684676,0.16596492975288013,-0.560424866388964,-0.14004709866831788,-0.04720745865673315,0.4166666666666667,-1.1468149161141798,0.4138838064466563,-0.12750978771835797,0.7222222222222222
online_soft,25.0,2023-09-30_2024-08-31,12,-0.05468275886750318,0.08473288946892565,-0.05468275886750318,0.08473288946892565,-0.13941564833642883,0.1915050975279199,-0.20530670886912203,-0.12262563012640693,-0.04720745865673315,0.4166666666666667,-0.5990302711174034,0.14651058339710143,-0.05073899556284378,0.75
online_soft,25.0,2023-10-31_2024-09-30,12,0.15812746907477715,0.12170948346779942,0.15812746907477715,0.12170948346779942,0.03641798560697773,0.20221493325378648,0.8209084051078099,-0.12262563012640693,-0.047207458656732815,0.5,0.1991319104183903,-0.27003790653267634,0.2173007589360798,0.7777777777777778
online_soft,25.0,2023-11-30_2024-10-31,12,0.10655063452356806,0.004734660022875703,0.10655063452356806,0.004734660022875703,0.10181597450069235,0.2116780427388477,0.5751794833064522,-0.12262563012640693,-0.07254414974326939,0.5833333333333334,0.4968508108061243,0.2555821547639863,0.1259030467261979,0.7777777777777777
online_soft,25.0,2023-12-31_2024-11-30,12,0.22669205137299464,-0.026522408525777696,0.22669205137299464,-0.026522408525777696,0.25321445989877234,0.24210213709474968,0.9589183430545188,-0.12262563012640704,-0.07702368625268241,0.6666666666666666,0.9986963261640692,0.21972049707513636,0.26446636927488143,0.7499999999999999
online_soft,25.0,2024-01-31_2024-12-31,12,0.24111508896062195,-0.013699490369203038,0.24111508896062195,-0.013699490369203038,0.254814579329825,0.24131101265032892,1.0107394575011404,-0.12262563012640704,-0.07702368625268208,0.6666666666666666,0.9932494774714377,0.19939388837702096,0.275295210952724,0.7222222222222222
online_soft,25.0,2024-02-29_2025-01-31,12,0.10291996449851348,-0.14290566323586873,0.10291996449851348,-0.14290566323586873,0.2458256277343822,0.2465651361611517,0.5083636717093293,-0.09753985612555272,-0.18252959118595857,0.6666666666666666,1.040999201574969,0.39452168162720275,0.19712342187373388,0.6666666666666666
online_soft,25.0,2024-03-31_2025-02-28,12,0.10493921262934003,-0.10676537761977256,0.10493921262934003,-0.10676537761977256,0.2117045902491126,0.2462702184994526,0.5161999993408016,-0.0784206723870361,-0.1825295911859588,0.6666666666666666,0.8483578392856603,0.2942459823579337,0.16820495159068916,0.6111111111111112
online_soft,25.0,2024-04-30_2025-03-31,12,0.21743611987797862,-0.06461005552580057,0.21743611987797862,-0.06461005552580057,0.2820461754037792,0.22664091297962166,0.9752036323144081,-0.0784206723870362,-0.18252959118595868,0.6666666666666666,1.0779368802624114,0.2697767247629434,0.2624084891427725,0.638888888888889
online_soft,25.0,2024-05-31_2025-04-30,12,0.44332613537284526,0.02942056800377868,0.44332613537284526,0.02942056800377868,0.4139055673690666,0.26896158451156005,1.502632983441182,-0.07842067238703598,-0.18252959118595857,0.6666666666666666,1.3411684108302881,0.5032833859204892,0.45656438150238166,0.611111111111111
online_soft,25.0,2024-06-30_2025-05-31,12,0.3798471871043574,-0.019239253194651806,0.3798471871043574,-0.019239253194651806,0.3990864402990092,0.2783564257707574,1.2938719521520028,-0.0784206723870362,-0.18252959118595835,0.6666666666666666,1.359027886205545,0.587376282545853,0.4292006176514209,0.611111111111111
online_soft,25.0,2024-07-31_2025-06-30,12,0.6180664038762518,0.03150250800801424,0.6180664038762518,0.03150250800801424,0.5865638958682375,0.34037316833790476,1.588080279192154,-0.0784206723870361,-0.1825295911859589,0.6666666666666666,1.6908793540077336,0.9065489244047926,0.6257588134257095,0.6388888888888888
online_soft,25.0,2024-08-31_2025-07-31,12,0.5738768080675982,0.02082724764079913,0.5738768080675982,0.02082724764079913,0.5530495604267991,0.34924740039114527,1.4735458727814772,-0.07842067238703632,-0.1720911800730176,0.6666666666666666,1.5919564581565948,0.9325291842023092,0.5994419343900135,0.6388888888888888
online_soft,25.0,2024-09-30_2025-08-31,12,0.8873051930452056,0.07082064647411035,0.8873051930452056,0.07082064647411035,0.8164845465710953,0.4436498364708462,1.6534313222573762,-0.0784206723870361,-0.1720911800730176,0.6666666666666666,1.6830814323618382,1.1524419265711803,0.855019449384389,0.6111111111111112
online_soft,25.0,2024-10-31_2025-09-30,12,0.8294030393452128,0.07787885846139209,0.8294030393452128,0.07787885846139209,0.7515241808838207,0.44022192886555256,1.5884362185782743,-0.0784206723870362,-0.11858833109117162,0.6666666666666666,1.5953592767811215,1.1574122247751426,0.7817035789857902,0.5555555555555556
online_soft,25.0,2024-11-30_2025-10-31,12,0.8484566776771882,0.1960061542824556,0.8484566776771882,0.1960061542824556,0.6524505233947326,0.4376554103678065,1.6203422963218224,-0.0784206723870361,-0.11795970406671652,0.5833333333333334,1.2778811676177855,0.9611216638420269,0.6651234581554748,0.5277777777777778
online_soft,25.0,2024-12-31_2025-11-30,12,0.8899472337753818,0.22133541890163522,0.8899472337753818,0.22133541890163522,0.6686118148737465,0.44265746842253906,1.65919296451008,-0.0784206723870361,-0.11795970406671652,0.5833333333333334,1.2850569087474057,1.023936963645525,0.6514792850990121,0.5277777777777778
online_soft,25.0,2025-01-31_2025-12-31,12,0.7182267866782965,0.17166648362633885,0.7182267866782965,0.17166648362633885,0.5465603030519577,0.4631229661951052,1.3875670762693666,-0.08105347106867711,-0.03669877287899381,0.5,1.135323783070674,1.149540230820673,0.5407626232896601,0.5277777777777778
online_soft,25.0,2025-02-28_2026-01-31,12,0.8194950390392222,0.31334945156909844,0.8194950390392222,0.31334945156909844,0.5061455874701237,0.4522507000761386,1.54423374277673,-0.08105347106867711,-0.04758367670999886,0.5,1.0121136756636469,1.6473837888454401,0.25899031691346464,0.5555555555555555
online_soft,25.0,2025-03-31_2026-02-28,12,0.650203085880527,0.08257309459079365,0.650203085880527,0.08257309459079365,0.5676299912897333,0.47895139858810515,1.268934899511186,-0.18664549660086505,-0.18488813271044613,0.5833333333333334,1.279689765391806,1.3376017485654959,0.5911252463629018,0.6111111111111112
online_soft,25.0,2025-04-30_2026-03-31,12,0.7627831437811692,0.028079656548997578,0.7627831437811692,0.028079656548997578,0.7347034872321716,0.4785198981297837,1.4149491299516097,-0.18664549660086494,-0.19546042589812018,0.6666666666666666,1.5996642521521962,1.3791255107358344,0.8145112749254859,0.6111111111111112
online_soft,25.0,2025-05-31_2026-04-30,12,0.10656568554900492,-0.14610708694572017,0.10656568554900492,-0.14610708694572017,0.2526727724947251,0.5573823273384932,0.4332655613647563,-0.3515152341986818,-0.29138146686445754,0.5833333333333334,0.8601951666095454,1.6681152294499964,0.5721816290803659,0.638888888888889
online_soft,25.0,2025-06-30_2026-05-31,12,0.02727547784495865,-0.18541351506394133,0.02727547784495865,-0.18541351506394133,0.21268899290889998,0.5700133888835124,0.30345436299010875,-0.4243028044480437,-0.34737666250868915,0.5833333333333334,0.7989827242693486,1.6820867314148822,0.5844435547323199,0.638888888888889
online_soft,25.0,2025-07-31_2026-06-30,12,-0.01982359776310416,-0.1667764227923394,-0.01982359776310416,-0.1667764227923394,0.14695282502923523,0.5497582663111015,0.21245441868524736,-0.4243028044480437,-0.34737666250868904,0.5833333333333334,0.6374595325953092,1.5030913852654582,0.4042152179333143,0.6111111111111112
