model,cost_bps,period,months,strategy_total_return,benchmark_total_return,strategy_cagr,benchmark_cagr,excess_cagr,strategy_volatility,strategy_sharpe_rf0,strategy_max_drawdown,benchmark_max_drawdown,active_hit_rate,information_ratio,beta_to_benchmark,annualized_alpha_rf0,average_monthly_turnover
existing_composite,25.0,2016-01-31_2016-12-31,12,2.0946590700951933,0.1471553785298949,2.0946590700951933,0.1471553785298949,1.9475036915652983,0.4750204423434614,2.6831161394347607,-0.05797986254739218,-0.05046191183613402,0.6666666666666666,2.4726979959907975,1.4086674946082707,1.7981638140091358,0.3333333333333333
existing_composite,25.0,2016-02-29_2017-01-31,12,1.9179761408716,0.12910312615333996,1.9179761408716,0.12910312615333996,1.78887301471826,0.4905481620753445,2.480163979492601,-0.05797986254739229,-0.05046191183613391,0.6666666666666666,2.3159716140548485,1.6412957080155577,1.637540785231912,0.25
existing_composite,25.0,2016-03-31_2017-02-28,12,2.214846703278304,0.1492046756740173,2.214846703278304,0.1492046756740173,2.065642027604287,0.4835056561800263,2.731645267417462,-0.05797986254739218,-0.05046191183613402,0.6666666666666666,2.546066355822223,1.64801216107047,1.821967964241562,0.2222222222222222
existing_composite,25.0,2016-04-30_2017-03-31,12,2.1679296230391234,0.17503808646495478,2.1679296230391234,0.17503808646495478,1.9928915365741686,0.483706146807773,2.6969621600626588,-0.04384300543173991,-0.05046191183613402,0.6666666666666666,2.4612388568632557,1.6679181486454913,1.6790700438781214,0.19444444444444442
existing_composite,25.0,2016-05-31_2017-04-30,12,2.432538108441769,0.19627580709932912,2.432538108441769,0.19627580709932912,2.23626230134244,0.4599414551003193,3.007386095256754,-0.04384300543173991,-0.05046191183613402,0.75,2.691537515576264,1.3143886512259602,1.9742002605703495,0.19444444444444442
existing_composite,25.0,2016-06-30_2017-05-31,12,1.849965298017016,0.16211773486732262,1.849965298017016,0.16211773486732262,1.6878475631496934,0.4930091039263842,2.4175241618916785,-0.06386003593829404,-0.05046191183613402,0.6666666666666666,2.158863812748212,1.370907130878858,1.5656117755632648,0.2222222222222222
existing_composite,25.0,2016-07-31_2017-06-30,12,1.643758529259232,0.11985678631409691,1.643758529259232,0.11985678631409691,1.5239017429451351,0.49142149189168993,2.256609076952828,-0.06386003593829404,-0.05046191183613402,0.6666666666666666,2.0646077536683864,1.3481772069038223,1.4989855471922247,0.2222222222222222
existing_composite,25.0,2016-08-31_2017-07-31,12,1.129793004854776,0.08878533946639733,1.129793004854776,0.08878533946639733,1.0410076653883786,0.4374512139664041,1.9576653261900252,-0.06386003593829404,-0.05046191183613402,0.6666666666666666,1.7567022568677313,0.5018744483858286,1.194453781101176,0.19444444444444442
existing_composite,25.0,2016-09-30_2017-08-31,12,1.415489986952542,0.09996258200034913,1.415489986952542,0.09996258200034913,1.3155274049521928,0.4315915966837364,2.292816621005825,-0.06386003593829404,-0.05046191183613402,0.75,2.0535795986495953,0.30262925168436633,1.5178172446488665,0.2222222222222222
existing_composite,25.0,2016-10-31_2017-09-30,12,1.046589836247267,0.1075588143605537,1.046589836247267,0.1075588143605537,0.9390310218867133,0.3709381332749384,2.1382214312981778,-0.06386003593829415,-0.0004923640702735321,0.75,1.834887472965894,0.2283988295130965,1.1074661144391027,0.25
existing_composite,25.0,2016-11-30_2017-10-31,12,1.1303553244504942,0.1559996199134983,1.1303553244504942,0.1559996199134983,0.9743557045369959,0.36351028571215227,2.2928891845690833,-0.06386003593829404,-0.008932388259170088,0.75,1.8313494565199169,-1.779267007320383,1.8502763633225934,0.2777777777777778
existing_composite,25.0,2016-12-31_2017-11-30,12,1.181007904095416,0.19992461049678534,1.181007904095416,0.19992461049678534,0.9810832935986307,0.3596329481107328,2.3840347393038943,-0.06386003593829404,-0.008932388259169977,0.75,1.7724854191438948,-0.9828529409087723,1.7110882210836285,0.25
existing_composite,25.0,2017-01-31_2017-12-31,12,1.328214856988808,0.24773371905633135,1.328214856988808,0.24773371905633135,1.0804811379324766,0.43680190749106235,2.1700872088688907,-0.06386003593829392,-0.008932388259170088,0.75,1.713276068582081,1.8067307002421658,0.6963661521325029,0.2777777777777778
existing_composite,25.0,2017-02-28_2018-01-31,12,1.7671437049843433,0.22472528642954592,1.7671437049843433,0.22472528642954592,1.5424184185547973,0.41830546289261766,2.6969731678160183,-0.06386003593829404,-0.008932388259170088,0.8333333333333334,2.27104294256572,1.4626784294279178,1.2221120543281172,0.2777777777777778
existing_composite,25.0,2017-03-31_2018-02-28,12,1.186691920027799,0.11150665310004948,1.186691920027799,0.11150665310004948,1.0751852669277495,0.46216496941180985,1.9292422755449294,-0.10893694463517367,-0.06307407298992962,0.75,1.843503003658479,2.0494932670581343,0.9076320881215372,0.2777777777777778
existing_composite,25.0,2017-04-30_2018-03-31,12,1.1691375694256605,0.054403018339003184,1.1691375694256605,0.054403018339003184,1.1147345510866573,0.4618022313827957,1.9117087107297646,-0.10893694463517367,-0.09250223900477905,0.75,1.9314402682567742,1.7489832000981103,1.1289938221443032,0.25
existing_composite,25.0,2017-05-31_2018-04-30,12,1.2726930996749997,0.042771960341875914,1.2726930996749997,0.042771960341875914,1.2299211393331237,0.45827431838677823,2.0327567323118525,-0.10893694463517367,-0.09416874157139277,0.75,2.0942858493857113,1.7731804319910829,1.2669612182377468,0.2222222222222222
existing_composite,25.0,2017-06-30_2018-05-31,12,1.413420181234347,-0.005226881237519021,1.413420181234347,-0.005226881237519021,1.418647062471866,0.4421321852764105,2.238079059441979,-0.10893694463517367,-0.12207676452647664,0.8333333333333334,2.5190530613780178,2.036667303560243,1.583378673976818,0.2222222222222222
existing_composite,25.0,2017-07-31_2018-06-30,12,1.3805583317701369,0.0163507796990916,1.3805583317701369,0.0163507796990916,1.3642075520710453,0.4430614446820883,2.2007150691812183,-0.10893694463517367,-0.12207676452647676,0.8333333333333334,2.403569119582533,1.8982816150672435,1.4537424747338008,0.2222222222222222
existing_composite,25.0,2017-08-31_2018-07-31,12,1.187494721503831,0.02633003466478856,1.187494721503831,0.02633003466478856,1.1611646868390424,0.4581796392175621,1.94284939558898,-0.10893694463517367,-0.12207676452647653,0.75,2.058584151868836,1.7806076511934874,1.2359844910198166,0.22222222222222224
existing_composite,25.0,2017-09-30_2018-08-31,12,0.86531428452632,0.012828519177035869,0.86531428452632,0.012828519177035869,0.8524857653492841,0.4676421214107087,1.5489127038102792,-0.10893694463517367,-0.12207676452647664,0.6666666666666666,1.6581362905168202,1.8278306066423047,0.9543129544354356,0.2222222222222222
existing_composite,25.0,2017-10-31_2018-09-30,12,0.6019412233058083,-0.028994428060318933,0.6019412233058083,-0.028994428060318933,0.6309356513661273,0.48220870960722306,1.1830608030795209,-0.1359038180273474,-0.12207676452647676,0.5833333333333334,1.3605787160093021,1.9577724600698838,0.8217123780127873,0.19444444444444442
existing_composite,25.0,2017-11-30_2018-10-31,12,0.5379889466218091,0.017470333624036494,0.5379889466218091,0.017470333624036494,0.5205186129977726,0.4859329051339919,1.0897057584662762,-0.14885878838914646,-0.12207676452647676,0.5,1.1268393462209716,1.6016997414776701,0.6164946806841212,0.19444444444444442
existing_composite,25.0,2017-12-31_2018-11-30,12,0.7457204621428217,-0.025356283802123625,0.7457204621428217,-0.025356283802123625,0.7710767459449454,0.5007256850900257,1.3349703747392643,-0.14885878838914646,-0.12207676452647687,0.5833333333333334,1.5326467684969372,2.595357654881515,1.0142058326531158,0.24999999999999997
existing_composite,25.0,2018-01-31_2018-12-31,12,0.38574787280213485,-0.01099995180484914,0.38574787280213485,-0.01099995180484914,0.396747824606984,0.30938077108683865,1.206407803759775,-0.14885878838914635,-0.12095719505337177,0.5833333333333334,1.415086509909282,1.4166472164206936,0.45406677176162313,0.27777777777777773
existing_composite,25.0,2018-02-28_2019-01-31,12,0.20648826345684013,-0.023323412109537922,0.20648826345684013,-0.023323412109537922,0.22981167556637805,0.28904803803485263,0.7826831486507302,-0.14885878838914646,-0.06297476655901424,0.5833333333333334,1.0084870929489447,1.437888143281334,0.2823107880214699,0.3333333333333333
existing_composite,25.0,2018-03-31_2019-02-28,12,0.1772081949305524,0.045204178762284775,0.1772081949305524,0.045204178762284775,0.13200401616826762,0.30007629055817936,0.6818531479821498,-0.14885878838914646,-0.032589089243883484,0.5833333333333334,0.5561793829787541,1.1157459847144091,0.16142579553338132,0.3611111111111111
existing_composite,25.0,2018-04-30_2019-03-31,12,0.18564290949633366,0.07686204312787948,0.18564290949633366,0.07686204312787948,0.10878086636845419,0.3021507420112995,0.7029482433867629,-0.14885878838914646,-0.031039511736595693,0.5833333333333334,0.4937080579546247,1.6028209486851912,0.09138602544698293,0.4166666666666667
existing_composite,25.0,2018-05-31_2019-04-30,12,0.03768376348280067,0.03769148450195714,0.03768376348280067,0.03769148450195714,-7.721019156470277e-06,0.3066628495865631,0.2574137972578696,-0.14885878838914623,-0.04957195403333192,0.5,0.1406217051021874,1.6896999715007281,0.008941394357526056,0.4444444444444444
existing_composite,25.0,2018-06-30_2019-05-31,12,0.08244389102227645,0.09645960452265201,0.08244389102227645,0.09645960452265201,-0.01401571350037556,0.30775641990369185,0.39583150846479354,-0.14885878838914623,-0.04957195403333203,0.5,0.09586983508978951,1.9054614322619483,-0.060027911206955165,0.4166666666666666
existing_composite,25.0,2018-07-31_2019-06-30,12,0.07347906788949632,0.07648721996967378,0.07347906788949632,0.07648721996967378,-0.003008152080177462,0.3066943480439382,0.3688864106150094,-0.13976846813474764,-0.04957195403333203,0.5,0.13279000061685994,1.8790444263899246,-0.0323578048619686,0.4444444444444444
existing_composite,25.0,2018-08-31_2019-07-31,12,0.17297301351465855,0.051509897202665744,0.17297301351465855,0.051509897202665744,0.1214631163119928,0.3045082682378087,0.6642500306810235,-0.13976846813474753,-0.04957195403333203,0.5833333333333334,0.5581561747824199,1.8210501107701953,0.10869536969448435,0.4166666666666667
existing_composite,25.0,2018-09-30_2019-08-31,12,0.2529369677229629,0.032217370272061396,0.2529369677229629,0.032217370272061396,0.22071959745090153,0.298177954234937,0.8978677310801612,-0.13976846813474764,-0.05569706120271434,0.6666666666666666,0.8814069166111852,1.5698294297083093,0.23300544741619134,0.4166666666666667
existing_composite,25.0,2018-10-31_2019-09-30,12,0.2869687743863427,0.0680196854801034,0.2869687743863427,0.0680196854801034,0.21894908890623932,0.291133715902363,1.0068994212169002,-0.13976846813474764,-0.05569706120271445,0.6666666666666666,0.8423259983228685,1.3632070423470402,0.21699749142211577,0.44444444444444436
existing_composite,25.0,2018-11-30_2019-10-31,12,0.4431895468202238,-0.007313909877188718,0.4431895468202238,-0.007313909877188718,0.45050345669741254,0.2979448969912673,1.3851859555859187,-0.13976846813474753,-0.07977064350808971,0.75,1.498236070797885,1.1821335098437267,0.5064017652356669,0.4166666666666666
existing_composite,25.0,2018-12-31_2019-11-30,12,0.3027822150850352,0.01695714726683817,0.3027822150850352,0.01695714726683817,0.28582506781819705,0.26206437993725556,1.1414005434762644,-0.13976846813474764,-0.07977064350808971,0.75,1.1049705763653286,0.7680114280976114,0.3221974238678613,0.38888888888888884
existing_composite,25.0,2019-01-31_2019-12-31,12,0.07698336520102256,-0.0907583313333864,0.07698336520102256,-0.0907583313333864,0.16774169653440896,0.24401865842636009,0.4186127970883621,-0.13056200980370725,-0.08173242622854304,0.6666666666666666,0.7886772195190911,0.5044717855234263,0.15804214949368078,0.3611111111111111
existing_composite,25.0,2019-02-28_2020-01-31,12,-0.03274117638303997,-0.15374678206850467,-0.03274117638303997,-0.15374678206850467,0.1210056056854647,0.2718589519157865,0.004953972476909496,-0.16516583627390602,-0.157070533612218,0.5833333333333334,0.6448951879705128,0.9002814280893741,0.15392488924241388,0.3333333333333333
existing_composite,25.0,2019-03-31_2020-02-29,12,-0.17027448522459798,-0.2983301643039218,-0.17027448522459798,-0.2983301643039218,0.1280556790793238,0.3527555219477521,-0.34663527252686405,-0.37736924184112897,-0.2968733323797681,0.5833333333333334,0.945506387325492,1.4867346474857266,0.43737262158641177,0.36111111111111116
existing_composite,25.0,2019-04-30_2020-03-31,12,-0.2020094088373512,-0.26938100433105683,-0.2020094088373512,-0.26938100433105683,0.06737159549370564,0.3414661192232013,-0.48072240099585545,-0.37736924184112886,-0.2897384073692094,0.5833333333333334,0.6176464741301251,1.390743673421956,0.26519506298690443,0.3611111111111111
existing_composite,25.0,2019-05-31_2020-04-30,12,-0.18160492758651892,-0.23441422140073764,-0.18160492758651892,-0.23441422140073764,0.05280929381421873,0.33844209469402514,-0.41430325500146753,-0.37736924184112886,-0.2897384073692094,0.5833333333333334,0.49476719672283687,1.3266239448924728,0.19784678817531387,0.3611111111111111
existing_composite,25.0,2019-06-30_2020-05-31,12,-0.22372396600411082,-0.22854562482453433,-0.22372396600411082,-0.22854562482453433,0.004821658820423513,0.3342512345771291,-0.5791650180215071,-0.38101440734819114,-0.2897384073692095,0.5,0.19254516255750218,1.2433901673235817,0.10312690498428867,0.38888888888888884
existing_composite,25.0,2019-07-31_2020-06-30,12,-0.19268350458013372,-0.1941752572672133,-0.19268350458013372,-0.1941752572672133,0.0014917526870795728,0.34428965606183937,-0.44150386416710935,-0.38101440734819114,-0.2827760862119635,0.5,0.17807863389405298,1.2482088968676126,0.08879625735776919,0.3611111111111111
existing_composite,25.0,2019-08-31_2020-07-31,12,-0.23771983096849603,-0.1722348942847023,-0.23771983096849603,-0.1722348942847023,-0.06548493668379374,0.3374157575373869,-0.6242342377277992,-0.38101440734819103,-0.27948217627529803,0.4166666666666667,-0.2298242372025611,1.2186967115066591,-0.011655654921401859,0.4166666666666667
existing_composite,25.0,2019-09-30_2020-08-31,12,-0.2852866182989534,-0.21057570090232802,-0.2852866182989534,-0.21057570090232802,-0.07471091739662539,0.3345449934142251,-0.8208889757416524,-0.38101440734819103,-0.27948217627529803,0.4166666666666667,-0.3285747802424191,1.1750761685068594,-0.029375517801063067,0.4444444444444445
existing_composite,25.0,2019-10-31_2020-09-30,12,-0.18582274437142043,-0.1766274605970889,-0.18582274437142043,-0.1766274605970889,-0.009195283774331542,0.353803289346174,-0.3981153926539184,-0.38101440734819114,-0.2794821762752979,0.5,0.11990486746313408,1.2410301401499733,0.0657546619436511,0.4444444444444444
existing_composite,25.0,2019-11-30_2020-10-31,12,-0.2508846215405135,-0.06643817837031618,-0.2508846215405135,-0.06643817837031618,-0.18444644317019732,0.33251780132723174,-0.6890529741221526,-0.38101440734819114,-0.2794821762752979,0.4166666666666667,-1.2886464598990368,1.1476682994802165,-0.17267268455631446,0.47222222222222215
existing_composite,25.0,2019-12-31_2020-11-30,12,0.09499882646066538,-0.050871312509224054,0.09499882646066538,-0.050871312509224054,0.14587013896988943,0.6518598240295207,0.39503389862745497,-0.3411435878742096,-0.2358764964179022,0.4166666666666667,0.5354318109256148,1.636237833271517,0.3285169945937647,0.47222222222222215
existing_composite,25.0,2020-01-31_2020-12-31,12,0.38069299963677716,-0.013079995771551722,0.38069299963677716,-0.013079995771551722,0.3937729954083289,0.664202144625111,0.7567365196227978,-0.25855263290962316,-0.16758179221927783,0.5,0.8877888181704658,1.578570211997534,0.5891408215434384,0.44444444444444436
existing_composite,25.0,2020-02-29_2021-01-31,12,0.8085108745240681,0.14471568274700242,0.8085108745240681,0.14471568274700242,0.6637951917770657,0.6518413050518964,1.1934927721993107,-0.05581618482978423,-0.07033476780972703,0.5833333333333334,1.1296610660073687,1.562785482797105,0.6613584583904601,0.44444444444444436
existing_composite,25.0,2020-03-31_2021-02-28,12,1.149053927564819,0.3187076559568369,1.149053927564819,0.3187076559568369,0.8303462716079821,0.5889569839732021,1.5593749952171474,-0.11374939018890162,-0.07033476780972703,0.5833333333333334,1.1632659761175,1.5335976605076829,0.5853564238517095,0.4166666666666666
existing_composite,25.0,2020-04-30_2021-03-31,12,1.227761361374426,0.2712264885896778,1.227761361374426,0.2712264885896778,0.9565348727847482,0.5885322548109092,1.6260230277241827,-0.11374939018890162,-0.07033476780972714,0.5833333333333334,1.305794119128416,1.5277640537215416,0.7405523326507577,0.38888888888888884
existing_composite,25.0,2020-05-31_2021-04-30,12,1.3004365016440098,0.2511461011810818,1.3004365016440098,0.2511461011810818,1.049290400462928,0.5823771409833325,1.696978743523982,-0.11374939018890173,-0.07033476780972703,0.5833333333333334,1.4152521477322062,1.5287826132506042,0.8348820426033867,0.38888888888888884
existing_composite,25.0,2020-06-30_2021-05-31,12,1.2282149583285027,0.22018559574957508,1.2282149583285027,0.22018559574957508,1.0080293625789276,0.5888712096376604,1.6258244722698765,-0.11374939018890162,-0.07033476780972703,0.5833333333333334,1.4018562105814933,1.6390160336115607,0.8082070015889278,0.3611111111111111
existing_composite,25.0,2020-07-31_2021-06-30,12,1.1959649043940024,0.1787337447456181,1.1959649043940024,0.1787337447456181,1.0172311596483843,0.5890302850840573,1.5988117846561762,-0.11374939018890162,-0.07033476780972703,0.5833333333333334,1.44193810786078,1.7097213619404048,0.860899977945156,0.3888888888888889
existing_composite,25.0,2020-08-31_2021-07-31,12,1.0208587296014593,0.17406019021811336,1.0208587296014593,0.17406019021811336,0.8467985393833459,0.6067185640497895,1.4217946162448736,-0.11374939018890173,-0.0471551797914731,0.5833333333333334,1.2558239696289057,1.7278764164289084,0.7319814112913945,0.3611111111111111
existing_composite,25.0,2020-09-30_2021-08-31,12,1.3188412405093497,0.29094300690606567,1.3188412405093497,0.29094300690606567,1.027898233603284,0.5950572102745908,1.6879385775006452,-0.11374939018890162,-0.0471551797914731,0.5833333333333334,1.3463091776418672,1.9219543410627777,0.6198784281831256,0.3333333333333333
existing_composite,25.0,2020-10-31_2021-09-30,12,1.080544019097177,0.285307502281577,1.080544019097177,0.285307502281577,0.7952365168155999,0.6033102451282237,1.4783311079408563,-0.11374939018890162,-0.04715517979147299,0.5,1.1195169240475085,1.7730847257361255,0.5220203661378113,0.3611111111111111
existing_composite,25.0,2020-11-30_2021-10-31,12,1.0603036369057386,0.164192612882329,1.0603036369057386,0.164192612882329,0.8961110240234096,0.6044274597684036,1.459240882203654,-0.11374939018890162,-0.04715517979147299,0.5833333333333334,1.323104662102076,3.081203178690057,0.47171257790998533,0.3888888888888889
existing_composite,25.0,2020-12-31_2021-11-30,12,0.5480504748747779,0.10075285366229347,0.5480504748747779,0.10075285366229347,0.4472976212124844,0.3488718019460581,1.430247377565667,-0.11374939018890162,-0.04715517979147321,0.5833333333333334,1.1999080635839392,1.0983393185401005,0.4654603063837053,0.4166666666666667
existing_composite,25.0,2021-01-31_2021-12-31,12,0.2919616061324337,0.1311417024200292,0.2919616061324337,0.1311417024200292,0.1608199037124045,0.31458369802227293,0.9632026191838893,-0.11374939018890151,-0.04715517979147299,0.5,0.632560656447411,1.771901656624047,0.07927650201260317,0.4444444444444444
existing_composite,25.0,2021-02-28_2022-01-31,12,0.20121567522842154,0.1035559333431273,0.20121567522842154,0.1035559333431273,0.09765974188529425,0.284440416300607,0.7778545726770162,-0.08690212355605131,-0.008710521467504728,0.5,0.45287010795171767,1.3952866389642624,0.08208124913406611,0.44444444444444436
existing_composite,25.0,2021-03-31_2022-02-28,12,0.4550681645823105,0.1814244316261513,0.4550681645823105,0.1814244316261513,0.2736437329561592,0.24893369070621185,1.6411772522008168,-0.08690212355605142,-0.008710521467504728,0.5833333333333334,0.9579762318168482,0.45984161937300655,0.385586528758743,0.44444444444444436
existing_composite,25.0,2021-04-30_2022-03-31,12,0.5804359222071387,0.2056999327796627,0.5804359222071387,0.2056999327796627,0.374735989427476,0.28739456289379106,1.748764195998443,-0.08690212355605131,-0.008710521467504728,0.5833333333333334,1.1128219952274556,1.0362283770924154,0.352260011865819,0.44444444444444436
existing_composite,25.0,2021-05-31_2022-04-30,12,0.655167358752232,0.20202014645819677,0.655167358752232,0.20202014645819677,0.4531472122940352,0.2821559854644208,1.9473471735809988,-0.08690212355605131,-0.011058901373715124,0.6666666666666666,1.2940177586146517,0.6620010954876507,0.5192897185314682,0.44444444444444436
existing_composite,25.0,2021-06-30_2022-05-31,12,0.5863022371381272,0.1547230806668567,0.5863022371381272,0.1547230806668567,0.43157915647127054,0.29871545949014683,1.7066941526036241,-0.08690212355605131,-0.04389760737316839,0.6666666666666666,1.293813658985111,1.396913916430373,0.34990477933589403,0.4166666666666666
existing_composite,25.0,2021-07-31_2022-06-30,12,0.6497236528726933,0.14515293481688385,0.6497236528726933,0.14515293481688385,0.5045707180558094,0.3053131016395462,1.8093820640331995,-0.08690211612617926,-0.04389760737316839,0.6666666666666666,1.4311065127386502,1.3080131164357525,0.4404084300976727,0.4166666666666667
existing_composite,25.0,2021-08-31_2022-07-31,12,1.014287223543843,0.16719366722844042,1.014287223543843,0.16719366722844042,0.8470935563154025,0.2746012102754523,2.74655980373955,-0.08690211612617926,-0.04389760737316839,0.75,2.3705287573758422,1.442997714471081,0.6723403493470486,0.4166666666666666
existing_composite,25.0,2021-09-30_2022-08-31,12,0.7558261288097541,0.11990803732841937,0.7558261288097541,0.11990803732841937,0.6359180914813347,0.2879732459006024,2.127380121417885,-0.08690211612617915,-0.04389760737316817,0.6666666666666666,1.9245782987824929,1.6239629185143503,0.5145445336429866,0.4166666666666666
existing_composite,25.0,2021-10-31_2022-09-30,12,1.1710496057728785,0.07700156092153554,1.1710496057728785,0.07700156092153554,1.094048044851343,0.31959548103969565,2.6438586239422417,-0.08690211612617937,-0.04389760737316828,0.75,2.7716443327491773,2.75172070759997,0.8533392854128146,0.38888888888888884
existing_composite,25.0,2021-11-30_2022-10-31,12,1.1415877395955514,0.0837751064100245,1.1415877395955514,0.0837751064100245,1.0578126331855269,0.3228540042085098,2.5748722721523776,-0.08690211612617926,-0.04389760737316839,0.6666666666666666,2.656664543472713,2.781760248186821,0.7955365792565665,0.3611111111111111
existing_composite,25.0,2021-12-31_2022-11-30,12,0.662192834558599,0.04089310124175727,0.662192834558599,0.04089310124175727,0.6212997333168417,0.34853431899983656,1.6417101440696589,-0.10807883759165826,-0.052330809109684795,0.5833333333333334,1.8105969135298832,3.0745930323774546,0.5388450082646308,0.3055555555555556
existing_composite,25.0,2022-01-31_2022-12-31,12,0.9013302348350272,0.03139589518781816,0.9013302348350272,0.03139589518781816,0.869934339647209,0.35126021349089737,2.033895186140228,-0.10807883759165837,-0.0538908420070876,0.6666666666666666,2.300593903119483,3.0571781466338757,0.8129666891425904,0.2777777777777778
existing_composite,25.0,2022-02-28_2023-01-31,12,0.619762005274807,-0.006523085673795559,0.619762005274807,-0.006523085673795559,0.6262850909486025,0.3756918246002315,1.4750492685071446,-0.10807883759165837,-0.053890842007087936,0.5833333333333334,1.7155620427389286,3.7098349319042976,0.7436704658758857,0.2777777777777778
existing_composite,25.0,2022-03-31_2023-02-28,12,0.43121114759059576,-0.03763942955797195,0.43121114759059576,-0.03763942955797195,0.4688505771485677,0.3863947966232669,1.1107724757009168,-0.1254777060423976,-0.05860315994470999,0.5,1.3759464332385087,4.261983896902032,0.7676114637082103,0.25
existing_composite,25.0,2022-04-30_2023-03-31,12,0.23323888433494688,-0.0433257664262765,0.23323888433494688,-0.0433257664262765,0.2765646507612234,0.35016125689718347,0.7573935513438588,-0.1254777060423975,-0.052003665957635614,0.5,0.989911714485932,3.5125901220303177,0.5015887847361611,0.25
existing_composite,25.0,2022-05-31_2023-04-30,12,0.2554477262601609,-0.07213752035282106,0.2554477262601609,-0.07213752035282106,0.32758524661298194,0.35158885693284614,0.8074898792774143,-0.1254777060423976,-0.07596598010903766,0.5,1.1182993422158327,2.4518863496713137,0.5711674835674274,0.2777777777777778
existing_composite,25.0,2022-06-30_2023-05-31,12,0.36152487141636924,-0.0361282154897381,0.36152487141636924,-0.0361282154897381,0.39765308690610734,0.3331011477199367,1.083920791942947,-0.1254777060423975,-0.07596598010903755,0.5,1.2789227419129865,2.0618661550797865,0.5288905559977537,0.27777777777777773
existing_composite,25.0,2022-07-31_2023-06-30,12,0.2454455524765662,-0.0028433046031512976,0.2454455524765662,-0.0028433046031512976,0.24828885707971748,0.3220774058659208,0.827608433239272,-0.1254777060423976,-0.07596598010903743,0.4166666666666667,0.8747297953048161,1.317652460200763,0.3012300379521624,0.25
existing_composite,25.0,2022-08-31_2023-07-31,12,0.12910454147331651,-0.031389184091800915,0.12910454147331651,-0.031389184091800915,0.16049372556511743,0.30581700384716143,0.5310680844741321,-0.1254777060423976,-0.0655917893195096,0.4166666666666667,0.6445073760318595,0.9560067145983191,0.2079632151458426,0.25
existing_composite,25.0,2022-09-30_2023-08-31,12,0.14665726681888902,-0.014331580574544756,0.14665726681888902,-0.014331580574544756,0.16098884739343378,0.30341419472409575,0.5845528666508928,-0.1254777060423976,-0.06559178931950937,0.4166666666666667,0.6360516325862448,0.8266537202701284,0.20426120313141416,0.22222222222222224
existing_composite,25.0,2022-10-31_2023-09-30,12,-0.13680904156521856,-0.04883569016310929,-0.13680904156521856,-0.04883569016310929,-0.08797335140210927,0.22624691536116576,-0.543436916874458,-0.14421131116699415,-0.06327241269436523,0.3333333333333333,-0.3430175876996487,0.7262655135967895,-0.08506582329305867,0.24999999999999997
existing_composite,25.0,2022-11-30_2023-10-31,12,-0.2120471141151914,-8.074453772832779e-05,-0.2120471141151914,-8.074453772832779e-05,-0.21196636957746307,0.24105510540662606,-0.8690243330945154,-0.22445857565396132,-0.04084242285001627,0.3333333333333333,-0.8234443940967362,-0.0281134554567469,-0.19040737756166803,0.25
existing_composite,25.0,2022-12-31_2023-11-30,12,-0.08499406312595315,0.06162621592425688,-0.08499406312595315,0.06162621592425688,-0.14662027905021002,0.22914210180970387,-0.2819945900017727,-0.2244585756539611,-0.04084242285001627,0.4166666666666667,-0.5032066626423036,-0.2914092568829697,-0.045150196400616016,0.25
existing_composite,25.0,2023-01-31_2023-12-31,12,-0.20142180843849167,0.05389394652891433,-0.20142180843849167,0.05389394652891433,-0.255315754967406,0.17445157912868478,-1.1952432908685677,-0.19052140102982285,-0.04084242285001627,0.3333333333333333,-1.3106203380804051,-0.1526774576985588,-0.18258753621884483,0.3055555555555555
existing_composite,25.0,2023-02-28_2024-01-31,12,-0.1292035067359022,0.06910062416905749,-0.1292035067359022,0.06910062416905749,-0.19830413090495969,0.16230990919320315,-0.7709839437764323,-0.19052140102982296,-0.04084242285001627,0.3333333333333333,-1.0173110364953453,-0.1669502291142266,-0.1076343750791805,0.27777777777777773
existing_composite,25.0,2023-03-31_2024-02-29,12,-0.03856816829886833,0.07105311702696282,-0.03856816829886833,0.07105311702696282,-0.10962128532583115,0.16510877486224246,-0.15994072877576515,-0.19052140102982285,-0.04084242285001627,0.4166666666666667,-0.4932941050847273,-0.3098864843411945,-0.0039393536728912215,0.3055555555555555
existing_composite,25.0,2023-04-30_2024-03-31,12,-0.16609980843414085,0.04605177038880415,-0.16609980843414085,0.04605177038880415,-0.212151578822945,0.19648371999372075,-0.8240446317438423,-0.22243419292879396,-0.028914327222309355,0.3333333333333333,-0.9480554873510416,-0.1720156152795809,-0.1431688098102223,0.27777777777777773
existing_composite,25.0,2023-05-31_2024-04-30,12,-0.2835069487418892,0.05087612226469651,-0.2835069487418892,0.05087612226469651,-0.3343830710065857,0.19475238318873792,-1.595356968152282,-0.29396998148890785,-0.04720745865673304,0.25,-1.96340176806051,0.735475867709076,-0.2988371238892834,0.25
existing_composite,25.0,2023-06-30_2024-05-31,12,-0.2630097782421905,0.06029804021364593,-0.2630097782421905,0.06029804021364593,-0.32330781845583645,0.1993203606208227,-1.4166686181975598,-0.29396998148890774,-0.04720745865673304,0.3333333333333333,-1.8311234826251952,0.7813133514837476,-0.285097453905679,0.3055555555555555
existing_composite,25.0,2023-07-31_2024-06-30,12,-0.22907496958902618,0.046802268590376395,-0.22907496958902618,0.046802268590376395,-0.2758772381794026,0.2138316346992952,-1.102196148525526,-0.29396998148890807,-0.04720745865673304,0.4166666666666667,-1.4360335846369,0.9708667777802543,-0.24918723470829063,0.27777777777777773
existing_composite,25.0,2023-08-31_2024-07-31,12,-0.22756256667063302,0.10318514893952901,-0.22756256667063302,0.10318514893952901,-0.33074771561016203,0.21414786303675512,-1.091309246616189,-0.2771716312272344,-0.04720745865673315,0.3333333333333333,-1.7171968762614147,0.8844580642279608,-0.2805417076632656,0.2777777777777778
existing_composite,25.0,2023-09-30_2024-08-31,12,-0.20833016635823431,0.08473288946892565,-0.20833016635823431,0.08473288946892565,-0.29306305582715997,0.21506045603805177,-0.9735952865113046,-0.20958303505114317,-0.04720745865673315,0.4166666666666667,-1.4650902810132647,0.7679628770607492,-0.2433535995378031,0.3055555555555555
existing_composite,25.0,2023-10-31_2024-09-30,12,-0.11634659612905174,0.12170948346779942,-0.11634659612905174,0.12170948346779942,-0.23805607959685116,0.2043585256989467,-0.5046419848666953,-0.19548635783907986,-0.047207458656732815,0.5,-1.1036347848152983,0.5609564059250426,-0.15747455761099183,0.2777777777777778
existing_composite,25.0,2023-11-30_2024-10-31,12,-0.0676249484924375,0.004734660022875703,-0.0676249484924375,0.004734660022875703,-0.0723596085153132,0.1870116713882508,-0.2842680594898906,-0.19548635783907986,-0.07254414974326939,0.5833333333333334,-0.41712410528210525,1.0137432381138958,-0.06158324048714414,0.27777777777777785
existing_composite,25.0,2023-12-31_2024-11-30,12,-0.1272475759970344,-0.026522408525777696,-0.1272475759970344,-0.026522408525777696,-0.1007251674712567,0.1802168874177048,-0.6651804743933695,-0.19548635783907986,-0.07702368625268241,0.5,-0.6523054291975748,0.9563886891728024,-0.09460127536029017,0.3611111111111111
existing_composite,25.0,2024-01-31_2024-12-31,12,-0.10045235472732372,-0.013699490369203038,-0.10045235472732372,-0.013699490369203038,-0.08675286435812068,0.18219731866309424,-0.49163504781764317,-0.19548635783907986,-0.07702368625268208,0.5833333333333334,-0.5322406143200925,0.9700873712550779,-0.07808936178005532,0.36111111111111116
existing_composite,25.0,2024-02-29_2025-01-31,12,-0.12022677109562308,-0.14290566323586873,-0.12022677109562308,-0.14290566323586873,0.022678892140245654,0.1818472975943208,-0.6141079555789499,-0.19548635783907986,-0.18252959118595857,0.6666666666666666,0.16180680514545323,0.46795194777680116,-0.044401036205292566,0.3611111111111111
existing_composite,25.0,2024-03-31_2025-02-28,12,-0.17023854030267005,-0.10676537761977256,-0.17023854030267005,-0.10676537761977256,-0.06347316268289749,0.17105367446672895,-1.0009091802756989,-0.09199965830488632,-0.1825295911859588,0.5833333333333334,-0.38654758220681124,0.4072661121341358,-0.1230404369708138,0.3611111111111111
existing_composite,25.0,2024-04-30_2025-03-31,12,-0.015114051015474583,-0.06461005552580057,-0.015114051015474583,-0.06461005552580057,0.049496004510325986,0.14374793994971874,-0.03871813319303722,-0.077441011379619,-0.18252959118595868,0.6666666666666666,0.31770731984346556,0.47290632246465936,0.019636751669320773,0.38888888888888884
existing_composite,25.0,2024-05-31_2025-04-30,12,0.051093608693086434,0.02942056800377868,0.051093608693086434,0.02942056800377868,0.021673040689307754,0.11044836386621162,0.5022570935146,-0.07744101137961912,-0.18252959118595857,0.6666666666666666,0.06872855227758894,0.24533617081039283,0.0456201125024247,0.38888888888888884
existing_composite,25.0,2024-06-30_2025-05-31,12,0.05987041808218252,-0.019239253194651806,0.05987041808218252,-0.019239253194651806,0.07910967127683433,0.1119380914988486,0.5715549253536595,-0.07744101137961934,-0.18252959118595835,0.6666666666666666,0.3805741051434222,0.203568018152967,0.06674309044250526,0.3888888888888889
existing_composite,25.0,2024-07-31_2025-06-30,12,0.2463102459701545,0.03150250800801424,0.2463102459701545,0.03150250800801424,0.21480773796214025,0.2642782263132473,0.9480526860899406,-0.077441011379619,-0.1825295911859589,0.6666666666666666,0.837951031047823,0.6565716483902122,0.2414669747467355,0.4166666666666667
existing_composite,25.0,2024-08-31_2025-07-31,12,0.1968365241845893,0.02082724764079913,0.1968365241845893,0.02082724764079913,0.17600927654379017,0.268654070037252,0.7829723681234229,-0.0774410113796189,-0.1720911800730176,0.6666666666666666,0.6883424845841628,0.6288902176170955,0.20305583584905063,0.38888888888888884
existing_composite,25.0,2024-09-30_2025-08-31,12,0.5805461515013224,0.07082064647411035,0.5805461515013224,0.07082064647411035,0.509725505027212,0.4045553206856063,1.3132892519262154,-0.077441011379619,-0.1720911800730176,0.6666666666666666,1.1885727872254144,0.8132272680470789,0.5721933299825508,0.3611111111111111
existing_composite,25.0,2024-10-31_2025-09-30,12,0.5947052541004083,0.07787885846139209,0.5947052541004083,0.07787885846139209,0.5168263956390162,0.40407815915392625,1.337469829346345,-0.035178445452748064,-0.11858833109117162,0.6666666666666666,1.1957818805319045,0.8094057191770516,0.5784215174380729,0.3611111111111111
existing_composite,25.0,2024-11-30_2025-10-31,12,0.8730314724355297,0.1960061542824556,0.8730314724355297,0.1960061542824556,0.6770253181530741,0.39847464628412155,1.7750908689019003,-0.03096053220080197,-0.11795970406671652,0.6666666666666666,1.3606260271383812,0.7668940111823294,0.7238576348737134,0.3333333333333333
existing_composite,25.0,2024-12-31_2025-11-30,12,1.2603828955803498,0.22133541890163522,1.2603828955803498,0.22133541890163522,1.0390474766787146,0.4040725927621213,2.2503104772679956,-0.03096053220080186,-0.11795970406671652,0.75,1.7884619912737783,0.708177828013435,1.0809155735937477,0.2777777777777778
existing_composite,25.0,2025-01-31_2025-12-31,12,0.817325570873433,0.17166648362633885,0.817325570873433,0.17166648362633885,0.6456590872470942,0.4779973796564764,1.4851375973747436,-0.18211689223018068,-0.03669877287899381,0.6666666666666666,1.2232414250888966,1.0417053984905231,0.6739856556258434,0.2777777777777778
existing_composite,25.0,2025-02-28_2026-01-31,12,0.968216888722421,0.31334945156909844,0.968216888722421,0.31334945156909844,0.6548674371533225,0.4707633370536653,1.681369157636049,-0.18211689223018068,-0.04758367670999886,0.6666666666666666,1.1735244955995934,1.5758757723599321,0.40636730568494084,0.3055555555555555
existing_composite,25.0,2025-03-31_2026-02-28,12,0.7105107877066452,0.08257309459079365,0.7105107877066452,0.08257309459079365,0.6279376931158516,0.510302721948883,1.297650360275659,-0.2523723702009667,-0.18488813271044613,0.75,1.3243246314453487,1.433300644566487,0.6611268757681887,0.3333333333333333
existing_composite,25.0,2025-04-30_2026-03-31,12,0.7683372960964354,0.028079656548997578,0.7683372960964354,0.028079656548997578,0.7402576395474378,0.511273437233708,1.3647255423586562,-0.2523723702009667,-0.19546042589812018,0.75,1.5267508851452778,1.4495852749826308,0.8445785959958925,0.3611111111111111
existing_composite,25.0,2025-05-31_2026-04-30,12,0.4956734568080905,-0.14610708694572017,0.4956734568080905,-0.14610708694572017,0.6417805437538107,0.559263186202207,0.980449980210728,-0.3337797009284772,-0.29138146686445754,0.75,1.6376192044725602,1.838453222544547,1.1499054824596993,0.38888888888888884
existing_composite,25.0,2025-06-30_2026-05-31,12,0.38051154845496993,-0.18541351506394133,0.38051154845496993,-0.18541351506394133,0.5659250635189113,0.567662344641949,0.8266315649463507,-0.36842269174322173,-0.34737666250868915,0.75,1.5504972082056676,1.8140114522270325,1.146509975791465,0.3333333333333333
existing_composite,25.0,2025-07-31_2026-06-30,12,0.24632922094369536,-0.1667764227923394,0.24632922094369536,-0.1667764227923394,0.41310564373603476,0.5309429498605165,0.6554831332343745,-0.36842269174322184,-0.34737666250868904,0.75,1.2542527941218902,1.4879624173531814,0.7506545041094699,0.3333333333333333
chronos,25.0,2016-01-31_2016-12-31,12,1.8386633803879655,0.1471553785298949,1.8386633803879655,0.1471553785298949,1.6915080018580706,0.41753332733325593,2.7833709675568845,-0.05821130553773768,-0.05046191183613402,0.6666666666666666,2.5931151276246944,1.6196634613346257,1.4536549638571201,0.49999999999999983
chronos,25.0,2016-02-29_2017-01-31,12,1.4259781100521902,0.12910312615333996,1.4259781100521902,0.12910312615333996,1.2968749838988503,0.4617356807614021,2.1862740839425974,-0.1331713166291305,-0.05046191183613391,0.5833333333333334,2.0074312759188913,1.679604343052683,1.165638774873762,0.47222222222222215
chronos,25.0,2016-03-31_2017-02-28,12,1.4468371030811915,0.1492046756740173,1.4468371030811915,0.1492046756740173,1.2976324274071742,0.4657055081749674,2.1904907080622915,-0.1331713166291305,-0.05046191183613402,0.5833333333333334,2.002745145797896,1.9528602957110157,1.0487291834150887,0.47222222222222227
chronos,25.0,2016-04-30_2017-03-31,12,0.9337841868320254,0.17503808646495478,0.9337841868320254,0.17503808646495478,0.7587461003670706,0.4360981837042689,1.7372599634598183,-0.1331713166291304,-0.05046191183613402,0.5,1.4758488322557077,2.22310089808359,0.4647004094323659,0.47222222222222215
chronos,25.0,2016-05-31_2017-04-30,12,0.9941287071816725,0.19627580709932912,0.9941287071816725,0.19627580709932912,0.7978529000823433,0.4280940087044554,1.8383924958242137,-0.1331713166291304,-0.05046191183613402,0.5,1.5155822619758936,2.058509188005835,0.493164968298724,0.47222222222222215
chronos,25.0,2016-06-30_2017-05-31,12,0.6721528708864168,0.16211773486732262,0.6721528708864168,0.16211773486732262,0.5100351360190942,0.43948455634419575,1.3778783343252747,-0.1331713166291305,-0.05046191183613402,0.4166666666666667,1.0879287388188172,2.021536930511306,0.33625635956428046,0.47222222222222215
chronos,25.0,2016-07-31_2017-06-30,12,0.6162815320939474,0.11985678631409691,0.6162815320939474,0.11985678631409691,0.4964247457798505,0.4350936809022368,1.3061739899171696,-0.1331713166291303,-0.05046191183613402,0.4166666666666667,1.0891382506579972,1.9007656575582106,0.40741942178861645,0.47222222222222215
chronos,25.0,2016-08-31_2017-07-31,12,0.49478331655220975,0.08878533946639733,0.49478331655220975,0.08878533946639733,0.4059979770858124,0.3997052794315319,1.1894231101727444,-0.1331713166291304,-0.05046191183613402,0.4166666666666667,0.9907588413602885,1.1128187309491153,0.45023422058571927,0.4444444444444444
chronos,25.0,2016-09-30_2017-08-31,12,0.5319300173110288,0.09996258200034913,0.5319300173110288,0.09996258200034913,0.4319674353106797,0.39725193948373805,1.258823223745269,-0.1331713166291304,-0.05046191183613402,0.5,1.030807921092695,1.0354665901065054,0.47984644102541196,0.4444444444444444
chronos,25.0,2016-10-31_2017-09-30,12,0.3419973965223231,0.1075588143605537,0.3419973965223231,0.1075588143605537,0.23443858216176938,0.3344046050939037,1.0324191433599819,-0.11978461280301445,-0.0004923640702735321,0.5,0.7374027837303487,1.0285496684842454,0.2646212243469104,0.4444444444444444
chronos,25.0,2016-11-30_2017-10-31,12,0.5238823110266886,0.1559996199134983,0.5238823110266886,0.1559996199134983,0.3678826911131903,0.34180988554578323,1.400537189977041,-0.11334090262697905,-0.008932388259170088,0.5,0.9685585064248214,0.3169966577247036,0.5290028554184156,0.4166666666666666
chronos,25.0,2016-12-31_2017-11-30,12,0.5545625991165597,0.19992461049678534,0.5545625991165597,0.19992461049678534,0.35463798861977436,0.3393772576818598,1.4694682929042975,-0.10253013145241918,-0.008932388259169977,0.5,0.9013403096659458,-0.05815919283442905,0.6470550311149124,0.38888888888888884
chronos,25.0,2017-01-31_2017-12-31,12,1.2540689932321465,0.24773371905633135,1.2540689932321465,0.24773371905633135,1.0063352741758151,0.5106945072083302,1.847001984772705,-0.09449107121380473,-0.008932388259170088,0.5833333333333334,1.4321374507605553,1.4707509912133128,0.815540331653378,0.3611111111111111
chronos,25.0,2017-02-28_2018-01-31,12,1.8309383694388135,0.22472528642954592,1.8309383694388135,0.22472528642954592,1.6062130830092676,0.47200830711455527,2.484993252151975,-0.09449107121380462,-0.008932388259170088,0.6666666666666666,2.0818156447358467,1.1880810308445802,1.4427416546904541,0.3611111111111111
chronos,25.0,2017-03-31_2018-02-28,12,0.9724248724932598,0.11150665310004948,0.9724248724932598,0.11150665310004948,0.8609182193932103,0.49157773584787623,1.6158846897696912,-0.13016047316757262,-0.06307407298992962,0.5833333333333334,1.481536128415578,1.8095664060035421,0.7838584015663446,0.3611111111111111
chronos,25.0,2017-04-30_2018-03-31,12,1.1192292402436577,0.054403018339003184,1.1192292402436577,0.054403018339003184,1.0648262219046545,0.4844985281693255,1.7914916534133192,-0.13016047316757262,-0.09250223900477905,0.6666666666666666,1.7910308129253947,1.724387436987944,1.102341636101491,0.3611111111111111
chronos,25.0,2017-05-31_2018-04-30,12,1.5213322122116129,0.042771960341875914,1.5213322122116129,0.042771960341875914,1.478560251869737,0.4775209746400403,2.2035607905574994,-0.13016047316757262,-0.09416874157139277,0.75,2.26163972454952,1.7268511597688871,1.5413310765776704,0.3888888888888889
chronos,25.0,2017-06-30_2018-05-31,12,1.4934581717561257,-0.005226881237519021,1.4934581717561257,-0.005226881237519021,1.4986850529936446,0.48108064395263306,2.1656009396883933,-0.13016047316757262,-0.12207676452647664,0.75,2.4126742184998626,2.1790306610028507,1.7106930574616022,0.38888888888888884
chronos,25.0,2017-07-31_2018-06-30,12,1.4777838417092437,0.0163507796990916,1.4777838417092437,0.0163507796990916,1.461433062010152,0.48127082580212754,2.1506707455730774,-0.1301604731675725,-0.12207676452647676,0.75,2.337171693325177,2.0650837125948147,1.5848634367295409,0.38888888888888884
chronos,25.0,2017-08-31_2018-07-31,12,1.2535601502688598,0.02633003466478856,1.2535601502688598,0.02633003466478856,1.2272301156040712,0.4791195547084236,1.9444791502121581,-0.13016047316757262,-0.12207676452647653,0.75,2.0791908473254126,1.9990388460080426,1.3089003399092727,0.38888888888888884
chronos,25.0,2017-09-30_2018-08-31,12,1.0967684614469224,0.012828519177035869,1.0967684614469224,0.012828519177035869,1.0839399422698865,0.4939382082985824,1.7429440217770678,-0.13016047316757262,-0.12207676452647664,0.6666666666666666,1.8894643855599476,2.097031957030111,1.2114425587169593,0.38888888888888884
chronos,25.0,2017-10-31_2018-09-30,12,0.6324273596537797,-0.028994428060318933,0.6324273596537797,-0.028994428060318933,0.6614217877140987,0.5393830514605091,1.1469564250480206,-0.1944105002483073,-0.12207676452647676,0.5833333333333334,1.3206496208786345,2.3922834217791076,0.9248945984102965,0.38888888888888884
chronos,25.0,2017-11-30_2018-10-31,12,0.3597089241218385,0.017470333624036494,0.3597089241218385,0.017470333624036494,0.34223859049780203,0.5464839916263466,0.7901938360295371,-0.2496395212239293,-0.12207676452647676,0.5,0.8093749768726805,1.9185213644822732,0.4600275021889395,0.4444444444444444
chronos,25.0,2017-12-31_2018-11-30,12,0.3802515522879242,-0.025356283802123625,0.3802515522879242,-0.025356283802123625,0.4056078360900478,0.5459873275528596,0.818935770510342,-0.2496395212239293,-0.12207676452647687,0.5833333333333334,0.9443140276404204,2.7809896434407047,0.6375787297990789,0.5
chronos,25.0,2018-01-31_2018-12-31,12,-0.06429045860634153,-0.01099995180484914,-0.06429045860634153,-0.01099995180484914,-0.05329050680149239,0.3363074984235585,-0.04234966930622408,-0.25088254147826394,-0.12095719505337177,0.5,-0.02881262717532757,0.8508415562193717,-0.009976973021715851,0.5833333333333334
chronos,25.0,2018-02-28_2019-01-31,12,-0.15017527868395053,-0.023323412109537922,-0.15017527868395053,-0.023323412109537922,-0.1268518665744126,0.3079554295996054,-0.3821954622975454,-0.25088254147826405,-0.06297476655901424,0.5,-0.3411431738872733,0.8129001642355108,-0.09877544319895193,0.5833333333333334
chronos,25.0,2018-03-31_2019-02-28,12,-0.12240592878269962,0.045204178762284775,-0.12240592878269962,0.045204178762284775,-0.1676101075449844,0.2969525861990975,-0.3006399236924056,-0.3111498355933906,-0.032589089243883484,0.5,-0.45219160518654955,0.24991193406560228,-0.09679593578527601,0.5277777777777778
chronos,25.0,2018-04-30_2019-03-31,12,-0.288669373513196,0.07686204312787948,-0.288669373513196,0.07686204312787948,-0.36553141664107547,0.312660991235675,-0.9296968849161952,-0.4064355146347869,-0.031039511736595693,0.4166666666666667,-1.2106296889302361,0.8348205230482209,-0.3029980126524714,0.5555555555555556
chronos,25.0,2018-05-31_2019-04-30,12,-0.4141197583390467,0.03769148450195714,-0.4141197583390467,0.03769148450195714,-0.4518112428410038,0.24371873626149282,-2.0287940681425876,-0.43512020506809335,-0.04957195403333192,0.3333333333333333,-2.3506179789964796,0.8845905991903164,-0.41913205536813936,0.5555555555555556
chronos,25.0,2018-06-30_2019-05-31,12,-0.3579211541916614,0.09645960452265201,-0.3579211541916614,0.09645960452265201,-0.4543807587143134,0.24929460337924428,-1.6248402008861238,-0.43512020506809335,-0.04957195403333203,0.3333333333333333,-2.163236175565073,0.9921538317362906,-0.40033725871782233,0.5833333333333334
chronos,25.0,2018-07-31_2019-06-30,12,-0.45224858901246656,0.07648721996967378,-0.45224858901246656,0.07648721996967378,-0.5287358089821403,0.22587580741549695,-2.4897287946712847,-0.4730086477680491,-0.04957195403333203,0.25,-2.98242308636476,0.799983500298054,-0.4734232632837877,0.638888888888889
chronos,25.0,2018-08-31_2019-07-31,12,-0.4052553333703325,0.051509897202665744,-0.4052553333703325,0.051509897202665744,-0.4567652305729982,0.27523414398727875,-1.7192517197737625,-0.4428602028249089,-0.04957195403333203,0.25,-1.886305998107483,0.3574528795271459,-0.39525794644223655,0.6666666666666666
chronos,25.0,2018-09-30_2019-08-31,12,-0.3663830746110722,0.032217370272061396,-0.3663830746110722,0.032217370272061396,-0.3986004448831336,0.27856020198557024,-1.476786679551379,-0.34583140371816434,-0.05569706120271434,0.3333333333333333,-1.5433171908792982,0.15276396900809192,-0.34575823518319504,0.6666666666666666
chronos,25.0,2018-10-31_2019-09-30,12,-0.261353390660912,0.0680196854801034,-0.261353390660912,0.0680196854801034,-0.3293730761410154,0.2497978601613105,-1.0816679980097021,-0.31682467571890216,-0.05569706120271445,0.3333333333333333,-1.2397931161962559,-0.26490789567048434,-0.22460875148400317,0.6944444444444443
chronos,25.0,2018-11-30_2019-10-31,12,-0.18088647800392077,-0.007313909877188718,-0.18088647800392077,-0.007313909877188718,-0.17357256812673205,0.25000438398548874,-0.6749023882320581,-0.31682467571890216,-0.07977064350808971,0.4166666666666667,-0.6005919050592669,-0.2764863346879805,-0.15709098154063872,0.7222222222222222
chronos,25.0,2018-12-31_2019-11-30,12,-0.17130261017547477,0.01695714726683817,-0.17130261017547477,0.01695714726683817,-0.18825975744231294,0.25248997554677033,-0.6206203879983795,-0.3128015344291456,-0.07977064350808971,0.3333333333333333,-0.6493428364698545,-0.057805739808458156,-0.14484324357450162,0.7222222222222222
chronos,25.0,2019-01-31_2019-12-31,12,-0.24033884662028637,-0.0907583313333864,-0.24033884662028637,-0.0907583313333864,-0.14958051528689997,0.27034573904125414,-0.8788838946397042,-0.3128015344291456,-0.08173242622854304,0.3333333333333333,-0.5506841877539068,0.5699012529414866,-0.17112124500397963,0.6666666666666666
chronos,25.0,2019-02-28_2020-01-31,12,-0.3266110960264321,-0.15374678206850467,-0.3266110960264321,-0.15374678206850467,-0.17286431395792745,0.27489911488314533,-1.2872374936763458,-0.25034317887264,-0.157070533612218,0.25,-0.7449296346300964,0.7174393004377576,-0.2154099014902091,0.6666666666666666
chronos,25.0,2019-03-31_2020-02-29,12,-0.3410592993980289,-0.2983301643039218,-0.3410592993980289,-0.2983301643039218,-0.04272913509410714,0.2810321371268709,-1.3277255101709708,-0.2899256715168773,-0.2968733323797681,0.3333333333333333,-0.17281585890309495,0.7164364217074091,-0.12845530169287556,0.6944444444444445
chronos,25.0,2019-04-30_2020-03-31,12,0.08629397073382106,-0.26938100433105683,0.08629397073382106,-0.26938100433105683,0.3556749750648779,0.5104227494941557,0.36381954634681984,-0.2899256715168773,-0.2897384073692094,0.4166666666666667,1.1172101080871526,1.4408894994077204,0.7990796253924124,0.7222222222222222
chronos,25.0,2019-05-31_2020-04-30,12,0.26578916361926175,-0.23441422140073764,0.26578916361926175,-0.23441422140073764,0.5002033850199994,0.5131953664810536,0.6682695462589071,-0.2899256715168774,-0.2897384073692094,0.5,1.37789469319032,1.454841710523321,0.9674649934942599,0.75
chronos,25.0,2019-06-30_2020-05-31,12,0.2550390610555118,-0.22854562482453433,0.2550390610555118,-0.22854562482453433,0.4835846858800461,0.5134026507575629,0.6511050193775807,-0.2899256715168772,-0.2897384073692095,0.5,1.3311932227421792,1.415307983642443,0.9135151822720489,0.75
chronos,25.0,2019-07-31_2020-06-30,12,0.6052116215908321,-0.1941752572672133,0.6052116215908321,-0.1941752572672133,0.7993868788580454,0.5147104892622939,1.1446174350529885,-0.2899256715168773,-0.2827760862119635,0.5833333333333334,1.9286454817192413,1.547736163688047,1.345456114504803,0.75
chronos,25.0,2019-08-31_2020-07-31,12,0.46351407746799533,-0.1722348942847023,0.46351407746799533,-0.1722348942847023,0.6357489717526976,0.5075213456049316,0.9645390925616688,-0.2899256715168772,-0.27948217627529803,0.5833333333333334,1.636710172795651,1.4932920604365052,1.0374935281552173,0.6944444444444445
chronos,25.0,2019-09-30_2020-08-31,12,0.2871922899436252,-0.21057570090232802,0.2871922899436252,-0.21057570090232802,0.49776799084595325,0.5301708705820614,0.6943364031927842,-0.2899256715168772,-0.27948217627529803,0.5,1.4046253956376604,1.567135074827956,0.9646065536490744,0.7499999999999999
chronos,25.0,2019-10-31_2020-09-30,12,0.35905275507811396,-0.1766274605970889,0.35905275507811396,-0.1766274605970889,0.5356802156752029,0.5287524444071087,0.8010273455013459,-0.2899256715168772,-0.2794821762752979,0.5,1.440551104035988,1.4847919490335522,0.9165101746752835,0.7499999999999999
chronos,25.0,2019-11-30_2020-10-31,12,0.5810826013370138,-0.06643817837031618,0.5810826013370138,-0.06643817837031618,0.64752077970733,0.5542361362627208,1.0686656984727296,-0.2899256715168773,-0.2794821762752979,0.5,1.5230029416046278,1.5084998498444988,0.8765910562697965,0.7222222222222222
chronos,25.0,2019-12-31_2020-11-30,12,0.5906183987800901,-0.050871312509224054,0.5906183987800901,-0.050871312509224054,0.6414897112893142,0.5541566784875636,1.080138321839569,-0.20237039946719382,-0.2358764964179022,0.5,1.4888772745931809,1.464296287208997,0.8397217833812083,0.75
chronos,25.0,2020-01-31_2020-12-31,12,1.1294238275747146,-0.013079995771551722,1.1294238275747146,-0.013079995771551722,1.1425038233462663,0.5412815129551931,1.66294657343008,-0.12101019822505843,-0.16758179221927783,0.5833333333333334,2.0682722698719136,1.3317661958496856,1.3258802833077232,0.8055555555555555
chronos,25.0,2020-02-29_2021-01-31,12,1.6662596099981521,0.14471568274700242,1.6662596099981521,0.14471568274700242,1.5215439272511497,0.5115473535839783,2.2068162760976757,-0.11369735383196822,-0.07033476780972703,0.6666666666666666,2.3143120641887194,1.216225621497086,1.4422544022608705,0.7777777777777778
chronos,25.0,2020-03-31_2021-02-28,12,1.6544608514968004,0.3187076559568369,1.6544608514968004,0.3187076559568369,1.3357531955399635,0.5133431320288365,2.1915191638751503,-0.12489991262398792,-0.07033476780972703,0.5833333333333334,1.862898861751443,1.6494784704903627,0.869853544794315,0.7777777777777778
chronos,25.0,2020-04-30_2021-03-31,12,1.1089240189344673,0.2712264885896778,1.1089240189344673,0.2712264885896778,0.8376975303447896,0.3749900610420508,2.221558709880563,-0.12489991262398781,-0.07033476780972714,0.5833333333333334,1.9138690013200135,1.3837987225664254,0.6010685773069611,0.7499999999999999
chronos,25.0,2020-05-31_2021-04-30,12,0.8733090085513975,0.2511461011810818,0.8733090085513975,0.2511461011810818,0.6221629073703157,0.3811676226999131,1.8605205130499922,-0.12489991262398781,-0.07033476780972703,0.5,1.5631708913788744,1.4570176577997214,0.42665849279632995,0.6944444444444443
chronos,25.0,2020-06-30_2021-05-31,12,0.8328111373888998,0.22018559574957508,0.8328111373888998,0.22018559574957508,0.6126255416393247,0.3846909475061813,1.7865734583046313,-0.1248999126239877,-0.07033476780972703,0.5,1.5792414952269764,1.5125027883909337,0.4314571254996591,0.6666666666666666
chronos,25.0,2020-07-31_2021-06-30,12,0.7219685820704531,0.1787337447456181,0.7219685820704531,0.1787337447456181,0.543234837324835,0.36859096129790386,1.6729165064848375,-0.12489991262398781,-0.07033476780972703,0.5,1.5033301729770756,1.4241325356741885,0.4300880397070026,0.611111111111111
chronos,25.0,2020-08-31_2021-07-31,12,0.47864113069301983,0.17406019021811336,0.47864113069301983,0.17406019021811336,0.30458094047490647,0.4051158804482129,1.163183716189821,-0.1248999126239877,-0.0471551797914731,0.4166666666666667,0.8851434998310862,1.435362625446571,0.2454470530868995,0.6388888888888888
chronos,25.0,2020-09-30_2021-08-31,12,0.6039338542429942,0.29094300690606567,0.6039338542429942,0.29094300690606567,0.3129908473369285,0.3803873576744244,1.4362335639507908,-0.15055560850405925,-0.0471551797914731,0.4166666666666667,0.8226725119370346,1.2684763105000763,0.22932065290700354,0.6111111111111112
chronos,25.0,2020-10-31_2021-09-30,12,0.6524046967402766,0.285307502281577,0.6524046967402766,0.285307502281577,0.3670971944586996,0.38195337177639427,1.5132844230200055,-0.15055560850405936,-0.04715517979147299,0.5,0.93298417640567,1.33680118146632,0.2532317767989083,0.6111111111111112
chronos,25.0,2020-11-30_2021-10-31,12,0.359416375847079,0.164192612882329,0.359416375847079,0.164192612882329,0.19522376296474997,0.3463103389665311,1.0537870238177673,-0.15055560850405925,-0.04715517979147299,0.4166666666666667,0.6288531099609627,0.9838328177555344,0.22987479692553658,0.6111111111111112
chronos,25.0,2020-12-31_2021-11-30,12,0.4917119783136934,0.10075285366229347,0.4917119783136934,0.10075285366229347,0.3909591246513999,0.3658329466760861,1.2758913327039325,-0.15055560850405925,-0.04715517979147321,0.5,1.054880178810772,1.1953705455051253,0.40695953017742426,0.5277777777777778
chronos,25.0,2021-01-31_2021-12-31,12,0.16480378336251955,0.1311417024200292,0.16480378336251955,0.1311417024200292,0.03366208094249035,0.3390054203422484,0.6064308479374064,-0.15055560850405914,-0.04715517979147299,0.4166666666666667,0.25956530560305185,1.9376372515729852,-0.04127195486206425,0.5277777777777778
chronos,25.0,2021-02-28_2022-01-31,12,0.12511203068857135,0.1035559333431273,0.12511203068857135,0.1035559333431273,0.02155609734544406,0.32613628743058326,0.5116450818915819,-0.15055560850405925,-0.008710521467504728,0.4166666666666667,0.21902331416717488,1.93415912311105,-0.029711739424249872,0.5555555555555556
chronos,25.0,2021-03-31_2022-02-28,12,0.4201702921224062,0.1814244316261513,0.4201702921224062,0.1814244316261513,0.2387458604962549,0.29921631375171154,1.3246576637218512,-0.15055560850405936,-0.008710521467504728,0.5,0.788371290766252,1.4292817759037606,0.1654385948487731,0.5833333333333334
chronos,25.0,2021-04-30_2022-03-31,12,0.4462266259483838,0.2056999327796627,0.4462266259483838,0.2056999327796627,0.2405266931687211,0.30704303752232487,1.3583289395183908,-0.15055560850405925,-0.008710521467504728,0.5,0.7886629260743704,2.1410432627825813,0.010111126371378454,0.5555555555555556
chronos,25.0,2021-05-31_2022-04-30,12,0.525312019019688,0.20202014645819677,0.525312019019688,0.20202014645819677,0.3232918725614913,0.3022139308274655,1.5582700778829517,-0.15055560850405925,-0.011058901373715124,0.5833333333333334,0.9861839473537977,1.6599236667085402,0.17274947407387442,0.611111111111111
chronos,25.0,2021-06-30_2022-05-31,12,0.4579147197222664,0.1547230806668567,0.4579147197222664,0.1547230806668567,0.3031916390554097,0.3128609967208579,1.365315451062899,-0.15055560850405925,-0.04389760737316839,0.5833333333333334,0.9694755172418166,1.7174312746408933,0.1884389227112444,0.6388888888888888
chronos,25.0,2021-07-31_2022-06-30,12,0.3544362572897821,0.14515293481688385,0.3544362572897821,0.14515293481688385,0.20928332247289827,0.3056143254095671,1.142762239136869,-0.0693927054090353,-0.04389760737316839,0.5833333333333334,0.7481538055860155,1.6953126307076587,0.11958315300865974,0.6666666666666666
chronos,25.0,2021-08-31_2022-07-31,12,0.5851434750686657,0.16719366722844042,0.5851434750686657,0.16719366722844042,0.4179498078402253,0.2612557772429307,1.912849176123818,-0.0693927054090353,-0.04389760737316839,0.6666666666666666,1.4679940031757908,1.5944614969500097,0.27687076996394544,0.6666666666666666
chronos,25.0,2021-09-30_2022-08-31,12,0.4156289025907638,0.11990803732841937,0.4156289025907638,0.11990803732841937,0.2957208652623444,0.31116636501872746,1.2756224804192466,-0.14264664181445863,-0.04389760737316817,0.6666666666666666,1.0594294399803956,2.328337429108527,0.13147693823105877,0.6944444444444445
chronos,25.0,2021-10-31_2022-09-30,12,0.4391916361874231,0.07700156092153554,0.4391916361874231,0.07700156092153554,0.36219007526588753,0.314620878004094,1.3187504233642742,-0.14264664181445863,-0.04389760737316828,0.6666666666666666,1.240845527469948,2.70345684220464,0.22755105326817127,0.6944444444444445
chronos,25.0,2021-11-30_2022-10-31,12,0.4440464067861696,0.0837751064100245,0.4440464067861696,0.0837751064100245,0.3602713003761451,0.3141064453424214,1.3315269651806212,-0.14264664181445852,-0.04389760737316839,0.6666666666666666,1.2285125886330193,2.7225191937175586,0.20944510823378515,0.6944444444444445
chronos,25.0,2021-12-31_2022-11-30,12,0.17812701897755678,0.04089310124175727,0.17812701897755678,0.04089310124175727,0.13723391773579952,0.3018332827137064,0.6851845155930063,-0.14264664181445863,-0.052330809109684795,0.5833333333333334,0.658957262320113,2.6055410586251346,0.09796768489174168,0.75
chronos,25.0,2022-01-31_2022-12-31,12,0.47088897478003844,0.03139589518781816,0.47088897478003844,0.03139589518781816,0.4394930795922203,0.31760618601644164,1.3792720771908835,-0.14264664181445852,-0.0538908420070876,0.6666666666666666,1.5070095456564256,2.5657732293579762,0.41251674489803203,0.6944444444444445
chronos,25.0,2022-02-28_2023-01-31,12,0.33653685754307494,-0.006523085673795559,0.33653685754307494,-0.006523085673795559,0.3430599432168705,0.3123849771924469,1.0814211861296077,-0.14264664181445852,-0.053890842007087936,0.5833333333333334,1.2714359614769608,2.801548366965628,0.4107172771648109,0.6944444444444445
chronos,25.0,2022-03-31_2023-02-28,12,0.1271925871804016,-0.03763942955797195,0.1271925871804016,-0.03763942955797195,0.16483201673837355,0.3141062644680545,0.5246798407159445,-0.14264664181445852,-0.05860315994470999,0.5,0.7246771113449489,2.84365468763403,0.3030754592596172,0.6944444444444445
chronos,25.0,2022-04-30_2023-03-31,12,-0.050642414780132206,-0.0433257664262765,-0.050642414780132206,-0.0433257664262765,-0.007316648353855704,0.27913750678976534,-0.05916077865314702,-0.14264664181445852,-0.052003665957635614,0.4166666666666667,0.10043795793395727,1.932951230215405,0.06705924135556818,0.7222222222222222
chronos,25.0,2022-05-31_2023-04-30,12,-0.18805996603169128,-0.07213752035282106,-0.18805996603169128,-0.07213752035282106,-0.11592244567887022,0.29549530093483106,-0.564788516921002,-0.2010035092225776,-0.07596598010903766,0.3333333333333333,-0.3654341468214535,2.238098743060992,-0.005741094317825435,0.7222222222222222
chronos,25.0,2022-06-30_2023-05-31,12,-0.19336988360494156,-0.0361282154897381,-0.19336988360494156,-0.0361282154897381,-0.15724166811520346,0.29645314914351634,-0.583853894354604,-0.24832397029648956,-0.07596598010903755,0.3333333333333333,-0.5221023476767319,2.2756298360578597,-0.09063095030712975,0.7222222222222222
chronos,25.0,2022-07-31_2023-06-30,12,-0.14431852626621755,-0.0028433046031512976,-0.14431852626621755,-0.0028433046031512976,-0.14147522166306625,0.3104113454561067,-0.3578264472943427,-0.24832397029648945,-0.07596598010903743,0.3333333333333333,-0.41275145895402376,2.246558227438286,-0.10610346611526311,0.7222222222222222
chronos,25.0,2022-08-31_2023-07-31,12,-0.12390967908661166,-0.031389184091800915,-0.12390967908661166,-0.031389184091800915,-0.09252049499481074,0.31510867975946105,-0.27422414062055533,-0.24832397029648956,-0.0655917893195096,0.3333333333333333,-0.20584986011397458,2.5235214571832243,-0.012373572638204378,0.7222222222222222
chronos,25.0,2022-09-30_2023-08-31,12,0.07387035558586663,-0.014331580574544756,0.07387035558586663,-0.014331580574544756,0.08820193616041139,0.28303151870366056,0.3795308949386626,-0.24832397029648956,-0.06559178931950937,0.4166666666666667,0.4764241148670563,2.1607069607826,0.14190065667281315,0.6666666666666666
chronos,25.0,2022-10-31_2023-09-30,12,-0.23546290983989082,-0.04883569016310929,-0.23546290983989082,-0.04883569016310929,-0.18662721967678153,0.34457107128814307,-0.6061039470520712,-0.29180017445008477,-0.06327241269436523,0.3333333333333333,-0.5297989251475497,2.7533609731598134,-0.07575605733110091,0.6944444444444443
chronos,25.0,2022-11-30_2023-10-31,12,-0.16465846939142437,-8.074453772832779e-05,-0.16465846939142437,-8.074453772832779e-05,-0.16457772485369604,0.35921940057188967,-0.3256575982266878,-0.29180017445008455,-0.04084242285001627,0.4166666666666667,-0.3912561313164074,2.4846149196468605,-0.119346034683661,0.6944444444444443
chronos,25.0,2022-12-31_2023-11-30,12,-0.0623491818038423,0.06162621592425688,-0.0623491818038423,0.06162621592425688,-0.12397539772809918,0.35888734430441205,-0.006289578449610286,-0.2918001744500849,-0.04084242285001627,0.5,-0.21240103740633248,2.617742676239642,-0.15606296869020697,0.6944444444444443
chronos,25.0,2023-01-31_2023-12-31,12,-0.25278709697192403,0.05389394652891433,-0.25278709697192403,0.05389394652891433,-0.30668104350083836,0.3178876628501786,-0.7494236427610292,-0.2898435731030098,-0.04084242285001627,0.4166666666666667,-1.1655260227848498,2.843067058157665,-0.33292089781714096,0.7222222222222222
chronos,25.0,2023-02-28_2024-01-31,12,-0.2077018206867629,0.06910062416905749,-0.2077018206867629,0.06910062416905749,-0.2768024448558204,0.3269829136178641,-0.5445570359613412,-0.2376850178907738,-0.04084242285001627,0.5,-0.953567206058906,2.9233214607425824,-0.3235783804212883,0.7222222222222222
chronos,25.0,2023-03-31_2024-02-29,12,-0.09374062596270394,0.07105311702696282,-0.09374062596270394,0.07105311702696282,-0.16479374298966676,0.3304653659624437,-0.13334546960426003,-0.21833045412671992,-0.04084242285001627,0.5833333333333334,-0.43032401474716614,2.7464277284938166,-0.2177875877394777,0.7222222222222222
chronos,25.0,2023-04-30_2024-03-31,12,-0.06199054082844169,0.04605177038880415,-0.06199054082844169,0.04605177038880415,-0.10804231121724583,0.32902626816402686,-0.0308620314310018,-0.21833045412671992,-0.028914327222309355,0.6666666666666666,-0.21982769423796783,2.7725504026270955,-0.1360427419148007,0.7222222222222222
chronos,25.0,2023-05-31_2024-04-30,12,0.10282856243487393,0.05087612226469651,0.10282856243487393,0.05087612226469651,0.051952440170177416,0.30813503512367935,0.47371690124762167,-0.21833045412671992,-0.04720745865673304,0.75,0.34321516963928017,1.938013360645216,0.0437513810592125,0.6666666666666666
chronos,25.0,2023-06-30_2024-05-31,12,0.09554663088270021,0.06029804021364593,0.09554663088270021,0.06029804021364593,0.03524859066905428,0.30976335894103857,0.4511730343068469,-0.21833045412671992,-0.04720745865673304,0.75,0.2819620100168451,1.8196580693624733,0.026922067402830763,0.6666666666666666
chronos,25.0,2023-07-31_2024-06-30,12,0.1028026385937133,0.046802268590376395,0.1028026385937133,0.046802268590376395,0.05600037000333691,0.311610205196837,0.4714918149886955,-0.21833045412671992,-0.04720745865673304,0.75,0.3516013938181977,1.9224596555857585,0.05412463933560718,0.6944444444444443
chronos,25.0,2023-08-31_2024-07-31,12,0.0540285878934299,0.10318514893952901,0.0540285878934299,0.10318514893952901,-0.04915656104609911,0.30748426648409233,0.325538027359068,-0.21833045412671992,-0.04720745865673315,0.6666666666666666,-0.010350464677079204,1.388826925493409,-0.04208554596400049,0.6944444444444443
chronos,25.0,2023-09-30_2024-08-31,12,0.0954718761716149,0.08473288946892565,0.0954718761716149,0.08473288946892565,0.010738986702689246,0.31660473477869533,0.44685972200587626,-0.07411413327489724,-0.04720745865673315,0.6666666666666666,0.18639612849841092,1.108872443996375,0.04677470749373969,0.7222222222222222
chronos,25.0,2023-10-31_2024-09-30,12,0.3524954005457315,0.12170948346779942,0.3524954005457315,0.12170948346779942,0.23078591707793206,0.204432852533664,1.589157518219632,-0.07411413327489735,-0.047207458656732815,0.6666666666666666,0.9573207752382544,0.2618780112715565,0.3365086977449987,0.6944444444444445
chronos,25.0,2023-11-30_2024-10-31,12,0.1934023197117385,0.004734660022875703,0.1934023197117385,0.004734660022875703,0.1886676596888628,0.20559424857285646,0.9600965424094903,-0.07709980460120047,-0.07254414974326939,0.6666666666666666,0.8764985944622703,0.3544379586903718,0.21199106487155062,0.7222222222222222
chronos,25.0,2023-12-31_2024-11-30,12,0.18550184997874863,-0.026522408525777696,0.18550184997874863,-0.026522408525777696,0.21202425850452633,0.20441628536157744,0.931577706362727,-0.07709980460120036,-0.07702368625268241,0.6666666666666666,0.9817084370109115,0.2705909236534383,0.2150144293490308,0.75
chronos,25.0,2024-01-31_2024-12-31,12,0.36093648728685457,-0.013699490369203038,0.36093648728685457,-0.013699490369203038,0.3746359776560576,0.18346505187098217,1.7847836574369351,-0.07709980460120047,-0.07702368625268208,0.75,1.6873669539587517,0.2202071570804129,0.38395452862107393,0.7777777777777777
chronos,25.0,2024-02-29_2025-01-31,12,0.18342215172840737,-0.14290566323586873,0.18342215172840737,-0.14290566323586873,0.3263278149642761,0.2088441649754997,0.9074749530889602,-0.0805080629712821,-0.18252959118595857,0.75,1.665237983651514,0.5843404169804273,0.3090731451180795,0.7777777777777777
chronos,25.0,2024-03-31_2025-02-28,12,0.07115167248880305,-0.10676537761977256,0.07115167248880305,-0.10676537761977256,0.17791705010857561,0.2070159283793965,0.427168054441545,-0.11316541476459774,-0.1825295911859588,0.6666666666666666,0.867719871214573,0.42087560442047495,0.13850403839961167,0.8055555555555555
chronos,25.0,2024-04-30_2025-03-31,12,0.14761407415302807,-0.06461005552580057,0.14761407415302807,-0.06461005552580057,0.21222412967882864,0.21705316900865562,0.736904207410183,-0.11316541476459774,-0.18252959118595868,0.6666666666666666,0.9787062070122716,0.4966008130505464,0.20297657818514803,0.8055555555555555
chronos,25.0,2024-05-31_2025-04-30,12,0.1296849502850943,0.02942056800377868,0.1296849502850943,0.02942056800377868,0.10026438228131562,0.2150892820858749,0.6677551819876999,-0.11316541476459774,-0.18252959118595857,0.5833333333333334,0.47265925430686373,0.52845171458464,0.12727835341658555,0.8333333333333334
chronos,25.0,2024-06-30_2025-05-31,12,0.15694192378024363,-0.019239253194651806,0.15694192378024363,-0.019239253194651806,0.17618117697489544,0.2072767597222969,0.8017110594491924,-0.11316541476459785,-0.18252959118595835,0.5833333333333334,0.8959164987736287,0.6058127787036532,0.1822277509544059,0.8055555555555554
chronos,25.0,2024-07-31_2025-06-30,12,0.34865888968470315,0.03150250800801424,0.34865888968470315,0.03150250800801424,0.3171563816766889,0.32417378284340187,1.069254172615982,-0.11316541476459785,-0.1825295911859589,0.5833333333333334,1.1623983603170616,1.0127009826450768,0.3407122063797683,0.7777777777777777
chronos,25.0,2024-08-31_2025-07-31,12,0.21200293668366332,0.02082724764079913,0.21200293668366332,0.02082724764079913,0.1911756890428642,0.3455498438782381,0.7063893730809631,-0.11316541476459785,-0.1720911800730176,0.5833333333333334,0.6944154173604525,0.9206199281359011,0.23008773004483607,0.7777777777777777
chronos,25.0,2024-09-30_2025-08-31,12,0.344567538690153,0.07082064647411035,0.344567538690153,0.07082064647411035,0.27374689221604265,0.3910145211895549,0.9302182542524499,-0.11316541476459774,-0.1720911800730176,0.5833333333333334,0.8446691702044065,1.1001618112221754,0.3044878855462314,0.7777777777777777
chronos,25.0,2024-10-31_2025-09-30,12,0.4337167257824641,0.07787885846139209,0.4337167257824641,0.07787885846139209,0.35583786732107203,0.38454938947414896,1.1122523422365216,-0.11316541476459785,-0.11858833109117162,0.6666666666666666,1.042465652863692,1.0960671883930087,0.3791984175489842,0.7777777777777777
chronos,25.0,2024-11-30_2025-10-31,12,0.6385474619177971,0.1960061542824556,0.6385474619177971,0.1960061542824556,0.4425413076353415,0.3780145601125663,1.4929068141092587,-0.11316541476459774,-0.11795970406671652,0.6666666666666666,1.1455017010755502,1.1018106523398443,0.40994865686106574,0.75
chronos,25.0,2024-12-31_2025-11-30,12,0.8488465715733333,0.22133541890163522,0.8488465715733333,0.22133541890163522,0.6275111526716981,0.40015042189865146,1.7453293103752472,-0.11316541476459774,-0.11795970406671652,0.6666666666666666,1.3850995594555051,1.1097408677537428,0.5669321222544594,0.6944444444444445
chronos,25.0,2025-01-31_2025-12-31,12,0.595793849321276,0.17166648362633885,0.595793849321276,0.17166648362633885,0.42412736569493714,0.4240191980210294,1.3039840823051865,-0.0906477587765383,-0.03669877287899381,0.5833333333333334,1.0552019301325053,1.2439129779742821,0.389963936724832,0.6666666666666666
chronos,25.0,2025-02-28_2026-01-31,12,0.7924216607915533,0.31334945156909844,0.7924216607915533,0.31334945156909844,0.47907220922245486,0.4016686715617923,1.6586075167633587,-0.09064775877653841,-0.04758367670999886,0.5833333333333334,1.0732326185792298,1.5765121393740138,0.2440916517077838,0.6666666666666666
chronos,25.0,2025-03-31_2026-02-28,12,0.43085809000036246,0.08257309459079365,0.43085809000036246,0.08257309459079365,0.3482849954095688,0.4876792901017267,0.9671460908587571,-0.2704897651805612,-0.18488813271044613,0.5833333333333334,1.0275604514842651,1.7447781335378951,0.3404216057958733,0.611111111111111
chronos,25.0,2025-04-30_2026-03-31,12,0.38482388393965583,0.028079656548997578,0.38482388393965583,0.028079656548997578,0.35674422739065825,0.4862671662631508,0.898937226130934,-0.2704897651805612,-0.19546042589812018,0.5833333333333334,1.0749800714881466,1.7469003735580775,0.41642789523226,0.6111111111111112
chronos,25.0,2025-05-31_2026-04-30,12,-0.06468578174204243,-0.14610708694572017,-0.06468578174204243,-0.14610708694572017,0.08142130520367774,0.5947890357016344,0.17373092804737947,-0.47364622679497737,-0.29138146686445754,0.5833333333333334,0.5593648862158228,2.1906465686467658,0.47031205009176835,0.5833333333333334
chronos,25.0,2025-06-30_2026-05-31,12,-0.13161464077001284,-0.18541351506394133,-0.13161464077001284,-0.18541351506394133,0.05379887429392849,0.6051116850658315,0.05758370336072644,-0.532269593132368,-0.34737666250868915,0.5833333333333334,0.4992394086081262,2.1547231443132753,0.5027259460774092,0.5833333333333334
chronos,25.0,2025-07-31_2026-06-30,12,-0.16109152978893182,-0.1667764227923394,-0.16109152978893182,-0.1667764227923394,0.005684893003407576,0.5856315397165619,-0.014077269683724122,-0.5322695931323679,-0.34737666250868904,0.5833333333333334,0.3603654807977622,1.9832629561375148,0.33438850829624545,0.5833333333333334
timesfm,25.0,2016-01-31_2016-12-31,12,1.6767053461119792,0.1471553785298949,1.6767053461119792,0.1471553785298949,1.5295499675820843,0.5034627799942301,2.241334330558054,-0.13938916180462368,-0.05046191183613402,0.5833333333333334,2.110004218156459,2.497743149164948,1.116149361595717,0.7222222222222223
timesfm,25.0,2016-02-29_2017-01-31,12,0.7931742397823125,0.12910312615333996,0.7931742397823125,0.12910312615333996,0.6640711136289725,0.4861983893669534,1.4312970144132429,-0.13938916180462368,-0.05046191183613391,0.5,1.22885412604417,1.786052136279136,0.5874703076850047,0.6944444444444445
timesfm,25.0,2016-03-31_2017-02-28,12,0.5636175145759588,0.1492046756740173,0.5636175145759588,0.1492046756740173,0.41441283890194147,0.4719477951846922,1.1575880296192593,-0.1393891618046238,-0.05046191183613402,0.4166666666666667,0.8892125244819997,1.523085459539636,0.3809251562992355,0.6666666666666666
timesfm,25.0,2016-04-30_2017-03-31,12,0.23493187722750797,0.17503808646495478,0.23493187722750797,0.17503808646495478,0.05989379076255319,0.37885409074769744,0.7187297632685619,-0.13938916180462368,-0.05046191183613402,0.4166666666666667,0.30957527060366635,2.034369433863454,-0.06417190012858431,0.6666666666666666
timesfm,25.0,2016-05-31_2017-04-30,12,0.23374671539474612,0.19627580709932912,0.23374671539474612,0.19627580709932912,0.037470908295416994,0.379023046056911,0.7159802229771584,-0.1393891618046238,-0.05046191183613402,0.4166666666666667,0.25234062180223543,2.0223790113938596,-0.09673025400499413,0.638888888888889
timesfm,25.0,2016-06-30_2017-05-31,12,0.19761849707111212,0.16211773486732262,0.19761849707111212,0.16211773486732262,0.035500762203789504,0.37994014768736367,0.6351929466904856,-0.1393891618046238,-0.05046191183613402,0.4166666666666667,0.25182023742593973,2.3105689615800893,-0.10953305518429501,0.6666666666666666
timesfm,25.0,2016-07-31_2017-06-30,12,-0.0885412526629501,0.11985678631409691,-0.0885412526629501,0.11985678631409691,-0.208398038977047,0.2101147246832362,-0.3414773073545009,-0.13938916180462368,-0.05046191183613402,0.3333333333333333,-0.9823055033052381,1.0976323891796484,-0.18243006935068373,0.6944444444444443
timesfm,25.0,2016-08-31_2017-07-31,12,-0.044968034265089996,0.08878533946639733,-0.044968034265089996,0.08878533946639733,-0.13375337373148732,0.22527957847876934,-0.09934552941917897,-0.12366567058988498,-0.05046191183613402,0.3333333333333333,-0.517028023977642,0.9681677467120641,-0.10238937851413998,0.7222222222222222
timesfm,25.0,2016-09-30_2017-08-31,12,0.006711026092375949,0.09996258200034913,0.006711026092375949,0.09996258200034913,-0.09325155590797318,0.2264000069863944,0.1349609895906161,-0.12366567058988487,-0.05046191183613402,0.4166666666666667,-0.3133861201807382,0.9332004859966978,-0.05938476681088578,0.6944444444444445
timesfm,25.0,2016-10-31_2017-09-30,12,0.14841356932891214,0.1075588143605537,0.14841356932891214,0.1075588143605537,0.04085475496835844,0.23198082617881804,0.7081559755159628,-0.12366567058988498,-0.0004923640702735321,0.5,0.27160830237222416,1.0844634806870328,0.05141036685513867,0.7499999999999999
timesfm,25.0,2016-11-30_2017-10-31,12,0.3082847474993313,0.1559996199134983,0.3082847474993313,0.1559996199134983,0.152285127585833,0.2139510389324885,1.3703613563892039,-0.12366567058988509,-0.008932388259170088,0.5833333333333334,0.6578756434909226,-0.5226593247589866,0.43946730660933375,0.7777777777777777
timesfm,25.0,2016-12-31_2017-11-30,12,0.2159985508323008,0.19992461049678534,0.2159985508323008,0.19992461049678534,0.016073940335515458,0.20221807272125916,1.0700742211624126,-0.12366567058988476,-0.008932388259169977,0.5,0.1356572348105114,-0.544771994753248,0.3681566352993333,0.8055555555555555
timesfm,25.0,2017-01-31_2017-12-31,12,0.46244422520083117,0.24773371905633135,0.46244422520083117,0.24773371905633135,0.21471050614449982,0.3396424178267496,1.2784907956778027,-0.0483038917514218,-0.008932388259170088,0.5,0.6265215936758614,0.947360274831838,0.2442129738497636,0.8055555555555555
timesfm,25.0,2017-02-28_2018-01-31,12,0.8492828435626167,0.22472528642954592,0.8492828435626167,0.22472528642954592,0.6245575571330708,0.29842807564296414,2.2331500769952095,-0.0483038917514218,-0.008932388259170088,0.5833333333333334,1.5502665220467893,0.6081884792898854,0.6969174608896238,0.8055555555555555
timesfm,25.0,2017-03-31_2018-02-28,12,0.8190429807624364,0.11150665310004948,0.8190429807624364,0.11150665310004948,0.7075363276623869,0.3011174668032835,2.15787828904726,-0.0483038917514218,-0.06307407298992962,0.6666666666666666,1.8474197624208495,0.7570034390988697,0.737788463441956,0.8055555555555554
timesfm,25.0,2017-04-30_2018-03-31,12,0.8574187674992939,0.054403018339003184,0.8574187674992939,0.054403018339003184,0.8030157491602907,0.2999646675041837,2.2385815939661518,-0.0070462921990288585,-0.09250223900477905,0.6666666666666666,2.1066252056217136,0.7156809550216224,0.8467836514801852,0.8055555555555554
timesfm,25.0,2017-05-31_2018-04-30,12,0.9908295099588538,0.042771960341875914,0.9908295099588538,0.042771960341875914,0.9480575496169779,0.2829703867135879,2.6163051278109477,-0.0027814881863625907,-0.09416874157139277,0.75,2.560142079119497,0.7744029110824924,0.9809193388742605,0.8333333333333331
timesfm,25.0,2017-06-30_2018-05-31,12,0.9751729271548362,-0.005226881237519021,0.9751729271548362,-0.005226881237519021,0.9803998083923552,0.28506261647236525,2.569632472088186,-0.012107417513682495,-0.12207676452647664,0.8333333333333334,2.8035991898026724,0.9880559574484309,1.0343101766397593,0.8055555555555555
timesfm,25.0,2017-07-31_2018-06-30,12,1.0875102185260839,0.0163507796990916,1.0875102185260839,0.0163507796990916,1.0711594388269923,0.2767301790596997,2.85195717978728,-0.012107417513682495,-0.12207676452647676,0.9166666666666666,3.022973216513819,0.9368556126891123,1.105218702653783,0.7777777777777777
timesfm,25.0,2017-08-31_2018-07-31,12,0.9155371406799275,0.02633003466478856,0.9155371406799275,0.02633003466478856,0.889207106015139,0.2852318786605362,2.4544254782429875,-0.012107417513682495,-0.12207676452647653,0.8333333333333334,2.5047671910927183,0.8637530154351228,0.9229348034125897,0.7777777777777778
timesfm,25.0,2017-09-30_2018-08-31,12,0.9014680578047058,0.012828519177035869,0.9014680578047058,0.012828519177035869,0.88863953862767,0.28611750872905906,2.420357252985012,-0.012107417513682495,-0.12207676452647664,0.8333333333333334,2.532219948095531,0.8918241119560139,0.9289874808233902,0.8055555555555555
timesfm,25.0,2017-10-31_2018-09-30,12,0.5277711516467423,-0.028994428060318933,0.5277711516467423,-0.028994428060318933,0.5567655797070612,0.33930438906978394,1.413235037170435,-0.12924198795876995,-0.12207676452647676,0.75,1.6190909620131002,1.1493521746209971,0.6409889812403073,0.8055555555555555
timesfm,25.0,2017-11-30_2018-10-31,12,0.5154229217789783,0.017470333624036494,0.5154229217789783,0.017470333624036494,0.4979525881549418,0.339000957080319,1.3893481567446149,-0.12924198795876995,-0.12207676452647676,0.75,1.4354211299306534,1.0676758294827688,0.5474435801474866,0.75
timesfm,25.0,2017-12-31_2018-11-30,12,0.37346672121329894,-0.025356283802123625,0.37346672121329894,-0.025356283802123625,0.39882300501542256,0.3599300979288084,1.0451880446110156,-0.1643013081951662,-0.12207676452647687,0.75,1.199319415149327,1.3704803919880835,0.4878339984019733,0.75
timesfm,25.0,2018-01-31_2018-12-31,12,0.15281525578850474,-0.01099995180484914,0.15281525578850474,-0.01099995180484914,0.16381520759335388,0.23293166117695707,0.7234664687912373,-0.16430130819516597,-0.12095719505337177,0.75,0.7621671111562686,0.5924818319810675,0.18559318391356538,0.7499999999999999
timesfm,25.0,2018-02-28_2019-01-31,12,-0.029398482104040502,-0.023323412109537922,-0.029398482104040502,-0.023323412109537922,-0.00607506999450258,0.2197424796819444,-0.031568919588234,-0.16430130819516608,-0.06297476655901424,0.6666666666666666,0.04994180184173871,0.6624256577833542,0.0046015047572902645,0.7499999999999999
timesfm,25.0,2018-03-31_2019-02-28,12,-0.1231722966851081,0.045204178762284775,-0.1231722966851081,0.045204178762284775,-0.16837647544739287,0.2389234576559925,-0.43427769934713845,-0.23277420252922398,-0.032589089243883484,0.5833333333333334,-0.6948412143661719,1.002111872791324,-0.14208838481384833,0.7499999999999999
timesfm,25.0,2018-04-30_2019-03-31,12,-0.2020216094636048,0.07686204312787948,-0.2020216094636048,0.07686204312787948,-0.2788836525914843,0.2316435765470395,-0.8560445146738481,-0.2659541129284474,-0.031039511736595693,0.5,-1.4249347504749617,1.5509927322217159,-0.2761778703896066,0.7222222222222223
timesfm,25.0,2018-05-31_2019-04-30,12,-0.24262317262528066,0.03769148450195714,-0.24262317262528066,0.03769148450195714,-0.2803146571272378,0.2267023797739665,-1.1052655438886598,-0.2842891121211607,-0.04957195403333192,0.5,-1.5396763176918735,1.2991770592617957,-0.2653360195645268,0.7222222222222222
timesfm,25.0,2018-06-30_2019-05-31,12,-0.19104719844710516,0.09645960452265201,-0.19104719844710516,0.09645960452265201,-0.28750680296975717,0.23918073492973488,-0.7663353589734859,-0.2842891121211609,-0.04957195403333203,0.5,-1.4481169902580289,1.6637160527968908,-0.29431294830856036,0.75
timesfm,25.0,2018-07-31_2019-06-30,12,-0.25214287115817857,0.07648721996967378,-0.25214287115817857,0.07648721996967378,-0.32863009112785235,0.22698851692854033,-1.1581663326294926,-0.2842891121211608,-0.04957195403333203,0.4166666666666667,-1.8504077473431042,1.5668215428144658,-0.32356286596148076,0.7499999999999999
timesfm,25.0,2018-08-31_2019-07-31,12,-0.2050683430848691,0.051509897202665744,-0.2050683430848691,0.051509897202665744,-0.25657824028753484,0.23969103684308762,-0.8360359521625153,-0.28428911212116104,-0.04957195403333203,0.5,-1.2321526397612146,1.3742504483221407,-0.24272235017694943,0.7222222222222222
timesfm,25.0,2018-09-30_2019-08-31,12,-0.19244707678315565,0.032217370272061396,-0.19244707678315565,0.032217370272061396,-0.22466444705521704,0.24319844507927635,-0.7571520078547214,-0.21451046486623349,-0.05569706120271434,0.5,-1.0070117317236926,1.1161068762895086,-0.20258590200799498,0.7222222222222222
timesfm,25.0,2018-10-31_2019-09-30,12,-0.02833823592621687,0.0680196854801034,-0.02833823592621687,0.0680196854801034,-0.09635792140632027,0.21560275123319836,-0.033325055035483,-0.21451046486623337,-0.05569706120271445,0.5833333333333334,-0.3792882134758025,0.8164075577558088,-0.06230933862840904,0.7222222222222222
timesfm,25.0,2018-11-30_2019-10-31,12,-0.13117895762928755,-0.007313909877188718,-0.13117895762928755,-0.007313909877188718,-0.12386504775209883,0.21769821797111522,-0.5417430930715698,-0.21068950178733747,-0.07977064350808971,0.5,-0.5624711183231974,0.8506624601848211,-0.10912219538558676,0.75
timesfm,25.0,2018-12-31_2019-11-30,12,0.010106518084332938,0.01695714726683817,0.010106518084332938,0.01695714726683817,-0.00685062918250523,0.2142048797318935,0.1457122197842636,-0.21068950178733747,-0.07977064350808971,0.5833333333333334,0.05506668260451661,1.225364652894572,0.0048176863514328705,0.6944444444444445
timesfm,25.0,2019-01-31_2019-12-31,12,-0.06873147105091693,-0.0907583313333864,-0.06873147105091693,-0.0907583313333864,0.022026860282469474,0.19448880203527488,-0.2749417990338173,-0.15545734237434672,-0.08173242622854304,0.5833333333333334,0.2011247569949094,0.7278385738376738,0.01221526412137508,0.6944444444444443
timesfm,25.0,2019-02-28_2020-01-31,12,-0.14337668365560985,-0.15374678206850467,-0.14337668365560985,-0.15374678206850467,0.010370098412894824,0.231081271859003,-0.5555856294850137,-0.1419880581533295,-0.157070533612218,0.5833333333333334,0.16299160255223408,1.118846736978608,0.050045845550472645,0.6944444444444443
timesfm,25.0,2019-03-31_2020-02-29,12,-0.10023859110473843,-0.2983301643039218,-0.10023859110473843,-0.2983301643039218,0.19809157319918336,0.2170816228537171,-0.38139814920315895,-0.18409805740683094,-0.2968733323797681,0.6666666666666666,1.3539702853225526,0.6786139028124288,0.1506534849370691,0.7222222222222222
timesfm,25.0,2019-04-30_2020-03-31,12,0.001666583394846377,-0.26938100433105683,0.001666583394846377,-0.26938100433105683,0.2710475877259032,0.2242165890395565,0.11402119566386175,-0.18409805740683094,-0.2897384073692094,0.75,1.8527766385566273,0.7522337937207367,0.27177488530557725,0.7777777777777777
timesfm,25.0,2019-05-31_2020-04-30,12,0.023662680512456902,-0.23441422140073764,0.023662680512456902,-0.23441422140073764,0.25807690191319455,0.22240760055581676,0.21121777680395246,-0.18409805740683094,-0.2897384073692094,0.6666666666666666,1.6702061904352663,0.7236953521504914,0.24688767448122517,0.75
timesfm,25.0,2019-06-30_2020-05-31,12,0.07996903784961873,-0.22854562482453433,0.07996903784961873,-0.22854562482453433,0.30851466267415306,0.24356462242154914,0.43116131993678347,-0.18409805740683105,-0.2897384073692095,0.6666666666666666,1.8607623496695662,0.7941327819430462,0.33390768001272453,0.6944444444444443
timesfm,25.0,2019-07-31_2020-06-30,12,0.21232958488939246,-0.1941752572672133,0.21232958488939246,-0.1941752572672133,0.40650484215660576,0.25419921524725675,0.8828901945923834,-0.18409805740683083,-0.2827760862119635,0.75,2.4204031061779085,0.8635947583330225,0.46595082585340486,0.6944444444444443
timesfm,25.0,2019-08-31_2020-07-31,12,0.19620854792578935,-0.1722348942847023,0.19620854792578935,-0.1722348942847023,0.36844344221049163,0.25236864446558793,0.8336831705418779,-0.18409805740683105,-0.27948217627529803,0.75,2.2213336124169785,0.8568954983676019,0.41232662019651056,0.6666666666666665
timesfm,25.0,2019-09-30_2020-08-31,12,0.030883732909506634,-0.21057570090232802,0.030883732909506634,-0.21057570090232802,0.24145943381183466,0.27810246604456745,0.2397606063756707,-0.18409805740683094,-0.27948217627529803,0.6666666666666666,1.569513850314541,0.941784568640349,0.297027296520328,0.6666666666666666
timesfm,25.0,2019-10-31_2020-09-30,12,0.1544623156570355,-0.1766274605970889,0.1544623156570355,-0.1766274605970889,0.3310897762541244,0.3235225329069181,0.594313526916586,-0.18250352663540526,-0.2794821762752979,0.6666666666666666,1.78195571479447,1.0634847071548204,0.43644883893052144,0.638888888888889
timesfm,25.0,2019-11-30_2020-10-31,12,0.5865387391415691,-0.06643817837031618,0.5865387391415691,-0.06643817837031618,0.6529769175118852,0.407296078586178,1.331850261485847,-0.18250352663540526,-0.2794821762752979,0.75,2.3525992251353416,1.27582588042779,0.7756067958371444,0.638888888888889
timesfm,25.0,2019-12-31_2020-11-30,12,0.6010013964173113,-0.050871312509224054,0.6010013964173113,-0.050871312509224054,0.6518727089265354,0.40796138719933356,1.3535051717403659,-0.18250352663540526,-0.2358764964179022,0.75,2.3103221620727026,1.2508960112846637,0.7536801348312514,0.6944444444444443
timesfm,25.0,2020-01-31_2020-12-31,12,0.5658108499830574,-0.013079995771551722,0.5658108499830574,-0.013079995771551722,0.5788908457546091,0.4112263598281355,1.2892899973607415,-0.10384894190548255,-0.16758179221927783,0.6666666666666666,2.0318725216429923,1.2891163298808852,0.6405486069251409,0.6666666666666666
timesfm,25.0,2020-02-29_2021-01-31,12,1.0400093619227162,0.14471568274700242,1.0400093619227162,0.14471568274700242,0.8952936791757138,0.3634424505653737,2.175152530061985,-0.10384894190548255,-0.07033476780972703,0.75,2.7615506117632873,1.1544982290654369,0.7939443667253829,0.6666666666666666
timesfm,25.0,2020-03-31_2021-02-28,12,0.7026284642262477,0.3187076559568369,0.7026284642262477,0.3187076559568369,0.3839208082694108,0.4430207511900775,1.4294532342125317,-0.2063438903893563,-0.07033476780972703,0.6666666666666666,1.132465320815818,2.4040632306778336,-0.06779640914462826,0.638888888888889
timesfm,25.0,2020-04-30_2021-03-31,12,0.6769329979855523,0.2712264885896778,0.6769329979855523,0.2712264885896778,0.4057065093958745,0.442823872290488,1.3937892019985425,-0.2063438903893563,-0.07033476780972714,0.6666666666666666,1.2011045275560508,2.3813021791395053,0.00972133143297449,0.6111111111111112
timesfm,25.0,2020-05-31_2021-04-30,12,0.6333352412354503,0.2511461011810818,0.6333352412354503,0.2511461011810818,0.38218914005436844,0.4470713784194724,1.3226016884454088,-0.2063438903893563,-0.07033476780972703,0.6666666666666666,1.1615660815459687,2.38255636055792,0.021595335326007437,0.638888888888889
timesfm,25.0,2020-06-30_2021-05-31,12,0.39920790433221476,0.22018559574957508,0.39920790433221476,0.22018559574957508,0.17902230858263968,0.4506415634650471,0.9580275611131961,-0.2294266447238349,-0.07033476780972703,0.5833333333333334,0.708751989119957,2.391081420528804,-0.07635648129227368,0.638888888888889
timesfm,25.0,2020-07-31_2021-06-30,12,0.45974274595366693,0.1787337447456181,0.45974274595366693,0.1787337447456181,0.28100900120804884,0.45965395359918004,1.0421899295870476,-0.2294266447238349,-0.07033476780972703,0.5833333333333334,0.9237091019324664,2.4138581933652046,0.050504825989242,0.5833333333333334
timesfm,25.0,2020-08-31_2021-07-31,12,0.3610182352160327,0.17406019021811336,0.3610182352160327,0.17406019021811336,0.18695804499791935,0.4647765935007335,0.879167351914199,-0.229426644723835,-0.0471551797914731,0.5,0.7050449730048082,2.4176375074651193,-0.011914276950577563,0.6388888888888888
timesfm,25.0,2020-09-30_2021-08-31,12,0.7482063528795362,0.29094300690606567,0.7482063528795362,0.29094300690606567,0.4572633459734705,0.45200351993714133,1.4680354265954856,-0.229426644723835,-0.0471551797914731,0.5833333333333334,1.1541967466878356,2.7769989122139007,-0.07394342998480041,0.6666666666666666
timesfm,25.0,2020-10-31_2021-09-30,12,0.7980994377693373,0.285307502281577,0.7980994377693373,0.285307502281577,0.5127919354877604,0.4626556960245653,1.5066125472522003,-0.2294266447238349,-0.04715517979147299,0.5833333333333334,1.2208397602117527,2.8404084313960136,-0.045935519694610405,0.6944444444444443
timesfm,25.0,2020-11-30_2021-10-31,12,0.3818244444260894,0.164192612882329,0.3818244444260894,0.164192612882329,0.21763183154376042,0.39337511891387306,1.0152165488594436,-0.2294266447238349,-0.04715517979147299,0.5,0.764498809149827,2.661072101389148,-0.022966960907261136,0.7222222222222222
timesfm,25.0,2020-12-31_2021-11-30,12,0.2556431116985052,0.10075285366229347,0.2556431116985052,0.10075285366229347,0.1548902580362117,0.39399336189148787,0.7642308167759023,-0.2294266447238349,-0.04715517979147321,0.4166666666666667,0.6290356397329708,3.2821387452063484,-0.02916211657860457,0.6944444444444443
timesfm,25.0,2021-01-31_2021-12-31,12,0.1787231677279304,0.1311417024200292,0.1787231677279304,0.1311417024200292,0.047581465307901194,0.40612136875973937,0.5938337634010787,-0.2294266447238349,-0.04715517979147299,0.4166666666666667,0.3378185171767191,3.4912280745335016,-0.18684346476946256,0.7222222222222222
timesfm,25.0,2021-02-28_2022-01-31,12,0.22201061959429746,0.1035559333431273,0.22201061959429746,0.1035559333431273,0.11845468625117017,0.41904149567867727,0.6736826996850879,-0.11261980692978202,-0.008710521467504728,0.4166666666666667,0.512844605298849,4.571221890676529,-0.16863193936227683,0.7222222222222222
timesfm,25.0,2021-03-31_2022-02-28,12,0.6702463017757099,0.1814244316261513,0.6702463017757099,0.1814244316261513,0.4888218701495586,0.3381421281041688,1.6957824528950995,-0.11261980692978213,-0.008710521467504728,0.5,1.378682832126337,4.43386804997272,-0.16432538842912126,0.6944444444444445
timesfm,25.0,2021-04-30_2022-03-31,12,0.5277263827776963,0.2056999327796627,0.5277263827776963,0.2056999327796627,0.32202644999803365,0.3494391303597111,1.38479730323431,-0.11261980692978191,-0.008710521467504728,0.4166666666666667,0.9549538130423266,4.433595004615203,-0.3053706382071336,0.6944444444444443
timesfm,25.0,2021-05-31_2022-04-30,12,0.7025372505113248,0.20202014645819677,0.7025372505113248,0.20202014645819677,0.500517104053128,0.34282445645787607,1.7354521382383872,-0.11261980692978213,-0.011058901373715124,0.5,1.3147950929314909,3.411240988380576,-0.04233153323908845,0.6666666666666666
timesfm,25.0,2021-06-30_2022-05-31,12,0.7114259884767449,0.1547230806668567,0.7114259884767449,0.1547230806668567,0.5567029078098882,0.34133731824411706,1.7575993479914478,-0.11261980692978202,-0.04389760737316839,0.5,1.5099662675124523,2.7197501304350435,0.21802349164051593,0.6944444444444443
timesfm,25.0,2021-07-31_2022-06-30,12,0.7205124147560458,0.14515293481688385,0.7205124147560458,0.14515293481688385,0.5753594799391619,0.34314970559838115,1.765971223775912,-0.11261980692978224,-0.04389760737316839,0.5,1.5326281716915504,2.558840766917557,0.28092373113342584,0.7499999999999999
timesfm,25.0,2021-08-31_2022-07-31,12,0.865835138348862,0.16719366722844042,0.865835138348862,0.16719366722844042,0.6986414711204216,0.3320304075063572,2.072111180285154,-0.11261980692978213,-0.04389760737316839,0.5833333333333334,1.8090250066066524,2.390086290880603,0.3567741385138399,0.7222222222222222
timesfm,25.0,2021-09-30_2022-08-31,12,0.4526278141656044,0.11990803732841937,0.4526278141656044,0.11990803732841937,0.332719776837185,0.35082940314181704,1.2344559577014886,-0.11261980692978213,-0.04389760737316817,0.5,1.0429718900091243,2.614569131654687,0.13441460600103472,0.6944444444444445
timesfm,25.0,2021-10-31_2022-09-30,12,0.2047984424290461,0.07700156092153554,0.2047984424290461,0.07700156092153554,0.12779688150751056,0.29797628372968127,0.7624613975521505,-0.10382864137492731,-0.04389760737316828,0.4166666666666667,0.5618509916900438,2.0369668678721955,0.07269619227704482,0.638888888888889
timesfm,25.0,2021-11-30_2022-10-31,12,0.16584621014158674,0.0837751064100245,0.16584621014158674,0.0837751064100245,0.08207110373156223,0.30324232379454635,0.6438661367987004,-0.1422994300733178,-0.04389760737316839,0.4166666666666667,0.411164671341068,2.1208738215342193,0.01891284991989739,0.5833333333333334
timesfm,25.0,2021-12-31_2022-11-30,12,0.07288439731258944,0.04089310124175727,0.07288439731258944,0.04089310124175727,0.031991296070832176,0.3233902360006018,0.3626613596938653,-0.22822432783731017,-0.052330809109684795,0.4166666666666667,0.263121577435319,2.326702604667322,0.01651054720651679,0.5555555555555555
timesfm,25.0,2022-01-31_2022-12-31,12,0.23162830716853944,0.03139589518781816,0.23162830716853944,0.03139589518781816,0.20023241198072128,0.30977721480342263,0.8172660299984468,-0.22822432783731017,-0.0538908420070876,0.5,0.8288943088888034,2.360404396807979,0.18682957217487894,0.5277777777777777
timesfm,25.0,2022-02-28_2023-01-31,12,-0.03699976070059985,-0.006523085673795559,-0.03699976070059985,-0.006523085673795559,-0.03047667502680429,0.2875781634801938,-0.00031645276039906945,-0.26124099048050464,-0.053890842007087936,0.4166666666666667,0.015154711973796009,1.9118435599996242,0.007619246121101986,0.5277777777777778
timesfm,25.0,2022-03-31_2023-02-28,12,-0.15639007556540097,-0.03763942955797195,-0.15639007556540097,-0.03763942955797195,-0.11875064600742902,0.2755210063913814,-0.4884494990813214,-0.29796950403994993,-0.05860315994470999,0.3333333333333333,-0.3867475468133859,1.703802055395596,-0.07055629603169666,0.5833333333333334
timesfm,25.0,2022-04-30_2023-03-31,12,-0.19566518474202632,-0.0433257664262765,-0.19566518474202632,-0.0433257664262765,-0.15233941831574982,0.28418154579010485,-0.6307580341531835,-0.3577444263681018,-0.052003665957635614,0.3333333333333333,-0.5149031001743819,1.6430302028273749,-0.10452257114664376,0.611111111111111
timesfm,25.0,2022-05-31_2023-04-30,12,-0.29263747956967257,-0.07213752035282106,-0.29263747956967257,-0.07213752035282106,-0.2204999592168515,0.2651471391935981,-1.1678322688286589,-0.389097608743609,-0.07596598010903766,0.25,-0.9858500845500976,1.5657345677599308,-0.18008370063802348,0.6666666666666666
timesfm,25.0,2022-06-30_2023-05-31,12,-0.3203192494837622,-0.0361282154897381,-0.3203192494837622,-0.0361282154897381,-0.2841910339940241,0.27015865916067533,-1.2850284889166739,-0.4372979516021497,-0.07596598010903755,0.25,-1.2574184606613052,1.6373607680328253,-0.25493969594328303,0.6666666666666666
timesfm,25.0,2022-07-31_2023-06-30,12,-0.38406182670430644,-0.0028433046031512976,-0.38406182670430644,-0.0028433046031512976,-0.38121852210115514,0.2079283942651628,-2.1870170660085044,-0.4372979516021499,-0.07596598010903743,0.16666666666666666,-2.6228736101084107,1.4722712832224978,-0.3712182583649549,0.6666666666666666
timesfm,25.0,2022-08-31_2023-07-31,12,-0.43186947679065735,-0.031389184091800915,-0.43186947679065735,-0.031389184091800915,-0.40048029269885643,0.1836077704165385,-2.921834918648543,-0.37267194530962044,-0.0655917893195096,0.08333333333333333,-3.133568756039584,1.1805595784163456,-0.40110283862866736,0.638888888888889
timesfm,25.0,2022-09-30_2023-08-31,12,-0.40079951074204356,-0.014331580574544756,-0.40079951074204356,-0.014331580574544756,-0.3864679301674988,0.1726028838304318,-2.8241805435778433,-0.4013411141580294,-0.06559178931950937,0.08333333333333333,-3.0518530078941537,1.0321769512613945,-0.38411452349076913,0.6666666666666666
timesfm,25.0,2022-10-31_2023-09-30,12,-0.46815124625056914,-0.04883569016310929,-0.46815124625056914,-0.04883569016310929,-0.41931555608745985,0.17959878240241373,-3.340590951791143,-0.44379327779898226,-0.06327241269436523,0.08333333333333333,-3.5097341951392,1.1520269675551664,-0.42777445697939454,0.6944444444444443
timesfm,25.0,2022-11-30_2023-10-31,12,-0.34999825447244726,-8.074453772832779e-05,-0.34999825447244726,-8.074453772832779e-05,-0.34991750993471893,0.28329520916512196,-1.3679711293504588,-0.41370910379030656,-0.04084242285001627,0.16666666666666666,-1.7083373918087426,2.1339473918528316,-0.33122952539636574,0.75
timesfm,25.0,2022-12-31_2023-11-30,12,-0.30714310420407986,0.06162621592425688,-0.30714310420407986,0.06162621592425688,-0.36876932012833674,0.2738407323718112,-1.1985573725730396,-0.41370910379030656,-0.04084242285001627,0.16666666666666666,-1.7095079146244174,1.9449003962155,-0.3689916200779626,0.75
timesfm,25.0,2023-01-31_2023-12-31,12,-0.4122990173590062,0.05389394652891433,-0.4122990173590062,0.05389394652891433,-0.46619296388792053,0.26848480953033793,-1.8184558812459057,-0.3542429716841572,-0.04084242285001627,0.08333333333333333,-2.530058040352682,2.1223945933612147,-0.4639281199965377,0.75
timesfm,25.0,2023-02-28_2024-01-31,12,-0.3706862175705484,0.06910062416905749,-0.3706862175705484,0.06910062416905749,-0.4397868417396059,0.26269210066672655,-1.613836340618145,-0.33776206409841614,-0.04084242285001627,0.08333333333333333,-2.367357574854041,2.08034727656137,-0.44288337628422847,0.7499999999999999
timesfm,25.0,2023-03-31_2024-02-29,12,-0.36347864243416794,0.07105311702696282,-0.36347864243416794,0.07105311702696282,-0.43453175946113076,0.2622669136399391,-1.5749542661941092,-0.3042374053460267,-0.04084242285001627,0.08333333333333333,-2.323323626303172,2.073190800197726,-0.4384072592126155,0.7222222222222222
timesfm,25.0,2023-04-30_2024-03-31,12,-0.3354641793097668,0.04605177038880415,-0.3354641793097668,0.04605177038880415,-0.38151594969857094,0.25680547613127164,-1.4516590555397495,-0.3013583825746975,-0.028914327222309355,0.08333333333333333,-2.1273998835746712,2.164464303792283,-0.38622593604993927,0.6944444444444445
timesfm,25.0,2023-05-31_2024-04-30,12,-0.27902182772353845,0.05087612226469651,-0.27902182772353845,0.05087612226469651,-0.32989794998823496,0.2633380746438416,-1.108860882551401,-0.2703691370325725,-0.04720745865673304,0.16666666666666666,-1.549612698250964,1.7974196752215401,-0.3256437789966482,0.6666666666666666
timesfm,25.0,2023-06-30_2024-05-31,12,-0.18852792400713092,0.06029804021364593,-0.18852792400713092,0.06029804021364593,-0.24882596422077685,0.262581458632851,-0.6717649993974583,-0.2703691370325728,-0.04720745865673304,0.25,-1.0853379337266935,1.842805359859906,-0.255155829588652,0.6944444444444445
timesfm,25.0,2023-07-31_2024-06-30,12,-0.18733303888528363,0.046802268590376395,-0.18733303888528363,0.046802268590376395,-0.23413530747566003,0.2629306741225815,-0.6650510026639976,-0.24876094967514462,-0.04720745865673304,0.3333333333333333,-1.0094963995247421,1.9612259858143641,-0.23963622641597349,0.6944444444444445
timesfm,25.0,2023-08-31_2024-07-31,12,-0.13517112255998964,0.10318514893952901,-0.13517112255998964,0.10318514893952901,-0.23835627149951866,0.2666243580151543,-0.42202605708656976,-0.23444560143346804,-0.04720745865673315,0.3333333333333333,-0.9737249360977547,1.6457326510469725,-0.24825778551709765,0.7222222222222222
timesfm,25.0,2023-09-30_2024-08-31,12,-0.03421102146136901,0.08473288946892565,-0.03421102146136901,0.08473288946892565,-0.11894391093029466,0.2689307624313521,-0.008113582140922592,-0.23444560143346782,-0.04720745865673315,0.4166666666666667,-0.37573560478629103,1.3191234779932484,-0.11002722636902262,0.6944444444444445
timesfm,25.0,2023-10-31_2024-09-30,12,0.11698809210785988,0.12170948346779942,0.11698809210785988,0.12170948346779942,-0.004721391359939542,0.24053624968735865,0.5691513897148368,-0.23444560143346793,-0.047207458656732815,0.5,0.07898864251898516,1.00611530280412,0.0168503618006699,0.7222222222222222
timesfm,25.0,2023-11-30_2024-10-31,12,-0.10243631656969954,0.004734660022875703,-0.10243631656969954,0.004734660022875703,-0.10717097659257524,0.17835140635745972,-0.5195822257141948,-0.20183689390685777,-0.07254414974326939,0.4166666666666667,-0.5728371667779604,0.4840662814375137,-0.0933080854306706,0.6944444444444445
timesfm,25.0,2023-12-31_2024-11-30,12,-0.025992809894947455,-0.026522408525777696,-0.025992809894947455,-0.026522408525777696,0.0005295986308302414,0.18049115216105374,-0.06083369491979847,-0.10749413353686021,-0.07702368625268241,0.5,0.06244266681231283,0.6020477364001249,0.0021833961211690234,0.75
timesfm,25.0,2024-01-31_2024-12-31,12,0.08174153379355631,-0.013699490369203038,0.08174153379355631,-0.013699490369203038,0.09544102416275935,0.14051992546715988,0.6258004319814604,-0.08197133063051187,-0.07702368625268208,0.5,0.6939664639833203,0.5144138033590168,0.09648854055676903,0.7222222222222222
timesfm,25.0,2024-02-29_2025-01-31,12,-0.004141690032283707,-0.14290566323586873,-0.004141690032283707,-0.14290566323586873,0.13876397320358502,0.17781914642180927,0.06046159147040349,-0.13114538950065935,-0.18252959118595857,0.5833333333333334,1.1926682595849254,0.8189866950304736,0.1345036173460259,0.75
timesfm,25.0,2024-03-31_2025-02-28,12,0.033157050446138925,-0.10676537761977256,0.033157050446138925,-0.10676537761977256,0.13992242806591149,0.1726126957466229,0.2708413270287093,-0.133607215002001,-0.1825295911859588,0.5833333333333334,1.123139212610598,0.7416977026636752,0.1276568027904832,0.7777777777777777
timesfm,25.0,2024-04-30_2025-03-31,12,0.2871292952099276,-0.06461005552580057,0.2871292952099276,-0.06461005552580057,0.35173935073572815,0.24481410255359295,1.1500128923700361,-0.1336072150020009,-0.18252959118595868,0.6666666666666666,1.869601675872319,0.9864046056986865,0.3898372053646173,0.8055555555555555
timesfm,25.0,2024-05-31_2025-04-30,12,0.4419747886130867,0.02942056800377868,0.4419747886130867,0.02942056800377868,0.412554220609308,0.27866114633525363,1.4558492196454964,-0.13360721500200123,-0.18252959118595857,0.6666666666666666,1.9292165284257945,1.1781546003417211,0.4173664311453622,0.8333333333333334
timesfm,25.0,2024-06-30_2025-05-31,12,0.2903051941476904,-0.019239253194651806,0.2903051941476904,-0.019239253194651806,0.3095444473423422,0.2980795638847177,0.9951883551215512,-0.13360721500200123,-0.18252959118595835,0.5833333333333334,1.506795936766022,1.2520023156013254,0.3469900273667119,0.7777777777777778
timesfm,25.0,2024-07-31_2025-06-30,12,0.43435675655659867,0.03150250800801424,0.43435675655659867,0.03150250800801424,0.4028542485485844,0.3263564782102476,1.265097838984273,-0.13360721500200112,-0.1825295911859589,0.5833333333333334,1.7695503298255297,1.331808851314269,0.4083690429147271,0.7222222222222222
timesfm,25.0,2024-08-31_2025-07-31,12,0.20035506653494983,0.02082724764079913,0.20035506653494983,0.02082724764079913,0.1795278188941507,0.3677578641231863,0.6641725611788798,-0.13504170830798579,-0.1720911800730176,0.5833333333333334,0.703905558978331,1.1615225870672363,0.2191884446738268,0.7499999999999999
timesfm,25.0,2024-09-30_2025-08-31,12,0.14359012801297744,0.07082064647411035,0.14359012801297744,0.07082064647411035,0.07276948153886709,0.3659337090652812,0.531076880088918,-0.1350417083079859,-0.1720911800730176,0.5,0.374815037079697,1.177646704513462,0.09674060475383883,0.7777777777777777
timesfm,25.0,2024-10-31_2025-09-30,12,0.12244225017975197,0.07787885846139209,0.12244225017975197,0.07787885846139209,0.04456339171835988,0.3657875221358175,0.4793442721055567,-0.13504170830798579,-0.11858833109117162,0.4166666666666667,0.28594151433273074,1.1761620966160478,0.06806142694692907,0.7222222222222222
timesfm,25.0,2024-11-30_2025-10-31,12,0.15749897070375596,0.1960061542824556,0.15749897070375596,0.1960061542824556,-0.038507183578699644,0.3603141891483562,0.5680250745461728,-0.15053940357110962,-0.11795970406671652,0.4166666666666667,0.029358937232346765,1.1139764655672157,-0.013453939835707862,0.6944444444444443
timesfm,25.0,2024-12-31_2025-11-30,12,0.14808433403865862,0.22133541890163522,0.14808433403865862,0.22133541890163522,-0.0732510848629766,0.3598038193311215,0.5453020697072878,-0.1505394035711095,-0.11795970406671652,0.4166666666666667,-0.07012978944455002,1.1497299992579222,-0.05195830276005686,0.6388888888888887
timesfm,25.0,2025-01-31_2025-12-31,12,0.11055460396736749,0.17166648362633885,0.11055460396736749,0.17166648362633885,-0.06111187965897136,0.36352710091382584,0.4504056567890234,-0.1574692680476404,-0.03669877287899381,0.4166666666666667,-0.0418734344511307,1.135642069577667,-0.03567690541354751,0.6666666666666665
timesfm,25.0,2025-02-28_2026-01-31,12,0.19742495987356068,0.31334945156909844,0.19742495987356068,0.31334945156909844,-0.11592449169553776,0.3448656787843717,0.6777848761336357,-0.18693920017317966,-0.04758367670999886,0.3333333333333333,-0.165577726891739,1.4977219288208516,-0.17411278521887474,0.611111111111111
timesfm,25.0,2025-03-31_2026-02-28,12,0.13295250081592913,0.08257309459079365,0.13295250081592913,0.08257309459079365,0.05037940622513548,0.3527444431709093,0.5104395406176545,-0.23289619727890765,-0.18488813271044613,0.4166666666666667,0.26017811406842756,0.8545886161974193,0.09849232898086835,0.5833333333333334
timesfm,25.0,2025-04-30_2026-03-31,12,-0.10111062695458628,0.028079656548997578,-0.10111062695458628,0.028079656548997578,-0.12919028350358386,0.3017462091099077,-0.21798134890078386,-0.27579448158374176,-0.19546042589812018,0.3333333333333333,-0.4283910451662837,0.7423061138611787,-0.09683649754023294,0.5555555555555556
timesfm,25.0,2025-05-31_2026-04-30,12,-0.2074068070507502,-0.14610708694572017,-0.2074068070507502,-0.14610708694572017,-0.06129972010503004,0.24806857179096334,-0.816264393850392,-0.27579448158374187,-0.29138146686445754,0.3333333333333333,-0.2469864881674264,0.30238276422337323,-0.15108269958238008,0.5277777777777778
timesfm,25.0,2025-06-30_2026-05-31,12,-0.1376651347248381,-0.18541351506394133,-0.1376651347248381,-0.18541351506394133,0.047748380339103225,0.2415043176166115,-0.5004562137842835,-0.275794481583742,-0.34737666250868915,0.4166666666666667,0.18471613670704057,0.22600272389787468,-0.07812019225534905,0.5555555555555556
timesfm,25.0,2025-07-31_2026-06-30,12,-0.21257722437567284,-0.1667764227923394,-0.21257722437567284,-0.1667764227923394,-0.04580080158333344,0.17809292299574864,-1.2431654242693548,-0.17439898579930846,-0.34737666250868904,0.3333333333333333,-0.23974806717731376,0.0707975063799626,-0.19148295907372326,0.638888888888889
kronos,25.0,2016-01-31_2016-12-31,12,1.3615199810706895,0.1471553785298949,1.3615199810706895,0.1471553785298949,1.2143646025407946,0.34651275121286884,2.712323398257847,-0.042164336210094855,-0.05046191183613402,0.6666666666666666,2.32490968969348,0.6331202044708499,1.2730968411898704,0.7777777777777778
kronos,25.0,2016-02-29_2017-01-31,12,0.8885328344990704,0.12910312615333996,0.8885328344990704,0.12910312615333996,0.7594297083457304,0.4126105928575245,1.7588845332707108,-0.1450652919330917,-0.05046191183613391,0.5833333333333334,1.4534980563931081,0.4939307015674736,0.907674950423657,0.7499999999999999
kronos,25.0,2016-03-31_2017-02-28,12,0.5889619774399009,0.1492046756740173,0.5889619774399009,0.1492046756740173,0.43975730176588357,0.3935713234196038,1.3667616727307574,-0.14831319797700182,-0.05046191183613402,0.5,0.9864391308065369,0.2352450195959558,0.6384730384109434,0.6944444444444445
kronos,25.0,2016-04-30_2017-03-31,12,0.6793433379914047,0.17503808646495478,0.6793433379914047,0.17503808646495478,0.5043052515264499,0.38655583640362645,1.5349119117117782,-0.14831319797700182,-0.05046191183613402,0.5833333333333334,1.0792720169165366,0.08890317563941355,0.7594932749480718,0.7222222222222222
kronos,25.0,2016-05-31_2017-04-30,12,0.5963413066739609,0.19627580709932912,0.5963413066739609,0.19627580709932912,0.4000654995746318,0.39850523354958317,1.3669383934950943,-0.18043544548082302,-0.05046191183613402,0.5833333333333334,0.8813225564225843,-0.025704255142105798,0.7113118734206432,0.7222222222222222
kronos,25.0,2016-06-30_2017-05-31,12,0.4565950720910332,0.16211773486732262,0.4565950720910332,0.16211773486732262,0.2944773372237106,0.399322802094628,1.1261017224037329,-0.18800692582521727,-0.05046191183613402,0.5,0.7158890759831382,-0.2648417516887544,0.617385755391674,0.7499999999999999
kronos,25.0,2016-07-31_2017-06-30,12,0.28139923456699023,0.11985678631409691,0.28139923456699023,0.11985678631409691,0.16154244825289332,0.3564511314453043,0.854490268324613,-0.18800692582521739,-0.05046191183613402,0.5,0.48799715248924075,-1.2267048080764518,0.5518941624314575,0.7222222222222222
kronos,25.0,2016-08-31_2017-07-31,12,0.33056608658669107,0.08878533946639733,0.33056608658669107,0.08878533946639733,0.24178074712029374,0.3513589564700801,0.9721203069307759,-0.18800692582521716,-0.05046191183613402,0.5,0.6763768597431494,-1.0395590891692483,0.5301519531738839,0.7222222222222222
kronos,25.0,2016-09-30_2017-08-31,12,0.168268010446728,0.09996258200034913,0.168268010446728,0.09996258200034913,0.06830542844637888,0.3583608221294254,0.5886210326778265,-0.1891560039129333,-0.05046191183613402,0.4166666666666667,0.29722920746096365,-0.9302745300597853,0.34787269425951894,0.6944444444444445
kronos,25.0,2016-10-31_2017-09-30,12,0.1255803478801496,0.1075588143605537,0.1255803478801496,0.1075588143605537,0.0180215335195959,0.35382301141682987,0.48532829264165644,-0.1891560039129334,-0.0004923640702735321,0.4166666666666667,0.17744799993855004,-0.9082878525492962,0.302522740117259,0.6666666666666666
kronos,25.0,2016-11-30_2017-10-31,12,0.14756535816958727,0.1559996199134983,0.14756535816958727,0.1559996199134983,-0.008434261743911042,0.35486611156707437,0.5401607149161665,-0.18915600391293352,-0.008932388259170088,0.4166666666666667,0.12111992152921142,-2.738579944930277,0.7846063861633297,0.6666666666666666
kronos,25.0,2016-12-31_2017-11-30,12,0.1714333324942603,0.19992461049678534,0.1714333324942603,0.19992461049678534,-0.028491278002525044,0.355873030202741,0.5983433040791921,-0.18915600391293363,-0.008932388259169977,0.4166666666666667,0.07290742968051704,-0.7612023522903414,0.41795684272313904,0.6666666666666666
kronos,25.0,2017-01-31_2017-12-31,12,0.23228165095975362,0.24773371905633135,0.23228165095975362,0.24773371905633135,-0.015452068096577731,0.4124381374785232,0.6781754329812762,-0.0752994582819877,-0.008932388259170088,0.4166666666666667,0.13691687438271757,1.8958589615210215,-0.138363531909664,0.6111111111111112
kronos,25.0,2017-02-28_2018-01-31,12,0.5032182671829102,0.22472528642954592,0.5032182671829102,0.22472528642954592,0.27849298075336426,0.3693033741298536,1.2663743855340075,-0.07529945828198747,-0.008932388259170088,0.5,0.7421100898538842,1.688828409258318,0.12499950671256244,0.6111111111111112
kronos,25.0,2017-03-31_2018-02-28,12,0.39739383892554025,0.11150665310004948,0.39739383892554025,0.11150665310004948,0.2858871858254908,0.38451014571765935,1.0339004184404332,-0.07529945828198747,-0.06307407298992962,0.5,0.8232892961887464,1.7131834924982303,0.22769430287204484,0.6666666666666666
kronos,25.0,2017-04-30_2018-03-31,12,0.3120926154488606,0.054403018339003184,0.3120926154488606,0.054403018339003184,0.2576895971098574,0.39023814136266766,0.857673774393447,-0.10474719339795391,-0.09250223900477905,0.4166666666666667,0.7919117326818477,1.7361698797641683,0.2590320470562393,0.6944444444444443
kronos,25.0,2017-05-31_2018-04-30,12,0.5069711577552469,0.042771960341875914,0.5069711577552469,0.042771960341875914,0.464199197413371,0.37856885768709647,1.2508034953563234,-0.10474719339795391,-0.09416874157139277,0.5,1.2729772213415729,1.7539500145503648,0.4676592725373925,0.6944444444444445
kronos,25.0,2017-06-30_2018-05-31,12,0.38365422740400024,-0.005226881237519021,0.38365422740400024,-0.005226881237519021,0.38888110864151926,0.39812280946908,0.9857266338781951,-0.12577160971909362,-0.12207676452647664,0.5,1.1415953835757253,2.015183990344631,0.4686625325678202,0.6944444444444445
kronos,25.0,2017-07-31_2018-06-30,12,0.26643637023353195,0.0163507796990916,0.26643637023353195,0.0163507796990916,0.25008559053444035,0.401233626435419,0.7540164809023974,-0.15083701958973805,-0.12207676452647676,0.4166666666666667,0.7961441711742054,1.8310515331421489,0.2946597666092141,0.6666666666666666
kronos,25.0,2017-08-31_2018-07-31,12,0.17956568412950435,0.02633003466478856,0.17956568412950435,0.02633003466478856,0.1532356494647158,0.41154077152731955,0.5683311834410824,-0.20850017672417787,-0.12207676452647653,0.4166666666666667,0.5495193169085146,1.7356335149667004,0.19262307458532701,0.638888888888889
kronos,25.0,2017-09-30_2018-08-31,12,0.22746352456986418,0.012828519177035869,0.22746352456986418,0.012828519177035869,0.21463500539282832,0.4052460480120128,0.6713759848823398,-0.22555441647599228,-0.12207676452647664,0.4166666666666667,0.7075559233522961,1.7820123656546192,0.26540618144271577,0.6944444444444443
kronos,25.0,2017-10-31_2018-09-30,12,0.23793347313567548,-0.028994428060318933,0.23793347313567548,-0.028994428060318933,0.2669279011959944,0.40561329878193086,0.6925145262592212,-0.22555441647599261,-0.12207676452647676,0.4166666666666667,0.8431041927430566,1.6965364911397502,0.3706811601332469,0.6944444444444443
kronos,25.0,2017-11-30_2018-10-31,12,0.07397023534987768,0.017470333624036494,0.07397023534987768,0.017470333624036494,0.056499901725841184,0.42183570497284956,0.3386827962985163,-0.26979318644792305,-0.12207676452647676,0.3333333333333333,0.30148616544346224,1.254718365897503,0.11782873008584271,0.7222222222222223
kronos,25.0,2017-12-31_2018-11-30,12,0.03861327227941769,-0.025356283802123625,0.03861327227941769,-0.025356283802123625,0.06396955608154131,0.4204769809988563,0.25812057927224114,-0.26979318644792283,-0.12207676452647687,0.3333333333333333,0.329291737040721,1.5221583477376863,0.14864428335374447,0.7222222222222222
kronos,25.0,2018-01-31_2018-12-31,12,-0.008819371899199568,-0.01099995180484914,-0.008819371899199568,-0.01099995180484914,0.002180579905649571,0.36657101341424364,0.12761106724023388,-0.26979318644792294,-0.12095719505337177,0.3333333333333333,0.15733812599863606,1.490471162124832,0.055535677010236206,0.75
kronos,25.0,2018-02-28_2019-01-31,12,-0.06121960585014774,-0.023323412109537922,-0.06121960585014774,-0.023323412109537922,-0.03789619374060982,0.3643100192343792,-0.022937152866678606,-0.240176420625127,-0.06297476655901424,0.3333333333333333,0.027758631107770788,1.4862011669464752,0.017650826484504112,0.7777777777777778
kronos,25.0,2018-03-31_2019-02-28,12,-0.11354890244365812,0.045204178762284775,-0.11354890244365812,0.045204178762284775,-0.1587530812059429,0.3789915709815911,-0.15825424021047302,-0.24017642062512712,-0.032589089243883484,0.3333333333333333,-0.3086774220107884,1.6189255272791374,-0.12991692684476797,0.7777777777777778
kronos,25.0,2018-04-30_2019-03-31,12,-0.13903048244788552,0.07686204312787948,-0.13903048244788552,0.07686204312787948,-0.215892525575765,0.382258321694026,-0.2295988242286282,-0.240176420625127,-0.031039511736595693,0.3333333333333333,-0.46689016802731814,1.8318596251512393,-0.20740293060023673,0.7499999999999999
kronos,25.0,2018-05-31_2019-04-30,12,-0.2581410765523595,0.03769148450195714,-0.2581410765523595,0.03769148450195714,-0.29583256105431666,0.3768324267899099,-0.6270005154146111,-0.24985253612627967,-0.04957195403333192,0.25,-0.8137973964426554,1.8233759553452624,-0.2709206170667008,0.7499999999999999
kronos,25.0,2018-06-30_2019-05-31,12,-0.16431238341010912,0.09645960452265201,-0.16431238341010912,0.09645960452265201,-0.26077198793276113,0.3708256867162511,-0.32688932103881396,-0.24985253612627967,-0.04957195403333203,0.3333333333333333,-0.6406735817676864,1.796996838185176,-0.2577024441815323,0.75
kronos,25.0,2018-07-31_2019-06-30,12,-0.15602140546581666,0.07648721996967378,-0.15602140546581666,0.07648721996967378,-0.23250862543549045,0.37042423577104194,-0.30122830808804274,-0.24985253612627978,-0.04957195403333203,0.3333333333333333,-0.5605784582147455,1.9034378524720188,-0.2307249623868406,0.7777777777777777
kronos,25.0,2018-08-31_2019-07-31,12,-0.17388855521486768,0.051509897202665744,-0.17388855521486768,0.051509897202665744,-0.22539845241753342,0.37433501560801646,-0.35079495279202677,-0.3120107265183968,-0.04957195403333203,0.3333333333333333,-0.5506356349948885,2.0779392029348838,-0.21837689007051997,0.7777777777777777
kronos,25.0,2018-09-30_2019-08-31,12,-0.19127128268613736,0.032217370272061396,-0.19127128268613736,0.032217370272061396,-0.22348865295819875,0.37553548716513296,-0.4044972744635708,-0.3409991445398619,-0.05569706120271434,0.3333333333333333,-0.5576643956711752,1.9919483232511548,-0.20197541890907755,0.7222222222222223
kronos,25.0,2018-10-31_2019-09-30,12,-0.1745480879927218,0.0680196854801034,-0.1745480879927218,0.0680196854801034,-0.2425677734728252,0.37961470895163446,-0.34334050749955547,-0.3409991445398619,-0.05569706120271445,0.3333333333333333,-0.5996023965912518,2.4539129915864955,-0.26321074822092083,0.6944444444444445
kronos,25.0,2018-11-30_2019-10-31,12,-0.1647650456861165,-0.007313909877188718,-0.1647650456861165,-0.007313909877188718,-0.15745113580892778,0.3771384781960848,-0.3171840183495155,-0.35827826614404457,-0.07977064350808971,0.3333333333333333,-0.37320471239961994,3.163810215779787,-0.10342345274945919,0.6666666666666666
kronos,25.0,2018-12-31_2019-11-30,12,-0.03787147136681934,0.01695714726683817,-0.03787147136681934,0.01695714726683817,-0.05482861863365751,0.414627214999634,0.08105502988377626,-0.3582782661440448,-0.07977064350808971,0.4166666666666667,0.0360261419930538,3.3785040689052876,-0.03849871250452408,0.6944444444444443
kronos,25.0,2019-01-31_2019-12-31,12,-0.2637373076755487,-0.0907583313333864,-0.2637373076755487,-0.0907583313333864,-0.1729789763421623,0.27119647911088246,-0.9931524712012549,-0.3503334130564496,-0.08173242622854304,0.4166666666666667,-0.7963241779469251,1.6459523900725879,-0.11445959935513794,0.7222222222222222
kronos,25.0,2019-02-28_2020-01-31,12,-0.3391655033733446,-0.15374678206850467,-0.3391655033733446,-0.15374678206850467,-0.18541872130483994,0.2855386734811127,-1.2976666282701796,-0.2570561159305642,-0.157070533612218,0.3333333333333333,-0.9433084293998095,1.494040562301022,-0.12585080431068152,0.6944444444444445
kronos,25.0,2019-03-31_2020-02-29,12,-0.4458793441371611,-0.2983301643039218,-0.4458793441371611,-0.2983301643039218,-0.14754917983323934,0.3614421171027175,-1.4158368496870577,-0.4098404993329777,-0.2968733323797681,0.3333333333333333,-0.8658430512120887,1.6217025452862834,0.023685696997535866,0.6944444444444443
kronos,25.0,2019-04-30_2020-03-31,12,-0.2818607173709248,-0.26938100433105683,-0.2818607173709248,-0.26938100433105683,-0.012479713039867946,0.44352143901002467,-0.5271910419266836,-0.37736433017453597,-0.2897384073692094,0.4166666666666667,0.19767939115567174,1.9005422935910736,0.3648691492402898,0.6666666666666666
kronos,25.0,2019-05-31_2020-04-30,12,-0.15933447138025392,-0.23441422140073764,-0.15933447138025392,-0.23441422140073764,0.07507975002048373,0.44998446651496765,-0.1689125494986706,-0.37736433017453597,-0.2897384073692094,0.5,0.5903258935921062,1.916963426888594,0.4670452332771422,0.6666666666666666
kronos,25.0,2019-06-30_2020-05-31,12,-0.03255008278164362,-0.22854562482453433,-0.03255008278164362,-0.22854562482453433,0.1959955420428907,0.4866711973222575,0.1613773205179074,-0.36528262767186326,-0.2897384073692095,0.5,1.005957586687503,2.0842441719035167,0.7422769218295491,0.6666666666666666
kronos,25.0,2019-07-31_2020-06-30,12,0.11684852718013139,-0.1941752572672133,0.11684852718013139,-0.1941752572672133,0.3110237844473447,0.5013405610305529,0.458816671135491,-0.35803508539593054,-0.2827760862119635,0.5833333333333334,1.3504243238076707,2.092725606309515,0.8443547940753466,0.6944444444444443
kronos,25.0,2019-08-31_2020-07-31,12,0.290101613188112,-0.1722348942847023,0.290101613188112,-0.1722348942847023,0.4623365074728143,0.48825396991621584,0.7609873468117635,-0.35803508539593054,-0.27948217627529803,0.6666666666666666,1.870757613615441,2.079522894328597,0.9951062652770191,0.7222222222222222
kronos,25.0,2019-09-30_2020-08-31,12,0.2904587849005884,-0.21057570090232802,0.2904587849005884,-0.21057570090232802,0.5010344858029164,0.4882107283235138,0.7615979366129237,-0.35803508539593054,-0.27948217627529803,0.75,2.081659536014843,2.0221691932845713,1.1555772109703644,0.7777777777777777
kronos,25.0,2019-10-31_2020-09-30,12,0.5026938858786245,-0.1766274605970889,0.5026938858786245,-0.1766274605970889,0.6793213464757134,0.5308461887790276,1.0302258661521335,-0.35803508539593054,-0.2794821762752979,0.75,2.2868402360034663,2.115864851434278,1.3727153373903995,0.8333333333333334
kronos,25.0,2019-11-30_2020-10-31,12,0.9242174103676026,-0.06643817837031618,0.9242174103676026,-0.06643817837031618,0.9906555887379188,0.5238513719000337,1.5338312978921338,-0.35803508539593054,-0.2794821762752979,0.8333333333333334,2.9200159513581427,1.9107921985263117,1.320167328202464,0.861111111111111
kronos,25.0,2019-12-31_2020-11-30,12,0.6944672077113723,-0.050871312509224054,0.6944672077113723,-0.050871312509224054,0.7453385202205963,0.5147367741300835,1.2914945138148197,-0.3499267713088453,-0.2358764964179022,0.75,2.2519767843920935,1.7314236741339983,0.9679758708200259,0.861111111111111
kronos,25.0,2020-01-31_2020-12-31,12,0.6029225431738519,-0.013079995771551722,0.6029225431738519,-0.013079995771551722,0.6160025389454036,0.5250722172150043,1.1644644752040316,-0.2667599928430391,-0.16758179221927783,0.6666666666666666,1.847750105830855,1.7893595789433954,0.7569023509314379,0.8055555555555555
kronos,25.0,2020-02-29_2021-01-31,12,0.9862857584992706,0.14471568274700242,0.9862857584992706,0.14471568274700242,0.8415700757522682,0.49458664998091956,1.664958214330318,-0.06582470015528952,-0.07033476780972703,0.75,2.1277209645950643,1.7058813014204335,0.6963170595707697,0.7777777777777778
kronos,25.0,2020-03-31_2021-02-28,12,1.684051496036095,0.3187076559568369,1.684051496036095,0.3187076559568369,1.3653438400792581,0.34997260452221207,3.0889482028097546,-0.06582470015528952,-0.07033476780972703,0.8333333333333334,3.0099343937164527,1.469765649532665,0.8852074380413573,0.7499999999999999
kronos,25.0,2020-04-30_2021-03-31,12,1.3154451562755543,0.2712264885896778,1.3154451562755543,0.2712264885896778,1.0442186676858765,0.32277908348484485,2.8314531802043987,-0.06582470015528952,-0.07033476780972714,0.8333333333333334,2.8418467991296836,1.40193900208796,0.7224696167821918,0.7777777777777777
kronos,25.0,2020-05-31_2021-04-30,12,1.0703215522899132,0.2511461011810818,1.0703215522899132,0.2511461011810818,0.8191754511088314,0.340107673285452,2.350158866321049,-0.06582470015528952,-0.07033476780972703,0.75,2.3023427242194843,1.4847685522086107,0.5467020764710453,0.7777777777777777
kronos,25.0,2020-06-30_2021-05-31,12,0.6442324463310694,0.22018559574957508,0.6442324463310694,0.22018559574957508,0.4240468505814943,0.33898647678524807,1.6419535761945416,-0.09325758891022351,-0.07033476780972703,0.6666666666666666,1.4161588358451767,1.4815167224481376,0.2683035559233924,0.8055555555555555
kronos,25.0,2020-07-31_2021-06-30,12,0.3161247968641332,0.1787337447456181,0.3161247968641332,0.1787337447456181,0.1373910521185151,0.3514879009729857,0.940626231545232,-0.17806555100086074,-0.07033476780972703,0.5833333333333334,0.5671774978857355,1.4315578135309852,0.07848623317448822,0.7777777777777777
kronos,25.0,2020-08-31_2021-07-31,12,0.32580421717226926,0.17406019021811336,0.32580421717226926,0.17406019021811336,0.1517440269541559,0.35220630648469853,0.9607141488050019,-0.17806555100086086,-0.0471551797914731,0.5833333333333334,0.6078158280680561,1.4272048408996345,0.09389250132039262,0.7222222222222223
kronos,25.0,2020-09-30_2021-08-31,12,0.2863681565352425,0.29094300690606567,0.2863681565352425,0.29094300690606567,-0.004574850370823169,0.35946954891716015,0.8620201340320003,-0.18880261418498767,-0.0471551797914731,0.5,0.14964328369137786,1.6999147008922937,-0.13416090324190644,0.6944444444444443
kronos,25.0,2020-10-31_2021-09-30,12,0.0680004448241407,0.285307502281577,0.0680004448241407,0.285307502281577,-0.21730705745743628,0.27453190442154646,0.3622456656632396,-0.18880261418498756,-0.04715517979147299,0.4166666666666667,-0.7734858444395534,1.3402547160918419,-0.22452046449634322,0.6944444444444443
kronos,25.0,2020-11-30_2021-10-31,12,-0.1268658058138762,0.164192612882329,-0.1268658058138762,0.164192612882329,-0.2910584186962052,0.21210549309927113,-0.5388037328706128,-0.20051001181469097,-0.04715517979147299,0.3333333333333333,-1.4699096751572125,0.9061727580331186,-0.22971882459320758,0.6666666666666666
kronos,25.0,2020-12-31_2021-11-30,12,-0.1395613431080045,0.10075285366229347,-0.1395613431080045,0.10075285366229347,-0.24031419677029797,0.21012219015037784,-0.6146862963443019,-0.20051001181469108,-0.04715517979147321,0.4166666666666667,-1.2369789280204366,0.997008352358429,-0.20691785977490573,0.638888888888889
kronos,25.0,2021-01-31_2021-12-31,12,-0.007293825445338631,0.1311417024200292,-0.007293825445338631,0.1311417024200292,-0.13843552786536784,0.21799414510101123,0.06625480518344123,-0.20051001181469108,-0.04715517979147299,0.5,-0.5583858210894695,0.8599733764432667,-0.09140455175877649,0.6666666666666666
kronos,25.0,2021-02-28_2022-01-31,12,0.024813217385812658,0.1035559333431273,0.024813217385812658,0.1035559333431273,-0.07874271595731464,0.23735165724120014,0.21055504654506377,-0.2005100118146912,-0.008710521467504728,0.5,-0.2301026881622259,0.9336849207228917,-0.04419692965021049,0.6944444444444445
kronos,25.0,2021-03-31_2022-02-28,12,0.03168998356102248,0.1814244316261513,0.03168998356102248,0.1814244316261513,-0.1497344480651288,0.23703681341043936,0.23888382096989233,-0.2005100118146912,-0.008710521467504728,0.4166666666666667,-0.5062553516036007,1.3917600684608868,-0.16527187956785971,0.6944444444444445
kronos,25.0,2021-04-30_2022-03-31,12,-0.06647943156679503,0.2056999327796627,-0.06647943156679503,0.2056999327796627,-0.27217936434645773,0.2373847672242841,-0.1822482565887041,-0.1742012966925951,-0.008710521467504728,0.3333333333333333,-1.0527858171588043,1.534616506542841,-0.2880516142340137,0.6944444444444445
kronos,25.0,2021-05-31_2022-04-30,12,-0.006572498149116868,0.20202014645819677,-0.006572498149116868,0.20202014645819677,-0.20859264460731364,0.23744825045686865,0.07945186488687318,-0.11828323192202439,-0.011058901373715124,0.4166666666666667,-0.7323184058978298,0.9960724492427184,-0.15519232688858953,0.7222222222222222
kronos,25.0,2021-06-30_2022-05-31,12,-0.06410931725359048,0.1547230806668567,-0.06410931725359048,0.1547230806668567,-0.21883239792044717,0.25887444620138816,-0.1366634531610858,-0.1387236169857895,-0.04389760737316839,0.4166666666666667,-0.7814242803424025,1.5188787811524531,-0.23064906893481218,0.6944444444444445
kronos,25.0,2021-07-31_2022-06-30,12,0.12207883307803091,0.14515293481688385,0.12207883307803091,0.14515293481688385,-0.023074101738852937,0.2527773923561363,0.5734547000073623,-0.1387236169857895,-0.04389760737316839,0.5,0.02576708901320887,1.456139706392278,-0.05604496195390285,0.6944444444444445
kronos,25.0,2021-08-31_2022-07-31,12,0.0787722494383547,0.16719366722844042,0.0787722494383547,0.16719366722844042,-0.08842141779008572,0.24727379195216495,0.42051474928816923,-0.13872361698578972,-0.04389760737316839,0.4166666666666667,-0.24495714175176628,1.3834855536834199,-0.10947787797878772,0.7222222222222222
kronos,25.0,2021-09-30_2022-08-31,12,0.152115384303398,0.11990803732841937,0.152115384303398,0.11990803732841937,0.03220734697497862,0.23289539281280436,0.7178571788663483,-0.13872361698578972,-0.04389760737316817,0.5,0.2486221468016217,1.4276094401429877,-6.147176758275474e-05,0.7222222222222222
kronos,25.0,2021-10-31_2022-09-30,12,0.15714917483575475,0.07700156092153554,0.15714917483575475,0.07700156092153554,0.0801476139142192,0.23325880936012758,0.7360155734329208,-0.1387236169857894,-0.04389760737316828,0.5833333333333334,0.47225630863669144,1.7606160149770038,0.03674702057814194,0.6944444444444445
kronos,25.0,2021-11-30_2022-10-31,12,0.17911750182896258,0.0837751064100245,0.17911750182896258,0.0837751064100245,0.09534239541893808,0.22911406169600998,0.8286842254362063,-0.1387236169857895,-0.04389760737316839,0.5833333333333334,0.5381580243776519,1.7097339963336367,0.04863266358845797,0.6944444444444445
kronos,25.0,2021-12-31_2022-11-30,12,0.017771494745912886,0.04089310124175727,0.017771494745912886,0.04089310124175727,-0.023121606495844382,0.27168902485791113,0.19103560664555347,-0.16737052949637343,-0.052330809109684795,0.5,0.037960871499500844,2.1528579005080637,-0.04067482694929281,0.6944444444444445
kronos,25.0,2022-01-31_2022-12-31,12,-0.03802880217021076,0.03139589518781816,-0.03802880217021076,0.03139589518781816,-0.06942469735802892,0.2604549532999891,-0.02759754146173877,-0.16737052949637343,-0.0538908420070876,0.5,-0.19385713554941505,2.087556007388458,-0.07575594561859,0.6944444444444445
kronos,25.0,2022-02-28_2023-01-31,12,-0.2322557320159505,-0.006523085673795559,-0.2322557320159505,-0.006523085673795559,-0.22573264634215495,0.23011345701237915,-1.0263546135689814,-0.23030827325244363,-0.053890842007087936,0.4166666666666667,-1.1496767225476479,1.6076132479796896,-0.2070096003157772,0.6944444444444445
kronos,25.0,2022-03-31_2023-02-28,12,-0.20941096228514466,-0.03763942955797195,-0.20941096228514466,-0.03763942955797195,-0.17177153272717272,0.23440094451897286,-0.8809588794792803,-0.2169435739643597,-0.05860315994470999,0.5,-0.8187160424807376,1.756926032542943,-0.13394118897291396,0.7222222222222222
kronos,25.0,2022-04-30_2023-03-31,12,-0.21413940066266635,-0.0433257664262765,-0.21413940066266635,-0.0433257664262765,-0.17081363423638984,0.23533872962185517,-0.9015880673243908,-0.2405846572770467,-0.052003665957635614,0.5,-0.8174187678818484,1.8987537679973923,-0.1243225805955015,0.7222222222222222
kronos,25.0,2022-05-31_2023-04-30,12,-0.28545082140793476,-0.07213752035282106,-0.28545082140793476,-0.07213752035282106,-0.2133133010551137,0.23311711119350328,-1.311222881266304,-0.28859469943819327,-0.07596598010903766,0.4166666666666667,-1.1745437583626832,1.7905045934021027,-0.16311825375694078,0.6666666666666666
kronos,25.0,2022-06-30_2023-05-31,12,-0.08151926960480571,-0.0361282154897381,-0.08151926960480571,-0.0361282154897381,-0.04539105411506761,0.2590440907819486,-0.20788252272108595,-0.28859469943819327,-0.07596598010903755,0.5,-0.08252223472561598,1.722772041469891,0.005558816501234576,0.6666666666666666
kronos,25.0,2022-07-31_2023-06-30,12,-0.16106763214667852,-0.0028433046031512976,-0.16106763214667852,-0.0028433046031512976,-0.15822432754352722,0.2391970562193663,-0.6186422671326152,-0.28859469943819305,-0.07596598010903743,0.4166666666666667,-0.6732694175958209,1.1467971937162396,-0.13859594308925505,0.6666666666666666
kronos,25.0,2022-08-31_2023-07-31,12,-0.09711219242045421,-0.031389184091800915,-0.09711219242045421,-0.031389184091800915,-0.0657230083286533,0.2624351515796552,-0.26737015155421306,-0.28859469943819316,-0.0655917893195096,0.5,-0.16669644301707331,1.2967107966849816,-0.0316900406019045,0.6666666666666666
kronos,25.0,2022-09-30_2023-08-31,12,-0.0023628686646909314,-0.014331580574544756,-0.0023628686646909314,-0.014331580574544756,0.011968711909853824,0.2818290808949775,0.120714919586207,-0.2885946994381934,-0.06559178931950937,0.5,0.17340386427578203,1.3549866874456262,0.05151025885607896,0.638888888888889
kronos,25.0,2022-10-31_2023-09-30,12,-0.14530598270951822,-0.04883569016310929,-0.14530598270951822,-0.04883569016310929,-0.09647029254640893,0.3023391259417673,-0.3773249023624041,-0.2709840659729966,-0.06327241269436523,0.4166666666666667,-0.23903078376551576,1.6736713531861862,-0.034308664641079845,0.638888888888889
kronos,25.0,2022-11-30_2023-10-31,12,-0.0012562401338842566,-8.074453772832779e-05,-0.0012562401338842566,-8.074453772832779e-05,-0.0011754955961559288,0.3364546225005214,0.1497619588885445,-0.177666718228653,-0.04084242285001627,0.5,0.15810427460700682,2.050790971990271,0.043440184479863087,0.611111111111111
kronos,25.0,2022-12-31_2023-11-30,12,0.12277584077255721,0.06162621592425688,0.12277584077255721,0.06162621592425688,0.06114962484830033,0.3054482716729637,0.5187910225315506,-0.17766671822865288,-0.04084242285001627,0.5,0.3389191634755009,1.4503432186784169,0.06842376125418426,0.6388888888888888
kronos,25.0,2023-01-31_2023-12-31,12,0.014185537233770473,0.05389394652891433,0.014185537233770473,0.05389394652891433,-0.039708409295143854,0.31910349313794484,0.18784036972599133,-0.11551582065871513,-0.04084242285001627,0.4166666666666667,0.012780390180929059,1.5991776709767618,-0.029570158583807737,0.638888888888889
kronos,25.0,2023-02-28_2024-01-31,12,0.08101644312015566,0.06910062416905749,0.08101644312015566,0.06910062416905749,0.011915818951098167,0.30396057672888827,0.3934288270550852,-0.131457242848944,-0.04084242285001627,0.4166666666666667,0.17633838627622933,1.4614241274711195,0.016436915469763003,0.6666666666666666
kronos,25.0,2023-03-31_2024-02-29,12,0.012450096326656723,0.07105311702696282,0.012450096326656723,0.07105311702696282,-0.0586030207003061,0.30691009869574776,0.1773715310707897,-0.16446143721027617,-0.04084242285001627,0.3333333333333333,-0.06491527531665867,1.560408496926222,-0.057112197957703725,0.611111111111111
kronos,25.0,2023-04-30_2024-03-31,12,0.0634110234983658,0.04605177038880415,0.0634110234983658,0.04605177038880415,0.017359253109561656,0.30032231367971807,0.33950673294898,-0.17139725016973328,-0.028914327222309355,0.3333333333333333,0.19913084254606633,1.6736426516345388,0.02054522001750292,0.611111111111111
kronos,25.0,2023-05-31_2024-04-30,12,0.19924185514529835,0.05087612226469651,0.19924185514529835,0.05087612226469651,0.14836573288060184,0.29289622033056034,0.756641965160036,-0.17139725016973328,-0.04720745865673304,0.4166666666666667,0.6034139193588894,1.0177680985218969,0.18096356162523786,0.638888888888889
kronos,25.0,2023-06-30_2024-05-31,12,-0.10174794190183245,0.06029804021364593,-0.10174794190183245,0.06029804021364593,-0.16204598211547838,0.3081685971019126,-0.20455106033268322,-0.25637645999783354,-0.04720745865673304,0.3333333333333333,-0.4175192545510572,0.8263287731349809,-0.10860997335102207,0.611111111111111
kronos,25.0,2023-07-31_2024-06-30,12,-0.06615644318629532,0.046802268590376395,-0.06615644318629532,0.046802268590376395,-0.11295871177667172,0.31038268480725795,-0.0763678846510509,-0.25637645999783354,-0.04720745865673304,0.4166666666666667,-0.2442929280047725,1.077826812373251,-0.0738344216726009,0.6111111111111112
kronos,25.0,2023-08-31_2024-07-31,12,-0.18153070902123392,0.10318514893952901,-0.18153070902123392,0.10318514893952901,-0.28471585796076293,0.29156575076058866,-0.5467651911323312,-0.26114728076203764,-0.04720745865673315,0.3333333333333333,-0.913699421403962,0.6315688752232278,-0.2027452386563804,0.5833333333333334
kronos,25.0,2023-09-30_2024-08-31,12,-0.23621799703580748,0.08473288946892565,-0.23621799703580748,0.08473288946892565,-0.32095088650473313,0.26970805598753284,-0.8628486725200274,-0.26114728076203764,-0.04720745865673315,0.3333333333333333,-1.1992534079350834,0.5963632640731761,-0.24993257976295769,0.611111111111111
kronos,25.0,2023-10-31_2024-09-30,12,-0.12456515536761703,0.12170948346779942,-0.12456515536761703,0.12170948346779942,-0.24627463883541645,0.25029572484638624,-0.4125762837542751,-0.26114728076203775,-0.047207458656732815,0.4166666666666667,-0.8588519995471627,0.242629517489856,-0.124519302699301,0.638888888888889
kronos,25.0,2023-11-30_2024-10-31,12,-0.2973319045436087,0.004734660022875703,-0.2973319045436087,0.004734660022875703,-0.3020665645664844,0.2004326986762416,-1.6379868969810345,-0.2817707681508901,-0.07254414974326939,0.3333333333333333,-1.4725559146778195,-0.04201370103616815,-0.28283177527544334,0.6666666666666666
kronos,25.0,2023-12-31_2024-11-30,12,-0.3310284624484655,-0.026522408525777696,-0.3310284624484655,-0.026522408525777696,-0.3045060539226878,0.20443007667336688,-1.8354554317392962,-0.27298677507321734,-0.07702368625268241,0.3333333333333333,-1.5247847400165406,-0.049257782876779656,-0.3177270377212794,0.6666666666666666
kronos,25.0,2024-01-31_2024-12-31,12,-0.2436195372341794,-0.013699490369203038,-0.2436195372341794,-0.013699490369203038,-0.22992004686497636,0.20858274814731434,-1.2224986233048432,-0.25233839450490414,-0.07702368625268208,0.4166666666666667,-1.0450508489499268,-0.054283905822336505,-0.22758146725759631,0.6666666666666666
kronos,25.0,2024-02-29_2025-01-31,12,-0.30046021472718365,-0.14290566323586873,-0.30046021472718365,-0.14290566323586873,-0.15755455149131492,0.2257649868462117,-1.4506031595230833,-0.3059130117473432,-0.18252959118595857,0.5,-0.7902439719116423,0.41089017171162356,-0.23838101689597535,0.638888888888889
kronos,25.0,2024-03-31_2025-02-28,12,-0.19840385499684365,-0.10676537761977256,-0.19840385499684365,-0.10676537761977256,-0.09163847737707109,0.2595922043548317,-0.7209325225072781,-0.3059130117473432,-0.1825295911859588,0.5833333333333334,-0.35417934376156857,0.6232409501686554,-0.11805610119281407,0.6944444444444445
kronos,25.0,2024-04-30_2025-03-31,12,-0.15314469442953227,-0.06461005552580057,-0.15314469442953227,-0.06461005552580057,-0.0885346389037317,0.2672348165173344,-0.4907887751529748,-0.3059130117473432,-0.18252959118595868,0.6666666666666666,-0.31653090110487553,0.6798712296570408,-0.09113082791506522,0.7222222222222222
kronos,25.0,2024-05-31_2025-04-30,12,-0.13285579573876394,0.02942056800377868,-0.13285579573876394,0.02942056800377868,-0.16227636374254262,0.27527281668761094,-0.3845124355430662,-0.20858680920002504,-0.18252959118595857,0.6666666666666666,-0.6652818092826757,0.9003219523394865,-0.1360972528141854,0.75
kronos,25.0,2024-06-30_2025-05-31,12,0.1052499104057878,-0.019239253194651806,0.1052499104057878,-0.019239253194651806,0.1244891636004396,0.2409988174195983,0.5286957345837664,-0.20858680920002515,-0.18252959118595835,0.75,0.6838371269349566,0.8246095106184482,0.13879665024284615,0.75
kronos,25.0,2024-07-31_2025-06-30,12,0.08413484882146216,0.03150250800801424,0.08413484882146216,0.03150250800801424,0.05263234081344792,0.23989350396459885,0.4489457397162511,-0.20858680920002515,-0.1825295911859589,0.6666666666666666,0.28154154577275026,0.685815841797484,0.07652558169094359,0.75
kronos,25.0,2024-08-31_2025-07-31,12,0.13182083558250923,0.02082724764079913,0.13182083558250923,0.02082724764079913,0.1109935879417101,0.2346757085653464,0.6393788279235411,-0.20858680920002504,-0.1720911800730176,0.6666666666666666,0.6020338697051089,0.7746026874186478,0.12729502751768607,0.7777777777777777
kronos,25.0,2024-09-30_2025-08-31,12,0.11507106005937517,0.07082064647411035,0.11507106005937517,0.07082064647411035,0.044250413585264825,0.23437441693848834,0.5755604268384853,-0.20858680920002515,-0.1720911800730176,0.5833333333333334,0.2637912698226593,0.7799942804002312,0.06970994186843749,0.7777777777777777
kronos,25.0,2024-10-31_2025-09-30,12,0.27160258674765414,0.07787885846139209,0.27160258674765414,0.07787885846139209,0.19372372828626205,0.2763990909123403,1.0035430882583052,-0.13532403453855568,-0.11858833109117162,0.5833333333333334,0.7951002782898927,0.8008670657667933,0.22292947204732627,0.75
kronos,25.0,2024-11-30_2025-10-31,12,0.35878489096280575,0.1960061542824556,0.35878489096280575,0.1960061542824556,0.16277873668035014,0.25606456715418807,1.3282989323451964,-0.10770012426118591,-0.11795970406671652,0.5833333333333334,0.5944795007846473,0.6021027124973092,0.24627455725140268,0.75
kronos,25.0,2024-12-31_2025-11-30,12,0.6713474380105515,0.22133541890163522,0.6713474380105515,0.22133541890163522,0.4500120191089163,0.25722468745526395,2.1552566000236366,-0.10770012426118591,-0.11795970406671652,0.6666666666666666,1.331102351736553,0.5295372840785276,0.539784070816349,0.6944444444444445
kronos,25.0,2025-01-31_2025-12-31,12,0.5413518499019572,0.17166648362633885,0.5413518499019572,0.17166648362633885,0.3696853662756183,0.27154649499502653,1.7435852442108455,-0.04052637816300142,-0.03669877287899381,0.5833333333333334,1.1648902973873432,0.6221069965476924,0.43116787035757387,0.7222222222222223
kronos,25.0,2025-02-28_2026-01-31,12,0.8431769303999397,0.31334945156909844,0.8431769303999397,0.31334945156909844,0.5298274788308412,0.21947227696915286,2.9534172634416516,-0.04052637816300142,-0.04758367670999886,0.5833333333333334,1.4050985697520588,-0.12181747510572742,0.9424118355847035,0.75
kronos,25.0,2025-03-31_2026-02-28,12,0.5345719441660219,0.08257309459079365,0.5345719441660219,0.08257309459079365,0.4519988495752283,0.2505403626452582,1.850504467544203,-0.08221971519764348,-0.18488813271044613,0.5833333333333334,1.3984922239453341,0.4453255193736898,0.5095263859535921,0.7499999999999999
kronos,25.0,2025-04-30_2026-03-31,12,0.6392188626459996,0.028079656548997578,0.6392188626459996,0.028079656548997578,0.611139206097002,0.26322338057646705,2.032764692537711,-0.08221971519764348,-0.19546042589812018,0.5833333333333334,1.756616012320469,0.41023833260202563,0.6563419369429795,0.7222222222222222
kronos,25.0,2025-05-31_2026-04-30,12,0.22605171303375649,-0.14610708694572017,0.22605171303375649,-0.14610708694572017,0.37215879997947665,0.3486020148793037,0.7527657831905812,-0.1909091164130644,-0.29138146686445754,0.5,1.3176896447505602,0.8059734968927834,0.4376027349351965,0.7222222222222223
kronos,25.0,2025-06-30_2026-05-31,12,0.21577503105078755,-0.18541351506394133,0.21577503105078755,-0.18541351506394133,0.4011885461147289,0.34698698530073263,0.7301139557752522,-0.1909091164130644,-0.34737666250868915,0.5,1.377352448855045,0.7045296586790565,0.45003551184486335,0.7222222222222222
kronos,25.0,2025-07-31_2026-06-30,12,0.39207962777508953,-0.1667764227923394,0.39207962777508953,-0.1667764227923394,0.5588560505674289,0.3729953652256058,1.0727671146983753,-0.1909091164130644,-0.34737666250868904,0.5833333333333334,1.8978054545999623,0.9378544823744633,0.6992975230556651,0.75
foundation_ensemble,25.0,2016-01-31_2016-12-31,12,1.2967575460509693,0.1471553785298949,1.2967575460509693,0.1471553785298949,1.1496021675210744,0.4776491416594881,1.997151269618681,-0.12573059373403506,-0.05046191183613402,0.6666666666666666,1.8438472262485235,2.4592473671045365,0.8035422642766838,0.7222222222222223
foundation_ensemble,25.0,2016-02-29_2017-01-31,12,0.6277106288377272,0.12910312615333996,0.6277106288377272,0.12910312615333996,0.49860750268438725,0.4292644122143592,1.3354593953510807,-0.12573059373403506,-0.05046191183613391,0.5833333333333334,1.1070530385304236,1.769651576546943,0.41279049853287364,0.7222222222222222
foundation_ensemble,25.0,2016-03-31_2017-02-28,12,0.3441493001643592,0.1492046756740173,0.3441493001643592,0.1492046756740173,0.1949446244903419,0.3860314586203535,0.9339097759131809,-0.12573059373403506,-0.05046191183613402,0.5,0.5965186236507891,1.4790550821403228,0.158082884430216,0.7222222222222222
foundation_ensemble,25.0,2016-04-30_2017-03-31,12,0.210342027995007,0.17503808646495478,0.210342027995007,0.17503808646495478,0.03530394153005223,0.3618457319297294,0.6786203594534322,-0.12573059373403506,-0.05046191183613402,0.5,0.23954675504928352,1.7553969129425189,-0.04549191922689966,0.7222222222222222
foundation_ensemble,25.0,2016-05-31_2017-04-30,12,0.39149680895592853,0.19627580709932912,0.39149680895592853,0.19627580709932912,0.1952210018565994,0.3457098063695828,1.108327389695851,-0.12573059373403506,-0.05046191183613402,0.5833333333333334,0.619389427599093,1.5187491521071361,0.10832270426770885,0.6944444444444445
foundation_ensemble,25.0,2016-06-30_2017-05-31,12,0.2769614770232993,0.16211773486732262,0.2769614770232993,0.16211773486732262,0.1148437421559767,0.34606203813879804,0.8524451682015883,-0.12573059373403506,-0.05046191183613402,0.5,0.4330346616766554,1.5313643162843844,0.060130025271930565,0.6944444444444443
foundation_ensemble,25.0,2016-07-31_2017-06-30,12,0.0054681130497868935,0.11985678631409691,0.0054681130497868935,0.11985678631409691,-0.11438867326431001,0.15562726083893572,0.10662637391697935,-0.07498905615182139,-0.05046191183613402,0.5,-0.5993824500609283,0.2068443639565142,-0.007499033659629228,0.6388888888888888
foundation_ensemble,25.0,2016-08-31_2017-07-31,12,0.15112248289362995,0.08878533946639733,0.15112248289362995,0.08878533946639733,0.06233714342723262,0.1617593761784262,0.9490008711832231,-0.07386987179122961,-0.05046191183613402,0.5833333333333334,0.4014359671293827,0.454873042754986,0.11959691513034998,0.6666666666666666
foundation_ensemble,25.0,2016-09-30_2017-08-31,12,0.2312720560097592,0.09996258200034913,0.2312720560097592,0.09996258200034913,0.13130947400941007,0.1606246575474959,1.3801184385182244,-0.07386987179122961,-0.05046191183613402,0.6666666666666666,0.7489663274865767,0.37166204326459445,0.20174816586301336,0.6666666666666666
foundation_ensemble,25.0,2016-10-31_2017-09-30,12,0.37453939439557704,0.1075588143605537,0.37453939439557704,0.1075588143605537,0.26698058003502334,0.16436880812666702,2.036473214531697,-0.07386987179122961,-0.0004923640702735321,0.75,1.3975037444443947,0.5028293384861371,0.32127395805662773,0.6944444444444443
foundation_ensemble,25.0,2016-11-30_2017-10-31,12,0.42618498362896884,0.1559996199134983,0.42618498362896884,0.1559996199134983,0.27018536371547053,0.15468569946529467,2.4001468283984493,-0.07386987179122961,-0.008932388259170088,0.75,1.3675005290535174,-0.3155646824757674,0.5075074976659135,0.6944444444444443
foundation_ensemble,25.0,2016-12-31_2017-11-30,12,0.35712394375267187,0.19992461049678534,0.35712394375267187,0.19992461049678534,0.15719933325588653,0.1514090799532912,2.111969803073405,-0.07386987179122961,-0.008932388259169977,0.6666666666666666,0.7490030032875787,-0.446016849934057,0.485904578932969,0.75
foundation_ensemble,25.0,2017-01-31_2017-12-31,12,0.7760737055556415,0.24773371905633135,0.7760737055556415,0.24773371905633135,0.5283399864993101,0.3672595851829702,1.744441473087696,-0.017090530481884803,-0.008932388259170088,0.6666666666666666,1.1571203127636402,1.1215908876135914,0.4644827830720655,0.7222222222222222
foundation_ensemble,25.0,2017-02-28_2018-01-31,12,1.037920261742892,0.22472528642954592,1.037920261742892,0.22472528642954592,0.8131949753133461,0.34001734242928766,2.2857722965819023,-0.017090530481884914,-0.008932388259170088,0.75,1.718851893285429,1.0091651958946004,0.7426629750585481,0.6944444444444445
foundation_ensemble,25.0,2017-03-31_2018-02-28,12,0.9774114937365415,0.11150665310004948,0.9774114937365415,0.11150665310004948,0.865904840636492,0.34667883180093506,2.1554800007233608,-0.021472392476805546,-0.06307407298992962,0.8333333333333334,1.9720636910384886,1.2286170765499749,0.8139633153632029,0.6944444444444445
foundation_ensemble,25.0,2017-04-30_2018-03-31,12,0.9991019888507342,0.054403018339003184,0.9991019888507342,0.054403018339003184,0.944698970511731,0.34606239272423817,2.192280763711373,-0.021472392476805546,-0.09250223900477905,0.8333333333333334,2.1772353731663805,1.1569986983024803,0.9571023253716113,0.6666666666666666
foundation_ensemble,25.0,2017-05-31_2018-04-30,12,1.0378039185913353,0.042771960341875914,1.0378039185913353,0.042771960341875914,0.9950319582494593,0.3462640227158015,2.250099508499334,-0.021472392476805546,-0.09416874157139277,0.8333333333333334,2.2726267580139847,1.1511182253769943,1.0202425818326648,0.7222222222222222
foundation_ensemble,25.0,2017-06-30_2018-05-31,12,1.0175687391551818,-0.005226881237519021,1.0175687391551818,-0.005226881237519021,1.0227956203927007,0.34891345973129245,2.2050405273882676,-0.026850718546957864,-0.12207676452647664,0.9166666666666666,2.462682490767888,1.403335817134286,1.1053653877511174,0.75
foundation_ensemble,25.0,2017-07-31_2018-06-30,12,1.108643758087167,0.0163507796990916,1.108643758087167,0.0163507796990916,1.0922929783880755,0.34720423282137264,2.3499471454154945,-0.026850718546957864,-0.12207676452647676,0.9166666666666666,2.558985422321919,1.37031449641377,1.1388355106653751,0.7777777777777777
foundation_ensemble,25.0,2017-08-31_2018-07-31,12,1.094043920878092,0.02633003466478856,1.094043920878092,0.02633003466478856,1.0677138862133035,0.3469538149317045,2.330049660417362,-0.026850718546957864,-0.12207676452647653,0.9166666666666666,2.5050139917434078,1.3608981025655722,1.097659945014461,0.7777777777777777
foundation_ensemble,25.0,2017-09-30_2018-08-31,12,1.0140395185295557,0.012828519177035869,1.0140395185295557,0.012828519177035869,1.0012109993525198,0.35175748567603843,2.1844833109788353,-0.026850718546957864,-0.12207676452647664,0.9166666666666666,2.3925349036284227,1.4005804622728322,1.053210819766365,0.7777777777777778
foundation_ensemble,25.0,2017-10-31_2018-09-30,12,0.7803020472026911,-0.028994428060318933,0.7803020472026911,-0.028994428060318933,0.8092964752630101,0.3659485514400731,1.7557963565545074,-0.04123426287981158,-0.12207676452647676,0.8333333333333334,2.0603873509634707,1.519334690138835,0.932241791005527,0.7777777777777778
foundation_ensemble,25.0,2017-11-30_2018-10-31,12,0.5140822800334228,0.017470333624036494,0.5140822800334228,0.017470333624036494,0.49661194640938633,0.4139649387463576,1.1876845376745175,-0.1773245537659004,-0.12207676452647676,0.75,1.1680492148486064,0.8587085072727093,0.5864227524720491,0.8055555555555555
foundation_ensemble,25.0,2017-12-31_2018-11-30,12,0.3766890905199942,-0.025356283802123625,0.3766890905199942,-0.025356283802123625,0.40204537432211784,0.430824885506576,0.9280566333735399,-0.24302220147060405,-0.12207676452647687,0.75,1.013750237257841,1.0961466894752079,0.5140601706405947,0.7777777777777776
foundation_ensemble,25.0,2018-01-31_2018-12-31,12,0.03649315040481649,-0.01099995180484914,0.03649315040481649,-0.01099995180484914,0.04749310220966563,0.24236545326283843,0.2626879655387817,-0.24302220147060394,-0.12095719505337177,0.6666666666666666,0.24906630714715275,-0.14828892999797702,0.0647783252046017,0.7777777777777777
foundation_ensemble,25.0,2018-02-28_2019-01-31,12,-0.03411862009303768,-0.023323412109537922,-0.03411862009303768,-0.023323412109537922,-0.010795207983499755,0.23435284602195236,-0.037245391026241435,-0.24302220147060405,-0.06297476655901424,0.6666666666666666,0.03235476418748417,-0.1321611683572798,-0.010973119724197344,0.75
foundation_ensemble,25.0,2018-03-31_2019-02-28,12,-0.03015722138893262,0.045204178762284775,-0.03015722138893262,0.045204178762284775,-0.0753614001512174,0.23399939092806213,-0.020150899996489825,-0.24564272252719033,-0.032589089243883484,0.5833333333333334,-0.20030460467522881,-0.35950160246061813,0.012765258325610818,0.7777777777777778
foundation_ensemble,25.0,2018-04-30_2019-03-31,12,-0.11184518103589258,0.07686204312787948,-0.11184518103589258,0.07686204312787948,-0.18870722416377206,0.22937147405519748,-0.40660471428399925,-0.27374761925352786,-0.031039511736595693,0.5,-0.6876496567573313,-0.10221767731465885,-0.0820572391925819,0.7777777777777777
foundation_ensemble,25.0,2018-05-31_2019-04-30,12,-0.18946889329600913,0.03769148450195714,-0.18946889329600913,0.03769148450195714,-0.22716037779796627,0.20969724731144362,-0.8938119724563479,-0.28590045275764653,-0.04957195403333192,0.5,-0.9905054190704657,0.011830933433543626,-0.17255053101111173,0.7499999999999999
foundation_ensemble,25.0,2018-06-30_2019-05-31,12,-0.11703087490326036,0.09645960452265201,-0.11703087490326036,0.09645960452265201,-0.21349047942591237,0.22227393688195302,-0.45195822668603824,-0.28590045275764653,-0.04957195403333203,0.5,-0.8313465607956115,0.11269464478379679,-0.10580789584845729,0.7222222222222222
foundation_ensemble,25.0,2018-07-31_2019-06-30,12,-0.18536343068406058,0.07648721996967378,-0.18536343068406058,0.07648721996967378,-0.26185065065373436,0.20178246520929974,-0.9111501154793326,-0.28590045275764653,-0.04957195403333203,0.4166666666666667,-1.1662860970903368,-0.07876804348332982,-0.16394760277055054,0.6944444444444445
foundation_ensemble,25.0,2018-08-31_2019-07-31,12,-0.22906152435791138,0.051509897202665744,-0.22906152435791138,0.051509897202665744,-0.28057142156057713,0.18092506164170435,-1.3347807467721058,-0.2859004527576463,-0.04957195403333203,0.4166666666666667,-1.389003857111992,-0.24433273296424368,-0.20583132982339236,0.6388888888888888
foundation_ensemble,25.0,2018-09-30_2019-08-31,12,-0.20473177095623585,0.032217370272061396,-0.20473177095623585,0.032217370272061396,-0.23694914122829724,0.1887927673804334,-1.1107837496246478,-0.25518870815380845,-0.05569706120271434,0.4166666666666667,-1.0767677239090025,-0.388193295394488,-0.17911124089544306,0.6944444444444443
foundation_ensemble,25.0,2018-10-31_2019-09-30,12,-0.15047531725878993,0.0680196854801034,-0.15047531725878993,0.0680196854801034,-0.21849500273889333,0.19112978630185537,-0.7549687462892549,-0.13197901978084547,-0.05569706120271445,0.5,-0.927451397408936,-0.5009224036571907,-0.104020911524911,0.6666666666666666
foundation_ensemble,25.0,2018-11-30_2019-10-31,12,-0.1312068321360298,-0.007313909877188718,-0.1312068321360298,-0.007313909877188718,-0.12389292225884108,0.177179836745637,-0.7045666793651374,-0.12248120879916635,-0.07977064350808971,0.5,-0.7128594023347047,0.6411051678253072,-0.11595537943059708,0.6666666666666666
foundation_ensemble,25.0,2018-12-31_2019-11-30,12,-0.013390717889260384,0.01695714726683817,-0.013390717889260384,0.01695714726683817,-0.030347865156098552,0.16749204377483554,-0.0003319910196363163,-0.12248120879916635,-0.07977064350808971,0.5,-0.1576134449770414,0.9453962229635112,-0.020237619258213213,0.6666666666666666
foundation_ensemble,25.0,2019-01-31_2019-12-31,12,-0.06964996816628499,-0.0907583313333864,-0.06964996816628499,-0.0907583313333864,0.021108363167101407,0.16846170028807858,-0.347015284579981,-0.12248120879916635,-0.08173242622854304,0.5833333333333334,0.2343270577157118,1.0039908536665805,0.03253435876017319,0.6666666666666666
foundation_ensemble,25.0,2019-02-28_2020-01-31,12,-0.08546409992612447,-0.15374678206850467,-0.08546409992612447,-0.15374678206850467,0.0682826821423802,0.16982624234560037,-0.44334440598401126,-0.1379375864230763,-0.157070533612218,0.5833333333333334,0.5726712278350357,0.7481127879573523,0.04414064099995341,0.6666666666666666
foundation_ensemble,25.0,2019-03-31_2020-02-29,12,-0.19888856516084508,-0.2983301643039218,-0.19888856516084508,-0.2983301643039218,0.09944159914307671,0.21601910053384793,-0.9126518572077846,-0.25803826515172557,-0.2968733323797681,0.6666666666666666,0.9279288256785072,0.8389593407692834,0.08269120975062538,0.6666666666666666
foundation_ensemble,25.0,2019-04-30_2020-03-31,12,-0.07501532589735749,-0.26938100433105683,-0.07501532589735749,-0.26938100433105683,0.19436567843369934,0.24911952192318657,-0.19382019643141046,-0.25803826515172557,-0.2897384073692094,0.75,1.6509939381038334,0.9795281647191779,0.261592040137931,0.6944444444444443
foundation_ensemble,25.0,2019-05-31_2020-04-30,12,-0.005754949781754504,-0.23441422140073764,-0.005754949781754504,-0.23441422140073764,0.22865927161898314,0.2558113049579396,0.09905723023601513,-0.2580382651517258,-0.2897384073692094,0.75,1.8048559484307787,1.0010031639238026,0.30399030892803425,0.6944444444444443
foundation_ensemble,25.0,2019-06-30_2020-05-31,12,0.08489930099878884,-0.22854562482453433,0.08489930099878884,-0.22854562482453433,0.3134449258233232,0.2949857464103086,0.41358161315643927,-0.2580382651517257,-0.2897384073692095,0.75,1.9765738078206851,1.1168027551591309,0.4599004061168461,0.7222222222222222
foundation_ensemble,25.0,2019-07-31_2020-06-30,12,0.13699349838170272,-0.1941752572672133,0.13699349838170272,-0.1941752572672133,0.331168755648916,0.29603023461381817,0.5733884854957245,-0.25803826515172557,-0.2827760862119635,0.75,2.0007721023411555,1.0697356080634657,0.44411119682828426,0.7777777777777777
foundation_ensemble,25.0,2019-08-31_2020-07-31,12,0.16773781474001748,-0.1722348942847023,0.16773781474001748,-0.1722348942847023,0.33997270902471977,0.29758522448279634,0.6627952091806723,-0.2580382651517257,-0.27948217627529803,0.75,2.003857642832145,1.0665768459951002,0.4415069077174478,0.8055555555555555
foundation_ensemble,25.0,2019-09-30_2020-08-31,12,0.03762978691771823,-0.21057570090232802,0.03762978691771823,-0.21057570090232802,0.24820548782004626,0.31024366818905597,0.26259982551732985,-0.2580382651517258,-0.27948217627529803,0.6666666666666666,1.6182885603699673,1.1079848043942788,0.3611644075586866,0.7777777777777777
foundation_ensemble,25.0,2019-10-31_2020-09-30,12,0.10205680465098754,-0.1766274605970889,0.10205680465098754,-0.1766274605970889,0.27868426524807643,0.3204800720447923,0.45263856101395733,-0.19082645425794642,-0.2794821762752979,0.6666666666666666,1.7313254597520387,1.117361719573921,0.38393440344130814,0.8055555555555555
foundation_ensemble,25.0,2019-11-30_2020-10-31,12,0.46541605177649714,-0.06643817837031618,0.46541605177649714,-0.06643817837031618,0.5318542301468133,0.31854234188170183,1.3636756570847859,-0.19082645425794642,-0.2794821762752979,0.75,3.5013027253292996,1.1136975856175573,0.5921720380537092,0.7777777777777777
foundation_ensemble,25.0,2019-12-31_2020-11-30,12,0.4673787326549692,-0.050871312509224054,0.4673787326549692,-0.050871312509224054,0.5182500451641933,0.3185872154793028,1.367876404913425,-0.1621760862013918,-0.2358764964179022,0.75,3.229762888825713,1.081939836583693,0.5638541470758034,0.8055555555555555
foundation_ensemble,25.0,2020-01-31_2020-12-31,12,0.4428411354967199,-0.013079995771551722,0.4428411354967199,-0.013079995771551722,0.4559211312682716,0.32286724800428007,1.2997221200380527,-0.1393178461758009,-0.16758179221927783,0.6666666666666666,2.5630517751052717,1.0950813693084618,0.48006919655501257,0.8055555555555555
foundation_ensemble,25.0,2020-02-29_2021-01-31,12,0.5425382508662988,0.14471568274700242,0.5425382508662988,0.14471568274700242,0.3978225681192964,0.3158131990450464,1.541735318439243,-0.07673292744465321,-0.07033476780972703,0.5833333333333334,1.956912707677801,1.089036672834382,0.35292313816635423,0.8333333333333331
foundation_ensemble,25.0,2020-03-31_2021-02-28,12,0.5815618846512791,0.3187076559568369,0.5815618846512791,0.3187076559568369,0.2628542286944422,0.30276392319971457,1.6801016922787637,-0.12786112437498753,-0.07033476780972703,0.5,1.1159393555394677,1.4751740345969617,0.0799177968479221,0.8055555555555554
foundation_ensemble,25.0,2020-04-30_2021-03-31,12,0.44308223035468886,0.2712264885896778,0.44308223035468886,0.2712264885896778,0.17185574176501106,0.29400672513591414,1.3990939348924063,-0.12786112437498753,-0.07033476780972714,0.5,0.8474905425718375,1.4380199590026197,0.04538885373509749,0.8055555555555555
foundation_ensemble,25.0,2020-05-31_2021-04-30,12,0.2718436748448023,0.2511461011810818,0.2718436748448023,0.2511461011810818,0.020697573663720492,0.30980789978271955,0.9229286956922337,-0.1760224670331204,-0.07033476780972703,0.4166666666666667,0.24172063386169246,1.5217267366771785,-0.07533607953689858,0.7777777777777778
foundation_ensemble,25.0,2020-06-30_2021-05-31,12,0.0484909625796186,0.22018559574957508,0.0484909625796186,0.22018559574957508,-0.17169463316995648,0.2798579077226217,0.29580855179164256,-0.21422606966676438,-0.07033476780972703,0.3333333333333333,-0.8815355804047176,1.4816112587303414,-0.21029322553662122,0.7222222222222223
foundation_ensemble,25.0,2020-07-31_2021-06-30,12,0.14823189058013853,0.1787337447456181,0.14823189058013853,0.1787337447456181,-0.03050185416547957,0.3093956677276135,0.587930918469968,-0.2142260696667646,-0.07033476780972703,0.4166666666666667,0.019234505959389536,1.4948183739369973,-0.08100618777665158,0.6388888888888888
foundation_ensemble,25.0,2020-08-31_2021-07-31,12,0.05391489303987118,0.17406019021811336,0.05391489303987118,0.17406019021811336,-0.12014529717824218,0.3124220440196237,0.3076385456577269,-0.21422606966676438,-0.0471551797914731,0.3333333333333333,-0.3754234201723407,1.4947497239059366,-0.15215584815214767,0.6666666666666666
foundation_ensemble,25.0,2020-09-30_2021-08-31,12,0.3149294747254634,0.29094300690606567,0.3149294747254634,0.29094300690606567,0.023986467819397728,0.32804712095236366,0.9900137347863399,-0.2142260696667645,-0.0471551797914731,0.4166666666666667,0.23476866741522082,1.719726998233655,-0.1256925538309942,0.6666666666666666
foundation_ensemble,25.0,2020-10-31_2021-09-30,12,0.24568657482455025,0.285307502281577,0.24568657482455025,0.285307502281577,-0.03962092745702672,0.321417842854913,0.8322199381599764,-0.21422606966676438,-0.04715517979147299,0.3333333333333333,0.022550875487630864,1.6406011047855547,-0.15069010466976807,0.6666666666666666
foundation_ensemble,25.0,2020-11-30_2021-10-31,12,0.03999371965444043,0.164192612882329,0.03999371965444043,0.164192612882329,-0.12419889322788857,0.28224963676047693,0.265070412276852,-0.21422606966676427,-0.04715517979147299,0.25,-0.3585674865119846,1.4620164329536651,-0.14648329776213698,0.6666666666666666
foundation_ensemble,25.0,2020-12-31_2021-11-30,12,-0.04675090760296263,0.10075285366229347,-0.04675090760296263,0.10075285366229347,-0.1475037612652561,0.28222066325896505,-0.044136734482089365,-0.20493064154161955,-0.04715517979147321,0.25,-0.4763433437832421,1.6987310060405862,-0.1689082001106701,0.6666666666666666
foundation_ensemble,25.0,2021-01-31_2021-12-31,12,0.0479679924577856,0.1311417024200292,0.0479679924577856,0.1311417024200292,-0.0831737099622436,0.28000181470931185,0.29251716890033314,-0.20493064154161955,-0.04715517979147299,0.3333333333333333,-0.19084913296562037,1.6736431494121398,-0.12430833060153268,0.6944444444444443
foundation_ensemble,25.0,2021-02-28_2022-01-31,12,0.13311424787306914,0.1035559333431273,0.13311424787306914,0.1035559333431273,0.029558314529941843,0.30298669724679883,0.5494017861430581,-0.11170955491598411,-0.008710521467504728,0.4166666666666667,0.2530275448934694,2.590548903099993,-0.09314984820947292,0.6944444444444445
foundation_ensemble,25.0,2021-03-31_2022-02-28,12,0.300759084509145,0.1814244316261513,0.300759084509145,0.1814244316261513,0.11933465288299372,0.26723021305725214,1.1114807889448346,-0.11170955491598422,-0.008710521467504728,0.4166666666666667,0.5297699166113164,2.3600396236306174,-0.09830548401799688,0.7222222222222222
foundation_ensemble,25.0,2021-04-30_2022-03-31,12,0.2608731820789336,0.2056999327796627,0.2608731820789336,0.2056999327796627,0.05517324929927092,0.27035164215060964,0.9836074042839641,-0.06572293346721059,-0.008710521467504728,0.3333333333333333,0.30857975524430076,2.321442308735957,-0.1619420393608224,0.6944444444444445
foundation_ensemble,25.0,2021-05-31_2022-04-30,12,0.30705645090130296,0.20202014645819677,0.30705645090130296,0.20202014645819677,0.10503630444310619,0.259814828084499,1.1548150309512961,-0.06572293346721048,-0.011058901373715124,0.3333333333333333,0.47592464819000635,2.0261157942279473,-0.0761843596712819,0.7222222222222222
foundation_ensemble,25.0,2021-06-30_2022-05-31,12,0.37826033745359844,0.1547230806668567,0.37826033745359844,0.1547230806668567,0.22353725678674174,0.24922533554458326,1.4123315012091318,-0.06572293346721048,-0.04389760737316839,0.4166666666666667,0.8942413591380606,1.3146096970731413,0.17010520846194832,0.75
foundation_ensemble,25.0,2021-07-31_2022-06-30,12,0.3845713421995822,0.14515293481688385,0.3845713421995822,0.14515293481688385,0.23941840738269837,0.25182210316546944,1.4185161350347557,-0.06572293346721048,-0.04389760737316839,0.4166666666666667,0.9238223928148194,1.1318708772492516,0.2191664320793898,0.8333333333333334
foundation_ensemble,25.0,2021-08-31_2022-07-31,12,0.46071764855940733,0.16719366722844042,0.46071764855940733,0.16719366722844042,0.2935239813309669,0.24085603765094926,1.7019922309769526,-0.06572293346721048,-0.04389760737316839,0.4166666666666667,1.1066915333873346,0.993469891736646,0.283753836890144,0.7777777777777778
foundation_ensemble,25.0,2021-09-30_2022-08-31,12,0.22562983342662224,0.11990803732841937,0.22562983342662224,0.11990803732841937,0.10572179609820287,0.2115352678036386,1.0614983346401201,-0.06572293346721048,-0.04389760737316817,0.3333333333333333,0.549785808421585,0.9449601162751379,0.119972244397347,0.8055555555555555
foundation_ensemble,25.0,2021-10-31_2022-09-30,12,0.18945376765720834,0.07700156092153554,0.18945376765720834,0.07700156092153554,0.1124522067356728,0.21187463263689119,0.9162406363709178,-0.05064814853743582,-0.04389760737316828,0.3333333333333333,0.6034894249948854,1.1402113443697612,0.11168984672717275,0.7777777777777777
foundation_ensemble,25.0,2021-11-30_2022-10-31,12,0.14583277860857002,0.0837751064100245,0.14583277860857002,0.0837751064100245,0.06205767219854552,0.2223543689427616,0.7123864574357592,-0.09289554221119023,-0.04389760737316839,0.3333333333333333,0.36729264505173614,1.1898617391509956,0.06102657776980136,0.7777777777777777
foundation_ensemble,25.0,2021-12-31_2022-11-30,12,0.1041726747613736,0.04089310124175727,0.1041726747613736,0.04089310124175727,0.06327957351961633,0.23404505693806296,0.5278182089286511,-0.1616730626302949,-0.052330809109684795,0.3333333333333333,0.3943334867937247,1.457016807471131,0.06204943553913633,0.7777777777777778
foundation_ensemble,25.0,2022-01-31_2022-12-31,12,0.13010284873065991,0.03139589518781816,0.13010284873065991,0.03139589518781816,0.09870695354284176,0.23912759716530152,0.61912841948299,-0.16167306263029502,-0.0538908420070876,0.3333333333333333,0.5388761531421191,1.3906483554741544,0.10529530758415562,0.75
foundation_ensemble,25.0,2022-02-28_2023-01-31,12,-0.024514763310716448,-0.006523085673795559,-0.024514763310716448,-0.006523085673795559,-0.01799167763692089,0.2072514017756678,-0.028489070024234973,-0.16167306263029502,-0.053890842007087936,0.25,-0.009594980941452362,0.8951109476697796,-0.0023044770096002365,0.7777777777777778
foundation_ensemble,25.0,2022-03-31_2023-02-28,12,-0.0653796514298709,-0.03763942955797195,-0.0653796514298709,-0.03763942955797195,-0.02774022187189895,0.20857459627677263,-0.23177085362098857,-0.1616730626302949,-0.05860315994470999,0.25,-0.06160390049496731,0.9834396732536057,-0.012693074699216433,0.7499999999999999
foundation_ensemble,25.0,2022-04-30_2023-03-31,12,-0.1074729528161521,-0.0433257664262765,-0.1074729528161521,-0.0433257664262765,-0.0641471863898756,0.21610236981495543,-0.4286009542013936,-0.207123685393097,-0.052003665957635614,0.25,-0.24125591588443154,0.8504144925660643,-0.05527115325084919,0.7222222222222223
foundation_ensemble,25.0,2022-05-31_2023-04-30,12,-0.12079601629163539,-0.07213752035282106,-0.12079601629163539,-0.07213752035282106,-0.04865849593881433,0.21851130436042196,-0.48983954833586296,-0.2458297655171101,-0.07596598010903766,0.25,-0.16848067598738592,0.8930346622501777,-0.041912409552124164,0.75
foundation_ensemble,25.0,2022-06-30_2023-05-31,12,-0.04632115617487509,-0.0361282154897381,-0.04632115617487509,-0.0361282154897381,-0.010192940685136986,0.2402055163385503,-0.0909852966035264,-0.2458297655171101,-0.07596598010903755,0.25,0.05652445066090613,1.2997767303102115,0.023199898554159937,0.7499999999999999
foundation_ensemble,25.0,2022-07-31_2023-06-30,12,-0.1884850868143606,-0.0028433046031512976,-0.1884850868143606,-0.0028433046031512976,-0.1856417822112093,0.17797791530804247,-1.0829004411806387,-0.24582976551711022,-0.07596598010903743,0.16666666666666666,-1.1227668282463825,0.6577350251338261,-0.17672605197716473,0.75
foundation_ensemble,25.0,2022-08-31_2023-07-31,12,-0.08010559313896015,-0.031389184091800915,-0.08010559313896015,-0.031389184091800915,-0.04871640904715924,0.24083091530914164,-0.2394360847916957,-0.21977280450323944,-0.0655917893195096,0.25,-0.12117338462752171,0.7942208962410372,-0.03384772479167175,0.75
foundation_ensemble,25.0,2022-09-30_2023-08-31,12,-0.09297136947418749,-0.014331580574544756,-0.09297136947418749,-0.014331580574544756,-0.07863978889964274,0.2429559136258324,-0.2929819667588886,-0.21977280450323933,-0.06559178931950937,0.25,-0.24882308390723146,0.7437335769717449,-0.06048388611863098,0.7222222222222222
foundation_ensemble,25.0,2022-10-31_2023-09-30,12,-0.14928678212882718,-0.04883569016310929,-0.14928678212882718,-0.04883569016310929,-0.10045109196571789,0.24913800990251136,-0.5349401828150182,-0.1685960442513068,-0.06327241269436523,0.25,-0.35869230076886766,0.9074736442748463,-0.08667378150374105,0.75
foundation_ensemble,25.0,2022-11-30_2023-10-31,12,0.00920975744525987,-8.074453772832779e-05,0.00920975744525987,-8.074453772832779e-05,0.009290501982988197,0.2709145743309632,0.15343582551866464,-0.1580851785253904,-0.04084242285001627,0.3333333333333333,0.15589596943968012,1.3644515832571866,0.03699834647364875,0.7777777777777777
foundation_ensemble,25.0,2022-12-31_2023-11-30,12,0.06504958193319288,0.06162621592425688,0.06504958193319288,0.06162621592425688,0.003423366008936002,0.25915996114412826,0.35770593392314953,-0.15808517852539017,-0.04084242285001627,0.3333333333333333,0.11958342452711843,0.9836570167052716,0.030663712167433577,0.7777777777777777
foundation_ensemble,25.0,2023-01-31_2023-12-31,12,-0.13186484877722804,0.05389394652891433,-0.13186484877722804,0.05389394652891433,-0.18575879530614237,0.2828126370878124,-0.3707590947313178,-0.1546226733426398,-0.04084242285001627,0.25,-0.6189999402304693,1.2718315586313689,-0.16278745936107508,0.7777777777777777
foundation_ensemble,25.0,2023-02-28_2024-01-31,12,-0.0940305244956513,0.06910062416905749,-0.0940305244956513,0.06910062416905749,-0.1631311486647088,0.28272197558750184,-0.22115279918651537,-0.15462267334264013,-0.04084242285001627,0.25,-0.5125179319136075,1.2726487407030576,-0.14224267088541231,0.7499999999999999
foundation_ensemble,25.0,2023-03-31_2024-02-29,12,-0.05317213008698585,0.07105311702696282,-0.05317213008698585,0.07105311702696282,-0.12422524711394867,0.2820203987230907,-0.06649358081309929,-0.1546226733426399,-0.04084242285001627,0.3333333333333333,-0.34954481201933746,1.2148702200897001,-0.1017319109064736,0.7222222222222223
foundation_ensemble,25.0,2023-04-30_2024-03-31,12,7.651998068358701e-05,0.04605177038880415,7.651998068358701e-05,0.04605177038880415,-0.04597525040812056,0.2747074296687514,0.12395021849010454,-0.15462267334264013,-0.028914327222309355,0.3333333333333333,-0.0589163818060591,1.3186789260098015,-0.029833161109061312,0.75
foundation_ensemble,25.0,2023-05-31_2024-04-30,12,0.08589419101689266,0.05087612226469651,0.08589419101689266,0.05087612226469651,0.03501806875219615,0.27005075828360703,0.4283346030058237,-0.15462267334264013,-0.04720745865673304,0.4166666666666667,0.24112116627729352,0.8791829644373691,0.07113265837403393,0.6944444444444443
foundation_ensemble,25.0,2023-06-30_2024-05-31,12,-0.05146341806637378,0.06029804021364593,-0.05146341806637378,0.06029804021364593,-0.11176145828001971,0.259888967097232,-0.08581277889726725,-0.1546226733426399,-0.04720745865673304,0.3333333333333333,-0.33738983061790373,0.8144749138675474,-0.0705620618557864,0.6944444444444443
foundation_ensemble,25.0,2023-07-31_2024-06-30,12,0.016791313727751334,0.046802268590376395,0.016791313727751334,0.046802268590376395,-0.03001095486262506,0.2626576771807998,0.1823184330798505,-0.1546226733426398,-0.04720745865673304,0.4166666666666667,-0.004350568159421538,1.222027310285896,-0.011859981276423737,0.6944444444444443
foundation_ensemble,25.0,2023-08-31_2024-07-31,12,-0.09981357555906312,0.10318514893952901,-0.09981357555906312,0.10318514893952901,-0.20299872449859213,0.21311237855191886,-0.39220565402841495,-0.15052650642330423,-0.04720745865673315,0.3333333333333333,-0.9900612572262183,1.0135469881110553,-0.17258076199358774,0.7222222222222222
foundation_ensemble,25.0,2023-09-30_2024-08-31,12,0.024580787822544137,0.08473288946892565,0.024580787822544137,0.08473288946892565,-0.06015210164638152,0.22641060049984083,0.21249404313683007,-0.15052650642330412,-0.04720745865673315,0.4166666666666667,-0.1742840053144039,0.6595933482646273,-0.008765464206776818,0.75
foundation_ensemble,25.0,2023-10-31_2024-09-30,12,0.1517014981822704,0.12170948346779942,0.1517014981822704,0.12170948346779942,0.029992014714470994,0.21917878576294916,0.7504689099195996,-0.15052650642330434,-0.047207458656732815,0.5,0.20320446960754626,0.43936911363798425,0.11793695446405805,0.75
foundation_ensemble,25.0,2023-11-30_2024-10-31,12,-0.04737476314544453,0.004734660022875703,-0.04737476314544453,0.004734660022875703,-0.052109423168320235,0.20799342829619732,-0.1343761139573676,-0.1290257278948841,-0.07254414974326939,0.4166666666666667,-0.17935397741071413,0.42587231402769826,-0.03177526624022964,0.7222222222222222
foundation_ensemble,25.0,2023-12-31_2024-11-30,12,0.007719093638796526,-0.026522408525777696,0.007719093638796526,-0.026522408525777696,0.03424150216457422,0.20902514021653473,0.13614003432025848,-0.07914890597424062,-0.07702368625268241,0.5,0.24147539065608603,0.5125175220350028,0.04038960400193847,0.7222222222222222
foundation_ensemble,25.0,2024-01-31_2024-12-31,12,0.01646548371603207,-0.013699490369203038,0.01646548371603207,-0.013699490369203038,0.030164974085235108,0.20391531395894094,0.1766234084630567,-0.16533962989023487,-0.07702368625268208,0.5,0.21143299370046809,0.3446897991932125,0.03975810689166148,0.7222222222222222
foundation_ensemble,25.0,2024-02-29_2025-01-31,12,-0.09056595079261409,-0.14290566323586873,-0.09056595079261409,-0.14290566323586873,0.05233971244325464,0.22471532048616716,-0.3146971756356711,-0.2430444351920673,-0.18252959118595857,0.5833333333333334,0.333712802905574,0.6078362497224485,0.015567224992637962,0.6944444444444445
foundation_ensemble,25.0,2024-03-31_2025-02-28,12,-0.11308684195074004,-0.10676537761977256,-0.11308684195074004,-0.10676537761977256,-0.0063214643309674745,0.2236480847075069,-0.42851379638721493,-0.2511954308225913,-0.1825295911859588,0.5,0.017915400062692547,0.5370171891161364,-0.041452315976301723,0.7222222222222222
foundation_ensemble,25.0,2024-04-30_2025-03-31,12,-0.0475696268400807,-0.06461005552580057,-0.0475696268400807,-0.06461005552580057,0.017040428685719866,0.23523368555247406,-0.09598299708327929,-0.2511954308225913,-0.18252959118595868,0.5833333333333334,0.1375151333571153,0.6156509449383478,0.010049962808565294,0.7222222222222222
foundation_ensemble,25.0,2024-05-31_2025-04-30,12,0.012358253263332841,0.02942056800377868,0.012358253263332841,0.02942056800377868,-0.01706231474044584,0.2539211891844591,0.16700726043872413,-0.25119543082259144,-0.18252959118595857,0.5833333333333334,-0.0072274461341966375,0.8096906664464216,0.006849417684361203,0.7777777777777777
foundation_ensemble,25.0,2024-06-30_2025-05-31,12,0.07634421787431456,-0.019239253194651806,0.07634421787431456,-0.019239253194651806,0.09558347106896636,0.24786193180905536,0.414052241591795,-0.2511954308225913,-0.18252959118595835,0.6666666666666666,0.516934411108092,0.7900920179024132,0.11103431824691423,0.7777777777777777
foundation_ensemble,25.0,2024-07-31_2025-06-30,12,0.00993556116212102,0.03150250800801424,0.00993556116212102,0.03150250800801424,-0.02156694684589322,0.24572672607638632,0.15511337276211465,-0.2511954308225913,-0.1825295911859589,0.5833333333333334,-0.04768325166540529,0.5837200740712863,0.009444600154378646,0.75
foundation_ensemble,25.0,2024-08-31_2025-07-31,12,-0.0482416280093616,0.02082724764079913,-0.0482416280093616,0.02082724764079913,-0.06906887565016073,0.24959472510982916,-0.08153528406638944,-0.25119543082259166,-0.1720911800730176,0.5833333333333334,-0.2383170329694154,0.5245668742195007,-0.03967315665946891,0.7777777777777777
foundation_ensemble,25.0,2024-09-30_2025-08-31,12,-0.11765088859370654,0.07082064647411035,-0.11765088859370654,0.07082064647411035,-0.1884715350678169,0.2316072228980126,-0.4294163698989398,-0.25119543082259155,-0.1720911800730176,0.5,-0.8605006247256454,0.5938257575605288,-0.14072138213693752,0.7777777777777778
foundation_ensemble,25.0,2024-10-31_2025-09-30,12,-0.138000166660604,0.07787885846139209,-0.138000166660604,0.07787885846139209,-0.21587902512199608,0.22563188585827798,-0.5485577457817098,-0.2118349603339459,-0.11858833109117162,0.5,-1.0419396832623562,0.6019085417559267,-0.16562512544738195,0.7499999999999999
foundation_ensemble,25.0,2024-11-30_2025-10-31,12,-0.11987735720490811,0.1960061542824556,-0.11987735720490811,0.1960061542824556,-0.3158835114873637,0.21994766120773776,-0.4747129895259694,-0.2118349603339459,-0.11795970406671652,0.5,-1.3387249549453986,0.4704103963952459,-0.17978050957428082,0.7777777777777777
foundation_ensemble,25.0,2024-12-31_2025-11-30,12,-0.03721964617690676,0.22133541890163522,-0.03721964617690676,0.22133541890163522,-0.258555065078542,0.25750919270674927,-0.029190609755543218,-0.10286315728763507,-0.11795970406671652,0.5,-0.8721061971966297,0.5009445482237727,-0.1102063722740575,0.7499999999999999
foundation_ensemble,25.0,2025-01-31_2025-12-31,12,0.05323695043268062,0.17166648362633885,0.05323695043268062,0.17166648362633885,-0.11842953319365823,0.22663184884238455,0.33104123251882633,-0.08610204979507396,-0.03669877287899381,0.5,-0.4403902356100727,0.4810095582981144,-0.00964770561649897,0.75
foundation_ensemble,25.0,2025-02-28_2026-01-31,12,0.16992360099692183,0.31334945156909844,0.16992360099692183,0.31334945156909844,-0.1434258505721766,0.1991933744291167,0.8810481109046209,-0.08610204979507385,-0.04758367670999886,0.5,-0.469169319077164,0.09723139474035296,0.158468205307978,0.7777777777777777
foundation_ensemble,25.0,2025-03-31_2026-02-28,12,0.09760223813532476,0.08257309459079365,0.09760223813532476,0.08257309459079365,0.01502914354453111,0.21634575351040858,0.5285402299431521,-0.10146513883224206,-0.18488813271044613,0.5833333333333334,0.05900021969880065,0.38883121999194664,0.0779892905941224,0.7777777777777777
foundation_ensemble,25.0,2025-04-30_2026-03-31,12,0.08939011530968721,0.028079656548997578,0.08939011530968721,0.028079656548997578,0.061310458760689635,0.21425542813594156,0.49650812185514664,-0.10146513883224195,-0.19546042589812018,0.5833333333333334,0.2368430106574677,0.32485412935339214,0.09465405325720377,0.8055555555555555
foundation_ensemble,25.0,2025-05-31_2026-04-30,12,-0.1614382005451117,-0.14610708694572017,-0.1614382005451117,-0.14610708694572017,-0.015331113599391544,0.24648276755678433,-0.5938864138053915,-0.1974423381861855,-0.29138146686445754,0.5,-0.05970913868057775,0.4988118158739236,-0.07779400530729508,0.7777777777777777
foundation_ensemble,25.0,2025-06-30_2026-05-31,12,-0.15821672702383582,-0.18541351506394133,-0.15821672702383582,-0.18541351506394133,0.027196788040105502,0.24694730557089792,-0.577010178060057,-0.1974423381861855,-0.34737666250868915,0.5,0.1285062326434313,0.43492306229853017,-0.06395044986986831,0.8055555555555555
foundation_ensemble,25.0,2025-07-31_2026-06-30,12,0.04851212788184012,-0.1667764227923394,0.04851212788184012,-0.1667764227923394,0.2152885506741795,0.33961795018414587,0.2898867020719767,-0.19744233818618562,-0.34737666250868904,0.5833333333333334,0.965377161083894,0.8873750782096586,0.2592880097981547,0.8333333333333334
foundation_ensemble_volmanaged,25.0,2016-01-31_2016-12-31,12,1.2566011399235344,0.1471553785298949,1.2566011399235344,0.1471553785298949,1.1094457613936395,0.47882015195877403,1.9535528991913687,-0.12573059373403506,-0.05046191183613402,0.6666666666666666,1.7950111901721197,2.4399683924566853,0.7766032255246325,0.721856561888793
foundation_ensemble_volmanaged,25.0,2016-02-29_2017-01-31,12,0.6042969147001269,0.12910312615333996,0.6042969147001269,0.12910312615333996,0.47519378854678695,0.4281914760028514,1.3023372986261808,-0.12573059373403506,-0.05046191183613391,0.5833333333333334,1.0702939065900696,1.748553066587397,0.3951019243440641,0.7185606405756947
foundation_ensemble_volmanaged,25.0,2016-03-31_2017-02-28,12,0.32477116030038067,0.1492046756740173,0.32477116030038067,0.1492046756740173,0.17556648462636337,0.3840543261896196,0.8979722608383116,-0.12573059373403506,-0.05046191183613402,0.5,0.556012646564429,1.4620680886818662,0.1430676251732952,0.719659281013394
foundation_ensemble_volmanaged,25.0,2016-04-30_2017-03-31,12,0.1902253269526446,0.17503808646495478,0.1902253269526446,0.17503808646495478,0.015187240487689824,0.3591419422696945,0.633682628099258,-0.12573059373403506,-0.05046191183613402,0.5,0.18662054396946046,1.7397016965065735,-0.06010926787411097,0.719659281013394
foundation_ensemble_volmanaged,25.0,2016-05-31_2017-04-30,12,0.36300847309045703,0.19627580709932912,0.36300847309045703,0.19627580709932912,0.1667326659911279,0.3432097710333753,1.051965948678057,-0.12573059373403506,-0.05046191183613402,0.5833333333333334,0.554743906121645,1.5089992219342898,0.08620100352494653,0.6913057607080152
foundation_ensemble_volmanaged,25.0,2016-06-30_2017-05-31,12,0.2507417569017507,0.16211773486732262,0.2507417569017507,0.16211773486732262,0.0886240220344281,0.34305588939089476,0.7952765732345562,-0.12573059373403506,-0.05046191183613402,0.5,0.36787573644252075,1.5114324731671755,0.040157733591890565,0.6933039360924845
foundation_ensemble_volmanaged,25.0,2016-07-31_2017-06-30,12,-0.015177061444248574,0.11985678631409691,-0.015177061444248574,0.11985678631409691,-0.13503384775834548,0.1450027429194086,-0.03848637307435246,-0.07498905615182139,-0.05046191183613402,0.5,-0.7715823723833043,0.1720304030620444,-0.025340902780714103,0.6377483805369288
foundation_ensemble_volmanaged,25.0,2016-08-31_2017-07-31,12,0.12748660203882856,0.08878533946639733,0.12748660203882856,0.08878533946639733,0.03870126257243123,0.15337554124511807,0.8562981273448197,-0.0709482403732391,-0.05046191183613402,0.5833333333333334,0.2767502181498472,0.4058650448684003,0.0999435587897286,0.6655261583147066
foundation_ensemble_volmanaged,25.0,2016-09-30_2017-08-31,12,0.20599047212258048,0.09996258200034913,0.20599047212258048,0.09996258200034913,0.10602789012223135,0.15307870741295712,1.3032932846570353,-0.0709482403732391,-0.05046191183613402,0.6666666666666666,0.6366881981495661,0.32512779627636035,0.18107661799853592,0.6655261583147066
foundation_ensemble_volmanaged,25.0,2016-10-31_2017-09-30,12,0.3463161168217641,0.1075588143605537,0.3463161168217641,0.1075588143605537,0.2387573024612104,0.15844781635770033,1.972624691666058,-0.0709482403732391,-0.0004923640702735321,0.75,1.2974934411743504,0.45959926634900766,0.298695128246264,0.6933039360924843
foundation_ensemble_volmanaged,25.0,2016-11-30_2017-10-31,12,0.3969012724245584,0.1559996199134983,0.3969012724245584,0.1559996199134983,0.2409016525110601,0.1488743555831197,2.344888677678459,-0.0709482403732391,-0.008932388259170088,0.75,1.2671391354048804,-0.39831094302741565,0.49295076174950414,0.6933039360924843
foundation_ensemble_volmanaged,25.0,2016-12-31_2017-11-30,12,0.3458707472210829,0.19992461049678534,0.3458707472210829,0.19992461049678534,0.14594613672429757,0.14784054732419807,2.101747610767099,-0.0709482403732391,-0.008932388259169977,0.6666666666666666,0.7130071520756402,-0.422300337516224,0.4666773805849367,0.7378047649563529
foundation_ensemble_volmanaged,25.0,2017-01-31_2017-12-31,12,0.7705621949757018,0.24773371905633135,0.7705621949757018,0.24773371905633135,0.5228284759193704,0.3662645498103602,1.7392492546507825,-0.01715047574341899,-0.008932388259170088,0.6666666666666666,1.1505407819130131,1.1281349085372192,0.4572444476217492,0.7214473742036915
foundation_ensemble_volmanaged,25.0,2017-02-28_2018-01-31,12,1.0252073359844616,0.22472528642954592,1.0252073359844616,0.22472528642954592,0.8004820495549156,0.3403585290252978,2.2642097024914416,-0.01715047574341899,-0.008932388259170088,0.75,1.6976923675613929,1.0139203475814187,0.7301544756199525,0.6969655177390118
foundation_ensemble_volmanaged,25.0,2017-03-31_2018-02-28,12,0.9651402583832147,0.11150665310004948,0.9651402583832147,0.11150665310004948,0.8536336052831652,0.3469564924022392,2.1349452341071973,-0.021472392476805546,-0.06307407298992962,0.8333333333333334,1.949453461309173,1.2258786786968467,0.8032533136966733,0.6958668773013126
foundation_ensemble_volmanaged,25.0,2017-04-30_2018-03-31,12,0.9553478473871364,0.054403018339003184,0.9553478473871364,0.054403018339003184,0.9009448290481332,0.3473876359266997,2.1174124049166223,-0.021472392476805546,-0.09250223900477905,0.8333333333333334,2.1108574787390184,1.2152071300214577,0.9085717530681683,0.6778502012409185
foundation_ensemble_volmanaged,25.0,2017-05-31_2018-04-30,12,0.9454306351535433,0.042771960341875914,0.9454306351535433,0.042771960341875914,0.9026586748116674,0.3475706158770311,2.1009345254498633,-0.021472392476805435,-0.09416874157139277,0.8333333333333334,2.130266522976313,1.22445096645465,0.9226327782414483,0.7046981941719239
foundation_ensemble_volmanaged,25.0,2017-06-30_2018-05-31,12,0.9465846319635405,-0.005226881237519021,0.9465846319635405,-0.005226881237519021,0.9518115132010595,0.34742834108837056,2.1034729477880987,-0.021472392476805546,-0.12207676452647664,0.9166666666666666,2.360589853122612,1.4304111997542746,1.0302685474728035,0.6985629068640128
foundation_ensemble_volmanaged,25.0,2017-07-31_2018-06-30,12,1.0093971786885905,0.0163507796990916,1.0093971786885905,0.0163507796990916,0.9930463989894989,0.3459011557764823,2.2089449233305554,-0.021472392476805546,-0.12207676452647676,0.9166666666666666,2.406282348293328,1.3792990355926031,1.0366736622931865,0.7229187830516927
foundation_ensemble_volmanaged,25.0,2017-08-31_2018-07-31,12,0.9896322208714885,0.02633003466478856,0.9896322208714885,0.02633003466478856,0.9633021862066999,0.3454473800437186,2.181035990209578,-0.021472392476805546,-0.12207676452647653,0.9166666666666666,2.343570330280463,1.3703755583699988,0.9911756661185449,0.7193969153324038
foundation_ensemble_volmanaged,25.0,2017-09-30_2018-08-31,12,0.9118524929416805,0.012828519177035869,0.9118524929416805,0.012828519177035869,0.8990239737646446,0.34985268613253845,2.036551966189151,-0.021472392476805435,-0.12207676452647664,0.9166666666666666,2.2309793210448707,1.4059799630433216,0.9474657503012964,0.7217702914763334
foundation_ensemble_volmanaged,25.0,2017-10-31_2018-09-30,12,0.6899742412297132,-0.028994428060318933,0.6899742412297132,-0.028994428060318933,0.7189686692900321,0.36235645128907834,1.6188919779587088,-0.04123426287981158,-0.12207676452647676,0.8333333333333334,1.9087860023781058,1.5099450821848102,0.8320435029467921,0.7217702914763334
foundation_ensemble_volmanaged,25.0,2017-11-30_2018-10-31,12,0.4372617592499555,0.017470333624036494,0.4372617592499555,0.017470333624036494,0.419791425625919,0.40892176239085226,1.0655939981999112,-0.1773245537659004,-0.12207676452647676,0.75,1.0425036772320806,0.8652091045269813,0.5029050156213992,0.7495480692541112
foundation_ensemble_volmanaged,25.0,2017-12-31_2018-11-30,12,0.30683953591829227,-0.025356283802123625,0.30683953591829227,-0.025356283802123625,0.3321958197204159,0.4248841493888938,0.8094317290019338,-0.24302220147060405,-0.12207676452647687,0.75,0.8914604633922805,1.085496930255185,0.43397178960951877,0.7217702914763334
foundation_ensemble_volmanaged,25.0,2018-01-31_2018-12-31,12,-0.01609576411628677,-0.01099995180484914,-0.01609576411628677,-0.01099995180484914,-0.005095812311437631,0.2241425905023331,0.03458203398882199,-0.24302220147060405,-0.12095719505337177,0.6666666666666666,0.04891995733648061,-0.15177479815161662,0.007021095077897055,0.7217702914763334
foundation_ensemble_volmanaged,25.0,2018-02-28_2019-01-31,12,-0.08310102146077214,-0.023323412109537922,-0.08310102146077214,-0.023323412109537922,-0.05977760935123422,0.21373793372642505,-0.30232338395423075,-0.24302220147060405,-0.06297476655901424,0.6666666666666666,-0.18828646983159616,-0.14033801264224754,-0.06503716527146153,0.6941906464431038
foundation_ensemble_volmanaged,25.0,2018-03-31_2019-02-28,12,-0.07814638834887966,0.045204178762284775,-0.07814638834887966,0.045204178762284775,-0.12335056711116443,0.2133688501573608,-0.2780645842148052,-0.24464463935161196,-0.032589089243883484,0.5833333333333334,-0.43738656754887106,-0.3347758625991787,-0.04227891676978268,0.7216712251040595
foundation_ensemble_volmanaged,25.0,2018-04-30_2019-03-31,12,-0.13854328373888014,0.07686204312787948,-0.13854328373888014,0.07686204312787948,-0.21540532686675962,0.21116766505982526,-0.6012717512426073,-0.2712706585993103,-0.031039511736595693,0.5,-0.8754009197177868,-0.15824135292960553,-0.10882667050842043,0.709714670715961
foundation_ensemble_volmanaged,25.0,2018-05-31_2019-04-30,12,-0.19139793414880135,0.03769148450195714,-0.19139793414880135,0.03769148450195714,-0.2290894186507585,0.20144346070877897,-0.9493375681783889,-0.28349806375060127,-0.04957195403333192,0.5,-1.0260897459117866,-0.06193878002450538,-0.17318106085512397,0.712735306633718
foundation_ensemble_volmanaged,25.0,2018-06-30_2019-05-31,12,-0.13303770831888473,0.09645960452265201,-0.13303770831888473,0.09645960452265201,-0.22949731284153674,0.21335345702150876,-0.5636626083237821,-0.2834980637506014,-0.04957195403333203,0.5,-0.9420429386125447,0.0709681200974476,-0.11994778057561284,0.7194051487225153
foundation_ensemble_volmanaged,25.0,2018-07-31_2019-06-30,12,-0.18971584561049493,0.07648721996967378,-0.18971584561049493,0.07648721996967378,-0.2662030655801687,0.1976684799991239,-0.9604003697211155,-0.28349806375060127,-0.04957195403333203,0.4166666666666667,-1.209421915851347,-0.09602562985216667,-0.16788180489486237,0.6927462845585151
foundation_ensemble_volmanaged,25.0,2018-08-31_2019-07-31,12,-0.23104509367847892,0.051509897202665744,-0.23104509367847892,0.051509897202665744,-0.28255499088114466,0.1779260995509244,-1.374106744776309,-0.2834980637506014,-0.04957195403333203,0.4166666666666667,-1.4161643947812712,-0.25866768219443503,-0.20762483677726795,0.6460077992419935
foundation_ensemble_volmanaged,25.0,2018-09-30_2019-08-31,12,-0.20604587499591054,0.032217370272061396,-0.20604587499591054,0.032217370272061396,-0.23826324526797193,0.18610055574223772,-1.1379513118418634,-0.2526829980371108,-0.05569706120271434,0.4166666666666667,-1.0935913210365529,-0.40293433038830856,-0.18039173010032106,0.6991899786536195
foundation_ensemble_volmanaged,25.0,2018-10-31_2019-09-30,12,-0.15187907485481,0.0680196854801034,-0.15187907485481,0.0680196854801034,-0.2198987603349134,0.1885361159777158,-0.7763098750197651,-0.12905880498892186,-0.05569706120271445,0.5,-0.9428366121642222,-0.5164296061407604,-0.10490950496243157,0.6714122008758417
foundation_ensemble_volmanaged,25.0,2018-11-30_2019-10-31,12,-0.13264242904514356,-0.007313909877188718,-0.13264242904514356,-0.007313909877188718,-0.12532851916795484,0.1743997563011047,-0.7276411699553179,-0.12248120879916635,-0.07977064350808971,0.5,-0.7337793765402704,0.6242433626029089,-0.11785040512566414,0.6714122008758417
foundation_ensemble_volmanaged,25.0,2018-12-31_2019-11-30,12,-0.01502099456303252,0.01695714726683817,-0.01502099456303252,0.01695714726683817,-0.03197814182987069,0.1646906919207825,-0.012878926660540023,-0.12248120879916635,-0.07977064350808971,0.5,-0.1757623312847026,0.9320465961264558,-0.021980952810970233,0.6714122008758419
foundation_ensemble_volmanaged,25.0,2019-01-31_2019-12-31,12,-0.07058775885447932,-0.0907583313333864,-0.07058775885447932,-0.0907583313333864,0.02017057247890708,0.1654919587899471,-0.361956067522624,-0.12248120879916635,-0.08173242622854304,0.5833333333333334,0.2274569480908169,0.9846379221254313,0.02925736420695646,0.6719585337664854
foundation_ensemble_volmanaged,25.0,2019-02-28_2020-01-31,12,-0.08149012292167135,-0.15374678206850467,-0.08149012292167135,-0.15374678206850467,0.07225665914683332,0.16625841601664149,-0.4301582068503132,-0.13273602467422763,-0.157070533612218,0.5833333333333334,0.5987488512376261,0.7098836910424337,0.04176625798957856,0.682112480185773
foundation_ensemble_volmanaged,25.0,2019-03-31_2020-02-29,12,-0.147291268787194,-0.2983301643039218,-0.147291268787194,-0.2983301643039218,0.15103889551672778,0.18488254868493245,-0.768038858560525,-0.20789684760776883,-0.2968733323797681,0.6666666666666666,1.1826840058881702,0.6154289065052713,0.06284014085757095,0.6644230625489451
foundation_ensemble_volmanaged,25.0,2019-04-30_2020-03-31,12,-0.07874874894245432,-0.26938100433105683,-0.07874874894245432,-0.26938100433105683,0.1906322553886025,0.19035055813222027,-0.33857700459330625,-0.20789684760776883,-0.2897384073692094,0.75,1.4887242502307425,0.6587239708606402,0.13332991264170202,0.6626546063309804
foundation_ensemble_volmanaged,25.0,2019-05-31_2020-04-30,12,-0.043942008945826116,-0.23441422140073764,-0.043942008945826116,-0.23441422140073764,0.19047221245491153,0.19154284465207871,-0.1425281219746501,-0.20789684760776894,-0.2897384073692094,0.75,1.4289154696121364,0.661081968527797,0.14165428088049148,0.6276288830597353
foundation_ensemble_volmanaged,25.0,2019-06-30_2020-05-31,12,-0.04388135084774791,-0.22854562482453433,-0.04388135084774791,-0.22854562482453433,0.18466427397678642,0.1915644530980086,-0.14216282445518197,-0.20789684760776872,-0.2897384073692095,0.75,1.3818580519869452,0.6598739304263088,0.1355646562753159,0.5994689990823419
foundation_ensemble_volmanaged,25.0,2019-07-31_2020-06-30,12,-0.024296741045425008,-0.1941752572672133,-0.024296741045425008,-0.1941752572672133,0.1698785162217883,0.1923012984042071,-0.03565940688132113,-0.20789684760776872,-0.2827760862119635,0.75,1.1674067637236258,0.6269986475607369,0.1183564837611959,0.6040480164769025
foundation_ensemble_volmanaged,25.0,2019-08-31_2020-07-31,12,-0.026236880526466777,-0.1722348942847023,-0.026236880526466777,-0.1722348942847023,0.1459980137582355,0.19211295145822685,-0.04621836488507576,-0.20789684760776883,-0.27948217627529803,0.6666666666666666,0.9802100945104033,0.6221527270577397,0.09670342362906115,0.5917655675734489
foundation_ensemble_volmanaged,25.0,2019-09-30_2020-08-31,12,-0.08823752689963205,-0.21057570090232802,-0.08823752689963205,-0.21057570090232802,0.12233817400269598,0.1885281755675897,-0.39800811219037413,-0.20789684760776872,-0.27948217627529803,0.6666666666666666,0.8814878611585806,0.6199838699051056,0.05551193295961476,0.5286053979316986
foundation_ensemble_volmanaged,25.0,2019-10-31_2020-09-30,12,-0.05768716066114865,-0.1766274605970889,-0.05768716066114865,-0.1766274605970889,0.11894029993594024,0.1974814028974967,-0.20619016030284149,-0.13614289482765696,-0.2794821762752979,0.6666666666666666,0.8210772465058557,0.6407548269888548,0.06694351087291661,0.5285877733858574
foundation_ensemble_volmanaged,25.0,2019-11-30_2020-10-31,12,0.1878242700560393,-0.06643817837031618,0.1878242700560393,-0.06643817837031618,0.2542624484263555,0.17851053930082825,1.0526615544567879,-0.13614289482765696,-0.2794821762752979,0.75,2.085700797156327,0.6497813896614202,0.23283972698159539,0.48310749084477367
foundation_ensemble_volmanaged,25.0,2019-12-31_2020-11-30,12,0.1639106632229348,-0.050871312509224054,0.1639106632229348,-0.050871312509224054,0.21478197573215885,0.17597016737411317,0.9483115692981787,-0.10613331496394374,-0.2358764964179022,0.75,1.5222507487936152,0.6151174342063918,0.19341966568919178,0.4806065759416122
foundation_ensemble_volmanaged,25.0,2020-01-31_2020-12-31,12,0.17373091777216665,-0.013079995771551722,0.17373091777216665,-0.013079995771551722,0.18681091354371837,0.1737449510281425,1.0073879766295013,-0.08666429722888958,-0.16758179221927783,0.6666666666666666,1.265894478034461,0.6121207113057695,0.176035344281106,0.4539906686761837
foundation_ensemble_volmanaged,25.0,2020-02-29_2021-01-31,12,0.22247853415098717,0.14471568274700242,0.22247853415098717,0.14471568274700242,0.07776285140398476,0.16927944698995226,1.2740793580719674,-0.027121396231509998,-0.07033476780972703,0.5833333333333334,0.4008248409365138,0.6075705377362687,0.12104956744337114,0.44462167159771854
foundation_ensemble_volmanaged,25.0,2020-03-31_2021-02-28,12,0.265962519154993,0.3187076559568369,0.265962519154993,0.3187076559568369,-0.052745136801843895,0.14931196491890147,1.6620444093387012,-0.06039977842831268,-0.07033476780972703,0.5,-0.4829564022732994,0.7494484367622518,0.02930848918213247,0.40619674070880757
foundation_ensemble_volmanaged,25.0,2020-04-30_2021-03-31,12,0.22391258258878155,0.2712264885896778,0.22391258258878155,0.2712264885896778,-0.047313906000896244,0.14785013588711443,1.444316149192915,-0.06039977842831257,-0.07033476780972714,0.5,-0.4512292345012884,0.7390239552059623,0.025288829439861438,0.39941911512832623
foundation_ensemble_volmanaged,25.0,2020-05-31_2021-04-30,12,0.15595104358250333,0.2511461011810818,0.15595104358250333,0.2511461011810818,-0.09519505759857849,0.15732688239752196,0.9971797922804836,-0.08754536291246284,-0.07033476780972703,0.4166666666666667,-0.8808363797918641,0.7792322186878042,-0.029115014910241044,0.3927822661645299
foundation_ensemble_volmanaged,25.0,2020-06-30_2021-05-31,12,0.06308576896934226,0.22018559574957508,0.06308576896934226,0.22018559574957508,-0.15709982678023282,0.15580555036237403,0.4632051179608793,-0.11513374660742881,-0.07033476780972703,0.3333333333333333,-1.5402938077167587,0.7762283310716664,-0.08976422243315874,0.3874359588303133
foundation_ensemble_volmanaged,25.0,2020-07-31_2021-06-30,12,0.16638202528577617,0.1787337447456181,0.16638202528577617,0.1787337447456181,-0.012351719459841926,0.18964786775833212,0.900650700571431,-0.11513374660742903,-0.07033476780972703,0.4166666666666667,-0.05117796299533727,0.7949433690579949,0.029700786828446457,0.37083648656310136
foundation_ensemble_volmanaged,25.0,2020-08-31_2021-07-31,12,0.10962421755686624,0.17406019021811336,0.10962421755686624,0.17406019021811336,-0.06443597266124712,0.19582983824948869,0.6200661590298704,-0.11513374660742903,-0.0471551797914731,0.4166666666666667,-0.35408265073226997,0.7975103212712421,-0.01717860486959233,0.41981544562693013
foundation_ensemble_volmanaged,25.0,2020-09-30_2021-08-31,12,0.31368245424475605,0.29094300690606567,0.31368245424475605,0.29094300690606567,0.022739447338690377,0.23626601888355192,1.2711873656248271,-0.11513374660742881,-0.0471551797914731,0.4166666666666667,0.1724671240370101,0.9602091881117826,0.04533700528484408,0.459719118449381
foundation_ensemble_volmanaged,25.0,2020-10-31_2021-09-30,12,0.27892441352001796,0.285307502281577,0.27892441352001796,0.285307502281577,-0.006383088761559019,0.23358315557658652,1.1658899107724585,-0.11513374660742892,-0.04715517979147299,0.3333333333333333,0.05279448303153259,0.9223496356899769,0.031182501042664956,0.487514520773
foundation_ensemble_volmanaged,25.0,2020-11-30_2021-10-31,12,0.12633268810811793,0.164192612882329,0.12633268810811793,0.164192612882329,-0.03785992477421107,0.21897120959652025,0.6409738968509894,-0.11513374660742892,-0.04715517979147299,0.25,-0.09338489321751724,0.8467999642819296,0.005900479718541574,0.5052170255363059
foundation_ensemble_volmanaged,25.0,2020-12-31_2021-11-30,12,0.05500907582018133,0.10075285366229347,0.05500907582018133,0.10075285366229347,-0.04574377784211214,0.2245617900190345,0.33629335270090194,-0.10927311136504725,-0.04715517979147321,0.25,-0.126703282718705,1.0579782275838931,-0.030629463055255157,0.5354957182172452
foundation_ensemble_volmanaged,25.0,2021-01-31_2021-12-31,12,0.13017312707138085,0.1311417024200292,0.13017312707138085,0.1311417024200292,-0.0009685753486483595,0.2245995470430375,0.6453824864532387,-0.10927311136504736,-0.04715517979147299,0.3333333333333333,0.08455268172229861,1.0348418166278683,0.01275931828002519,0.5893430703698077
foundation_ensemble_volmanaged,25.0,2021-02-28_2022-01-31,12,0.24762200395834344,0.1035559333431273,0.24762200395834344,0.1035559333431273,0.14406607061521615,0.251678351315717,0.9968382122223176,-0.06572293346721036,-0.008710521467504728,0.4166666666666667,0.7024920809863741,1.9413504597134372,0.05447450496923434,0.616137766062215
foundation_ensemble_volmanaged,25.0,2021-03-31_2022-02-28,12,0.3362545532146648,0.1814244316261513,0.3362545532146648,0.1814244316261513,0.1548301215885135,0.23843122181379778,1.3340325614846233,-0.06572293346721059,-0.008710521467504728,0.4166666666666667,0.7000613537297017,2.130067527469888,-0.04216039922153625,0.6725493137047761
foundation_ensemble_volmanaged,25.0,2021-04-30_2022-03-31,12,0.3037635794557363,0.2056999327796627,0.3037635794557363,0.2056999327796627,0.09806364667607359,0.24177735672685027,1.214230164344288,-0.06572293346721059,-0.008710521467504728,0.3333333333333333,0.47381804650691745,2.0420728188193866,-0.09061681231395835,0.6832908481739371
foundation_ensemble_volmanaged,25.0,2021-05-31_2022-04-30,12,0.30631594427955444,0.20202014645819677,0.30631594427955444,0.20202014645819677,0.10429579782135767,0.24126699839996793,1.2246183963060226,-0.06572293346721048,-0.011058901373715124,0.3333333333333333,0.4982624706449044,1.9887559985291168,-0.07394004175738333,0.7234383118655945
foundation_ensemble_volmanaged,25.0,2021-06-30_2022-05-31,12,0.3545687038785681,0.1547230806668567,0.3545687038785681,0.1547230806668567,0.1998456232117114,0.23495862044464297,1.4099555752059176,-0.06572293346721059,-0.04389760737316839,0.4166666666666667,0.8617426409227448,1.3064132335579568,0.14778380124884793,0.7544117730118493
foundation_ensemble_volmanaged,25.0,2021-07-31_2022-06-30,12,0.39413145206561606,0.14515293481688385,0.39413145206561606,0.14515293481688385,0.2489785172487322,0.24975751113556394,1.456656407979854,-0.06572293346721059,-0.04389760737316839,0.4166666666666667,0.9609056698873607,1.1335927617436252,0.22681248213078908,0.8242907714163765
foundation_ensemble_volmanaged,25.0,2021-08-31_2022-07-31,12,0.46054565001924574,0.16719366722844042,0.46054565001924574,0.16719366722844042,0.2933519827908053,0.2407837170781425,1.7019401121050879,-0.06572293346721048,-0.04389760737316839,0.4166666666666667,1.1064393621129918,0.9932650902693192,0.28362413367854145,0.7822990587362563
foundation_ensemble_volmanaged,25.0,2021-09-30_2022-08-31,12,0.22562983342662224,0.11990803732841937,0.22562983342662224,0.11990803732841937,0.10572179609820287,0.2115352678036386,1.0614983346401201,-0.06572293346721048,-0.04389760737316817,0.3333333333333333,0.549785808421585,0.9449601162751379,0.119972244397347,0.8055555555555555
foundation_ensemble_volmanaged,25.0,2021-10-31_2022-09-30,12,0.18945376765720834,0.07700156092153554,0.18945376765720834,0.07700156092153554,0.1124522067356728,0.21187463263689119,0.9162406363709178,-0.05064814853743582,-0.04389760737316828,0.3333333333333333,0.6034894249948854,1.1402113443697612,0.11168984672717275,0.7777777777777777
foundation_ensemble_volmanaged,25.0,2021-11-30_2022-10-31,12,0.14583277860857002,0.0837751064100245,0.14583277860857002,0.0837751064100245,0.06205767219854552,0.2223543689427616,0.7123864574357592,-0.09289554221119023,-0.04389760737316839,0.3333333333333333,0.36729264505173614,1.1898617391509956,0.06102657776980136,0.7777777777777777
foundation_ensemble_volmanaged,25.0,2021-12-31_2022-11-30,12,0.1041726747613736,0.04089310124175727,0.1041726747613736,0.04089310124175727,0.06327957351961633,0.23404505693806296,0.5278182089286511,-0.1616730626302949,-0.052330809109684795,0.3333333333333333,0.3943334867937247,1.457016807471131,0.06204943553913633,0.7777777777777778
foundation_ensemble_volmanaged,25.0,2022-01-31_2022-12-31,12,0.13010284873065991,0.03139589518781816,0.13010284873065991,0.03139589518781816,0.09870695354284176,0.23912759716530152,0.61912841948299,-0.16167306263029502,-0.0538908420070876,0.3333333333333333,0.5388761531421191,1.3906483554741544,0.10529530758415562,0.75
foundation_ensemble_volmanaged,25.0,2022-02-28_2023-01-31,12,-0.024514763310716448,-0.006523085673795559,-0.024514763310716448,-0.006523085673795559,-0.01799167763692089,0.2072514017756678,-0.028489070024234973,-0.16167306263029502,-0.053890842007087936,0.25,-0.009594980941452362,0.8951109476697796,-0.0023044770096002365,0.7777777777777778
foundation_ensemble_volmanaged,25.0,2022-03-31_2023-02-28,12,-0.0653796514298709,-0.03763942955797195,-0.0653796514298709,-0.03763942955797195,-0.02774022187189895,0.20857459627677263,-0.23177085362098857,-0.1616730626302949,-0.05860315994470999,0.25,-0.06160390049496731,0.9834396732536057,-0.012693074699216433,0.7499999999999999
foundation_ensemble_volmanaged,25.0,2022-04-30_2023-03-31,12,-0.1074729528161521,-0.0433257664262765,-0.1074729528161521,-0.0433257664262765,-0.0641471863898756,0.21610236981495543,-0.4286009542013936,-0.207123685393097,-0.052003665957635614,0.25,-0.24125591588443154,0.8504144925660643,-0.05527115325084919,0.7222222222222223
foundation_ensemble_volmanaged,25.0,2022-05-31_2023-04-30,12,-0.12079601629163539,-0.07213752035282106,-0.12079601629163539,-0.07213752035282106,-0.04865849593881433,0.21851130436042196,-0.48983954833586296,-0.2458297655171101,-0.07596598010903766,0.25,-0.16848067598738592,0.8930346622501777,-0.041912409552124164,0.75
foundation_ensemble_volmanaged,25.0,2022-06-30_2023-05-31,12,-0.04632115617487509,-0.0361282154897381,-0.04632115617487509,-0.0361282154897381,-0.010192940685136986,0.2402055163385503,-0.0909852966035264,-0.2458297655171101,-0.07596598010903755,0.25,0.05652445066090613,1.2997767303102115,0.023199898554159937,0.7499999999999999
foundation_ensemble_volmanaged,25.0,2022-07-31_2023-06-30,12,-0.1884850868143606,-0.0028433046031512976,-0.1884850868143606,-0.0028433046031512976,-0.1856417822112093,0.17797791530804247,-1.0829004411806387,-0.24582976551711022,-0.07596598010903743,0.16666666666666666,-1.1227668282463825,0.6577350251338261,-0.17672605197716473,0.75
foundation_ensemble_volmanaged,25.0,2022-08-31_2023-07-31,12,-0.08010559313896015,-0.031389184091800915,-0.08010559313896015,-0.031389184091800915,-0.04871640904715924,0.24083091530914164,-0.2394360847916957,-0.21977280450323944,-0.0655917893195096,0.25,-0.12117338462752171,0.7942208962410372,-0.03384772479167175,0.75
foundation_ensemble_volmanaged,25.0,2022-09-30_2023-08-31,12,-0.09297136947418749,-0.014331580574544756,-0.09297136947418749,-0.014331580574544756,-0.07863978889964274,0.2429559136258324,-0.2929819667588886,-0.21977280450323933,-0.06559178931950937,0.25,-0.24882308390723146,0.7437335769717449,-0.06048388611863098,0.7222222222222222
foundation_ensemble_volmanaged,25.0,2022-10-31_2023-09-30,12,-0.14928678212882718,-0.04883569016310929,-0.14928678212882718,-0.04883569016310929,-0.10045109196571789,0.24913800990251136,-0.5349401828150182,-0.1685960442513068,-0.06327241269436523,0.25,-0.35869230076886766,0.9074736442748463,-0.08667378150374105,0.75
foundation_ensemble_volmanaged,25.0,2022-11-30_2023-10-31,12,0.00920975744525987,-8.074453772832779e-05,0.00920975744525987,-8.074453772832779e-05,0.009290501982988197,0.2709145743309632,0.15343582551866464,-0.1580851785253904,-0.04084242285001627,0.3333333333333333,0.15589596943968012,1.3644515832571866,0.03699834647364875,0.7777777777777777
foundation_ensemble_volmanaged,25.0,2022-12-31_2023-11-30,12,0.06504958193319288,0.06162621592425688,0.06504958193319288,0.06162621592425688,0.003423366008936002,0.25915996114412826,0.35770593392314953,-0.15808517852539017,-0.04084242285001627,0.3333333333333333,0.11958342452711843,0.9836570167052716,0.030663712167433577,0.7777777777777777
foundation_ensemble_volmanaged,25.0,2023-01-31_2023-12-31,12,-0.13186484877722804,0.05389394652891433,-0.13186484877722804,0.05389394652891433,-0.18575879530614237,0.2828126370878124,-0.3707590947313178,-0.1546226733426398,-0.04084242285001627,0.25,-0.6189999402304693,1.2718315586313689,-0.16278745936107508,0.7777777777777777
foundation_ensemble_volmanaged,25.0,2023-02-28_2024-01-31,12,-0.0940305244956513,0.06910062416905749,-0.0940305244956513,0.06910062416905749,-0.1631311486647088,0.28272197558750184,-0.22115279918651537,-0.15462267334264013,-0.04084242285001627,0.25,-0.5125179319136075,1.2726487407030576,-0.14224267088541231,0.7499999999999999
foundation_ensemble_volmanaged,25.0,2023-03-31_2024-02-29,12,-0.05317213008698585,0.07105311702696282,-0.05317213008698585,0.07105311702696282,-0.12422524711394867,0.2820203987230907,-0.06649358081309929,-0.1546226733426399,-0.04084242285001627,0.3333333333333333,-0.34954481201933746,1.2148702200897001,-0.1017319109064736,0.7222222222222223
foundation_ensemble_volmanaged,25.0,2023-04-30_2024-03-31,12,7.651998068358701e-05,0.04605177038880415,7.651998068358701e-05,0.04605177038880415,-0.04597525040812056,0.2747074296687514,0.12395021849010454,-0.15462267334264013,-0.028914327222309355,0.3333333333333333,-0.0589163818060591,1.3186789260098015,-0.029833161109061312,0.75
foundation_ensemble_volmanaged,25.0,2023-05-31_2024-04-30,12,0.08589419101689266,0.05087612226469651,0.08589419101689266,0.05087612226469651,0.03501806875219615,0.27005075828360703,0.4283346030058237,-0.15462267334264013,-0.04720745865673304,0.4166666666666667,0.24112116627729352,0.8791829644373691,0.07113265837403393,0.6944444444444443
foundation_ensemble_volmanaged,25.0,2023-06-30_2024-05-31,12,-0.05146341806637378,0.06029804021364593,-0.05146341806637378,0.06029804021364593,-0.11176145828001971,0.259888967097232,-0.08581277889726725,-0.1546226733426399,-0.04720745865673304,0.3333333333333333,-0.33738983061790373,0.8144749138675474,-0.0705620618557864,0.6944444444444443
foundation_ensemble_volmanaged,25.0,2023-07-31_2024-06-30,12,0.016791313727751334,0.046802268590376395,0.016791313727751334,0.046802268590376395,-0.03001095486262506,0.2626576771807998,0.1823184330798505,-0.1546226733426398,-0.04720745865673304,0.4166666666666667,-0.004350568159421538,1.222027310285896,-0.011859981276423737,0.6944444444444443
foundation_ensemble_volmanaged,25.0,2023-08-31_2024-07-31,12,-0.09981357555906312,0.10318514893952901,-0.09981357555906312,0.10318514893952901,-0.20299872449859213,0.21311237855191886,-0.39220565402841495,-0.15052650642330423,-0.04720745865673315,0.3333333333333333,-0.9900612572262183,1.0135469881110553,-0.17258076199358774,0.7222222222222222
foundation_ensemble_volmanaged,25.0,2023-09-30_2024-08-31,12,0.016177841295332174,0.08473288946892565,0.016177841295332174,0.08473288946892565,-0.06855504817359348,0.2231020053502514,0.17577075396744943,-0.15052650642330412,-0.04720745865673315,0.4166666666666667,-0.2194978215965834,0.6838869366849247,-0.019614524936679367,0.75
foundation_ensemble_volmanaged,25.0,2023-10-31_2024-09-30,12,0.1335480172800192,0.12170948346779942,0.1335480172800192,0.12170948346779942,0.011838533812219776,0.21466037918351052,0.687378393926472,-0.15052650642330434,-0.047207458656732815,0.5,0.1302699443101474,0.4741730165247324,0.09479873287287344,0.7414994599011079
foundation_ensemble_volmanaged,25.0,2023-11-30_2024-10-31,12,-0.05194611021822104,0.004734660022875703,-0.05194611021822104,0.004734660022875703,-0.056680770241096745,0.19780312363564945,-0.17505159506123344,-0.1290257278948841,-0.07254414974326939,0.4166666666666667,-0.21834374513606342,0.37902174322060556,-0.03778073514052582,0.7069593785231579
foundation_ensemble_volmanaged,25.0,2023-12-31_2024-11-30,12,-0.006291197477667709,-0.026522408525777696,-0.006291197477667709,-0.026522408525777696,0.020231211048109987,0.19773224823489446,0.062417313702772884,-0.06889135190542905,-0.07702368625268241,0.5,0.1712363820935236,0.4632299767164595,0.022701257190518964,0.696145411078639
foundation_ensemble_volmanaged,25.0,2024-01-31_2024-12-31,12,0.04149784334713935,-0.013699490369203038,0.04149784334713935,-0.013699490369203038,0.05519733371634239,0.17019701184942587,0.3186216768996707,-0.13108850447416076,-0.07702368625268208,0.5,0.3470337251011918,0.3138941001281416,0.05850511762041832,0.6805182513023543
foundation_ensemble_volmanaged,25.0,2024-02-29_2025-01-31,12,-0.04467768955738849,-0.14290566323586873,-0.04467768955738849,-0.14290566323586873,0.09822797367848024,0.18529146399109783,-0.15997354056164378,-0.19211581531805955,-0.18252959118595857,0.5833333333333334,0.6020102220245356,0.4924745461669756,0.04092584444942249,0.6479221353687877
foundation_ensemble_volmanaged,25.0,2024-03-31_2025-02-28,12,-0.06457801299202948,-0.10676537761977256,-0.06457801299202948,-0.10676537761977256,0.042187364627743085,0.18440152730209433,-0.27533220676228065,-0.19759251420773427,-0.1825295911859588,0.5,0.25307608811235455,0.434326467467309,-0.0074162609534873525,0.6665138502951664
foundation_ensemble_volmanaged,25.0,2024-04-30_2025-03-31,12,-0.02578147877685355,-0.06461005552580057,-0.02578147877685355,-0.06461005552580057,0.03882857674894702,0.18796384729251536,-0.05129210852988098,-0.19759251420773416,-0.18252959118595868,0.5,0.22330305484573612,0.46100865897915605,0.01485735012137046,0.6461626333474922
foundation_ensemble_volmanaged,25.0,2024-05-31_2025-04-30,12,-0.01353985852874795,0.02942056800377868,-0.01353985852874795,0.02942056800377868,-0.04296042653252663,0.1909200146635941,0.01747709887472995,-0.19759251420773416,-0.18252959118595857,0.4166666666666667,-0.22489758818356037,0.5615022324689546,-0.021128861760206452,0.6607694644266183
foundation_ensemble_volmanaged,25.0,2024-06-30_2025-05-31,12,0.04135227446427181,-0.019239253194651806,0.04135227446427181,-0.019239253194651806,0.060591527658923616,0.18376184485002992,0.30667625567156576,-0.19759251420773427,-0.18252959118595835,0.5,0.3470666984107194,0.5547177332097325,0.060147855606309086,0.6318071425655126
foundation_ensemble_volmanaged,25.0,2024-07-31_2025-06-30,12,-0.012337376693748348,0.03150250800801424,-0.012337376693748348,0.03150250800801424,-0.04383988470176259,0.17850089011345813,0.013704831845708636,-0.19759251420773438,-0.1825295911859589,0.4166666666666667,-0.23810217743621218,0.4136276227496808,-0.0177527402375105,0.5738387296871885
foundation_ensemble_volmanaged,25.0,2024-08-31_2025-07-31,12,-0.04348524243537599,0.02082724764079913,-0.04348524243537599,0.02082724764079913,-0.06431249007617512,0.17848531895990483,-0.16562835160658132,-0.19759251420773416,-0.1720911800730176,0.4166666666666667,-0.33593880068819953,0.38147930078518494,-0.04326968525013719,0.554734856840993
foundation_ensemble_volmanaged,25.0,2024-09-30_2025-08-31,12,-0.1072107389900353,0.07082064647411035,-0.1072107389900353,0.07082064647411035,-0.17803138546414565,0.1573309174552698,-0.6434578702484833,-0.19759251420773416,-0.1720911800730176,0.3333333333333333,-1.1025640688672929,0.44427519852504566,-0.13098798906042763,0.5329643461093965
foundation_ensemble_volmanaged,25.0,2024-10-31_2025-09-30,12,-0.12788502855226402,0.07787885846139209,-0.12788502855226402,0.07787885846139209,-0.2057638870136561,0.14981846551126507,-0.8374491620077341,-0.15700695164443113,-0.11858833109117162,0.3333333333333333,-1.3511976056896766,0.450963529952341,-0.15511600628005473,0.49926192652988727
foundation_ensemble_volmanaged,25.0,2024-11-30_2025-10-31,12,-0.10342717614930974,0.1960061542824556,-0.10342717614930974,0.1960061542824556,-0.29943333043176534,0.14070607031866814,-0.706103578207999,-0.15700695164443113,-0.11795970406671652,0.3333333333333333,-1.6946312045859233,0.3389315370674396,-0.15371411405603563,0.5117660214149184
foundation_ensemble_volmanaged,25.0,2024-12-31_2025-11-30,12,-0.03844086250319312,0.22133541890163522,-0.03844086250319312,0.22133541890163522,-0.25977628140482834,0.1738663490406112,-0.1452551386896122,-0.07653715030358432,-0.11795970406671652,0.3333333333333333,-1.224202047796876,0.36169108147629103,-0.09893393659397332,0.4818618866246307
foundation_ensemble_volmanaged,25.0,2025-01-31_2025-12-31,12,0.012125741618174812,0.17166648362633885,0.012125741618174812,0.17166648362633885,-0.15954074200816404,0.15371258663089318,0.1480078491120456,-0.04277906323733327,-0.03669877287899381,0.3333333333333333,-0.8409878660450757,0.36297683922313684,-0.040408306702812924,0.5044448272127292
foundation_ensemble_volmanaged,25.0,2025-02-28_2026-01-31,12,0.09616214810041379,0.31334945156909844,0.09616214810041379,0.31334945156909844,-0.21718730346868464,0.1320532986205833,0.7568819732169647,-0.04277906323733327,-0.04758367670999886,0.3333333333333333,-1.0514380231419524,0.09113945159730556,0.07675089377156441,0.5382026330964008
foundation_ensemble_volmanaged,25.0,2025-03-31_2026-02-28,12,0.024231689867779904,0.08257309459079365,0.024231689867779904,0.08257309459079365,-0.058341404723013746,0.15438361296969183,0.22523979509689282,-0.10206230610867362,-0.18488813271044613,0.4166666666666667,-0.34384825938268265,0.35464404920506637,-0.0008105245918366144,0.548550385897905
foundation_ensemble_volmanaged,25.0,2025-04-30_2026-03-31,12,0.01485159108653522,0.028079656548997578,0.01485159108653522,0.028079656548997578,-0.013228065462462357,0.1526631991381559,0.16581922441633876,-0.1020623061086734,-0.19546042589812018,0.5,-0.11632971840837453,0.32509016468607105,0.009746905912284998,0.5966793806233569
foundation_ensemble_volmanaged,25.0,2025-05-31_2026-04-30,12,-0.0967512958117196,-0.14610708694572017,-0.0967512958117196,-0.14610708694572017,0.04935579113400057,0.15991775645626546,-0.5608499047073077,-0.14468634975079053,-0.29138146686445754,0.5833333333333334,0.20856465748168984,0.35789448652540123,-0.041751941750983845,0.5794320667073684
foundation_ensemble_volmanaged,25.0,2025-06-30_2026-05-31,12,-0.09522526293124145,-0.18541351506394133,-0.09522526293124145,-0.18541351506394133,0.09018825213269988,0.16008070533662694,-0.5496636657847251,-0.14468634975079064,-0.34737666250868915,0.5833333333333334,0.40935087973583967,0.3175156809414167,-0.031611526712668314,0.5900562232226948
foundation_ensemble_volmanaged,25.0,2025-07-31_2026-06-30,12,0.016489463785223757,-0.1667764227923394,0.016489463785223757,-0.1667764227923394,0.18326588657756315,0.2008991933977704,0.1715135231441042,-0.14468634975079053,-0.34737666250868904,0.6666666666666666,0.9876557769583636,0.5397141744337931,0.12254288015543513,0.607531819317686
composite_chronos_blend_25,25.0,2016-01-31_2016-12-31,12,2.1515363079974774,0.1471553785298949,2.1515363079974774,0.1471553785298949,2.0043809294675823,0.4729212695924409,2.735187524109638,-0.03761120529299433,-0.05046191183613402,0.6666666666666666,2.5102966067695185,1.2579435112940582,1.9037306487484003,0.3611111111111111
composite_chronos_blend_25,25.0,2016-02-29_2017-01-31,12,1.8202759451449988,0.12910312615333996,1.8202759451449988,0.12910312615333996,1.6911728189916588,0.5104719531767768,2.3293928395488868,-0.11083296307169821,-0.05046191183613391,0.6666666666666666,2.1509778392017616,1.4854731513381845,1.6182819407438411,0.3055555555555556
composite_chronos_blend_25,25.0,2016-03-31_2017-02-28,12,2.1453458094712015,0.1492046756740173,2.1453458094712015,0.1492046756740173,1.9961411337971842,0.5047008318263443,2.5894970289839283,-0.11083296307169821,-0.05046191183613402,0.6666666666666666,2.391632955204285,1.5411056559512246,1.8259572937254402,0.3055555555555555
composite_chronos_blend_25,25.0,2016-04-30_2017-03-31,12,2.099443016789843,0.17503808646495478,2.099443016789843,0.17503808646495478,1.924404930324888,0.5048524491457783,2.5565737945422473,-0.11083296307169821,-0.05046191183613402,0.6666666666666666,2.31159536798149,1.562404380783953,1.6882363040768333,0.27777777777777773
composite_chronos_blend_25,25.0,2016-05-31_2017-04-30,12,2.211830685629608,0.19627580709932912,2.211830685629608,0.19627580709932912,2.015554878530279,0.4970101067708443,2.669204908144838,-0.11083296307169821,-0.05046191183613402,0.75,2.3655738935774933,1.3579696635476706,1.803337462804547,0.3055555555555555
composite_chronos_blend_25,25.0,2016-06-30_2017-05-31,12,1.3757377168665923,0.16211773486732262,1.3757377168665923,0.16211773486732262,1.2136199819992697,0.5583077361392155,1.8406995996453805,-0.15055512419635653,-0.05046191183613402,0.6666666666666666,1.590985000657699,1.2494802738005515,1.2411424556074762,0.3333333333333333
composite_chronos_blend_25,25.0,2016-07-31_2017-06-30,12,1.2021156612243105,0.11985678631409691,1.2021156612243105,0.11985678631409691,1.0822588749102136,0.5547059370755825,1.7016732802092072,-0.15055512419635664,-0.05046191183613402,0.6666666666666666,1.5104097691606313,1.1210398771222596,1.1964460684082492,0.3611111111111111
composite_chronos_blend_25,25.0,2016-08-31_2017-07-31,12,0.8159739513026347,0.08878533946639733,0.8159739513026347,0.08878533946639733,0.7271886118362374,0.5000064928931438,1.4322268125517268,-0.15055512419635653,-0.05046191183613402,0.6666666666666666,1.2468173517558498,0.1562504640765719,0.979001998348709,0.3333333333333333
composite_chronos_blend_25,25.0,2016-09-30_2017-08-31,12,1.0877359786134835,0.09996258200034913,1.0877359786134835,0.09996258200034913,0.9877733966131343,0.5004017333741165,1.728003877962161,-0.15055512419635653,-0.05046191183613402,0.75,1.5143977086437606,-0.03422593985387037,1.3119610505318793,0.3611111111111111
composite_chronos_blend_25,25.0,2016-10-31_2017-09-30,12,0.820662409883,0.1075588143605537,0.820662409883,0.1075588143605537,0.7131035955224463,0.4479368174622105,1.5631117409778126,-0.15055512419635653,-0.0004923640702735321,0.75,1.3093787883332626,-0.031669064493331546,0.9811075092766737,0.3611111111111111
composite_chronos_blend_25,25.0,2016-11-30_2017-10-31,12,0.8967201937579286,0.1559996199134983,0.8967201937579286,0.1559996199134983,0.7407205738444302,0.44250384687938865,1.6753516912625055,-0.15055512419635653,-0.008932388259170088,0.75,1.3085634770766186,-2.3691948821221653,1.8356742304651164,0.3611111111111111
composite_chronos_blend_25,25.0,2016-12-31_2017-11-30,12,0.9980734741756991,0.19992461049678534,0.9980734741756991,0.19992461049678534,0.7981488636789138,0.43452891083152534,1.826175123051443,-0.15055512419635653,-0.008932388259169977,0.75,1.3463147003828473,-1.0589003003381576,1.5896028272844953,0.3611111111111111
composite_chronos_blend_25,25.0,2017-01-31_2017-12-31,12,1.1342594204089416,0.24773371905633135,1.1342594204089416,0.24773371905633135,0.8865257013526102,0.5018085471934731,1.7633817041401683,-0.15055512419635653,-0.008932388259170088,0.75,1.3484044137118296,1.7764492229753108,0.60737385063325,0.3611111111111111
composite_chronos_blend_25,25.0,2017-02-28_2018-01-31,12,1.7277321136566695,0.22472528642954592,1.7277321136566695,0.22472528642954592,1.5030068272271235,0.46192606212409965,2.4508908214715417,-0.15055512419635664,-0.008932388259170088,0.8333333333333334,2.0513758843230074,1.4181910755435922,1.2496557270236197,0.3333333333333333
composite_chronos_blend_25,25.0,2017-03-31_2018-02-28,12,1.131850367448573,0.11150665310004948,1.131850367448573,0.11150665310004948,1.0203437143485234,0.5005292406636893,1.7642642850924628,-0.15055512419635653,-0.06307407298992962,0.75,1.6560554070131586,2.0009114801509402,0.9019346504707768,0.27777777777777773
composite_chronos_blend_25,25.0,2017-04-30_2018-03-31,12,1.1147362744944016,0.054403018339003184,1.1147362744944016,0.054403018339003184,1.0603332561553984,0.5001806352596747,1.747906560991211,-0.15055512419635653,-0.09250223900477905,0.75,1.7381713683124669,1.702590492489835,1.1173618781650085,0.25
composite_chronos_blend_25,25.0,2017-05-31_2018-04-30,12,1.2025587929978157,0.042771960341875914,1.2025587929978157,0.042771960341875914,1.1597868326559397,0.49770811617068006,1.842265472377009,-0.10893694463517367,-0.09416874157139277,0.75,1.8656763563577676,1.7233378757112128,1.241109863038763,0.19444444444444445
composite_chronos_blend_25,25.0,2017-06-30_2018-05-31,12,1.6520915780372518,-0.005226881237519021,1.6520915780372518,-0.005226881237519021,1.6573184592747707,0.43808546547157845,2.4887347622293166,-0.10893694463517356,-0.12207676452647664,0.8333333333333334,2.805607273833955,2.025384210340816,1.834423550001926,0.19444444444444442
composite_chronos_blend_25,25.0,2017-07-31_2018-06-30,12,1.6180322064655481,0.0163507796990916,1.6180322064655481,0.0163507796990916,1.6016814267664565,0.4392691868835968,2.4509733547001096,-0.10893694463517367,-0.12207676452647676,0.8333333333333334,2.682620488584041,1.8732846489039672,1.696706463839551,0.16666666666666666
composite_chronos_blend_25,25.0,2017-08-31_2018-07-31,12,1.350115962691817,0.02633003466478856,1.350115962691817,0.02633003466478856,1.3237859280270285,0.4575739775826748,2.1133228666842045,-0.10893694463517367,-0.12207676452647653,0.75,2.2404256027317024,1.747070471767174,1.4044609080722057,0.16666666666666666
composite_chronos_blend_25,25.0,2017-09-30_2018-08-31,12,0.9769522461395523,0.012828519177035869,0.9769522461395523,0.012828519177035869,0.9641237269625165,0.4670993526980195,1.6822293066655905,-0.10893694463517367,-0.12207676452647664,0.6666666666666666,1.8005360690602747,1.7954483884339245,1.0721388722155405,0.16666666666666666
composite_chronos_blend_25,25.0,2017-10-31_2018-09-30,12,0.6495385200825396,-0.028994428060318933,0.6495385200825396,-0.028994428060318933,0.6785329481428586,0.4795411905069426,1.2512417072205961,-0.1359038180273474,-0.12207676452647676,0.5833333333333334,1.431122998920281,1.8950963866626347,0.8710325820746998,0.16666666666666666
composite_chronos_blend_25,25.0,2017-11-30_2018-10-31,12,0.5824007830148268,0.017470333624036494,0.5824007830148268,0.017470333624036494,0.5649304493907903,0.48355140238824135,1.1544383151718514,-0.14885878838914635,-0.12207676452647676,0.5,1.1916565719585035,1.5376524406640706,0.6641649046255005,0.19444444444444442
composite_chronos_blend_25,25.0,2017-12-31_2018-11-30,12,0.7991782877124993,-0.025356283802123625,0.7991782877124993,-0.025356283802123625,0.824534571514623,0.49816579094099084,1.403430843707595,-0.14885878838914623,-0.12207676452647687,0.5833333333333334,1.6042738472025106,2.521590637135739,1.0703773780501016,0.2222222222222222
composite_chronos_blend_25,25.0,2018-01-31_2018-12-31,12,0.4292297895387096,-0.01099995180484914,0.4292297895387096,-0.01099995180484914,0.44022974134355874,0.30821121256590667,1.3132552425863786,-0.14885878838914623,-0.12095719505337177,0.5833333333333334,1.522607404433469,1.3523685250469282,0.4986575036071772,0.2222222222222222
composite_chronos_blend_25,25.0,2018-02-28_2019-01-31,12,0.24434538252223303,-0.023323412109537922,0.24434538252223303,-0.023323412109537922,0.26766879463177096,0.2892558638242133,0.8910921952157193,-0.14885878838914635,-0.06297476655901424,0.5833333333333334,1.1222410168001442,1.3771187438562782,0.3211002913245957,0.27777777777777773
composite_chronos_blend_25,25.0,2018-03-31_2019-02-28,12,0.21414656569642454,0.045204178762284775,0.21414656569642454,0.045204178762284775,0.16894238693413977,0.3004827787367605,0.785830650589349,-0.14885878838914657,-0.032589089243883484,0.5833333333333334,0.6590731864164454,1.0051220303420643,0.20443797597834612,0.3055555555555556
composite_chronos_blend_25,25.0,2018-04-30_2019-03-31,12,0.16794674009156374,0.07686204312787948,0.16794674009156374,0.07686204312787948,0.09108469696368426,0.2931301157790356,0.6644382081149148,-0.14885878838914646,-0.031039511736595693,0.5833333333333334,0.44143291865034445,1.5207002814252453,0.07926557179280036,0.3333333333333333
composite_chronos_blend_25,25.0,2018-05-31_2019-04-30,12,0.0221959403616121,0.03769148450195714,0.0221959403616121,0.03769148450195714,-0.015495544140345041,0.29705979042235325,0.20638863321325723,-0.15809792390263167,-0.04957195403333192,0.5,0.07692841687231952,1.6183742568734822,-0.005753008172517893,0.3611111111111111
composite_chronos_blend_25,25.0,2018-06-30_2019-05-31,12,0.06369285440527905,0.09645960452265201,0.06369285440527905,0.09645960452265201,-0.032766750117372956,0.30260938058836306,0.33981671348128667,-0.15809792390263178,-0.04957195403333203,0.5,0.025413286071920102,2.0333766083534917,-0.08918842867910381,0.3055555555555556
composite_chronos_blend_25,25.0,2018-07-31_2019-06-30,12,0.05572867661772629,0.07648721996967378,0.05572867661772629,0.07648721996967378,-0.02075854335194749,0.3015772224937773,0.3149466892880965,-0.15809792390263167,-0.04957195403333203,0.5,0.06729604369757113,2.00736527480749,-0.059296399625309526,0.3055555555555556
composite_chronos_blend_25,25.0,2018-08-31_2019-07-31,12,0.15371993856182486,0.051509897202665744,0.15371993856182486,0.051509897202665744,0.10221004135915912,0.29986158548700165,0.6144328020354445,-0.15809792390263167,-0.04957195403333203,0.5833333333333334,0.5080332405417445,1.941854843722039,0.08198911380627227,0.3333333333333333
composite_chronos_blend_25,25.0,2018-09-30_2019-08-31,12,0.23137002518548133,0.032217370272061396,0.23137002518548133,0.032217370272061396,0.19915265491341994,0.29378270738453444,0.84710975599374,-0.15809792390263155,-0.05569706120271434,0.6666666666666666,0.8382695025112055,1.679865283286723,0.20564508962570116,0.3611111111111111
composite_chronos_blend_25,25.0,2018-10-31_2019-09-30,12,0.2648160385985503,0.0680196854801034,0.2648160385985503,0.0680196854801034,0.1967963531184469,0.2867824602034334,0.956419036871688,-0.15809792390263178,-0.05569706120271445,0.6666666666666666,0.7981272286272562,1.4915623783141214,0.18410923546247915,0.38888888888888884
composite_chronos_blend_25,25.0,2018-11-30_2019-10-31,12,0.418347765606335,-0.007313909877188718,0.418347765606335,-0.007313909877188718,0.42566167548352374,0.2943916878115483,1.337846608779126,-0.15809792390263167,-0.07977064350808971,0.75,1.468948662307586,1.2935755779771654,0.479727638302085,0.3611111111111111
composite_chronos_blend_25,25.0,2018-12-31_2019-11-30,12,0.27818863399832683,0.01695714726683817,0.27818863399832683,0.01695714726683817,0.26123148673148866,0.25603869607316876,1.0868722767054515,-0.15809792390263167,-0.07977064350808971,0.75,1.0652089839113603,0.8589729951992476,0.29304474023402527,0.3611111111111111
composite_chronos_blend_25,25.0,2019-01-31_2019-12-31,12,0.055878107854969494,-0.0907583313333864,0.055878107854969494,-0.0907583313333864,0.1466364391883559,0.23545757537994996,0.34178953266633366,-0.14908763295735528,-0.08173242622854304,0.6666666666666666,0.7343301209721567,0.5722681229154846,0.14036685555755124,0.3611111111111111
composite_chronos_blend_25,25.0,2019-02-28_2020-01-31,12,-0.05169620117942242,-0.15374678206850467,-0.05169620117942242,-0.15374678206850467,0.10205058088908225,0.26344875757716985,-0.07715206902200314,-0.16516583627390602,-0.157070533612218,0.5833333333333334,0.5846825311623151,0.9351249541626244,0.1356438098563959,0.3333333333333333
composite_chronos_blend_25,25.0,2019-03-31_2020-02-29,12,-0.16580573379801222,-0.2983301643039218,-0.16580573379801222,-0.2983301643039218,0.13252443050590956,0.3313096541532089,-0.3771251868948678,-0.3615034775777841,-0.2968733323797681,0.5833333333333334,1.0384194111485812,1.416808031834141,0.4018790078821526,0.36111111111111116
composite_chronos_blend_25,25.0,2019-04-30_2020-03-31,12,-0.15933527875707654,-0.26938100433105683,-0.15933527875707654,-0.26938100433105683,0.11004572557398029,0.3329019585744658,-0.35095825209247405,-0.3615034775777841,-0.2897384073692094,0.5833333333333334,0.8837337499984491,1.3566401074348098,0.3124666542059169,0.3611111111111111
composite_chronos_blend_25,25.0,2019-05-31_2020-04-30,12,-0.13783962738874944,-0.23441422140073764,-0.13783962738874944,-0.23441422140073764,0.0965745940119882,0.32948712391778534,-0.2819592376307005,-0.361503477577784,-0.2897384073692094,0.5833333333333334,0.7466296809909077,1.28850121386035,0.24353521381831778,0.3611111111111111
composite_chronos_blend_25,25.0,2019-06-30_2020-05-31,12,-0.1753734218051738,-0.22854562482453433,-0.1753734218051738,-0.22854562482453433,0.05317220301936054,0.3215930813795797,-0.43296116854167216,-0.3615034775777841,-0.2897384073692095,0.5,0.4788023494043166,1.2194835579442602,0.1576442553035735,0.38888888888888884
composite_chronos_blend_25,25.0,2019-07-31_2020-06-30,12,-0.11420420578924873,-0.1941752572672133,-0.11420420578924873,-0.1941752572672133,0.07997105147796457,0.34379533454842676,-0.18045181549629072,-0.3615034775777841,-0.2827760862119635,0.5,0.6181134651407438,1.2753284691595985,0.19620638011738434,0.4166666666666667
composite_chronos_blend_25,25.0,2019-08-31_2020-07-31,12,-0.1596345608194213,-0.1722348942847023,-0.1596345608194213,-0.1722348942847023,0.012600333465281,0.33837637064142784,-0.3426366661172197,-0.3615034775777841,-0.27948217627529803,0.4166666666666667,0.23434554873582744,1.2440551041089998,0.09066994776076931,0.3888888888888889
composite_chronos_blend_25,25.0,2019-09-30_2020-08-31,12,-0.21143318163880154,-0.21057570090232802,-0.21143318163880154,-0.21057570090232802,-0.0008574807364735149,0.3372599502501552,-0.5310581551199471,-0.361503477577784,-0.27948217627529803,0.4166666666666667,0.1477725576216524,1.2061364280169047,0.0746516100776935,0.3888888888888889
composite_chronos_blend_25,25.0,2019-10-31_2020-09-30,12,-0.15680689954324145,-0.1766274605970889,-0.15680689954324145,-0.1766274605970889,0.01982056105384744,0.33869309192220237,-0.3322120435118017,-0.361503477577784,-0.2794821762752979,0.4166666666666667,0.2719242478390648,1.1775729784336055,0.08485335419621265,0.3611111111111111
composite_chronos_blend_25,25.0,2019-11-30_2020-10-31,12,-0.23648364060058236,-0.06643817837031618,-0.23648364060058236,-0.06643817837031618,-0.17004546223026618,0.3156856676610552,-0.6870556694543949,-0.3615034775777841,-0.2794821762752979,0.3333333333333333,-1.1955343948420303,1.0641874005294234,-0.1648710164650049,0.4166666666666667
composite_chronos_blend_25,25.0,2019-12-31_2020-11-30,12,0.11544536627457647,-0.050871312509224054,0.11544536627457647,-0.050871312509224054,0.16631667878380052,0.6418623781845145,0.41894050137865896,-0.3203758974168329,-0.2358764964179022,0.3333333333333333,0.5590556514670691,1.5542817484345057,0.3414128227239237,0.4444444444444444
composite_chronos_blend_25,25.0,2020-01-31_2020-12-31,12,0.4064742093565259,-0.013079995771551722,0.4064742093565259,-0.013079995771551722,0.4195542051280776,0.6540051299460802,0.7859593367099644,-0.23518160831795532,-0.16758179221927783,0.4166666666666667,0.9115721524154812,1.492198028806322,0.609220705965499,0.4166666666666667
composite_chronos_blend_25,25.0,2020-02-29_2021-01-31,12,0.8422805815833609,0.14471568274700242,0.8422805815833609,0.14471568274700242,0.6975648988363585,0.6410029865658692,1.2314502765690634,-0.04122319163045429,-0.07033476780972703,0.5,1.1548760116154904,1.4666290559781696,0.7054557577664577,0.4166666666666666
composite_chronos_blend_25,25.0,2020-03-31_2021-02-28,12,1.1347842920991948,0.3187076559568369,1.1347842920991948,0.3187076559568369,0.8160766361423579,0.5881265693620344,1.5486386275749566,-0.11374939018890162,-0.07033476780972703,0.5,1.1427898392910183,1.4580588562037426,0.6076024873828865,0.38888888888888884
composite_chronos_blend_25,25.0,2020-04-30_2021-03-31,12,0.9757048905261283,0.2712264885896778,0.9757048905261283,0.2712264885896778,0.7044784019364505,0.596534748549605,1.3951785913740835,-0.13570573949419618,-0.07033476780972714,0.4166666666666667,1.0578112680014387,1.5400245208359504,0.5396023647979498,0.38888888888888884
composite_chronos_blend_25,25.0,2020-05-31_2021-04-30,12,0.9755563021883655,0.2511461011810818,0.9755563021883655,0.2511461011810818,0.7244102010072837,0.5965492021315922,1.3950237710598732,-0.1704185358759457,-0.07033476780972703,0.4166666666666667,1.0925085822643066,1.5678282105329322,0.5662413633267942,0.4166666666666667
composite_chronos_blend_25,25.0,2020-06-30_2021-05-31,12,0.8922019090225852,0.22018559574957508,0.8922019090225852,0.22018559574957508,0.6720163132730101,0.6021030835163608,1.310818723212348,-0.19111892833246158,-0.07033476780972703,0.4166666666666667,1.0555768085582278,1.6372745894482754,0.5396624832541319,0.4444444444444445
composite_chronos_blend_25,25.0,2020-07-31_2021-06-30,12,0.8054218248980298,0.1787337447456181,0.8054218248980298,0.1787337447456181,0.6266880801524117,0.5994355898041976,1.2311212916283472,-0.19111892833246158,-0.07033476780972703,0.4166666666666667,1.0277210182437697,1.6373787422392871,0.5502437944767202,0.4166666666666667
composite_chronos_blend_25,25.0,2020-08-31_2021-07-31,12,0.6237487263025152,0.17406019021811336,0.6237487263025152,0.17406019021811336,0.44968853608440185,0.6192687059344192,1.0296769152879777,-0.22630179185529908,-0.0471551797914731,0.4166666666666667,0.8194123604082793,1.6530957550508252,0.41205918014810683,0.38888888888888884
composite_chronos_blend_25,25.0,2020-09-30_2021-08-31,12,0.8617688505889918,0.29094300690606567,0.8617688505889918,0.29094300690606567,0.5708258436829261,0.6125441149496119,1.2710989651614386,-0.22630179185529908,-0.0471551797914731,0.4166666666666667,0.9026532829896308,1.91351640649692,0.3042751858613044,0.3888888888888889
composite_chronos_blend_25,25.0,2020-10-31_2021-09-30,12,0.758612991961569,0.285307502281577,0.758612991961569,0.285307502281577,0.473305489679992,0.6189182406846481,1.1659954233679841,-0.2263017918552992,-0.04715517979147299,0.4166666666666667,0.7974757027477377,1.8642832607218103,0.26000154087580496,0.4444444444444445
composite_chronos_blend_25,25.0,2020-11-30_2021-10-31,12,0.785723789368916,0.164192612882329,0.785723789368916,0.164192612882329,0.621531176486587,0.6174796156230944,1.1936829794271901,-0.22630179185529908,-0.04715517979147299,0.5,1.0351044614191667,3.1824848242587915,0.25796300709574416,0.4166666666666666
composite_chronos_blend_25,25.0,2020-12-31_2021-11-30,12,0.3424655701037951,0.10075285366229347,0.3424655701037951,0.10075285366229347,0.2417127164415016,0.35846223906186714,0.9899953808077845,-0.2263017918552992,-0.04715517979147321,0.5,0.7469788452941782,1.159670943185056,0.2658120937691737,0.4166666666666667
composite_chronos_blend_25,25.0,2021-01-31_2021-12-31,12,0.12038593203434789,0.1311417024200292,0.12038593203434789,0.1311417024200292,-0.010755770385681318,0.31719452281081567,0.5009885464122342,-0.22630179185529908,-0.04715517979147299,0.4166666666666667,0.11245905246033402,1.8801828239018903,-0.07843345451633066,0.4444444444444444
composite_chronos_blend_25,25.0,2021-02-28_2022-01-31,12,0.024412892790361518,0.1035559333431273,0.024412892790361518,0.1035559333431273,-0.07914304055276578,0.27887055101992403,0.21230648411371703,-0.1269983912229835,-0.008710521467504728,0.4166666666666667,-0.16554281753413091,1.397556059423823,-0.08003674540797534,0.4166666666666667
composite_chronos_blend_25,25.0,2021-03-31_2022-02-28,12,0.27775735700550075,0.1814244316261513,0.27775735700550075,0.1814244316261513,0.09633292537934945,0.26277808074373804,1.0593805691548164,-0.10482084227666166,-0.008710521467504728,0.5,0.42232867796135243,0.858669335988494,0.14121923480298637,0.4166666666666666
composite_chronos_blend_25,25.0,2021-04-30_2022-03-31,12,0.5058025328028595,0.2056999327796627,0.5058025328028595,0.2056999327796627,0.3001026000231968,0.2848307723939386,1.5884288522247887,-0.103264584393568,-0.008710521467504728,0.5833333333333334,0.9386774099779268,0.9329534968460192,0.312558586926321,0.4166666666666666
composite_chronos_blend_25,25.0,2021-05-31_2022-04-30,12,0.6272658828193816,0.20202014645819677,0.6272658828193816,0.20202014645819677,0.4252457363611848,0.2719734067114929,1.9481950523174645,-0.103264584393568,-0.011058901373715124,0.6666666666666666,1.250839050556838,0.34506695860027353,0.5785582212964906,0.4166666666666667
composite_chronos_blend_25,25.0,2021-06-30_2022-05-31,12,0.36840241938699814,0.1547230806668567,0.36840241938699814,0.1547230806668567,0.21367933872014144,0.3484477628536601,1.0754780868979052,-0.18006212652343223,-0.04389760737316839,0.6666666666666666,0.7063163818415014,1.9847485708064891,0.08521972625962904,0.3888888888888889
composite_chronos_blend_25,25.0,2021-07-31_2022-06-30,12,0.36320674759728067,0.14515293481688385,0.36320674759728067,0.14515293481688385,0.21805381278039682,0.3480218983022032,1.065157042216555,-0.18006212652343223,-0.04389760737316839,0.6666666666666666,0.7186778481451614,1.9232802784006124,0.10826952759374708,0.4166666666666667
composite_chronos_blend_25,25.0,2021-08-31_2022-07-31,12,0.6367140266068627,0.16719366722844042,0.6367140266068627,0.16719366722844042,0.4695203593784223,0.31753250344319495,1.7340419416472506,-0.18006212652343223,-0.04389760737316839,0.75,1.36835596394847,1.9402027408068996,0.27193708159612173,0.4444444444444444
composite_chronos_blend_25,25.0,2021-09-30_2022-08-31,12,0.49706744953966053,0.11990803732841937,0.49706744953966053,0.11990803732841937,0.37715941221124116,0.3131212170742347,1.4580399561008757,-0.18006212652343234,-0.04389760737316817,0.75,1.2045641980339596,1.7596246474409276,0.28123341682702385,0.4444444444444444
composite_chronos_blend_25,25.0,2021-10-31_2022-09-30,12,0.8732230340694374,0.07700156092153554,0.8732230340694374,0.07700156092153554,0.7962214731479018,0.34899095016149567,2.0071684681874293,-0.18006212652343223,-0.04389760737316828,0.8333333333333334,2.0282820033627957,2.9233243818092705,0.5940163555160047,0.4166666666666667
composite_chronos_blend_25,25.0,2021-11-30_2022-10-31,12,0.8310675745245024,0.0837751064100245,0.8310675745245024,0.0837751064100245,0.7472924681144779,0.35277355651618103,1.9208580612735897,-0.18006212652343223,-0.04389760737316839,0.75,1.9075858642484715,3.002310524635283,0.522465274584262,0.4166666666666666
composite_chronos_blend_25,25.0,2021-12-31_2022-11-30,12,0.421182679418036,0.04089310124175727,0.421182679418036,0.04089310124175727,0.38028957817627873,0.3666749140487932,1.1413718732096103,-0.18006212652343223,-0.052330809109684795,0.6666666666666666,1.2046267511506714,3.166932575023826,0.32040570483655095,0.3611111111111111
composite_chronos_blend_25,25.0,2022-01-31_2022-12-31,12,0.6256462796742419,0.03139589518781816,0.6256462796742419,0.03139589518781816,0.5942503844864238,0.3746095782375994,1.496882611459732,-0.18006212652343223,-0.0538908420070876,0.75,1.6380558436757513,3.1311739401607266,0.5610891988110345,0.3333333333333333
composite_chronos_blend_25,25.0,2022-02-28_2023-01-31,12,0.4082627832557666,-0.006523085673795559,0.4082627832557666,-0.006523085673795559,0.41478586892956215,0.39388602946562656,1.0623232597656667,-0.18006212652343223,-0.053890842007087936,0.6666666666666666,1.2279398003617827,3.8466954702261993,0.5314792036945857,0.3611111111111111
composite_chronos_blend_25,25.0,2022-03-31_2023-02-28,12,0.20844029543194353,-0.03763942955797195,0.20844029543194353,-0.03763942955797195,0.24607972498991548,0.3944649148066438,0.6631314985233195,-0.18006212652343223,-0.05860315994470999,0.5833333333333334,0.852321066067665,4.116525670386492,0.4972416563727662,0.3333333333333333
composite_chronos_blend_25,25.0,2022-04-30_2023-03-31,12,0.07411877410178747,-0.0433257664262765,0.07411877410178747,-0.0433257664262765,0.11744454052806397,0.36931152817299195,0.3623952801930012,-0.18006212652343223,-0.052003665957635614,0.5833333333333334,0.5314924360575953,3.570743720678297,0.3247821596918765,0.3333333333333333
composite_chronos_blend_25,25.0,2022-05-31_2023-04-30,12,0.09434057931159723,-0.07213752035282106,0.09434057931159723,-0.07213752035282106,0.1664780996644183,0.37132828122407313,0.4130163565622553,-0.1254777060423975,-0.07596598010903766,0.5833333333333334,0.6623412857533089,2.43305134315561,0.38281297665881175,0.3333333333333333
composite_chronos_blend_25,25.0,2022-06-30_2023-05-31,12,0.32164810426387414,-0.0361282154897381,0.32164810426387414,-0.0361282154897381,0.35777631975361224,0.30859787581617887,1.0488584198274158,-0.1254777060423975,-0.07596598010903755,0.5833333333333334,1.2254686710601541,1.501713095817236,0.44729431047083335,0.3055555555555555
composite_chronos_blend_25,25.0,2022-07-31_2023-06-30,12,0.26110992911647224,-0.0028433046031512976,0.26110992911647224,-0.0028433046031512976,0.26395323371962354,0.30629738491050496,0.8978298790464161,-0.1254777060423976,-0.07596598010903743,0.5,0.9290840362941247,0.971079053707744,0.31213896726370893,0.27777777777777773
composite_chronos_blend_25,25.0,2022-08-31_2023-07-31,12,0.18389853599245898,-0.031389184091800915,0.18389853599245898,-0.031389184091800915,0.2152877200842599,0.3007241498420227,0.6952716347234396,-0.1254777060423975,-0.0655917893195096,0.5,0.807753384172522,0.8015544585278197,0.25904550480413113,0.2777777777777778
composite_chronos_blend_25,25.0,2022-09-30_2023-08-31,12,0.2318062220913315,-0.014331580574544756,0.2318062220913315,-0.014331580574544756,0.24613780266587626,0.30216617467877455,0.8270095390108861,-0.1254777060423976,-0.06559178931950937,0.5,0.8826770573595667,0.8126373336062058,0.29292527753540676,0.2777777777777778
composite_chronos_blend_25,25.0,2022-10-31_2023-09-30,12,-0.12315655577082629,-0.04883569016310929,-0.12315655577082629,-0.04883569016310929,-0.074320865607717,0.256306789768069,-0.39081525636544817,-0.13526040164054565,-0.06327241269436523,0.4166666666666667,-0.21520615685233865,0.9732853274433456,-0.052778639696617224,0.3055555555555555
composite_chronos_blend_25,25.0,2022-11-30_2023-10-31,12,-0.18808413762938347,-8.074453772832779e-05,-0.18808413762938347,-8.074453772832779e-05,-0.18800339309165515,0.2663064487945013,-0.652179443829747,-0.20508735811944157,-0.04084242285001627,0.4166666666666667,-0.6441640298586714,0.20649101936616054,-0.16116778359111106,0.3055555555555555
composite_chronos_blend_25,25.0,2022-12-31_2023-11-30,12,-0.009175766052846202,0.06162621592425688,-0.009175766052846202,0.06162621592425688,-0.07080198197710308,0.2692373732785941,0.09022206639310267,-0.20508735811944157,-0.04084242285001627,0.5,-0.1397865840516326,0.10250061990603836,0.017928030969922792,0.3333333333333333
composite_chronos_blend_25,25.0,2023-01-31_2023-12-31,12,-0.07290723419324119,0.05389394652891433,-0.07290723419324119,0.05389394652891433,-0.12680118072215552,0.23943873179965616,-0.2023419190746642,-0.20508735811944157,-0.04084242285001627,0.5,-0.4151860806011995,0.1076196459463608,-0.0531588185145917,0.3888888888888889
composite_chronos_blend_25,25.0,2023-02-28_2024-01-31,12,0.06280504195872805,0.06910062416905749,0.06280504195872805,0.06910062416905749,-0.006295582210329442,0.2318323393649387,0.37315118391147734,-0.20508735811944168,-0.04084242285001627,0.5833333333333334,0.0648373743824669,0.12856356649339046,0.08023087013885233,0.36111111111111116
composite_chronos_blend_25,25.0,2023-03-31_2024-02-29,12,0.17435894247672,0.07105311702696282,0.17435894247672,0.07105311702696282,0.1033058254497572,0.22565901451659473,0.8245740227128112,-0.20508735811944157,-0.04084242285001627,0.6666666666666666,0.466876688214338,-0.018308662217741505,0.20436371350123395,0.3611111111111111
composite_chronos_blend_25,25.0,2023-04-30_2024-03-31,12,0.03840436012691528,0.04605177038880415,0.03840436012691528,0.04605177038880415,-0.007647410261888865,0.25170042731224496,0.2694102356708938,-0.20508735811944157,-0.028914327222309355,0.5833333333333334,0.07252852678032122,0.14832087013111925,0.06228911139654869,0.3611111111111111
composite_chronos_blend_25,25.0,2023-05-31_2024-04-30,12,-0.10779549405068156,0.05087612226469651,-0.10779549405068156,0.05087612226469651,-0.15867161631537807,0.2624695725025784,-0.3085216495221686,-0.20508735811944157,-0.04720745865673304,0.5,-0.5460781641180172,1.0610986981922501,-0.12907867030549625,0.3333333333333333
composite_chronos_blend_25,25.0,2023-06-30_2024-05-31,12,-0.0908994539061686,0.06029804021364593,-0.0908994539061686,0.06029804021364593,-0.15119749411981454,0.2629050529843465,-0.236681652814795,-0.20508735811944157,-0.04720745865673304,0.5,-0.5062584904695261,1.0680472766839866,-0.12132426707583877,0.3888888888888889
composite_chronos_blend_25,25.0,2023-07-31_2024-06-30,12,-0.042647732023375795,0.046802268590376395,-0.042647732023375795,0.046802268590376395,-0.08945000061375219,0.2725060357393581,-0.030858634953224526,-0.20508735811944168,-0.04720745865673304,0.5833333333333334,-0.22936856891353868,1.3580589975763588,-0.07236239120252719,0.41666666666666674
composite_chronos_blend_25,25.0,2023-08-31_2024-07-31,12,-0.040769595619831844,0.10318514893952901,-0.040769595619831844,0.10318514893952901,-0.14395474455936086,0.27260400115093664,-0.023573766815332502,-0.20508735811944157,-0.04720745865673315,0.5,-0.4330222692467184,1.0431258738508051,-0.10808824654229898,0.4166666666666667
composite_chronos_blend_25,25.0,2023-09-30_2024-08-31,12,-0.08484437236077047,0.08473288946892565,-0.08484437236077047,0.08473288946892565,-0.16957726182969612,0.26720007691292247,-0.20448825667669907,-0.1798307548839333,-0.04720745865673315,0.5,-0.5720941233921142,1.0198526129974343,-0.13367039644301726,0.38888888888888884
composite_chronos_blend_25,25.0,2023-10-31_2024-09-30,12,0.18245217286790605,0.12170948346779942,0.18245217286790605,0.12170948346779942,0.06074268940010663,0.2513165943078166,0.7875797867516241,-0.1798307548839333,-0.047207458656732815,0.5833333333333334,0.31359404802130275,0.5294551601353852,0.14332246562403705,0.3888888888888889
composite_chronos_blend_25,25.0,2023-11-30_2024-10-31,12,0.23952701952489508,0.004734660022875703,0.23952701952489508,0.004734660022875703,0.23479235950201938,0.23603979002836348,1.0265322727481216,-0.1798307548839334,-0.07254414974326939,0.6666666666666666,1.1514522890553778,1.1453325674439236,0.256779265012006,0.3888888888888889
composite_chronos_blend_25,25.0,2023-12-31_2024-11-30,12,0.11343592504091116,-0.026522408525777696,0.11343592504091116,-0.026522408525777696,0.13995833356668885,0.2227345774637129,0.587118160535915,-0.1798307548839334,-0.07702368625268241,0.5833333333333334,0.7795613193195087,1.0198371603506604,0.16427413424341175,0.38888888888888884
composite_chronos_blend_25,25.0,2024-01-31_2024-12-31,12,0.06904113519785371,-0.013699490369203038,0.06904113519785371,-0.013699490369203038,0.08274062556705675,0.216893041914906,0.40841208497331727,-0.1798307548839333,-0.07702368625268208,0.5833333333333334,0.5217687596074728,1.0643014111041686,0.10247337885776231,0.3333333333333333
composite_chronos_blend_25,25.0,2024-02-29_2025-01-31,12,-0.06640377785179974,-0.14290566323586873,-0.06640377785179974,-0.14290566323586873,0.07650188538406899,0.2247420672690456,-0.2016698055374523,-0.1798307548839333,-0.18252959118595857,0.5833333333333334,0.5172467647350338,0.8288968665336541,0.0746283585135934,0.3888888888888889
composite_chronos_blend_25,25.0,2024-03-31_2025-02-28,12,-0.0781177646123995,-0.10676537761977256,-0.0781177646123995,-0.10676537761977256,0.028647613007373063,0.22179341115670392,-0.26364559587673386,-0.11008838149995692,-0.1825295911859588,0.5,0.22889997865261333,0.8150449419022666,0.02307774296465559,0.4166666666666667
composite_chronos_blend_25,25.0,2024-04-30_2025-03-31,12,0.07249134172867833,-0.06461005552580057,0.07249134172867833,-0.06461005552580057,0.1371013972544789,0.20345435635841855,0.43790413947081397,-0.11008838149995692,-0.18252959118595868,0.5833333333333334,0.9506899617413384,0.8322471479528106,0.14157143853737675,0.4444444444444444
composite_chronos_blend_25,25.0,2024-05-31_2025-04-30,12,0.1445881584887947,0.02942056800377868,0.1445881584887947,0.02942056800377868,0.11516759048501601,0.1785455585290221,0.8408645512310646,-0.11008838149995681,-0.18252959118595857,0.5833333333333334,0.6249993372013631,0.5480421176494762,0.1335945911887655,0.4444444444444444
composite_chronos_blend_25,25.0,2024-06-30_2025-05-31,12,0.16509908322060207,-0.019239253194651806,0.16509908322060207,-0.019239253194651806,0.18433833641525388,0.17907259192717978,0.9393612455672622,-0.11008838149995681,-0.18252959118595835,0.6666666666666666,0.9727634229661483,0.5113566078207595,0.18416913809111968,0.4444444444444444
composite_chronos_blend_25,25.0,2024-07-31_2025-06-30,12,0.36090191165049945,0.03150250800801424,0.36090191165049945,0.03150250800801424,0.3293994036424852,0.29206324798990463,1.190343624743874,-0.1100883814999567,-0.1825295911859589,0.6666666666666666,1.2785714221923619,0.8987296904537937,0.34942205690865435,0.4166666666666667
composite_chronos_blend_25,25.0,2024-08-31_2025-07-31,12,0.2231188771349999,0.02082724764079913,0.2231188771349999,0.02082724764079913,0.20229162949420076,0.31535662611162296,0.777292032568128,-0.11008838149995692,-0.1720911800730176,0.6666666666666666,0.746796777193745,0.802921021046448,0.236794026777845,0.4166666666666666
composite_chronos_blend_25,25.0,2024-09-30_2025-08-31,12,0.5810466520248667,0.07082064647411035,0.5810466520248667,0.07082064647411035,0.5102260055507564,0.41581761812542617,1.2940181287962842,-0.11008838149995692,-0.1720911800730176,0.6666666666666666,1.2160119677659822,0.9649769098943435,0.5626517160500488,0.38888888888888884
composite_chronos_blend_25,25.0,2024-10-31_2025-09-30,12,0.4573395347469884,0.07787885846139209,0.4573395347469884,0.07787885846139209,0.3794606762855963,0.40831831522101414,1.1036803081744466,-0.08981442544320506,-0.11858833109117162,0.6666666666666666,0.9853989209460711,0.9654847159117932,0.42703658882585915,0.3611111111111111
composite_chronos_blend_25,25.0,2024-11-30_2025-10-31,12,0.5281525113543264,0.1960061542824556,0.5281525113543264,0.1960061542824556,0.3321463570718708,0.40170052335880996,1.2384246068856073,-0.08981442544320506,-0.11795970406671652,0.5833333333333334,0.8190235701150411,0.8932165584680613,0.3747270550462387,0.3888888888888889
composite_chronos_blend_25,25.0,2024-12-31_2025-11-30,12,0.8273666612811508,0.22133541890163522,0.8273666612811508,0.22133541890163522,0.6060312423795156,0.41801809277508123,1.6513959242152971,-0.08981442544320506,-0.11795970406671652,0.6666666666666666,1.2148531433094807,0.8555256239943589,0.6394772980579846,0.4166666666666667
composite_chronos_blend_25,25.0,2025-01-31_2025-12-31,12,0.5382628048222737,0.17166648362633885,0.5382628048222737,0.17166648362633885,0.3665963211959349,0.46384876094636485,1.1417149204346515,-0.1447866479087806,-0.03669877287899381,0.5833333333333334,0.8487654852553866,1.093744920898235,0.3941840684690989,0.4444444444444444
composite_chronos_blend_25,25.0,2025-02-28_2026-01-31,12,0.7917709225795324,0.31334945156909844,0.7917709225795324,0.31334945156909844,0.478421471010434,0.445069936317865,1.5316523149778725,-0.1447866479087806,-0.04758367670999886,0.5833333333333334,0.9491716037020693,1.1854498016197006,0.40714655516110265,0.4444444444444444
composite_chronos_blend_25,25.0,2025-03-31_2026-02-28,12,0.4875701867134079,0.08257309459079365,0.4875701867134079,0.08257309459079365,0.40499709212261426,0.48716436743958225,1.0386141387343941,-0.2099565415025504,-0.18488813271044613,0.6666666666666666,0.9665174765945529,1.2101807982195445,0.46011622716389344,0.4444444444444444
composite_chronos_blend_25,25.0,2025-04-30_2026-03-31,12,0.5390793875556847,0.028079656548997578,0.5390793875556847,0.028079656548997578,0.5109997310066872,0.48922560821569044,1.1086143735556306,-0.2099565415025504,-0.19546042589812018,0.6666666666666666,1.1661801213019318,1.2054314048768804,0.6079389116438538,0.4444444444444444
composite_chronos_blend_25,25.0,2025-05-31_2026-04-30,12,0.30176533230906455,-0.14610708694572017,0.30176533230906455,-0.14610708694572017,0.4478724192547847,0.5352523979801489,0.7341288027563015,-0.29598242731992785,-0.29138146686445754,0.6666666666666666,1.2654503277755322,1.5931808920683084,0.800457602945124,0.47222222222222227
composite_chronos_blend_25,25.0,2025-06-30_2026-05-31,12,0.15975042486276037,-0.18541351506394133,0.15975042486276037,-0.18541351506394133,0.3451639399267017,0.5481189516615645,0.5124718823907419,-0.3557999745897692,-0.34737666250868915,0.5833333333333334,1.096244033089684,1.616927147297783,0.7379315040440899,0.4444444444444444
composite_chronos_blend_25,25.0,2025-07-31_2026-06-30,12,0.046250624562946596,-0.1667764227923394,0.046250624562946596,-0.1667764227923394,0.213027047355286,0.5057061686541977,0.3140929723127555,-0.3557999745897692,-0.34737666250868904,0.5833333333333334,0.7902653191313902,1.3140489519851226,0.4226499515919824,0.47222222222222215
composite_chronos_blend_50,25.0,2016-01-31_2016-12-31,12,1.4201250596829635,0.1471553785298949,1.4201250596829635,0.1471553785298949,1.2729696811530686,0.3843101400000054,2.5393369760187308,-0.02153804233900869,-0.05046191183613402,0.75,2.343474685370464,1.705953649670343,1.0379379590700974,0.38888888888888884
composite_chronos_blend_50,25.0,2016-02-29_2017-01-31,12,1.1583012814252842,0.12910312615333996,1.1583012814252842,0.12910312615333996,1.0291981552719442,0.42304720239445615,2.0515837797143264,-0.10991618783194534,-0.05046191183613391,0.75,1.8785767435443466,1.8914895071568711,0.8476882132893426,0.3611111111111111
composite_chronos_blend_50,25.0,2016-03-31_2017-02-28,12,1.3250815907223306,0.1492046756740173,1.3250815907223306,0.1492046756740173,1.1758769150483133,0.4279749505658775,2.219053259250516,-0.10991618783194534,-0.05046191183613402,0.75,2.03071916262944,1.9666923304067463,0.9132654385917256,0.3611111111111111
composite_chronos_blend_50,25.0,2016-04-30_2017-03-31,12,1.1785794706808908,0.17503808646495478,1.1785794706808908,0.17503808646495478,1.003541384215936,0.43698178402934285,2.021052104847488,-0.10991618783194534,-0.05046191183613402,0.6666666666666666,1.7526566602943436,1.8750042060994543,0.7472805547946237,0.3333333333333333
composite_chronos_blend_50,25.0,2016-05-31_2017-04-30,12,1.2322130138706706,0.19627580709932912,1.2322130138706706,0.19627580709932912,1.0359372067713415,0.43330827814828154,2.0951683262648566,-0.10991618783194534,-0.05046191183613402,0.6666666666666666,1.7727492435424332,1.8131444086007031,0.7514436939467295,0.3333333333333333
composite_chronos_blend_50,25.0,2016-06-30_2017-05-31,12,0.8513864358125538,0.16211773486732262,0.8513864358125538,0.16211773486732262,0.6892687009452312,0.45499775300441825,1.576610754050016,-0.10991618783194534,-0.05046191183613402,0.5833333333333334,1.295824927801855,1.8139659602716658,0.5364485933503769,0.3333333333333333
composite_chronos_blend_50,25.0,2016-07-31_2017-06-30,12,0.7234846111779207,0.11985678631409691,0.7234846111779207,0.11985678631409691,0.6036278248638238,0.4454940726866638,1.4325899571132823,-0.10991618783194534,-0.05046191183613402,0.5833333333333334,1.2123280263386338,1.5807318857928798,0.561297132923593,0.3055555555555556
composite_chronos_blend_50,25.0,2016-08-31_2017-07-31,12,0.42237653890135674,0.08878533946639733,0.42237653890135674,0.08878533946639733,0.3335911994349594,0.35802013241632874,1.1486451868469654,-0.10991618783194534,-0.05046191183613402,0.5833333333333334,0.9038708638258842,0.5227131585037784,0.4330641481672579,0.25
composite_chronos_blend_50,25.0,2016-09-30_2017-08-31,12,0.6352363828071252,0.09996258200034913,0.6352363828071252,0.09996258200034913,0.5352738008067761,0.36987804996109935,1.513502983459416,-0.10991618783194523,-0.05046191183613402,0.6666666666666666,1.2428848422327523,0.3944904724689518,0.665432137383982,0.27777777777777785
composite_chronos_blend_50,25.0,2016-10-31_2017-09-30,12,0.4260488126603159,0.1075588143605537,0.4260488126603159,0.1075588143605537,0.3184899982997622,0.2791689329204618,1.4159551737329354,-0.10991618783194534,-0.0004923640702735321,0.6666666666666666,1.0338245851705181,0.4252800131880946,0.41276028056689706,0.2777777777777778
composite_chronos_blend_50,25.0,2016-11-30_2017-10-31,12,0.48562169767164853,0.1559996199134983,0.48562169767164853,0.1559996199134983,0.3296220777581502,0.2745541689688769,1.5897225899776437,-0.10991618783194534,-0.008932388259170088,0.6666666666666666,1.0326183982153556,-0.40308694637234344,0.6252029785885114,0.2777777777777778
composite_chronos_blend_50,25.0,2016-12-31_2017-11-30,12,0.5392991610462838,0.19992461049678534,0.5392991610462838,0.19992461049678534,0.3393745505494985,0.27064990842202485,1.74518328870218,-0.10991618783194534,-0.008932388259169977,0.6666666666666666,1.0183523845239133,-0.11790779075717239,0.623089386309585,0.25
composite_chronos_blend_50,25.0,2017-01-31_2017-12-31,12,1.1149843153504322,0.24773371905633135,1.1149843153504322,0.24773371905633135,0.8672505962941008,0.47679830202321916,1.8079452238156501,-0.07388801098440256,-0.008932388259170088,0.6666666666666666,1.3700621219955347,1.6562897933887044,0.6139576235047164,0.2777777777777778
composite_chronos_blend_50,25.0,2017-02-28_2018-01-31,12,1.7003130311406434,0.22472528642954592,1.7003130311406434,0.22472528642954592,1.4755877447110974,0.43627229816747215,2.5405206267701,-0.07388801098440267,-0.008932388259170088,0.75,2.114989372714568,1.2997925702782602,1.2511653490678825,0.2222222222222222
composite_chronos_blend_50,25.0,2017-03-31_2018-02-28,12,1.0621283069098206,0.11150665310004948,1.0621283069098206,0.11150665310004948,0.9506216538097711,0.484622174663881,1.731047686488096,-0.12932713983423916,-0.06307407298992962,0.6666666666666666,1.6268214757669677,2.0672327514922646,0.8110711030744597,0.19444444444444442
composite_chronos_blend_50,25.0,2017-04-30_2018-03-31,12,1.165557586167413,0.054403018339003184,1.165557586167413,0.054403018339003184,1.1111545678284098,0.47812989783220783,1.8583460865853267,-0.12932713983423927,-0.09250223900477905,0.75,1.9038628008516452,2.046166263825576,1.1055597459768927,0.19444444444444442
composite_chronos_blend_50,25.0,2017-05-31_2018-04-30,12,1.3902842916555742,0.042771960341875914,1.3902842916555742,0.042771960341875914,1.3475123313136983,0.478727488688445,2.078783320683567,-0.12932713983423927,-0.09416874157139277,0.75,2.1694676374249684,2.0344028900460995,1.3776807802204218,0.16666666666666666
composite_chronos_blend_50,25.0,2017-06-30_2018-05-31,12,1.495292116973478,-0.005226881237519021,1.495292116973478,-0.005226881237519021,1.500518998210997,0.4657411938206511,2.2241018263420593,-0.12932713983423916,-0.12207676452647664,0.75,2.538781262960404,2.3803373656373785,1.6953682512239623,0.16666666666666666
composite_chronos_blend_50,25.0,2017-07-31_2018-06-30,12,1.4536657777806323,0.0163507796990916,1.4536657777806323,0.0163507796990916,1.4373149980815407,0.4669067536438881,2.180446154883059,-0.12932713983423927,-0.12207676452647676,0.75,2.416984802440234,2.2219096644843357,1.5362261426721031,0.13888888888888887
composite_chronos_blend_50,25.0,2017-08-31_2018-07-31,12,1.2008580469786292,0.02633003466478856,1.2008580469786292,0.02633003466478856,1.1745280123138406,0.482967902872524,1.8792059976925661,-0.12932713983423927,-0.12207676452647653,0.6666666666666666,2.0184487337193397,2.095833312302179,1.251027183706066,0.16666666666666666
composite_chronos_blend_50,25.0,2017-09-30_2018-08-31,12,0.8513942837208321,0.012828519177035869,0.8513942837208321,0.012828519177035869,0.8385657645437963,0.49000852912516146,1.4823473609242797,-0.12932713983423927,-0.12207676452647664,0.5833333333333334,1.6078799594593285,2.1374329766364215,0.9470384014690252,0.16666666666666666
composite_chronos_blend_50,25.0,2017-10-31_2018-09-30,12,0.5447748891363748,-0.028994428060318933,0.5447748891363748,-0.028994428060318933,0.5737693171966938,0.49988005111580164,1.0814925829340625,-0.1359038180273473,-0.12207676452647676,0.5,1.2597761124943194,2.214826571064404,0.7805246052648673,0.16666666666666666
composite_chronos_blend_50,25.0,2017-11-30_2018-10-31,12,0.44678097900646874,0.017470333624036494,0.44678097900646874,0.017470333624036494,0.42931064538243224,0.5066721160607623,0.9384388968163516,-0.16903031392769452,-0.12207676452647676,0.4166666666666667,0.9713105859738258,1.7853163620626418,0.5278347873684051,0.2222222222222222
composite_chronos_blend_50,25.0,2017-12-31_2018-11-30,12,0.6028941696515882,-0.025356283802123625,0.6028941696515882,-0.025356283802123625,0.6282504534537118,0.5161068784223981,1.1363360112459104,-0.16903031392769474,-0.12207676452647687,0.5,1.3127848767622607,2.7655767342286635,0.8699538807050176,0.25
composite_chronos_blend_50,25.0,2018-01-31_2018-12-31,12,0.21120801236015696,-0.01099995180484914,0.21120801236015696,-0.01099995180484914,0.2222079641650061,0.3107552049856863,0.7614521149035719,-0.16903031392769463,-0.12095719505337177,0.5,0.8841997929915424,1.327197639147097,0.2722353570635012,0.25
composite_chronos_blend_50,25.0,2018-02-28_2019-01-31,12,0.04171833511055678,-0.023323412109537922,0.04171833511055678,-0.023323412109537922,0.0650417472200947,0.2852499004674873,0.27204677291779955,-0.16903031392769452,-0.06297476655901424,0.4166666666666667,0.392663232506714,1.350093524181562,0.10591700533533754,0.3055555555555555
composite_chronos_blend_50,25.0,2018-03-31_2019-02-28,12,0.04024087239462126,0.045204178762284775,0.04024087239462126,0.045204178762284775,-0.004963306367663511,0.28589315307424035,0.2671153334966535,-0.1690303139276944,-0.032589089243883484,0.4166666666666667,0.10269523904207885,0.9224143334137459,0.03216945802714566,0.3055555555555556
composite_chronos_blend_50,25.0,2018-04-30_2019-03-31,12,0.046823339736804304,0.07686204312787948,0.046823339736804304,0.07686204312787948,-0.030038703391075172,0.2867877462005268,0.28920851848169987,-0.16903031392769463,-0.031039511736595693,0.4166666666666667,0.019434848338227326,1.2201018299672615,-0.011863403468511002,0.3055555555555556
composite_chronos_blend_50,25.0,2018-05-31_2019-04-30,12,-0.14853390685625711,0.03769148450195714,-0.14853390685625711,0.03769148450195714,-0.18622539135821425,0.26122250592948326,-0.4928139513813758,-0.18021876641205714,-0.04957195403333192,0.3333333333333333,-0.7607622883462127,1.4428438472830762,-0.1730685984461079,0.3055555555555555
composite_chronos_blend_50,25.0,2018-06-30_2019-05-31,12,-0.02813399037833264,0.09645960452265201,-0.02813399037833264,0.09645960452265201,-0.12459359490098465,0.28323596914887467,0.0281531354151565,-0.18021876641205714,-0.04957195403333203,0.4166666666666667,-0.3642765044046236,1.7491293190522053,-0.14923076148887227,0.3333333333333333
composite_chronos_blend_50,25.0,2018-07-31_2019-06-30,12,-0.06522545192115203,0.07648721996967378,-0.06522545192115203,0.07648721996967378,-0.14171267189082581,0.27862456184429224,-0.11502604713773068,-0.18021876641205725,-0.04957195403333203,0.4166666666666667,-0.45650762705738607,1.6997109328632733,-0.15230318362664708,0.3888888888888889
composite_chronos_blend_50,25.0,2018-08-31_2019-07-31,12,0.021539016666489497,0.051509897202665744,0.021539016666489497,0.051509897202665744,-0.029970880536176248,0.2804665183213599,0.2039992679428006,-0.18021876641205714,-0.04957195403333203,0.5,0.012450239841307232,1.6084719362376796,-0.02950440057944459,0.4166666666666667
composite_chronos_blend_50,25.0,2018-09-30_2019-08-31,12,0.10201535631060166,0.032217370272061396,0.10201535631060166,0.032217370272061396,0.06979798603854026,0.27752095359461576,0.47871833155982285,-0.18021876641205725,-0.05569706120271434,0.5833333333333334,0.3893289030406807,1.3154792161848161,0.08900329119261241,0.4444444444444444
composite_chronos_blend_50,25.0,2018-10-31_2019-09-30,12,0.14780798445531973,0.0680196854801034,0.14780798445531973,0.0680196854801034,0.07978829897521633,0.2685969344106621,0.6393982141584008,-0.18021876641205714,-0.05569706120271445,0.5833333333333334,0.4112583522846678,1.138756703103837,0.09626871171101503,0.47222222222222215
composite_chronos_blend_50,25.0,2018-11-30_2019-10-31,12,0.31738669341792347,-0.007313909877188718,0.31738669341792347,-0.007313909877188718,0.3247006032951122,0.2756991549812244,1.1382619510203185,-0.18021876641205714,-0.07977064350808971,0.6666666666666666,1.2191046316238672,0.9861901344741899,0.3676707595882236,0.44444444444444436
composite_chronos_blend_50,25.0,2018-12-31_2019-11-30,12,0.2183754751310012,0.01695714726683817,0.2183754751310012,0.01695714726683817,0.20141832786416303,0.2492934797078709,0.9152636390664735,-0.18021876641205714,-0.07977064350808971,0.6666666666666666,0.8566512466114079,0.6909497679486969,0.23541494785624906,0.44444444444444436
composite_chronos_blend_50,25.0,2019-01-31_2019-12-31,12,0.0703813817289789,-0.0907583313333864,0.0703813817289789,-0.0907583313333864,0.1611397130623653,0.24780409838217504,0.3904767776323008,-0.16125772107428527,-0.08173242622854304,0.6666666666666666,0.7752404117722637,0.6636021591475806,0.1683329784773615,0.44444444444444436
composite_chronos_blend_50,25.0,2019-02-28_2020-01-31,12,0.03613001544783323,-0.15374678206850467,0.03613001544783323,-0.15374678206850467,0.1898767975163379,0.2539250146299765,0.25789471644878575,-0.10079336944966977,-0.157070533612218,0.75,0.9337730759766347,0.7227902765615984,0.19566088473495502,0.4166666666666666
composite_chronos_blend_50,25.0,2019-03-31_2020-02-29,12,0.039329223347513986,-0.2983301643039218,0.039329223347513986,-0.2983301643039218,0.33765938765143577,0.2523656807183581,0.2701256389180579,-0.21578165519215942,-0.2968733323797681,0.8333333333333334,2.3120104172303964,0.9408299901793953,0.4517953263842165,0.4444444444444444
composite_chronos_blend_50,25.0,2019-04-30_2020-03-31,12,0.3938136215252217,-0.26938100433105683,0.3938136215252217,-0.26938100433105683,0.6631946258562785,0.4711359519952503,0.9016645728506092,-0.21578165519215953,-0.2897384073692094,0.8333333333333334,1.9129171556860927,1.4723042370363957,1.2734612601680522,0.47222222222222227
composite_chronos_blend_50,25.0,2019-05-31_2020-04-30,12,0.6366908481102165,-0.23441422140073764,0.6366908481102165,-0.23441422140073764,0.8711050695109541,0.4563385426928262,1.2831948609568988,-0.21578165519215953,-0.2897384073692094,0.9166666666666666,2.3187750949366785,1.431368768719128,1.456186554923545,0.5
composite_chronos_blend_50,25.0,2019-06-30_2020-05-31,12,0.508635020276945,-0.22854562482453433,0.508635020276945,-0.22854562482453433,0.7371806451014793,0.4532038106560951,1.1015623644381358,-0.21578165519215964,-0.2897384073692095,0.8333333333333334,2.0029484599613068,1.3053490308332294,1.1815116391189866,0.5
composite_chronos_blend_50,25.0,2019-07-31_2020-06-30,12,0.7516495764549807,-0.1941752572672133,0.7516495764549807,-0.1941752572672133,0.945824833722194,0.4691621432221552,1.410405910766686,-0.21578165519215942,-0.2827760862119635,0.8333333333333334,2.332071064383214,1.393405995701594,1.4416198461398424,0.5
composite_chronos_blend_50,25.0,2019-08-31_2020-07-31,12,0.6994227630578704,-0.1722348942847023,0.6994227630578704,-0.1722348942847023,0.8716576573425727,0.4705107908097529,1.3397644083025708,-0.21578165519215953,-0.27948217627529803,0.8333333333333334,2.1351162229067415,1.3390885524354137,1.2710627315476186,0.47222222222222227
composite_chronos_blend_50,25.0,2019-09-30_2020-08-31,12,0.5706852253788852,-0.21057570090232802,0.5706852253788852,-0.21057570090232802,0.7812609262812132,0.48000492465722644,1.1497995737626903,-0.21578165519215953,-0.27948217627529803,0.8333333333333334,2.034582217962606,1.3599586073817715,1.2422732354005768,0.44444444444444436
composite_chronos_blend_50,25.0,2019-10-31_2020-09-30,12,0.7071776123198532,-0.1766274605970889,0.7071776123198532,-0.1766274605970889,0.8838050729169421,0.4737113700075026,1.3438775492048907,-0.21578165519215942,-0.2794821762752979,0.9166666666666666,2.2021573956973954,1.3032386744408824,1.276683409753908,0.44444444444444436
composite_chronos_blend_50,25.0,2019-11-30_2020-10-31,12,0.6597844117175016,-0.06643817837031618,0.6597844117175016,-0.06643817837031618,0.7262225900878178,0.47111839508787545,1.2862349970411828,-0.21578165519215953,-0.2794821762752979,0.8333333333333334,1.7595106657716737,1.154065760596876,0.8783658678323445,0.49999999999999994
composite_chronos_blend_50,25.0,2019-12-31_2020-11-30,12,1.167227314927239,-0.050871312509224054,1.167227314927239,-0.050871312509224054,1.2180986274364631,0.572887800929189,1.6201933149414502,-0.1748694970483391,-0.2358764964179022,0.8333333333333334,2.146762205079762,1.4527874617857075,1.50601890924167,0.5555555555555555
composite_chronos_blend_50,25.0,2020-01-31_2020-12-31,12,1.7195204766225771,-0.013079995771551722,1.7195204766225771,-0.013079995771551722,1.7326004723941288,0.5654967333445446,2.0696706754000704,-0.12787748870592164,-0.16758179221927783,0.8333333333333334,2.546234737328952,1.3600852976720685,1.9829274130787438,0.5833333333333334
composite_chronos_blend_50,25.0,2020-02-29_2021-01-31,12,2.265915457966406,0.14471568274700242,2.265915457966406,0.14471568274700242,2.121199775219403,0.5414080072224019,2.512859238098822,-0.04268414010443866,-0.07033476780972703,0.8333333333333334,2.6718209819857313,1.254053060500016,2.0049896143419894,0.5833333333333334
composite_chronos_blend_50,25.0,2020-03-31_2021-02-28,12,2.277065854415672,0.3187076559568369,2.277065854415672,0.3187076559568369,1.958358198458835,0.5399668526731449,2.5250803486575415,-0.12489991262398781,-0.07033476780972703,0.75,2.2269519612926505,1.58599357376887,1.3806686875433205,0.5555555555555555
composite_chronos_blend_50,25.0,2020-04-30_2021-03-31,12,1.364557643347073,0.2712264885896778,1.364557643347073,0.2712264885896778,1.0933311547573952,0.44510391771386976,2.185989488778913,-0.12489991262398792,-0.07033476780972714,0.75,1.8858976017472606,1.4516186696891165,0.8003961005231368,0.5833333333333333
composite_chronos_blend_50,25.0,2020-05-31_2021-04-30,12,1.1481394767653548,0.2511461011810818,1.1481394767653548,0.2511461011810818,0.896993375584273,0.45547533142827257,1.9185178623904762,-0.1285580301097924,-0.07033476780972703,0.6666666666666666,1.6442062670441622,1.5193735720097938,0.6484636778374719,0.611111111111111
composite_chronos_blend_50,25.0,2020-06-30_2021-05-31,12,1.0591889538203394,0.22018559574957508,1.0591889538203394,0.22018559574957508,0.8390033580707643,0.4629753024846273,1.7964642297114206,-0.15030296000507892,-0.07033476780972703,0.6666666666666666,1.5868089829504277,1.592612299063861,0.6187183111915324,0.611111111111111
composite_chronos_blend_50,25.0,2020-07-31_2021-06-30,12,0.8754802802207589,0.1787337447456181,0.8754802802207589,0.1787337447456181,0.6967465354751408,0.44950072959811194,1.617877205690402,-0.15030296000507892,-0.07033476780972703,0.6666666666666666,1.437632241993684,1.521828951245273,0.5649959198260182,0.5833333333333334
composite_chronos_blend_50,25.0,2020-08-31_2021-07-31,12,0.6424477629975758,0.17406019021811336,0.6424477629975758,0.17406019021811336,0.4683875727794624,0.47898494763304034,1.2537875781999648,-0.19069991585076196,-0.0471551797914731,0.5833333333333334,1.0267380902653043,1.5350994657038877,0.3894868394960753,0.5833333333333334
composite_chronos_blend_50,25.0,2020-09-30_2021-08-31,12,0.8242690570402786,0.29094300690606567,0.8242690570402786,0.29094300690606567,0.533326050134213,0.4682056446282997,1.5089984655453828,-0.19069991585076196,-0.0471551797914731,0.5833333333333334,1.059205512951163,1.735613892675211,0.2731518936360764,0.611111111111111
composite_chronos_blend_50,25.0,2020-10-31_2021-09-30,12,0.8050650747383374,0.285307502281577,0.8050650747383374,0.285307502281577,0.5197575724567605,0.4683250483405048,1.4848008555554042,-0.19069991585076207,-0.04715517979147299,0.5,1.0419882730310768,1.744944130868355,0.2661599472931584,0.6388888888888888
composite_chronos_blend_50,25.0,2020-11-30_2021-10-31,12,0.7083740683666586,0.164192612882329,0.7083740683666586,0.164192612882329,0.5441814554843296,0.4698214717994075,1.357722622771085,-0.19069991585076218,-0.04715517979147299,0.5833333333333334,1.1640144032063349,2.4905544678602642,0.271218969966629,0.5833333333333334
composite_chronos_blend_50,25.0,2020-12-31_2021-11-30,12,0.4242787824117884,0.10075285366229347,0.4242787824117884,0.10075285366229347,0.32352592874949493,0.33440240790434195,1.22318877757649,-0.19069991585076207,-0.04715517979147321,0.5833333333333334,0.9867222366931633,1.2349089664101036,0.32485434750651,0.5277777777777778
composite_chronos_blend_50,25.0,2021-01-31_2021-12-31,12,0.17968017304852868,0.1311417024200292,0.17968017304852868,0.1311417024200292,0.048538470628499475,0.2879760835854888,0.7091649184415174,-0.19069991585076196,-0.04715517979147299,0.5,0.3198771420924304,1.9785460019850865,-0.047592562420014195,0.5277777777777778
composite_chronos_blend_50,25.0,2021-02-28_2022-01-31,12,0.1049646122967085,0.1035559333431273,0.1049646122967085,0.1035559333431273,0.0014086789535812105,0.26342943817221603,0.5020711443641201,-0.10705875396596443,-0.008710521467504728,0.5,0.13255480617302004,1.8173061104438528,-0.05156810285682656,0.49999999999999994
composite_chronos_blend_50,25.0,2021-03-31_2022-02-28,12,0.3957914825623623,0.1814244316261513,0.3957914825623623,0.1814244316261513,0.214367050936211,0.23268133773047722,1.5582977645900469,-0.10705875396596443,-0.008710521467504728,0.5833333333333334,0.8772208871084145,1.2860805225455716,0.15455644380807199,0.49999999999999994
composite_chronos_blend_50,25.0,2021-04-30_2022-03-31,12,0.5854318285229434,0.2056999327796627,0.5854318285229434,0.2056999327796627,0.3797318957432807,0.2598407999632818,1.9244737249597856,-0.10705875396596443,-0.008710521467504728,0.5833333333333334,1.2593059796016883,1.4936442400671404,0.23887022050741247,0.4444444444444444
composite_chronos_blend_50,25.0,2021-05-31_2022-04-30,12,0.6709075461375127,0.20202014645819677,0.6709075461375127,0.20202014645819677,0.4688873996793159,0.252347365137046,2.1918918605703204,-0.10705875396596443,-0.011058901373715124,0.6666666666666666,1.4991798033043782,1.0554669232430138,0.41978547769274543,0.4444444444444444
composite_chronos_blend_50,25.0,2021-06-30_2022-05-31,12,0.4051016203603104,0.1547230806668567,0.4051016203603104,0.1547230806668567,0.2503785396934537,0.33433740242733534,1.1904406173258286,-0.18006212652343212,-0.04389760737316839,0.6666666666666666,0.8419569770297355,2.430189530358499,0.04036255162354707,0.4166666666666667
composite_chronos_blend_50,25.0,2021-07-31_2022-06-30,12,0.3997666057862628,0.14515293481688385,0.3997666057862628,0.14515293481688385,0.2546136709693789,0.33391918964969797,1.179803013413079,-0.18006212652343234,-0.04389760737316839,0.6666666666666666,0.8550499680404289,2.368937738889303,0.0664710135316342,0.4444444444444444
composite_chronos_blend_50,25.0,2021-08-31_2022-07-31,12,0.687750104887968,0.16719366722844042,0.687750104887968,0.16719366722844042,0.5205564376595275,0.2986319084777747,1.934387191531948,-0.18006212652343223,-0.04389760737316839,0.75,1.6422458612843869,2.3487104046094998,0.2257009350332586,0.4444444444444444
composite_chronos_blend_50,25.0,2021-09-30_2022-08-31,12,0.5350866142600856,0.11990803732841937,0.5350866142600856,0.11990803732841937,0.41517857693166627,0.3086286199756894,1.5600979551374887,-0.18006212652343223,-0.04389760737316817,0.6666666666666666,1.403454137232591,2.3806380784906147,0.2225068100332619,0.4166666666666666
composite_chronos_blend_50,25.0,2021-10-31_2022-09-30,12,0.7790073442071024,0.07700156092153554,0.7790073442071024,0.07700156092153554,0.7020057832855668,0.35488595244324833,1.8260885000109788,-0.18006212652343223,-0.04389760737316828,0.75,1.8397144427796837,3.1266437807915417,0.4927039675179552,0.38888888888888884
composite_chronos_blend_50,25.0,2021-11-30_2022-10-31,12,0.7389721370988795,0.0837751064100245,0.7389721370988795,0.0837751064100245,0.655197030688855,0.35830246857755865,1.7448873797755138,-0.18006212652343223,-0.04389760737316839,0.6666666666666666,1.7253293030184298,3.217274963337038,0.42224842015225095,0.38888888888888884
composite_chronos_blend_50,25.0,2021-12-31_2022-11-30,12,0.3815793896201136,0.04089310124175727,0.3815793896201136,0.04089310124175727,0.34068628837835635,0.3674187516636607,1.0598323075853782,-0.18006212652343223,-0.052330809109684795,0.5833333333333334,1.113863881977569,3.2393748958512343,0.27939136920062935,0.38888888888888884
composite_chronos_blend_50,25.0,2022-01-31_2022-12-31,12,0.6238539699490171,0.03139589518781816,0.6238539699490171,0.03139589518781816,0.5924580747611989,0.3848759938270375,1.4618330408719917,-0.18006212652343223,-0.0538908420070876,0.6666666666666666,1.59006775217724,3.1796768375729942,0.5614209163869444,0.3888888888888889
composite_chronos_blend_50,25.0,2022-02-28_2023-01-31,12,0.5011904203535842,-0.006523085673795559,0.5011904203535842,-0.006523085673795559,0.5077135060273797,0.38929084503938055,1.2387470746548,-0.18006212652343223,-0.053890842007087936,0.5833333333333334,1.4405108501823076,3.92104059302165,0.6289502979132,0.4166666666666667
composite_chronos_blend_50,25.0,2022-03-31_2023-02-28,12,0.2953803880792194,-0.03763942955797195,0.2953803880792194,-0.03763942955797195,0.33301981763719135,0.39107922563091,0.8455607653989395,-0.18006212652343223,-0.05860315994470999,0.5,1.066949607950815,4.241626514567737,0.607376589956544,0.4444444444444444
composite_chronos_blend_50,25.0,2022-04-30_2023-03-31,12,0.13331365745386226,-0.0433257664262765,0.13331365745386226,-0.0433257664262765,0.17663942388013876,0.368010812547031,0.5078484055311746,-0.18006212652343223,-0.052003665957635614,0.4166666666666667,0.6964626547558824,3.633559866177616,0.3986999108947591,0.4166666666666667
composite_chronos_blend_50,25.0,2022-05-31_2023-04-30,12,0.15373938793325181,-0.07213752035282106,0.15373938793325181,-0.07213752035282106,0.22587690828607287,0.3696836270778143,0.5561194898755109,-0.0950800844241656,-0.07596598010903766,0.4166666666666667,0.8233832314432072,2.5113963928160397,0.46273836577109284,0.4444444444444444
composite_chronos_blend_50,25.0,2022-06-30_2023-05-31,12,0.3933847503267718,-0.0361282154897381,0.3933847503267718,-0.0361282154897381,0.4295129658165099,0.30396842728360063,1.2366386208462847,-0.09508008442416571,-0.07596598010903755,0.4166666666666667,1.4327584914631408,1.5568096591592595,0.5251039210783519,0.4166666666666666
composite_chronos_blend_50,25.0,2022-07-31_2023-06-30,12,0.31517814015428436,-0.0028433046031512976,0.31517814015428436,-0.0028433046031512976,0.31802144475743566,0.30312361964814455,1.0433313450636061,-0.0950800844241656,-0.07596598010903743,0.3333333333333333,1.0758559726481498,0.9150541413862759,0.36606833242666603,0.4166666666666667
composite_chronos_blend_50,25.0,2022-08-31_2023-07-31,12,0.23586968334271252,-0.031389184091800915,0.23586968334271252,-0.031389184091800915,0.26725886743451344,0.2982856765100413,0.84259365758203,-0.09508008442416571,-0.0655917893195096,0.3333333333333333,0.9560619793648983,0.7541732149448507,0.3104493620427551,0.4444444444444445
composite_chronos_blend_50,25.0,2022-09-30_2023-08-31,12,0.58435751954216,-0.014331580574544756,0.58435751954216,-0.014331580574544756,0.5986891001167047,0.3623712700726736,1.4461358782440117,-0.09508008442416571,-0.06559178931950937,0.4166666666666667,1.4825488026897065,0.5544178041360422,0.680870193316135,0.47222222222222227
composite_chronos_blend_50,25.0,2022-10-31_2023-09-30,12,0.15895199701403695,-0.04883569016310929,0.15895199701403695,-0.04883569016310929,0.20778768717714624,0.3404655072273207,0.5811436915686905,-0.11137620223840838,-0.06327241269436523,0.3333333333333333,0.7306185655348231,0.7876529489419172,0.2622138004380965,0.47222222222222215
composite_chronos_blend_50,25.0,2022-11-30_2023-10-31,12,0.07216230268266854,-8.074453772832779e-05,0.07216230268266854,-8.074453772832779e-05,0.07224304722039687,0.35396666581205993,0.3489454584474331,-0.1838723064910457,-0.04084242285001627,0.3333333333333333,0.3255072761803415,-0.08660287906529289,0.13112115426140813,0.5
composite_chronos_blend_50,25.0,2022-12-31_2023-11-30,12,0.2896220477745828,0.06162621592425688,0.2896220477745828,0.06162621592425688,0.2279958318503259,0.34587444725213534,0.8916307087688928,-0.1838723064910458,-0.04084242285001627,0.4166666666666667,0.6716517706201182,-0.3555216141069661,0.38608871148822477,0.49999999999999994
composite_chronos_blend_50,25.0,2023-01-31_2023-12-31,12,0.17033634961723987,0.05389394652891433,0.17033634961723987,0.05389394652891433,0.11644240308832554,0.31536242010771204,0.6373654606632676,-0.1838723064910458,-0.04084242285001627,0.4166666666666667,0.4328058472351941,-0.28274277489622224,0.23981523953832173,0.5
composite_chronos_blend_50,25.0,2023-02-28_2024-01-31,12,0.2562248391965103,0.06910062416905749,0.2562248391965103,0.06910062416905749,0.1871242150274528,0.3154115997486709,0.8661826687055036,-0.1838723064910458,-0.04084242285001627,0.5,0.6062868048689182,-0.25502186552081463,0.33342078414821796,0.49999999999999994
composite_chronos_blend_50,25.0,2023-03-31_2024-02-29,12,0.3532588989006662,0.07105311702696282,0.3532588989006662,0.07105311702696282,0.2822057818737034,0.3063305092431353,1.1323842076192694,-0.1838723064910459,-0.04084242285001627,0.5833333333333334,0.8359304354278185,-0.37188560937109644,0.44503539081976373,0.47222222222222215
composite_chronos_blend_50,25.0,2023-04-30_2024-03-31,12,0.21568438881937602,0.04605177038880415,0.21568438881937602,0.04605177038880415,0.16963261843057187,0.33092285865590715,0.7393388649485964,-0.1838723064910457,-0.028914327222309355,0.5833333333333334,0.5663007984467353,-0.13387068688771248,0.282227454978919,0.49999999999999994
composite_chronos_blend_50,25.0,2023-05-31_2024-04-30,12,0.061830334607930526,0.05087612226469651,0.061830334607930526,0.05087612226469651,0.010954212343234015,0.34205115383076506,0.3245859837229447,-0.1838723064910458,-0.04720745865673304,0.5,0.1709418671148312,0.6648517159211365,0.078345690152408,0.4166666666666666
composite_chronos_blend_50,25.0,2023-06-30_2024-05-31,12,0.05953182249888833,0.06029804021364593,0.05953182249888833,0.06029804021364593,-0.0007662177147575999,0.3421877596988229,0.31819212014619974,-0.1838723064910458,-0.04720745865673304,0.5,0.1376450193947666,0.6312522203750103,0.07189032990086153,0.47222222222222215
composite_chronos_blend_50,25.0,2023-07-31_2024-06-30,12,0.15123911242108257,0.046802268590376395,0.15123911242108257,0.046802268590376395,0.10443684383070617,0.35138417423167934,0.5569182849224831,-0.1838723064910457,-0.04720745865673304,0.5833333333333334,0.430765033694747,1.0424388496470571,0.15465876651490595,0.47222222222222227
composite_chronos_blend_50,25.0,2023-08-31_2024-07-31,12,0.15141697631560969,0.10318514893952901,0.15141697631560969,0.10318514893952901,0.04823182737608067,0.3513819862523423,0.5573665952231566,-0.1838723064910457,-0.04720745865673315,0.5,0.26878413691664527,0.7115836884651559,0.12969742776737325,0.47222222222222227
composite_chronos_blend_50,25.0,2023-09-30_2024-08-31,12,-0.05979960497196868,0.08473288946892565,-0.05979960497196868,0.08473288946892565,-0.14453249444089433,0.253558613726189,-0.12456401236238351,-0.17680937099096083,-0.04720745865673315,0.5,-0.4971705620807383,0.892202702815121,-0.10332375876788968,0.47222222222222227
composite_chronos_blend_50,25.0,2023-10-31_2024-09-30,12,0.06620391728822872,0.12170948346779942,0.06620391728822872,0.12170948346779942,-0.0555055661795707,0.22409619210496984,0.3904888551656321,-0.17680937099096083,-0.047207458656732815,0.5833333333333334,-0.14339709326426142,0.533552184035092,0.02403532590466151,0.5
composite_chronos_blend_50,25.0,2023-11-30_2024-10-31,12,0.1186817935226363,0.004734660022875703,0.1186817935226363,0.004734660022875703,0.1139471334997606,0.20855952479195936,0.6363218909923782,-0.1768093709909606,-0.07254414974326939,0.6666666666666666,0.7022565241427624,1.0580269157054314,0.12909460594112465,0.47222222222222215
composite_chronos_blend_50,25.0,2023-12-31_2024-11-30,12,0.07189196193645708,-0.026522408525777696,0.07189196193645708,-0.026522408525777696,0.09841437046223478,0.19251471305977125,0.4511516570876938,-0.17680937099096083,-0.07702368625268241,0.6666666666666666,0.6396150321441395,0.8767769650184091,0.11132683179179126,0.5
composite_chronos_blend_50,25.0,2024-01-31_2024-12-31,12,0.035576867372833165,-0.013699490369203038,0.035576867372833165,-0.013699490369203038,0.0492763577420362,0.18633962397402737,0.2745348297183572,-0.17680937099096072,-0.07702368625268208,0.6666666666666666,0.37494394558348404,0.9229104448722357,0.06092138386110335,0.5
composite_chronos_blend_50,25.0,2024-02-29_2025-01-31,12,-0.14198857653391672,-0.14290566323586873,-0.14198857653391672,-0.14290566323586873,0.0009170867019520079,0.21690729757367627,-0.5989671590116444,-0.17680937099096072,-0.18252959118595857,0.5833333333333334,0.07633769435886649,0.9794221849834034,0.008971557133531816,0.5277777777777778
composite_chronos_blend_50,25.0,2024-03-31_2025-02-28,12,-0.15881398432897553,-0.10676537761977256,-0.15881398432897553,-0.10676537761977256,-0.05204860670920297,0.2139331849557273,-0.7014828508361336,-0.12502012412308605,-0.1825295911859588,0.5,-0.32567485703915755,0.9143800448063469,-0.05728676225715823,0.5833333333333334
composite_chronos_blend_50,25.0,2024-04-30_2025-03-31,12,-0.021388324929477065,-0.06461005552580057,-0.021388324929477065,-0.06461005552580057,0.043221730596323504,0.20106300393684978,-0.012444355916014803,-0.12502012412308605,-0.18252959118595868,0.5833333333333334,0.407414548025169,0.9372860030124446,0.04813264706369891,0.6111111111111112
composite_chronos_blend_50,25.0,2024-05-31_2025-04-30,12,0.14390275114897322,0.02942056800377868,0.14390275114897322,0.02942056800377868,0.11448218314519454,0.19586088699659684,0.7825985677744073,-0.12502012412308605,-0.18252959118595857,0.6666666666666666,0.9610776537058567,0.9056677850661179,0.11957727971111054,0.638888888888889
composite_chronos_blend_50,25.0,2024-06-30_2025-05-31,12,0.13831255851578605,-0.019239253194651806,0.13831255851578605,-0.019239253194651806,0.15755181171043786,0.19658255067675584,0.7551617946145611,-0.12502012412308605,-0.18252959118595835,0.75,1.4167653121026402,0.9150369260159562,0.16313329942892252,0.611111111111111
composite_chronos_blend_50,25.0,2024-07-31_2025-06-30,12,0.30186847639270464,0.03150250800801424,0.30186847639270464,0.03150250800801424,0.2703659683846904,0.29934102926985745,1.0190152457890476,-0.12502012412308605,-0.1825295911859589,0.75,1.397319819580006,1.2258340020035865,0.27414516659400334,0.611111111111111
composite_chronos_blend_50,25.0,2024-08-31_2025-07-31,12,0.1710258185822322,0.02082724764079913,0.1710258185822322,0.02082724764079913,0.15019857094143307,0.3208597180831219,0.6337192299850684,-0.12502012412308605,-0.1720911800730176,0.75,0.7042293540151904,1.140219544825301,0.17195395889650555,0.5833333333333333
composite_chronos_blend_50,25.0,2024-09-30_2025-08-31,12,0.4968063470055779,0.07082064647411035,0.4968063470055779,0.07082064647411035,0.42598570053146756,0.42364338133958596,1.1447869771139432,-0.12502012412308605,-0.1720911800730176,0.75,1.159086079110173,1.315417946176348,0.4416923131698489,0.5277777777777778
composite_chronos_blend_50,25.0,2024-10-31_2025-09-30,12,0.5297408682675457,0.07787885846139209,0.5297408682675457,0.07787885846139209,0.45186200980615365,0.42235460942848263,1.200778603786244,-0.12502012412308605,-0.11858833109117162,0.75,1.2085217240904298,1.3113446573366307,0.46114876671838556,0.49999999999999994
composite_chronos_blend_50,25.0,2024-11-30_2025-10-31,12,0.6217470005719441,0.1960061542824556,0.6217470005719441,0.1960061542824556,0.4257408462894885,0.41448534570546897,1.3634047972784527,-0.12502012412308605,-0.11795970406671652,0.6666666666666666,1.0636745176575075,1.2829686095348667,0.3631132192060833,0.5277777777777778
composite_chronos_blend_50,25.0,2024-12-31_2025-11-30,12,0.819340903891153,0.22133541890163522,0.819340903891153,0.22133541890163522,0.5980054849895178,0.4349062414119612,1.5936973321675962,-0.12502012412308605,-0.11795970406671652,0.6666666666666666,1.283303277634878,1.2985194712300336,0.49854342083557346,0.49999999999999994
composite_chronos_blend_50,25.0,2025-01-31_2025-12-31,12,0.5285032325730044,0.17166648362633885,0.5285032325730044,0.17166648362633885,0.3568367489466655,0.47933366872822414,1.106499019495904,-0.1447866479087807,-0.03669877287899381,0.5833333333333334,0.8873005794901703,1.50100592853505,0.30098294118516833,0.47222222222222215
composite_chronos_blend_50,25.0,2025-02-28_2026-01-31,12,0.6666495972642685,0.31334945156909844,0.6666495972642685,0.31334945156909844,0.3533001456951701,0.45477198925412327,1.3401508203609387,-0.18407455416614027,-0.04758367670999886,0.5833333333333334,0.8107271678140946,1.9199405194749417,0.06861066886504052,0.44444444444444436
composite_chronos_blend_50,25.0,2025-03-31_2026-02-28,12,0.4215769416008921,0.08257309459079365,0.4215769416008921,0.08257309459079365,0.33900384701009845,0.492730129131568,0.936271438548726,-0.29889918761450596,-0.18488813271044613,0.6666666666666666,0.9047490415378087,1.4701151148857259,0.36313595263998777,0.38888888888888884
composite_chronos_blend_50,25.0,2025-04-30_2026-03-31,12,0.40755340465500667,0.028079656548997578,0.40755340465500667,0.028079656548997578,0.3794737481060091,0.4925546875032999,0.9155589754717266,-0.29889918761450596,-0.19546042589812018,0.6666666666666666,1.0097065505176557,1.4857342369743538,0.45315477718495867,0.3611111111111111
composite_chronos_blend_50,25.0,2025-05-31_2026-04-30,12,0.0032245588117716384,-0.14610708694572017,0.0032245588117716384,-0.14610708694572017,0.1493316457574918,0.5577998568992936,0.2532665285740971,-0.43946520634660546,-0.29138146686445754,0.5833333333333334,0.64207394900904,1.7440282644818028,0.4408861869081515,0.3888888888888889
composite_chronos_blend_50,25.0,2025-06-30_2026-05-31,12,-0.11214819784713959,-0.18541351506394133,-0.11214819784713959,-0.18541351506394133,0.07326531721680174,0.5752894946796419,0.04900726122645849,-0.5122239399163036,-0.34737666250868915,0.5,0.47351641395184363,1.7772289601038949,0.39988144695162475,0.41666666666666674
composite_chronos_blend_50,25.0,2025-07-31_2026-06-30,12,-0.19339025463590243,-0.1667764227923394,-0.19339025463590243,-0.1667764227923394,-0.02661383184356303,0.5322118894529646,-0.16131363154688133,-0.5122239399163033,-0.34737666250868904,0.5,0.16365996762558987,1.4848308838621462,0.14810468874463023,0.4444444444444444
composite_chronos_blend_75,25.0,2016-01-31_2016-12-31,12,1.3391976797191116,0.1471553785298949,1.3391976797191116,0.1471553785298949,1.1920423011892167,0.4127150252352728,2.299207335864048,-0.033324430604504185,-0.05046191183613402,0.5833333333333334,2.1634935964820876,2.286311276967481,0.8374046658190399,0.38888888888888884
composite_chronos_blend_75,25.0,2016-02-29_2017-01-31,12,1.0118170384487595,0.12910312615333996,1.0118170384487595,0.12910312615333996,0.8827139122954195,0.4485682134958476,1.787790450499387,-0.12692974088445574,-0.05046191183613391,0.5,1.636658937784835,2.3547885925974192,0.6409589354460115,0.3611111111111111
composite_chronos_blend_75,25.0,2016-03-31_2017-02-28,12,1.3466187744652296,0.1492046756740173,1.3466187744652296,0.1492046756740173,1.1974140987912123,0.4840438937467233,2.0247473828026905,-0.12692974088445597,-0.05046191183613402,0.5,1.8901021156349058,2.701385584662114,0.781048207009831,0.36111111111111116
composite_chronos_blend_75,25.0,2016-04-30_2017-03-31,12,1.3274502583741876,0.17503808646495478,1.3274502583741876,0.17503808646495478,1.1524121719092328,0.4856540982426741,2.0012551482058867,-0.12692974088445563,-0.05046191183613402,0.5,1.795185780489722,2.502596954128793,0.7213554147125816,0.3611111111111111
composite_chronos_blend_75,25.0,2016-05-31_2017-04-30,12,1.4556424828025887,0.19627580709932912,1.4556424828025887,0.19627580709932912,1.2593666757032596,0.47561796240967613,2.156274781435863,-0.12692974088445563,-0.05046191183613402,0.5833333333333334,1.900035441530738,2.372239449487208,0.7761417965182742,0.3611111111111111
composite_chronos_blend_75,25.0,2016-06-30_2017-05-31,12,1.0251974342752925,0.16211773486732262,1.0251974342752925,0.16211773486732262,0.8630796994079699,0.49885698788564214,1.6612432267462491,-0.12692974088445574,-0.05046191183613402,0.5,1.4331735213651948,2.4739795504927,0.5505202903627286,0.3055555555555556
composite_chronos_blend_75,25.0,2016-07-31_2017-06-30,12,0.8168410709546099,0.11985678631409691,0.8168410709546099,0.11985678631409691,0.696984284640513,0.4815305028282856,1.467029343329738,-0.12692974088445563,-0.05046191183613402,0.5,1.2828327951637073,2.1579648191338703,0.5626535994181923,0.30555555555555564
composite_chronos_blend_75,25.0,2016-08-31_2017-07-31,12,0.5983487986715237,0.08878533946639733,0.5983487986715237,0.08878533946639733,0.5095634592051264,0.41721802651612433,1.3184585688954535,-0.12692974088445586,-0.05046191183613402,0.5,1.131177826414518,1.143790845369727,0.5546814283575858,0.30555555555555564
composite_chronos_blend_75,25.0,2016-09-30_2017-08-31,12,0.7781624514365251,0.09996258200034913,0.7781624514365251,0.09996258200034913,0.6781998694361759,0.4166777661276978,1.5882161915183022,-0.12692974088445552,-0.05046191183613402,0.5833333333333334,1.3752161122535669,1.0227694745231646,0.730872553117057,0.3333333333333333
composite_chronos_blend_75,25.0,2016-10-31_2017-09-30,12,0.5495388764619547,0.1075588143605537,0.5495388764619547,0.1075588143605537,0.44198006210140095,0.3430027936754893,1.4472774374192579,-0.11419621607609975,-0.0004923640702735321,0.5833333333333334,1.1701029048452576,1.0302089815652125,0.465125634539338,0.3611111111111111
composite_chronos_blend_75,25.0,2016-11-30_2017-10-31,12,0.7567547127302674,0.1559996199134983,0.7567547127302674,0.1559996199134983,0.6007550928167691,0.3449537438366785,1.8211870127464542,-0.10771159544862174,-0.008932388259170088,0.5833333333333334,1.3863463937264693,0.05678586005757071,0.8301813486396246,0.38888888888888884
composite_chronos_blend_75,25.0,2016-12-31_2017-11-30,12,0.7921234156148698,0.19992461049678534,0.7921234156148698,0.19992461049678534,0.5921988051180844,0.3417494817869585,1.8967459373218623,-0.0968321878026639,-0.008932388259169977,0.5833333333333334,1.312259366311688,-0.270015400569052,0.9715265914915545,0.3611111111111111
composite_chronos_blend_75,25.0,2017-01-31_2017-12-31,12,1.5985250291486528,0.24773371905633135,1.5985250291486528,0.24773371905633135,1.3507913100923215,0.5003402492598416,2.184036946273658,-0.07388801098440256,-0.008932388259170088,0.6666666666666666,1.756398451446934,1.1589667475026293,1.233943202623904,0.3333333333333333
composite_chronos_blend_75,25.0,2017-02-28_2018-01-31,12,2.2696127386309097,0.22472528642954592,2.2696127386309097,0.22472528642954592,2.0448874522013636,0.45730088162925603,2.8996470438768545,-0.07388801098440256,-0.008932388259170088,0.75,2.4738172602991315,0.9119977409038577,1.9643424255646895,0.2777777777777778
composite_chronos_blend_75,25.0,2017-03-31_2018-02-28,12,1.2802488263949492,0.11150665310004948,1.2802488263949492,0.11150665310004948,1.1687421732948997,0.4879944461027774,1.943136790866386,-0.12932713983423916,-0.06307407298992962,0.6666666666666666,1.828556597266137,1.7891741565090007,1.0682147800427688,0.25
composite_chronos_blend_75,25.0,2017-04-30_2018-03-31,12,1.3946182823845348,0.054403018339003184,1.3946182823845348,0.054403018339003184,1.3402152640455316,0.48052219963393383,2.0766297435667678,-0.12932713983423927,-0.09250223900477905,0.75,2.1138143520005093,1.8409962765579448,1.3587766072967624,0.25
composite_chronos_blend_75,25.0,2017-05-31_2018-04-30,12,1.6924790043078723,0.042771960341875914,1.6924790043078723,0.042771960341875914,1.6497070439659964,0.4814080890475512,2.338328978960749,-0.12932713983423927,-0.09416874157139277,0.75,2.41962726137804,1.8276290997651157,1.707499745295371,0.2777777777777778
composite_chronos_blend_75,25.0,2017-06-30_2018-05-31,12,1.8083398324030258,-0.005226881237519021,1.8083398324030258,-0.005226881237519021,1.8135667136405447,0.4677188184395535,2.4919721575929588,-0.12932713983423927,-0.12207676452647664,0.75,2.807830439031227,2.2315540331577166,2.0357904330588625,0.3055555555555555
composite_chronos_blend_75,25.0,2017-07-31_2018-06-30,12,1.7614912467656145,0.0163507796990916,1.7614912467656145,0.0163507796990916,1.745140467066523,0.46932658748800615,2.4455283370356273,-0.12932713983423927,-0.12207676452647676,0.75,2.678767803028323,2.0608215021021925,1.8674796068912123,0.27777777777777773
composite_chronos_blend_75,25.0,2017-08-31_2018-07-31,12,1.3221718689565534,0.02633003466478856,1.3221718689565534,0.02633003466478856,1.2958418342917648,0.48406222953491723,1.9952222740649759,-0.12932713983423927,-0.12207676452647653,0.6666666666666666,2.119101351178183,1.921306414826767,1.3891842002385015,0.27777777777777773
composite_chronos_blend_75,25.0,2017-09-30_2018-08-31,12,0.9904636324145812,0.012828519177035869,0.9904636324145812,0.012828519177035869,0.9776351132375454,0.5009432235105858,1.613041049372697,-0.12932713983423927,-0.12207676452647664,0.5833333333333334,1.7277604326590723,1.9906623076446812,1.108524760089158,0.25
composite_chronos_blend_75,25.0,2017-10-31_2018-09-30,12,0.5126279421155517,-0.028994428060318933,0.5126279421155517,-0.028994428060318933,0.5416223701758707,0.5403635293606349,0.9974756115442915,-0.22457859968860505,-0.12207676452647676,0.5,1.1430470380627027,2.234579155246691,0.7785439455761884,0.25000000000000006
composite_chronos_blend_75,25.0,2017-11-30_2018-10-31,12,0.3017719210672569,0.017470333624036494,0.3017719210672569,0.017470333624036494,0.2843015874432204,0.54001110190446,0.7096759496457105,-0.2543056073694119,-0.12207676452647676,0.4166666666666667,0.7206662290216798,1.8712421316805947,0.39432551326119425,0.27777777777777773
composite_chronos_blend_75,25.0,2017-12-31_2018-11-30,12,0.46485612194609094,-0.025356283802123625,0.46485612194609094,-0.025356283802123625,0.49021240574821456,0.5498991482475278,0.9276336814582009,-0.2543056073694119,-0.12207676452647687,0.5,1.0710461149098798,2.955187655874107,0.7452165264094937,0.3055555555555555
composite_chronos_blend_75,25.0,2018-01-31_2018-12-31,12,0.10625727514264671,-0.01099995180484914,0.10625727514264671,-0.01099995180484914,0.11725722694749585,0.35633223839293343,0.44740833766774174,-0.2543056073694119,-0.12095719505337177,0.5,0.5185389265503297,1.4991390333940664,0.1802323326910249,0.3333333333333333
composite_chronos_blend_75,25.0,2018-02-28_2019-01-31,12,-0.04854618273209854,-0.023323412109537922,-0.04854618273209854,-0.023323412109537922,-0.02522277062256062,0.33096718649018436,0.0012149883640483704,-0.254305607369412,-0.06297476655901424,0.4166666666666667,0.06205656125961161,1.5132474366275597,0.02706882620125839,0.3888888888888889
composite_chronos_blend_75,25.0,2018-03-31_2019-02-28,12,-0.019307000184131673,0.045204178762284775,-0.019307000184131673,0.045204178762284775,-0.06451117894641645,0.32047363538277324,0.08474587779760255,-0.254305607369412,-0.032589089243883484,0.4166666666666667,-0.07097064334409535,1.2142148023726016,-0.03117687659470636,0.3888888888888889
composite_chronos_blend_75,25.0,2018-04-30_2019-03-31,12,-0.013101341653203313,0.07686204312787948,-0.013101341653203313,0.07686204312787948,-0.08996338478108279,0.321363490425723,0.10497095910409124,-0.254305607369412,-0.031039511736595693,0.4166666666666667,-0.14953818795099766,1.582559040460627,-0.0857518182920155,0.38888888888888884
composite_chronos_blend_75,25.0,2018-05-31_2019-04-30,12,-0.2177717447350871,0.03769148450195714,-0.2177717447350871,0.03769148450195714,-0.25546322923704423,0.28441672616801195,-0.7239089026827675,-0.254305607369412,-0.04957195403333192,0.3333333333333333,-1.039633412387881,1.758696995791512,-0.24578311568988942,0.3611111111111111
composite_chronos_blend_75,25.0,2018-06-30_2019-05-31,12,-0.1063920230760157,0.09645960452265201,-0.1063920230760157,0.09645960452265201,-0.2028516275986677,0.30780743412145123,-0.22205568580862659,-0.2543056073694119,-0.04957195403333203,0.4166666666666667,-0.6383025860578234,2.146083354019171,-0.24292936568141166,0.36111111111111116
composite_chronos_blend_75,25.0,2018-07-31_2019-06-30,12,-0.14771412384701454,0.07648721996967378,-0.14771412384701454,0.07648721996967378,-0.22420134381668833,0.3022315691636676,-0.3866018600135492,-0.22461152830535813,-0.04957195403333203,0.3333333333333333,-0.7634007528000749,2.096488475016658,-0.24650392730189263,0.41666666666666674
composite_chronos_blend_75,25.0,2018-08-31_2019-07-31,12,0.0009016060736655174,0.051509897202665744,0.0009016060736655174,0.051509897202665744,-0.05060829112900023,0.3301765212580142,0.1540147822374538,-0.1809741960054959,-0.04957195403333203,0.4166666666666667,-0.011269524256455457,1.8314458755924194,-0.047294517223785415,0.4444444444444445
composite_chronos_blend_75,25.0,2018-09-30_2019-08-31,12,0.06538150110641028,0.032217370272061396,0.06538150110641028,0.032217370272061396,0.03316413083434888,0.3241643900888202,0.3450147972843408,-0.16003165513367934,-0.05569706120271434,0.5,0.2605608197169746,1.5959266874427414,0.055853087741841945,0.47222222222222215
composite_chronos_blend_75,25.0,2018-10-31_2019-09-30,12,0.24198139587542866,0.0680196854801034,0.24198139587542866,0.0680196854801034,0.17396171039532526,0.27650621067416137,0.9150505341418694,-0.16003165513367934,-0.05569706120271445,0.5,0.7141681905034055,1.1352557367581624,0.1883192769143116,0.5
composite_chronos_blend_75,25.0,2018-11-30_2019-10-31,12,0.36757390941953605,-0.007313909877188718,0.36757390941953605,-0.007313909877188718,0.37488781929672477,0.2707486996058262,1.2936836206837803,-0.16003165513367923,-0.07977064350808971,0.5833333333333334,1.4365247479407652,1.2443653058589028,0.4182602516037268,0.5277777777777778
composite_chronos_blend_75,25.0,2018-12-31_2019-11-30,12,0.26379070879049604,0.01695714726683817,0.26379070879049604,0.01695714726683817,0.24683356152365787,0.24485164202784626,1.0773104148819488,-0.16003165513367923,-0.07977064350808971,0.5833333333333334,1.0639560094397473,0.890269174147511,0.27396935240912423,0.5555555555555556
composite_chronos_blend_75,25.0,2019-01-31_2019-12-31,12,0.05107263785946836,-0.0907583313333864,0.05107263785946836,-0.0907583313333864,0.14183096919285476,0.2633138902919142,0.31024260300747303,-0.14060369409144235,-0.08173242622854304,0.5,0.7280610153803345,1.1810789871604894,0.20528348772555094,0.5555555555555555
composite_chronos_blend_75,25.0,2019-02-28_2020-01-31,12,-0.024155273131749255,-0.15374678206850467,-0.024155273131749255,-0.15374678206850467,0.12959150893675542,0.2805659582972454,0.04183215407934869,-0.18354555893449054,-0.157070533612218,0.5,0.7206089244601576,1.2349124062262788,0.2283566126961818,0.5555555555555555
composite_chronos_blend_75,25.0,2019-03-31_2020-02-29,12,-0.05076743932769834,-0.2983301643039218,-0.05076743932769834,-0.2983301643039218,0.24756272497622345,0.29128236959637366,-0.04372745051519144,-0.28727132379985687,-0.2968733323797681,0.5833333333333334,1.6128268727171742,1.09783779030711,0.41137458874245025,0.5555555555555555
composite_chronos_blend_75,25.0,2019-04-30_2020-03-31,12,0.2951678192343643,-0.26938100433105683,0.2951678192343643,-0.26938100433105683,0.5645488235654211,0.5185421979204735,0.710322005174223,-0.28727132379985676,-0.2897384073692094,0.5833333333333334,1.5938581307973367,1.66129710888259,1.2694590088065127,0.5833333333333334
composite_chronos_blend_75,25.0,2019-05-31_2020-04-30,12,0.5694326864129222,-0.23441422140073764,0.5694326864129222,-0.23441422140073764,0.8038469078136599,0.5078300196919042,1.107194856505749,-0.28727132379985676,-0.2897384073692094,0.6666666666666666,2.016772250947919,1.6384036607205932,1.5183467772318293,0.6111111111111112
composite_chronos_blend_75,25.0,2019-06-30_2020-05-31,12,0.4466391838285735,-0.22854562482453433,0.4466391838285735,-0.22854562482453433,0.6751848086531078,0.5046526760649164,0.9430798581945389,-0.287271323799857,-0.2897384073692095,0.5833333333333334,1.7464361619069897,1.5089087123131057,1.2321722064416654,0.6111111111111112
composite_chronos_blend_75,25.0,2019-07-31_2020-06-30,12,0.6938911499620422,-0.1941752572672133,0.6938911499620422,-0.1941752572672133,0.8880664072292555,0.5188200570522835,1.2468184246002143,-0.28727132379985687,-0.2827760862119635,0.6666666666666666,2.0671428561695513,1.5843996830691818,1.4907716824265713,0.6111111111111112
composite_chronos_blend_75,25.0,2019-08-31_2020-07-31,12,0.5432260411300354,-0.1722348942847023,0.5432260411300354,-0.1722348942847023,0.7154609354147377,0.5125614625739048,1.066054884889017,-0.28727132379985687,-0.27948217627529803,0.6666666666666666,1.768977037828834,1.5262266985110553,1.1603308570955346,0.5833333333333334
composite_chronos_blend_75,25.0,2019-09-30_2020-08-31,12,0.48205801274079585,-0.21057570090232802,0.48205801274079585,-0.21057570090232802,0.6926337136431239,0.5173112508236002,0.9790558202582029,-0.287271323799857,-0.27948217627529803,0.6666666666666666,1.7834677834267467,1.5133114700642805,1.2141783487667852,0.638888888888889
composite_chronos_blend_75,25.0,2019-10-31_2020-09-30,12,0.5801411067314621,-0.1766274605970889,0.5801411067314621,-0.1766274605970889,0.756768567328551,0.5146385507541871,1.1118169322988523,-0.28727132379985687,-0.2794821762752979,0.75,1.8577623046824807,1.4386839390083364,1.1888127295703281,0.638888888888889
composite_chronos_blend_75,25.0,2019-11-30_2020-10-31,12,0.7542313001012737,-0.06643817837031618,0.7542313001012737,-0.06643817837031618,0.8206694784715899,0.5303971903085148,1.2987398324742814,-0.28727132379985687,-0.2794821762752979,0.75,1.8304421413955105,1.416498932801086,1.0495692973677113,0.6388888888888888
composite_chronos_blend_75,25.0,2019-12-31_2020-11-30,12,1.2923618093868519,-0.050871312509224054,1.2923618093868519,-0.050871312509224054,1.343233121896076,0.6185932678488995,1.6358104133646916,-0.2078458473273369,-0.2358764964179022,0.75,2.230438085791113,1.7056014058128384,1.7189510713147946,0.6666666666666666
composite_chronos_blend_75,25.0,2020-01-31_2020-12-31,12,2.038581277867317,-0.013079995771551722,2.038581277867317,-0.013079995771551722,2.0516612736388686,0.5920153156090808,2.2039748318261307,-0.12704415537258829,-0.16758179221927783,0.8333333333333334,2.8279933039201532,1.5721178298579432,2.357813098511434,0.6944444444444445
composite_chronos_blend_75,25.0,2020-02-29_2021-01-31,12,2.804619084262563,0.14471568274700242,2.804619084262563,0.14471568274700242,2.6599034015155603,0.5498594373725225,2.788995768882261,-0.03223217102291931,-0.07033476780972703,0.9166666666666666,3.118400238635623,1.3896484617519855,2.4447994769032517,0.6666666666666666
composite_chronos_blend_75,25.0,2020-03-31_2021-02-28,12,2.8139643758174873,0.3187076559568369,2.8139643758174873,0.3187076559568369,2.4952567198606506,0.5487784310081054,2.798396949091945,-0.12489991262398781,-0.07033476780972703,0.8333333333333334,2.605158637803386,1.822568807178794,1.6191485471122986,0.6666666666666666
composite_chronos_blend_75,25.0,2020-04-30_2021-03-31,12,2.0169673927492413,0.2712264885896778,2.0169673927492413,0.2712264885896778,1.7457409041595635,0.4424070989178194,2.7973411758400033,-0.12489991262398781,-0.07033476780972714,0.8333333333333334,2.6825176569485993,1.6013032986810174,1.2292186584681022,0.6666666666666666
composite_chronos_blend_75,25.0,2020-05-31_2021-04-30,12,1.6778908074055328,0.2511461011810818,1.6778908074055328,0.2511461011810818,1.426744706224451,0.4576864235438988,2.4314420276085444,-0.12489991262398781,-0.07033476780972703,0.75,2.324770882825958,1.6898715372355535,0.990694012835978,0.6388888888888888
composite_chronos_blend_75,25.0,2020-06-30_2021-05-31,12,1.710795705233259,0.22018559574957508,1.710795705233259,0.22018559574957508,1.4906101094836839,0.45560103862614704,2.4700043658903374,-0.1248999126239877,-0.07033476780972703,0.8333333333333334,2.4775712751547014,1.7588419445720846,1.0689766551932984,0.611111111111111
composite_chronos_blend_75,25.0,2020-07-31_2021-06-30,12,1.4708834246416727,0.1787337447456181,1.4708834246416727,0.1787337447456181,1.2921496798960546,0.4481317266858957,2.2798838850451277,-0.12489991262398781,-0.07033476780972703,0.8333333333333334,2.3108732716711264,1.730084650213873,1.0003218543456929,0.5555555555555555
composite_chronos_blend_75,25.0,2020-08-31_2021-07-31,12,1.1217285256330656,0.17406019021811336,1.1217285256330656,0.17406019021811336,0.9476683354149522,0.48968350810964567,1.7895039950238558,-0.12489991262398781,-0.0471551797914731,0.75,1.696619144770104,1.7467829154451129,0.7492203499835477,0.5833333333333333
composite_chronos_blend_75,25.0,2020-09-30_2021-08-31,12,1.1077754984707084,0.29094300690606567,1.1077754984707084,0.29094300690606567,0.8168324915646428,0.49121482352746576,1.7709691659765576,-0.15055560850405925,-0.0471551797914731,0.6666666666666666,1.400807315512105,1.9762855250089815,0.4026820981920012,0.5555555555555556
composite_chronos_blend_75,25.0,2020-10-31_2021-09-30,12,1.0372735379329439,0.285307502281577,1.0372735379329439,0.285307502281577,0.7519660356513669,0.4935809631258739,1.690744051690667,-0.15055560850405925,-0.04715517979147299,0.5833333333333334,1.3153301867994798,1.9553939331132792,0.37451135891578,0.5555555555555556
composite_chronos_blend_75,25.0,2020-11-30_2021-10-31,12,0.7600692529895894,0.164192612882329,0.7600692529895894,0.164192612882329,0.5958766401072604,0.4818755665649905,1.399869961341547,-0.15055560850405925,-0.04715517979147299,0.5833333333333334,1.1876627269740947,2.1913125988812,0.38019072642607,0.5
composite_chronos_blend_75,25.0,2020-12-31_2021-11-30,12,0.46737727938306084,0.10075285366229347,0.46737727938306084,0.10075285366229347,0.36662442572076737,0.35330279778592216,1.261561372141541,-0.15055560850405925,-0.04715517979147321,0.5833333333333334,1.0044678864187782,0.8557376448225099,0.42507075194065735,0.44444444444444436
composite_chronos_blend_75,25.0,2021-01-31_2021-12-31,12,0.10059066095648173,0.1311417024200292,0.10059066095648173,0.1311417024200292,-0.03055104146354748,0.3355084919240737,0.43994405741603027,-0.15055560850405936,-0.04715517979147299,0.5,0.06469838033543701,1.585472024379838,-0.05367311715497958,0.47222222222222215
composite_chronos_blend_75,25.0,2021-02-28_2022-01-31,12,0.025179179929298412,0.1035559333431273,0.025179179929298412,0.1035559333431273,-0.07837675341382888,0.31237817362965303,0.22329676213296848,-0.15055560850405936,-0.008710521467504728,0.5,-0.10797232076340164,1.2249689157703987,-0.053641725916004246,0.5
composite_chronos_blend_75,25.0,2021-03-31_2022-02-28,12,0.29403026163267376,0.1814244316261513,0.29403026163267376,0.1814244316261513,0.11260583000652247,0.2912005962908343,1.02762904395021,-0.15055560850405925,-0.008710521467504728,0.5833333333333334,0.442676016356214,0.34952726365539694,0.2682380696778457,0.5277777777777778
composite_chronos_blend_75,25.0,2021-04-30_2022-03-31,12,0.31777226262019465,0.2056999327796627,0.31777226262019465,0.2056999327796627,0.11207232984053195,0.2998473282964782,1.0670511977019257,-0.15055560850405936,-0.008710521467504728,0.5833333333333334,0.44301797709625346,1.071593224336224,0.12264650653176434,0.5
composite_chronos_blend_75,25.0,2021-05-31_2022-04-30,12,0.3876426604637033,0.20202014645819677,0.3876426604637033,0.20202014645819677,0.18562251400550656,0.2964664507127619,1.2553881224561614,-0.15055560850405925,-0.011058901373715124,0.6666666666666666,0.6281989182565806,0.644993106430168,0.28264414790427117,0.5277777777777778
composite_chronos_blend_75,25.0,2021-06-30_2022-05-31,12,0.11858146701971539,0.1547230806668567,0.11858146701971539,0.1547230806668567,-0.0361416136471413,0.3582466541022272,0.48159692836452755,-0.16998524939273973,-0.04389760737316839,0.5833333333333334,0.07566760744157915,2.047887384857212,-0.12205387123989164,0.5555555555555556
composite_chronos_blend_75,25.0,2021-07-31_2022-06-30,12,0.07162659976916186,0.14515293481688385,0.07162659976916186,0.14515293481688385,-0.07352633504772199,0.35377455412427783,0.3610223116521531,-0.16998524939273973,-0.04389760737316839,0.5833333333333334,-0.03468032730901352,2.0023419968538234,-0.14074132155737673,0.6111111111111112
composite_chronos_blend_75,25.0,2021-08-31_2022-07-31,12,0.3048283159005982,0.16719366722844042,0.3048283159005982,0.16719366722844042,0.1376346486721578,0.32985968782289815,0.9700886789769011,-0.16998524939273973,-0.04389760737316839,0.6666666666666666,0.5432951725953672,2.0773082872384574,-0.009353200066858136,0.6111111111111112
composite_chronos_blend_75,25.0,2021-09-30_2022-08-31,12,0.3125775623393967,0.11990803732841937,0.3125775623393967,0.11990803732841937,0.19266952501097734,0.32867462148539445,0.990958255224176,-0.16998524939273973,-0.04389760737316817,0.6666666666666666,0.7244545294521173,2.1982004431813302,0.07035096674013297,0.5833333333333334
composite_chronos_blend_75,25.0,2021-10-31_2022-09-30,12,0.5584417282641854,0.07700156092153554,0.5584417282641854,0.07700156092153554,0.4814401673426498,0.3782704773944272,1.3676814168707891,-0.16998524939273973,-0.04389760737316828,0.75,1.2983463453265367,2.989837639047311,0.32816765320168484,0.5555555555555555
composite_chronos_blend_75,25.0,2021-11-30_2022-10-31,12,0.5233701825730899,0.0837751064100245,0.5233701825730899,0.0837751064100245,0.43959507616306537,0.38076507282743915,1.2986952763354949,-0.16998524939273973,-0.04389760737316839,0.6666666666666666,1.2040723832333,3.0898451246751817,0.264968828403535,0.5555555555555555
composite_chronos_blend_75,25.0,2021-12-31_2022-11-30,12,0.21028784884155916,0.04089310124175727,0.21028784884155916,0.04089310124175727,0.1693947475998019,0.38209237678629016,0.6770682302349984,-0.16998524939273973,-0.052330809109684795,0.5833333333333334,0.6497119724307635,3.072804331156695,0.1329257615939594,0.5555555555555555
composite_chronos_blend_75,25.0,2022-01-31_2022-12-31,12,0.5708873456419761,0.03139589518781816,0.5708873456419761,0.03139589518781816,0.5394914504541579,0.37835055459473704,1.38817887896592,-0.16998524939273962,-0.0538908420070876,0.6666666666666666,1.5006439654410038,3.0657349358137287,0.5117404575477744,0.5277777777777777
composite_chronos_blend_75,25.0,2022-02-28_2023-01-31,12,0.4603064016690306,-0.006523085673795559,0.4603064016690306,-0.006523085673795559,0.46682948734282614,0.38252902179114495,1.1782541723136748,-0.16998524939273973,-0.053890842007087936,0.5833333333333334,1.3705561353603282,3.7973738371366865,0.5795792027755118,0.49999999999999994
composite_chronos_blend_75,25.0,2022-03-31_2023-02-28,12,0.23157587587917883,-0.03763942955797195,0.23157587587917883,-0.03763942955797195,0.2692153054371508,0.3885334420231625,0.7147439014641697,-0.16998524939273973,-0.05860315994470999,0.5,0.9152620416707077,4.094366084640723,0.5195693002477466,0.5
composite_chronos_blend_75,25.0,2022-04-30_2023-03-31,12,0.07659880331262392,-0.0433257664262765,0.07659880331262392,-0.0433257664262765,0.11992456973890042,0.3634187497830886,0.36619197540352727,-0.16998524939273973,-0.052003665957635614,0.4166666666666667,0.5376134707964375,3.4654068246160223,0.31806549247348337,0.5
composite_chronos_blend_75,25.0,2022-05-31_2023-04-30,12,0.0872640019491373,-0.07213752035282106,0.0872640019491373,-0.07213752035282106,0.15940152230195836,0.3643700026361925,0.3934366957078448,-0.0950800844241656,-0.07596598010903766,0.4166666666666667,0.6467726467592151,2.4141977416378917,0.3675927269997916,0.5277777777777778
composite_chronos_blend_75,25.0,2022-06-30_2023-05-31,12,0.32935303544140737,-0.0361282154897381,0.32935303544140737,-0.0361282154897381,0.3654812509311455,0.30587812655498686,1.0728675677726696,-0.09508008442416549,-0.07596598010903755,0.5,1.259982044128282,1.5940322336345987,0.4581008383002083,0.5277777777777778
composite_chronos_blend_75,25.0,2022-07-31_2023-06-30,12,0.4381939012958209,-0.0028433046031512976,0.4381939012958209,-0.0028433046031512976,0.4410372058989722,0.3157829075147792,1.304371741590899,-0.09508008442416549,-0.07596598010903743,0.5,1.421825158229329,1.6761932937165487,0.49866720225124284,0.5
composite_chronos_blend_75,25.0,2022-08-31_2023-07-31,12,0.4153189270247515,-0.031389184091800915,0.4153189270247515,-0.031389184091800915,0.4467081111165524,0.3137873788736675,1.2581354624818375,-0.09508008442416571,-0.0655917893195096,0.5,1.4614072008344954,1.7898935057270942,0.5513364521040609,0.5
composite_chronos_blend_75,25.0,2022-09-30_2023-08-31,12,0.8597314111170484,-0.014331580574544756,0.8597314111170484,-0.014331580574544756,0.8740629916915932,0.3835282052191044,1.8211494509703785,-0.09508008442416571,-0.06559178931950937,0.5833333333333334,1.929443044800354,1.6072024033432266,1.0080435010408149,0.47222222222222215
composite_chronos_blend_75,25.0,2022-10-31_2023-09-30,12,0.3957181378009875,-0.04883569016310929,0.3957181378009875,-0.04883569016310929,0.4445538279640968,0.36797315441311557,1.0744322786297977,-0.08848240506581528,-0.06327241269436523,0.5,1.2714606362953051,1.738540465786234,0.5974220416489211,0.47222222222222215
composite_chronos_blend_75,25.0,2022-11-30_2023-10-31,12,0.2911978894519722,-8.074453772832779e-05,0.2911978894519722,-8.074453772832779e-05,0.29127863398970055,0.38399161034915313,0.8360024148282617,-0.16267636125418483,-0.04084242285001627,0.5,0.8235288402593091,0.4455356301831802,0.37046599899789556,0.5
composite_chronos_blend_75,25.0,2022-12-31_2023-11-30,12,0.5597634203335788,0.06162621592425688,0.5597634203335788,0.06162621592425688,0.49813720440932197,0.3684124237914397,1.3859766327661287,-0.16267636125418472,-0.04084242285001627,0.5833333333333334,1.1868761296514627,0.1025587435820798,0.638527375426259,0.49999999999999994
composite_chronos_blend_75,25.0,2023-01-31_2023-12-31,12,0.41549055459291995,0.05389394652891433,0.41549055459291995,0.05389394652891433,0.3615966080640056,0.3456884323054001,1.1664256264693447,-0.16267636125418472,-0.04084242285001627,0.5833333333333334,0.9832494495566241,0.18276926952289954,0.4720361808244067,0.5
composite_chronos_blend_75,25.0,2023-02-28_2024-01-31,12,0.522525368405673,0.06910062416905749,0.522525368405673,0.06910062416905749,0.4534247442366155,0.34199456621846874,1.3965593248058188,-0.16267636125418483,-0.04084242285001627,0.6666666666666666,1.1643031852821644,0.17555396908962853,0.5784116140616242,0.5
composite_chronos_blend_75,25.0,2023-03-31_2024-02-29,12,0.6796124491277094,0.07105311702696282,0.6796124491277094,0.07105311702696282,0.6085593321007465,0.32171955275168845,1.783328533589204,-0.16267636125418483,-0.04084242285001627,0.75,1.5035199688088352,0.02122374905876194,0.7488705071084287,0.5
composite_chronos_blend_75,25.0,2023-04-30_2024-03-31,12,0.5101118602529628,0.04605177038880415,0.5101118602529628,0.04605177038880415,0.4640600898641587,0.35118201070588206,1.3450156240772762,-0.16267636125418483,-0.028914327222309355,0.75,1.19229477931778,0.3199118294775077,0.5655988339269635,0.5
composite_chronos_blend_75,25.0,2023-05-31_2024-04-30,12,0.4355503772495595,0.05087612226469651,0.4355503772495595,0.05087612226469651,0.38467425498486296,0.35366868064825957,1.1893147956521426,-0.16267636125418472,-0.04720745865673304,0.75,1.048262724405932,0.6457256078628013,0.4625687435491328,0.4444444444444444
composite_chronos_blend_75,25.0,2023-06-30_2024-05-31,12,0.4161428511708165,0.06029804021364593,0.4161428511708165,0.06029804021364593,0.3558448109571706,0.3547890005720917,1.146889415995236,-0.16267636125418483,-0.04720745865673304,0.6666666666666666,0.9774321553546947,0.5973795906186309,0.43932110048972883,0.4444444444444444
composite_chronos_blend_75,25.0,2023-07-31_2024-06-30,12,0.394851185788593,0.046802268590376395,0.394851185788593,0.046802268590376395,0.3480489171982166,0.3514551266044464,1.1104375232394585,-0.16267636125418483,-0.04720745865673304,0.6666666666666666,0.9688439696664866,0.4565114413330414,0.4367696405454766,0.47222222222222227
composite_chronos_blend_75,25.0,2023-08-31_2024-07-31,12,0.33316059848481405,0.10318514893952901,0.33316059848481405,0.10318514893952901,0.22997544954528504,0.3507678423751063,0.9791237370246192,-0.16267636125418483,-0.04720745865673315,0.5833333333333334,0.6712813625866425,0.2261138198314004,0.37158095078340203,0.47222222222222227
composite_chronos_blend_75,25.0,2023-09-30_2024-08-31,12,0.14748657127286058,0.08473288946892565,0.14748657127286058,0.08473288946892565,0.06275368180393492,0.24667478393924253,0.6748070996879356,-0.10051109593572638,-0.04720745865673315,0.5833333333333334,0.31291087104189524,0.2671324759788274,0.1532207888001953,0.5277777777777778
composite_chronos_blend_75,25.0,2023-10-31_2024-09-30,12,0.2604879889821916,0.12170948346779942,0.2604879889821916,0.12170948346779942,0.1387785055143922,0.22112346859035098,1.1588093054281,-0.10051109593572638,-0.047207458656732815,0.5833333333333334,0.5562998649477371,-0.14754931269530522,0.31099486863878933,0.5555555555555557
composite_chronos_blend_75,25.0,2023-11-30_2024-10-31,12,0.31477596092835003,0.004734660022875703,0.31477596092835003,0.004734660022875703,0.3100413009054743,0.20390339111163414,1.4506638058195467,-0.10051109593572638,-0.07254414974326939,0.6666666666666666,1.4929681096417164,0.7125711104600142,0.33001138572597455,0.5277777777777778
composite_chronos_blend_75,25.0,2023-12-31_2024-11-30,12,0.26972272352395454,-0.026522408525777696,0.26972272352395454,-0.026522408525777696,0.29624513204973224,0.1915873768164462,1.3469763669900545,-0.10051109593572638,-0.07702368625268241,0.6666666666666666,1.4748904381372636,0.53154355270797,0.30564585383140463,0.5555555555555556
composite_chronos_blend_75,25.0,2024-01-31_2024-12-31,12,0.28189207058274035,-0.013699490369203038,0.28189207058274035,-0.013699490369203038,0.2955915609519434,0.1936895440563762,1.384493897146285,-0.10051109593572638,-0.07702368625268208,0.6666666666666666,1.4642868099779747,0.5803786692983994,0.31023640007618525,0.5555555555555556
composite_chronos_blend_75,25.0,2024-02-29_2025-01-31,12,0.08876441578608363,-0.14290566323586873,0.08876441578608363,-0.14290566323586873,0.23167007902195236,0.2246013916790129,0.4840926796737113,-0.10118425429260614,-0.18252959118595857,0.6666666666666666,1.3330261880700411,0.8162110412631907,0.2490347957145198,0.5833333333333334
composite_chronos_blend_75,25.0,2024-03-31_2025-02-28,12,0.06726859098220372,-0.10676537761977256,0.06726859098220372,-0.10676537761977256,0.17403396860197629,0.22367958651344544,0.3953770893463821,-0.10118425429260614,-0.1825295911859588,0.5833333333333334,0.9685117634048979,0.7321341704869436,0.17398213426295306,0.6111111111111112
composite_chronos_blend_75,25.0,2024-04-30_2025-03-31,12,0.24162965635857292,-0.06461005552580057,0.24162965635857292,-0.06461005552580057,0.3062397118843735,0.19568382510771223,1.2060585212939563,-0.10118425429260614,-0.18252959118595868,0.6666666666666666,1.8329261217603383,0.7341253487589295,0.31226949474856003,0.638888888888889
composite_chronos_blend_75,25.0,2024-05-31_2025-04-30,12,0.34422583734914003,0.02942056800377868,0.34422583734914003,0.02942056800377868,0.31480526934536135,0.20194201260239153,1.5761481814955773,-0.10118425429260625,-0.18252959118595857,0.6666666666666666,1.7420751005005648,0.7550225151686587,0.3254866402632406,0.638888888888889
composite_chronos_blend_75,25.0,2024-06-30_2025-05-31,12,0.2851546333840784,-0.019239253194651806,0.2851546333840784,-0.019239253194651806,0.30439388657873023,0.21249890493858092,1.290818697868058,-0.10118425429260625,-0.18252959118595835,0.6666666666666666,1.7770670201837706,0.8163977609018935,0.3156988191120309,0.638888888888889
composite_chronos_blend_75,25.0,2024-07-31_2025-06-30,12,0.496972150828739,0.03150250800801424,0.496972150828739,0.03150250800801424,0.4654696428207248,0.3219313816339601,1.4099660724465628,-0.10118425429260625,-0.1825295911859589,0.6666666666666666,1.7855572589274615,1.176418668335928,0.47646745327604045,0.638888888888889
composite_chronos_blend_75,25.0,2024-08-31_2025-07-31,12,0.34528801672175025,0.02082724764079913,0.34528801672175025,0.02082724764079913,0.3244607690809511,0.3463465631946501,1.0145355280733919,-0.10118425429260602,-0.1720911800730176,0.6666666666666666,1.1391606161869843,1.0921973302572219,0.3575505335309228,0.638888888888889
composite_chronos_blend_75,25.0,2024-09-30_2025-08-31,12,0.4935100177149878,0.07082064647411035,0.4935100177149878,0.07082064647411035,0.42268937124087747,0.38915818420156145,1.2126030826324623,-0.10118425429260614,-0.1720911800730176,0.6666666666666666,1.2546114447464298,1.2597014521994538,0.4301584736731261,0.6111111111111112
composite_chronos_blend_75,25.0,2024-10-31_2025-09-30,12,0.5346252845320285,0.07787885846139209,0.5346252845320285,0.07787885846139209,0.4567464260706364,0.38720539487717603,1.2899215198599743,-0.10118425429260614,-0.11858833109117162,0.75,1.3315189547991124,1.255465555737397,0.45761849564720825,0.6111111111111112
composite_chronos_blend_75,25.0,2024-11-30_2025-10-31,12,0.6365181879856037,0.1960061542824556,0.6365181879856037,0.1960061542824556,0.44051203370314806,0.3773131472918129,1.4923150582035627,-0.10118425429260625,-0.11795970406671652,0.6666666666666666,1.1846975375704345,1.206651151584156,0.38035883571290485,0.638888888888889
composite_chronos_blend_75,25.0,2024-12-31_2025-11-30,12,0.8137403565952883,0.22133541890163522,0.8137403565952883,0.22133541890163522,0.5924049376936531,0.39970080728754187,1.696833604378949,-0.10118425429260614,-0.11795970406671652,0.6666666666666666,1.3744081741078162,1.2310296026632135,0.49819447561372177,0.611111111111111
composite_chronos_blend_75,25.0,2025-01-31_2025-12-31,12,0.4581968355725772,0.17166648362633885,0.4581968355725772,0.17166648362633885,0.2865303519462383,0.4471677143955061,1.0503981535000046,-0.1447866479087806,-0.03669877287899381,0.5833333333333334,0.8049793129788881,1.4525154401226872,0.2361530357972661,0.5833333333333334
composite_chronos_blend_75,25.0,2025-02-28_2026-01-31,12,0.6755477215293011,0.31334945156909844,0.6755477215293011,0.31334945156909844,0.36219826996020266,0.4205825893611755,1.4353345601719185,-0.1447866479087806,-0.04758367670999886,0.5833333333333334,0.8789172260738894,1.8924699438234684,0.07071865315423942,0.5833333333333334
composite_chronos_blend_75,25.0,2025-03-31_2026-02-28,12,0.2805718580860701,0.08257309459079365,0.2805718580860701,0.08257309459079365,0.19799876349527645,0.5054825602950569,0.7244598985743727,-0.3199562229533811,-0.18488813271044613,0.5833333333333334,0.7024495005391761,1.80297741594381,0.2018706811208848,0.5277777777777777
composite_chronos_blend_75,25.0,2025-04-30_2026-03-31,12,0.26545212603340995,0.028079656548997578,0.26545212603340995,0.028079656548997578,0.23737246948441237,0.5050905399534699,0.7004577481508072,-0.3199562229533812,-0.19546042589812018,0.5833333333333334,0.8060315005310926,1.815086087086485,0.3017570116567352,0.5277777777777778
composite_chronos_blend_75,25.0,2025-05-31_2026-04-30,12,-0.1857492494941123,-0.14610708694572017,-0.1857492494941123,-0.14610708694572017,-0.039642162548392146,0.6017525253846,-0.050860207770265446,-0.5101248547280715,-0.29138146686445754,0.5,0.2322273636141537,2.147588236956617,0.28340088518147444,0.5555555555555556
composite_chronos_blend_75,25.0,2025-06-30_2026-05-31,12,-0.25969076595738383,-0.18541351506394133,-0.25969076595738383,-0.18541351506394133,-0.0742772508934425,0.6142552351709842,-0.1913210066307597,-0.5737117998754889,-0.34737666250868915,0.5,0.13343352289164973,2.128171485577758,0.28983327407594395,0.5555555555555556
composite_chronos_blend_75,25.0,2025-07-31_2026-06-30,12,-0.35312867615511334,-0.1667764227923394,-0.35312867615511334,-0.1667764227923394,-0.18635225336277395,0.5526193630003667,-0.5025795185964115,-0.573711799875489,-0.34737666250868904,0.5,-0.32350182156894514,1.723789463767914,-0.016671158096494332,0.5833333333333334
