model,cost_bps,period,months,strategy_total_return,benchmark_total_return,strategy_cagr,benchmark_cagr,excess_cagr,strategy_volatility,strategy_sharpe_rf0,strategy_max_drawdown,benchmark_max_drawdown,active_hit_rate,information_ratio,beta_to_benchmark,annualized_alpha_rf0,average_monthly_turnover
cap150_composite,0.0,train_2021,12,1.010687951012041,0.1311417024200292,1.010687951012041,0.1311417024200292,0.8795462485920118,0.5805016908758349,1.4789719128851972,-0.237211373474554,-0.04715517979147299,0.6666666666666666,1.2957128549342136,1.5818183630156635,0.8946709975822258,0.49999999999999994
cap150_composite,0.0,validation_2022_2023,24,-0.448597550982458,0.08698189041321247,-0.2574352223424936,0.04258423660307309,-0.3000194589455667,0.5757227628010083,-0.1989866023190304,-0.6521447153733689,-0.08239866000360974,0.4583333333333333,-0.28497062217467295,1.696382214386862,-0.17533413281018229,0.5694444444444444
cap150_composite,0.0,holdout_2024,12,0.13564956005776407,-0.013699490369203038,0.13564956005776407,-0.013699490369203038,0.1493490504269671,0.2854004012473698,0.5731936876609443,-0.12860914376030008,-0.07702368625268208,0.5,0.5944389848464516,0.37725897902394273,0.18029172187973286,0.5833333333333333
cap150_composite,0.0,holdout_2025_2026,18,-0.7338963408483758,-0.12280852134116271,-0.5862856696751,-0.08364672551481533,-0.5026389441602848,0.704592063439852,-0.8595523256450254,-0.7153113095765812,-0.34737666250868915,0.3333333333333333,-0.9284314633472084,1.6992837957711553,-0.40541245513121626,0.6296296296296295
cap150_composite,25.0,train_2021,12,0.9819461667964404,0.1311417024200292,0.9819461667964404,0.1311417024200292,0.8508044643764112,0.5806189376577069,1.4528387578791335,-0.23947747988704005,-0.04715517979147299,0.6666666666666666,1.269184923679982,1.5915931698938763,0.8656856999105706,0.49999999999999994
cap150_composite,25.0,validation_2022_2023,24,-0.4675778920449547,0.08698189041321247,-0.2703273967353267,0.04258423660307309,-0.3129116333383998,0.5754057670047584,-0.22878541948944767,-0.663406055197807,-0.08239866000360974,0.4583333333333333,-0.31565469900929005,1.7003569220512715,-0.18968512522963332,0.5694444444444444
cap150_composite,25.0,holdout_2024,12,0.11627834533745807,-0.013699490369203038,0.11627834533745807,-0.013699490369203038,0.1299778357066611,0.28463353519725737,0.5132554333404517,-0.13175280454292504,-0.07702368625268208,0.5,0.5354606421529842,0.37682863104756964,0.16007601834080676,0.5833333333333333
cap150_composite,25.0,holdout_2025_2026,18,-0.7421288536881511,-0.12280852134116271,-0.5948630690113228,-0.08364672551481533,-0.5112163434965076,0.704649871808246,-0.8862878723684637,-0.7193701643674705,-0.34737666250868915,0.3333333333333333,-0.9608047791062284,1.7023669655756857,-0.4169282098332481,0.6296296296296295
cap150_composite,50.0,train_2021,12,0.9535739099741993,0.1311417024200292,0.9535739099741993,0.1311417024200292,0.8224322075541701,0.580742683278404,1.4267001893341562,-0.2417408085217484,-0.04715517979147299,0.6666666666666666,1.242639281852173,1.6013679767720879,0.8371073961821818,0.49999999999999994
cap150_composite,50.0,validation_2022_2023,24,-0.48593822539076914,0.08698189041321247,-0.2830189858795208,0.04258423660307309,-0.3256032224825939,0.5751005405319559,-0.2586117950377759,-0.6743234535755924,-0.08239866000360974,0.4166666666666667,-0.34637260193293024,1.7043316297156799,-0.20380685751329353,0.5694444444444444
cap150_composite,50.0,holdout_2024,12,0.09720598337745767,-0.013699490369203038,0.09720598337745767,-0.013699490369203038,0.11090547374666071,0.28388127691446413,0.45297002271001585,-0.13489229865888286,-0.07702368625268208,0.5,0.47615641424955285,0.3763982830711964,0.14017816396689153,0.5833333333333333
cap150_composite,50.0,holdout_2025_2026,18,-0.750123312433301,-0.12280852134116271,-0.6032802452625092,-0.08364672551481533,-0.5196335197476939,0.7047144768436163,-0.9130102270927377,-0.7233816733860567,-0.34737666250868915,0.3333333333333333,-0.9931921907681928,1.705450135380216,-0.4282391865923182,0.6296296296296295
cap150_composite,100.0,train_2021,12,0.8979210627094352,0.1311417024200292,0.8979210627094352,0.1311417024200292,0.766779360289406,0.5810096542084312,1.3744103740852043,-0.2462591324578317,-0.04715517979147299,0.6666666666666666,1.1894986455858105,1.6209175905285131,0.7811510229206333,0.49999999999999994
cap150_composite,100.0,validation_2022_2023,24,-0.520875018661622,0.08698189041321247,-0.3078114553545558,0.04258423660307309,-0.3503956919576289,0.5745254698652541,-0.31834002037146597,-0.6951656848143332,-0.08239866000360974,0.4166666666666667,-0.40790215753506176,1.7122810450444985,-0.23137583546998897,0.5694444444444444
cap150_composite,100.0,holdout_2024,12,0.059941324384525485,-0.013699490369203038,0.059941324384525485,-0.013699490369203038,0.07364081475372852,0.28242104829649733,0.3313836168210762,-0.1411587868907992,-0.07702368625268208,0.5,0.3565959818128317,0.37553758711845003,0.10131786260980613,0.5833333333333333
cap150_composite,100.0,holdout_2025_2026,18,-0.7654235490445668,-0.12280852134116271,-0.6196445815084884,-0.08364672551481533,-0.5359978559936731,0.7048640692432084,-0.9664122942848831,-0.7333680704667173,-0.34737666250868915,0.3333333333333333,-1.0580040227897791,1.7116164749892766,-0.450260020985326,0.6296296296296295
cap150_raw_ridge,0.0,train_2021,12,-0.15247252801033007,0.1311417024200292,-0.15247252801033007,0.1311417024200292,-0.28361423043035927,0.5216139562296734,-0.09682659583604879,-0.33773005664958666,-0.04715517979147299,0.4166666666666667,-0.36226532171365566,2.202130707371418,-0.2858395480350877,0.6944444444444443
cap150_raw_ridge,0.0,validation_2022_2023,24,-0.4608431486050987,0.08698189041321247,-0.26572699123902055,0.04258423660307309,-0.30831122784209364,0.5000291361508457,-0.3741343290566109,-0.6908405483177797,-0.08239866000360974,0.4166666666666667,-0.47179068143724284,1.0325386345556427,-0.21026269822419474,0.7083333333333334
cap150_raw_ridge,0.0,holdout_2024,12,-0.5134349502937166,-0.013699490369203038,-0.5134349502937166,-0.013699490369203038,-0.49973545992451357,0.3907702762435753,-1.5969653590080324,-0.5409355348133569,-0.07702368625268208,0.3333333333333333,-1.8112211369311402,2.225392845947514,-0.46216572358976993,0.7777777777777777
cap150_raw_ridge,0.0,holdout_2025_2026,18,-0.5387802845807044,-0.12280852134116271,-0.4030491489971799,-0.08364672551481533,-0.3194024234823646,0.6141599491800483,-0.5145779130464921,-0.767672477872311,-0.34737666250868915,0.5,-0.5343690349341733,1.6581781907223814,-0.2003641622282769,0.8148148148148148
cap150_raw_ridge,25.0,train_2021,12,-0.17069136417709718,0.1311417024200292,-0.17069136417709718,0.1311417024200292,-0.3018330665971264,0.5226214757853622,-0.1365030722253082,-0.3426930616423397,-0.04715517979147299,0.4166666666666667,-0.40355682169991525,2.191321442964988,-0.299996186652181,0.6944444444444443
cap150_raw_ridge,25.0,validation_2022_2023,24,-0.4841756544226409,0.08698189041321247,-0.2817908761528025,0.04258423660307309,-0.3243751127558756,0.5002173650641701,-0.4164750764616659,-0.6960863177021865,-0.08239866000360974,0.4166666666666667,-0.5147935024050393,1.035216315879642,-0.22730457326218678,0.7083333333333334
cap150_raw_ridge,25.0,holdout_2024,12,-0.5256630591832827,-0.013699490369203038,-0.5256630591832827,-0.013699490369203038,-0.5119635688140797,0.3920334932163121,-1.6513383142677511,-0.5467217313359896,-0.07702368625268208,0.3333333333333333,-1.8719864264756914,2.2258402552178382,-0.47523085161800394,0.7777777777777777
cap150_raw_ridge,25.0,holdout_2025_2026,18,-0.5562731336849759,-0.12280852134116271,-0.4182400545495618,-0.08364672551481533,-0.3345933290347465,0.6138040934070754,-0.5547007474002756,-0.7723062236349638,-0.34737666250868915,0.4444444444444444,-0.5850996710808636,1.6566117033113636,-0.22012379007706995,0.8148148148148148
cap150_raw_ridge,50.0,train_2021,12,-0.18855571289500184,0.1311417024200292,-0.18855571289500184,0.1311417024200292,-0.31969741531503104,0.5236370635932374,-0.1760241526000149,-0.34762943460928997,-0.04715517979147299,0.4166666666666667,-0.4446315021246925,2.180512178558559,-0.3138951603907639,0.6944444444444443
cap150_raw_ridge,50.0,validation_2022_2023,24,-0.506547017551787,0.08698189041321247,-0.2975379138713514,0.04258423660307309,-0.3401221504744245,0.5004204564922335,-0.4587703447852884,-0.7013979623207562,-0.08239866000360974,0.4166666666666667,-0.5577526350338715,1.0378939972036416,-0.2440087361028913,0.7083333333333334
cap150_raw_ridge,50.0,holdout_2024,12,-0.5376128437748129,-0.013699490369203038,-0.5376128437748129,-0.013699490369203038,-0.5239133534056097,0.3933093466019078,-1.7053072014495638,-0.5524500192660176,-0.07702368625268208,0.3333333333333333,-1.932167415932752,2.226287664488161,-0.4880044570052303,0.7777777777777777
cap150_raw_ridge,50.0,holdout_2025_2026,18,-0.5731415444783975,-0.12280852134116271,-0.4330789374321281,-0.08364672551481533,-0.3494322119173128,0.6134547789827921,-0.5948637883623596,-0.7768595420126023,-0.34737666250868915,0.4444444444444444,-0.6358721391044609,1.6550452159003461,-0.2394349060476395,0.8148148148148148
cap150_raw_ridge,100.0,train_2021,12,-0.223245590737163,0.1311417024200292,-0.223245590737163,0.1311417024200292,-0.3543872931571922,0.5256922565488709,-0.25459655414038623,-0.357422643730707,-0.04715517979147299,0.3333333333333333,-0.5261299688106016,2.1588936497457003,-0.34093713140148163,0.6944444444444443
cap150_raw_ridge,100.0,validation_2022_2023,24,-0.5485553239280383,0.08698189041321247,-0.32810367163381393,0.04258423660307309,-0.370687908236887,0.5008711532527356,-0.5432096929432566,-0.7119855709242869,-0.08239866000360974,0.375,-0.6435242921514819,1.0432493598516404,-0.27642820569640825,0.7083333333333334
cap150_raw_ridge,100.0,holdout_2024,12,-0.5607000544551011,-0.013699490369203038,-0.5607000544551011,-0.013699490369203038,-0.5470005640858979,0.3958984727248696,-1.812030046205475,-0.5637345930192093,-0.07702368625268208,0.3333333333333333,-2.050782579317188,2.227182483028809,-0.5127006930758794,0.7777777777777777
cap150_raw_ridge,100.0,holdout_2025_2026,18,-0.6050880139966668,-0.12280852134116271,-0.4617299570079977,-0.08364672551481533,-0.37808323149318235,0.6127758187177613,-0.6753055686327335,-0.7857296432668179,-0.34737666250868915,0.4444444444444444,-0.737532143422715,1.6519122410783103,-0.27674852612678735,0.8148148148148148
cap150_raw_lightgbm,0.0,train_2021,12,2.270232649379598,0.1311417024200292,2.270232649379598,0.1311417024200292,2.139090946959569,0.614140715592031,2.2744659640169664,-0.1891396982210901,-0.04715517979147299,0.8333333333333334,2.190724409404802,2.8780063770439135,1.6838304331220124,0.6944444444444443
cap150_raw_lightgbm,0.0,validation_2022_2023,24,-0.2676536502004869,0.08698189041321247,-0.14422762968210223,0.04258423660307309,-0.18681186628517532,0.5199728930903859,-0.04815018214477768,-0.6480011114745785,-0.08239866000360974,0.4166666666666667,-0.14345589667501063,2.6376630841518685,-0.13509189685922862,0.5694444444444444
cap150_raw_lightgbm,0.0,holdout_2024,12,0.8104604774462643,-0.013699490369203038,0.8104604774462643,-0.013699490369203038,0.8241599678154673,0.8003253664319923,1.0473039481686532,-0.18614837672086448,-0.07702368625268208,0.5833333333333334,1.0835649126767923,1.8645820900488586,1.2831220173314621,0.5277777777777778
cap150_raw_lightgbm,0.0,holdout_2025_2026,18,0.19131994173163314,-0.12280852134116271,0.12379115019225173,-0.08364672551481533,0.20743787570706707,0.7997901029639652,0.5662412673069434,-0.7322238784028874,-0.34737666250868915,0.5555555555555556,0.7268591981450042,1.7022245794853308,0.7119997672857692,0.7037037037037037
cap150_raw_lightgbm,25.0,train_2021,12,2.2098829118951575,0.1311417024200292,2.2098829118951575,0.1311417024200292,2.0787412094751283,0.613192846396885,2.244006644048735,-0.19133218756338155,-0.04715517979147299,0.8333333333333334,2.1579452554651715,2.868095918831628,1.6358617648269989,0.6944444444444443
cap150_raw_lightgbm,25.0,validation_2022_2023,24,-0.2929987988626137,0.08698189041321247,-0.1591663653626918,0.04258423660307309,-0.2017506019657649,0.5201736761082472,-0.08097319180222667,-0.655015126040254,-0.08239866000360974,0.4166666666666667,-0.17828353744041617,2.640103247219309,-0.15002427077627456,0.5694444444444444
cap150_raw_lightgbm,25.0,holdout_2024,12,0.7822166800175081,-0.013699490369203038,0.7822166800175081,-0.013699490369203038,0.7959161703867111,0.8010425472777046,1.0266003791498037,-0.1891594519163976,-0.07702368625268208,0.5833333333333334,1.0622393000349282,1.8607495253184094,1.2495325975033724,0.5277777777777778
cap150_raw_lightgbm,25.0,holdout_2025_2026,18,0.1529775797451587,-0.12280852134116271,0.09954727909980354,-0.08364672551481533,0.18319400461461888,0.8002147368982677,0.5395589839351408,-0.7360892727408532,-0.34737666250868915,0.5555555555555556,0.6960720217815868,1.6997918206670726,0.677536324876528,0.7037037037037037
cap150_raw_lightgbm,50.0,train_2021,12,2.1505487951006774,0.1311417024200292,2.1505487951006774,0.1311417024200292,2.019407092680648,0.6122495934597957,2.213436321625621,-0.1935218991278953,-0.04715517979147299,0.8333333333333334,2.125049970887088,2.858185460619344,1.5886801786968858,0.6944444444444443
cap150_raw_lightgbm,50.0,validation_2022_2023,24,-0.3175103909933418,0.08698189041321247,-0.17387070684628414,0.04258423660307309,-0.21645494344935723,0.5203847965257343,-0.11376861233183252,-0.6619025879524152,-0.08239866000360974,0.4166666666666667,-0.2130811606661274,2.6425434102867476,-0.16471998437588453,0.5694444444444444
cap150_raw_lightgbm,50.0,holdout_2024,12,0.7543691785005531,-0.013699490369203038,0.7543691785005531,-0.013699490369203038,0.7680686688697561,0.8017637323044453,1.005928825314878,-0.1921649715563748,-0.07702368625268208,0.5833333333333334,1.0409512882731915,1.8569169605879603,1.216396723115126,0.5277777777777778
cap150_raw_lightgbm,50.0,holdout_2025_2026,18,0.11579066977173191,-0.12280852134116271,0.07577591539595496,-0.08364672551481533,0.1594226409107703,0.8006451321002723,0.5129013126981885,-0.7399088265110241,-0.34737666250868915,0.5555555555555556,0.6653400914842488,1.6973590618488146,0.6437099060877511,0.7037037037037037
cap150_raw_lightgbm,100.0,train_2021,12,2.0348658125175048,0.1311417024200292,2.0348658125175048,0.1311417024200292,1.9037241100974756,0.6103770218604859,2.1519630889676487,-0.19789298892358909,-0.04715517979147299,0.8333333333333334,2.058912184499076,2.838364544194774,1.4966313786403678,0.6944444444444443
cap150_raw_lightgbm,100.0,validation_2022_2023,24,-0.3641361233363325,0.08698189041321247,-0.20258926727584892,0.04258423660307309,-0.245173503878922,0.520837998661193,-0.1792690300745895,-0.6753060339298308,-0.08239866000360974,0.375,-0.28257716228522695,2.6474237364216258,-0.19341504513939523,0.5694444444444444
cap150_raw_lightgbm,100.0,holdout_2024,12,0.699843335219698,-0.013699490369203038,0.699843335219698,-0.013699490369203038,0.713542825588901,0.8032180716983428,0.9646827057962659,-0.19815934416966285,-0.07702368625268208,0.5833333333333334,0.9984889627761776,1.8492518311270618,1.151463375693115,0.5277777777777778
cap150_raw_lightgbm,100.0,holdout_2025_2026,18,0.044754155625581715,-0.12280852134116271,0.029617869903032723,-0.08364672551481533,0.11326459541784806,0.8015231690595066,0.4596619676880096,-0.7474121163811276,-0.34737666250868915,0.5555555555555556,0.6040445765677148,1.6924935442122986,0.5779254125318039,0.7037037037037037
cap150_rank_ridge,0.0,train_2021,12,-0.03600117241135503,0.1311417024200292,-0.03600117241135503,0.1311417024200292,-0.16714287483138424,0.1134252020019498,-0.2708050680705065,-0.10606772302986855,-0.04715517979147299,0.4166666666666667,-1.445555914934483,0.5479111813138904,-0.09622257049834548,0.8611111111111108
cap150_rank_ridge,0.0,validation_2022_2023,24,-0.3608667857735791,0.08698189041321247,-0.20054192465994758,0.04258423660307309,-0.24312616126302067,0.17689902265901022,-1.1615627816183565,-0.4184953369757479,-0.08239866000360974,0.4166666666666667,-1.2376463122855572,-0.17843578844619162,-0.18049598973002423,0.5555555555555555
cap150_rank_ridge,0.0,holdout_2024,12,0.14708069884911956,-0.013699490369203038,0.14708069884911956,-0.013699490369203038,0.1607801892183226,0.20101769652888243,0.7762602841665552,-0.14592306282362066,-0.07702368625268208,0.5,0.9634578001078137,1.0147381823190083,0.17804218818181172,0.5833333333333334
cap150_rank_ridge,0.0,holdout_2025_2026,18,0.43541247494604174,-0.12280852134116271,0.272480524733254,-0.08364672551481533,0.35612725024806935,0.2817988567476483,0.9830496953088551,-0.12007816798809612,-0.34737666250868915,0.5555555555555556,1.2489770981248267,0.5642710337544444,0.35698571975723015,0.4999999999999999
cap150_rank_ridge,25.0,train_2021,12,-0.0606943138976509,0.1311417024200292,-0.0606943138976509,0.1311417024200292,-0.1918360163176801,0.11336793129405,-0.4988134848796544,-0.11449728661411829,-0.04715517979147299,0.3333333333333333,-1.6844834594801619,0.5499134163628078,-0.11971642207297606,0.8611111111111108
cap150_rank_ridge,25.0,validation_2022_2023,24,-0.38228318234854386,0.08698189041321247,-0.2140503720648147,0.04258423660307309,-0.2566346086678878,0.17709668688164454,-1.2543768683854466,-0.4351951462018576,-0.08239866000360974,0.3333333333333333,-1.3203343597724593,-0.1718172398287621,-0.19452087726411593,0.5555555555555555
cap150_rank_ridge,25.0,holdout_2024,12,0.12723792338291573,-0.013699490369203038,0.12723792338291573,-0.013699490369203038,0.14093741375211877,0.20165501435640312,0.6870250892207357,-0.15184368159642547,-0.07702368625268208,0.5,0.8543302279203505,1.0048160783376356,0.15776623246638222,0.5833333333333334
cap150_rank_ridge,25.0,holdout_2025_2026,18,0.40403700704613854,-0.12280852134116271,0.25386959097793893,-0.08364672551481533,0.33751631649275426,0.28193930075394946,0.9293570621884609,-0.12466185202210112,-0.34737666250868915,0.5555555555555556,1.191569446306243,0.5636261241280908,0.33722668871299,0.4999999999999999
cap150_rank_ridge,50.0,train_2021,12,-0.08480832740043964,0.1311417024200292,-0.08480832740043964,0.1311417024200292,-0.21595002982046885,0.11333013030311469,-0.7269274816447596,-0.12286770200022601,-0.04715517979147299,0.3333333333333333,-1.9240213016910803,0.5519156514117249,-0.14264922254039292,0.8611111111111108
cap150_rank_ridge,50.0,validation_2022_2023,24,-0.4030176215320117,0.08698189041321247,-0.22735365239458472,0.04258423660307309,-0.2699378889976578,0.1773254632090625,-1.346747668591439,-0.4514444154972218,-0.08239866000360974,0.3333333333333333,-1.40288268817093,-0.16519869121133274,-0.20832543161743888,0.5555555555555555
cap150_rank_ridge,50.0,holdout_2024,12,0.10770521333016281,-0.013699490369203038,0.10770521333016281,-0.013699490369203038,0.12140470369936585,0.20231372916674276,0.5982888790026516,-0.15773470048527538,-0.07702368625268208,0.5,0.7468540781765146,0.9948939743562637,0.1378106362373206,0.5833333333333334
cap150_rank_ridge,50.0,holdout_2025_2026,18,0.37329879791921816,-0.12280852134116271,0.23550173592907742,-0.08364672551481533,0.31914846144389275,0.2821013964108138,0.8756506823682295,-0.1292295915190288,-0.34737666250868915,0.5555555555555556,1.1341931963915322,0.562981214501737,0.31773171330529704,0.4999999999999999
cap150_rank_ridge,100.0,train_2021,12,-0.13134806203053184,0.1311417024200292,-0.13134806203053184,0.1311417024200292,-0.26248976445056105,0.11331300537685672,-1.18300147839659,-0.13943218282917524,-0.04715517979147299,0.25,-2.404409009918147,0.5559201215095597,-0.18688025805180764,0.8611111111111108
cap150_rank_ridge,100.0,validation_2022_2023,24,-0.44252240712135693,0.08698189041321247,-0.2533557789156585,0.04258423660307309,-0.2959400155187316,0.17787585567285005,-1.529977109386713,-0.48263659363357647,-0.08239866000360974,0.25,-1.567425493679194,-0.1519615939764736,-0.23528610534935857,0.5555555555555555
cap150_rank_ridge,100.0,holdout_2024,12,0.06955268960295502,-0.013699490369203038,0.06955268960295502,-0.013699490369203038,0.08325217997215806,0.20369451266248984,0.42240732509364837,-0.16942831418238746,-0.07702368625268208,0.5,0.5368239840211699,0.975049766393519,0.09884214939034242,0.5833333333333334
cap150_rank_ridge,100.0,holdout_2025_2026,18,0.31368650973754875,-0.12280852134116271,0.19948409440574988,-0.08364672551481533,0.2831308199205652,0.28249038861069903,0.7682465988718596,-0.13933261462169444,-0.34737666250868915,0.5,1.0195934073791595,0.5616913952490294,0.27952111702840865,0.4999999999999999
cap150_rank_lightgbm,0.0,train_2021,12,2.426414084303751,0.1311417024200292,2.426414084303751,0.1311417024200292,2.2952723818837217,0.6856424758686313,2.1737650317874007,-0.22374893924715122,-0.04715517979147299,0.75,2.021238416090464,1.393314691757947,2.474385800985888,0.5833333333333333
cap150_rank_lightgbm,0.0,validation_2022_2023,24,0.4701981845594436,0.08698189041321247,0.21251729247852125,0.04258423660307309,0.16993305587544816,0.28112859608670704,0.8383769562601918,-0.21868420067208794,-0.08239866000360974,0.7083333333333334,0.7549599046041833,1.5713860665597388,0.17767985576362233,0.375
cap150_rank_lightgbm,0.0,holdout_2024,12,0.13379367710184198,-0.013699490369203038,0.13379367710184198,-0.013699490369203038,0.14749316747104502,0.2961614523844245,0.5597596935144304,-0.2133514872441995,-0.07702368625268208,0.5833333333333334,0.7094852373921647,1.7557614725712183,0.19707988347866223,0.5
cap150_rank_lightgbm,0.0,holdout_2025_2026,18,-0.11529511577128304,-0.12280852134116271,-0.0784216083011624,-0.08364672551481533,0.00522511721365293,0.4466695688058799,0.02553956724827542,-0.46743876368059945,-0.34737666250868915,0.5,0.2123644605940168,1.2800186262814877,0.08769931026854327,0.5555555555555556
cap150_rank_lightgbm,25.0,train_2021,12,2.3714344917059225,0.1311417024200292,2.3714344917059225,0.1311417024200292,2.2402927892858933,0.68579896302576,2.14775133495797,-0.22605018792244702,-0.04715517979147299,0.75,1.994474368020696,1.384601354432876,2.4234118781163643,0.5833333333333333
cap150_rank_lightgbm,25.0,validation_2022_2023,24,0.43803765305458997,0.08698189041321247,0.1991820766900203,0.04258423660307309,0.15659784008694722,0.28079987037984405,0.7992943030966043,-0.2195175340054213,-0.08239866000360974,0.7083333333333334,0.7114909919295698,1.5724356163896958,0.16462202035830664,0.375
cap150_rank_lightgbm,25.0,holdout_2024,12,0.11712837364192352,-0.013699490369203038,0.11712837364192352,-0.013699490369203038,0.13082786401112656,0.2958627934384754,0.5096255668553625,-0.21541925271172446,-0.07702368625268208,0.5833333333333334,0.6489097663326372,1.7508822265023745,0.17946017597779407,0.5
cap150_rank_lightgbm,25.0,holdout_2025_2026,18,-0.1376031159860679,-0.12280852134116271,-0.09397930224285678,-0.08364672551481533,-0.010332576728041443,0.4469315905521686,-0.011766720651573371,-0.4737832295439841,-0.34737666250868915,0.5,0.16059949654798306,1.281717032522765,0.0699364490563743,0.5555555555555556
cap150_rank_lightgbm,50.0,train_2021,12,2.3172482651055537,0.1311417024200292,2.3172482651055537,0.1311417024200292,2.1861065626855245,0.6859623170088273,2.121728267374545,-0.22834865881996513,-0.04715517979147299,0.75,1.9677117689229016,1.3758880171078043,2.3731243303407963,0.5833333333333333
cap150_rank_lightgbm,50.0,validation_2022_2023,24,0.4065384348166907,0.08698189041321247,0.18597573112466792,0.04258423660307309,0.14339149452159483,0.280489651679128,0.7600698828945016,-0.22035086733875453,-0.08239866000360974,0.7083333333333334,0.6678308674569381,1.5734851662196525,0.1516970248224203,0.375
cap150_rank_lightgbm,50.0,holdout_2024,12,0.10067652128138982,-0.013699490369203038,0.10067652128138982,-0.013699490369203038,0.11437601165059286,0.2956022775228761,0.4593308446582803,-0.21748453835132464,-0.07702368625268208,0.5833333333333334,0.5881524549286868,1.746002980433531,0.1620784917522724,0.5
cap150_rank_lightgbm,50.0,holdout_2025_2026,18,-0.15938763978163428,-0.12280852134116271,-0.10930192370801184,-0.08364672551481533,-0.025655198193196505,0.44720661251331506,-0.049027865933902216,-0.4800667408932604,-0.34737666250868915,0.5,0.10884114189316675,1.283415438764042,0.05243985692189912,0.5555555555555556
cap150_rank_lightgbm,100.0,train_2021,12,2.211215180651133,0.1311417024200292,2.211215180651133,0.1311417024200292,2.0800734782311037,0.6863096056335289,2.0696572315058597,-0.23293726728166797,-0.04715517979147299,0.75,1.9141942934028449,1.3584613424576624,2.2745748037625377,0.5833333333333333
cap150_rank_lightgbm,100.0,validation_2022_2023,24,0.34547315657115973,0.08698189041321247,0.15994532481973467,0.04258423660307309,0.11736108821666158,0.2799249777437199,0.6812244417840363,-0.22201753400542135,-0.08239866000360974,0.7083333333333334,0.5799754951618094,1.5755842658795662,0.1262406448577511,0.375
cap150_rank_lightgbm,100.0,holdout_2024,12,0.06840382800500411,-0.013699490369203038,0.06840382800500411,-0.013699490369203038,0.08210331837420715,0.2951960639403585,0.3583355496192041,-0.2216076701467513,-0.07702368625268208,0.4166666666666667,0.46622815661982697,1.7362444882958443,0.12801751865684086,0.5
cap150_rank_lightgbm,100.0,holdout_2025_2026,18,-0.20143160158315188,-0.12280852134116271,-0.13925452823277062,-0.08364672551481533,-0.05560780271795529,0.4477955601360594,-0.12340211492851931,-0.49245270188626544,-0.34737666250868915,0.5,0.005379413644896516,1.286812251246596,0.018230990444784823,0.5555555555555556
cap150_raw_ensemble,0.0,train_2021,12,0.9681421865297475,0.1311417024200292,0.9681421865297475,0.1311417024200292,0.8370004841097183,0.5750859533949592,1.4296021200598916,-0.11666831773116038,-0.04715517979147299,0.5833333333333334,1.2504322274517803,1.7799353691068207,0.7867160685331085,0.6666666666666666
cap150_raw_ensemble,0.0,validation_2022_2023,24,0.05709963942762153,0.08698189041321247,0.02815350966070307,0.04258423660307309,-0.01443072694237002,0.5107492469057059,0.28150516819174914,-0.5376387632906254,-0.08239866000360974,0.4583333333333333,0.19186176166369273,0.28191616673537023,0.13919948129046622,0.6388888888888888
cap150_raw_ensemble,0.0,holdout_2024,12,0.4296663664141931,-0.013699490369203038,0.4296663664141931,-0.013699490369203038,0.44336585678339613,0.8229044328982513,0.7510755472167158,-0.46415652521121464,-0.07702368625268208,0.5833333333333334,0.7862560967712776,2.4192746708534867,0.8643566652502188,0.638888888888889
cap150_raw_ensemble,0.0,holdout_2025_2026,18,-0.572909678297397,-0.12280852134116271,-0.4328736579498099,-0.08364672551481533,-0.3492269324349946,0.6885406439989663,-0.4694194002815833,-0.7761492409564824,-0.34737666250868915,0.3888888888888889,-0.40350760484613457,0.8159689542633497,-0.24417850674871677,0.7222222222222221
cap150_raw_ensemble,25.0,train_2021,12,0.9313718950333099,0.1311417024200292,0.9313718950333099,0.1311417024200292,0.8002301926132807,0.5745764058050047,1.3960616727139388,-0.1183349843978273,-0.04715517979147299,0.5833333333333334,1.2153259122059616,1.772894665063498,0.7544706999746578,0.6666666666666666
cap150_raw_ensemble,25.0,validation_2022_2023,24,0.016478520136689934,0.08698189041321247,0.008205594180418219,0.04258423660307309,-0.03437864242265487,0.5114289311136807,0.24365435431269036,-0.5446222516149115,-0.08239866000360974,0.4583333333333333,0.154324842939916,0.2746539083121617,0.11815096111558332,0.6388888888888888
cap150_raw_ensemble,25.0,holdout_2024,12,0.4022293943173816,-0.013699490369203038,0.4022293943173816,-0.013699490369203038,0.4159288846865846,0.823604084086387,0.7271658095816715,-0.46931598196532154,-0.07702368625268208,0.5833333333333334,0.761563787265392,2.422164539869275,0.8307565820410359,0.638888888888889
cap150_raw_ensemble,25.0,holdout_2025_2026,18,-0.5878314779210941,-0.12280852134116271,-0.446161408662051,-0.08364672551481533,-0.3625146831472357,0.6891235291526612,-0.5004632525988753,-0.7806902565615951,-0.34737666250868915,0.3888888888888889,-0.4360553438203579,0.8177578962184147,-0.2606945304201812,0.7222222222222221
cap150_raw_ensemble,50.0,train_2021,12,0.8952281654445571,0.1311417024200292,0.8952281654445571,0.1311417024200292,0.7640864630245279,0.5740716845738573,1.3624502291394078,-0.12000165106449368,-0.04715517979147299,0.5833333333333334,1.1801558582893177,1.7658539610201747,0.7227595823602231,0.6666666666666666
cap150_raw_ensemble,50.0,validation_2022_2023,24,-0.022653241465151908,0.08698189041321247,-0.011391503913279033,0.04258423660307309,-0.05397574051635212,0.5121146703125022,0.20590157914500276,-0.5520472066133691,-0.08239866000360974,0.4166666666666667,0.11689979204689573,0.26739164988895325,0.09745948772064028,0.6388888888888888
cap150_raw_ensemble,50.0,holdout_2024,12,0.37526679695185283,-0.013699490369203038,0.37526679695185283,-0.013699490369203038,0.38896628732105587,0.8243094981631234,0.7032917432161612,-0.4744384060571847,-0.07702368625268208,0.5833333333333334,0.7369081933326906,2.4250544088850634,0.7977124247862979,0.638888888888889
cap150_raw_ensemble,50.0,holdout_2025_2026,18,-0.6022657998585326,-0.12280852134116271,-0.4591685260607028,-0.08364672551481533,-0.37552180054588746,0.6897133843436511,-0.5314492625913579,-0.7851518046742327,-0.34737666250868915,0.3888888888888889,-0.4685542199688487,0.8195468381734794,-0.27687912065308007,0.7222222222222221
cap150_raw_ensemble,100.0,train_2021,12,0.8247819104640308,0.1311417024200292,0.8247819104640308,0.1311417024200292,0.6936402080440016,0.573076772074201,1.2950168884074158,-0.12333498439782709,-0.04715517979147299,0.5,1.1096278052267246,1.7517725529335288,0.660907973162719,0.6666666666666666
cap150_raw_ensemble,100.0,validation_2022_2023,24,-0.09665495162403637,0.08698189041321247,-0.04955534176051912,0.04258423660307309,-0.09213957836359221,0.5135042164376833,0.13069393364071383,-0.5665775074577939,-0.08239866000360974,0.375,0.042388251092849,0.2528671330425364,0.0571256999814409,0.6388888888888888
cap150_raw_ensemble,100.0,holdout_2024,12,0.32273554292683615,-0.013699490369203038,0.32273554292683615,-0.013699490369203038,0.3364350332960392,0.825737555784044,0.6556523035522932,-0.48457286047394943,-0.07702368625268208,0.5833333333333334,0.687709034675147,2.4308341469166397,0.7332585040978512,0.638888888888889
cap150_raw_ensemble,100.0,holdout_2025_2026,18,-0.6297309357847021,-0.12280852134116271,-0.4843619559677813,-0.08364672551481533,-0.400715230452966,0.690913933220067,-0.5932446620838415,-0.7938411782574786,-0.34737666250868915,0.3888888888888889,-0.5334014166890004,0.8231247220836088,-0.308278130738315,0.7222222222222221
cap150_rank_ensemble,0.0,train_2021,12,0.0795664704119039,0.1311417024200292,0.0795664704119039,0.1311417024200292,-0.051575232008125305,0.1532015813790746,0.5701548839623123,-0.09611743032091402,-0.04715517979147299,0.3333333333333333,-0.3464550850377324,1.0617004338452127,-0.047294323870543886,0.6666666666666666
cap150_rank_ensemble,0.0,validation_2022_2023,24,0.13943784971609463,0.08698189041321247,0.06744454175198,0.04258423660307309,0.024860305148906914,0.13514322248896807,0.5495541646451638,-0.12694430497689313,-0.08239866000360974,0.5,0.23616305160559276,0.7170231286290696,0.04267192465560821,0.3611111111111111
cap150_rank_ensemble,0.0,holdout_2024,12,-0.15834421029067913,-0.013699490369203038,-0.15834421029067913,-0.013699490369203038,-0.1446447199214761,0.1953563208180164,-0.7825098603970244,-0.23030449562701738,-0.07702368625268208,0.4166666666666667,-0.9599452537303452,1.2232265483931613,-0.13319801621665894,0.47222222222222215
cap150_rank_ensemble,0.0,holdout_2025_2026,18,-0.004381275073880975,-0.12280852134116271,-0.0029229870542916148,-0.08364672551481533,0.08072373846052372,0.3561549946282117,0.15161745889070036,-0.3746755832387122,-0.34737666250868915,0.4444444444444444,0.4600758327990237,1.0590953610016745,0.12054914598756117,0.574074074074074
cap150_rank_ensemble,25.0,train_2021,12,0.058311115607514674,0.1311417024200292,0.058311115607514674,0.1311417024200292,-0.07283058681251453,0.15300133516731135,0.44018328193267964,-0.10232825307808702,-0.04715517979147299,0.3333333333333333,-0.5139383593648336,1.0467720197614494,-0.06445698816980461,0.6666666666666666
cap150_rank_ensemble,25.0,validation_2022_2023,24,0.11517001639628632,0.08698189041321247,0.0560161061254163,0.04258423660307309,0.01343186952234321,0.13494580354455724,0.47007899277209897,-0.12928850716428497,-0.08239866000360974,0.5,0.14862890659113012,0.7200930197023447,0.03132836107902448,0.3611111111111111
cap150_rank_ensemble,25.0,holdout_2024,12,-0.17027638346804785,-0.013699490369203038,-0.17027638346804785,-0.013699490369203038,-0.15657689309884482,0.1947180360446744,-0.8578296977036374,-0.23240467944994214,-0.07702368625268208,0.4166666666666667,-1.0590590628318493,1.22096756681109,-0.14556075248384281,0.47222222222222215
cap150_rank_ensemble,25.0,holdout_2025_2026,18,-0.029491002056990068,-0.12280852134116271,-0.019758592344173542,-0.08364672551481533,0.06388813317064179,0.355334995035982,0.10349977781055364,-0.3775606078694499,-0.34737666250868915,0.3888888888888889,0.3888236503188051,1.0546748537204755,0.10130647025444728,0.574074074074074
cap150_rank_ensemble,50.0,train_2021,12,0.03743432510750111,0.1311417024200292,0.03743432510750111,0.1311417024200292,-0.0937073773125281,0.1528404848233343,0.30979115192390627,-0.1085084572411944,-0.04715517979147299,0.3333333333333333,-0.6787537181234713,1.0318436056776865,-0.08133581114278654,0.6666666666666666
cap150_rank_ensemble,50.0,validation_2022_2023,24,0.09139044846308031,0.08698189041321247,0.04469634270589862,0.04258423660307309,0.0021121061028255284,0.13477453323137303,0.3902952049955157,-0.13581626358877974,-0.08239866000360974,0.4166666666666667,0.06051396451324169,0.72316291077562,0.02009802634816893,0.3611111111111111
cap150_rank_ensemble,50.0,holdout_2024,12,-0.18205478681995413,-0.013699490369203038,-0.18205478681995413,-0.013699490369203038,-0.1683552964507511,0.19408903686338821,-0.9336002877476096,-0.23450104373648606,-0.07702368625268208,0.4166666666666667,-1.158971088567977,1.2187085852290196,-0.15776166662567404,0.47222222222222215
cap150_rank_ensemble,50.0,holdout_2025_2026,18,-0.05400781741811411,-0.12280852134116271,-0.03633733907473302,-0.08364672551481533,0.04730938644008231,0.35452638809230147,0.055157730056542134,-0.3804371337341318,-0.34737666250868915,0.3333333333333333,0.3174959354790081,1.0502543464392768,0.08236713778802507,0.574074074074074
cap150_rank_ensemble,100.0,train_2021,12,-0.0032076531003316644,0.1311417024200292,-0.0032076531003316644,0.1311417024200292,-0.13434935552036087,0.15263743942263772,0.04814434703455299,-0.12077739181965785,-0.04715517979147299,0.3333333333333333,-0.9999203120484994,1.00198677751016,-0.11425897086123482,0.6666666666666666
cap150_rank_ensemble,100.0,validation_2022_2023,24,0.04525925188441238,0.08698189041321247,0.022379211390965326,0.04258423660307309,-0.020205025212107763,0.13451082278473045,0.2299828873885883,-0.1564007624164918,-0.08239866000360974,0.4166666666666667,-0.11723565330379951,0.729302692922171,-0.0020270618053132017,0.3611111111111111
cap150_rank_ensemble,100.0,holdout_2024,12,-0.205157410426678,-0.013699490369203038,-0.205157410426678,-0.013699490369203038,-0.19145792005747497,0.1928592573490844,-1.086465419797717,-0.23868232758931973,-0.07702368625268208,0.3333333333333333,-1.3611298558609484,1.2141906220648775,-0.18168571946836742,0.47222222222222215
cap150_rank_ensemble,100.0,holdout_2025_2026,18,-0.10131466506083298,-0.12280852134116271,-0.06873824047387334,-0.08364672551481533,0.014908485040941999,0.3529436642592317,-0.042186827927281345,-0.386164735802654,-0.34737666250868915,0.3333333333333333,0.17468295149483717,1.0414133318768792,0.04538114513471392,0.574074074074074
cap150_rank_ensemble_volmanaged,0.0,train_2021,12,0.08385077281216846,0.1311417024200292,0.08385077281216846,0.1311417024200292,-0.04729092960786074,0.11699904372708957,0.7429709910192753,-0.05386980168769673,-0.04715517979147299,0.4166666666666667,-0.3964539871833645,0.674446989377831,0.0007233429009416703,0.517072797167467
cap150_rank_ensemble_volmanaged,0.0,validation_2022_2023,24,0.13943784971609463,0.08698189041321247,0.06744454175198,0.04258423660307309,0.024860305148906914,0.13514322248896807,0.5495541646451638,-0.12694430497689313,-0.08239866000360974,0.5,0.23616305160559276,0.7170231286290696,0.04267192465560821,0.3611111111111111
cap150_rank_ensemble_volmanaged,0.0,holdout_2024,12,-0.14746920099886307,-0.013699490369203038,-0.14746920099886307,-0.013699490369203038,-0.13376971062966003,0.19251947422525245,-0.7308112443652551,-0.23030449562701738,-0.07702368625268208,0.4166666666666667,-0.8862943521105177,1.1898109223599027,-0.12272063823014878,0.45730473866475774
cap150_rank_ensemble_volmanaged,0.0,holdout_2025_2026,18,-0.0024954038493403274,-0.12280852134116271,-0.0016642952280774281,-0.08364672551481533,0.0819824302867379,0.2527977804072885,0.11030859424397689,-0.26046906448894647,-0.34737666250868915,0.4444444444444444,0.4237396403948819,0.6937046511966019,0.06954507673211707,0.41722062923471026
cap150_rank_ensemble_volmanaged,25.0,train_2021,12,0.06731438093356434,0.1311417024200292,0.06731438093356434,0.1311417024200292,-0.06382732148646486,0.11647270127507624,0.613145490483109,-0.0575769814214212,-0.04715517979147299,0.4166666666666667,-0.543722684099942,0.6603787412145418,-0.012913888918758665,0.517072797167467
cap150_rank_ensemble_volmanaged,25.0,validation_2022_2023,24,0.11517001639628632,0.08698189041321247,0.0560161061254163,0.04258423660307309,0.01343186952234321,0.13494580354455724,0.47007899277209897,-0.12928850716428497,-0.08239866000360974,0.5,0.14862890659113012,0.7200930197023447,0.03132836107902448,0.3611111111111111
cap150_rank_ensemble_volmanaged,25.0,holdout_2024,12,-0.1591582749726047,-0.013699490369203038,-0.1591582749726047,-0.013699490369203038,-0.14545878460340167,0.19185381616601985,-0.8048551848946398,-0.23240467944994214,-0.07702368625268208,0.4166666666666667,-0.9830106636346222,1.187383396783242,-0.13482986284654608,0.45730473866475774
cap150_rank_ensemble_volmanaged,25.0,holdout_2025_2026,18,-0.0209061397673187,-0.12280852134116271,-0.013986446285201515,-0.08364672551481533,0.06966027922961382,0.25229560015052493,0.06091722922839196,-0.2630764010539265,-0.34737666250868915,0.4444444444444444,0.36105096739765224,0.6912728863412453,0.05616274332643667,0.41722062923471026
cap150_rank_ensemble_volmanaged,50.0,train_2021,12,0.05100478347039261,0.1311417024200292,0.05100478347039261,0.1311417024200292,-0.08013691894963659,0.11598859306109004,0.4819657361196884,-0.061273980419061624,-0.04715517979147299,0.4166666666666667,-0.6890036914935392,0.6463104930512527,-0.02638057379726,0.517072797167467
cap150_rank_ensemble_volmanaged,50.0,validation_2022_2023,24,0.09139044846308031,0.08698189041321247,0.04469634270589862,0.04258423660307309,0.0021121061028255284,0.13477453323137303,0.3902952049955157,-0.13581626358877974,-0.08239866000360974,0.4166666666666667,0.06051396451324169,0.72316291077562,0.02009802634816893,0.3611111111111111
cap150_rank_ensemble_volmanaged,50.0,holdout_2024,12,-0.17070188354321048,-0.013699490369203038,-0.17070188354321048,-0.013699490369203038,-0.15700239317400744,0.19119831847489635,-0.8793679891335563,-0.23450104373648606,-0.07702368625268208,0.4166666666666667,-1.0805302011780062,1.1849558712065804,-0.14678569406744202,0.45730473866475774
cap150_rank_ensemble_volmanaged,50.0,holdout_2025_2026,18,-0.03899899504033377,-0.12280852134116271,-0.026171318842474256,-0.08364672551481533,0.05747540667234108,0.25180215757949914,0.011328457460664633,-0.2656779390600842,-0.34737666250868915,0.4444444444444444,0.29841428168208606,0.6888411214858886,0.042934058877885706,0.41722062923471026
cap150_rank_ensemble_volmanaged,100.0,train_2021,12,0.01905490649538466,0.1311417024200292,0.01905490649538466,0.1311417024200292,-0.11208679592464454,0.11514916362007127,0.21605158929518078,-0.06863750607752606,-0.04715517979147299,0.4166666666666667,-0.9730229883463285,0.6181739967246744,-0.05281004750356222,0.517072797167467
cap150_rank_ensemble_volmanaged,100.0,validation_2022_2023,24,0.04525925188441238,0.08698189041321247,0.022379211390965326,0.04258423660307309,-0.020205025212107763,0.13451082278473045,0.2299828873885883,-0.1564007624164918,-0.08239866000360974,0.4166666666666667,-0.11723565330379951,0.729302692922171,-0.0020270618053132017,0.3611111111111111
cap150_rank_ensemble_volmanaged,100.0,holdout_2024,12,-0.1933592045584196,-0.013699490369203038,-0.1933592045584196,-0.013699490369203038,-0.17965971418921656,0.18991822338562173,-1.0297693484935926,-0.23868232758931973,-0.07702368625268208,0.3333333333333333,-1.277912510757829,1.180100820053258,-0.1702442319556482,0.45730473866475774
cap150_rank_ensemble_volmanaged,100.0,holdout_2025_2026,18,-0.07425144846343101,-0.12280852134116271,-0.05013468920696995,-0.08364672551481533,0.03351203630784538,0.250841690841439,-0.08842512442423495,-0.27086364723958045,-0.34737666250868915,0.4444444444444444,0.17334208007610186,0.6839775917751753,0.01693123028367971,0.41722062923471026
cap300_composite,0.0,train_2021,12,1.0966602392992368,0.1311417024200292,1.0966602392992368,0.1311417024200292,0.9655185368792076,0.605206001556668,1.5144729598584623,-0.28806936899043545,-0.04715517979147299,0.6666666666666666,1.2933524679481476,0.1773630251951092,1.3682964822884234,0.49999999999999994
cap300_composite,0.0,validation_2022_2023,24,0.008742063257442867,0.08698189041321247,0.004361520199496205,0.04258423660307309,-0.038222716403576884,0.6217242607011542,0.30107295822712676,-0.4494143320438678,-0.08239866000360974,0.4583333333333333,0.2259206973084148,-0.08814326664308696,0.20884052233702644,0.6388888888888888
cap300_composite,0.0,holdout_2024,12,0.3265258920932905,-0.013699490369203038,0.3265258920932905,-0.013699490369203038,0.34022538246249356,0.3393833233282978,0.9981802709411365,-0.1426826606751841,-0.07702368625268208,0.5833333333333334,1.0663191546520336,0.9131047757872341,0.4076046906131008,0.5833333333333334
cap300_composite,0.0,holdout_2025_2026,18,-0.14564237012171266,-0.12280852134116271,-0.0996186966597673,-0.08364672551481533,-0.01597197114495197,1.0625754981970927,0.2581134411790939,-0.6202182308722151,-0.34737666250868915,0.3888888888888889,0.3295051893495645,1.4643176217019267,0.42260929293685945,0.6481481481481481
cap300_composite,25.0,train_2021,12,1.0670028778544984,0.1311417024200292,1.0670028778544984,0.1311417024200292,0.9358611754344692,0.6050658650050618,1.490033030526503,-0.2925530727452934,-0.04715517979147299,0.6666666666666666,1.2693377873304885,0.18713783207332133,1.3327283344894254,0.49999999999999994
cap300_composite,25.0,validation_2022_2023,24,-0.029152767584837647,0.08698189041321247,-0.014684196607421485,0.04258423660307309,-0.057268433210494574,0.6213730936083272,0.2703974430700255,-0.4535050335016151,-0.08239866000360974,0.4583333333333333,0.19551643544295938,-0.09239127384490183,0.18645513718908213,0.6388888888888888
cap300_composite,25.0,holdout_2024,12,0.30413354070174137,-0.013699490369203038,0.30413354070174137,-0.013699490369203038,0.3178330310709444,0.3388391816783131,0.9481363283947091,-0.1443493273418509,-0.07702368625268208,0.5833333333333334,1.014615314385736,0.9152403466932907,0.3838746055297366,0.5833333333333334
cap300_composite,25.0,holdout_2025_2026,18,-0.1710698797680581,-0.12280852134116271,-0.11757335399211,-0.08364672551481533,-0.03392662847729466,1.062195113252671,0.23989996821533238,-0.6247951934077713,-0.34737666250868915,0.3888888888888889,0.31030450704588264,1.4652070500962318,0.39604824556163454,0.6481481481481481
cap300_composite,50.0,train_2021,12,1.0377230385766572,0.1311417024200292,1.0377230385766572,0.1311417024200292,0.906581336156628,0.6049319576828565,1.4655666860411223,-0.2970169260029404,-0.04715517979147299,0.6666666666666666,1.2452886418308058,0.196912638951534,1.2976504647790792,0.49999999999999994
cap300_composite,50.0,validation_2022_2023,24,-0.06568944841794822,0.08698189041321247,-0.03340259074315133,0.04258423660307309,-0.07598682734622442,0.6210297985853485,0.23968419772546537,-0.4575718989572507,-0.08239866000360974,0.4583333333333333,0.16508116484890017,-0.09663928104671723,0.16445032979947216,0.6388888888888888
cap300_composite,50.0,holdout_2024,12,0.2820816673460844,-0.013699490369203038,0.2820816673460844,-0.013699490369203038,0.29578115771528746,0.33831263932566563,0.8978846851191197,-0.1460159940085175,-0.07702368625268208,0.5833333333333334,0.9626550495970094,0.9173759175993467,0.3605117526964112,0.5833333333333334
cap300_composite,50.0,holdout_2025_2026,18,-0.19578939962836062,-0.12280852134116271,-0.13520494915391434,-0.08364672551481533,-0.05155822363909901,1.0618196446263382,0.22167241928000245,-0.629328363983102,-0.34737666250868915,0.3888888888888889,0.2910848876260915,1.466096478490536,0.36994249391182943,0.6481481481481481
cap300_composite,100.0,train_2021,12,0.9802787992416186,0.1311417024200292,0.9802787992416186,0.1311417024200292,0.8491370968215894,0.6046828470877273,1.4165576692427018,-0.30588529780310925,-0.04715517979147299,0.6666666666666666,1.1970895948543465,0.21646225270795819,1.2289410234405898,0.49999999999999994
cap300_composite,100.0,validation_2022_2023,24,-0.13487223457707087,0.08698189041321247,-0.06987755353237002,0.04258423660307309,-0.11246179013544311,0.6203668767236674,0.17814893065838452,-0.4656345293236772,-0.08239866000360974,0.4583333333333333,0.10412198451595427,-0.10513529545034683,0.12155896576912828,0.6388888888888888
cap300_composite,100.0,holdout_2024,12,0.23898095491341032,-0.013699490369203038,0.23898095491341032,-0.013699490369203038,0.25268044528261335,0.33731267942613113,0.7967851611448281,-0.1493493273418508,-0.07702368625268208,0.5833333333333334,0.8579930369535013,0.9216470594114587,0.31486711463679073,0.5833333333333334
cap300_composite,100.0,holdout_2025_2026,18,-0.24317749804754918,-0.12280852134116271,-0.16951965702105365,-0.08364672551481533,-0.08587293150623831,1.0610834771355102,0.18517604392907788,-0.6382645766887066,-0.34737666250868915,0.3888888888888889,0.2525899088007778,1.467875335279146,0.3190685535979165,0.6481481481481481
cap300_raw_ridge,0.0,train_2021,12,-0.4830543269650145,0.1311417024200292,-0.4830543269650145,0.1311417024200292,-0.6141960293850437,0.4814576663070638,-1.1229337587331556,-0.4230528645355751,-0.04715517979147299,0.3333333333333333,-1.4735378374836912,1.9864305590621123,-0.5604767102503416,0.8333333333333331
cap300_raw_ridge,0.0,validation_2022_2023,24,-0.6203631253587384,0.08698189041321247,-0.3838532036590131,0.04258423660307309,-0.4264374402620862,0.5533403853514143,-0.6075756138576945,-0.625503233986616,-0.08239866000360974,0.2916666666666667,-0.6965444155562767,0.9441212427543764,-0.319535644192776,0.8888888888888888
cap300_raw_ridge,0.0,holdout_2024,12,-0.11182450963102208,-0.013699490369203038,-0.11182450963102208,-0.013699490369203038,-0.09812501926181905,0.27650658407926815,-0.303947922334301,-0.2116992866568037,-0.07702368625268208,0.3333333333333333,-0.30034502990529965,1.133593381554705,-0.07159836916828866,0.8333333333333331
cap300_raw_ridge,0.0,holdout_2025_2026,18,4.548984610617352,-0.12280852134116271,2.1343128767310846,-0.08364672551481533,2.2179596022459,1.1410254533357824,1.4706170341405471,-0.4868617300112552,-0.34737666250868915,0.6111111111111112,1.5838988683272657,1.3310431483699765,4.13954475793266,0.8703703703703702
cap300_raw_ridge,25.0,train_2021,12,-0.4966644476073607,0.1311417024200292,-0.4966644476073607,0.1311417024200292,-0.6278061500273899,0.481592894371447,-1.1745295113528171,-0.4371958201050459,-0.04715517979147299,0.3333333333333333,-1.5285073612387559,1.991718966219299,-0.5724109220079474,0.8333333333333331
cap300_raw_ridge,25.0,validation_2022_2023,24,-0.6411383558473339,0.08698189041321247,-0.40094938097631005,0.04258423660307309,-0.44353361757938314,0.5535205175174965,-0.6555543642649805,-0.6441751127322051,-0.08239866000360974,0.2916666666666667,-0.7449077300404259,0.9390413508786892,-0.3378809400302297,0.8888888888888888
cap300_raw_ridge,25.0,holdout_2024,12,-0.13380488119658362,-0.013699490369203038,-0.13380488119658362,-0.013699490369203038,-0.12010539082738059,0.2756137882305449,-0.3956391385304558,-0.21510698113184368,-0.07702368625268208,0.3333333333333333,-0.4008334011260652,1.1207788863630606,-0.09478816053183658,0.8333333333333331
cap300_raw_ridge,25.0,holdout_2025_2026,18,4.350637651543332,-0.12280852134116271,2.0591705812378427,-0.08364672551481533,2.142817306752658,1.1405013767805483,1.4483983891501113,-0.492075067119482,-0.34737666250868915,0.6111111111111112,1.560952756588034,1.3324571851271167,4.02402717285738,0.8703703703703702
cap300_raw_ridge,50.0,train_2021,12,-0.5099469794612321,0.1311417024200292,-0.5099469794612321,0.1311417024200292,-0.6410886818812613,0.48173280231559557,-1.226084385489153,-0.45102461021097995,-0.04715517979147299,0.25,-1.583449351459905,1.9970073733764848,-0.5840474170323123,0.8333333333333331
cap300_raw_ridge,50.0,validation_2022_2023,24,-0.6608238131833374,0.08698189041321247,-0.41761165291820734,0.04258423660307309,-0.46019588952128043,0.5537040809847099,-0.7034975377872076,-0.6619582652590141,-0.08239866000360974,0.2916666666666667,-0.7932222383920173,0.9339614590030022,-0.3557718396641649,0.8888888888888888
cap300_raw_ridge,50.0,holdout_2024,12,-0.15529123545536228,-0.013699490369203038,-0.15529123545536228,-0.013699490369203038,-0.14159174508615924,0.2747429086437616,-0.48788739408904064,-0.21850753129572298,-0.07702368625268208,0.25,-0.501615418383482,1.1079643911714159,-0.11744587278714813,0.8333333333333331
cap300_raw_ridge,50.0,holdout_2025_2026,18,4.158964286509296,-0.12280852134116271,1.9856691516189966,-0.08364672551481533,2.069315877133812,1.1399788987592296,1.4261573153773748,-0.49725012331875207,-0.34737666250868915,0.6111111111111112,1.5379782299544662,1.3338712218842574,3.9108940961480254,0.8703703703703702
cap300_raw_ridge,100.0,train_2021,12,-0.535557729387582,0.1311417024200292,-0.535557729387582,0.1311417024200292,-0.6666994318076112,0.4820266414068949,-1.3290656819864333,-0.4777646219518489,-0.04715517979147299,0.25,-1.6932435194094937,2.0075841876908584,-0.6064541868970807,0.8333333333333331
cap300_raw_ridge,100.0,validation_2022_2023,24,-0.6971415423881966,0.08698189041321247,-0.44967422592449524,0.04258423660307309,-0.49225846252756833,0.554081488117579,-0.7992737538901994,-0.6950178081087353,-0.08239866000360974,0.2916666666666667,-0.8897015308122479,0.9238016752516283,-0.3902312613421577,0.8888888888888888
cap300_raw_ridge,100.0,holdout_2024,12,-0.19682163694347643,-0.013699490369203038,-0.19682163694347643,-0.013699490369203038,-0.1831221465742734,0.273067731735972,-0.6739851705385651,-0.22528719868999791,-0.07702368625268208,0.25,-0.7039354260394246,1.0823354007881272,-0.16120933717142416,0.8333333333333331
cap300_raw_ridge,100.0,holdout_2025_2026,18,3.794801895313701,-0.12280852134116271,1.843459927763655,-0.08364672551481533,1.9271066532784702,1.1389387471113683,1.381608122131286,-0.5074861172819374,-0.34737666250868915,0.6111111111111112,1.4919441164437228,1.3366992953985386,3.6916029055207717,0.8703703703703702
cap300_raw_lightgbm,0.0,train_2021,12,2.138806760730876,0.1311417024200292,2.138806760730876,0.1311417024200292,2.0076650583108466,0.5629874860797647,2.3566118394164715,-0.10862404650106827,-0.04715517979147299,0.8333333333333334,2.2763807716345186,2.7608311591607273,1.5507009887365681,0.4166666666666667
cap300_raw_lightgbm,0.0,validation_2022_2023,24,-0.7135707263129598,0.08698189041321247,-0.4648091240622274,0.04258423660307309,-0.5073933606653005,0.4894379774459506,-0.9785220972919715,-0.7812245567709893,-0.08239866000360974,0.375,-1.0644715628500492,0.2985597714985979,-0.3951707404997361,0.4305555555555555
cap300_raw_lightgbm,0.0,holdout_2024,12,0.5551629513530669,-0.013699490369203038,0.5551629513530669,-0.013699490369203038,0.56886244172227,0.6268963080691256,0.9647478969683408,-0.15453019961107173,-0.07702368625268208,0.5833333333333334,1.0100519292144683,1.6072314703597557,0.8285365647304328,0.7499999999999999
cap300_raw_lightgbm,0.0,holdout_2025_2026,18,0.20460760730541794,-0.12280852134116271,0.13213200429106808,-0.08364672551481533,0.21577872980588342,1.2069691441564518,0.5153334704732585,-0.7302059761247173,-0.34737666250868915,0.5,0.5824050144603394,1.2950582880913948,0.9667369608483845,0.8333333333333333
cap300_raw_lightgbm,25.0,train_2021,12,2.1021130653111997,0.1311417024200292,2.1021130653111997,0.1311417024200292,1.9709713628911705,0.5635898708869943,2.331913760391922,-0.1102907131677352,-0.04715517979147299,0.8333333333333334,2.250053877424609,2.7630494287002643,1.520704550333369,0.4166666666666667
cap300_raw_lightgbm,25.0,validation_2022_2023,24,-0.7211459877388913,0.08698189041321247,-0.4719337046723122,0.04258423660307309,-0.5145179412753853,0.48889369183796066,-1.0060316814528172,-0.7867054920026935,-0.08239866000360974,0.3333333333333333,-1.0921036129854695,0.30471110604005586,-0.40344049722116815,0.4305555555555555
cap300_raw_lightgbm,25.0,holdout_2024,12,0.5217111270792367,-0.013699490369203038,0.5217111270792367,-0.013699490369203038,0.5354106174484398,0.6263001547235435,0.929740940402512,-0.15703019961107167,-0.07702368625268208,0.5833333333333334,0.9738901262577541,1.6033527923962838,0.7897356505912385,0.7499999999999999
cap300_raw_lightgbm,25.0,holdout_2025_2026,18,0.15868331924145096,-0.12280852134116271,0.10317184638193533,-0.08364672551481533,0.18681857189675066,1.2073334261406214,0.49447119154203695,-0.7349439779899156,-0.34737666250868915,0.5,0.5608037210674719,1.2960095968989984,0.9208619079995164,0.8333333333333333
cap300_raw_lightgbm,50.0,train_2021,12,2.0657988611916713,0.1311417024200292,2.0657988611916713,0.1311417024200292,1.9346571587716421,0.5642000047389173,2.3072367320189384,-0.11195737983440157,-0.04715517979147299,0.8333333333333334,2.2237526903732037,2.7652676982398003,1.4910317931826378,0.4166666666666667
cap300_raw_lightgbm,50.0,validation_2022_2023,24,-0.7285318221531372,0.08698189041321247,-0.47897391826621305,0.04258423660307309,-0.5215581548692861,0.4883584136350445,-1.0335835227266044,-0.7920572638706375,-0.08239866000360974,0.3333333333333333,-1.1197866873399294,0.3108624405815136,-0.41160648680279077,0.4305555555555555
cap300_raw_lightgbm,50.0,holdout_2024,12,0.48891129038489956,-0.013699490369203038,0.48891129038489956,-0.013699490369203038,0.5026107807541026,0.6257134220573896,0.8946538065081852,-0.15953019961107162,-0.07702368625268208,0.5833333333333334,0.9376480159224713,1.5994741144328128,0.7516908061386196,0.7499999999999999
cap300_raw_lightgbm,50.0,holdout_2025_2026,18,0.11440478623521133,-0.12280852134116271,0.0748849424603295,-0.08364672551481533,0.15853166797514484,1.2076994247625732,0.47362082492068175,-0.7396128274454139,-0.34737666250868915,0.5,0.5392137088875619,1.2969609057066025,0.8759696550366076,0.8333333333333333
cap300_raw_lightgbm,100.0,train_2021,12,1.9942952465835555,0.1311417024200292,1.9942952465835555,0.1311417024200292,1.8631535441635263,0.5654434189202789,2.2579500130655776,-0.1152907131677352,-0.04715517979147299,0.8333333333333334,2.171232485046055,2.769704237318875,1.4326446374221278,0.4166666666666667
cap300_raw_lightgbm,100.0,validation_2022_2023,24,-0.7427529788684929,0.08698189041321247,-0.4928047504840891,0.04258423660307309,-0.5353889870871622,0.48731499767231146,-1.0888081536292236,-0.8023846742503511,-0.08239866000360974,0.2916666666666667,-1.1753004288994056,0.32316510966442963,-0.42763189248616573,0.4305555555555555
cap300_raw_lightgbm,100.0,holdout_2024,12,0.42522215490714865,-0.013699490369203038,0.42522215490714865,-0.013699490369203038,0.4389216452763517,0.6245683245369059,0.8242443214016797,-0.16453019961107163,-0.07702368625268208,0.5833333333333334,0.8649289298847074,1.5917167585058694,0.677815872336756,0.7499999999999999
cap300_raw_lightgbm,100.0,holdout_2025_2026,18,0.030565746118496717,-0.12280852134116271,0.02027474243009819,-0.08364672551481533,0.10392146794491353,1.2084365656735014,0.43195614287073486,-0.7487462830930247,-0.34737666250868915,0.4444444444444444,0.49606789192419953,1.2988635233218109,0.7890571731771485,0.8333333333333333
cap300_rank_ridge,0.0,train_2021,12,-0.2129980459453097,0.1311417024200292,-0.2129980459453097,0.1311417024200292,-0.3441397483653389,0.3273265492784424,-0.5628658701248442,-0.39884926539369825,-0.04715517979147299,0.5,-0.9583729866062072,0.564084426545171,-0.2282667941438823,0.7222222222222222
cap300_rank_ridge,0.0,validation_2022_2023,24,0.43965495375461416,0.08698189041321247,0.19985622211772291,0.04258423660307309,0.15727198551464983,0.19660544331712318,1.0186214074699678,-0.06320321874794033,-0.08239866000360974,0.5,0.6735191953622106,-0.500730778300032,0.24714185747820405,0.5555555555555555
cap300_rank_ridge,0.0,holdout_2024,12,0.13233185006632975,-0.013699490369203038,0.13233185006632975,-0.013699490369203038,0.14603134043553279,0.18359313928215376,0.7628106247928111,-0.08407499974631683,-0.07702368625268208,0.5833333333333334,0.9615473482961799,0.9504212056232764,0.1589399471930153,0.6666666666666666
cap300_rank_ridge,0.0,holdout_2025_2026,18,0.9428341095289328,-0.12280852134116271,0.5570066940235612,-0.08364672551481533,0.6406534195383765,0.26775054060569375,1.7992061388321097,-0.052870223050827114,-0.34737666250868915,0.6666666666666666,1.7325450329705068,0.29639774166771965,0.6299504933225661,0.611111111111111
cap300_rank_ridge,25.0,train_2021,12,-0.23035883849541483,0.1311417024200292,-0.23035883849541483,0.1311417024200292,-0.36150054091544404,0.3276412570022533,-0.6284544612152545,-0.40840910777213024,-0.04715517979147299,0.4166666666666667,-1.0240954435007148,0.5661632347819895,-0.24538563448244288,0.7222222222222222
cap300_rank_ridge,25.0,validation_2022_2023,24,0.3931929277276063,0.08698189041321247,0.18033593850547747,0.04258423660307309,0.13775170190240438,0.19625073560774617,0.9355371135435961,-0.06938709326755088,-0.08239866000360974,0.5,0.6022222838059244,-0.4970408032129879,0.22668640583478705,0.5555555555555555
cap300_rank_ridge,25.0,holdout_2024,12,0.11002009216552322,-0.013699490369203038,0.11002009216552322,-0.013699490369203038,0.12371958253472626,0.18400239412499625,0.652419757114374,-0.08955800038509665,-0.07702368625268208,0.5833333333333334,0.8310863734529552,0.9539974734707991,0.13628590501006266,0.6666666666666666
cap300_rank_ridge,25.0,holdout_2025_2026,18,0.892325878136718,-0.12280852134116271,0.5299031976384165,-0.08364672551481533,0.6135499231532319,0.2670354877744784,1.7353689086875606,-0.056111789510323584,-0.34737666250868915,0.6111111111111112,1.675265965267025,0.29486226399662746,0.6013558046285552,0.611111111111111
cap300_rank_ridge,50.0,train_2021,12,-0.24737233216308196,0.1311417024200292,-0.24737233216308196,0.1311417024200292,-0.37851403458311117,0.327973372210484,-0.6938803439257738,-0.41783882526455773,-0.04715517979147299,0.4166666666666667,-1.0896540782950754,0.5682420430188077,-0.2621557377654362,0.7222222222222222
cap300_rank_ridge,50.0,validation_2022_2023,24,0.34815787490423755,0.08698189041321247,0.1611020088279227,0.04258423660307309,0.1185177722248496,0.19592004478100047,0.8520474780475351,-0.07803304614634843,-0.08239866000360974,0.5,0.5306186285596061,-0.493350828125944,0.20653892433811571,0.5555555555555555
cap300_rank_ridge,50.0,holdout_2024,12,0.08811021829661247,-0.013699490369203038,0.08811021829661247,-0.013699490369203038,0.10180970866581551,0.1844189567235833,0.5424973606886232,-0.09501948683966277,-0.07702368625268208,0.5833333333333334,0.7009793630715839,0.957573741318322,0.11403844766809268,0.6666666666666666
cap300_rank_ridge,50.0,holdout_2025_2026,18,0.8430501159715686,-0.12280852134116271,0.503227676419173,-0.08364672551481533,0.5868744019339883,0.266334160033217,1.6711027590723042,-0.05934780041426446,-0.34737666250868915,0.6111111111111112,1.6178033946866608,0.2933267863255353,0.5732216313332883,0.611111111111111
cap300_rank_ridge,100.0,train_2021,12,-0.2803822909129199,0.1311417024200292,-0.2803822909129199,0.1311417024200292,-0.4115239933329491,0.3286896112477019,-0.8242049653254256,-0.43631376674967526,-0.04715517979147299,0.4166666666666667,-1.2202399150296759,0.572399659492444,-0.2946755067955519,0.7222222222222222
cap300_rank_ridge,100.0,validation_2022_2023,24,0.26220336758058593,0.08698189041321247,0.12347824526360363,0.04258423660307309,0.08089400866053054,0.19533119283681014,0.6839657546805368,-0.09513795845011042,-0.08239866000360974,0.4583333333333333,0.38656040475713627,-0.4859708779518558,0.16715104008463944,0.5555555555555555
cap300_rank_ridge,100.0,holdout_2024,12,0.045469970522751035,-0.013699490369203038,0.045469970522751035,-0.013699490369203038,0.05916946089195407,0.1852738071576085,0.3240976056178994,-0.10587808386282072,-0.07702368625268208,0.5833333333333334,0.4419151142737033,0.9647262770133673,0.07073680665973248,0.6666666666666666
cap300_rank_ridge,100.0,holdout_2025_2026,18,0.7480841391162159,-0.12280852134116271,0.45113635177606093,-0.08364672551481533,0.5347830772908763,0.26497311361700565,1.5413076346695274,-0.06580315555547944,-0.34737666250868915,0.6111111111111112,1.502354128501312,0.2902558309833509,0.5183079112315583,0.611111111111111
cap300_rank_lightgbm,0.0,train_2021,12,1.7410862759929349,0.1311417024200292,1.7410862759929349,0.1311417024200292,1.6099445735729057,0.6070134379714709,1.9610849200940648,-0.10264339132569877,-0.04715517979147299,0.8333333333333334,1.9181061947796936,4.01874662946797,0.9316180398866145,0.75
cap300_rank_lightgbm,0.0,validation_2022_2023,24,0.18531018447054937,0.08698189041321247,0.08871951597762284,0.04258423660307309,0.046135279374549754,0.28460292249776614,0.4669267666914442,-0.3388599222385176,-0.08239866000360974,0.6666666666666666,0.2903014364908389,-0.21411984555732708,0.15226157534699158,0.4583333333333333
cap300_rank_lightgbm,0.0,holdout_2024,12,0.06795847984529435,-0.013699490369203038,0.06795847984529435,-0.013699490369203038,0.08165797021449739,0.21796094269838656,0.4016395226813892,-0.1491951471926265,-0.07702368625268208,0.5833333333333334,0.6225666163198175,1.5891724270849663,0.10639676195651426,0.4166666666666667
cap300_rank_lightgbm,0.0,holdout_2025_2026,18,0.72438514873908,-0.12280852134116271,0.4379910484617826,-0.08364672551481533,0.5216377739765979,0.5017901685194858,0.9718277595962801,-0.3778547194631737,-0.34737666250868915,0.6111111111111112,1.2690770880585984,1.0506478461243889,0.7081472091071372,0.7592592592592592
cap300_rank_lightgbm,25.0,train_2021,12,1.6856186731705396,0.1311417024200292,1.6856186731705396,0.1311417024200292,1.5544769707505104,0.6059238168221222,1.927478120311553,-0.10347672465903213,-0.04715517979147299,0.8333333333333334,1.8814491024909077,4.01693329654112,0.8912917186749465,0.75
cap300_rank_lightgbm,25.0,validation_2022_2023,24,0.15347264395930482,0.08698189041321247,0.0739984375963052,0.04258423660307309,0.03141420099323211,0.28428707759986066,0.41907892331464863,-0.33969325557185104,-0.08239866000360974,0.6666666666666666,0.24497937718575044,-0.21635223416999264,0.13681463272840144,0.4583333333333333
cap300_rank_lightgbm,25.0,holdout_2024,12,0.054743689147776387,-0.013699490369203038,0.054743689147776387,-0.013699490369203038,0.06844317951697942,0.217923603297839,0.34434878945171027,-0.15491610671215839,-0.07702368625268208,0.5833333333333334,0.543242802351926,1.5943117502511188,0.09280957350076302,0.4166666666666667
cap300_rank_lightgbm,25.0,holdout_2025_2026,18,0.6662046242461457,-0.12280852134116271,0.4054612957173742,-0.08364672551481533,0.48910802123218955,0.5030233856658881,0.9241634697889133,-0.3857800304924056,-0.34737666250868915,0.6111111111111112,1.2116233793843558,1.049876435136376,0.6712360963159567,0.7592592592592592
cap300_rank_lightgbm,50.0,train_2021,12,1.631173170851675,0.1311417024200292,1.631173170851675,0.1311417024200292,1.5000314684316458,0.6048400610108445,1.8937318695227252,-0.10431005799236548,-0.04715517979147299,0.75,1.8446166545641491,4.015119963614269,0.8517384785456652,0.75
cap300_rank_lightgbm,50.0,validation_2022_2023,24,0.12244697333017296,0.08698189041321247,0.059455979892592214,0.04258423660307309,0.016871743289519125,0.28398571337183914,0.37110571916280166,-0.3405265889051843,-0.08239866000360974,0.6666666666666666,0.19957471106395233,-0.21858462278265803,0.12155772417389965,0.4583333333333333
cap300_rank_lightgbm,50.0,holdout_2024,12,0.041675564385587505,-0.013699490369203038,0.041675564385587505,-0.013699490369203038,0.05537505475479054,0.2179010339594511,0.2870189638485326,-0.1607657284232008,-0.07702368625268208,0.5833333333333334,0.46343446995775966,1.599451073417272,0.07937549552271728,0.4166666666666667
cap300_rank_lightgbm,50.0,holdout_2025_2026,18,0.6098622544128045,-0.12280852134116271,0.3735964040748432,-0.08364672551481533,0.4572431295896585,0.5042648741217232,0.8767179361326267,-0.39362474712189,-0.34737666250868915,0.5555555555555556,1.1545617193034796,1.049105024148363,0.6350574448645538,0.7592592592592592
cap300_rank_lightgbm,100.0,train_2021,12,1.5252806986289653,0.1311417024200292,1.5252806986289653,0.1311417024200292,1.394138996208936,0.6026902717956698,1.8258215720352236,-0.10597672465903218,-0.04715517979147299,0.75,1.7704256884987992,4.011493297760571,0.774897467150014,0.75
cap300_rank_lightgbm,100.0,validation_2022_2023,24,0.06275321963441671,0.08698189041321247,0.030899228651577237,0.04258423660307309,-0.011685007951495852,0.2834266094715337,0.274810902681459,-0.342193255571851,-0.08239866000360974,0.6666666666666666,0.10854168497553918,-0.22304940000798903,0.09160551984599419,0.4583333333333333
cap300_rank_lightgbm,100.0,holdout_2024,12,0.01597354298500342,-0.013699490369203038,0.01597354298500342,-0.013699490369203038,0.029673033354206457,0.2179002208236237,0.17228862296084227,-0.1723703154644739,-0.07702368625268208,0.5833333333333334,0.30247236780016223,1.6097297197495783,0.05296040502119559,0.4166666666666667
cap300_rank_lightgbm,100.0,holdout_2025_2026,18,0.5024767925463023,-0.12280852134116271,0.3118127521564007,-0.08364672551481533,0.39545947767121603,0.5067724214006164,0.7824863536430363,-0.4090748467022327,-0.34737666250868915,0.5555555555555556,1.0416103957435043,1.0475622021723376,0.5648447917659614,0.7592592592592592
cap300_raw_ensemble,0.0,train_2021,12,0.31962911219420853,0.1311417024200292,0.31962911219420853,0.1311417024200292,0.18848740977417933,0.7769488427510172,0.6810015453526016,-0.27263412829647626,-0.04715517979147299,0.5,0.5482774559176266,4.383694153384805,-0.030752128494477615,0.7222222222222223
cap300_raw_ensemble,0.0,validation_2022_2023,24,-0.474174412890788,0.08698189041321247,-0.27486167725790966,0.04258423660307309,-0.31744591386098275,0.40155968157912686,-0.5724647570803524,-0.5765035009926109,-0.08239866000360974,0.5,-0.647538208153382,-0.8392964336826805,-0.17592573174965387,0.7916666666666666
cap300_raw_ensemble,0.0,holdout_2024,12,0.30621372385956325,-0.013699490369203038,0.30621372385956325,-0.013699490369203038,0.3199132142287663,0.3380161153353382,0.9536538175237519,-0.29713247036125046,-0.07702368625268208,0.5833333333333334,1.0642240571734283,1.3057660176466224,0.38997970218611155,0.7222222222222222
cap300_raw_ensemble,0.0,holdout_2025_2026,18,1.7003263843773326,-0.12280852134116271,0.939147478730606,-0.08364672551481533,1.0227942042454212,1.3944191524792122,0.8925096945322447,-0.49675442327620767,-0.34737666250868915,0.5555555555555556,0.971488405037215,1.7180004606789587,2.5698564260994408,0.8518518518518517
cap300_raw_ensemble,25.0,train_2021,12,0.29156642913248976,0.1311417024200292,0.29156642913248976,0.1311417024200292,0.16042472671246055,0.7767601790576777,0.6532733134212487,-0.2771669144892869,-0.04715517979147299,0.5,0.5187735790962625,4.378633386628708,-0.05098249949873335,0.7222222222222223
cap300_raw_ensemble,25.0,validation_2022_2023,24,-0.49966889597758934,0.08698189041321247,-0.292659131661113,0.04258423660307309,-0.3352433682641861,0.40203505003851076,-0.6308623229346881,-0.5869659031278434,-0.08239866000360974,0.5,-0.7027955409558653,-0.835965164815295,-0.19572040739704166,0.7916666666666666
cap300_raw_ensemble,25.0,holdout_2024,12,0.2789336731239431,-0.013699490369203038,0.2789336731239431,-0.013699490369203038,0.29263316349314616,0.337565223678705,0.8907425025322473,-0.30036959540540975,-0.07702368625268208,0.5833333333333334,0.9945416824825397,1.291204363155886,0.36079002224700285,0.7222222222222222
cap300_raw_ensemble,25.0,holdout_2025_2026,18,1.6014629396892217,-0.12280852134116271,0.8915235912671955,-0.08364672551481533,0.9751703167820108,1.394095691720074,0.8743854984370334,-0.5022978721161987,-0.34737666250868915,0.5555555555555556,0.9526833458287111,1.7189448979976987,2.488833890762315,0.8518518518518517
cap300_raw_ensemble,50.0,train_2021,12,0.26404629463568097,0.1311417024200292,0.26404629463568097,0.1311417024200292,0.13290459221565176,0.7765750464976592,0.6255287643233449,-0.2816788167949319,-0.04715517979147299,0.5,0.4892559086913032,4.373572619872615,-0.07082512947685493,0.7222222222222223
cap300_raw_ensemble,50.0,validation_2022_2023,24,-0.5239824084796953,0.08698189041321247,-0.31005971887394157,0.04258423660307309,-0.35264395547701466,0.40252032117900505,-0.6891049991115982,-0.5971973725872903,-0.08239866000360974,0.4583333333333333,-0.7579337930141993,-0.8326338959479097,-0.21507835210476256,0.7916666666666666
cap300_raw_ensemble,50.0,holdout_2024,12,0.25216806187366436,-0.013699490369203038,0.25216806187366436,-0.013699490369203038,0.2658675522428674,0.3371354515810554,0.8276110510842511,-0.30359957613840793,-0.07702368625268208,0.5833333333333334,0.924796814973274,1.2766427086651497,0.3321632326232906,0.7222222222222222
cap300_raw_ensemble,50.0,holdout_2025_2026,18,1.5059994626894948,-0.12280852134116271,0.8449615331663711,-0.08364672551481533,0.9286082586811865,1.3937751258403204,0.8562511115259694,-0.50779475472536,-0.34737666250868915,0.5555555555555556,0.9338655329896907,1.7198893353164384,2.40950022542305,0.8518518518518517
cap300_raw_ensemble,100.0,train_2021,12,0.21059597159159305,0.1311417024200292,0.21059597159159305,0.1311417024200292,0.07945426917156384,0.7762153848357815,0.5699921755612906,-0.2906402215240439,-0.04715517979147299,0.5,0.430180977713166,4.363451086360423,-0.10937413094588233,0.7222222222222223
cap300_raw_ensemble,100.0,validation_2022_2023,24,-0.5692729801017649,0.08698189041321247,-0.34370203421141465,0.04258423660307309,-0.38628627081448774,0.40352042786746617,-0.8051110752567967,-0.6169854156814867,-0.08239866000360974,0.4166666666666667,-0.867839849694156,-0.8259713582131394,-0.2525189987978219,0.7916666666666666
cap300_raw_ensemble,100.0,holdout_2024,12,0.20014561762332383,-0.013699490369203038,0.20014561762332383,-0.013699490369203038,0.21384510799252687,0.33633958592130875,0.7007313500188733,-0.3100381046709215,-0.07702368625268208,0.5833333333333334,0.7851830769315726,1.2475193996836769,0.2765589397161743,0.7222222222222222
cap300_raw_ensemble,100.0,holdout_2025_2026,18,1.3248379749464156,-0.12280852134116271,0.754938064848699,-0.08364672551481533,0.8385847903635143,1.3931426866943553,0.8199521847380772,-0.5186499310700534,-0.34737666250868915,0.5555555555555556,0.8961921002115985,1.721778209953918,2.2557717971686646,0.8518518518518517
cap300_rank_ensemble,0.0,train_2021,12,0.3004278171247603,0.1311417024200292,0.3004278171247603,0.1311417024200292,0.1692861147047311,0.18399384725291082,1.5248506072062875,-0.08720079204884534,-0.04715517979147299,0.6666666666666666,1.0212208212768548,1.156120840870709,0.14118279805535394,0.6388888888888888
cap300_rank_ensemble,0.0,validation_2022_2023,24,0.1271522923393289,0.08698189041321247,0.06167428731194624,0.04258423660307309,0.019090050708873152,0.15828466133979902,0.4567114884767458,-0.18423119158576728,-0.08239866000360974,0.5,0.13975380764478207,-0.37306095557770297,0.09288726139919823,0.6527777777777777
cap300_rank_ensemble,0.0,holdout_2024,12,0.16350839344822377,-0.013699490369203038,0.16350839344822377,-0.013699490369203038,0.1772078838174268,0.3031732022668714,0.6366084867659066,-0.15397210440457632,-0.07702368625268208,0.5833333333333334,0.7539265363399109,1.436894073178055,0.22619185407403153,0.611111111111111
cap300_rank_ensemble,0.0,holdout_2025_2026,18,0.39006321190916093,-0.12280852134116271,0.24553623521265355,-0.08364672551481533,0.3291829607274689,0.34844268602632983,0.7865004154993466,-0.2239519346493598,-0.34737666250868915,0.6111111111111112,1.1497021669853817,0.8135996327344797,0.37192739832163846,0.7222222222222222
cap300_rank_ensemble,25.0,train_2021,12,0.27600376003582694,0.1311417024200292,0.27600376003582694,0.1311417024200292,0.14486205761579773,0.18504909978356804,1.4125789498294377,-0.09724716689038282,-0.04715517979147299,0.6666666666666666,0.8860977709483209,1.1581475287174117,0.11944920129207337,0.6388888888888888
cap300_rank_ensemble,25.0,validation_2022_2023,24,0.08382238008755993,0.08698189041321247,0.0410679036871513,0.04258423660307309,-0.001516332915921792,0.15881512296434125,0.33187702132144065,-0.1892618123438471,-0.08239866000360974,0.4166666666666667,0.03863316757542439,-0.37438429799229533,0.07189472285155585,0.6527777777777777
cap300_rank_ensemble,25.0,holdout_2024,12,0.14227216790267905,-0.013699490369203038,0.14227216790267905,-0.013699490369203038,0.15597165827188209,0.3042686604772581,0.5740627375681009,-0.1577683803615031,-0.07702368625268208,0.5,0.6828013691418039,1.442046596398617,0.20432591839813385,0.611111111111111
cap300_rank_ensemble,25.0,holdout_2025_2026,18,0.34605836581906635,-0.12280852134116271,0.2191091597993684,-0.08364672551481533,0.30275588531418374,0.34865122925778824,0.7238857330519859,-0.23532944987199966,-0.34737666250868915,0.6111111111111112,1.0724637318967496,0.8122743177193289,0.34315477596138866,0.7222222222222222
cap300_rank_ensemble,50.0,train_2021,12,0.2519923076870787,0.1311417024200292,0.2519923076870787,0.1311417024200292,0.1208506052670495,0.18613466344423987,1.301368546246375,-0.10720701195728477,-0.04715517979147299,0.6666666666666666,0.752896147419108,1.1601742165641142,0.09809562800232752,0.6388888888888888
cap300_rank_ensemble,50.0,validation_2022_2023,24,0.042079791269501454,0.08698189041321247,0.020823094992223234,0.04258423660307309,-0.021761141610849855,0.15937782756984575,0.20783164836623497,-0.19427203329897602,-0.08239866000360974,0.4166666666666667,-0.06197838098267938,-0.37570764040688764,0.051272406909319335,0.6527777777777777
cap300_rank_ensemble,50.0,holdout_2024,12,0.12138406280685543,-0.013699490369203038,0.12138406280685543,-0.013699490369203038,0.13508355317605847,0.3053841701679166,0.5119321239554052,-0.1615563229850967,-0.07702368625268208,0.5,0.6121682275980375,1.4471991196191791,0.1828179439942632,0.611111111111111
cap300_rank_ensemble,50.0,holdout_2025_2026,18,0.30336056102272013,-0.12280852134116271,0.19319030762290024,-0.08364672551481533,0.27683703313771557,0.348874401466111,0.6613181793634545,-0.2465660622926532,-0.34737666250868915,0.6111111111111112,0.9954530600805923,0.8109490027041777,0.31493626913342654,0.7222222222222222
cap300_rank_ensemble,100.0,train_2021,12,0.20518244983848977,0.1311417024200292,0.20518244983848977,0.1311417024200292,0.07404074741846056,0.18839461363880292,1.082283931057993,-0.12686927587685037,-0.04715517979147299,0.5,0.49244942017467574,1.164227592257519,0.05650443682575901,0.6388888888888888
cap300_rank_ensemble,100.0,validation_2022_2023,24,-0.03686275691043295,0.08698189041321247,-0.018604441068960642,0.04258423660307309,-0.06118867767203373,0.16059859063589202,-0.03762741644163294,-0.2042314392765896,-0.08239866000360974,0.4166666666666667,-0.26152754801433636,-0.37835432523607226,0.011114748113286277,0.6527777777777777
cap300_rank_ensemble,100.0,holdout_2024,12,0.08063199447638536,-0.013699490369203038,0.08063199447638536,-0.013699490369203038,0.0943314848455884,0.307674467683184,0.3889477768203329,-0.16910720823228387,-0.07702368625268208,0.4166666666666667,0.47242901904533724,1.4575041660603039,0.14085460946119466,0.611111111111111
cap300_rank_ensemble,100.0,holdout_2025_2026,18,0.2217418543142169,-0.12280852134116271,0.14284228655838094,-0.08364672551481533,0.22648901207319627,0.3493645188367289,0.5363556988977506,-0.26862228649458153,-0.34737666250868915,0.5555555555555556,0.8421644235585023,0.8082983726738755,0.26012288248334814,0.7222222222222222
cap300_rank_ensemble_volmanaged,0.0,train_2021,12,0.25461165202710845,0.1311417024200292,0.25461165202710845,0.1311417024200292,0.12346994960707924,0.1390174472686806,1.7096596561131436,-0.05386470361910212,-0.04715517979147299,0.5833333333333334,0.8523287055989636,0.6550235628308226,0.16529251257201638,0.47390223691345273
cap300_rank_ensemble_volmanaged,0.0,validation_2022_2023,24,0.1271522923393289,0.08698189041321247,0.06167428731194624,0.04258423660307309,0.019090050708873152,0.15828466133979902,0.4567114884767458,-0.18423119158576728,-0.08239866000360974,0.5,0.13975380764478207,-0.37306095557770297,0.09288726139919823,0.6527777777777777
cap300_rank_ensemble_volmanaged,0.0,holdout_2024,12,0.1541632150947856,-0.013699490369203038,0.1541632150947856,-0.013699490369203038,0.16786270546398863,0.2955393268333325,0.6183610255406686,-0.15397210440457632,-0.07702368625268208,0.5833333333333334,0.7331123071382531,1.3817402609815723,0.2133089423208172,0.5843956450905813
cap300_rank_ensemble_volmanaged,0.0,holdout_2025_2026,18,0.2288369714865388,-0.12280852134116271,0.14726262669702828,-0.08364672551481533,0.2309093522118436,0.23029364962808946,0.699897025151901,-0.137462456664587,-0.34737666250868915,0.5,0.9316860056773584,0.48532819474196875,0.2060754759159018,0.5171141883039532
cap300_rank_ensemble_volmanaged,25.0,train_2021,12,0.23715350620968723,0.1311417024200292,0.23715350620968723,0.1311417024200292,0.10601180378965802,0.13938705095261125,1.6031292179333518,-0.060211802893273436,-0.04715517979147299,0.5833333333333334,0.7383592970781557,0.6514493280123012,0.14955913805554832,0.47390223691345273
cap300_rank_ensemble_volmanaged,25.0,validation_2022_2023,24,0.08382238008755993,0.08698189041321247,0.0410679036871513,0.04258423660307309,-0.001516332915921792,0.15881512296434125,0.33187702132144065,-0.1892618123438471,-0.08239866000360974,0.4166666666666667,0.03863316757542439,-0.37438429799229533,0.07189472285155585,0.6527777777777777
cap300_rank_ensemble_volmanaged,25.0,holdout_2024,12,0.13400728565707398,-0.013699490369203038,0.13400728565707398,-0.013699490369203038,0.14770677602627702,0.2965770929393238,0.5570832535921532,-0.1577683803615031,-0.07702368625268208,0.5,0.6635507176265037,1.3866587544831672,0.19259297744934778,0.5843956450905813
cap300_rank_ensemble_volmanaged,25.0,holdout_2025_2026,18,0.20081629568700854,-0.12280852134116271,0.12975528571584816,-0.08364672551481533,0.2134020112306635,0.23032892539638675,0.6324364792058401,-0.14749172899267082,-0.34737666250868915,0.5,0.8649227064487744,0.4849281689661488,0.18775670077355677,0.5171141883039532
cap300_rank_ensemble_volmanaged,50.0,train_2021,12,0.21991490862466856,0.1311417024200292,0.21991490862466856,0.1311417024200292,0.08877320620463935,0.13977691981648155,1.4969451834466627,-0.06652609411033938,-0.04715517979147299,0.5833333333333334,0.625416458694209,0.6478750931937792,0.13402070748733275,0.47390223691345273
cap300_rank_ensemble_volmanaged,50.0,validation_2022_2023,24,0.042079791269501454,0.08698189041321247,0.020823094992223234,0.04258423660307309,-0.021761141610849855,0.15937782756984575,0.20783164836623497,-0.19427203329897602,-0.08239866000360974,0.4166666666666667,-0.06197838098267938,-0.37570764040688764,0.051272406909319335,0.6527777777777777
cap300_rank_ensemble_volmanaged,50.0,holdout_2024,12,0.11416718753871224,-0.013699490369203038,0.11416718753871224,-0.013699490369203038,0.12786667790791528,0.29763466422807655,0.49619980557658416,-0.1615563229850967,-0.07702368625268208,0.5,0.5944503219570845,1.3915772479847615,0.17220170316177708,0.5843956450905813
cap300_rank_ensemble_volmanaged,50.0,holdout_2025_2026,18,0.1733944447307596,-0.12280852134116271,0.1124897506407525,-0.08364672551481533,0.19613647615556784,0.23037805837711312,0.5649626093070984,-0.15742254413688028,-0.34737666250868915,0.5,0.7981927791091867,0.4845281431903291,0.16969330194801335,0.5171141883039532
cap300_rank_ensemble_volmanaged,100.0,train_2021,12,0.18608648812133,0.1311417024200292,0.18608648812133,0.1311417024200292,0.05494478570130079,0.14061677008619214,1.285794379650876,-0.07905673725652151,-0.04715517979147299,0.5,0.4027539386420261,0.6407266235567362,0.10351990716896209,0.47390223691345273
cap300_rank_ensemble_volmanaged,100.0,validation_2022_2023,24,-0.03686275691043295,0.08698189041321247,-0.018604441068960642,0.04258423660307309,-0.06118867767203373,0.16059859063589202,-0.03762741644163294,-0.2042314392765896,-0.08239866000360974,0.4166666666666667,-0.26152754801433636,-0.37835432523607226,0.011114748113286277,0.6527777777777777
cap300_rank_ensemble_volmanaged,100.0,holdout_2024,12,0.07541696500012951,-0.013699490369203038,0.07541696500012951,-0.013699490369203038,0.08911645536933255,0.299808380078901,0.3756483517497062,-0.16910720823228387,-0.07702368625268208,0.4166666666666667,0.457685524855466,1.4014142349879497,0.1323747539443516,0.5843956450905813
cap300_rank_ensemble_volmanaged,100.0,holdout_2025_2026,18,0.12029962839726971,-0.12280852134116271,0.07867213846241294,-0.08364672551481533,0.16231886397722828,0.23051785803423672,0.43002368031233856,-0.1769919676579952,-0.34737666250868915,0.5,0.6648792414114589,0.48372809163868963,0.13431970795740877,0.5171141883039532
cap500_composite,0.0,train_2021,12,0.9393625448288605,0.1311417024200292,0.9393625448288605,0.1311417024200292,0.8082208424088313,0.6504887137090504,1.3282746830274048,-0.3437006133007957,-0.04715517979147299,0.6666666666666666,1.1221137499665594,0.08135645455139276,1.2810470954274011,0.5277777777777778
cap500_composite,0.0,validation_2022_2023,24,0.5505155609891668,0.08698189041321247,0.24519699686000163,0.04258423660307309,0.20261276025692854,0.5343098254146519,0.6650936655076882,-0.36687428049812265,-0.08239866000360974,0.5,0.5795049462972618,0.43162774526134134,0.3926976446170223,0.6527777777777778
cap500_composite,0.0,holdout_2024,12,0.1997486261335315,-0.013699490369203038,0.1997486261335315,-0.013699490369203038,0.21344811650273454,0.34436317631000163,0.6883482301741823,-0.15744099168466352,-0.07702368625268208,0.5,0.7476540650542077,0.9836241959045466,0.2753514850524099,0.5555555555555556
cap500_composite,0.0,holdout_2025_2026,18,-0.15517788361266083,-0.12280852134116271,-0.106330677837979,-0.08364672551481533,-0.02268395232316367,0.7303077227502529,0.1744698451474674,-0.5245227537936485,-0.34737666250868915,0.3888888888888889,0.27697326310630815,1.2334685678620698,0.21665421118308603,0.6666666666666666
cap500_composite,25.0,train_2021,12,0.9104488162155022,0.1311417024200292,0.9104488162155022,0.1311417024200292,0.779307113795473,0.6501454238785058,1.3046225129471407,-0.34783705636872564,-0.04715517979147299,0.6666666666666666,1.0987767223049811,0.09145382590213257,1.244846709648332,0.5277777777777778
cap500_composite,25.0,validation_2022_2023,24,0.49186459055114407,0.08698189041321247,0.2214190888270675,0.04258423660307309,0.17883485222399442,0.5342263486180762,0.6285402205208803,-0.37760286481893424,-0.08239866000360974,0.5,0.542929190404986,0.42637259965073626,0.3667132262495596,0.6527777777777778
cap500_composite,25.0,holdout_2024,12,0.18024649348889632,-0.013699490369203038,0.18024649348889632,-0.013699490369203038,0.19394598385809936,0.34402284644219555,0.6405827943188983,-0.1605050518914155,-0.07702368625268208,0.5,0.6979825830309443,0.9873069211172075,0.25471725687296276,0.5555555555555556
cap500_composite,25.0,holdout_2025_2026,18,-0.18092895463288006,-0.12280852134116271,-0.12458419659573938,-0.08364672551481533,-0.04093747108092405,0.7301371716822724,0.14711848603837382,-0.5317924833400742,-0.34737666250868915,0.3888888888888889,0.24703209543478385,1.234296229531283,0.19298570481588628,0.6666666666666666
cap500_composite,50.0,train_2021,12,0.8819246731646413,0.1311417024200292,0.8819246731646413,0.1311417024200292,0.7507829707446121,0.6498076847902144,1.2809344100275581,-0.3519549347398604,-0.04715517979147299,0.6666666666666666,1.075397081390009,0.10155119725287241,1.2091736498231045,0.5277777777777778
cap500_composite,50.0,validation_2022_2023,24,0.435326143510983,0.08698189041321247,0.19805097700848395,0.04258423660307309,0.15546674040541086,0.5341557184039819,0.5919611130999733,-0.3881687433409693,-0.08239866000360974,0.5,0.5063395279732831,0.42111745404013134,0.3411739077917586,0.6527777777777778
cap500_composite,50.0,holdout_2024,12,0.16103036206261123,-0.013699490369203038,0.16103036206261123,-0.013699490369203038,0.17472985243181427,0.34369687452778597,0.5926979984810643,-0.1635635565426118,-0.07702368625268208,0.5,0.6481372873261446,0.9909896463298686,0.23438946823485907,0.5555555555555556
cap500_composite,50.0,holdout_2025_2026,18,-0.205945641833031,-0.12280852134116271,-0.14250126280949615,-0.08364672551481533,-0.05885453729468082,0.7299732960576603,0.11975325093444397,-0.5389684932043545,-0.34737666250868915,0.3888888888888889,0.2170648470444458,1.2351238912004958,0.1697399564603077,0.6666666666666666
cap500_composite,100.0,train_2021,12,0.8260263713568696,0.1311417024200292,0.8260263713568696,0.1311417024200292,0.6948846689368404,0.649148893353274,1.233452548221034,-0.3601352061917047,-0.04715517979147299,0.6666666666666666,1.02851181292081,0.12174593995435166,1.1393816218348132,0.5277777777777778
cap500_composite,100.0,validation_2022_2023,24,0.328300034256956,0.08698189041321247,0.15251899518270662,0.04258423660307309,0.10993475857963353,0.5340530171841872,0.5187364139035018,-0.4088210794101429,-0.08239866000360974,0.4166666666666667,0.43312901404766013,0.41060716281892135,0.29140290003098324,0.6527777777777778
cap500_composite,100.0,holdout_2024,12,0.12344116851248321,-0.013699490369203038,0.12344116851248321,-0.013699490369203038,0.13714065888168625,0.3430881664564199,0.49659280890739915,-0.16966389917833757,-0.07702368625268208,0.5,0.5479488360607158,0.9983550967551905,0.1946366887694262,0.5555555555555556
cap500_composite,100.0,holdout_2025_2026,18,-0.25385348681828923,-0.12280852134116271,-0.17734815532644976,-0.08364672551481533,-0.09370142981163443,0.7296655889461852,0.06498411877517402,-0.5530433077569898,-0.34737666250868915,0.3888888888888889,0.15705591064831317,1.2367792145389223,0.1244893311468156,0.6666666666666666
cap500_raw_ridge,0.0,train_2021,12,-0.43012433780267956,0.1311417024200292,-0.43012433780267956,0.1311417024200292,-0.5612660402227088,0.6415038840230997,-0.5562413205090281,-0.5293182332120148,-0.04715517979147299,0.4166666666666667,-0.8476425598385916,5.335983435202938,-0.6626341721990969,0.8888888888888888
cap500_raw_ridge,0.0,validation_2022_2023,24,-0.6440938607069393,0.08698189041321247,-0.4034213050292018,0.04258423660307309,-0.4460055416322749,0.47328706232863216,-0.8268289937663801,-0.7498567248707314,-0.08239866000360974,0.4166666666666667,-0.9617473171778332,1.7538775510701887,-0.38126501653860745,0.9305555555555555
cap500_raw_ridge,0.0,holdout_2024,12,-0.45575053353261974,-0.013699490369203038,-0.45575053353261974,-0.013699490369203038,-0.4420510431634167,0.5520511554821784,-0.8048470178949033,-0.5684103707063104,-0.07702368625268208,0.3333333333333333,-0.8220237722513207,1.612856362608531,-0.35468177729525485,0.8333333333333334
cap500_raw_ridge,0.0,holdout_2025_2026,18,-0.5383531274533648,-0.12280852134116271,-0.40268062981731134,-0.08364672551481533,-0.319033904302496,0.44771521295420913,-0.9249064585872588,-0.5708270665340789,-0.34737666250868915,0.3333333333333333,-0.7755286875283766,0.4057131917146371,-0.32799050364945137,0.9259259259259258
cap500_raw_ridge,25.0,train_2021,12,-0.4463576186455621,0.1311417024200292,-0.4463576186455621,0.1311417024200292,-0.5774993210655913,0.6421689676894161,-0.5971911654454534,-0.5417797577092411,-0.04715517979147299,0.4166666666666667,-0.8931845756901484,5.338817676725675,-0.6724827422047395,0.8888888888888888
cap500_raw_ridge,25.0,validation_2022_2023,24,-0.6645476779803243,0.08698189041321247,-0.42081753995854154,0.04258423660307309,-0.46340177656161463,0.47344490112415044,-0.8855183172931839,-0.7604313694616129,-0.08239866000360974,0.4166666666666667,-1.022876317024973,1.7537222045208662,-0.39900117522212775,0.9305555555555555
cap500_raw_ridge,25.0,holdout_2024,12,-0.47056464772201545,-0.013699490369203038,-0.47056464772201545,-0.013699490369203038,-0.4568651573528124,0.5538335839623588,-0.8473966545285633,-0.5772978773563207,-0.07702368625268208,0.3333333333333333,-0.8663774728770364,1.6189625409164394,-0.3711819060601371,0.8333333333333334
cap500_raw_ridge,25.0,holdout_2025_2026,18,-0.558068720773492,-0.12280852134116271,-0.4198105498404612,-0.08364672551481533,-0.33616382432564584,0.44736852045371817,-0.9877147131379552,-0.5881987083153553,-0.34737666250868915,0.3333333333333333,-0.8363792493331472,0.4053517969415274,-0.3470481185898371,0.9259259259259258
cap500_raw_ridge,50.0,train_2021,12,-0.46216947674613706,0.1311417024200292,-0.46216947674613706,0.1311417024200292,-0.5933111791661663,0.6428365058970269,-0.6380538397110186,-0.5539434455347313,-0.04715517979147299,0.4166666666666667,-0.9386105452413487,5.341651918248412,-0.6820671216475218,0.8888888888888888
cap500_raw_ridge,50.0,validation_2022_2023,24,-0.6838746537961137,0.08698189041321247,-0.43774974770669395,0.04258423660307309,-0.48033398430976704,0.4736057155384998,-0.9441625896189427,-0.7705856030909459,-0.08239866000360974,0.4166666666666667,-1.0839529696492232,1.753566857971544,-0.41627017216810625,0.9305555555555555
cap500_raw_ridge,50.0,holdout_2024,12,-0.4850137349334831,-0.013699490369203038,-0.4850137349334831,-0.013699490369203038,-0.47131424456428006,0.5556225657257006,-0.8896627975676948,-0.5860262980889905,-0.07702368625268208,0.3333333333333333,-0.9104307118195863,1.6250687192243491,-0.3872944732774197,0.8333333333333334
cap500_raw_ridge,50.0,holdout_2025_2026,18,-0.5769885160738393,-0.12280852134116271,-0.43649024508791734,-0.08364672551481533,-0.352843519573102,0.44702497064951235,-1.050613004777535,-0.6049082018683012,-0.34737666250868915,0.2777777777777778,-0.8973001405195625,0.40499040216841764,-0.36560913740026624,0.9259259259259258
cap500_raw_ridge,100.0,train_2021,12,-0.4925682594907237,0.1311417024200292,-0.4925682594907237,0.1311417024200292,-0.6237099619107529,0.6441789153854973,-0.7195169279174161,-0.5774026285081837,-0.04715517979147299,0.4166666666666667,-1.0291136024522012,5.347320401293887,-0.7004690004134533,0.8888888888888888
cap500_raw_ridge,100.0,validation_2022_2023,24,-0.7193826835176169,0.08698189041321247,-0.4702667496915235,0.04258423660307309,-0.5128509862945966,0.4739362590515248,-1.0613117746701284,-0.7896949195137567,-0.08239866000360974,0.375,-1.2059445158086104,1.7532561648729001,-0.44945129048080934,0.9305555555555555
cap500_raw_ridge,100.0,holdout_2024,12,-0.5128489073649394,-0.013699490369203038,-0.5128489073649394,-0.013699490369203038,-0.4991494169957364,0.5592199372988754,-0.9733500004388375,-0.6030155468613669,-0.07702368625268208,0.3333333333333333,-0.9976409873087916,1.6372810758401668,-0.4183899365448026,0.8333333333333334
cap500_raw_ridge,100.0,holdout_2025_2026,18,-0.6125606473300595,-0.12280852134116271,-0.46854174941301896,-0.08364672551481533,-0.3848950238982036,0.446347328090459,-1.1766751364394596,-0.6364346482304042,-0.34737666250868915,0.2222222222222222,-1.019348392261713,0.40426761262219796,-0.40128830101420465,0.9259259259259258
cap500_raw_lightgbm,0.0,train_2021,12,1.5009254806428842,0.1311417024200292,1.5009254806428842,0.1311417024200292,1.369783778222855,0.5829571405594195,1.859074333760959,-0.10862404650106838,-0.04715517979147299,0.75,1.803699145663529,3.8687219788325566,0.7776132839130041,0.44444444444444436
cap500_raw_lightgbm,0.0,validation_2022_2023,24,0.9634400756466748,0.08698189041321247,0.40122805982704857,0.04258423660307309,0.3586438232239755,0.679329189166537,0.7769617061752506,-0.35124634848057357,-0.08239866000360974,0.4583333333333333,0.7272159426783409,1.9685008081655695,0.5388013694132745,0.5
cap500_raw_lightgbm,0.0,holdout_2024,12,0.9383580786418155,-0.013699490369203038,0.9383580786418155,-0.013699490369203038,0.9520575690110186,1.1708922560882005,1.0716223255583432,-0.4286979646449278,-0.07702368625268208,0.75,1.0826731551184567,0.9127046378517031,2.3223418842204446,0.6944444444444445
cap500_raw_lightgbm,0.0,holdout_2025_2026,18,0.26159042810468836,-0.12280852134116271,0.1675592355403328,-0.08364672551481533,0.25120596105514814,0.6055062762593989,0.5258522847990892,-0.40634095633131273,-0.34737666250868915,0.5,0.6983240806843558,1.1324601711982405,0.4578543569612745,0.7777777777777778
cap500_raw_lightgbm,25.0,train_2021,12,1.4696938448435866,0.1311417024200292,1.4696938448435866,0.1311417024200292,1.3385521424235574,0.5830112826228087,1.836031919567324,-0.1102907131677352,-0.04715517979147299,0.75,1.7785772648294231,3.8729743624998703,0.7542422936653725,0.44444444444444436
cap500_raw_lightgbm,25.0,validation_2022_2023,24,0.90701907112488,0.08698189041321247,0.38094861277488534,0.04258423660307309,0.33836437617181225,0.6790287044083602,0.755215151495396,-0.36634875164121017,-0.08239866000360974,0.4166666666666667,0.704938550549942,1.9683548916880425,0.5166904330027009,0.5
cap500_raw_lightgbm,25.0,holdout_2024,12,0.8989491298041099,-0.013699490369203038,0.8989491298041099,-0.013699490369203038,0.9126486201733129,1.1708512611442778,1.0538665243510463,-0.4295312979782612,-0.07702368625268208,0.75,1.064866655541213,0.9135180803706585,2.260276034347951,0.6944444444444445
cap500_raw_lightgbm,25.0,holdout_2025_2026,18,0.218862530053741,-0.12280852134116271,0.1410459947126521,-0.08364672551481533,0.22469272022746745,0.6049956114460915,0.4877283734216853,-0.4091212982304212,-0.34737666250868915,0.5,0.6549615788563766,1.1277308422989294,0.4248563032160382,0.7777777777777778
cap500_raw_lightgbm,50.0,train_2021,12,1.438814589622997,0.1311417024200292,1.438814589622997,0.1311417024200292,1.3076728872029677,0.5830688844431768,1.8129830269360725,-0.11195737983440168,-0.04715517979147299,0.75,1.75344176374314,3.877226746167184,0.731153274796239,0.44444444444444436
cap500_raw_lightgbm,50.0,validation_2022_2023,24,0.8521391135945953,0.08698189041321247,0.36093317749057596,0.04258423660307309,0.3183489408875029,0.6787344924338985,0.7334425632095953,-0.38112352827945406,-0.08239866000360974,0.4166666666666667,0.6826339890045006,1.9682089752105183,0.494871080910124,0.5
cap500_raw_lightgbm,50.0,holdout_2024,12,0.8602604040209598,-0.013699490369203038,0.8602604040209598,-0.013699490369203038,0.8739598943901629,1.1708134461022925,1.0361066656855256,-0.4303646313115945,-0.07702368625268208,0.75,1.0470558088177206,0.9143315228896145,2.19927469584031,0.6944444444444445
cap500_raw_lightgbm,50.0,holdout_2025_2026,18,0.17749698251527124,-0.12280852134116271,0.1150813064728422,-0.08364672551481533,0.19872803198765754,0.6044910026508185,0.4495355447358019,-0.4118938048571589,-0.34737666250868915,0.5,0.6115851513993196,1.123001513399618,0.3925442043994136,0.7777777777777778
cap500_raw_lightgbm,100.0,train_2021,12,1.3780989951502303,0.1311417024200292,1.3780989951502303,0.1311417024200292,1.246957292730201,0.5831944631926542,1.7668674677094258,-0.11529071316773509,-0.04715517979147299,0.75,1.7031320670270327,3.885731513501811,0.6858087973538818,0.44444444444444436
cap500_raw_lightgbm,100.0,validation_2022_2023,24,0.7468436217326746,0.08698189041321247,0.32168211826167736,0.04258423660307309,0.2790978816586043,0.6781649193183283,0.6898215353570837,-0.409716451942863,-0.08239866000360974,0.4166666666666667,0.6379457707964789,1.967917142255466,0.4520931681088678,0.5
cap500_raw_lightgbm,100.0,holdout_2024,12,0.7849967680274128,-0.013699490369203038,0.7849967680274128,-0.013699490369203038,0.7986962583966158,1.1707473569307485,1.000575352299045,-0.43203129797826123,-0.07702368625268208,0.75,1.0114216549385706,0.9159584079275259,2.080399291160024,0.6944444444444445
cap500_raw_lightgbm,100.0,holdout_2025_2026,18,0.09869108396463178,-0.12280852134116271,0.06475674548430432,-0.08364672551481533,0.14840347099911966,0.6035000136960063,0.37294700975969436,-0.4174153539601886,-0.34737666250868915,0.5,0.5247975715080426,1.1135428556009954,0.3299261423583457,0.7777777777777778
cap500_rank_ridge,0.0,train_2021,12,-0.6723135273140423,0.1311417024200292,-0.6723135273140423,0.1311417024200292,-0.8034552297340715,0.5309036451337893,-1.7078985850909079,-0.7293514039156406,-0.04715517979147299,0.25,-2.0404165847593796,1.9163378786484504,-0.7020232635256345,0.9722222222222222
cap500_rank_ridge,0.0,validation_2022_2023,24,-0.020470535981028437,0.08698189041321247,-0.010288191431984783,0.04258423660307309,-0.05287242803505787,0.12742465283365872,-0.019148261789900003,-0.11990666863601473,-0.08239866000360974,0.375,-0.2834765373003739,-0.3369820781143459,0.012866729461886717,0.8055555555555555
cap500_rank_ridge,0.0,holdout_2024,12,0.050930809392284226,-0.013699490369203038,0.050930809392284226,-0.013699490369203038,0.06463029976148726,0.1753978636727498,0.3627298614358987,-0.13358092554039702,-0.07702368625268208,0.4166666666666667,0.31730861548980466,-0.48653164196523757,0.06097839567356922,0.75
cap500_rank_ridge,0.0,holdout_2025_2026,18,3.206686418115873,-0.12280852134116271,1.6059140827310596,-0.08364672551481533,1.6895608082458748,0.7087799127821819,1.6398419813458152,-0.03424891215588888,-0.34737666250868915,0.6111111111111112,1.636785663616431,0.0720641129273928,2.043878371703924,0.8148148148148148
cap500_rank_ridge,25.0,train_2021,12,-0.682831595587619,0.1311417024200292,-0.682831595587619,0.1311417024200292,-0.8139732980076482,0.5308883695806219,-1.7628870863183295,-0.7374966440226809,-0.04715517979147299,0.25,-2.09803357903702,1.9166989206642544,-0.7115107647647232,0.9722222222222222
cap500_rank_ridge,25.0,validation_2022_2023,24,-0.06685753709355313,0.08698189041321247,-0.03400700680261304,0.04258423660307309,-0.07659124340568613,0.1276617176107302,-0.2084150814791821,-0.12886233710232886,-0.08239866000360974,0.375,-0.4267552599978277,-0.33760349440201687,-0.011288281893914176,0.8055555555555555
cap500_rank_ridge,25.0,holdout_2024,12,0.02758859373374767,-0.013699490369203038,0.02758859373374767,-0.013699490369203038,0.041288084102950706,0.17545340817424557,0.2343758563260865,-0.14317256901478925,-0.07702368625268208,0.3333333333333333,0.2183027303374761,-0.4951907460781731,0.037387234632344724,0.75
cap500_rank_ridge,25.0,holdout_2025_2026,18,3.065125108091798,-0.12280852134116271,1.5471192455690068,-0.08364672551481533,1.630765971083822,0.7086670324054892,1.6056096305314589,-0.036748912155888824,-0.34737666250868915,0.6111111111111112,1.6041337801808484,0.07167838801294385,1.9766924264566907,0.8148148148148148
cap500_rank_ridge,50.0,train_2021,12,-0.6930408314753158,0.1311417024200292,-0.6930408314753158,0.1311417024200292,-0.824182533895345,0.5308744017039116,-1.8178742741775462,-0.7454195268701478,-0.04715517979147299,0.25,-2.1556498050121102,1.9170599626800595,-0.7207206209438861,0.9722222222222222
cap500_rank_ridge,50.0,validation_2022_2023,24,-0.11114158444299593,0.08698189041321247,-0.05720711948116408,0.04258423660307309,-0.09979135608423717,0.12792619646002895,-0.39689520480774754,-0.13774194594213252,-0.08239866000360974,0.375,-0.5696124078698639,-0.33822491068968813,-0.034914191200585254,0.8055555555555555
cap500_rank_ridge,50.0,holdout_2024,12,0.004718103049830891,-0.013699490369203038,0.004718103049830891,-0.013699490369203038,0.01841759341903393,0.17553591084425432,0.10608679840270266,-0.15267973163884152,-0.07702368625268208,0.3333333333333333,0.1196774955382843,-0.5038498501911085,0.014277811273251118,0.75
cap500_rank_ridge,50.0,holdout_2025_2026,18,2.92805126159251,-0.12280852134116271,1.4895342060654162,-0.08364672551481533,1.5731809315802314,0.708558592465067,1.5713565250157497,-0.03924891215588888,-0.34737666250868915,0.6111111111111112,1.5714663334072916,0.07129266309849497,1.9108683716472075,0.8148148148148148
cap500_rank_ridge,100.0,train_2021,12,-0.7125655232941954,0.1311417024200292,-0.7125655232941954,0.1311417024200292,-0.8437072257142246,0.5308503893830948,-1.927843082491787,-0.7606199127195156,-0.04715517979147299,0.16666666666666666,-2.2708780818955856,1.9177820467116682,-0.7383368446551781,0.9722222222222222
cap500_rank_ridge,100.0,validation_2022_2023,24,-0.19376140584555723,0.08698189041321247,-0.10209210151906856,0.04258423660307309,-0.14467633812214165,0.12853670194594355,-0.7710375774173218,-0.15527505238184602,-0.08239866000360974,0.3333333333333333,-0.8538588946319633,-0.3394677432650303,-0.08062074228715743,0.8055555555555555
cap500_rank_ridge,100.0,holdout_2024,12,-0.039641952097948185,-0.013699490369203038,-0.039641952097948185,-0.013699490369203038,-0.025942461728745148,0.17578162645384263,-0.15006094633421327,-0.17144283063649424,-0.07702368625268208,0.3333333333333333,-0.07633911944591298,-0.5211680584169792,-0.030531510482353696,0.75
cap500_rank_ridge,100.0,holdout_2025_2026,18,2.6668355925407767,-0.12280852134116271,1.3779038615580235,-0.08364672551481533,1.4615505870728387,0.7083550419668029,1.5027905720574484,-0.050450020257908346,-0.34737666250868915,0.6111111111111112,1.5060869516700737,0.07052121326959714,1.7832057801643693,0.8148148148148148
cap500_rank_lightgbm,0.0,train_2021,12,0.10490978947663732,0.1311417024200292,0.10490978947663732,0.1311417024200292,-0.02623191294339189,0.30071140652034906,0.4770678469517208,-0.26212552854651394,-0.04715517979147299,0.5,0.04652167997489352,-0.795951845901582,0.2747144271288886,0.9166666666666666
cap500_rank_lightgbm,0.0,validation_2022_2023,24,0.27129177362506685,0.08698189041321247,0.12751575316049002,0.04258423660307309,0.08493151655741693,0.12935245984989033,0.9930697264239364,-0.11683979064831584,-0.08239866000360974,0.5416666666666666,0.7205814890077009,0.7358146926562958,0.09946304071158463,0.7222222222222222
cap500_rank_lightgbm,0.0,holdout_2024,12,0.0698060440344459,-0.013699490369203038,0.0698060440344459,-0.013699490369203038,0.08350553440364894,0.18573616563510337,0.4496919167875889,-0.14440162119334743,-0.07702368625268208,0.5833333333333334,0.6271197173455607,1.0928256132874978,0.09722870743582268,0.7222222222222222
cap500_rank_lightgbm,0.0,holdout_2025_2026,18,1.2773164826605652,-0.12280852134116271,0.7309409787525423,-0.08364672551481533,0.8145877042673576,0.4832897343332467,1.348123643782551,-0.19448793386791918,-0.34737666250868915,0.5555555555555556,1.5529687883980259,0.7069839480019301,0.9593632839696611,0.8148148148148148
cap500_rank_lightgbm,25.0,train_2021,12,0.07513637775495852,0.1311417024200292,0.07513637775495852,0.1311417024200292,-0.05600532466507069,0.300473563430643,0.38592328036623796,-0.265666302838076,-0.04715517979147299,0.5,-0.03526938195159406,-0.7963302274158318,0.24084179907820102,0.9166666666666666
cap500_rank_lightgbm,25.0,validation_2022_2023,24,0.21803859320197883,0.08698189041321247,0.10364785742644322,0.04258423660307309,0.061063620823370135,0.12860822729481458,0.8303461411059573,-0.12141228176983243,-0.08239866000360974,0.5,0.5328428045226206,0.7216803025836269,0.076743775669043,0.7222222222222222
cap500_rank_lightgbm,25.0,holdout_2024,12,0.046733544583209774,-0.013699490369203038,0.046733544583209774,-0.013699490369203038,0.06043303495241281,0.18697212269596708,0.33083747877829645,-0.1490209256210243,-0.07702368625268208,0.5833333333333334,0.4784536930927412,1.10781990869052,0.0740105684480028,0.7222222222222222
cap500_rank_lightgbm,25.0,holdout_2025_2026,18,1.19829420265693,-0.12280852134116271,0.6906636285261374,-0.08364672551481533,0.7743103540409527,0.4832981297526104,1.2975218288731771,-0.2031133009687377,-0.34737666250868915,0.5555555555555556,1.4998467885143536,0.7080807032736308,0.9146685149005194,0.8148148148148148
cap500_rank_lightgbm,50.0,train_2021,12,0.046098376597490054,0.1311417024200292,0.046098376597490054,0.1311417024200292,-0.08504332582253915,0.3002412092316438,0.29462892015678516,-0.26919874379630426,-0.04715517979147299,0.4166666666666667,-0.11715747859480252,-0.7967086089300817,0.20779608704945418,0.9166666666666666
cap500_rank_lightgbm,50.0,validation_2022_2023,24,0.1669152394742024,0.08698189041321247,0.08023851045692787,0.04258423660307309,0.03765427385385478,0.12790310589552936,0.6655247187788252,-0.12611495816208762,-0.08239866000360974,0.4583333333333333,0.34511189611680004,0.7075459125109576,0.054455601926928,0.7222222222222222
cap500_rank_lightgbm,50.0,holdout_2024,12,0.024111678374637124,-0.013699490369203038,0.024111678374637124,-0.013699490369203038,0.03781116874384016,0.18823082177915804,0.21351826777363372,-0.15362773004870134,-0.07702368625268208,0.5833333333333334,0.33063129308404193,1.1228142040935416,0.051243596190204244,0.7222222222222222
cap500_rank_lightgbm,50.0,holdout_2025_2026,18,1.121848608925589,-0.12280852134116271,0.6512377024012981,-0.08364672551481533,0.7348844279161134,0.483319146701816,1.2468892094915307,-0.21534805992740502,-0.34737666250868915,0.5555555555555556,1.446650156628969,0.7091774585453318,0.8709100951820143,0.8148148148148148
cap500_rank_lightgbm,100.0,train_2021,12,-0.00983710589317388,0.1311417024200292,-0.00983710589317388,0.1311417024200292,-0.14097880831320309,0.2997930182541769,0.11160948129258325,-0.27623862571276137,-0.04715517979147299,0.4166666666666667,-0.2812109219654916,-0.797465371958581,0.14411220877007325,0.9166666666666666
cap500_rank_lightgbm,100.0,validation_2022_2023,24,0.07073634121583328,0.08698189041321247,0.034763906026796576,0.04258423660307309,-0.007820330576276513,0.1266127741212274,0.3300563117645248,-0.14519234047796437,-0.08239866000360974,0.4583333333333333,-0.029394455271185796,0.6792771323656192,0.01114284806245558,0.7222222222222222
cap500_rank_lightgbm,100.0,holdout_2024,12,-0.019811621883366826,-0.013699490369203038,-0.019811621883366826,-0.013699490369203038,-0.006112131514163788,0.19081463769047802,-0.01646946148092461,-0.16280383890405514,-0.07702368625268208,0.5833333333333334,0.037931139676513556,1.1528027948995851,0.007031343041337346,0.7222222222222222
cap500_rank_lightgbm,100.0,holdout_2025_2026,18,0.9763751895563948,-0.12280852134116271,0.5748756283608982,-0.08364672551481533,0.6585223538757136,0.48339903761609054,1.1455474603448552,-0.23934142161985061,-0.34737666250868915,0.5555555555555556,1.3400513169418715,0.7113709690887334,0.7861311424979849,0.8148148148148148
cap500_raw_ensemble,0.0,train_2021,12,-0.30186925935794795,0.1311417024200292,-0.30186925935794795,0.1311417024200292,-0.43301096177797715,0.4526648000448501,-0.5857135733028853,-0.45334820296505196,-0.04715517979147299,0.3333333333333333,-1.0026915432945585,3.4332262804005014,-0.515887865956892,0.9444444444444443
cap500_raw_ensemble,0.0,validation_2022_2023,24,0.7316004926697115,0.08698189041321247,0.3159029191660423,0.04258423660307309,0.2733186825629692,0.44788508012522854,0.8289462079856112,-0.20326857488517802,-0.08239866000360974,0.5,0.7347206414774623,0.7536104535233027,0.3945318944658389,0.875
cap500_raw_ensemble,0.0,holdout_2024,12,-0.1367483014573354,-0.013699490369203038,-0.1367483014573354,-0.013699490369203038,-0.12304881108813237,0.49410202341018,-0.0381092737265225,-0.47334659284443703,-0.07702368625268208,0.5833333333333334,-0.02115173308142135,1.4037167641015482,-0.00644981619978835,0.8333333333333331
cap500_raw_ensemble,0.0,holdout_2025_2026,18,-0.08289564341507716,-0.12280852134116271,-0.05605685338214916,-0.08364672551481533,0.02758987213266617,0.7911948913319304,0.32752655198036246,-0.5164197677882622,-0.34737666250868915,0.6111111111111112,0.45036667415958814,1.5854332059638725,0.4112886247489056,0.8148148148148148
cap500_raw_ensemble,25.0,train_2021,12,-0.3221384001447065,0.1311417024200292,-0.3221384001447065,0.1311417024200292,-0.4532801025647357,0.4526888857945713,-0.648271384796516,-0.4681783177802158,-0.04715517979147299,0.25,-1.0748174811222238,3.4316460954235986,-0.5301587663119456,0.9444444444444443
cap500_raw_ensemble,25.0,validation_2022_2023,24,0.6441467270108658,0.08698189041321247,0.28224285024751294,0.04258423660307309,0.23965861364443986,0.4479937504696745,0.7701505621929319,-0.207754039690334,-0.08239866000360974,0.5,0.675286025517989,0.7487193443430659,0.35963267624749506,0.875
cap500_raw_ensemble,25.0,holdout_2024,12,-0.1584614304491302,-0.013699490369203038,-0.1584614304491302,-0.013699490369203038,-0.14476194007992715,0.49391889574112724,-0.08873900074869642,-0.4783979050902357,-0.07702368625268208,0.5833333333333334,-0.07395959321619279,1.4108683033479315,-0.030957836567563235,0.8333333333333331
cap500_raw_ensemble,25.0,holdout_2025_2026,18,-0.11663981723032457,-0.12280852134116271,-0.07935567642821606,-0.08364672551481533,0.0042910490865992745,0.7907508628162498,0.2967975139756715,-0.5263447144123452,-0.34737666250868915,0.6111111111111112,0.415800350646034,1.5846868795529796,0.37807224186669175,0.8148148148148148
cap500_raw_ensemble,50.0,train_2021,12,-0.34186835318976705,0.1311417024200292,-0.34186835318976705,0.1311417024200292,-0.47301005560979625,0.4527157592758859,-0.7108181626459953,-0.48264286698711334,-0.04715517979147299,0.25,-1.1469108082869628,3.430065910446695,-0.5440430867874007,0.9444444444444443
cap500_raw_ensemble,50.0,validation_2022_2023,24,0.5609257147682014,0.08698189041321247,0.24937012721138863,0.04258423660307309,0.20678589060831554,0.4481069426018124,0.7113762552578906,-0.2168160522229493,-0.08239866000360974,0.5,0.6158956522356508,0.7438282351628288,0.3255357327298867,0.875
cap500_raw_ensemble,50.0,holdout_2024,12,-0.17967592295969592,-0.013699490369203038,-0.17967592295969592,-0.013699490369203038,-0.16597643259049288,0.49374337196544776,-0.1394041381962772,-0.4834128971247751,-0.07702368625268208,0.5833333333333334,-0.12684443757578193,1.4180198425943147,-0.054910549173405765,0.8333333333333331
cap500_raw_ensemble,50.0,holdout_2025_2026,18,-0.14921888941500938,-0.12280852134116271,-0.10213324243491628,-0.08364672551481533,-0.01848651692010095,0.7903130630775114,0.2660318494481411,-0.5360916967209755,-0.34737666250868915,0.5,0.38118728701448107,1.5839405531420867,0.345573909058112,0.8148148148148148
cap500_raw_ensemble,100.0,train_2021,12,-0.37976253932644366,0.1311417024200292,-0.37976253932644366,0.1311417024200292,-0.5109042417464729,0.4527778673962991,-0.8358740082690096,-0.5105075282251273,-0.04715517979147299,0.25,-1.2909926372787421,3.426905540492889,-0.5706899495711166,0.9444444444444443
cap500_raw_ensemble,100.0,validation_2022_2023,24,0.4064068042742819,0.08698189041321247,0.18592023520736078,0.04258423660307309,0.1433359986042877,0.4483468783932054,0.5938987235450666,-0.23594558376267483,-0.08239866000360974,0.4583333333333333,0.49725465339327907,0.7340460168023557,0.2596817810814336,0.875
cap500_raw_ensemble,100.0,holdout_2024,12,-0.22065025738135713,-0.013699490369203038,-0.22065025738135713,-0.013699490369203038,-0.2069507670121541,0.4934151682020831,-0.2408314071331897,-0.49333461621680685,-0.07702368625268208,0.5833333333333334,-0.23283532120657524,1.4323229210870814,-0.10119568611518126,0.8333333333333331
cap500_raw_ensemble,100.0,holdout_2025_2026,18,-0.21103105068635541,-0.12280852134116271,-0.14616633480222485,-0.08364672551481533,-0.06251960928740952,0.7894561912340902,0.20439330100433717,-0.5550626977075439,-0.34737666250868915,0.4444444444444444,0.31182474788109055,1.582447900320301,0.2826750884811129,0.8148148148148148
cap500_rank_ensemble,0.0,train_2021,12,-0.2889409397673517,0.1311417024200292,-0.2889409397673517,0.1311417024200292,-0.4200826421873809,0.3009412602329499,-0.9721356883105612,-0.4133281480315798,-0.04715517979147299,0.25,-1.3576291858494547,0.19664003580104816,-0.27528013142602226,0.9166666666666666
cap500_rank_ensemble,0.0,validation_2022_2023,24,0.4295119978860795,0.08698189041321247,0.19562201296483317,0.04258423660307309,0.15303777636176008,0.13518976995183876,1.39289087107801,-0.07057460723520326,-0.08239866000360974,0.5833333333333334,0.878760038931245,-0.07471901799776844,0.209451627385687,0.6944444444444443
cap500_rank_ensemble,0.0,holdout_2024,12,0.0760143983609105,-0.013699490369203038,0.0760143983609105,-0.013699490369203038,0.08971388873011354,0.17488296503780812,0.5004639809289358,-0.1443350648633902,-0.07702368625268208,0.5833333333333334,0.6457900672466127,0.8853425529782483,0.09959533421331024,0.75
cap500_rank_ensemble,0.0,holdout_2025_2026,18,2.3245922140310604,-0.12280852134116271,1.2275403977801993,-0.08364672551481533,1.3111871232950145,0.6844129289639541,1.4326606478731403,-0.07219178137047844,-0.34737666250868915,0.6111111111111112,1.4473484661590084,0.12986134641451777,1.5840766198606882,0.7592592592592592
cap500_rank_ensemble,25.0,train_2021,12,-0.30875313873052257,0.1311417024200292,-0.30875313873052257,0.1311417024200292,-0.4398948411505518,0.3003879100538851,-1.0654747692748123,-0.42275954633161594,-0.04715517979147299,0.25,-1.4490213428095902,0.197102415733647,-0.29553178917962664,0.9166666666666666
cap500_rank_ensemble,25.0,validation_2022_2023,24,0.3720480716449126,0.08698189041321247,0.17134455718414143,0.04258423660307309,0.12876032058106834,0.1348457920619842,1.2419465267313499,-0.08225577086839964,-0.08239866000360974,0.5416666666666666,0.7523992910376273,-0.07348815614761964,0.18481764674055556,0.6944444444444443
cap500_rank_ensemble,25.0,holdout_2024,12,0.0521731257660516,-0.013699490369203038,0.0521731257660516,-0.013699490369203038,0.06587261613525464,0.17484671626500956,0.3718835919167313,-0.14744211688302888,-0.07702368625268208,0.5833333333333334,0.49533099743349374,0.8863419989445142,0.07530840407773387,0.75
cap500_rank_ensemble,25.0,holdout_2025_2026,18,2.2192312895445716,-0.12280852134116271,1.1802256938556406,-0.08364672551481533,1.2638724193704558,0.6841311268205551,1.3999563167013875,-0.08311721228489499,-0.34737666250868915,0.6111111111111112,1.4164612299766757,0.13196508727789585,1.5304965734185458,0.7592592592592592
cap500_rank_ensemble,50.0,train_2021,12,-0.32806041731477775,0.1311417024200292,-0.32806041731477775,0.1311417024200292,-0.45920211973480696,0.2998442767444882,-1.1591208040758287,-0.4320625766724091,-0.04715517979147299,0.25,-1.5406926553834677,0.19756479566624588,-0.3152634778716349,0.9166666666666666
cap500_rank_ensemble,50.0,validation_2022_2023,24,0.3167928973544494,0.08698189041321247,0.14751596823506086,0.04258423660307309,0.10493173163198777,0.13452742091440467,1.0900226048017871,-0.09381276213771128,-0.08239866000360974,0.5416666666666666,0.6254271016818507,-0.07225729429747103,0.16064437992873626,0.6944444444444443
cap500_rank_ensemble,50.0,holdout_2024,12,0.028812275392400943,-0.013699490369203038,0.028812275392400943,-0.013699490369203038,0.04251176576160398,0.17483754349071604,0.2432122073468466,-0.15054500223600087,-0.07702368625268208,0.5833333333333334,0.34456624071076203,0.8873414449107799,0.05151410920422306,0.75
cap500_rank_ensemble,50.0,holdout_2025_2026,18,2.1170036088509727,-0.12280852134116271,1.1338220734472042,-0.08364672551481533,1.2174687989620194,0.6838575315654365,1.3672086238875196,-0.0939399636579964,-0.34737666250868915,0.6111111111111112,1.3855203872870507,0.134068828141274,1.4779366785319548,0.7592592592592592
cap500_rank_ensemble,100.0,train_2021,12,-0.3652066444795924,0.1311417024200292,-0.3652066444795924,0.1311417024200292,-0.4963483468996216,0.2987863719415796,-1.3473028791163084,-0.45028925916247886,-0.04715517979147299,0.25,-1.7248436646834386,0.19848955553144346,-0.35321535210740684,0.9166666666666666
cap500_rank_ensemble,100.0,validation_2022_2023,24,0.21258755513407657,0.08698189041321247,0.10117553329797357,0.04258423660307309,0.058591296694900485,0.13396821440771178,0.7835534985653774,-0.11655855781204238,-0.08239866000360974,0.4583333333333333,0.36983368811856787,-0.0697955705971737,0.11364872230861423,0.6944444444444443
cap500_rank_ensemble,100.0,holdout_2024,12,-0.016502926258263773,-0.013699490369203038,-0.016502926258263773,-0.013699490369203038,-0.0028034358890607347,0.17490043040312855,-0.014164488416709677,-0.15673827294194487,-0.07702368625268208,0.5,0.04250312310785357,0.8893403368433117,0.005367172864522374,0.75
cap500_rank_ensemble,100.0,holdout_2025_2026,18,1.921601828101438,-0.12280852134116271,1.043685287237388,-0.08364672551481533,1.1273320127522033,0.6833350008550627,1.3015875931983607,-0.11532432637111079,-0.34737666250868915,0.6111111111111112,1.3234813651645014,0.13827630986803036,1.375806866520569,0.7592592592592592
cap500_rank_ensemble_volmanaged,0.0,train_2021,12,-0.1922967417910637,0.1311417024200292,-0.1922967417910637,0.1311417024200292,-0.3234384442110929,0.25808456880926745,-0.6970499303926561,-0.33209356694543535,-0.04715517979147299,0.3333333333333333,-1.1119760123928857,-0.0697228620387582,-0.1582027980151658,0.7179931343304237
cap500_rank_ensemble_volmanaged,0.0,validation_2022_2023,24,0.4295119978860795,0.08698189041321247,0.19562201296483317,0.04258423660307309,0.15303777636176008,0.13518976995183876,1.39289087107801,-0.07057460723520326,-0.08239866000360974,0.5833333333333334,0.878760038931245,-0.07471901799776844,0.209451627385687,0.6944444444444443
cap500_rank_ensemble_volmanaged,0.0,holdout_2024,12,0.08373998982334196,-0.013699490369203038,0.08373998982334196,-0.013699490369203038,0.097439480192545,0.15503527544979276,0.5909600116332122,-0.11765938985545943,-0.07702368625268208,0.5833333333333334,0.7574469138770988,0.7985637763712834,0.10323676940611692,0.7257610382757923
cap500_rank_ensemble_volmanaged,0.0,holdout_2025_2026,18,1.4806013710859967,-0.12280852134116271,0.8324746957374187,-0.08364672551481533,0.9161214212522341,0.6711592243046383,1.1376710887307866,-0.04317579669575422,-0.34737666250868915,0.6111111111111112,1.1344712063138032,-0.09206191890767575,1.0861401827389714,0.5514850048446641
cap500_rank_ensemble_volmanaged,25.0,train_2021,12,-0.20968715724792097,0.1311417024200292,-0.20968715724792097,0.1311417024200292,-0.3408288596679502,0.2570864393448476,-0.7835404514807145,-0.3393661369957671,-0.04715517979147299,0.3333333333333333,-1.1933892975665759,-0.07292796397127177,-0.176070971985133,0.7179931343304237
cap500_rank_ensemble_volmanaged,25.0,validation_2022_2023,24,0.3720480716449126,0.08698189041321247,0.17134455718414143,0.04258423660307309,0.12876032058106834,0.1348457920619842,1.2419465267313499,-0.08225577086839964,-0.08239866000360974,0.5416666666666666,0.7523992910376273,-0.07348815614761964,0.18481764674055556,0.6944444444444443
cap500_rank_ensemble_volmanaged,25.0,holdout_2024,12,0.060504085817842945,-0.013699490369203038,0.060504085817842945,-0.013699490369203038,0.07420357618704598,0.15508327272895475,0.4503826609151336,-0.12064732387118837,-0.07702368625268208,0.5833333333333334,0.5929087770205056,0.7983765408853499,0.07964467974293954,0.7257610382757923
cap500_rank_ensemble_volmanaged,25.0,holdout_2025_2026,18,1.4231091879886715,-0.12280852134116271,0.8040503581585208,-0.08364672551481533,0.8876970836733361,0.6703526297698086,1.114359610310687,-0.05218930368346364,-0.34737666250868915,0.5555555555555556,1.1130982276697439,-0.08939084000868101,1.0542023673897125,0.5514850048446641
cap500_rank_ensemble_volmanaged,50.0,train_2021,12,-0.22673660470565737,0.1311417024200292,-0.22673660470565737,0.1311417024200292,-0.3578783071256866,0.25610267306066076,-0.8706563509039565,-0.34657177166464137,-0.04715517979147299,0.3333333333333333,-1.2752261084601677,-0.07613306590378549,-0.1935908610391811,0.7179931343304237
cap500_rank_ensemble_volmanaged,50.0,validation_2022_2023,24,0.3167928973544494,0.08698189041321247,0.14751596823506086,0.04258423660307309,0.10493173163198777,0.13452742091440467,1.0900226048017871,-0.09381276213771128,-0.08239866000360974,0.5416666666666666,0.6254271016818507,-0.07225729429747103,0.16064437992873626,0.6944444444444443
cap500_rank_ensemble_volmanaged,50.0,holdout_2024,12,0.03772187287773665,-0.013699490369203038,0.03772187287773665,-0.013699490369203038,0.05142136324693969,0.15515614797728833,0.30984261025774695,-0.12363097458699457,-0.07702368625268208,0.5833333333333334,0.42845383720485575,0.7981893053994163,0.05651587871794206,0.7257610382757923
cap500_rank_ensemble_volmanaged,50.0,holdout_2025_2026,18,1.3668582652507686,-0.12280852134116271,0.7760212912839555,-0.08364672551481533,0.8596680167987708,0.6695544986860772,1.090978175143546,-0.06113770305180155,-0.34737666250868915,0.5555555555555556,1.0916561911715243,-0.08671976110968627,1.0227133321018465,0.5514850048446641
cap500_rank_ensemble_volmanaged,100.0,train_2021,12,-0.25983664201986234,0.1311417024200292,-0.25983664201986234,0.1311417024200292,-0.39097834443989155,0.25417889468874966,-1.046731307764025,-0.3607842570704479,-0.04715517979147299,0.3333333333333333,-1.4401305435550122,-0.08254326976881285,-0.22761041568153184,0.7179931343304237
cap500_rank_ensemble_volmanaged,100.0,validation_2022_2023,24,0.21258755513407657,0.08698189041321247,0.10117553329797357,0.04258423660307309,0.058591296694900485,0.13396821440771178,0.7835534985653774,-0.11655855781204238,-0.08239866000360974,0.4583333333333333,0.36983368811856787,-0.0697955705971737,0.11364872230861423,0.6944444444444443
cap500_rank_ensemble_volmanaged,100.0,holdout_2024,12,-0.006513346643925555,-0.013699490369203038,-0.006513346643925555,-0.013699490369203038,0.007186143725277483,0.15537638041122456,0.029144221137652325,-0.12958542611883905,-0.07702368625268208,0.5,0.10022388218503846,0.7978148344275492,0.011615133956207613,0.7257610382757923
cap500_rank_ensemble_volmanaged,100.0,holdout_2025_2026,18,1.2579811565872814,-0.12280852134116271,0.721129475321741,-0.08364672551481533,0.8047762008365563,0.6679837478994605,1.0440078026418875,-0.07886407239027138,-0.34737666250868915,0.5555555555555556,1.0485663197314525,-0.08137760331169681,0.9610587071741039,0.5514850048446641
capall_composite,0.0,train_2021,12,1.2617838086895112,0.1311417024200292,1.2617838086895112,0.1311417024200292,1.130642106269482,0.7305117244541307,1.4592076761734194,-0.3437006133007956,-0.04715517979147299,0.6666666666666666,1.2707324697044142,-0.15192007804859112,1.8265940480778653,0.4444444444444444
capall_composite,0.0,validation_2022_2023,24,-0.037031405423518016,0.08698189041321247,-0.01869036763288523,0.04258423660307309,-0.06127460423595832,0.5212714550334502,0.20871759968991802,-0.5499411544919768,-0.08239866000360974,0.4583333333333333,0.12260371203336792,0.6838134267522304,0.08073221154842392,0.611111111111111
capall_composite,0.0,holdout_2024,12,1.6607864603518214,-0.013699490369203038,1.6607864603518214,-0.013699490369203038,1.6744859507210244,1.041067000937285,1.320658067800438,-0.1574409916846634,-0.07702368625268208,0.5833333333333334,1.3603429246938474,2.774200719120649,2.7568097955178064,0.6666666666666666
capall_composite,0.0,holdout_2025_2026,18,0.024843282591824778,-0.12280852134116271,0.01649435826376644,-0.08364672551481533,0.10014108377858177,0.7154062655297836,0.3726661369592568,-0.6084235014504182,-0.34737666250868915,0.5,0.5063311076227239,1.3417153337591208,0.40250988091028117,0.5185185185185186
capall_composite,25.0,train_2021,12,1.2334103864093096,0.1311417024200292,1.2334103864093096,0.1311417024200292,1.1022686839892804,0.7307182095701878,1.4405484477305983,-0.3471477366497887,-0.04715517979147299,0.6666666666666666,1.2525674523586814,-0.13989881920358888,1.788289416964012,0.4444444444444444
capall_composite,25.0,validation_2022_2023,24,-0.07190753580997511,0.08698189041321247,-0.036624442810580304,0.04258423660307309,-0.0792086794136534,0.5212631617875122,0.17354994593881673,-0.5574928079075983,-0.08239866000360974,0.4583333333333333,0.08724738710106884,0.6771767421338614,0.061526891044060505,0.611111111111111
capall_composite,25.0,holdout_2024,12,1.611077325177452,-0.013699490369203038,1.611077325177452,-0.013699490369203038,1.6247768155466549,1.041067000937285,1.3014470083950451,-0.16050505189141528,-0.07702368625268208,0.5833333333333334,1.3406805189888282,2.7742007191206484,2.690069914404272,0.6666666666666666
capall_composite,25.0,holdout_2025_2026,18,-4.263778671353968e-06,-0.12280852134116271,-2.8425211342497647e-06,-0.08364672551481533,0.08364388299368108,0.715981613897977,0.35064047582044555,-0.6111123158602209,-0.34737666250868915,0.5,0.48161868676288555,1.3432681923377103,0.3815648802752507,0.5185185185185186
capall_composite,50.0,train_2021,12,1.2053559272560124,0.1311417024200292,1.2053559272560124,0.1311417024200292,1.0742142248359832,0.7309315460698596,1.4218864335240367,-0.3505820981813721,-0.04715517979147299,0.6666666666666666,1.2343940540439056,-0.1278775603585869,1.7504611530951397,0.4444444444444444
capall_composite,50.0,validation_2022_2023,24,-0.10558133761416244,0.08698189041321247,-0.054262899963294475,0.04258423660307309,-0.09684713656636756,0.5212669164902098,0.13837797476284094,-0.5649309800823512,-0.08239866000360974,0.4583333333333333,0.05190122015863963,0.670540057515492,0.04263488548723848,0.611111111111111
capall_composite,50.0,holdout_2024,12,1.5622180166509105,-0.013699490369203038,1.5622180166509105,-0.013699490369203038,1.5759175070201135,1.0410670009372853,1.2822359489896527,-0.16356355654261168,-0.07702368625268208,0.5833333333333334,1.321018113283809,2.774200719120648,2.624418480919864,0.6666666666666666
capall_composite,50.0,holdout_2025_2026,18,-0.02429017854070603,-0.12280852134116271,-0.01625972725777114,-0.08364672551481533,0.0673869982570442,0.7165609089277902,0.32864837487814075,-0.613788881488438,-0.34737666250868915,0.5,0.45694123255276786,1.3448210509163003,0.3609069628608226,0.5185185185185186
capall_composite,100.0,train_2021,12,1.1501911894770536,0.1311417024200292,1.1501911894770536,0.1311417024200292,1.0190494870570244,0.7313787490456684,1.3845562013473076,-0.3574126566522974,-0.04715517979147299,0.6666666666666666,1.1980241550923878,-0.10383504266858329,1.6762122149821232,0.4444444444444444
capall_composite,100.0,validation_2022_2023,24,-0.1694781819004939,0.08698189041321247,-0.08867030219601313,0.04258423660307309,-0.13125453879908622,0.5213105678649017,0.06803083561757058,-0.579472895116997,-0.08239866000360974,0.375,-0.018750787320215272,0.6572666882787531,0.005772266922340119,0.611111111111111
capall_composite,100.0,holdout_2024,12,1.4669963307741467,-0.013699490369203038,1.4669963307741467,-0.013699490369203038,1.4806958211433496,1.041067000937285,1.243813830178868,-0.16966389917833746,-0.07702368625268208,0.5833333333333334,1.2816933018737702,2.7742007191206484,2.496316527028523,0.6666666666666666
capall_composite,100.0,holdout_2025_2026,18,-0.0712240269531137,-0.12280852134116271,-0.048064956843442364,-0.08364672551481533,0.03558176867137297,0.7177313006820346,0.2847659937848472,-0.619105377511226,-0.34737666250868915,0.5,0.4076930256062972,1.3479267680734794,0.32043809130668466,0.5185185185185186
capall_raw_ridge,0.0,train_2021,12,-0.4832108105306653,0.1311417024200292,-0.4832108105306653,0.1311417024200292,-0.6143525129506945,0.5125735672699243,-1.0317858946939302,-0.5619988675675847,-0.04715517979147299,0.16666666666666666,-1.4970510812448588,4.518573535638577,-0.6867575862069704,0.8611111111111112
capall_raw_ridge,0.0,validation_2022_2023,24,-0.6979279266636138,0.08698189041321247,-0.4503891619187389,0.04258423660307309,-0.492973398521812,0.4121429569016948,-1.202295396553329,-0.7481197383946783,-0.08239866000360974,0.375,-1.3193515163429075,0.6322320899912799,-0.41484791425928924,0.9444444444444443
capall_raw_ridge,0.0,holdout_2024,12,0.9259595109292369,-0.013699490369203038,0.9259595109292369,-0.013699490369203038,0.9396590012984399,0.8808202360558326,1.1002638933363682,-0.318619658119658,-0.07702368625268208,0.5833333333333334,1.2131895854300432,6.328642272601628,1.6736423027000829,0.9444444444444443
capall_raw_ridge,0.0,holdout_2025_2026,18,0.5824720090812097,-0.12280852134116271,0.3579716121130261,-0.08364672551481533,0.4416183376278414,0.6818319175618069,0.7394331270903978,-0.5091008563573733,-0.34737666250868915,0.5555555555555556,0.8164599799860228,0.4388989418299548,0.6784105354926717,0.7777777777777778
capall_raw_ridge,25.0,train_2021,12,-0.4975033836648304,0.1311417024200292,-0.4975033836648304,0.1311417024200292,-0.6286450860848596,0.5135733723171827,-1.0800784073610605,-0.5735099920814579,-0.04715517979147299,0.16666666666666666,-1.5525113387518412,4.528525253960126,-0.6959835149880496,0.8611111111111112
capall_raw_ridge,25.0,validation_2022_2023,24,-0.715597588336276,0.08698189041321247,-0.4667060738544605,0.04258423660307309,-0.5092903104575336,0.41229902993658535,-1.2705606249393557,-0.7619515707037448,-0.08239866000360974,0.375,-1.3878822292489694,0.6310299754026004,-0.4319185417773692,0.9444444444444443
capall_raw_ridge,25.0,holdout_2024,12,0.8735095714730721,-0.013699490369203038,0.8735095714730721,-0.013699490369203038,0.8872090618422751,0.8812075118407171,1.0676274955415617,-0.32378959032634025,-0.07702368625268208,0.5833333333333334,1.1775257679782987,6.333921324383887,1.6047905518888679,0.9444444444444443
capall_raw_ridge,25.0,holdout_2025_2026,18,0.5302786145822458,-0.12280852134116271,0.32794576849014034,-0.08364672551481533,0.4115924940049557,0.6806265647618318,0.706460485843206,-0.5136556282481508,-0.34737666250868915,0.5555555555555556,0.783534653740427,0.43556747376833904,0.6409845275225885,0.7777777777777778
capall_raw_ridge,50.0,train_2021,12,-0.5114353471689173,0.1311417024200292,-0.5114353471689173,0.1311417024200292,-0.6425770495889465,0.5145755287949386,-1.1281781019168342,-0.584747231193502,-0.04715517979147299,0.16666666666666666,-1.6077169164550593,4.538476972281678,-0.7049597422579712,0.8611111111111112
capall_raw_ridge,50.0,validation_2022_2023,24,-0.7322758787266545,0.08698189041321247,-0.48257935751137104,0.04258423660307309,-0.5251635941144441,0.4124579720511699,-1.3387648776078136,-0.7750576262559321,-0.08239866000360974,0.375,-1.456343293068427,0.6298278608139205,-0.4485315529393503,0.9444444444444443
capall_raw_ridge,50.0,holdout_2024,12,0.8223647695362133,-0.013699490369203038,0.8223647695362133,-0.013699490369203038,0.8360642599054163,0.8815960497053554,1.035018289715052,-0.32893380215617707,-0.07702368625268208,0.5,1.141891106249273,6.339200376166152,1.5375676218022338,0.9444444444444443
capall_raw_ridge,50.0,holdout_2025_2026,18,0.47970865440502575,-0.12280852134116271,0.29852647675831334,-0.08364672551481533,0.3821732022731287,0.6794248454761043,0.6733672507450175,-0.5181756376748428,-0.34737666250868915,0.5555555555555556,0.750518117597013,0.43223600570672316,0.6043249445195849,0.7777777777777778
capall_raw_ridge,100.0,train_2021,12,-0.5382501929492015,0.1311417024200292,-0.5382501929492015,0.1311417024200292,-0.6693918953692307,0.5165868412697349,-1.223801033107016,-0.6064232970089465,-0.04715517979147299,0.16666666666666666,-1.7173667437540268,4.558380408924779,-0.7221875913202493,0.8611111111111112
capall_raw_ridge,100.0,validation_2022_2023,24,-0.762868606006819,0.08698189041321247,-0.5130386113939003,0.04258423660307309,-0.5556228479969734,0.4127844502027709,-1.4749850989760735,-0.7992359014305286,-0.08239866000360974,0.375,-1.593051166586215,0.6274236316365617,-0.4804291978921318,0.9444444444444443
capall_raw_ridge,100.0,holdout_2024,12,0.7238734893584537,-0.013699490369203038,0.7238734893584537,-0.013699490369203038,0.7375729797276568,0.8823769049996855,0.9698818770865506,-0.3391453146853147,-0.07702368625268208,0.5,1.0707098534566237,6.349758479730675,1.4078684839345965,0.9444444444444443
capall_raw_ridge,100.0,holdout_2025_2026,18,0.3832505262690389,-0.12280852134116271,0.24146333019487698,-0.08364672551481533,0.3251100557096923,0.6770323847818991,0.6068184962109066,-0.5271122050890249,-0.34737666250868915,0.5555555555555556,0.6842125519197045,0.42557306958349156,0.5332481138460554,0.7777777777777778
capall_raw_lightgbm,0.0,train_2021,12,0.9877749390209027,0.1311417024200292,0.9877749390209027,0.1311417024200292,0.8566332366008735,0.8449798084601958,1.1667724959170849,-0.3177375056113546,-0.04715517979147299,0.6666666666666666,1.1068894548073342,6.958970033484723,0.10082471903353585,0.6666666666666666
capall_raw_lightgbm,0.0,validation_2022_2023,24,1.336467132297459,0.08698189041321247,0.5285506639616036,0.04258423660307309,0.48596642735853046,0.919052501924059,0.8351781371088397,-0.6890066329499586,-0.08239866000360974,0.625,0.8142456154029194,4.5150345886825,0.7344059731036334,0.7083333333333334
capall_raw_lightgbm,0.0,holdout_2024,12,5.029107053201254,-0.013699490369203038,5.029107053201254,-0.013699490369203038,5.042806543570457,2.261366734282507,1.3605521281997623,-0.29007166440928234,-0.07702368625268208,0.75,1.4045520386404304,13.810016640190948,16.036121788196738,0.6944444444444445
capall_raw_lightgbm,0.0,holdout_2025_2026,18,1.771831128733714,-0.12280852134116271,0.9732306157977217,-0.08364672551481533,1.056877341312537,0.8671420120751631,1.163300050832418,-0.3260592904369728,-0.34737666250868915,0.6666666666666666,1.3310979205507978,1.4032393567703227,1.8352519201700228,0.7222222222222221
capall_raw_lightgbm,25.0,train_2021,12,0.9504187116906284,0.1311417024200292,0.9504187116906284,0.1311417024200292,0.8192770092705992,0.8445085064024505,1.143741232674267,-0.32323613560997,-0.04715517979147299,0.6666666666666666,1.0817679004723197,6.956471000201604,0.07952385524041872,0.6666666666666666
capall_raw_lightgbm,25.0,validation_2022_2023,24,1.241128417778544,0.08698189041321247,0.4970398851662383,0.04258423660307309,0.4544556485631652,0.918418749745527,0.8126168555127421,-0.6950818530615017,-0.08239866000360974,0.5833333333333334,0.7908123944847764,4.505902789773239,0.7001998341966387,0.7083333333333334
capall_raw_lightgbm,25.0,holdout_2024,12,4.917538776261865,-0.013699490369203038,4.917538776261865,-0.013699490369203038,4.931238266631068,2.2612635855151564,1.3514010525839228,-0.2928780246166347,-0.07702368625268208,0.75,1.395123231195876,13.805945464116435,15.7575194709908,0.6944444444444445
capall_raw_lightgbm,25.0,holdout_2025_2026,18,1.688189976162381,-0.12280852134116271,0.9333328854351497,-0.08364672551481533,1.016979610949965,0.8666478456981013,1.1389628266648308,-0.32689262377030615,-0.34737666250868915,0.6666666666666666,1.3047793831639019,1.40220495821991,1.7792907347475393,0.7222222222222221
capall_raw_lightgbm,50.0,train_2021,12,0.9136982786169263,0.1311417024200292,0.9136982786169263,0.1311417024200292,0.7825565761968971,0.8440423265309966,1.1206774475449315,-0.32870281395138057,-0.04715517979147299,0.6666666666666666,1.0566072435213674,6.953971966918484,0.05860142513155275,0.6666666666666666
capall_raw_lightgbm,50.0,validation_2022_2023,24,1.1494814997085179,0.08698189041321247,0.4661110120684988,0.04258423660307309,0.4235267754654257,0.9177927021542366,0.790017783711146,-0.7010554465275489,-0.08239866000360974,0.5833333333333334,0.7673413793865559,4.496770990863976,0.6666131141396838,0.7083333333333334
capall_raw_lightgbm,50.0,holdout_2024,12,4.807848758819795,-0.013699490369203038,4.807848758819795,-0.013699490369203038,4.821548249188998,2.2611614092377637,1.3422485647871794,-0.2956788292684318,-0.07702368625268208,0.75,1.385693051840229,13.801874288041926,15.483099339253183,0.6944444444444445
capall_raw_lightgbm,50.0,holdout_2025_2026,18,1.6069140142490177,-0.12280852134116271,0.8941649867303467,-0.08364672551481533,0.9778117122451621,0.8661604716809226,1.1145890916946266,-0.3277259571036395,-0.34737666250868915,0.6666666666666666,1.278419008716858,1.401170559669498,1.7243437170634777,0.7222222222222221
capall_raw_lightgbm,100.0,train_2021,12,0.8421260482564799,0.1311417024200292,0.8421260482564799,0.1311417024200292,0.7109843458364506,0.8431253672394452,1.074453735252601,-0.3395407884066374,-0.04715517979147299,0.6666666666666666,1.0061704517259775,6.948973900352243,0.017867467268274595,0.6666666666666666
capall_raw_lightgbm,100.0,validation_2022_2023,24,0.9767261802867189,0.08698189041321247,0.40596094550549977,0.04258423660307309,0.3633767089024267,0.9165637836893695,0.7447081900996025,-0.7127034247870072,-0.08239866000360974,0.5833333333333334,0.7202881859087517,4.47850739304545,0.6012572270580847,0.7083333333333334
capall_raw_lightgbm,100.0,holdout_2024,12,4.593989853195716,-0.013699490369203038,4.593989853195716,-0.013699490369203038,4.607689343564919,2.260959974678978,1.3239393988210215,-0.3012637719053589,-0.07702368625268208,0.75,1.366828628122538,13.793731935892898,14.946577732410299,0.6944444444444445
capall_raw_lightgbm,100.0,holdout_2025_2026,18,1.4512095106377734,-0.12280852134116271,0.8179710175735051,-0.08364672551481533,0.9016177430883204,0.8652061464802,1.0657340840798075,-0.3293926237703062,-0.34737666250868915,0.6666666666666666,1.2255753238698928,1.3991017625686728,1.6174254890122937,0.7222222222222221
capall_rank_ridge,0.0,train_2021,12,-0.5445836904766768,0.1311417024200292,-0.5445836904766768,0.1311417024200292,-0.675725392896706,0.4135559280614428,-1.6397314922457866,-0.6140150309563639,-0.04715517979147299,0.3333333333333333,-2.11488148937885,1.974884060040172,-0.6203853731135145,0.9444444444444443
capall_rank_ridge,0.0,validation_2022_2023,24,-0.12398506785211638,0.08698189041321247,-0.0640433064784014,0.04258423660307309,-0.10662754308147449,0.2736792595948952,-0.11226254240503304,-0.25245792878308115,-0.08239866000360974,0.4583333333333333,-0.2473970037734364,-0.8442059548045152,0.00745915861372759,0.7777777777777777
capall_rank_ridge,0.0,holdout_2024,12,1.593139685242777,-0.013699490369203038,1.593139685242777,-0.013699490369203038,1.60683917561198,0.5708088080929539,1.9550246851327076,-0.06923783287419649,-0.07702368625268208,0.75,2.185400818808843,3.317712229663834,1.985491150416323,0.7222222222222222
capall_rank_ridge,0.0,holdout_2025_2026,18,0.6610908163913969,-0.12280852134116271,0.4025841218984254,-0.08364672551481533,0.48623084741324074,0.5976080063457477,0.7764247587516019,-0.16069179107074494,-0.34737666250868915,0.5555555555555556,0.867211086462805,0.4691798594195093,0.6176407576016785,0.6851851851851851
capall_rank_ridge,25.0,train_2021,12,-0.5582527212720975,0.1311417024200292,-0.5582527212720975,0.1311417024200292,-0.6893944236921267,0.4133962654981632,-1.7089027437858,-0.6248051396641311,-0.04715517979147299,0.3333333333333333,-2.189566236110871,1.9698722553622212,-0.631626165431308,0.9444444444444443
capall_rank_ridge,25.0,validation_2022_2023,24,-0.16447112941912634,0.08698189041321247,-0.08592731657658992,0.04258423660307309,-0.128511553179663,0.27402779670438454,-0.19726926782285217,-0.25611964529372966,-0.08239866000360974,0.4583333333333333,-0.32311612285610863,-0.8436112409538657,-0.015810691777963237,0.7777777777777777
capall_rank_ridge,25.0,holdout_2024,12,1.5417993367236589,-0.013699490369203038,1.5417993367236589,-0.013699490369203038,1.5554988270928618,0.5702651510528868,1.918894467995911,-0.07333434914257098,-0.07702368625268208,0.75,2.145847532976749,3.318065207835431,1.9269814034610988,0.7222222222222222
capall_rank_ridge,25.0,holdout_2025_2026,18,0.6116564275291554,-0.12280852134116271,0.3746167862804983,-0.08364672551481533,0.45826351179531366,0.5976143682612564,0.7420204736536887,-0.17064954160982404,-0.34737666250868915,0.5555555555555556,0.8327114873443362,0.46723631489826073,0.5858141572785085,0.6851851851851851
capall_rank_ridge,50.0,train_2021,12,-0.5715458026323421,0.1311417024200292,-0.5715458026323421,0.1311417024200292,-0.7026875050523713,0.41323959669109617,-1.7781145650067363,-0.6353211789920449,-0.04715517979147299,0.3333333333333333,-2.2642541464720636,1.9648604506842702,-0.6425610868128732,0.9444444444444443
capall_rank_ridge,50.0,validation_2022_2023,24,-0.20316825955358242,0.08698189041321247,-0.10734567695752595,0.04258423660307309,-0.14992991356059904,0.2743908565555628,-0.2820450984548219,-0.25977302847104455,-0.08239866000360974,0.4166666666666667,-0.39867203554034414,-0.8430165271032163,-0.03858690295138967,0.7777777777777777
capall_rank_ridge,50.0,holdout_2024,12,1.4913829585138472,-0.013699490369203038,1.4913829585138472,-0.013699490369203038,1.50508244888305,0.5697285103212151,1.8826721105721518,-0.07879341501799164,-0.07702368625268208,0.5833333333333334,2.1061688745591898,3.318418186007027,1.8695244985163249,0.7222222222222222
capall_rank_ridge,50.0,holdout_2025_2026,18,0.5636030514803525,-0.12280852134116271,0.34715532736359744,-0.08364672551481533,0.4308020528784128,0.5976280667097579,0.7076082342854383,-0.18050582577697472,-0.34737666250868915,0.5555555555555556,0.7982258140448765,0.4652927703770117,0.5545624985953139,0.6851851851851851
capall_rank_ridge,100.0,train_2021,12,-0.597041491907478,0.1311417024200292,-0.597041491907478,0.1311417024200292,-0.7281831943275072,0.41293525391056096,-1.9166540150917648,-0.6555559689489927,-0.04715517979147299,0.3333333333333333,-2.413631649386636,1.9548368413283692,-0.6635434877366131,0.9444444444444443
capall_rank_ridge,100.0,validation_2022_2023,24,-0.27549439225016936,0.08698189041321247,-0.1488210483395218,0.04258423660307309,-0.1914052849425949,0.27516031223947757,-0.45085449209337203,-0.2670547948256742,-0.08239866000360974,0.3333333333333333,-0.5492580903543126,-0.8418270994019178,-0.08269639483770586,0.7777777777777777
capall_rank_ridge,100.0,holdout_2024,12,1.3932623764364438,-0.013699490369203038,1.3932623764364438,-0.013699490369203038,1.4069618668056467,0.5686763569760102,1.8099550491592835,-0.08964425112234364,-0.07702368625268208,0.5,2.026440352362744,3.3191241423502196,1.7577004649165744,0.7222222222222222
capall_rank_ridge,100.0,holdout_2025_2026,18,0.4714958829404139,-0.12280852134116271,0.2937172459199795,-0.08364672551481533,0.37736397143479483,0.5976774709177767,0.6387649669085855,-0.19991746568201463,-0.34737666250868915,0.5555555555555556,0.7293011909229973,0.46140568133451404,0.49374631610660713,0.6851851851851851
capall_rank_lightgbm,0.0,train_2021,12,-0.207595099334285,0.1311417024200292,-0.207595099334285,0.1311417024200292,-0.3387368017543142,0.2670359563938528,-0.7181257756122217,-0.256176543948196,-0.04715517979147299,0.25,-1.120550885523298,-0.07319481801504095,-0.167906681709315,0.638888888888889
capall_rank_lightgbm,0.0,validation_2022_2023,24,0.18562177694768112,0.08698189041321247,0.08886260701140847,0.04258423660307309,0.04627837040833538,0.23124805676369659,0.48060484735572107,-0.1925467447732896,-0.08239866000360974,0.5,0.27514752504241385,0.22412607500977674,0.10581851909058004,0.8055555555555555
capall_rank_lightgbm,0.0,holdout_2024,12,0.08209510041193657,-0.013699490369203038,0.08209510041193657,-0.013699490369203038,0.09579459078113961,0.14940076485859052,0.596814771415758,-0.06795934454675812,-0.07702368625268208,0.75,1.0512720650881826,1.1304663463848692,0.1037485634510047,0.8888888888888887
capall_rank_lightgbm,0.0,holdout_2025_2026,18,1.1470517936635596,-0.12280852134116271,0.6642874849847793,-0.08364672551481533,0.7479342104995946,0.4182750679255497,1.4062129166931983,-0.09069822301287611,-0.34737666250868915,0.6666666666666666,1.5080960622944244,0.434302310124708,0.8181066477415124,0.8703703703703702
capall_rank_lightgbm,25.0,train_2021,12,-0.2229910167975785,0.1311417024200292,-0.2229910167975785,0.1311417024200292,-0.3541327192176077,0.2669479179306172,-0.7901618847732584,-0.2637824142149565,-0.04715517979147299,0.25,-1.1884834193883749,-0.07018946999744208,-0.1842763870932035,0.638888888888889
capall_rank_lightgbm,25.0,validation_2022_2023,24,0.1298775236132126,0.08698189041321247,0.06295697166593373,0.04258423660307309,0.020372735062860636,0.23116783665533935,0.3762299791091981,-0.19504674477328965,-0.08239866000360974,0.5,0.17418363060886094,0.21588930378763477,0.08000624023837188,0.8055555555555555
capall_rank_lightgbm,25.0,holdout_2024,12,0.053802486585670106,-0.013699490369203038,0.053802486585670106,-0.013699490369203038,0.06750197695487314,0.14901403657216514,0.41940959455511245,-0.07197291806327999,-0.07702368625268208,0.6666666666666666,0.7739660664822776,1.134251656854034,0.07494329255430987,0.8888888888888887
capall_rank_lightgbm,25.0,holdout_2025_2026,18,1.0678273531813995,-0.12280852134116271,0.623090928893667,-0.08364672551481533,0.7067376544084824,0.41792444301809645,1.3449146168083386,-0.09236488967954293,-0.34737666250868915,0.6666666666666666,1.447848771307395,0.433534927581309,0.7733776233702063,0.8703703703703702
capall_rank_lightgbm,50.0,train_2021,12,-0.2381192924252834,0.1311417024200292,-0.2381192924252834,0.1311417024200292,-0.3692609948453126,0.26689651641577133,-0.8621271634605095,-0.27458868242005363,-0.04715517979147299,0.25,-1.2563482313493382,-0.06718412197984316,-0.2003504036119358,0.638888888888889
capall_rank_lightgbm,50.0,validation_2022_2023,24,0.07663878767776477,0.08698189041321247,0.037612060298917616,0.04258423660307309,-0.004972176304155473,0.2311092767619311,0.2717571729220853,-0.1975467447732896,-0.08239866000360974,0.5,0.07335561866016799,0.20765253256549288,0.0547473467520998,0.8055555555555555
capall_rank_lightgbm,50.0,holdout_2024,12,0.026186205839660914,-0.013699490369203038,0.026186205839660914,-0.013699490369203038,0.03988569620886395,0.1486500869754202,0.24104425852781797,-0.07597815824646847,-0.07702368625268208,0.6666666666666666,0.49003485510071937,1.138036967323199,0.0468286318526101,0.8888888888888887
capall_rank_lightgbm,50.0,holdout_2025_2026,18,0.9913613249154571,-0.12280852134116271,0.5828267410375574,-0.08364672551481533,0.6664734665523727,0.41758089321704484,1.2834916293615841,-0.09403155634620952,-0.34737666250868915,0.6666666666666666,1.387512923099118,0.4327675450379101,0.7296593966176066,0.8703703703703702
capall_rank_lightgbm,100.0,train_2021,12,-0.2675892992751068,0.1311417024200292,-0.2675892992751068,0.1311417024200292,-0.398731001695136,0.2669036938126773,-1.0057263207333087,-0.2957903097121838,-0.04715517979147299,0.16666666666666666,-1.3917754560410205,-0.061173425944645414,-0.2316307520502835,0.638888888888889
capall_rank_lightgbm,100.0,validation_2022_2023,24,-0.02274745940437095,0.08698189041321247,-0.011439156856984822,0.04258423660307309,-0.05402339346005791,0.231057197404057,0.06263501210156522,-0.2025467447732896,-0.08239866000360974,0.4583333333333333,-0.12778973658580245,0.19117899012120892,0.005846680146100347,0.8055555555555555
capall_rank_lightgbm,100.0,holdout_2024,12,-0.02707568337650168,-0.013699490369203038,-0.02707568337650168,-0.013699490369203038,-0.013376193007298642,0.14799118556032637,-0.11826436332664579,-0.08396363861284573,-0.07702368625268208,0.5833333333333334,-0.09760513275631104,1.145607588261529,-0.007388902568948197,0.8888888888888887
capall_rank_lightgbm,100.0,holdout_2025_2026,18,0.8463460798018485,-0.12280852134116271,0.5050193110033276,-0.08364672551481533,0.588666036518143,0.41691508853500403,1.1602826861052156,-0.09736488967954293,-0.34737666250868915,0.6666666666666666,1.2665868681664965,0.4312327799511122,0.6451724881727414,0.8703703703703702
capall_raw_ensemble,0.0,train_2021,12,0.18873670700821044,0.1311417024200292,0.18873670700821044,0.1311417024200292,0.05759500458818123,0.7390112688736715,0.5308257188934693,-0.31772562015034056,-0.04715517979147299,0.3333333333333333,0.3804549070560765,4.095077538213046,-0.1235221454739257,0.9444444444444443
capall_raw_ensemble,0.0,validation_2022_2023,24,-0.17494484067800653,0.08698189041321247,-0.0916745300708598,0.04258423660307309,-0.13425876667393288,0.6299960275698605,0.1037394278245543,-0.43375719767844645,-0.08239866000360974,0.4166666666666667,0.03245177396662779,1.2756634507724942,0.007723250830165451,0.9444444444444443
capall_raw_ensemble,0.0,holdout_2024,12,2.0175529998391015,-0.013699490369203038,2.0175529998391015,-0.013699490369203038,2.0312524902083045,1.9094748014511471,1.0423920708962768,-0.2878603899466793,-0.07702368625268208,0.6666666666666666,1.0826168728463577,11.408686252921816,5.872015014469152,0.8888888888888888
capall_raw_ensemble,0.0,holdout_2025_2026,18,-0.2399411328358605,-0.12280852134116271,-0.16715377797555764,-0.08364672551481533,-0.0835070524607423,0.7277977809816264,0.05968084507440383,-0.4847849504039864,-0.34737666250868915,0.3888888888888889,0.14926848157030656,1.1273224439731004,0.11316221328783937,0.8888888888888888
capall_raw_ensemble,25.0,train_2021,12,0.15494873058541248,0.1311417024200292,0.15494873058541248,0.1311417024200292,0.02380702816538327,0.7397942424559573,0.49196497329941813,-0.3298178787575996,-0.04715517979147299,0.3333333333333333,0.3393020621707629,4.097060533754069,-0.14852173591330942,0.9444444444444443
capall_raw_ensemble,25.0,validation_2022_2023,24,-0.2217022700147201,0.08698189041321247,-0.1177881603689056,0.04258423660307309,-0.1603723969719787,0.630494473613013,0.05871914132149814,-0.4426899517475912,-0.08239866000360974,0.4166666666666667,-0.013154676815918842,1.2732458122266792,-0.0203359669782478,0.9444444444444443
capall_raw_ensemble,25.0,holdout_2024,12,1.9407802728841728,-0.013699490369203038,1.9407802728841728,-0.013699490369203038,1.9544797632533757,1.9101277562773475,1.0280750695803809,-0.2920961380365098,-0.07702368625268208,0.6666666666666666,1.0678172179588068,11.41790935736513,5.718033200432247,0.8888888888888888
capall_raw_ensemble,25.0,holdout_2025_2026,18,-0.270572611040664,-0.12280852134116271,-0.18968344651147495,-0.08364672551481533,-0.10603672099665962,0.7276526478967448,0.02304522630964454,-0.49108598833063755,-0.34737666250868915,0.3888888888888889,0.10963904176445337,1.1259791372975738,0.08401324052678905,0.8888888888888888
capall_raw_ensemble,50.0,train_2021,12,0.12203824108847239,0.1311417024200292,0.12203824108847239,0.1311417024200292,-0.009103461331556817,0.7405780931625094,0.45318586183176235,-0.3417270135654229,-0.04715517979147299,0.3333333333333333,0.2982442162303551,4.099043529295091,-0.17286612851934136,0.9444444444444443
capall_raw_ensemble,50.0,validation_2022_2023,24,-0.26591930237532246,0.08698189041321247,-0.14321490581086926,0.04258423660307309,-0.18579914241394235,0.6309944399265603,0.013769948220437712,-0.4515061934707081,-0.08239866000360974,0.4166666666666667,-0.0586827786682112,1.2708281736808635,-0.0476773364301486,0.9444444444444443
capall_raw_ensemble,50.0,holdout_2024,12,1.865782457646863,-0.013699490369203038,1.865782457646863,-0.013699490369203038,1.8794819480160658,1.9107823381883247,1.0137669898666748,-0.29631938612634035,-0.07702368625268208,0.6666666666666666,1.053026541521744,11.42713246180844,5.567220074888181,0.8888888888888888
capall_raw_ensemble,50.0,holdout_2025_2026,18,-0.30003899724606087,-0.12280852134116271,-0.21165576433849853,-0.08364672551481533,-0.1280090388236832,0.727510181062187,-0.013604959736265064,-0.4998771292918801,-0.34737666250868915,0.3333333333333333,0.0700052446902491,1.1246358306220472,0.055565481592711796,0.8888888888888888
capall_raw_ensemble,100.0,train_2021,12,0.058767592393641266,0.1311417024200292,0.058767592393641266,0.1311417024200292,-0.07237411002638794,0.742148414828371,0.3758720616568571,-0.3650050949246909,-0.04715517979147299,0.3333333333333333,0.21641282326475655,4.103009520377132,-0.21965157495524323,0.9444444444444443
capall_raw_ensemble,100.0,validation_2022_2023,24,-0.34725388449890937,0.08698189041321247,-0.19207295162181215,0.04258423660307309,-0.23465718822488524,0.631998918921869,-0.07591453792886176,-0.46879395060116835,-0.08239866000360974,0.4166666666666667,-0.14950344671857804,1.2659928965892326,-0.10027311606858447,0.9444444444444443
capall_raw_ensemble,100.0,holdout_2024,12,1.7209644999661036,-0.013699490369203038,1.7209644999661036,-0.013699490369203038,1.7346639903353065,1.9120963765763135,0.9851777081002533,-0.3047283823060013,-0.07702368625268208,0.6666666666666666,1.0234722550641604,11.445578670695069,5.274863333783809,0.8888888888888888
capall_raw_ensemble,100.0,holdout_2025_2026,18,-0.35564180434580617,-0.12280852134116271,-0.2539781095037207,-0.08364672551481533,-0.17033138398890535,0.7272332523826195,-0.08694745440647098,-0.5293510493447979,-0.34737666250868915,0.3333333333333333,-0.00927336410016324,1.121949217270994,0.0007124340972382015,0.8888888888888888
capall_rank_ensemble,0.0,train_2021,12,-0.410181049234402,0.1311417024200292,-0.410181049234402,0.1311417024200292,-0.5413227516544312,0.35812340285044025,-1.257560669562185,-0.4662983160904579,-0.04715517979147299,0.25,-1.6009926793822638,0.37617309622253353,-0.3989576354965392,0.861111111111111
capall_rank_ensemble,0.0,validation_2022_2023,24,-0.19515670314711964,0.08698189041321247,-0.10286940925365817,0.04258423660307309,-0.14545364585673126,0.2225264051021919,-0.3721649728710867,-0.22754507055498807,-0.08239866000360974,0.4166666666666667,-0.6100883947775583,0.8826501612982278,-0.11604015094519082,0.8888888888888888
capall_rank_ensemble,0.0,holdout_2024,12,0.340551812351654,-0.013699490369203038,0.340551812351654,-0.013699490369203038,0.35425130272085703,0.4661098703389283,0.832797604959738,-0.2174661535913035,-0.07702368625268208,0.6666666666666666,0.8834888927362002,1.2100923889290442,0.48045073725834886,0.861111111111111
capall_rank_ensemble,0.0,holdout_2025_2026,18,0.3949066227194331,-0.12280852134116271,0.24842778036548108,-0.08364672551481533,0.3320745058802964,0.5940340604422055,0.5855358587513937,-0.12943388386357302,-0.34737666250868915,0.5,0.6269395094712649,-0.021788446742597188,0.40730382827147804,0.8518518518518517
capall_rank_ensemble,25.0,train_2021,12,-0.42585277295977175,0.1311417024200292,-0.42585277295977175,0.1311417024200292,-0.556994475379801,0.3575054031823561,-1.3319945247510672,-0.47405826861863243,-0.04715517979147299,0.25,-1.6752516955958725,0.37513038186502246,-0.41487728260296586,0.861111111111111
capall_rank_ensemble,25.0,validation_2022_2023,24,-0.2375289748800452,0.08698189041321247,-0.12680413129701829,0.04258423660307309,-0.16938836790009137,0.22265378535479047,-0.4917194648641026,-0.26029185466834526,-0.08239866000360974,0.4166666666666667,-0.7365940737068982,0.8817665843867188,-0.13952925701659025,0.8888888888888888
capall_rank_ensemble,25.0,holdout_2024,12,0.30695268193476544,-0.013699490369203038,0.30695268193476544,-0.013699490369203038,0.3206521723039685,0.46588287630706593,0.7777530979571757,-0.22191343629528593,-0.07702368625268208,0.5833333333333334,0.826567741434862,1.213213554624046,0.44389570262563915,0.861111111111111
capall_rank_ensemble,25.0,holdout_2025_2026,18,0.34248349121054966,-0.12280852134116271,0.2169497221174772,-0.08364672551481533,0.30059644763229254,0.5945913891592135,0.5420069883769437,-0.13880263952917504,-0.34737666250868915,0.5,0.5869566793786906,-0.021085439921316864,0.3727977383933998,0.8518518518518517
capall_rank_ensemble,50.0,train_2021,12,-0.4411429274801544,0.1311417024200292,-0.4411429274801544,0.1311417024200292,-0.5722846299001836,0.35689252462316784,-1.4066659801048826,-0.48172197984858334,-0.04715517979147299,0.25,-1.7497279479514556,0.3740876675075115,-0.4304095515101669,0.861111111111111
capall_rank_ensemble,50.0,validation_2022_2023,24,-0.27776430124724893,0.08698189041321247,-0.1501554855429429,0.04258423660307309,-0.19273972214601598,0.22279627147453251,-0.6110958049262242,-0.29586182538434724,-0.08239866000360974,0.4166666666666667,-0.8628352743823342,0.8808830074752101,-0.16244493764877754,0.8888888888888888
capall_rank_ensemble,50.0,holdout_2024,12,0.2741200254302405,-0.013699490369203038,0.2741200254302405,-0.013699490369203038,0.28781951579944354,0.46566702421676476,0.7226376348329198,-0.22634821899926827,-0.07702368625268208,0.5833333333333334,0.769548120719791,1.2163347203190478,0.4081697708767167,0.861111111111111
capall_rank_ensemble,50.0,holdout_2025_2026,18,0.29191684586966127,-0.12280852134116271,0.18619577861702497,-0.08364672551481533,0.2698425041318403,0.5951535039314659,0.4985556341976289,-0.14984247002469586,-0.34737666250868915,0.5,0.547025130257385,-0.02038243310003663,0.3390687993738477,0.8518518518518517
capall_rank_ensemble,100.0,train_2021,12,-0.4706121291334098,0.1311417024200292,-0.4706121291334098,0.1311417024200292,-0.601753831553439,0.355682236500918,-1.5567132197966593,-0.4967646295598691,-0.04715517979147299,0.25,-1.8993229398215246,0.37200223879248934,-0.460346136267495,0.861111111111111
capall_rank_ensemble,100.0,validation_2022_2023,24,-0.35223151332321245,0.08698189041321247,-0.19515934081534647,0.04258423660307309,-0.23774357741841956,0.22312644249012487,-0.849218936446811,-0.3621795526760784,-0.08239866000360974,0.3333333333333333,-1.114413173267321,0.8791158536521925,-0.20660678452973935,0.8888888888888888
capall_rank_ensemble,100.0,holdout_2024,12,0.2106913417057683,-0.013699490369203038,0.2106913417057683,-0.013699490369203038,0.22439083207497135,0.46526880708934326,0.6122092132394412,-0.23518028440723338,-0.07702368625268208,0.5833333333333334,0.6552300648768824,1.2225770517090513,0.3391370124049644,0.861111111111111
capall_rank_ensemble,100.0,holdout_2025_2026,18,0.19610803843524516,-0.12280852134116271,0.1268002622126736,-0.08364672551481533,0.21044698772748893,0.5962920373856281,0.411888816364566,-0.17157217360125865,-0.34737666250868915,0.5,0.4673188600285109,-0.01897641945747602,0.2738788904339253,0.8518518518518517
capall_rank_ensemble_volmanaged,0.0,train_2021,12,-0.2666174775936645,0.1311417024200292,-0.2666174775936645,0.1311417024200292,-0.3977591800136937,0.266773188251402,-1.0179288626017635,-0.3483871823103366,-0.04715517979147299,0.3333333333333333,-1.445628944256523,0.20557714524359763,-0.26035880290177715,0.687979384355836
capall_rank_ensemble_volmanaged,0.0,validation_2022_2023,24,-0.19515670314711964,0.08698189041321247,-0.10286940925365817,0.04258423660307309,-0.14545364585673126,0.2225264051021919,-0.3721649728710867,-0.22754507055498807,-0.08239866000360974,0.4166666666666667,-0.6100883947775583,0.8826501612982278,-0.11604015094519082,0.8888888888888888
capall_rank_ensemble_volmanaged,0.0,holdout_2024,12,0.3109311053998296,-0.013699490369203038,0.3109311053998296,-0.013699490369203038,0.32463059576903264,0.4593167912376759,0.7893170576542787,-0.2174661535913035,-0.07702368625268208,0.6666666666666666,0.8387321749127501,1.1907861826848072,0.443905835661788,0.8312051226543086
capall_rank_ensemble_volmanaged,0.0,holdout_2025_2026,18,0.4225785266293658,-0.12280852134116271,0.26488438890465105,-0.08364672551481533,0.3485311144194664,0.5757391446534711,0.6088268913557864,-0.12514571447939793,-0.34737666250868915,0.3888888888888889,0.6384082936473121,-0.11896233847986046,0.4034228202831418,0.6041523797902503
capall_rank_ensemble_volmanaged,25.0,train_2021,12,-0.2818873699607458,0.1311417024200292,-0.2818873699607458,0.1311417024200292,-0.413029072380775,0.26589586039434443,-1.0989095850786164,-0.3549144295081933,-0.04715517979147299,0.3333333333333333,-1.5242784603358628,0.20138695611125332,-0.2754636067837686,0.687979384355836
capall_rank_ensemble_volmanaged,25.0,validation_2022_2023,24,-0.2375289748800452,0.08698189041321247,-0.12680413129701829,0.04258423660307309,-0.16938836790009137,0.22265378535479047,-0.4917194648641026,-0.26029185466834526,-0.08239866000360974,0.4166666666666667,-0.7365940737068982,0.8817665843867188,-0.13952925701659025,0.8888888888888888
capall_rank_ensemble_volmanaged,25.0,holdout_2024,12,0.279128412336632,-0.013699490369203038,0.279128412336632,-0.013699490369203038,0.29282790270583503,0.4591113464634911,0.7353563075970387,-0.22191343629528593,-0.07702368625268208,0.5833333333333334,0.7828495638357927,1.192198904500107,0.40938742036313536,0.8312051226543086
capall_rank_ensemble_volmanaged,25.0,holdout_2025_2026,18,0.38487876782455577,-0.12280852134116271,0.24243736721043008,-0.08364672551481533,0.3260840927252454,0.5755975806588828,0.577488358962537,-0.133293686835656,-0.34737666250868915,0.3888888888888889,0.6103254905315548,-0.11691177530646099,0.3790503536930365,0.6041523797902503
capall_rank_ensemble_volmanaged,50.0,train_2021,12,-0.2968680349633901,0.1311417024200292,-0.2968680349633901,0.1311417024200292,-0.4280097373834193,0.265033459074237,-1.1803599901819173,-0.3613862504732158,-0.04715517979147299,0.3333333333333333,-1.6032471638922032,0.19719676697890876,-0.29028516608176025,0.687979384355836
capall_rank_ensemble_volmanaged,50.0,validation_2022_2023,24,-0.27776430124724893,0.08698189041321247,-0.1501554855429429,0.04258423660307309,-0.19273972214601598,0.22279627147453251,-0.6110958049262242,-0.29586182538434724,-0.08239866000360974,0.4166666666666667,-0.8628352743823342,0.8808830074752101,-0.16244493764877754,0.8888888888888888
capall_rank_ensemble_volmanaged,50.0,holdout_2024,12,0.24802678098468567,-0.013699490369203038,0.24802678098468567,-0.013699490369203038,0.2617262713538887,0.458918311217392,0.6813288186348982,-0.22634821899926827,-0.07702368625268208,0.5833333333333334,0.7268832738835359,1.193611626315407,0.37562695793352274,0.8312051226543086
capall_rank_ensemble_volmanaged,50.0,holdout_2025_2026,18,0.34811522120000316,-0.12280852134116271,0.22035075680752092,-0.08364672551481533,0.30399748232233625,0.5754630277009987,0.5461277540962896,-0.14217166736203046,-0.34737666250868915,0.3888888888888889,0.5822084122038569,-0.11486121213306155,0.35506644150051203,0.6041523797902503
capall_rank_ensemble_volmanaged,100.0,train_2021,12,-0.325981371665243,0.1311417024200292,-0.325981371665243,0.1311417024200292,-0.4571230740852722,0.2633540200638596,-1.34462976538664,-0.37416516336188255,-0.04715517979147299,0.3333333333333333,-1.7620956503410992,0.18881638871421993,-0.3190978236484807,0.687979384355836
capall_rank_ensemble_volmanaged,100.0,validation_2022_2023,24,-0.35223151332321245,0.08698189041321247,-0.19515934081534647,0.04258423660307309,-0.23774357741841956,0.22312644249012487,-0.849218936446811,-0.3621795526760784,-0.08239866000360974,0.3333333333333333,-1.114413173267321,0.8791158536521925,-0.20660678452973935,0.8888888888888888
capall_rank_ensemble_volmanaged,100.0,holdout_2024,12,0.1878712964433349,-0.013699490369203038,0.1878712964433349,-0.013699490369203038,0.20157078681253793,0.4585695309876183,0.5730907653336994,-0.23518028440723338,-0.07702368625268208,0.5833333333333334,0.6147185325953501,1.196437069946007,0.3103195235569942,0.8312051226543086
capall_rank_ensemble_volmanaged,100.0,holdout_2025_2026,18,0.2773103982111329,-0.12280852134116271,0.17723807106118739,-0.08364672551481533,0.2608847965760027,0.5752149743190459,0.48334483716373655,-0.15971064327367446,-0.34737666250868915,0.3888888888888889,0.5258744753330422,-0.11076008578626273,0.3082417959914485,0.6041523797902503
