model,top_k,cost_bps,period,months,strategy_total_return,benchmark_total_return,strategy_cagr,benchmark_cagr,excess_cagr,strategy_volatility,strategy_sharpe_rf0,strategy_max_drawdown,benchmark_max_drawdown,active_hit_rate,information_ratio,beta_to_benchmark,annualized_alpha_rf0,average_monthly_turnover
cap150_composite,1,25.0,validation,24,-0.8454373542372151,0.08698189041321247,-0.60685543910314,0.04258423660307309,-0.6494396757062131,0.9957394216612263,-0.3055679313494381,-0.9126876824552249,-0.08239866000360974,0.2916666666666667,-0.3551114842759348,2.1064607000379376,-0.3338748126161978,0.8333333333333334
cap150_composite,1,25.0,holdout_2024,12,0.7226127122624124,-0.013699490369203038,0.7226127122624124,-0.013699490369203038,0.7363122026316155,0.6219851913464243,1.141583894827999,-0.10827697767211653,-0.07702368625268208,0.5,1.133122270617558,-0.22125117316721435,0.9897225435783574,0.8333333333333334
cap150_composite,1,25.0,holdout_2025_2026,18,-0.8517092640999097,-0.12280852134116271,-0.7198379239631216,-0.08364672551481533,-0.6361911984483064,0.7709671568734286,-1.174302785911799,-0.864932246499479,-0.34737666250868915,0.2777777777777778,-1.2415018456466578,1.5380344226142415,-0.5712514990398601,0.7777777777777778
cap150_raw_ridge,1,25.0,validation,24,-0.7008794902613882,0.08698189041321247,-0.453080892874813,0.04258423660307309,-0.4956651294778861,0.5550619288862273,-0.8137213168683016,-0.7854913395032332,-0.08239866000360974,0.2916666666666667,-0.8707472206993333,-0.7209539606387926,-0.34725694504604165,0.9166666666666666
cap150_raw_ridge,1,25.0,holdout_2024,12,0.0020000157565192023,-0.013699490369203038,0.0020000157565192023,-0.013699490369203038,0.01569950612572224,0.44374552596531,0.22634094172170122,-0.3735244357629317,-0.07702368625268208,0.5833333333333334,0.24093056674539826,0.09853468672053532,0.10614415766489649,0.75
cap150_raw_ridge,1,25.0,holdout_2025_2026,18,-0.8973188056756484,-0.12280852134116271,-0.7807225657139917,-0.08364672551481533,-0.6970758401991763,0.7162100660176143,-1.587226095527827,-0.9044006627618346,-0.34737666250868915,0.2777777777777778,-1.7486763663027756,1.5723235527375639,-0.6656984132016046,0.8888888888888888
cap150_raw_lightgbm,1,25.0,validation,24,-0.39296078404957335,0.08698189041321247,-0.22087278577216507,0.04258423660307309,-0.26345702237523816,0.7661349769631174,0.08337495487086638,-0.7719139818090329,-0.08239866000360974,0.5,0.02497025381971647,2.4177368907505885,-0.04447103628235327,0.6666666666666666
cap150_raw_lightgbm,1,25.0,holdout_2024,12,-0.3136068869089965,-0.013699490369203038,-0.3136068869089965,-0.013699490369203038,-0.2999073965397935,1.0496389580633458,0.15849730699733394,-0.5919059569590915,-0.07702368625268208,0.5,0.17511954407186534,5.177090628150742,0.23380574549564304,0.9166666666666666
cap150_raw_lightgbm,1,25.0,holdout_2025_2026,18,-0.9255799762425194,-0.12280852134116271,-0.8230733710202139,-0.08364672551481533,-0.7394266455053986,1.1818217469201913,-0.7318056462589647,-0.94327983243416,-0.34737666250868915,0.3333333333333333,-0.7579186940900721,2.6220450225576513,-0.5217584742488561,0.9444444444444444
cap150_rank_ridge,1,25.0,validation,24,-0.7287737287278531,0.08698189041321247,-0.4792061144059515,0.04258423660307309,-0.5217903510090246,0.5007023054326227,-0.8665431498906665,-0.7768763467478157,-0.08239866000360974,0.3333333333333333,-0.906708728647017,-1.4851771649515133,-0.3109711587395091,0.7916666666666666
cap150_rank_ridge,1,25.0,holdout_2024,12,0.2362653752025632,-0.013699490369203038,0.2362653752025632,-0.013699490369203038,0.24996486557176623,0.16374686960380158,1.3796984198193478,-0.08834020635637252,-0.07702368625268208,0.5833333333333334,1.4014197146696035,0.4426364945192416,0.2556408554425462,0.75
cap150_rank_ridge,1,25.0,holdout_2025_2026,18,0.5114222837646469,-0.12280852134116271,0.3170144722802726,-0.08364672551481533,0.4006611977950879,0.7612835037018952,0.6213988273071889,-0.33408379362339635,-0.34737666250868915,0.4444444444444444,0.7649509790606367,1.3096376125162,0.7084211395163102,0.5555555555555556
cap150_rank_lightgbm,1,25.0,validation,24,3.179826070849672,0.08698189041321247,1.0444622938194952,0.04258423660307309,1.001878057216422,0.6510914610464223,1.3822532451884457,-0.27135247548733,-0.08239866000360974,0.7916666666666666,1.3238174088118597,0.9884703138629454,1.2845968393769756,0.8333333333333334
cap150_rank_lightgbm,1,25.0,holdout_2024,12,0.7154964371731893,-0.013699490369203038,0.7154964371731893,-0.013699490369203038,0.7291959275423924,0.6732966844316197,1.0989318663846033,-0.37113882021017874,-0.07702368625268208,0.5833333333333334,1.1952516179974808,3.317801538576412,1.1074534004674423,0.9166666666666666
cap150_rank_lightgbm,1,25.0,holdout_2025_2026,18,1.1585019155586713,-0.12280852134116271,0.6701992805409231,-0.08364672551481533,0.7538460060557385,0.9423768596038155,0.9045456121392512,-0.5205424942674863,-0.34737666250868915,0.6666666666666666,1.0562583938023316,1.6955513561775397,1.492774206728059,0.6111111111111112
cap150_raw_ensemble,1,25.0,validation,24,-0.512130452304761,0.08698189041321247,-0.30152340934342037,0.04258423660307309,-0.34410764594649346,0.865374192450878,0.002678927140889302,-0.76317429207484,-0.08239866000360974,0.4166666666666667,-0.04982188365947912,1.0635576001175882,-0.044806624943765194,0.75
cap150_raw_ensemble,1,25.0,holdout_2024,12,-0.6717570972382397,-0.013699490369203038,-0.6717570972382397,-0.013699490369203038,-0.6580576068690367,1.0830552469455936,-0.3845764192452644,-0.8100086686894067,-0.07702368625268208,0.5,-0.39273295227541893,4.90513195989,-0.3156283247494286,0.75
cap150_raw_ensemble,1,25.0,holdout_2025_2026,18,-0.8571788295793059,-0.12280852134116271,-0.7267699938692355,-0.08364672551481533,-0.6431232683544201,1.163142627392992,-0.5552668404529641,-0.9306320397038194,-0.34737666250868915,0.16666666666666666,-0.5398621129734255,1.8286943743306143,-0.42548896552702675,1.0
cap150_rank_ensemble,1,25.0,validation,24,0.3747263748462868,0.08698189041321247,0.17248725999316794,0.04258423660307309,0.12990302339009485,0.18616631741907752,0.9489925888774808,-0.17726619526355913,-0.08239866000360974,0.5416666666666666,0.7674691931416231,0.8703884550303986,0.14631156107708665,0.4583333333333333
cap150_rank_ensemble,1,25.0,holdout_2024,12,-0.15365993293042246,-0.013699490369203038,-0.15365993293042246,-0.013699490369203038,-0.13996044256121942,0.17053165173956783,-0.8876443862482218,-0.21393169800651557,-0.07702368625268208,0.4166666666666667,-0.9540203818064117,0.8120813943478327,-0.13505906456402672,0.3333333333333333
cap150_rank_ensemble,1,25.0,holdout_2025_2026,18,-0.08750325824122651,-0.12280852134116271,-0.05922114358417174,-0.08364672551481533,0.02442558193064359,0.32373489234904934,-0.03693473885502084,-0.30461758245810955,-0.34737666250868915,0.5555555555555556,0.20400324664879532,0.9566605667295502,0.04340624982376595,0.7777777777777778
cap150_rank_ensemble_volmanaged,1,25.0,validation,24,0.3747263748462868,0.08698189041321247,0.17248725999316794,0.04258423660307309,0.12990302339009485,0.18616631741907752,0.9489925888774808,-0.17726619526355913,-0.08239866000360974,0.5416666666666666,0.7674691931416231,0.8703884550303986,0.14631156107708665,0.4583333333333333
cap150_rank_ensemble_volmanaged,1,25.0,holdout_2024,12,-0.13735610922248498,-0.013699490369203038,-0.13735610922248498,-0.013699490369203038,-0.12365661885328194,0.16917160651140756,-0.7846114499130893,-0.1987889445002634,-0.07702368625268208,0.4166666666666667,-0.8321076276700861,0.7976704472373849,-0.11871385627727526,0.3600123375026227
cap150_rank_ensemble_volmanaged,1,25.0,holdout_2025_2026,18,-0.10206429755415569,-0.12280852134116271,-0.06925618310016746,-0.08364672551481533,0.014390542414647878,0.21024686269761783,-0.23823963136995288,-0.2225491488196768,-0.34737666250868915,0.4444444444444444,0.039194207174488925,0.6073172671448527,-0.015366978544667842,0.5421122969933205
cap300_composite,1,25.0,validation,24,-0.24503259143181744,0.08698189041321247,-0.1311113946148318,0.04258423660307309,-0.17369563121790488,1.1968855752505703,0.30156804569209184,-0.5791164939144315,-0.08239866000360974,0.375,0.2603236096364669,-2.1881812330970227,0.5702819643060193,0.7916666666666666
cap300_composite,1,25.0,holdout_2024,12,1.234586762228631,-0.013699490369203038,1.234586762228631,-0.013699490369203038,1.248286252597834,0.5626514712010119,1.7026884258891273,-0.10887541472981521,-0.07702368625268208,0.6666666666666666,1.6394096311120643,-0.9433531038425382,1.4942892820903828,0.6666666666666666
cap300_composite,1,25.0,holdout_2025_2026,18,-0.513073538257168,-0.12280852134116271,-0.381068977696704,-0.08364672551481533,-0.29742225218188867,1.3007448083219324,0.19302467662857822,-0.8119949233965813,-0.34737666250868915,0.4444444444444444,0.24992156015833453,1.9047940362986016,0.42525686273826957,0.7222222222222222
cap300_raw_ridge,1,25.0,validation,24,-0.5476616039077906,0.08698189041321247,-0.32743892761161875,0.04258423660307309,-0.37002316421469184,0.5359154761631084,-0.48130334749030096,-0.6687005951972294,-0.08239866000360974,0.375,-0.567218102759216,0.6109724006992832,-0.2509922805881257,0.9583333333333334
cap300_raw_ridge,1,25.0,holdout_2024,12,0.6287426632000304,-0.013699490369203038,0.6287426632000304,-0.013699490369203038,0.6424421535692334,0.4873237594964255,1.2279478098703702,-0.13657766439807983,-0.07702368625268208,0.5833333333333334,1.2748377437021787,0.9908523814387425,0.8080949779077735,0.9166666666666666
cap300_raw_ridge,1,25.0,holdout_2025_2026,18,1.8528531503937882,-0.12280852134116271,1.0114980291312623,-0.08364672551481533,1.0951447546460775,2.2619520369172603,0.8732787621606515,-0.707953386141646,-0.34737666250868915,0.4444444444444444,0.9176181059014689,2.220527953022662,5.936577833955194,0.9444444444444444
cap300_raw_lightgbm,1,25.0,validation,24,-0.9437317394027664,0.08698189041321247,-0.7627906818920607,0.04258423660307309,-0.8053749184951338,0.8667923468952499,-0.8993356154518969,-0.9421830728718689,-0.08239866000360974,0.375,-0.9436244243598503,-0.37591716774045336,-0.5451793299454928,0.3333333333333333
cap300_raw_lightgbm,1,25.0,holdout_2024,12,1.7474681940025505,-0.013699490369203038,1.7474681940025505,-0.013699490369203038,1.7611676843717534,1.3546013446420284,1.2555172292349566,-0.49503610980519785,-0.07702368625268208,0.5833333333333334,1.2556132555980575,-0.36772309522380847,3.8923316783333624,0.8333333333333334
cap300_raw_lightgbm,1,25.0,holdout_2025_2026,18,0.11957734455439795,-0.12280852134116271,0.07820845822318523,-0.08364672551481533,0.16185518373800056,1.1467825785156114,0.5024503098771204,-0.7087679561300603,-0.34737666250868915,0.3888888888888889,0.5085510621510018,-1.4152182986763218,0.6251256107561027,0.6111111111111112
cap300_rank_ridge,1,25.0,validation,24,1.7489737791086855,0.08698189041321247,0.6580029490651353,0.04258423660307309,0.6154187124620623,0.5335111212548448,1.156479963684146,-0.12720843204332788,-0.08239866000360974,0.5,1.013623137844669,-1.8415828603822226,0.9749929697166273,0.75
cap300_rank_ridge,1,25.0,holdout_2024,12,0.33999294273715885,-0.013699490369203038,0.33999294273715885,-0.013699490369203038,0.3536924331063619,0.3387941728179527,1.0218698399791115,-0.09633347408205484,-0.07702368625268208,0.5,1.034783746506845,0.3650090846383407,0.41118137213730566,0.8333333333333334
cap300_rank_ridge,1,25.0,holdout_2025_2026,18,1.5560765558679526,-0.12280852134116271,0.869458827020666,-0.08364672551481533,0.9531055525354813,0.39213298377936145,1.8007716592260707,-0.1288157894736841,-0.34737666250868915,0.6666666666666666,1.882133990692696,0.41340893903482745,1.0306938844701587,0.7777777777777778
cap300_rank_lightgbm,1,25.0,validation,24,-0.6556133108351819,0.08698189041321247,-0.41315531086596846,0.04258423660307309,-0.45573954746904155,0.6144932487468224,-0.2391415462473692,-0.795696647999613,-0.08239866000360974,0.5,-0.3041425521679192,-1.0017770534173733,-0.09706451719923104,0.75
cap300_rank_lightgbm,1,25.0,holdout_2024,12,-0.07210815158324801,-0.013699490369203038,-0.07210815158324801,-0.013699490369203038,-0.05840866121404498,0.19313474063312983,-0.2929182075180311,-0.18834453279248453,-0.07702368625268208,0.5833333333333334,-0.2828666163900576,0.906182668020095,-0.047525204780984875,0.5833333333333334
cap300_rank_lightgbm,1,25.0,holdout_2025_2026,18,2.03613179253696,-0.12280852134116271,1.0967520662700867,-0.08364672551481533,1.180398791784902,0.8935173882111704,1.1879987272788757,-0.43516240725702116,-0.34737666250868915,0.5555555555555556,1.2995549232315993,0.9692697640592673,1.9089457718418084,0.7222222222222222
cap300_raw_ensemble,1,25.0,validation,24,-0.5505986427917275,0.08698189041321247,-0.3296259572385932,0.04258423660307309,-0.3722101938416663,0.6239022013706579,-0.3234809443818283,-0.7533950623705838,-0.08239866000360974,0.4583333333333333,-0.38580653179995616,-0.9425045770437691,-0.14809941243489966,1.0
cap300_raw_ensemble,1,25.0,holdout_2024,12,-0.4904706883185793,-0.013699490369203038,-0.4904706883185793,-0.013699490369203038,-0.4767711979493763,0.5151842250280131,-1.0313118407497301,-0.5640995615739706,-0.07702368625268208,0.3333333333333333,-1.1000359609001777,2.340018958355251,-0.40660558130691804,1.0
cap300_raw_ensemble,1,25.0,holdout_2025_2026,18,0.14825979574472758,-0.12280852134116271,0.09654579218107906,-0.08364672551481533,0.1801925176958944,2.142443187137356,0.5351628971962831,-0.7521829707365206,-0.34737666250868915,0.4444444444444444,0.5699049214071032,1.5603205108118456,2.24117720305749,0.8888888888888888
cap300_rank_ensemble,1,25.0,validation,24,-0.09544959109708295,0.08698189041321247,-0.048921449667317374,0.04258423660307309,-0.09150568627039046,0.3038560615430775,-0.013093882615036894,-0.30127574762435405,-0.08239866000360974,0.375,-0.1476815310170787,-0.7940734341789693,0.032384036180685305,0.7916666666666666
cap300_rank_ensemble,1,25.0,holdout_2024,12,0.6883874340431244,-0.013699490369203038,0.6883874340431244,-0.013699490369203038,0.7020869244123275,0.45769750481462723,1.3571773184261988,-0.10452229317902695,-0.07702368625268208,0.5833333333333334,1.4330636421741503,1.250602135235964,0.8516911030233205,0.75
cap300_rank_ensemble,1,25.0,holdout_2025_2026,18,0.7823275026149834,-0.12280852134116271,0.4700259650461376,-0.08364672551481533,0.5536726905609529,0.5235031850772981,0.9716351394298265,-0.40052944311579075,-0.34737666250868915,0.5555555555555556,1.3152216830173145,1.2255978435757906,0.7594349355388046,0.8333333333333334
cap300_rank_ensemble_volmanaged,1,25.0,validation,24,-0.09544959109708295,0.08698189041321247,-0.048921449667317374,0.04258423660307309,-0.09150568627039046,0.3038560615430775,-0.013093882615036894,-0.30127574762435405,-0.08239866000360974,0.375,-0.1476815310170787,-0.7940734341789693,0.032384036180685305,0.7916666666666666
cap300_rank_ensemble_volmanaged,1,25.0,holdout_2024,12,0.6177132675610773,-0.013699490369203038,0.6177132675610773,-0.013699490369203038,0.6314127579302803,0.44596791771717154,1.2830506518773575,-0.10452229317902695,-0.07702368625268208,0.5833333333333334,1.358769069930873,1.242015357555279,0.7672252454117281,0.7084745336151199
cap300_rank_ensemble_volmanaged,1,25.0,holdout_2025_2026,18,0.3719444129779297,-0.12280852134116271,0.23468927854834098,-0.08364672551481533,0.3183360040631563,0.32623860610701194,0.7924528065752269,-0.26657146327205317,-0.34737666250868915,0.6111111111111112,1.1014543398914471,0.6985072910508219,0.342710730421832,0.5513204717320402
cap500_composite,1,25.0,validation,24,0.21862607396634592,0.08698189041321247,0.10391397942337233,0.04258423660307309,0.06132974282029924,1.1776273960720798,0.49248072683821253,-0.5791164939144314,-0.08239866000360974,0.4166666666666667,0.44328982540090567,-4.272581227644249,1.1152981432114784,0.7083333333333334
cap500_composite,1,25.0,holdout_2024,12,0.742906504201049,-0.013699490369203038,0.742906504201049,-0.013699490369203038,0.756605994570252,0.4196048442660687,1.5343581903932755,-0.10887541472981521,-0.07702368625268208,0.6666666666666666,1.422506810840284,-1.0913923050770495,0.855254898890335,0.5
cap500_composite,1,25.0,holdout_2025_2026,18,0.504891854516488,-0.12280852134116271,0.3132181031881289,-0.08364672551481533,0.39686482870294426,1.7318089367696021,0.8449256660812525,-0.7107771082151437,-0.34737666250868915,0.5,0.9116609562104575,2.2790302177456776,3.463360933633693,0.7222222222222222
cap500_raw_ridge,1,25.0,validation,24,-0.6081272611509863,0.08698189041321247,-0.37400260475860314,0.04258423660307309,-0.41658684136167623,0.5971537111898069,-0.495553459336532,-0.4669576366727326,-0.08239866000360974,0.4166666666666667,-0.578852582822807,1.1491708172024766,-0.29742647131287225,0.9166666666666666
cap500_raw_ridge,1,25.0,holdout_2024,12,-0.7197166323169403,-0.013699490369203038,-0.7197166323169403,-0.013699490369203038,-0.7060171419477372,0.6542180445652512,-1.4989436106136766,-0.7576771312899409,-0.07702368625268208,0.25,-1.48440282254634,0.4711754515505709,-0.6388685296796339,0.9166666666666666
cap500_raw_ridge,1,25.0,holdout_2025_2026,18,-0.7727657330667983,-0.12280852134116271,-0.6276232569868292,-0.08364672551481533,-0.5439765314720137,0.8162590958472932,-0.5816382648501296,-0.8625965657042332,-0.34737666250868915,0.5555555555555556,-0.468997905209361,-0.5360970646230021,-0.4032573545815067,0.9444444444444444
cap500_raw_lightgbm,1,25.0,validation,24,1.1478760455651917,0.08698189041321247,0.46556338845004985,0.04258423660307309,0.42297915184697676,2.000646771647206,0.7776453889022167,-0.8615001281182774,-0.08239866000360974,0.5,0.7645038937142243,7.356767811911151,2.2054717945753133,0.4166666666666667
cap500_raw_lightgbm,1,25.0,holdout_2024,12,-0.481099675704584,-0.013699490369203038,-0.481099675704584,-0.013699490369203038,-0.46740018533538097,1.5389046051209618,0.33851707133194736,-0.780252406291173,-0.07702368625268208,0.5833333333333334,0.3533063713565537,6.04811559355456,0.7522302148994118,0.8333333333333334
cap500_raw_lightgbm,1,25.0,holdout_2025_2026,18,-0.0968323572428017,-0.12280852134116271,-0.06564428424054991,-0.08364672551481533,0.018002441274265424,1.244188941678858,0.41213256268219833,-0.6698617596793593,-0.34737666250868915,0.4444444444444444,0.4406001227149855,-0.511898853290347,0.6065770498967065,0.6111111111111112
cap500_rank_ridge,1,25.0,validation,24,-0.4680870006123242,0.08698189041321247,-0.270676341129896,0.04258423660307309,-0.3132605777329691,0.31063095975764826,-0.847604841572967,-0.37565206460149647,-0.08239866000360974,0.25,-0.8767045670074529,-1.405083787296272,-0.18246775484530708,0.9583333333333334
cap500_rank_ridge,1,25.0,holdout_2024,12,0.1397108341548161,-0.013699490369203038,0.1397108341548161,-0.013699490369203038,0.15341032452401915,0.17458758388541867,0.8302257802211682,-0.09658653793246919,-0.07702368625268208,0.5,0.8075989889774025,0.23345857553700777,0.15732324149836985,0.8333333333333334
cap500_rank_ridge,1,25.0,holdout_2025_2026,18,4.310638381591831,-0.12280852134116271,2.043905415360087,-0.08364672551481533,2.127552140874902,1.6808214266090837,1.074553868050037,-0.17944769995930387,-0.34737666250868915,0.7222222222222222,1.0963607686219823,-0.010741044655329813,4.375992556757144,0.8333333333333334
cap500_rank_lightgbm,1,25.0,validation,24,-0.1691626199444296,0.08698189041321247,-0.08849718593107436,0.04258423660307309,-0.13108142253414745,0.14519583346266324,-0.564074738214286,-0.18715397685504698,-0.08239866000360974,0.4583333333333333,-0.7494842099515386,-0.03522787794250133,-0.07741794102875654,0.8333333333333334
cap500_rank_lightgbm,1,25.0,holdout_2024,12,0.14018188044747948,-0.013699490369203038,0.14018188044747948,-0.013699490369203038,0.15388137081668252,0.29023345020341745,0.5843313460026034,-0.11508277959337943,-0.07702368625268208,0.6666666666666666,0.6629551628758652,1.0466495414039383,0.1942161445972337,0.8333333333333334
cap500_rank_lightgbm,1,25.0,holdout_2025_2026,18,2.209557455149592,-0.12280852134116271,1.1758557645699952,-0.08364672551481533,1.2595024900848104,0.5244189684230767,1.7226246957324123,-0.06416263033558878,-0.34737666250868915,0.6666666666666666,1.9331467216574616,0.7297916422134216,1.4833484825932528,0.8888888888888888
cap500_raw_ensemble,1,25.0,validation,24,-0.7434777376204996,0.08698189041321247,-0.49351973150032746,0.04258423660307309,-0.5361039681034006,1.036518346649248,-0.1662500867674587,-0.7167503422102155,-0.08239866000360974,0.4166666666666667,-0.21365755747300347,3.140954083838514,-0.2727463655102238,0.9166666666666666
cap500_raw_ensemble,1,25.0,holdout_2024,12,-0.3931869607393804,-0.013699490369203038,-0.3931869607393804,-0.013699490369203038,-0.3794874703701774,1.0750352858769687,0.26776952693962225,-0.765249503739931,-0.07702368625268208,0.5,0.27137779788749905,-1.320030516196379,0.31403979810423377,0.8333333333333334
cap500_raw_ensemble,1,25.0,holdout_2025_2026,18,-0.1131869183083537,-0.12280852134116271,-0.07695814596101469,-0.08364672551481533,0.006688579553800644,1.022385742864548,0.3480320178916212,-0.4453571428571428,-0.34737666250868915,0.4444444444444444,0.40975523632212946,0.7465979727827531,0.47979576020399994,0.8888888888888888
cap500_rank_ensemble,1,25.0,validation,24,0.5144162359258477,0.08698189041321247,0.23061620171597275,0.04258423660307309,0.18803196511289966,0.1918852301819402,1.1726749515337085,-0.07722965450890051,-0.08239866000360974,0.5,0.7754161605218589,-0.6822748409198992,0.2880997052286043,0.7916666666666666
cap500_rank_ensemble,1,25.0,holdout_2024,12,0.401106669379965,-0.013699490369203038,0.401106669379965,-0.013699490369203038,0.414806159749168,0.3021851908060127,1.2640087086519063,-0.1150827795933792,-0.07702368625268208,0.5833333333333334,1.4415172078516052,1.3243900800123962,0.47301150565320915,0.9166666666666666
cap500_rank_ensemble,1,25.0,holdout_2025_2026,18,0.3771303459448996,-0.12280852134116271,0.2377987284882661,-0.08364672551481533,0.32144545400308144,0.381540704661518,0.7291208716865694,-0.30764817645649867,-0.34737666250868915,0.5555555555555556,0.9585515119555518,0.6897709476562374,0.3680327735679152,1.0
cap500_rank_ensemble_volmanaged,1,25.0,validation,24,0.5144162359258477,0.08698189041321247,0.23061620171597275,0.04258423660307309,0.18803196511289966,0.1918852301819402,1.1726749515337085,-0.07722965450890051,-0.08239866000360974,0.5,0.7754161605218589,-0.6822748409198992,0.2880997052286043,0.7916666666666666
cap500_rank_ensemble_volmanaged,1,25.0,holdout_2024,12,0.3337667605674659,-0.013699490369203038,0.3337667605674659,-0.013699490369203038,0.34746625093666894,0.26701319774969906,1.2089005361831058,-0.10014876241000858,-0.07702368625268208,0.5833333333333334,1.4014614596763053,1.2079808216593784,0.38941311432099424,0.886760678209864
cap500_rank_ensemble_volmanaged,1,25.0,holdout_2025_2026,18,0.18768531552083823,-0.12280852134116271,0.12150425233200068,-0.08364672551481533,0.20515097784681602,0.2129332083512763,0.6390498435834898,-0.19627930731834153,-0.34737666250868915,0.6111111111111112,0.764471132364159,0.3498009447953258,0.16766462632999923,0.6852717788832241
capall_composite,1,25.0,validation,24,-0.4198192432304737,0.08698189041321247,-0.23830402602512968,0.04258423660307309,-0.28088826262820277,1.1340109078790752,0.16340336354777835,-0.7607148306383572,-0.08239866000360974,0.375,0.12013654554945294,-4.659920011782161,0.4762955853677404,0.5416666666666666
capall_composite,1,25.0,holdout_2024,12,1.0156894840891497,-0.013699490369203038,1.0156894840891497,-0.013699490369203038,1.0293889744583526,0.39925890585805673,1.976108785981801,-0.05596094630807047,-0.07702368625268208,0.75,1.882957950594475,-0.4294865973641338,1.1395091820409116,0.5
capall_composite,1,25.0,holdout_2025_2026,18,-0.7182042602014092,-0.12280852134116271,-0.5701770352556838,-0.08364672551481533,-0.4865303097408684,1.3364739265700736,-0.02668274261198758,-0.8806237958178447,-0.34737666250868915,0.3888888888888889,0.016722125209880746,1.7931997357448128,0.06860631756339663,0.6666666666666666
capall_raw_ridge,1,25.0,validation,24,-0.9881120513203455,0.08698189041321247,-0.8909681299818513,0.04258423660307309,-0.9335523665849244,0.9465733516879379,-1.524349408634837,-0.9835976876166573,-0.08239866000360974,0.375,-1.5425971732814538,-1.912289389327514,-0.7629437703120459,0.9583333333333334
capall_raw_ridge,1,25.0,holdout_2024,12,0.6380872013757364,-0.013699490369203038,0.6380872013757364,-0.013699490369203038,0.6517866917449394,0.7341576738529909,1.0025567660005987,-0.4566077450214836,-0.07702368625268208,0.4166666666666667,1.0697368753959544,3.004898197834978,1.0943643193965555,1.0
capall_raw_ridge,1,25.0,holdout_2025_2026,18,-0.46106437351534535,-0.12280852134116271,-0.3377459913195353,-0.08364672551481533,-0.25409926580472,0.9462849173725549,-0.017770398786100185,-0.6823198675944879,-0.34737666250868915,0.3333333333333333,0.041618268325342045,0.20279789264049117,-0.005245142784595536,0.9444444444444444
capall_raw_lightgbm,1,25.0,validation,24,-0.7447439694845109,0.08698189041321247,-0.4947713086972504,0.04258423660307309,-0.5373555453003235,1.9840273103201942,0.258579646522938,-0.9675556079558028,-0.08239866000360974,0.4166666666666667,0.23814517247651443,5.883179082913745,0.27711321668488886,0.7083333333333334
capall_raw_lightgbm,1,25.0,holdout_2024,12,1.3927855190529228,-0.013699490369203038,1.3927855190529228,-0.013699490369203038,1.4064850094221257,5.716009783209364,1.040547073802515,-0.8028042990643197,-0.07702368625268208,0.5833333333333334,1.0548778717739953,36.91104601419137,154.41363942378118,0.75
capall_raw_lightgbm,1,25.0,holdout_2025_2026,18,-0.5531473915332648,-0.12280852134116271,-0.41551119369588785,-0.08364672551481533,-0.3318644681810725,1.4326467690564701,0.1657107666736114,-0.8110331743842152,-0.34737666250868915,0.3888888888888889,0.20625858326432295,0.6239635553448696,0.30984425861346976,0.7222222222222222
capall_rank_ridge,1,25.0,validation,24,-0.305588344417277,0.08698189041321247,-0.16668634021592865,0.04258423660307309,-0.20927057681900174,0.25122756931636747,-0.5832999496747958,-0.21149192281895968,-0.08239866000360974,0.4166666666666667,-0.6826465352408237,-0.5999615876143445,-0.11309842493025413,0.7083333333333334
capall_rank_ridge,1,25.0,holdout_2024,12,-0.11716657829308019,-0.013699490369203038,-0.11716657829308019,-0.013699490369203038,-0.10346708792387715,0.09941729738309922,-1.1983483656177734,-0.12076141076079205,-0.07702368625268208,0.3333333333333333,-0.917806863088167,0.2888420021729701,-0.11055994771091204,0.75
capall_rank_ridge,1,25.0,holdout_2025_2026,18,0.043096121609039084,-0.12280852134116271,0.028528239834982205,-0.08364672551481533,0.11217496534979754,0.26509635228975054,0.2264966879836465,-0.17995753286375427,-0.34737666250868915,0.4444444444444444,0.365826918892055,0.2387631869292405,0.07618909133091778,0.7777777777777778
capall_rank_lightgbm,1,25.0,validation,24,-0.49671283025493795,0.08698189041321247,-0.2905726466049804,0.04258423660307309,-0.3331568832080535,0.414679521822955,-0.5010687769263158,-0.5588636363636363,-0.08239866000360974,0.4166666666666667,-0.6203524315008971,0.8942298061927404,-0.2218255199513295,0.75
capall_rank_lightgbm,1,25.0,holdout_2024,12,-0.11249825819998305,-0.013699490369203038,-0.11249825819998305,-0.013699490369203038,-0.09879876783078001,0.22027379429825267,-0.4334800770277461,-0.168236124681293,-0.07702368625268208,0.25,-0.4559249955868723,1.072246168181805,-0.08272891026168039,1.0
capall_rank_lightgbm,1,25.0,holdout_2025_2026,18,1.52754715678943,-0.12280852134116271,0.8555222994638756,-0.08364672551481533,0.9391690249786909,0.4940857079143168,1.4812361457389707,-0.1268171789617486,-0.34737666250868915,0.6111111111111112,1.6355321889309054,0.5935628494886886,1.1006571023920642,0.8333333333333334
capall_raw_ensemble,1,25.0,validation,24,-0.9488253158074031,0.08698189041321247,-0.7737817774966022,0.04258423660307309,-0.8163660140996752,1.0422920715571622,-0.7577662298320906,-0.9672831001432519,-0.08239866000360974,0.4583333333333333,-0.7989450869075368,0.08484500337176841,-0.5600575731342257,0.9166666666666666
capall_raw_ensemble,1,25.0,holdout_2024,12,8.724272246066933,-0.013699490369203038,8.724272246066933,-0.013699490369203038,8.737971736436137,5.4551843733958165,1.110191492235834,-0.40576418002717385,-0.07702368625268208,0.5833333333333334,1.1256059318832272,34.03202330755985,163.11788993918935,1.0
capall_raw_ensemble,1,25.0,holdout_2025_2026,18,-0.8058257315709186,-0.12280852134116271,-0.6646787176109896,-0.08364672551481533,-0.5810319920961743,0.7673702887229449,-0.9713279610834644,-0.8634720695956355,-0.34737666250868915,0.3333333333333333,-0.8583421718351216,0.05759644277020284,-0.535141963985567,0.8333333333333334
capall_rank_ensemble,1,25.0,validation,24,-0.5178611776462421,0.08698189041321247,-0.30563783055687876,0.04258423660307309,-0.34822206715995185,0.6547109549768039,-0.16382391199008675,-0.6024967396564456,-0.08239866000360974,0.5,-0.2373955018173659,1.6306721156687818,-0.1666830952806757,0.9166666666666666
capall_rank_ensemble,1,25.0,holdout_2024,12,0.07158213835975458,-0.013699490369203038,0.07158213835975458,-0.013699490369203038,0.08528162872895761,0.13804092825484146,0.5619146805039028,-0.062291659223867146,-0.07702368625268208,0.5,0.5797197479434689,0.3546779023574919,0.08374255772000727,0.8333333333333334
capall_rank_ensemble,1,25.0,holdout_2025_2026,18,-0.04617299614645687,-0.12280852134116271,-0.031023876524870375,-0.08364672551481533,0.05262284898994496,0.4783629933503501,0.18002874311366893,-0.4418189654171417,-0.34737666250868915,0.6666666666666666,0.3087967868379145,0.6143875202558758,0.1280918463417806,0.8333333333333334
capall_rank_ensemble_volmanaged,1,25.0,validation,24,-0.5178611776462421,0.08698189041321247,-0.30563783055687876,0.04258423660307309,-0.34822206715995185,0.6547109549768039,-0.16382391199008675,-0.6024967396564456,-0.08239866000360974,0.5,-0.2373955018173659,1.6306721156687818,-0.1666830952806757,0.9166666666666666
capall_rank_ensemble_volmanaged,1,25.0,holdout_2024,12,0.03493242807813468,-0.013699490369203038,0.03493242807813468,-0.013699490369203038,0.04863191844733772,0.1052291456307131,0.37331657470776486,-0.05978445238340957,-0.07702368625268208,0.5,0.3957101587029631,0.3291234573307557,0.04300714679232631,0.827201814337649
capall_rank_ensemble_volmanaged,1,25.0,holdout_2025_2026,18,-0.21002189115124648,-0.12280852134116271,-0.1454384051827632,-0.08364672551481533,-0.06179167966794785,0.3704268120835381,-0.2106442830616402,-0.42698263531799807,-0.34737666250868915,0.6111111111111112,-0.05419187326595997,0.3904199542254449,-0.05437302598600091,0.5942317689554628
cap150_composite,1,100.0,validation,24,-0.8713931578636425,0.08698189041321247,-0.6413820387426787,0.04258423660307309,-0.6839662753457518,0.9965690522982817,-0.3805717570352459,-0.9270409869262541,-0.08239866000360974,0.25,-0.4308726649334641,2.0804303220641454,-0.3830006529057266,0.8333333333333334
cap150_composite,1,100.0,holdout_2024,12,0.6033285614352373,-0.013699490369203038,0.6033285614352373,-0.013699490369203038,0.6170280518044403,0.6198196929960508,1.0245693778991232,-0.12479996043459607,-0.07702368625268208,0.5,1.0176414535613012,-0.24548160568632452,0.8529180916768284,0.8333333333333334
cap150_composite,1,100.0,holdout_2025_2026,18,-0.868932088837022,-0.12280852134116271,-0.7419735352717575,-0.08364672551481533,-0.6583268097569421,0.7724382920827683,-1.2626884116957475,-0.8751021822976481,-0.34737666250868915,0.2777777777777778,-1.3387099958419126,1.5267465092659145,-0.6026486123310468,0.7777777777777778
cap150_raw_ridge,1,100.0,validation,24,-0.7487317071072976,0.08698189041321247,-0.49873331160678314,0.04258423660307309,-0.5413175482098562,0.5536016566958494,-0.9648918446250838,-0.8106363717958895,-0.08239866000360974,0.20833333333333334,-1.0184053771819708,-0.6967930403717064,-0.4016041797460821,0.9166666666666666
cap150_raw_ridge,1,100.0,holdout_2024,12,-0.06675418035038672,-0.013699490369203038,-0.06675418035038672,-0.013699490369203038,-0.05305468998118368,0.4503170289669162,0.07314353691518896,-0.40367055792783857,-0.07702368625268208,0.5,0.0906888648477326,0.0798999637922093,0.034164959541717055,0.75
cap150_raw_ridge,1,100.0,holdout_2025_2026,18,-0.9103538961379823,-0.12280852134116271,-0.7996969266854921,-0.08364672551481533,-0.7160502011706766,0.7135065463490193,-1.7053624986191234,-0.9146875049710481,-0.34737666250868915,0.2777777777777778,-1.8859364849427804,1.5661620321786278,-0.6939692228031481,0.8888888888888888
cap150_raw_lightgbm,1,100.0,validation,24,-0.4691160560554335,0.08698189041321247,-0.27138216879864485,0.04258423660307309,-0.31396640540171794,0.7699886562413331,0.005034449660875453,-0.78884149518048,-0.08239866000360974,0.4583333333333333,-0.05497939370153172,2.449673199362183,-0.10176730732204364,0.6666666666666666
cap150_raw_lightgbm,1,100.0,holdout_2024,12,-0.3744684206195753,-0.013699490369203038,-0.3744684206195753,-0.013699490369203038,-0.36076893025037227,1.0529314829643932,0.07964900805930579,-0.6048003316246905,-0.07702368625268208,0.5,0.09232849732772348,5.180776003806157,0.13745398262085384,0.9166666666666666
cap150_raw_lightgbm,1,100.0,holdout_2025_2026,18,-0.9366762987487277,-0.12280852134116271,-0.8411291591186549,-0.08364672551481533,-0.7574824336038397,1.1812440395979869,-0.8041215832006204,-0.9480390224572252,-0.34737666250868915,0.3333333333333333,-0.8377243625313922,2.6122820677425937,-0.563499871877941,0.9444444444444444
cap150_rank_ridge,1,100.0,validation,24,-0.7686182522750697,0.08698189041321247,-0.5189784332018675,0.04258423660307309,-0.5615626698049406,0.5021134129101577,-1.0060080848656507,-0.806866036664307,-0.08239866000360974,0.3333333333333333,-1.0394304942815435,-1.4662356056190424,-0.3605091670237349,0.7916666666666666
cap150_rank_ridge,1,100.0,holdout_2024,12,0.15783725718939934,-0.013699490369203038,0.15783725718939934,-0.013699490369203038,0.17153674755860238,0.15669782437837515,1.0109987032123247,-0.09522606227674424,-0.07702368625268208,0.5,1.0089551948636581,0.3651525773949599,0.17416569524450365,0.75
cap150_rank_ridge,1,100.0,holdout_2025_2026,18,0.40311466136368534,-0.12280852134116271,0.2533203994409543,-0.08364672551481533,0.33696712495576964,0.7630443003863318,0.5544378959838487,-0.3497086119254227,-0.34737666250868915,0.3888888888888889,0.6901780759929448,1.3018079897237413,0.6277978880924309,0.5555555555555556
cap150_rank_lightgbm,1,100.0,validation,24,2.624468071823361,0.08698189041321247,0.9038035801582476,0.04258423660307309,0.8612193435551745,0.6498698343337547,1.2694438814684554,-0.27885247548733005,-0.08239866000360974,0.7083333333333334,1.209334259690357,0.9579820247493943,1.1324431367538614,0.8333333333333334
cap150_rank_lightgbm,1,100.0,holdout_2024,12,0.5837698338240838,-0.013699490369203038,0.5837698338240838,-0.013699490369203038,0.5974693241932868,0.6722566912730442,0.9779109536389757,-0.39219462424132234,-0.07702368625268208,0.5,1.0652988276194875,3.312687483194034,0.9496607562134989,0.9166666666666666
cap150_rank_lightgbm,1,100.0,holdout_2025_2026,18,0.9919890869332273,-0.12280852134116271,0.5831593732248657,-0.08364672551481533,0.666806098739681,0.940727264784693,0.8476663568571141,-0.536380127016266,-0.34737666250868915,0.5,0.9945785973244592,1.6969435389628558,1.3688214692259946,0.6111111111111112
cap150_raw_ensemble,1,100.0,validation,24,-0.5794741306093407,0.08698189041321247,-0.3515203400331979,0.04258423660307309,-0.39410457663627096,0.8686104447467533,-0.07504137900140283,-0.7758900692680466,-0.08239866000360974,0.4166666666666667,-0.12771478983499665,1.0232605499372676,-0.10591392334468275,0.75
cap150_raw_ensemble,1,100.0,holdout_2024,12,-0.6988760124447794,-0.013699490369203038,-0.6988760124447794,-0.013699490369203038,-0.6851765220755763,1.0868086846301117,-0.44535668104259235,-0.8198427216717536,-0.07702368625268208,0.5,-0.45593569685298113,4.883650971301134,-0.3619386804906952,0.75
cap150_raw_ensemble,1,100.0,holdout_2025_2026,18,-0.878156431363115,-0.12280852134116271,-0.7542264890144668,-0.08364672551481533,-0.6705797634996513,1.163142627392992,-0.6326434216910893,-0.9368576202557444,-0.34737666250868915,0.16666666666666666,-0.6223731783922027,1.8286943743306143,-0.47735997649680895,1.0
cap150_rank_ensemble,1,100.0,validation,24,0.2650614503105342,0.08698189041321247,0.12474950558359188,0.04258423660307309,0.08216526898051879,0.19035688827014316,0.7114029692329105,-0.20447219420133766,-0.08239866000360974,0.5,0.5112317401257082,0.8549634200218085,0.10118664190088045,0.4583333333333333
cap150_rank_ensemble,1,100.0,holdout_2024,12,-0.17949681767897008,-0.013699490369203038,-0.17949681767897008,-0.013699490369203038,-0.16579732730976704,0.17289995775147415,-1.0489965741053968,-0.23234721267007008,-0.07702368625268208,0.3333333333333333,-1.1255625888748286,0.795398459589746,-0.16108555422230375,0.3333333333333333
cap150_rank_ensemble,1,100.0,holdout_2025_2026,18,-0.18065028312962095,-0.12280852134116271,-0.12438564678083674,-0.08364672551481533,-0.04073892126602141,0.3264660553497408,-0.25104314021061197,-0.32188609140089863,-0.34737666250868915,0.5555555555555556,-0.11191707608664991,0.9628195924691395,-0.02674939344403149,0.7777777777777778
cap150_rank_ensemble_volmanaged,1,100.0,validation,24,0.2650614503105342,0.08698189041321247,0.12474950558359188,0.04258423660307309,0.08216526898051879,0.19035688827014316,0.7114029692329105,-0.20447219420133766,-0.08239866000360974,0.5,0.5112317401257082,0.8549634200218085,0.10118664190088045,0.4583333333333333
cap150_rank_ensemble_volmanaged,1,100.0,holdout_2024,12,-0.16572474120944225,-0.013699490369203038,-0.16572474120944225,-0.013699490369203038,-0.1520252508402392,0.17185751732991306,-0.9608837158241386,-0.21946222560731732,-0.07702368625268208,0.3333333333333333,-1.0218067825723098,0.7833424449927956,-0.1472506794184334,0.3600123375026227
cap150_rank_ensemble_volmanaged,1,100.0,holdout_2025_2026,18,-0.1672651182345971,-0.12280852134116271,-0.11487520956664032,-0.08364672551481533,-0.03122848405182499,0.21483311258684273,-0.4602607140237665,-0.23805750589162966,-0.34737666250868915,0.3888888888888889,-0.23477250837358987,0.616651187629849,-0.061905209511529,0.5421122969933205
cap300_composite,1,100.0,validation,24,-0.3511054766704298,0.08698189041321247,-0.1944601044457387,0.04258423660307309,-0.23704434104881178,1.1992158957252388,0.2415682154297788,-0.5907395161740443,-0.08239866000360974,0.3333333333333333,0.20119824933097938,-2.187888113862917,0.4658349197689866,0.7916666666666666
cap300_composite,1,100.0,holdout_2024,12,1.1169746281904822,-0.013699490369203038,1.1169746281904822,-0.013699490369203038,1.1306741185596851,0.5566081069576486,1.6133795692123853,-0.10887541472981521,-0.07702368625268208,0.6666666666666666,1.5543312245989058,-0.9132012326490961,1.3596708124562924,0.6666666666666666
cap300_composite,1,100.0,holdout_2025_2026,18,-0.5631952468535035,-0.12280852134116271,-0.4243061760436361,-0.08364672551481533,-0.34065945052882074,1.2997692035443411,0.1431606822928506,-0.8221811807305107,-0.34737666250868915,0.4444444444444444,0.19744246000821616,1.9157372677060165,0.33868205970641707,0.7222222222222222
cap300_raw_ridge,1,100.0,validation,24,-0.6226312079761283,0.08698189041321247,-0.38569649844407383,0.04258423660307309,-0.4282807350471469,0.5359796112960731,-0.6421660551916678,-0.7178224787964493,-0.08239866000360974,0.375,-0.7281554297485988,0.5911421588039714,-0.31391953105902437,0.9583333333333334
cap300_raw_ridge,1,100.0,holdout_2024,12,0.501080277480316,-0.013699490369203038,0.501080277480316,-0.013699490369203038,0.5147797678495191,0.49154703025425367,1.0495600856434353,-0.15682626780302866,-0.07702368625268208,0.5833333333333334,1.091993363818108,0.9960398242411106,0.6711842798022947,0.9166666666666666
cap300_raw_ridge,1,100.0,holdout_2025_2026,18,1.5058323055446734,-0.12280852134116271,0.8448794895385652,-0.08364672551481533,0.9285262150533805,2.2618708810548522,0.8357305851093927,-0.7197455200689817,-0.34737666250868915,0.4444444444444444,0.8792017285332673,2.2141230356681403,5.449137005744315,0.9444444444444444
cap300_raw_lightgbm,1,100.0,validation,24,-0.9473557588251413,0.08698189041321247,-0.7705566711040422,0.04258423660307309,-0.8131409077071153,0.8663449267673479,-0.9344283134255952,-0.945906835871301,-0.08239866000360974,0.375,-0.9783838145111162,-0.38265187130826395,-0.5593942113209138,0.3333333333333333
cap300_raw_lightgbm,1,100.0,holdout_2024,12,1.5507490367818817,-0.013699490369203038,1.5507490367818817,-0.013699490369203038,1.5644485271510846,1.3561560212603039,1.198774552084417,-0.5057167703360816,-0.07702368625268208,0.5833333333333334,1.198995953099272,-0.3919535277429182,3.5795238634907403,0.8333333333333334
cap300_raw_lightgbm,1,100.0,holdout_2025_2026,18,0.03176064712179194,-0.12280852134116271,0.021063236097003557,-0.08364672551481533,0.10470996161181889,1.1450270238622182,0.45518686552813475,-0.7269828205449966,-0.34737666250868915,0.3888888888888889,0.4652656113800373,-1.399842400351074,0.5426395666452395,0.6111111111111112
cap300_rank_ridge,1,100.0,validation,24,1.416458351628163,0.08698189041321247,0.5544961729216844,0.04258423660307309,0.5119119363186113,0.5311759152546908,1.0344876459061896,-0.14754599573162663,-0.08239866000360974,0.4583333333333333,0.8973043095054227,-1.8501350634096336,0.8533291886293384,0.75
cap300_rank_ridge,1,100.0,holdout_2024,12,0.24469386214562228,-0.013699490369203038,0.24469386214562228,-0.013699490369203038,0.2583933525148253,0.339797670842245,0.798132448910299,-0.11721579406416704,-0.07702368625268208,0.5,0.8150964268866113,0.3821059340078276,0.3118971058011528,0.8333333333333334
cap300_rank_ridge,1,100.0,holdout_2025_2026,18,1.3133255257628242,-0.12280852134116271,0.7491397119217154,-0.08364672551481533,0.8327864374365307,0.39042700968251737,1.6293492715960423,-0.13631578947368417,-0.34737666250868915,0.6666666666666666,1.7127490140564314,0.4076237460259123,0.9000790970363359,0.7777777777777778
cap300_rank_lightgbm,1,100.0,validation,24,-0.7064869709591246,0.08698189041321247,-0.45823157249533686,0.04258423660307309,-0.50081580909841,0.6159150166945551,-0.3481825574164156,-0.8069994176342076,-0.08239866000360974,0.5,-0.40991001896618584,-1.025822000731191,-0.1557211832889076,0.75
cap300_rank_lightgbm,1,100.0,holdout_2024,12,-0.11977775890057318,-0.013699490369203038,-0.11977775890057318,-0.013699490369203038,-0.10607826853137015,0.19200782077201545,-0.5680637465555426,-0.19475757607329824,-0.07702368625268208,0.5833333333333334,-0.6035075418113722,0.9283524308653441,-0.09636009399710044,0.5833333333333334
cap300_rank_lightgbm,1,100.0,holdout_2025_2026,18,1.7634005513261841,-0.12280852134116271,0.9692275057120394,-0.08364672551481533,1.0528742312268546,0.8951865857917316,1.1131729807089112,-0.45301450912955543,-0.34737666250868915,0.5555555555555556,1.2201700086131801,0.9553297778210345,1.738598861078863,0.7222222222222222
cap300_raw_ensemble,1,100.0,validation,24,-0.628406300025915,0.08698189041321247,-0.3904151412854113,0.04258423660307309,-0.4329993778884844,0.6239022013706579,-0.4677343222386111,-0.7776040167340372,-0.08239866000360974,0.4583333333333333,-0.5263724299886066,-0.9425045770437694,-0.22263404084451632,1.0
cap300_raw_ensemble,1,100.0,holdout_2024,12,-0.5373981306369926,-0.013699490369203038,-0.5373981306369926,-0.013699490369203038,-0.5236986402677897,0.5151842250280131,-1.2060066307447193,-0.583181286923129,-0.07702368625268208,0.3333333333333333,-1.2895123036869118,2.340018958355251,-0.46004348299909625,1.0
cap300_raw_ensemble,1,100.0,holdout_2025_2026,18,0.0100810041614523,-0.12280852134116271,0.0067094278885309055,-0.08364672551481533,0.09035615340334624,2.1425525988429914,0.49779692861814523,-0.7696163154756567,-0.34737666250868915,0.4444444444444444,0.5320177861239365,1.5633861557173947,2.0142275131203324,0.8888888888888888
cap300_rank_ensemble,1,100.0,validation,24,-0.21509173651481173,0.08698189041321247,-0.11404951408942254,0.04258423660307309,-0.15663375069249563,0.3008868407960499,-0.2500230831055345,-0.30668272436854027,-0.08239866000360974,0.3333333333333333,-0.36492298137128193,-0.7809720901904587,-0.039206397458769304,0.7916666666666666
cap300_rank_ensemble,1,100.0,holdout_2024,12,0.5794420983433981,-0.013699490369203038,0.5794420983433981,-0.013699490369203038,0.5931415887126011,0.46285980083570066,1.1962081633250625,-0.12527237533847968,-0.07702368625268208,0.5833333333333334,1.2667172714996462,1.2888394460029085,0.7369436991592813,0.75
cap300_rank_ensemble,1,100.0,holdout_2025_2026,18,0.5974689399635496,-0.12280852134116271,0.36653769277974857,-0.08364672551481533,0.4501844182945639,0.5220705342390607,0.8306427231266891,-0.4292134955572664,-0.34737666250868915,0.5555555555555556,1.1377887803265478,1.2053215889574642,0.6357784011834353,0.8333333333333334
cap300_rank_ensemble_volmanaged,1,100.0,validation,24,-0.21509173651481173,0.08698189041321247,-0.11404951408942254,0.04258423660307309,-0.15663375069249563,0.3008868407960499,-0.2500230831055345,-0.30668272436854027,-0.08239866000360974,0.3333333333333333,-0.36492298137128193,-0.7809720901904587,-0.039206397458769304,0.7916666666666666
cap300_rank_ensemble_volmanaged,1,100.0,holdout_2024,12,0.5188975950243655,-0.013699490369203038,0.5188975950243655,-0.013699490369203038,0.5325970853935685,0.4503943830179697,1.1288700274438332,-0.12527237533847968,-0.07702368625268208,0.5833333333333334,1.1990111727926658,1.274776924327148,0.6631690010594393,0.7084745336151199
cap300_rank_ensemble_volmanaged,1,100.0,holdout_2025_2026,18,0.2748181081363048,-0.12280852134116271,0.17570622010500148,-0.08364672551481533,0.2593529456198168,0.32585353718998633,0.6411158165363253,-0.29294871292283065,-0.34737666250868915,0.6111111111111112,0.9219731883403793,0.6873456559112966,0.2783295317183587,0.5513204717320402
cap500_composite,1,100.0,validation,24,0.06690939846102406,0.08698189041321247,0.032913064328757624,0.04258423660307309,-0.009671172274315465,1.179658589871289,0.4375916899977749,-0.5907395161740443,-0.08239866000360974,0.4166666666666667,0.38984285289392206,-4.251973574457208,0.9902787655994283,0.7083333333333334
cap500_composite,1,100.0,holdout_2024,12,0.6720900774546161,-0.013699490369203038,0.6720900774546161,-0.013699490369203038,0.6857895678238192,0.4142779424191142,1.4454646704856966,-0.10887541472981521,-0.07702368625268208,0.6666666666666666,1.3407873411093665,-1.0606541314182452,0.7779530296991746,0.5
cap500_composite,1,100.0,holdout_2025_2026,18,0.33835422221581357,-0.12280852134116271,0.21445300992041805,-0.08364672551481533,0.2980997354352334,1.736178131371236,0.805360806106446,-0.7258318886294688,-0.34737666250868915,0.5,0.8706980740826109,2.299129968225951,3.218158386877284,0.7222222222222222
cap500_raw_ridge,1,100.0,validation,24,-0.6713921756174756,0.08698189041321247,-0.42675674937900543,0.04258423660307309,-0.4693409859820785,0.5981712474358665,-0.6326308543881156,-0.5418648836238569,-0.08239866000360974,0.375,-0.7173040695799868,1.1296393795611244,-0.35425769745967217,0.9166666666666666
cap500_raw_ridge,1,100.0,holdout_2024,12,-0.7452020776138418,-0.013699490369203038,-0.7452020776138418,-0.013699490369203038,-0.7315025872446388,0.6552821763838793,-1.6224093927231245,-0.7748347378233316,-0.07702368625268208,0.25,-1.607953451506692,0.47486082720598627,-0.6699870514966715,0.9166666666666666
cap500_raw_ridge,1,100.0,holdout_2025_2026,18,-0.8042970522221584,-0.12280852134116271,-0.6629210921011375,-0.08364672551481533,-0.579274366586322,0.8160951796048794,-0.6859096073178281,-0.8721038729941949,-0.34737666250868915,0.5,-0.5645809173036803,-0.534587592617009,-0.4540595030775696,0.9444444444444444
cap500_raw_lightgbm,1,100.0,validation,24,0.9816460372188418,0.08698189041321247,0.40770950029430497,0.04258423660307309,0.3651252636912319,1.9999579912844998,0.7591628141241165,-0.8699135511082312,-0.08239866000360974,0.5,0.745750632584408,7.329095186558521,2.1016005376783045,0.4166666666666667
cap500_raw_lightgbm,1,100.0,holdout_2024,12,-0.5289016718999495,-0.013699490369203038,-0.5289016718999495,-0.013699490369203038,-0.5152021815307466,1.543203049508503,0.2889739494273452,-0.790918871639746,-0.07702368625268208,0.5833333333333334,0.30240007086652493,6.050203963166876,0.6308765381013766,0.8333333333333334
cap500_raw_lightgbm,1,100.0,holdout_2025_2026,18,-0.1753676172140899,-0.12280852134116271,-0.12062606223045103,-0.08364672551481533,-0.03697933671563569,1.24885936555316,0.36655110224696813,-0.6855229785245576,-0.34737666250868915,0.4444444444444444,0.39651867749457786,-0.5237391000780446,0.5226741700555741,0.6111111111111112
cap500_rank_ridge,1,100.0,validation,24,-0.5551015838653739,0.08698189041321247,-0.3329929414656647,0.04258423660307309,-0.3755771780687378,0.3106942146099931,-1.1250364152155592,-0.4302390582773007,-0.08239866000360974,0.20833333333333334,-1.120550678444819,-1.421894560245571,-0.2507772435631498,0.9583333333333334
cap500_rank_ridge,1,100.0,holdout_2024,12,0.05696417921812191,-0.013699490369203038,0.05696417921812191,-0.013699490369203038,0.07066366958732495,0.18036491178662456,0.38780887233182754,-0.12283349795820797,-0.07702368625268208,0.4166666666666667,0.4024949522430175,0.23404487800237025,0.07443279215156284,0.8333333333333334
cap500_rank_ridge,1,100.0,holdout_2025_2026,18,3.781025495476972,-0.12280852134116271,1.838010773426309,-0.08364672551481533,1.9216574989411241,1.6797806876248165,1.0305709419197857,-0.20448780752677298,-0.34737666250868915,0.7222222222222222,1.0528545914669245,-0.011188060020592295,4.0356968581063875,0.8333333333333334
cap500_rank_lightgbm,1,100.0,validation,24,-0.28658990900822756,0.08698189041321247,-0.15536392985394443,0.04258423660307309,-0.19794816645701752,0.1471569339454873,-1.0662175239963831,-0.22196645403832083,-0.08239866000360974,0.4583333333333333,-1.1693362441294657,-0.07282835670481938,-0.14324315412274502,0.8333333333333334
cap500_rank_lightgbm,1,100.0,holdout_2024,12,0.05747017372558938,-0.013699490369203038,0.05747017372558938,-0.013699490369203038,0.07116966409479242,0.292493992928209,0.32339981298542325,-0.12756108279527645,-0.07702368625268208,0.5833333333333334,0.3844770676666665,1.1116160931863412,0.1095226266174898,0.8333333333333334
cap500_rank_lightgbm,1,100.0,holdout_2025_2026,18,1.867067784796319,-0.12280852134116271,1.0181741566560434,-0.08364672551481533,1.1018208821708586,0.5230756608227245,1.5741070127810028,-0.0836506784859048,-0.34737666250868915,0.6666666666666666,1.7751079405326884,0.7251078513186409,1.304741825523716,0.8888888888888888
cap500_raw_ensemble,1,100.0,validation,24,-0.7861182451121158,0.08698189041321247,-0.5375264819604433,0.04258423660307309,-0.5801107185635164,1.0365310939948968,-0.24584044467435434,-0.7502667505372911,-0.08239866000360974,0.375,-0.2946623605361247,3.1280946930140945,-0.3316198743464748,0.9166666666666666
cap500_raw_ensemble,1,100.0,holdout_2024,12,-0.44612254830160347,-0.013699490369203038,-0.44612254830160347,-0.013699490369203038,-0.43242305793240043,1.0753569671165881,0.19794514421888634,-0.7736963176064442,-0.07702368625268208,0.5,0.20274567434810334,-1.3019891279889733,0.22106719946902365,0.8333333333333334
cap500_raw_ensemble,1,100.0,holdout_2025_2026,18,-0.21896306117571107,-0.12280852134116271,-0.15189872502719326,-0.08364672551481533,-0.06825199951237793,1.0253482326441947,0.2690041923039876,-0.45405401785714283,-0.34737666250868915,0.4444444444444444,0.32922764617185046,0.7396281864942276,0.36866623605697435,0.8888888888888888
cap500_rank_ensemble,1,100.0,validation,24,0.31548652330785165,0.08698189041321247,0.14694660874334153,0.04258423660307309,0.10436237214026844,0.19219300931512381,0.8000759421562426,-0.11749345445048853,-0.08239866000360974,0.4166666666666667,0.46797676022689016,-0.6771698653345134,0.20078397156603023,0.7916666666666666
cap500_rank_ensemble,1,100.0,holdout_2024,12,0.2915571473155931,-0.013699490369203038,0.2915571473155931,-0.013699490369203038,0.30525663768479616,0.30475769489290055,0.982632162609306,-0.12258277959337915,-0.07702368625268208,0.5,1.1258884851524185,1.3280754556678114,0.3596043879009372,0.9166666666666666
cap500_rank_ensemble,1,100.0,holdout_2025_2026,18,0.2047036666276858,-0.12280852134116271,0.13219219007940874,-0.08364672551481533,0.21583891559422408,0.381540704661518,0.4932351617205956,-0.35004226805404093,-0.34737666250868915,0.5555555555555556,0.7011702853997817,0.6897709476562374,0.2527883691961452,1.0
cap500_rank_ensemble_volmanaged,1,100.0,validation,24,0.31548652330785165,0.08698189041321247,0.14694660874334153,0.04258423660307309,0.10436237214026844,0.19219300931512381,0.8000759421562426,-0.11749345445048853,-0.08239866000360974,0.4166666666666667,0.46797676022689016,-0.6771698653345134,0.20078397156603023,0.7916666666666666
cap500_rank_ensemble_volmanaged,1,100.0,holdout_2024,12,0.232698210377017,-0.013699490369203038,0.232698210377017,-0.013699490369203038,0.24639770074622003,0.2688776510747225,0.9036970381043773,-0.10667550534000181,-0.07702368625268208,0.5,1.0543723197587445,1.20589567898814,0.28525901079863236,0.886760678209864
cap500_rank_ensemble_volmanaged,1,100.0,holdout_2025_2026,18,0.08296952715068917,-0.12280852134116271,0.054575047060098525,-0.08364672551481533,0.13822177257491386,0.21392016865372554,0.34779550642350293,-0.2335746228733835,-0.34737666250868915,0.6111111111111112,0.5216833353740862,0.3560526709945507,0.09891280455446605,0.6852717788832241
capall_composite,1,100.0,validation,24,-0.47996788663434076,0.08698189041321247,-0.2788674786381776,0.04258423660307309,-0.3214517152412507,1.1370576628887041,0.12009170783863439,-0.7703923285588141,-0.08239866000360974,0.375,0.0781401475362228,-4.647672674198382,0.4073548991523994,0.5416666666666666
capall_composite,1,100.0,holdout_2024,12,0.9329347929714369,-0.013699490369203038,0.9329347929714369,-0.013699490369203038,0.9466342833406399,0.39632245521657705,1.8772063554688743,-0.0704839843057542,-0.07702368625268208,0.6666666666666666,1.7954428831743754,-0.3655543679392305,1.0519608647380605,0.5
capall_composite,1,100.0,holdout_2025_2026,18,-0.7495353556094512,-0.12280852134116271,-0.6026581712020416,-0.08364672551481533,-0.5190114456872263,1.3437594217870654,-0.0711889258146244,-0.886427167726436,-0.34737666250868915,0.3888888888888889,-0.030152841213006373,1.812590534185332,0.007671070128101309,0.6666666666666666
capall_raw_ridge,1,100.0,validation,24,-0.9905212624776742,0.08698189041321247,-0.9026411918605936,0.04258423660307309,-0.9452254284636666,0.9470177734252512,-1.6147094297335292,-0.9867850300702683,-0.08239866000360974,0.3333333333333333,-1.6310189025215547,-1.9321196312228262,-0.7847763376958921,0.9583333333333334
capall_raw_ridge,1,100.0,holdout_2024,12,0.49963489580416964,-0.013699490369203038,0.49963489580416964,-0.013699490369203038,0.5133343861733727,0.7341576738529909,0.8799672961832178,-0.47542004656108594,-0.07702368625268208,0.4166666666666667,0.9404792587277195,3.0048981978349785,0.9238479933839485,1.0
capall_raw_ridge,1,100.0,holdout_2025_2026,18,-0.5301356300186608,-0.12280852134116271,-0.39561314658696833,-0.08364672551481533,-0.311966421072153,0.9460633919180895,-0.10762054764697791,-0.6929916346364144,-0.34737666250868915,0.3333333333333333,-0.04640426276776102,0.19077512083122922,-0.08724645034021306,0.9444444444444444
capall_raw_lightgbm,1,100.0,validation,24,-0.7821282115229886,0.08698189041321247,-0.5332326184521765,0.04258423660307309,-0.5758168550552496,1.9860126957245652,0.22622165586435922,-0.9718077040365215,-0.08239866000360974,0.4166666666666667,0.2054682765418274,5.8419930744922866,0.20178604306087933,0.7083333333333334
capall_raw_lightgbm,1,100.0,holdout_2024,12,1.2448512574428658,-0.013699490369203038,1.2448512574428658,-0.013699490369203038,1.2585507478120688,5.71251904152703,1.029366766394739,-0.8084882492933856,-0.07702368625268208,0.5,1.0435599436570577,36.862777123503676,147.6210528456845,0.75
capall_raw_lightgbm,1,100.0,holdout_2025_2026,18,-0.5987937816931835,-0.12280852134116271,-0.4560256310644544,-0.08364672551481533,-0.37237890554963904,1.4324176957523493,0.12035944193098488,-0.8235346306755553,-0.34737666250868915,0.3888888888888889,0.1607716359352209,0.6295124807644962,0.2293626830799671,0.7222222222222222
capall_rank_ridge,1,100.0,validation,24,-0.39107718293814464,0.08698189041321247,-0.21966493282574096,0.04258423660307309,-0.26224916942881404,0.2528434289060814,-0.8317045431988302,-0.28637407956498395,-0.08239866000360974,0.375,-0.9058607928728308,-0.5888382338352193,-0.1689755244436043,0.7083333333333334
capall_rank_ridge,1,100.0,holdout_2024,12,-0.17512185002453862,-0.013699490369203038,-0.17512185002453862,-0.013699490369203038,-0.16142235965533558,0.09419596798022545,-1.9813645937833952,-0.17512185002453862,-0.07702368625268208,0.16666666666666666,-1.5218679311867478,0.2789398837171206,-0.16940113849595462,0.75
capall_rank_ridge,1,100.0,holdout_2025_2026,18,-0.06128000649080423,-0.12280852134116271,-0.04128237405559965,-0.08364672551481533,0.04236435145921569,0.26492958944808515,-0.03758188819364238,-0.22332457966404884,-0.34737666250868915,0.4444444444444444,0.14546222074186482,0.2200431052104707,0.0025874317351344267,0.7777777777777778
capall_rank_lightgbm,1,100.0,validation,24,-0.564541185490576,0.08698189041321247,-0.3401069673731779,0.04258423660307309,-0.382691203976251,0.4166175338640884,-0.6607570215852272,-0.568854729375796,-0.08239866000360974,0.375,-0.7810459507588886,0.8627964564883716,-0.2727389378560372,0.75
capall_rank_lightgbm,1,100.0,holdout_2024,12,-0.1900466189032306,-0.013699490369203038,-0.1900466189032306,-0.013699490369203038,-0.17634712853402756,0.22027379429825267,-0.842062497313925,-0.19475903398067107,-0.07702368625268208,0.25,-0.9293211508454478,1.072246168181805,-0.16251031162092655,1.0
capall_rank_lightgbm,1,100.0,holdout_2025_2026,18,1.2667831447517033,-0.12280852134116271,0.7255994080559232,-0.08364672551481533,0.8092461335707385,0.49579440607228875,1.3248588560314274,-0.14080027322404365,-0.34737666250868915,0.5555555555555556,1.4787189525420188,0.6039674753087197,0.9583484549484924,0.8333333333333334
capall_raw_ensemble,1,100.0,validation,24,-0.9582574680225345,0.08698189041321247,-0.7956901079794092,0.04258423660307309,-0.8382743445824823,1.0428843480880563,-0.8364434033811932,-0.9731846689652256,-0.08239866000360974,0.4583333333333333,-0.8771489852666637,0.04369466959030926,-0.5965790224964647,0.9166666666666666
capall_raw_ensemble,1,100.0,holdout_2024,12,7.957139196612578,-0.013699490369203038,7.957139196612578,-0.013699490369203038,7.970838686981781,5.455184373395817,1.093693424738992,-0.42160475926668006,-0.07702368625268208,0.5833333333333334,1.108903083071754,34.03202330755985,153.71796622179738,1.0
capall_raw_ensemble,1,100.0,holdout_2025_2026,18,-0.8291911792459843,-0.12280852134116271,-0.6921492639841385,-0.08364672551481533,-0.6085025384693231,0.767178842745776,-1.069331128847537,-0.8781198105299814,-0.34737666250868915,0.3333333333333333,-0.9525914451907048,0.06324028288675526,-0.5708244782608181,0.8333333333333334
capall_rank_ensemble,1,100.0,validation,24,-0.5959779811330828,0.08698189041321247,-0.36437273590026265,0.04258423660307309,-0.40695697250333573,0.6548588701036443,-0.2897682516494475,-0.6444147283918735,-0.08239866000360974,0.4583333333333333,-0.3655935098411072,1.6024100795175644,-0.23286471944710674,0.9166666666666666
capall_rank_ensemble,1,100.0,holdout_2024,12,-0.006638328174797481,-0.013699490369203038,-0.006638328174797481,-0.013699490369203038,0.007061162194405557,0.14591003448636047,0.017594568501191083,-0.12415466360215832,-0.07702368625268208,0.3333333333333333,0.07277862369351312,0.3552642048228544,0.005710516334628268,0.8333333333333334
capall_rank_ensemble,1,100.0,holdout_2025_2026,18,-0.14962052668296244,-0.12280852134116271,-0.1024158416654547,-0.08364672551481533,-0.018769116150639364,0.47816861209926953,0.023253488756069838,-0.4613269006822104,-0.34737666250868915,0.5555555555555556,0.14704401904973619,0.6146979375873289,0.04714148737462032,0.8333333333333334
capall_rank_ensemble_volmanaged,1,100.0,validation,24,-0.5959779811330828,0.08698189041321247,-0.36437273590026265,0.04258423660307309,-0.40695697250333573,0.6548588701036443,-0.2897682516494475,-0.6444147283918735,-0.08239866000360974,0.4583333333333333,-0.3655935098411072,1.6024100795175644,-0.23286471944710674,0.9166666666666666
capall_rank_ensemble_volmanaged,1,100.0,holdout_2024,12,-0.04002417071240749,-0.013699490369203038,-0.04002417071240749,-0.013699490369203038,-0.026324680343204454,0.11249993853045778,-0.31257242931369067,-0.12024538310524324,-0.07702368625268208,0.3333333333333333,-0.20554395932744632,0.3248233873204407,-0.03183000773475364,0.827201814337649
capall_rank_ensemble_volmanaged,1,100.0,holdout_2025_2026,18,-0.273821639216676,-0.12280852134116271,-0.19209145376020487,-0.08364672551481533,-0.10844472824538953,0.3730149144895512,-0.3525573491990258,-0.4458617774184839,-0.34737666250868915,0.5,-0.1911845207057751,0.39596925998101684,-0.10366332950722279,0.5942317689554628
cap150_composite,3,25.0,validation,24,-0.4675778920449547,0.08698189041321247,-0.2703273967353267,0.04258423660307309,-0.3129116333383998,0.5754057670047584,-0.22878541948944767,-0.663406055197807,-0.08239866000360974,0.4583333333333333,-0.31565469900929005,1.7003569220512715,-0.18968512522963332,0.5694444444444444
cap150_composite,3,25.0,holdout_2024,12,0.11627834533745807,-0.013699490369203038,0.11627834533745807,-0.013699490369203038,0.1299778357066611,0.28463353519725737,0.5132554333404517,-0.13175280454292504,-0.07702368625268208,0.5,0.5354606421529842,0.37682863104756964,0.16007601834080676,0.5833333333333333
cap150_composite,3,25.0,holdout_2025_2026,18,-0.7421288536881511,-0.12280852134116271,-0.5948630690113228,-0.08364672551481533,-0.5112163434965076,0.704649871808246,-0.8862878723684637,-0.7193701643674705,-0.34737666250868915,0.3333333333333333,-0.9608047791062284,1.7023669655756857,-0.4169282098332481,0.6296296296296295
cap150_raw_ridge,3,25.0,validation,24,-0.4841756544226409,0.08698189041321247,-0.2817908761528025,0.04258423660307309,-0.3243751127558756,0.5002173650641701,-0.4164750764616659,-0.6960863177021865,-0.08239866000360974,0.4166666666666667,-0.5147935024050393,1.035216315879642,-0.22730457326218678,0.7083333333333334
cap150_raw_ridge,3,25.0,holdout_2024,12,-0.5256630591832827,-0.013699490369203038,-0.5256630591832827,-0.013699490369203038,-0.5119635688140797,0.3920334932163121,-1.6513383142677511,-0.5467217313359896,-0.07702368625268208,0.3333333333333333,-1.8719864264756914,2.2258402552178382,-0.47523085161800394,0.7777777777777777
cap150_raw_ridge,3,25.0,holdout_2025_2026,18,-0.5562731336849759,-0.12280852134116271,-0.4182400545495618,-0.08364672551481533,-0.3345933290347465,0.6138040934070754,-0.5547007474002756,-0.7723062236349638,-0.34737666250868915,0.4444444444444444,-0.5850996710808636,1.6566117033113636,-0.22012379007706995,0.8148148148148148
cap150_raw_lightgbm,3,25.0,validation,24,-0.2929987988626137,0.08698189041321247,-0.1591663653626918,0.04258423660307309,-0.2017506019657649,0.5201736761082472,-0.08097319180222667,-0.655015126040254,-0.08239866000360974,0.4166666666666667,-0.17828353744041617,2.640103247219309,-0.15002427077627456,0.5694444444444444
cap150_raw_lightgbm,3,25.0,holdout_2024,12,0.7822166800175081,-0.013699490369203038,0.7822166800175081,-0.013699490369203038,0.7959161703867111,0.8010425472777046,1.0266003791498037,-0.1891594519163976,-0.07702368625268208,0.5833333333333334,1.0622393000349282,1.8607495253184094,1.2495325975033724,0.5277777777777778
cap150_raw_lightgbm,3,25.0,holdout_2025_2026,18,0.1529775797451587,-0.12280852134116271,0.09954727909980354,-0.08364672551481533,0.18319400461461888,0.8002147368982677,0.5395589839351408,-0.7360892727408532,-0.34737666250868915,0.5555555555555556,0.6960720217815868,1.6997918206670726,0.677536324876528,0.7037037037037037
cap150_rank_ridge,3,25.0,validation,24,-0.38228318234854386,0.08698189041321247,-0.2140503720648147,0.04258423660307309,-0.2566346086678878,0.17709668688164454,-1.2543768683854466,-0.4351951462018576,-0.08239866000360974,0.3333333333333333,-1.3203343597724593,-0.1718172398287621,-0.19452087726411593,0.5555555555555555
cap150_rank_ridge,3,25.0,holdout_2024,12,0.12723792338291573,-0.013699490369203038,0.12723792338291573,-0.013699490369203038,0.14093741375211877,0.20165501435640312,0.6870250892207357,-0.15184368159642547,-0.07702368625268208,0.5,0.8543302279203505,1.0048160783376356,0.15776623246638222,0.5833333333333334
cap150_rank_ridge,3,25.0,holdout_2025_2026,18,0.40403700704613854,-0.12280852134116271,0.25386959097793893,-0.08364672551481533,0.33751631649275426,0.28193930075394946,0.9293570621884609,-0.12466185202210112,-0.34737666250868915,0.5555555555555556,1.191569446306243,0.5636261241280908,0.33722668871299,0.4999999999999999
cap150_rank_lightgbm,3,25.0,validation,24,0.43803765305458997,0.08698189041321247,0.1991820766900203,0.04258423660307309,0.15659784008694722,0.28079987037984405,0.7992943030966043,-0.2195175340054213,-0.08239866000360974,0.7083333333333334,0.7114909919295698,1.5724356163896958,0.16462202035830664,0.375
cap150_rank_lightgbm,3,25.0,holdout_2024,12,0.11712837364192352,-0.013699490369203038,0.11712837364192352,-0.013699490369203038,0.13082786401112656,0.2958627934384754,0.5096255668553625,-0.21541925271172446,-0.07702368625268208,0.5833333333333334,0.6489097663326372,1.7508822265023745,0.17946017597779407,0.5
cap150_rank_lightgbm,3,25.0,holdout_2025_2026,18,-0.1376031159860679,-0.12280852134116271,-0.09397930224285678,-0.08364672551481533,-0.010332576728041443,0.4469315905521686,-0.011766720651573371,-0.4737832295439841,-0.34737666250868915,0.5,0.16059949654798306,1.281717032522765,0.0699364490563743,0.5555555555555556
cap150_raw_ensemble,3,25.0,validation,24,0.016478520136689934,0.08698189041321247,0.008205594180418219,0.04258423660307309,-0.03437864242265487,0.5114289311136807,0.24365435431269036,-0.5446222516149115,-0.08239866000360974,0.4583333333333333,0.154324842939916,0.2746539083121617,0.11815096111558332,0.6388888888888888
cap150_raw_ensemble,3,25.0,holdout_2024,12,0.4022293943173816,-0.013699490369203038,0.4022293943173816,-0.013699490369203038,0.4159288846865846,0.823604084086387,0.7271658095816715,-0.46931598196532154,-0.07702368625268208,0.5833333333333334,0.761563787265392,2.422164539869275,0.8307565820410359,0.638888888888889
cap150_raw_ensemble,3,25.0,holdout_2025_2026,18,-0.5878314779210941,-0.12280852134116271,-0.446161408662051,-0.08364672551481533,-0.3625146831472357,0.6891235291526612,-0.5004632525988753,-0.7806902565615951,-0.34737666250868915,0.3888888888888889,-0.4360553438203579,0.8177578962184147,-0.2606945304201812,0.7222222222222221
cap150_rank_ensemble,3,25.0,validation,24,0.11517001639628632,0.08698189041321247,0.0560161061254163,0.04258423660307309,0.01343186952234321,0.13494580354455724,0.47007899277209897,-0.12928850716428497,-0.08239866000360974,0.5,0.14862890659113012,0.7200930197023447,0.03132836107902448,0.3611111111111111
cap150_rank_ensemble,3,25.0,holdout_2024,12,-0.17027638346804785,-0.013699490369203038,-0.17027638346804785,-0.013699490369203038,-0.15657689309884482,0.1947180360446744,-0.8578296977036374,-0.23240467944994214,-0.07702368625268208,0.4166666666666667,-1.0590590628318493,1.22096756681109,-0.14556075248384281,0.47222222222222215
cap150_rank_ensemble,3,25.0,holdout_2025_2026,18,-0.029491002056990068,-0.12280852134116271,-0.019758592344173542,-0.08364672551481533,0.06388813317064179,0.355334995035982,0.10349977781055364,-0.3775606078694499,-0.34737666250868915,0.3888888888888889,0.3888236503188051,1.0546748537204755,0.10130647025444728,0.574074074074074
cap150_rank_ensemble_volmanaged,3,25.0,validation,24,0.11517001639628632,0.08698189041321247,0.0560161061254163,0.04258423660307309,0.01343186952234321,0.13494580354455724,0.47007899277209897,-0.12928850716428497,-0.08239866000360974,0.5,0.14862890659113012,0.7200930197023447,0.03132836107902448,0.3611111111111111
cap150_rank_ensemble_volmanaged,3,25.0,holdout_2024,12,-0.1591582749726047,-0.013699490369203038,-0.1591582749726047,-0.013699490369203038,-0.14545878460340167,0.19185381616601985,-0.8048551848946398,-0.23240467944994214,-0.07702368625268208,0.4166666666666667,-0.9830106636346222,1.187383396783242,-0.13482986284654608,0.45730473866475774
cap150_rank_ensemble_volmanaged,3,25.0,holdout_2025_2026,18,-0.0209061397673187,-0.12280852134116271,-0.013986446285201515,-0.08364672551481533,0.06966027922961382,0.25229560015052493,0.06091722922839196,-0.2630764010539265,-0.34737666250868915,0.4444444444444444,0.36105096739765224,0.6912728863412453,0.05616274332643667,0.41722062923471026
cap300_composite,3,25.0,validation,24,-0.029152767584837647,0.08698189041321247,-0.014684196607421485,0.04258423660307309,-0.057268433210494574,0.6213730936083272,0.2703974430700255,-0.4535050335016151,-0.08239866000360974,0.4583333333333333,0.19551643544295938,-0.09239127384490183,0.18645513718908213,0.6388888888888888
cap300_composite,3,25.0,holdout_2024,12,0.30413354070174137,-0.013699490369203038,0.30413354070174137,-0.013699490369203038,0.3178330310709444,0.3388391816783131,0.9481363283947091,-0.1443493273418509,-0.07702368625268208,0.5833333333333334,1.014615314385736,0.9152403466932907,0.3838746055297366,0.5833333333333334
cap300_composite,3,25.0,holdout_2025_2026,18,-0.1710698797680581,-0.12280852134116271,-0.11757335399211,-0.08364672551481533,-0.03392662847729466,1.062195113252671,0.23989996821533238,-0.6247951934077713,-0.34737666250868915,0.3888888888888889,0.31030450704588264,1.4652070500962318,0.39604824556163454,0.6481481481481481
cap300_raw_ridge,3,25.0,validation,24,-0.6411383558473339,0.08698189041321247,-0.40094938097631005,0.04258423660307309,-0.44353361757938314,0.5535205175174965,-0.6555543642649805,-0.6441751127322051,-0.08239866000360974,0.2916666666666667,-0.7449077300404259,0.9390413508786892,-0.3378809400302297,0.8888888888888888
cap300_raw_ridge,3,25.0,holdout_2024,12,-0.13380488119658362,-0.013699490369203038,-0.13380488119658362,-0.013699490369203038,-0.12010539082738059,0.2756137882305449,-0.3956391385304558,-0.21510698113184368,-0.07702368625268208,0.3333333333333333,-0.4008334011260652,1.1207788863630606,-0.09478816053183658,0.8333333333333331
cap300_raw_ridge,3,25.0,holdout_2025_2026,18,4.350637651543332,-0.12280852134116271,2.0591705812378427,-0.08364672551481533,2.142817306752658,1.1405013767805483,1.4483983891501113,-0.492075067119482,-0.34737666250868915,0.6111111111111112,1.560952756588034,1.3324571851271167,4.02402717285738,0.8703703703703702
cap300_raw_lightgbm,3,25.0,validation,24,-0.7211459877388913,0.08698189041321247,-0.4719337046723122,0.04258423660307309,-0.5145179412753853,0.48889369183796066,-1.0060316814528172,-0.7867054920026935,-0.08239866000360974,0.3333333333333333,-1.0921036129854695,0.30471110604005586,-0.40344049722116815,0.4305555555555555
cap300_raw_lightgbm,3,25.0,holdout_2024,12,0.5217111270792367,-0.013699490369203038,0.5217111270792367,-0.013699490369203038,0.5354106174484398,0.6263001547235435,0.929740940402512,-0.15703019961107167,-0.07702368625268208,0.5833333333333334,0.9738901262577541,1.6033527923962838,0.7897356505912385,0.7499999999999999
cap300_raw_lightgbm,3,25.0,holdout_2025_2026,18,0.15868331924145096,-0.12280852134116271,0.10317184638193533,-0.08364672551481533,0.18681857189675066,1.2073334261406214,0.49447119154203695,-0.7349439779899156,-0.34737666250868915,0.5,0.5608037210674719,1.2960095968989984,0.9208619079995164,0.8333333333333333
cap300_rank_ridge,3,25.0,validation,24,0.3931929277276063,0.08698189041321247,0.18033593850547747,0.04258423660307309,0.13775170190240438,0.19625073560774617,0.9355371135435961,-0.06938709326755088,-0.08239866000360974,0.5,0.6022222838059244,-0.4970408032129879,0.22668640583478705,0.5555555555555555
cap300_rank_ridge,3,25.0,holdout_2024,12,0.11002009216552322,-0.013699490369203038,0.11002009216552322,-0.013699490369203038,0.12371958253472626,0.18400239412499625,0.652419757114374,-0.08955800038509665,-0.07702368625268208,0.5833333333333334,0.8310863734529552,0.9539974734707991,0.13628590501006266,0.6666666666666666
cap300_rank_ridge,3,25.0,holdout_2025_2026,18,0.892325878136718,-0.12280852134116271,0.5299031976384165,-0.08364672551481533,0.6135499231532319,0.2670354877744784,1.7353689086875606,-0.056111789510323584,-0.34737666250868915,0.6111111111111112,1.675265965267025,0.29486226399662746,0.6013558046285552,0.611111111111111
cap300_rank_lightgbm,3,25.0,validation,24,0.15347264395930482,0.08698189041321247,0.0739984375963052,0.04258423660307309,0.03141420099323211,0.28428707759986066,0.41907892331464863,-0.33969325557185104,-0.08239866000360974,0.6666666666666666,0.24497937718575044,-0.21635223416999264,0.13681463272840144,0.4583333333333333
cap300_rank_lightgbm,3,25.0,holdout_2024,12,0.054743689147776387,-0.013699490369203038,0.054743689147776387,-0.013699490369203038,0.06844317951697942,0.217923603297839,0.34434878945171027,-0.15491610671215839,-0.07702368625268208,0.5833333333333334,0.543242802351926,1.5943117502511188,0.09280957350076302,0.4166666666666667
cap300_rank_lightgbm,3,25.0,holdout_2025_2026,18,0.6662046242461457,-0.12280852134116271,0.4054612957173742,-0.08364672551481533,0.48910802123218955,0.5030233856658881,0.9241634697889133,-0.3857800304924056,-0.34737666250868915,0.6111111111111112,1.2116233793843558,1.049876435136376,0.6712360963159567,0.7592592592592592
cap300_raw_ensemble,3,25.0,validation,24,-0.49966889597758934,0.08698189041321247,-0.292659131661113,0.04258423660307309,-0.3352433682641861,0.40203505003851076,-0.6308623229346881,-0.5869659031278434,-0.08239866000360974,0.5,-0.7027955409558653,-0.835965164815295,-0.19572040739704166,0.7916666666666666
cap300_raw_ensemble,3,25.0,holdout_2024,12,0.2789336731239431,-0.013699490369203038,0.2789336731239431,-0.013699490369203038,0.29263316349314616,0.337565223678705,0.8907425025322473,-0.30036959540540975,-0.07702368625268208,0.5833333333333334,0.9945416824825397,1.291204363155886,0.36079002224700285,0.7222222222222222
cap300_raw_ensemble,3,25.0,holdout_2025_2026,18,1.6014629396892217,-0.12280852134116271,0.8915235912671955,-0.08364672551481533,0.9751703167820108,1.394095691720074,0.8743854984370334,-0.5022978721161987,-0.34737666250868915,0.5555555555555556,0.9526833458287111,1.7189448979976987,2.488833890762315,0.8518518518518517
cap300_rank_ensemble,3,25.0,validation,24,0.08382238008755993,0.08698189041321247,0.0410679036871513,0.04258423660307309,-0.001516332915921792,0.15881512296434125,0.33187702132144065,-0.1892618123438471,-0.08239866000360974,0.4166666666666667,0.03863316757542439,-0.37438429799229533,0.07189472285155585,0.6527777777777777
cap300_rank_ensemble,3,25.0,holdout_2024,12,0.14227216790267905,-0.013699490369203038,0.14227216790267905,-0.013699490369203038,0.15597165827188209,0.3042686604772581,0.5740627375681009,-0.1577683803615031,-0.07702368625268208,0.5,0.6828013691418039,1.442046596398617,0.20432591839813385,0.611111111111111
cap300_rank_ensemble,3,25.0,holdout_2025_2026,18,0.34605836581906635,-0.12280852134116271,0.2191091597993684,-0.08364672551481533,0.30275588531418374,0.34865122925778824,0.7238857330519859,-0.23532944987199966,-0.34737666250868915,0.6111111111111112,1.0724637318967496,0.8122743177193289,0.34315477596138866,0.7222222222222222
cap300_rank_ensemble_volmanaged,3,25.0,validation,24,0.08382238008755993,0.08698189041321247,0.0410679036871513,0.04258423660307309,-0.001516332915921792,0.15881512296434125,0.33187702132144065,-0.1892618123438471,-0.08239866000360974,0.4166666666666667,0.03863316757542439,-0.37438429799229533,0.07189472285155585,0.6527777777777777
cap300_rank_ensemble_volmanaged,3,25.0,holdout_2024,12,0.13400728565707398,-0.013699490369203038,0.13400728565707398,-0.013699490369203038,0.14770677602627702,0.2965770929393238,0.5570832535921532,-0.1577683803615031,-0.07702368625268208,0.5,0.6635507176265037,1.3866587544831672,0.19259297744934778,0.5843956450905813
cap300_rank_ensemble_volmanaged,3,25.0,holdout_2025_2026,18,0.20081629568700854,-0.12280852134116271,0.12975528571584816,-0.08364672551481533,0.2134020112306635,0.23032892539638675,0.6324364792058401,-0.14749172899267082,-0.34737666250868915,0.5,0.8649227064487744,0.4849281689661488,0.18775670077355677,0.5171141883039532
cap500_composite,3,25.0,validation,24,0.49186459055114407,0.08698189041321247,0.2214190888270675,0.04258423660307309,0.17883485222399442,0.5342263486180762,0.6285402205208803,-0.37760286481893424,-0.08239866000360974,0.5,0.542929190404986,0.42637259965073626,0.3667132262495596,0.6527777777777778
cap500_composite,3,25.0,holdout_2024,12,0.18024649348889632,-0.013699490369203038,0.18024649348889632,-0.013699490369203038,0.19394598385809936,0.34402284644219555,0.6405827943188983,-0.1605050518914155,-0.07702368625268208,0.5,0.6979825830309443,0.9873069211172075,0.25471725687296276,0.5555555555555556
cap500_composite,3,25.0,holdout_2025_2026,18,-0.18092895463288006,-0.12280852134116271,-0.12458419659573938,-0.08364672551481533,-0.04093747108092405,0.7301371716822724,0.14711848603837382,-0.5317924833400742,-0.34737666250868915,0.3888888888888889,0.24703209543478385,1.234296229531283,0.19298570481588628,0.6666666666666666
cap500_raw_ridge,3,25.0,validation,24,-0.6645476779803243,0.08698189041321247,-0.42081753995854154,0.04258423660307309,-0.46340177656161463,0.47344490112415044,-0.8855183172931839,-0.7604313694616129,-0.08239866000360974,0.4166666666666667,-1.022876317024973,1.7537222045208662,-0.39900117522212775,0.9305555555555555
cap500_raw_ridge,3,25.0,holdout_2024,12,-0.47056464772201545,-0.013699490369203038,-0.47056464772201545,-0.013699490369203038,-0.4568651573528124,0.5538335839623588,-0.8473966545285633,-0.5772978773563207,-0.07702368625268208,0.3333333333333333,-0.8663774728770364,1.6189625409164394,-0.3711819060601371,0.8333333333333334
cap500_raw_ridge,3,25.0,holdout_2025_2026,18,-0.558068720773492,-0.12280852134116271,-0.4198105498404612,-0.08364672551481533,-0.33616382432564584,0.44736852045371817,-0.9877147131379552,-0.5881987083153553,-0.34737666250868915,0.3333333333333333,-0.8363792493331472,0.4053517969415274,-0.3470481185898371,0.9259259259259258
cap500_raw_lightgbm,3,25.0,validation,24,0.90701907112488,0.08698189041321247,0.38094861277488534,0.04258423660307309,0.33836437617181225,0.6790287044083602,0.755215151495396,-0.36634875164121017,-0.08239866000360974,0.4166666666666667,0.704938550549942,1.9683548916880425,0.5166904330027009,0.5
cap500_raw_lightgbm,3,25.0,holdout_2024,12,0.8989491298041099,-0.013699490369203038,0.8989491298041099,-0.013699490369203038,0.9126486201733129,1.1708512611442778,1.0538665243510463,-0.4295312979782612,-0.07702368625268208,0.75,1.064866655541213,0.9135180803706585,2.260276034347951,0.6944444444444445
cap500_raw_lightgbm,3,25.0,holdout_2025_2026,18,0.218862530053741,-0.12280852134116271,0.1410459947126521,-0.08364672551481533,0.22469272022746745,0.6049956114460915,0.4877283734216853,-0.4091212982304212,-0.34737666250868915,0.5,0.6549615788563766,1.1277308422989294,0.4248563032160382,0.7777777777777778
cap500_rank_ridge,3,25.0,validation,24,-0.06685753709355313,0.08698189041321247,-0.03400700680261304,0.04258423660307309,-0.07659124340568613,0.1276617176107302,-0.2084150814791821,-0.12886233710232886,-0.08239866000360974,0.375,-0.4267552599978277,-0.33760349440201687,-0.011288281893914176,0.8055555555555555
cap500_rank_ridge,3,25.0,holdout_2024,12,0.02758859373374767,-0.013699490369203038,0.02758859373374767,-0.013699490369203038,0.041288084102950706,0.17545340817424557,0.2343758563260865,-0.14317256901478925,-0.07702368625268208,0.3333333333333333,0.2183027303374761,-0.4951907460781731,0.037387234632344724,0.75
cap500_rank_ridge,3,25.0,holdout_2025_2026,18,3.065125108091798,-0.12280852134116271,1.5471192455690068,-0.08364672551481533,1.630765971083822,0.7086670324054892,1.6056096305314589,-0.036748912155888824,-0.34737666250868915,0.6111111111111112,1.6041337801808484,0.07167838801294385,1.9766924264566907,0.8148148148148148
cap500_rank_lightgbm,3,25.0,validation,24,0.21803859320197883,0.08698189041321247,0.10364785742644322,0.04258423660307309,0.061063620823370135,0.12860822729481458,0.8303461411059573,-0.12141228176983243,-0.08239866000360974,0.5,0.5328428045226206,0.7216803025836269,0.076743775669043,0.7222222222222222
cap500_rank_lightgbm,3,25.0,holdout_2024,12,0.046733544583209774,-0.013699490369203038,0.046733544583209774,-0.013699490369203038,0.06043303495241281,0.18697212269596708,0.33083747877829645,-0.1490209256210243,-0.07702368625268208,0.5833333333333334,0.4784536930927412,1.10781990869052,0.0740105684480028,0.7222222222222222
cap500_rank_lightgbm,3,25.0,holdout_2025_2026,18,1.19829420265693,-0.12280852134116271,0.6906636285261374,-0.08364672551481533,0.7743103540409527,0.4832981297526104,1.2975218288731771,-0.2031133009687377,-0.34737666250868915,0.5555555555555556,1.4998467885143536,0.7080807032736308,0.9146685149005194,0.8148148148148148
cap500_raw_ensemble,3,25.0,validation,24,0.6441467270108658,0.08698189041321247,0.28224285024751294,0.04258423660307309,0.23965861364443986,0.4479937504696745,0.7701505621929319,-0.207754039690334,-0.08239866000360974,0.5,0.675286025517989,0.7487193443430659,0.35963267624749506,0.875
cap500_raw_ensemble,3,25.0,holdout_2024,12,-0.1584614304491302,-0.013699490369203038,-0.1584614304491302,-0.013699490369203038,-0.14476194007992715,0.49391889574112724,-0.08873900074869642,-0.4783979050902357,-0.07702368625268208,0.5833333333333334,-0.07395959321619279,1.4108683033479315,-0.030957836567563235,0.8333333333333331
cap500_raw_ensemble,3,25.0,holdout_2025_2026,18,-0.11663981723032457,-0.12280852134116271,-0.07935567642821606,-0.08364672551481533,0.0042910490865992745,0.7907508628162498,0.2967975139756715,-0.5263447144123452,-0.34737666250868915,0.6111111111111112,0.415800350646034,1.5846868795529796,0.37807224186669175,0.8148148148148148
cap500_rank_ensemble,3,25.0,validation,24,0.3720480716449126,0.08698189041321247,0.17134455718414143,0.04258423660307309,0.12876032058106834,0.1348457920619842,1.2419465267313499,-0.08225577086839964,-0.08239866000360974,0.5416666666666666,0.7523992910376273,-0.07348815614761964,0.18481764674055556,0.6944444444444443
cap500_rank_ensemble,3,25.0,holdout_2024,12,0.0521731257660516,-0.013699490369203038,0.0521731257660516,-0.013699490369203038,0.06587261613525464,0.17484671626500956,0.3718835919167313,-0.14744211688302888,-0.07702368625268208,0.5833333333333334,0.49533099743349374,0.8863419989445142,0.07530840407773387,0.75
cap500_rank_ensemble,3,25.0,holdout_2025_2026,18,2.2192312895445716,-0.12280852134116271,1.1802256938556406,-0.08364672551481533,1.2638724193704558,0.6841311268205551,1.3999563167013875,-0.08311721228489499,-0.34737666250868915,0.6111111111111112,1.4164612299766757,0.13196508727789585,1.5304965734185458,0.7592592592592592
cap500_rank_ensemble_volmanaged,3,25.0,validation,24,0.3720480716449126,0.08698189041321247,0.17134455718414143,0.04258423660307309,0.12876032058106834,0.1348457920619842,1.2419465267313499,-0.08225577086839964,-0.08239866000360974,0.5416666666666666,0.7523992910376273,-0.07348815614761964,0.18481764674055556,0.6944444444444443
cap500_rank_ensemble_volmanaged,3,25.0,holdout_2024,12,0.060504085817842945,-0.013699490369203038,0.060504085817842945,-0.013699490369203038,0.07420357618704598,0.15508327272895475,0.4503826609151336,-0.12064732387118837,-0.07702368625268208,0.5833333333333334,0.5929087770205056,0.7983765408853499,0.07964467974293954,0.7257610382757923
cap500_rank_ensemble_volmanaged,3,25.0,holdout_2025_2026,18,1.4231091879886715,-0.12280852134116271,0.8040503581585208,-0.08364672551481533,0.8876970836733361,0.6703526297698086,1.114359610310687,-0.05218930368346364,-0.34737666250868915,0.5555555555555556,1.1130982276697439,-0.08939084000868101,1.0542023673897125,0.5514850048446641
capall_composite,3,25.0,validation,24,-0.07190753580997511,0.08698189041321247,-0.036624442810580304,0.04258423660307309,-0.0792086794136534,0.5212631617875122,0.17354994593881673,-0.5574928079075983,-0.08239866000360974,0.4583333333333333,0.08724738710106884,0.6771767421338614,0.061526891044060505,0.611111111111111
capall_composite,3,25.0,holdout_2024,12,1.611077325177452,-0.013699490369203038,1.611077325177452,-0.013699490369203038,1.6247768155466549,1.041067000937285,1.3014470083950451,-0.16050505189141528,-0.07702368625268208,0.5833333333333334,1.3406805189888282,2.7742007191206484,2.690069914404272,0.6666666666666666
capall_composite,3,25.0,holdout_2025_2026,18,-4.263778671353968e-06,-0.12280852134116271,-2.8425211342497647e-06,-0.08364672551481533,0.08364388299368108,0.715981613897977,0.35064047582044555,-0.6111123158602209,-0.34737666250868915,0.5,0.48161868676288555,1.3432681923377103,0.3815648802752507,0.5185185185185186
capall_raw_ridge,3,25.0,validation,24,-0.715597588336276,0.08698189041321247,-0.4667060738544605,0.04258423660307309,-0.5092903104575336,0.41229902993658535,-1.2705606249393557,-0.7619515707037448,-0.08239866000360974,0.375,-1.3878822292489694,0.6310299754026004,-0.4319185417773692,0.9444444444444443
capall_raw_ridge,3,25.0,holdout_2024,12,0.8735095714730721,-0.013699490369203038,0.8735095714730721,-0.013699490369203038,0.8872090618422751,0.8812075118407171,1.0676274955415617,-0.32378959032634025,-0.07702368625268208,0.5833333333333334,1.1775257679782987,6.333921324383887,1.6047905518888679,0.9444444444444443
capall_raw_ridge,3,25.0,holdout_2025_2026,18,0.5302786145822458,-0.12280852134116271,0.32794576849014034,-0.08364672551481533,0.4115924940049557,0.6806265647618318,0.706460485843206,-0.5136556282481508,-0.34737666250868915,0.5555555555555556,0.783534653740427,0.43556747376833904,0.6409845275225885,0.7777777777777778
capall_raw_lightgbm,3,25.0,validation,24,1.241128417778544,0.08698189041321247,0.4970398851662383,0.04258423660307309,0.4544556485631652,0.918418749745527,0.8126168555127421,-0.6950818530615017,-0.08239866000360974,0.5833333333333334,0.7908123944847764,4.505902789773239,0.7001998341966387,0.7083333333333334
capall_raw_lightgbm,3,25.0,holdout_2024,12,4.917538776261865,-0.013699490369203038,4.917538776261865,-0.013699490369203038,4.931238266631068,2.2612635855151564,1.3514010525839228,-0.2928780246166347,-0.07702368625268208,0.75,1.395123231195876,13.805945464116435,15.7575194709908,0.6944444444444445
capall_raw_lightgbm,3,25.0,holdout_2025_2026,18,1.688189976162381,-0.12280852134116271,0.9333328854351497,-0.08364672551481533,1.016979610949965,0.8666478456981013,1.1389628266648308,-0.32689262377030615,-0.34737666250868915,0.6666666666666666,1.3047793831639019,1.40220495821991,1.7792907347475393,0.7222222222222221
capall_rank_ridge,3,25.0,validation,24,-0.16447112941912634,0.08698189041321247,-0.08592731657658992,0.04258423660307309,-0.128511553179663,0.27402779670438454,-0.19726926782285217,-0.25611964529372966,-0.08239866000360974,0.4583333333333333,-0.32311612285610863,-0.8436112409538657,-0.015810691777963237,0.7777777777777777
capall_rank_ridge,3,25.0,holdout_2024,12,1.5417993367236589,-0.013699490369203038,1.5417993367236589,-0.013699490369203038,1.5554988270928618,0.5702651510528868,1.918894467995911,-0.07333434914257098,-0.07702368625268208,0.75,2.145847532976749,3.318065207835431,1.9269814034610988,0.7222222222222222
capall_rank_ridge,3,25.0,holdout_2025_2026,18,0.6116564275291554,-0.12280852134116271,0.3746167862804983,-0.08364672551481533,0.45826351179531366,0.5976143682612564,0.7420204736536887,-0.17064954160982404,-0.34737666250868915,0.5555555555555556,0.8327114873443362,0.46723631489826073,0.5858141572785085,0.6851851851851851
capall_rank_lightgbm,3,25.0,validation,24,0.1298775236132126,0.08698189041321247,0.06295697166593373,0.04258423660307309,0.020372735062860636,0.23116783665533935,0.3762299791091981,-0.19504674477328965,-0.08239866000360974,0.5,0.17418363060886094,0.21588930378763477,0.08000624023837188,0.8055555555555555
capall_rank_lightgbm,3,25.0,holdout_2024,12,0.053802486585670106,-0.013699490369203038,0.053802486585670106,-0.013699490369203038,0.06750197695487314,0.14901403657216514,0.41940959455511245,-0.07197291806327999,-0.07702368625268208,0.6666666666666666,0.7739660664822776,1.134251656854034,0.07494329255430987,0.8888888888888887
capall_rank_lightgbm,3,25.0,holdout_2025_2026,18,1.0678273531813995,-0.12280852134116271,0.623090928893667,-0.08364672551481533,0.7067376544084824,0.41792444301809645,1.3449146168083386,-0.09236488967954293,-0.34737666250868915,0.6666666666666666,1.447848771307395,0.433534927581309,0.7733776233702063,0.8703703703703702
capall_raw_ensemble,3,25.0,validation,24,-0.2217022700147201,0.08698189041321247,-0.1177881603689056,0.04258423660307309,-0.1603723969719787,0.630494473613013,0.05871914132149814,-0.4426899517475912,-0.08239866000360974,0.4166666666666667,-0.013154676815918842,1.2732458122266792,-0.0203359669782478,0.9444444444444443
capall_raw_ensemble,3,25.0,holdout_2024,12,1.9407802728841728,-0.013699490369203038,1.9407802728841728,-0.013699490369203038,1.9544797632533757,1.9101277562773475,1.0280750695803809,-0.2920961380365098,-0.07702368625268208,0.6666666666666666,1.0678172179588068,11.41790935736513,5.718033200432247,0.8888888888888888
capall_raw_ensemble,3,25.0,holdout_2025_2026,18,-0.270572611040664,-0.12280852134116271,-0.18968344651147495,-0.08364672551481533,-0.10603672099665962,0.7276526478967448,0.02304522630964454,-0.49108598833063755,-0.34737666250868915,0.3888888888888889,0.10963904176445337,1.1259791372975738,0.08401324052678905,0.8888888888888888
capall_rank_ensemble,3,25.0,validation,24,-0.2375289748800452,0.08698189041321247,-0.12680413129701829,0.04258423660307309,-0.16938836790009137,0.22265378535479047,-0.4917194648641026,-0.26029185466834526,-0.08239866000360974,0.4166666666666667,-0.7365940737068982,0.8817665843867188,-0.13952925701659025,0.8888888888888888
capall_rank_ensemble,3,25.0,holdout_2024,12,0.30695268193476544,-0.013699490369203038,0.30695268193476544,-0.013699490369203038,0.3206521723039685,0.46588287630706593,0.7777530979571757,-0.22191343629528593,-0.07702368625268208,0.5833333333333334,0.826567741434862,1.213213554624046,0.44389570262563915,0.861111111111111
capall_rank_ensemble,3,25.0,holdout_2025_2026,18,0.34248349121054966,-0.12280852134116271,0.2169497221174772,-0.08364672551481533,0.30059644763229254,0.5945913891592135,0.5420069883769437,-0.13880263952917504,-0.34737666250868915,0.5,0.5869566793786906,-0.021085439921316864,0.3727977383933998,0.8518518518518517
capall_rank_ensemble_volmanaged,3,25.0,validation,24,-0.2375289748800452,0.08698189041321247,-0.12680413129701829,0.04258423660307309,-0.16938836790009137,0.22265378535479047,-0.4917194648641026,-0.26029185466834526,-0.08239866000360974,0.4166666666666667,-0.7365940737068982,0.8817665843867188,-0.13952925701659025,0.8888888888888888
capall_rank_ensemble_volmanaged,3,25.0,holdout_2024,12,0.279128412336632,-0.013699490369203038,0.279128412336632,-0.013699490369203038,0.29282790270583503,0.4591113464634911,0.7353563075970387,-0.22191343629528593,-0.07702368625268208,0.5833333333333334,0.7828495638357927,1.192198904500107,0.40938742036313536,0.8312051226543086
capall_rank_ensemble_volmanaged,3,25.0,holdout_2025_2026,18,0.38487876782455577,-0.12280852134116271,0.24243736721043008,-0.08364672551481533,0.3260840927252454,0.5755975806588828,0.577488358962537,-0.133293686835656,-0.34737666250868915,0.3888888888888889,0.6103254905315548,-0.11691177530646099,0.3790503536930365,0.6041523797902503
cap150_composite,3,100.0,validation,24,-0.520875018661622,0.08698189041321247,-0.3078114553545558,0.04258423660307309,-0.3503956919576289,0.5745254698652541,-0.31834002037146597,-0.6951656848143332,-0.08239866000360974,0.4166666666666667,-0.40790215753506176,1.7122810450444985,-0.23137583546998897,0.5694444444444444
cap150_composite,3,100.0,holdout_2024,12,0.059941324384525485,-0.013699490369203038,0.059941324384525485,-0.013699490369203038,0.07364081475372852,0.28242104829649733,0.3313836168210762,-0.1411587868907992,-0.07702368625268208,0.5,0.3565959818128317,0.37553758711845003,0.10131786260980613,0.5833333333333333
cap150_composite,3,100.0,holdout_2025_2026,18,-0.7654235490445668,-0.12280852134116271,-0.6196445815084884,-0.08364672551481533,-0.5359978559936731,0.7048640692432084,-0.9664122942848831,-0.7333680704667173,-0.34737666250868915,0.3333333333333333,-1.0580040227897791,1.7116164749892766,-0.450260020985326,0.6296296296296295
cap150_raw_ridge,3,100.0,validation,24,-0.5485553239280383,0.08698189041321247,-0.32810367163381393,0.04258423660307309,-0.370687908236887,0.5008711532527356,-0.5432096929432566,-0.7119855709242869,-0.08239866000360974,0.375,-0.6435242921514819,1.0432493598516404,-0.27642820569640825,0.7083333333333334
cap150_raw_ridge,3,100.0,holdout_2024,12,-0.5607000544551011,-0.013699490369203038,-0.5607000544551011,-0.013699490369203038,-0.5470005640858979,0.3958984727248696,-1.812030046205475,-0.5637345930192093,-0.07702368625268208,0.3333333333333333,-2.050782579317188,2.227182483028809,-0.5127006930758794,0.7777777777777777
cap150_raw_ridge,3,100.0,holdout_2025_2026,18,-0.6050880139966668,-0.12280852134116271,-0.4617299570079977,-0.08364672551481533,-0.37808323149318235,0.6127758187177613,-0.6753055686327335,-0.7857296432668179,-0.34737666250868915,0.4444444444444444,-0.737532143422715,1.6519122410783103,-0.27674852612678735,0.8148148148148148
cap150_raw_lightgbm,3,100.0,validation,24,-0.3641361233363325,0.08698189041321247,-0.20258926727584892,0.04258423660307309,-0.245173503878922,0.520837998661193,-0.1792690300745895,-0.6753060339298308,-0.08239866000360974,0.375,-0.28257716228522695,2.6474237364216258,-0.19341504513939523,0.5694444444444444
cap150_raw_lightgbm,3,100.0,holdout_2024,12,0.699843335219698,-0.013699490369203038,0.699843335219698,-0.013699490369203038,0.713542825588901,0.8032180716983428,0.9646827057962659,-0.19815934416966285,-0.07702368625268208,0.5833333333333334,0.9984889627761776,1.8492518311270618,1.151463375693115,0.5277777777777778
cap150_raw_lightgbm,3,100.0,holdout_2025_2026,18,0.044754155625581715,-0.12280852134116271,0.029617869903032723,-0.08364672551481533,0.11326459541784806,0.8015231690595066,0.4596619676880096,-0.7474121163811276,-0.34737666250868915,0.5555555555555556,0.6040445765677148,1.6924935442122986,0.5779254125318039,0.7037037037037037
cap150_rank_ridge,3,100.0,validation,24,-0.44252240712135693,0.08698189041321247,-0.2533557789156585,0.04258423660307309,-0.2959400155187316,0.17787585567285005,-1.529977109386713,-0.48263659363357647,-0.08239866000360974,0.25,-1.567425493679194,-0.1519615939764736,-0.23528610534935857,0.5555555555555555
cap150_rank_ridge,3,100.0,holdout_2024,12,0.06955268960295502,-0.013699490369203038,0.06955268960295502,-0.013699490369203038,0.08325217997215806,0.20369451266248984,0.42240732509364837,-0.16942831418238746,-0.07702368625268208,0.5,0.5368239840211699,0.975049766393519,0.09884214939034242,0.5833333333333334
cap150_rank_ridge,3,100.0,holdout_2025_2026,18,0.31368650973754875,-0.12280852134116271,0.19948409440574988,-0.08364672551481533,0.2831308199205652,0.28249038861069903,0.7682465988718596,-0.13933261462169444,-0.34737666250868915,0.5,1.0195934073791595,0.5616913952490294,0.27952111702840865,0.4999999999999999
cap150_rank_lightgbm,3,100.0,validation,24,0.34547315657115973,0.08698189041321247,0.15994532481973467,0.04258423660307309,0.11736108821666158,0.2799249777437199,0.6812244417840363,-0.22201753400542135,-0.08239866000360974,0.7083333333333334,0.5799754951618094,1.5755842658795662,0.1262406448577511,0.375
cap150_rank_lightgbm,3,100.0,holdout_2024,12,0.06840382800500411,-0.013699490369203038,0.06840382800500411,-0.013699490369203038,0.08210331837420715,0.2951960639403585,0.3583355496192041,-0.2216076701467513,-0.07702368625268208,0.4166666666666667,0.46622815661982697,1.7362444882958443,0.12801751865684086,0.5
cap150_rank_lightgbm,3,100.0,holdout_2025_2026,18,-0.20143160158315188,-0.12280852134116271,-0.13925452823277062,-0.08364672551481533,-0.05560780271795529,0.4477955601360594,-0.12340211492851931,-0.49245270188626544,-0.34737666250868915,0.5,0.005379413644896516,1.286812251246596,0.018230990444784823,0.5555555555555556
cap150_raw_ensemble,3,100.0,validation,24,-0.09665495162403637,0.08698189041321247,-0.04955534176051912,0.04258423660307309,-0.09213957836359221,0.5135042164376833,0.13069393364071383,-0.5665775074577939,-0.08239866000360974,0.375,0.042388251092849,0.2528671330425364,0.0571256999814409,0.6388888888888888
cap150_raw_ensemble,3,100.0,holdout_2024,12,0.32273554292683615,-0.013699490369203038,0.32273554292683615,-0.013699490369203038,0.3364350332960392,0.825737555784044,0.6556523035522932,-0.48457286047394943,-0.07702368625268208,0.5833333333333334,0.687709034675147,2.4308341469166397,0.7332585040978512,0.638888888888889
cap150_raw_ensemble,3,100.0,holdout_2025_2026,18,-0.6297309357847021,-0.12280852134116271,-0.4843619559677813,-0.08364672551481533,-0.400715230452966,0.690913933220067,-0.5932446620838415,-0.7938411782574786,-0.34737666250868915,0.3888888888888889,-0.5334014166890004,0.8231247220836088,-0.308278130738315,0.7222222222222221
cap150_rank_ensemble,3,100.0,validation,24,0.04525925188441238,0.08698189041321247,0.022379211390965326,0.04258423660307309,-0.020205025212107763,0.13451082278473045,0.2299828873885883,-0.1564007624164918,-0.08239866000360974,0.4166666666666667,-0.11723565330379951,0.729302692922171,-0.0020270618053132017,0.3611111111111111
cap150_rank_ensemble,3,100.0,holdout_2024,12,-0.205157410426678,-0.013699490369203038,-0.205157410426678,-0.013699490369203038,-0.19145792005747497,0.1928592573490844,-1.086465419797717,-0.23868232758931973,-0.07702368625268208,0.3333333333333333,-1.3611298558609484,1.2141906220648775,-0.18168571946836742,0.47222222222222215
cap150_rank_ensemble,3,100.0,holdout_2025_2026,18,-0.10131466506083298,-0.12280852134116271,-0.06873824047387334,-0.08364672551481533,0.014908485040941999,0.3529436642592317,-0.042186827927281345,-0.386164735802654,-0.34737666250868915,0.3333333333333333,0.17468295149483717,1.0414133318768792,0.04538114513471392,0.574074074074074
cap150_rank_ensemble_volmanaged,3,100.0,validation,24,0.04525925188441238,0.08698189041321247,0.022379211390965326,0.04258423660307309,-0.020205025212107763,0.13451082278473045,0.2299828873885883,-0.1564007624164918,-0.08239866000360974,0.4166666666666667,-0.11723565330379951,0.729302692922171,-0.0020270618053132017,0.3611111111111111
cap150_rank_ensemble_volmanaged,3,100.0,holdout_2024,12,-0.1933592045584196,-0.013699490369203038,-0.1933592045584196,-0.013699490369203038,-0.17965971418921656,0.18991822338562173,-1.0297693484935926,-0.23868232758931973,-0.07702368625268208,0.3333333333333333,-1.277912510757829,1.180100820053258,-0.1702442319556482,0.45730473866475774
cap150_rank_ensemble_volmanaged,3,100.0,holdout_2025_2026,18,-0.07425144846343101,-0.12280852134116271,-0.05013468920696995,-0.08364672551481533,0.03351203630784538,0.250841690841439,-0.08842512442423495,-0.27086364723958045,-0.34737666250868915,0.4444444444444444,0.17334208007610186,0.6839775917751753,0.01693123028367971,0.41722062923471026
cap300_composite,3,100.0,validation,24,-0.13487223457707087,0.08698189041321247,-0.06987755353237002,0.04258423660307309,-0.11246179013544311,0.6203668767236674,0.17814893065838452,-0.4656345293236772,-0.08239866000360974,0.4583333333333333,0.10412198451595427,-0.10513529545034683,0.12155896576912828,0.6388888888888888
cap300_composite,3,100.0,holdout_2024,12,0.23898095491341032,-0.013699490369203038,0.23898095491341032,-0.013699490369203038,0.25268044528261335,0.33731267942613113,0.7967851611448281,-0.1493493273418508,-0.07702368625268208,0.5833333333333334,0.8579930369535013,0.9216470594114587,0.31486711463679073,0.5833333333333334
cap300_composite,3,100.0,holdout_2025_2026,18,-0.24317749804754918,-0.12280852134116271,-0.16951965702105365,-0.08364672551481533,-0.08587293150623831,1.0610834771355102,0.18517604392907788,-0.6382645766887066,-0.34737666250868915,0.3888888888888889,0.2525899088007778,1.467875335279146,0.3190685535979165,0.6481481481481481
cap300_raw_ridge,3,100.0,validation,24,-0.6971415423881966,0.08698189041321247,-0.44967422592449524,0.04258423660307309,-0.49225846252756833,0.554081488117579,-0.7992737538901994,-0.6950178081087353,-0.08239866000360974,0.2916666666666667,-0.8897015308122479,0.9238016752516283,-0.3902312613421577,0.8888888888888888
cap300_raw_ridge,3,100.0,holdout_2024,12,-0.19682163694347643,-0.013699490369203038,-0.19682163694347643,-0.013699490369203038,-0.1831221465742734,0.273067731735972,-0.6739851705385651,-0.22528719868999791,-0.07702368625268208,0.25,-0.7039354260394246,1.0823354007881272,-0.16120933717142416,0.8333333333333331
cap300_raw_ridge,3,100.0,holdout_2025_2026,18,3.794801895313701,-0.12280852134116271,1.843459927763655,-0.08364672551481533,1.9271066532784702,1.1389387471113683,1.381608122131286,-0.5074861172819374,-0.34737666250868915,0.6111111111111112,1.4919441164437228,1.3366992953985386,3.6916029055207717,0.8703703703703702
cap300_raw_lightgbm,3,100.0,validation,24,-0.7427529788684929,0.08698189041321247,-0.4928047504840891,0.04258423660307309,-0.5353889870871622,0.48731499767231146,-1.0888081536292236,-0.8023846742503511,-0.08239866000360974,0.2916666666666667,-1.1753004288994056,0.32316510966442963,-0.42763189248616573,0.4305555555555555
cap300_raw_lightgbm,3,100.0,holdout_2024,12,0.42522215490714865,-0.013699490369203038,0.42522215490714865,-0.013699490369203038,0.4389216452763517,0.6245683245369059,0.8242443214016797,-0.16453019961107163,-0.07702368625268208,0.5833333333333334,0.8649289298847074,1.5917167585058694,0.677815872336756,0.7499999999999999
cap300_raw_lightgbm,3,100.0,holdout_2025_2026,18,0.030565746118496717,-0.12280852134116271,0.02027474243009819,-0.08364672551481533,0.10392146794491353,1.2084365656735014,0.43195614287073486,-0.7487462830930247,-0.34737666250868915,0.4444444444444444,0.49606789192419953,1.2988635233218109,0.7890571731771485,0.8333333333333333
cap300_rank_ridge,3,100.0,validation,24,0.26220336758058593,0.08698189041321247,0.12347824526360363,0.04258423660307309,0.08089400866053054,0.19533119283681014,0.6839657546805368,-0.09513795845011042,-0.08239866000360974,0.4583333333333333,0.38656040475713627,-0.4859708779518558,0.16715104008463944,0.5555555555555555
cap300_rank_ridge,3,100.0,holdout_2024,12,0.045469970522751035,-0.013699490369203038,0.045469970522751035,-0.013699490369203038,0.05916946089195407,0.1852738071576085,0.3240976056178994,-0.10587808386282072,-0.07702368625268208,0.5833333333333334,0.4419151142737033,0.9647262770133673,0.07073680665973248,0.6666666666666666
cap300_rank_ridge,3,100.0,holdout_2025_2026,18,0.7480841391162159,-0.12280852134116271,0.45113635177606093,-0.08364672551481533,0.5347830772908763,0.26497311361700565,1.5413076346695274,-0.06580315555547944,-0.34737666250868915,0.6111111111111112,1.502354128501312,0.2902558309833509,0.5183079112315583,0.611111111111111
cap300_rank_lightgbm,3,100.0,validation,24,0.06275321963441671,0.08698189041321247,0.030899228651577237,0.04258423660307309,-0.011685007951495852,0.2834266094715337,0.274810902681459,-0.342193255571851,-0.08239866000360974,0.6666666666666666,0.10854168497553918,-0.22304940000798903,0.09160551984599419,0.4583333333333333
cap300_rank_lightgbm,3,100.0,holdout_2024,12,0.01597354298500342,-0.013699490369203038,0.01597354298500342,-0.013699490369203038,0.029673033354206457,0.2179002208236237,0.17228862296084227,-0.1723703154644739,-0.07702368625268208,0.5833333333333334,0.30247236780016223,1.6097297197495783,0.05296040502119559,0.4166666666666667
cap300_rank_lightgbm,3,100.0,holdout_2025_2026,18,0.5024767925463023,-0.12280852134116271,0.3118127521564007,-0.08364672551481533,0.39545947767121603,0.5067724214006164,0.7824863536430363,-0.4090748467022327,-0.34737666250868915,0.5555555555555556,1.0416103957435043,1.0475622021723376,0.5648447917659614,0.7592592592592592
cap300_raw_ensemble,3,100.0,validation,24,-0.5692729801017649,0.08698189041321247,-0.34370203421141465,0.04258423660307309,-0.38628627081448774,0.40352042786746617,-0.8051110752567967,-0.6169854156814867,-0.08239866000360974,0.4166666666666667,-0.867839849694156,-0.8259713582131394,-0.2525189987978219,0.7916666666666666
cap300_raw_ensemble,3,100.0,holdout_2024,12,0.20014561762332383,-0.013699490369203038,0.20014561762332383,-0.013699490369203038,0.21384510799252687,0.33633958592130875,0.7007313500188733,-0.3100381046709215,-0.07702368625268208,0.5833333333333334,0.7851830769315726,1.2475193996836769,0.2765589397161743,0.7222222222222222
cap300_raw_ensemble,3,100.0,holdout_2025_2026,18,1.3248379749464156,-0.12280852134116271,0.754938064848699,-0.08364672551481533,0.8385847903635143,1.3931426866943553,0.8199521847380772,-0.5186499310700534,-0.34737666250868915,0.5555555555555556,0.8961921002115985,1.721778209953918,2.2557717971686646,0.8518518518518517
cap300_rank_ensemble,3,100.0,validation,24,-0.03686275691043295,0.08698189041321247,-0.018604441068960642,0.04258423660307309,-0.06118867767203373,0.16059859063589202,-0.03762741644163294,-0.2042314392765896,-0.08239866000360974,0.4166666666666667,-0.26152754801433636,-0.37835432523607226,0.011114748113286277,0.6527777777777777
cap300_rank_ensemble,3,100.0,holdout_2024,12,0.08063199447638536,-0.013699490369203038,0.08063199447638536,-0.013699490369203038,0.0943314848455884,0.307674467683184,0.3889477768203329,-0.16910720823228387,-0.07702368625268208,0.4166666666666667,0.47242901904533724,1.4575041660603039,0.14085460946119466,0.611111111111111
cap300_rank_ensemble,3,100.0,holdout_2025_2026,18,0.2217418543142169,-0.12280852134116271,0.14284228655838094,-0.08364672551481533,0.22648901207319627,0.3493645188367289,0.5363556988977506,-0.26862228649458153,-0.34737666250868915,0.5555555555555556,0.8421644235585023,0.8082983726738755,0.26012288248334814,0.7222222222222222
cap300_rank_ensemble_volmanaged,3,100.0,validation,24,-0.03686275691043295,0.08698189041321247,-0.018604441068960642,0.04258423660307309,-0.06118867767203373,0.16059859063589202,-0.03762741644163294,-0.2042314392765896,-0.08239866000360974,0.4166666666666667,-0.26152754801433636,-0.37835432523607226,0.011114748113286277,0.6527777777777777
cap300_rank_ensemble_volmanaged,3,100.0,holdout_2024,12,0.07541696500012951,-0.013699490369203038,0.07541696500012951,-0.013699490369203038,0.08911645536933255,0.299808380078901,0.3756483517497062,-0.16910720823228387,-0.07702368625268208,0.4166666666666667,0.457685524855466,1.4014142349879497,0.1323747539443516,0.5843956450905813
cap300_rank_ensemble_volmanaged,3,100.0,holdout_2025_2026,18,0.12029962839726971,-0.12280852134116271,0.07867213846241294,-0.08364672551481533,0.16231886397722828,0.23051785803423672,0.43002368031233856,-0.1769919676579952,-0.34737666250868915,0.5,0.6648792414114589,0.48372809163868963,0.13431970795740877,0.5171141883039532
cap500_composite,3,100.0,validation,24,0.328300034256956,0.08698189041321247,0.15251899518270662,0.04258423660307309,0.10993475857963353,0.5340530171841872,0.5187364139035018,-0.4088210794101429,-0.08239866000360974,0.4166666666666667,0.43312901404766013,0.41060716281892135,0.29140290003098324,0.6527777777777778
cap500_composite,3,100.0,holdout_2024,12,0.12344116851248321,-0.013699490369203038,0.12344116851248321,-0.013699490369203038,0.13714065888168625,0.3430881664564199,0.49659280890739915,-0.16966389917833757,-0.07702368625268208,0.5,0.5479488360607158,0.9983550967551905,0.1946366887694262,0.5555555555555556
cap500_composite,3,100.0,holdout_2025_2026,18,-0.25385348681828923,-0.12280852134116271,-0.17734815532644976,-0.08364672551481533,-0.09370142981163443,0.7296655889461852,0.06498411877517402,-0.5530433077569898,-0.34737666250868915,0.3888888888888889,0.15705591064831317,1.2367792145389223,0.1244893311468156,0.6666666666666666
cap500_raw_ridge,3,100.0,validation,24,-0.7193826835176169,0.08698189041321247,-0.4702667496915235,0.04258423660307309,-0.5128509862945966,0.4739362590515248,-1.0613117746701284,-0.7896949195137567,-0.08239866000360974,0.375,-1.2059445158086104,1.7532561648729001,-0.44945129048080934,0.9305555555555555
cap500_raw_ridge,3,100.0,holdout_2024,12,-0.5128489073649394,-0.013699490369203038,-0.5128489073649394,-0.013699490369203038,-0.4991494169957364,0.5592199372988754,-0.9733500004388375,-0.6030155468613669,-0.07702368625268208,0.3333333333333333,-0.9976409873087916,1.6372810758401668,-0.4183899365448026,0.8333333333333334
cap500_raw_ridge,3,100.0,holdout_2025_2026,18,-0.6125606473300595,-0.12280852134116271,-0.46854174941301896,-0.08364672551481533,-0.3848950238982036,0.446347328090459,-1.1766751364394596,-0.6364346482304042,-0.34737666250868915,0.2222222222222222,-1.019348392261713,0.40426761262219796,-0.40128830101420465,0.9259259259259258
cap500_raw_lightgbm,3,100.0,validation,24,0.7468436217326746,0.08698189041321247,0.32168211826167736,0.04258423660307309,0.2790978816586043,0.6781649193183283,0.6898215353570837,-0.409716451942863,-0.08239866000360974,0.4166666666666667,0.6379457707964789,1.967917142255466,0.4520931681088678,0.5
cap500_raw_lightgbm,3,100.0,holdout_2024,12,0.7849967680274128,-0.013699490369203038,0.7849967680274128,-0.013699490369203038,0.7986962583966158,1.1707473569307485,1.000575352299045,-0.43203129797826123,-0.07702368625268208,0.75,1.0114216549385706,0.9159584079275259,2.080399291160024,0.6944444444444445
cap500_raw_lightgbm,3,100.0,holdout_2025_2026,18,0.09869108396463178,-0.12280852134116271,0.06475674548430432,-0.08364672551481533,0.14840347099911966,0.6035000136960063,0.37294700975969436,-0.4174153539601886,-0.34737666250868915,0.5,0.5247975715080426,1.1135428556009954,0.3299261423583457,0.7777777777777778
cap500_rank_ridge,3,100.0,validation,24,-0.19376140584555723,0.08698189041321247,-0.10209210151906856,0.04258423660307309,-0.14467633812214165,0.12853670194594355,-0.7710375774173218,-0.15527505238184602,-0.08239866000360974,0.3333333333333333,-0.8538588946319633,-0.3394677432650303,-0.08062074228715743,0.8055555555555555
cap500_rank_ridge,3,100.0,holdout_2024,12,-0.039641952097948185,-0.013699490369203038,-0.039641952097948185,-0.013699490369203038,-0.025942461728745148,0.17578162645384263,-0.15006094633421327,-0.17144283063649424,-0.07702368625268208,0.3333333333333333,-0.07633911944591298,-0.5211680584169792,-0.030531510482353696,0.75
cap500_rank_ridge,3,100.0,holdout_2025_2026,18,2.6668355925407767,-0.12280852134116271,1.3779038615580235,-0.08364672551481533,1.4615505870728387,0.7083550419668029,1.5027905720574484,-0.050450020257908346,-0.34737666250868915,0.6111111111111112,1.5060869516700737,0.07052121326959714,1.7832057801643693,0.8148148148148148
cap500_rank_lightgbm,3,100.0,validation,24,0.07073634121583328,0.08698189041321247,0.034763906026796576,0.04258423660307309,-0.007820330576276513,0.1266127741212274,0.3300563117645248,-0.14519234047796437,-0.08239866000360974,0.4583333333333333,-0.029394455271185796,0.6792771323656192,0.01114284806245558,0.7222222222222222
cap500_rank_lightgbm,3,100.0,holdout_2024,12,-0.019811621883366826,-0.013699490369203038,-0.019811621883366826,-0.013699490369203038,-0.006112131514163788,0.19081463769047802,-0.01646946148092461,-0.16280383890405514,-0.07702368625268208,0.5833333333333334,0.037931139676513556,1.1528027948995851,0.007031343041337346,0.7222222222222222
cap500_rank_lightgbm,3,100.0,holdout_2025_2026,18,0.9763751895563948,-0.12280852134116271,0.5748756283608982,-0.08364672551481533,0.6585223538757136,0.48339903761609054,1.1455474603448552,-0.23934142161985061,-0.34737666250868915,0.5555555555555556,1.3400513169418715,0.7113709690887334,0.7861311424979849,0.8148148148148148
cap500_raw_ensemble,3,100.0,validation,24,0.4064068042742819,0.08698189041321247,0.18592023520736078,0.04258423660307309,0.1433359986042877,0.4483468783932054,0.5938987235450666,-0.23594558376267483,-0.08239866000360974,0.4583333333333333,0.49725465339327907,0.7340460168023557,0.2596817810814336,0.875
cap500_raw_ensemble,3,100.0,holdout_2024,12,-0.22065025738135713,-0.013699490369203038,-0.22065025738135713,-0.013699490369203038,-0.2069507670121541,0.4934151682020831,-0.2408314071331897,-0.49333461621680685,-0.07702368625268208,0.5833333333333334,-0.23283532120657524,1.4323229210870814,-0.10119568611518126,0.8333333333333331
cap500_raw_ensemble,3,100.0,holdout_2025_2026,18,-0.21103105068635541,-0.12280852134116271,-0.14616633480222485,-0.08364672551481533,-0.06251960928740952,0.7894561912340902,0.20439330100433717,-0.5550626977075439,-0.34737666250868915,0.4444444444444444,0.31182474788109055,1.582447900320301,0.2826750884811129,0.8148148148148148
cap500_rank_ensemble,3,100.0,validation,24,0.21258755513407657,0.08698189041321247,0.10117553329797357,0.04258423660307309,0.058591296694900485,0.13396821440771178,0.7835534985653774,-0.11655855781204238,-0.08239866000360974,0.4583333333333333,0.36983368811856787,-0.0697955705971737,0.11364872230861423,0.6944444444444443
cap500_rank_ensemble,3,100.0,holdout_2024,12,-0.016502926258263773,-0.013699490369203038,-0.016502926258263773,-0.013699490369203038,-0.0028034358890607347,0.17490043040312855,-0.014164488416709677,-0.15673827294194487,-0.07702368625268208,0.5,0.04250312310785357,0.8893403368433117,0.005367172864522374,0.75
cap500_rank_ensemble,3,100.0,holdout_2025_2026,18,1.921601828101438,-0.12280852134116271,1.043685287237388,-0.08364672551481533,1.1273320127522033,0.6833350008550627,1.3015875931983607,-0.11532432637111079,-0.34737666250868915,0.6111111111111112,1.3234813651645014,0.13827630986803036,1.375806866520569,0.7592592592592592
cap500_rank_ensemble_volmanaged,3,100.0,validation,24,0.21258755513407657,0.08698189041321247,0.10117553329797357,0.04258423660307309,0.058591296694900485,0.13396821440771178,0.7835534985653774,-0.11655855781204238,-0.08239866000360974,0.4583333333333333,0.36983368811856787,-0.0697955705971737,0.11364872230861423,0.6944444444444443
cap500_rank_ensemble_volmanaged,3,100.0,holdout_2024,12,-0.006513346643925555,-0.013699490369203038,-0.006513346643925555,-0.013699490369203038,0.007186143725277483,0.15537638041122456,0.029144221137652325,-0.12958542611883905,-0.07702368625268208,0.5,0.10022388218503846,0.7978148344275492,0.011615133956207613,0.7257610382757923
cap500_rank_ensemble_volmanaged,3,100.0,holdout_2025_2026,18,1.2579811565872814,-0.12280852134116271,0.721129475321741,-0.08364672551481533,0.8047762008365563,0.6679837478994605,1.0440078026418875,-0.07886407239027138,-0.34737666250868915,0.5555555555555556,1.0485663197314525,-0.08137760331169681,0.9610587071741039,0.5514850048446641
capall_composite,3,100.0,validation,24,-0.1694781819004939,0.08698189041321247,-0.08867030219601313,0.04258423660307309,-0.13125453879908622,0.5213105678649017,0.06803083561757058,-0.579472895116997,-0.08239866000360974,0.375,-0.018750787320215272,0.6572666882787531,0.005772266922340119,0.611111111111111
capall_composite,3,100.0,holdout_2024,12,1.4669963307741467,-0.013699490369203038,1.4669963307741467,-0.013699490369203038,1.4806958211433496,1.041067000937285,1.243813830178868,-0.16966389917833746,-0.07702368625268208,0.5833333333333334,1.2816933018737702,2.7742007191206484,2.496316527028523,0.6666666666666666
capall_composite,3,100.0,holdout_2025_2026,18,-0.0712240269531137,-0.12280852134116271,-0.048064956843442364,-0.08364672551481533,0.03558176867137297,0.7177313006820346,0.2847659937848472,-0.619105377511226,-0.34737666250868915,0.5,0.4076930256062972,1.3479267680734794,0.32043809130668466,0.5185185185185186
capall_raw_ridge,3,100.0,validation,24,-0.762868606006819,0.08698189041321247,-0.5130386113939003,0.04258423660307309,-0.5556228479969734,0.4127844502027709,-1.4749850989760735,-0.7992359014305286,-0.08239866000360974,0.375,-1.593051166586215,0.6274236316365617,-0.4804291978921318,0.9444444444444443
capall_raw_ridge,3,100.0,holdout_2024,12,0.7238734893584537,-0.013699490369203038,0.7238734893584537,-0.013699490369203038,0.7375729797276568,0.8823769049996855,0.9698818770865506,-0.3391453146853147,-0.07702368625268208,0.5,1.0707098534566237,6.349758479730675,1.4078684839345965,0.9444444444444443
capall_raw_ridge,3,100.0,holdout_2025_2026,18,0.3832505262690389,-0.12280852134116271,0.24146333019487698,-0.08364672551481533,0.3251100557096923,0.6770323847818991,0.6068184962109066,-0.5271122050890249,-0.34737666250868915,0.5555555555555556,0.6842125519197045,0.42557306958349156,0.5332481138460554,0.7777777777777778
capall_raw_lightgbm,3,100.0,validation,24,0.9767261802867189,0.08698189041321247,0.40596094550549977,0.04258423660307309,0.3633767089024267,0.9165637836893695,0.7447081900996025,-0.7127034247870072,-0.08239866000360974,0.5833333333333334,0.7202881859087517,4.47850739304545,0.6012572270580847,0.7083333333333334
capall_raw_lightgbm,3,100.0,holdout_2024,12,4.593989853195716,-0.013699490369203038,4.593989853195716,-0.013699490369203038,4.607689343564919,2.260959974678978,1.3239393988210215,-0.3012637719053589,-0.07702368625268208,0.75,1.366828628122538,13.793731935892898,14.946577732410299,0.6944444444444445
capall_raw_lightgbm,3,100.0,holdout_2025_2026,18,1.4512095106377734,-0.12280852134116271,0.8179710175735051,-0.08364672551481533,0.9016177430883204,0.8652061464802,1.0657340840798075,-0.3293926237703062,-0.34737666250868915,0.6666666666666666,1.2255753238698928,1.3991017625686728,1.6174254890122937,0.7222222222222221
capall_rank_ridge,3,100.0,validation,24,-0.27549439225016936,0.08698189041321247,-0.1488210483395218,0.04258423660307309,-0.1914052849425949,0.27516031223947757,-0.45085449209337203,-0.2670547948256742,-0.08239866000360974,0.3333333333333333,-0.5492580903543126,-0.8418270994019178,-0.08269639483770586,0.7777777777777777
capall_rank_ridge,3,100.0,holdout_2024,12,1.3932623764364438,-0.013699490369203038,1.3932623764364438,-0.013699490369203038,1.4069618668056467,0.5686763569760102,1.8099550491592835,-0.08964425112234364,-0.07702368625268208,0.5,2.026440352362744,3.3191241423502196,1.7577004649165744,0.7222222222222222
capall_rank_ridge,3,100.0,holdout_2025_2026,18,0.4714958829404139,-0.12280852134116271,0.2937172459199795,-0.08364672551481533,0.37736397143479483,0.5976774709177767,0.6387649669085855,-0.19991746568201463,-0.34737666250868915,0.5555555555555556,0.7293011909229973,0.46140568133451404,0.49374631610660713,0.6851851851851851
capall_rank_lightgbm,3,100.0,validation,24,-0.02274745940437095,0.08698189041321247,-0.011439156856984822,0.04258423660307309,-0.05402339346005791,0.231057197404057,0.06263501210156522,-0.2025467447732896,-0.08239866000360974,0.4583333333333333,-0.12778973658580245,0.19117899012120892,0.005846680146100347,0.8055555555555555
capall_rank_lightgbm,3,100.0,holdout_2024,12,-0.02707568337650168,-0.013699490369203038,-0.02707568337650168,-0.013699490369203038,-0.013376193007298642,0.14799118556032637,-0.11826436332664579,-0.08396363861284573,-0.07702368625268208,0.5833333333333334,-0.09760513275631104,1.145607588261529,-0.007388902568948197,0.8888888888888887
capall_rank_lightgbm,3,100.0,holdout_2025_2026,18,0.8463460798018485,-0.12280852134116271,0.5050193110033276,-0.08364672551481533,0.588666036518143,0.41691508853500403,1.1602826861052156,-0.09736488967954293,-0.34737666250868915,0.6666666666666666,1.2665868681664965,0.4312327799511122,0.6451724881727414,0.8703703703703702
capall_raw_ensemble,3,100.0,validation,24,-0.34725388449890937,0.08698189041321247,-0.19207295162181215,0.04258423660307309,-0.23465718822488524,0.631998918921869,-0.07591453792886176,-0.46879395060116835,-0.08239866000360974,0.4166666666666667,-0.14950344671857804,1.2659928965892326,-0.10027311606858447,0.9444444444444443
capall_raw_ensemble,3,100.0,holdout_2024,12,1.7209644999661036,-0.013699490369203038,1.7209644999661036,-0.013699490369203038,1.7346639903353065,1.9120963765763135,0.9851777081002533,-0.3047283823060013,-0.07702368625268208,0.6666666666666666,1.0234722550641604,11.445578670695069,5.274863333783809,0.8888888888888888
capall_raw_ensemble,3,100.0,holdout_2025_2026,18,-0.35564180434580617,-0.12280852134116271,-0.2539781095037207,-0.08364672551481533,-0.17033138398890535,0.7272332523826195,-0.08694745440647098,-0.5293510493447979,-0.34737666250868915,0.3333333333333333,-0.00927336410016324,1.121949217270994,0.0007124340972382015,0.8888888888888888
capall_rank_ensemble,3,100.0,validation,24,-0.35223151332321245,0.08698189041321247,-0.19515934081534647,0.04258423660307309,-0.23774357741841956,0.22312644249012487,-0.849218936446811,-0.3621795526760784,-0.08239866000360974,0.3333333333333333,-1.114413173267321,0.8791158536521925,-0.20660678452973935,0.8888888888888888
capall_rank_ensemble,3,100.0,holdout_2024,12,0.2106913417057683,-0.013699490369203038,0.2106913417057683,-0.013699490369203038,0.22439083207497135,0.46526880708934326,0.6122092132394412,-0.23518028440723338,-0.07702368625268208,0.5833333333333334,0.6552300648768824,1.2225770517090513,0.3391370124049644,0.861111111111111
capall_rank_ensemble,3,100.0,holdout_2025_2026,18,0.19610803843524516,-0.12280852134116271,0.1268002622126736,-0.08364672551481533,0.21044698772748893,0.5962920373856281,0.411888816364566,-0.17157217360125865,-0.34737666250868915,0.5,0.4673188600285109,-0.01897641945747602,0.2738788904339253,0.8518518518518517
capall_rank_ensemble_volmanaged,3,100.0,validation,24,-0.35223151332321245,0.08698189041321247,-0.19515934081534647,0.04258423660307309,-0.23774357741841956,0.22312644249012487,-0.849218936446811,-0.3621795526760784,-0.08239866000360974,0.3333333333333333,-1.114413173267321,0.8791158536521925,-0.20660678452973935,0.8888888888888888
capall_rank_ensemble_volmanaged,3,100.0,holdout_2024,12,0.1878712964433349,-0.013699490369203038,0.1878712964433349,-0.013699490369203038,0.20157078681253793,0.4585695309876183,0.5730907653336994,-0.23518028440723338,-0.07702368625268208,0.5833333333333334,0.6147185325953501,1.196437069946007,0.3103195235569942,0.8312051226543086
capall_rank_ensemble_volmanaged,3,100.0,holdout_2025_2026,18,0.2773103982111329,-0.12280852134116271,0.17723807106118739,-0.08364672551481533,0.2608847965760027,0.5752149743190459,0.48334483716373655,-0.15971064327367446,-0.34737666250868915,0.3888888888888889,0.5258744753330422,-0.11076008578626273,0.3082417959914485,0.6041523797902503
cap150_composite,5,25.0,validation,24,0.00907179484197207,0.08698189041321247,0.004525656636988007,0.04258423660307309,-0.03805857996608508,0.39227785684077554,0.2090783402250299,-0.3389839130723281,-0.08239866000360974,0.5416666666666666,0.09823046021613911,1.434433830871817,0.017317019042897952,0.5083333333333333
cap150_composite,5,25.0,holdout_2024,12,0.4132521193727712,-0.013699490369203038,0.4132521193727712,-0.013699490369203038,0.4269516097419742,0.44929304522885644,0.9618347624601903,-0.152064998624576,-0.07702368625268208,0.5,1.0502401125222578,1.6828898481111492,0.5509101511721963,0.48333333333333345
cap150_composite,5,25.0,holdout_2025_2026,18,-0.0196628653270281,-0.12280852134116271,-0.01315191536323479,-0.08364672551481533,0.07049481015158054,0.6854089018267877,0.3086778347124787,-0.6720276980451838,-0.34737666250868915,0.5,0.47797017320031493,1.7548629783930871,0.36016898616156645,0.6000000000000001
cap150_raw_ridge,5,25.0,validation,24,0.06223656624580731,0.08698189041321247,0.030648614342350555,0.04258423660307309,-0.011935622260722534,0.41824764687202026,0.25858068263559786,-0.3990716712325024,-0.08239866000360974,0.4583333333333333,0.14950888991195663,0.3358186380698352,0.09703777045552808,0.6666666666666666
cap150_raw_ridge,5,25.0,holdout_2024,12,-0.4481084176548449,-0.013699490369203038,-0.4481084176548449,-0.013699490369203038,-0.43440892728564184,0.3897174859512334,-1.2959514456277794,-0.5184463133680832,-0.07702368625268208,0.3333333333333333,-1.417675500186437,1.8569739776453265,-0.39282164102435424,0.7000000000000001
cap150_raw_ridge,5,25.0,holdout_2025_2026,18,-0.6948791465702802,-0.12280852134116271,-0.5467742319354312,-0.08364672551481533,-0.4631275064206159,0.5415685032946757,-1.1234996806400959,-0.7699372922734808,-0.34737666250868915,0.3888888888888889,-1.4574380945369447,1.7227411254949963,-0.40633161809864127,0.8111111111111112
cap150_raw_lightgbm,5,25.0,validation,24,-0.24967342801134162,0.08698189041321247,-0.13378607031019274,0.04258423660307309,-0.17637030691326583,0.4177703794031662,-0.13795599528756855,-0.490634288544039,-0.08239866000360974,0.4583333333333333,-0.25461800988935473,1.2960634347637985,-0.11022066928563345,0.55
cap150_raw_lightgbm,5,25.0,holdout_2024,12,0.4546670787816969,-0.013699490369203038,0.4546670787816969,-0.013699490369203038,0.4683665691508999,0.5089374305187206,0.9455985684177212,-0.12387990678255467,-0.07702368625268208,0.4166666666666667,0.9780160406433221,0.8673123040516316,0.6147684850295041,0.5166666666666667
cap150_raw_lightgbm,5,25.0,holdout_2025_2026,18,-0.1697390135899367,-0.12280852134116271,-0.1166291025036782,-0.08364672551481533,-0.03298237698886286,0.6731439677370784,0.16160197462389553,-0.6916150737995538,-0.34737666250868915,0.5555555555555556,0.30510602045445673,1.78612927771003,0.23213940007488176,0.7000000000000001
cap150_rank_ridge,5,25.0,validation,24,-0.25689269984566565,0.08698189041321247,-0.13796328375507438,0.04258423660307309,-0.18054752035814747,0.12677883158931655,-1.1013137214230908,-0.34942960699441916,-0.08239866000360974,0.2916666666666667,-1.2830194464223927,0.17383168965016965,-0.13790873690891003,0.45
cap150_rank_ridge,5,25.0,holdout_2024,12,0.07240134426254663,-0.013699490369203038,0.07240134426254663,-0.013699490369203038,0.08610083463174967,0.16361346608956476,0.5036748646237774,-0.14638275374327192,-0.07702368625268208,0.5833333333333334,0.623517771329764,0.7482361023822474,0.09271829828398181,0.40000000000000013
cap150_rank_ridge,5,25.0,holdout_2025_2026,18,0.3810135699003345,-0.12280852134116271,0.24012452795701233,-0.08364672551481533,0.32377125347182767,0.1832809787681113,1.266779820545432,-0.10278037247005722,-0.34737666250868915,0.5,1.3586252943970571,0.4046351943716037,0.2873186393089411,0.3777777777777778
cap150_rank_lightgbm,5,25.0,validation,24,0.5198816818971834,0.08698189041321247,0.23283481533301265,0.04258423660307309,0.19025057872993956,0.27379723454615806,0.9068710585361769,-0.20742097251570346,-0.08239866000360974,0.75,0.9005109172382754,2.1800385680772423,0.1604817912699006,0.30833333333333335
cap150_rank_lightgbm,5,25.0,holdout_2024,12,0.024637121003492357,-0.013699490369203038,0.024637121003492357,-0.013699490369203038,0.038336611372695395,0.21987342226350876,0.21102673159364857,-0.18017189135821732,-0.07702368625268208,0.5,0.3032991521005407,1.2034756228606545,0.05850957001451462,0.4333333333333334
cap150_rank_lightgbm,5,25.0,holdout_2025_2026,18,-0.48391841528956947,-0.12280852134116271,-0.3566031826040611,-0.08364672551481533,-0.27295645708924576,0.39665298279741246,-0.8986341644121689,-0.5693163867054913,-0.34737666250868915,0.2777777777777778,-1.1708591950841993,1.2486800529001223,-0.25078224653599634,0.5
cap150_raw_ensemble,5,25.0,validation,24,-0.5515952097985652,0.08698189041321247,-0.33036966152851555,0.04258423660307309,-0.37295389813158863,0.4215897129284072,-0.7257450281618514,-0.5043728193834385,-0.08239866000360974,0.2916666666666667,-0.8176117920512633,0.030493844319202327,-0.2675420447199819,0.5666666666666668
cap150_raw_ensemble,5,25.0,holdout_2024,12,0.44963890449822985,-0.013699490369203038,0.44963890449822985,-0.013699490369203038,0.4633383948674329,0.4758325533839825,0.9881324373536383,-0.27057764326083067,-0.07702368625268208,0.5833333333333334,1.074678834001453,1.7836201818679165,0.610126051042269,0.5833333333333333
cap150_raw_ensemble,5,25.0,holdout_2025_2026,18,-0.2542593106071688,-0.12280852134116271,-0.1776464720361164,-0.08364672551481533,-0.09399974652130105,0.6139535470944788,-0.01932288074489381,-0.6675880442060101,-0.34737666250868915,0.4444444444444444,0.08294353361131027,1.1588430294949934,0.05554863429021739,0.7222222222222223
cap150_rank_ensemble,5,25.0,validation,24,-0.01609085122619336,0.08698189041321247,-0.008078053083909964,0.04258423660307309,-0.05066228968698305,0.1366113764250069,0.007708917164827324,-0.16865629428048834,-0.08239866000360974,0.5,-0.3118154551333131,0.40366121334849586,-0.01705734409437487,0.30833333333333335
cap150_rank_ensemble,5,25.0,holdout_2024,12,-0.022017922128324208,-0.013699490369203038,-0.022017922128324208,-0.013699490369203038,-0.00831843175912117,0.15429513829874436,-0.07176895382909791,-0.1512621638463898,-0.07702368625268208,0.5,-0.01666060670436348,0.7441123212536649,-0.004511708873633946,0.3166666666666667
cap150_rank_ensemble,5,25.0,holdout_2025_2026,18,0.008823590816914084,-0.12280852134116271,0.005873776989230084,-0.08364672551481533,0.08952050250404542,0.3036240767914437,0.16121016346305211,-0.3584899156443212,-0.34737666250868915,0.5,0.6262365142038034,1.0177477814950602,0.11235347052179767,0.5
cap150_rank_ensemble_volmanaged,5,25.0,validation,24,-0.01609085122619336,0.08698189041321247,-0.008078053083909964,0.04258423660307309,-0.05066228968698305,0.1366113764250069,0.007708917164827324,-0.16865629428048834,-0.08239866000360974,0.5,-0.3118154551333131,0.40366121334849586,-0.01705734409437487,0.30833333333333335
cap150_rank_ensemble_volmanaged,5,25.0,holdout_2024,12,-0.020008019698602664,-0.013699490369203038,-0.020008019698602664,-0.013699490369203038,-0.006308529329399626,0.15067106392660742,-0.06320390261895435,-0.1512621638463898,-0.07702368625268208,0.5,-0.0053672361798347236,0.7241566065659646,-0.0031416580655992954,0.31425667187351725
cap150_rank_ensemble_volmanaged,5,25.0,holdout_2025_2026,18,-0.05239467959278099,-0.12280852134116271,-0.035242136775471944,-0.08364672551481533,0.04840458873934339,0.2066508971977455,-0.07434132575841584,-0.2505517720554584,-0.34737666250868915,0.5,0.27286252062606553,0.6582286188361401,0.022378033164263567,0.37994027766376803
cap300_composite,5,25.0,validation,24,0.021897988546705216,0.08698189041321247,0.0108897014742535,0.04258423660307309,-0.03169453512881959,0.4144172574924457,0.23380889437796942,-0.3537438412868239,-0.08239866000360974,0.4166666666666667,0.12066050513679359,-0.32357823975363953,0.11740051080712299,0.5666666666666667
cap300_composite,5,25.0,holdout_2024,12,0.3162852413594526,-0.013699490369203038,0.3162852413594526,-0.013699490369203038,0.3299847317286556,0.4112936805385271,0.8471581909843456,-0.15538052295745908,-0.07702368625268208,0.5,0.9613459902082074,1.9368139854672288,0.4333734810195329,0.48333333333333334
cap300_composite,5,25.0,holdout_2025_2026,18,-0.04915310247645688,-0.12280852134116271,-0.03304322080178079,-0.08364672551481533,0.05060350471303454,0.8208253862362043,0.2856518819526168,-0.587405133749049,-0.34737666250868915,0.5,0.39868276697016514,1.634524398035132,0.38158875859812147,0.5555555555555556
cap300_raw_ridge,5,25.0,validation,24,-0.41583686078607074,0.08698189041321247,-0.23569434176245352,0.04258423660307309,-0.2782785783655266,0.40171187509994877,-0.4737873426563413,-0.4902685453458826,-0.08239866000360974,0.375,-0.5824201218035476,0.34942658193835807,-0.18772041277361828,0.775
cap300_raw_ridge,5,25.0,holdout_2024,12,0.06988111159673904,-0.013699490369203038,0.06988111159673904,-0.013699490369203038,0.08358060196594208,0.25603462302877594,0.38140158364417853,-0.2211271774646193,-0.07702368625268208,0.5833333333333334,0.47294783776517835,1.1882848169604066,0.11363754051143737,0.8000000000000002
cap300_raw_ridge,5,25.0,holdout_2025_2026,18,1.9590362816107083,-0.12280852134116271,1.0611053636563215,-0.08364672551481533,1.1447520891711367,0.8542784416121548,1.21355334304387,-0.47043627783876374,-0.34737666250868915,0.5,1.3895367302236552,1.398060182363447,1.908022447645663,0.788888888888889
cap300_raw_lightgbm,5,25.0,validation,24,-0.540322879886835,0.08698189041321247,-0.3220050736818416,0.04258423660307309,-0.3645893102849147,0.3909651090127696,-0.7878060466581985,-0.6205011601346522,-0.08239866000360974,0.4166666666666667,-0.9128673797252888,0.7195213514719667,-0.292099475172359,0.5083333333333333
cap300_raw_lightgbm,5,25.0,holdout_2024,12,0.5325655329485126,-0.013699490369203038,0.5325655329485126,-0.013699490369203038,0.5462650233177156,0.4838507953935763,1.0891060731760047,-0.16608233811557171,-0.07702368625268208,0.5833333333333334,1.1768257279164693,1.7411149696862496,0.6996125950366561,0.7000000000000001
cap300_raw_lightgbm,5,25.0,holdout_2025_2026,18,0.9012364412037077,-0.12280852134116271,0.5347020971697813,-0.08364672551481533,0.6183488226845967,1.1220839963485825,0.76340053430306,-0.6617248494996402,-0.34737666250868915,0.5,0.846759307385871,1.273629052015444,1.4472585258218795,0.8111111111111112
cap300_rank_ridge,5,25.0,validation,24,0.49623430620875486,0.08698189041321247,0.22320656726848664,0.04258423660307309,0.18062233066541356,0.1426862814499055,1.4882099666865911,-0.06978175588096525,-0.08239866000360974,0.5416666666666666,0.981528245797351,-0.10239245006411979,0.2399077375645775,0.55
cap300_rank_ridge,5,25.0,holdout_2024,12,0.19424484435763922,-0.013699490369203038,0.19424484435763922,-0.013699490369203038,0.20794433472684226,0.1809244863320917,1.067186616506275,-0.05266526418018802,-0.07702368625268208,0.6666666666666666,1.2604520144186115,0.8273234558135955,0.21982950184325523,0.5166666666666667
cap300_rank_ridge,5,25.0,holdout_2025_2026,18,0.6063209232417348,-0.12280852134116271,0.3715812648254684,-0.08364672551481533,0.4552279903402837,0.18385958321334542,1.8232017341499105,-0.04243240297870632,-0.34737666250868915,0.6111111111111112,1.6738081386751056,0.3281371156334513,0.4173600957715471,0.4444444444444444
cap300_rank_lightgbm,5,25.0,validation,24,0.0714247359113056,0.08698189041321247,0.03509648628101614,0.04258423660307309,-0.007487750322056952,0.21221449697450873,0.2779778914675178,-0.2735372123186056,-0.08239866000360974,0.5833333333333334,0.06100889234719293,0.07707429989435392,0.056941366872729215,0.4083333333333334
cap300_rank_lightgbm,5,25.0,holdout_2024,12,-0.029876662047586433,-0.013699490369203038,-0.029876662047586433,-0.013699490369203038,-0.016177171678383395,0.16440373028130922,-0.10865713376857063,-0.1279412344625308,-0.07702368625268208,0.6666666666666666,-0.08948815660297854,1.2760060793707264,-0.00660723709220612,0.41666666666666674
cap300_rank_lightgbm,5,25.0,holdout_2025_2026,18,0.41700192482483445,-0.12280852134116271,0.2615766051804025,-0.08364672551481533,0.3452233306952178,0.40254685420208824,0.7725186695140459,-0.40707634559994865,-0.34737666250868915,0.6666666666666666,1.3362358196376067,1.2021634138716177,0.45297466592392244,0.7222222222222222
cap300_raw_ensemble,5,25.0,validation,24,-0.5272458732632532,0.08698189041321247,-0.31242882060346167,0.04258423660307309,-0.35501305720653475,0.24212218837616004,-1.4018597777430772,-0.4651097066304899,-0.08239866000360974,0.3333333333333333,-1.4697754750871086,-0.18719957053003122,-0.2850978904228344,0.7166666666666668
cap300_raw_ensemble,5,25.0,holdout_2024,12,0.39684464996040414,-0.013699490369203038,0.39684464996040414,-0.013699490369203038,0.4105441403296072,0.4121537817914275,0.9935887771481071,-0.1736101116496953,-0.07702368625268208,0.5833333333333334,1.0742480291776484,1.3431036937173666,0.5130240298896531,0.7166666666666667
cap300_raw_ensemble,5,25.0,holdout_2025_2026,18,1.086130720887478,-0.12280852134116271,0.6326547108405896,-0.08364672551481533,0.7163014363554049,0.849091067687783,0.8921472067735313,-0.43939443919348886,-0.34737666250868915,0.6111111111111112,1.050178371599689,1.472605587335191,1.255229659463279,0.8444444444444446
cap300_rank_ensemble,5,25.0,validation,24,0.12770960951326527,0.08698189041321247,0.06193672575783227,0.04258423660307309,0.019352489154759178,0.10550509549414532,0.6216708183408332,-0.10198666598503003,-0.08239866000360974,0.625,0.16526963829939456,0.21487233790635688,0.057330800121884185,0.5750000000000001
cap300_rank_ensemble,5,25.0,holdout_2024,12,-0.018131228134176447,-0.013699490369203038,-0.018131228134176447,-0.013699490369203038,-0.004431737764973409,0.23924242377446722,0.0323532756822221,-0.17982496755264898,-0.07702368625268208,0.3333333333333333,0.08059468721884261,1.1976434223081904,0.018440580938768436,0.65
cap300_rank_ensemble,5,25.0,holdout_2025_2026,18,0.7152096676480086,-0.12280852134116271,0.43288546494920244,-0.08364672551481533,0.5165321904640178,0.4014692966253554,1.075573863717691,-0.16856172359862587,-0.34737666250868915,0.6111111111111112,1.4429852631608766,0.8781551847845916,0.6038957994006176,0.6555555555555556
cap300_rank_ensemble_volmanaged,5,25.0,validation,24,0.12770960951326527,0.08698189041321247,0.06193672575783227,0.04258423660307309,0.019352489154759178,0.10550509549414532,0.6216708183408332,-0.10198666598503003,-0.08239866000360974,0.625,0.16526963829939456,0.21487233790635688,0.057330800121884185,0.5750000000000001
cap300_rank_ensemble_volmanaged,5,25.0,holdout_2024,12,-0.014008281753948637,-0.013699490369203038,-0.014008281753948637,-0.013699490369203038,-0.0003087913847455992,0.23142064780502267,0.0442766455271925,-0.17982496755264898,-0.07702368625268208,0.3333333333333333,0.09590743284133932,1.1515690826328893,0.020578645985777078,0.6268703216181775
cap300_rank_ensemble_volmanaged,5,25.0,holdout_2025_2026,18,0.34991394310231727,-0.12280852134116271,0.22143601705860827,-0.08364672551481533,0.3050827425734236,0.26653733493190607,0.8688689020708552,-0.0872785026677253,-0.34737666250868915,0.6111111111111112,1.1227740073729986,0.5405700578902379,0.29636874076745134,0.46847209464810036
cap500_composite,5,25.0,validation,24,0.5597475793805988,0.08698189041321247,0.24889854647229015,0.04258423660307309,0.20631430986921706,0.37673665416360724,0.7827668682190617,-0.3587761001342784,-0.08239866000360974,0.5416666666666666,0.641593530344662,-0.16462786686146252,0.34795978692407536,0.5833333333333333
cap500_composite,5,25.0,holdout_2024,12,0.2159392856950202,-0.013699490369203038,0.2159392856950202,-0.013699490369203038,0.22963877606422323,0.4676576133173487,0.6176337275385734,-0.20990103027141116,-0.07702368625268208,0.4166666666666667,0.6805703482249198,1.768222467510846,0.3506889237990434,0.4833333333333334
cap500_composite,5,25.0,holdout_2025_2026,18,0.4412432723403299,-0.12280852134116271,0.2759241630001734,-0.08364672551481533,0.35957088851498875,0.7732569609449629,0.6646770320161636,-0.6010684392492813,-0.34737666250868915,0.5555555555555556,0.8317180844142751,1.531675888170048,0.7980142283463778,0.611111111111111
cap500_raw_ridge,5,25.0,validation,24,-0.7692497782441895,0.08698189041321247,-0.5196353242006543,0.04258423660307309,-0.5622195608037274,0.40745400171391766,-1.535984858668026,-0.7978387612828876,-0.08239866000360974,0.2916666666666667,-1.7404994023704021,1.7112107873595745,-0.5154982386623244,0.9333333333333332
cap500_raw_ridge,5,25.0,holdout_2024,12,-0.3653657829992849,-0.013699490369203038,-0.3653657829992849,-0.013699490369203038,-0.35166629263008187,0.38950394997247706,-0.964051476892583,-0.4324009582266768,-0.07702368625268208,0.4166666666666667,-1.0070076912547938,1.3836801367432705,-0.3085268568366508,0.8166666666666668
cap500_raw_ridge,5,25.0,holdout_2025_2026,18,-0.3740298159130796,-0.12280852134116271,-0.26823927156642635,-0.08364672551481533,-0.18459254605161102,0.4917550208552212,-0.3994957450718744,-0.6166831510993438,-0.34737666250868915,0.4444444444444444,-0.33647644503412677,1.0703985927540847,-0.12734851358823984,0.8777777777777778
cap500_raw_lightgbm,5,25.0,validation,24,0.162489763449863,0.08698189041321247,0.07818818554548401,0.04258423660307309,0.03560394894241092,0.4194246459380193,0.36754405323916206,-0.38467953390386456,-0.08239866000360974,0.4166666666666667,0.27917059674906414,2.144697090681206,0.05874237651520264,0.6
cap500_raw_lightgbm,5,25.0,holdout_2024,12,0.6516807178430515,-0.013699490369203038,0.6516807178430515,-0.013699490369203038,0.6653802082122545,0.7632590126716925,0.9896082945692911,-0.26413853187337644,-0.07702368625268208,0.75,0.9966614289071823,0.25708641988739495,1.0847273931336474,0.6666666666666669
cap500_raw_lightgbm,5,25.0,holdout_2025_2026,18,6.232527674685006,-0.12280852134116271,2.739900684759282,-0.08364672551481533,2.8235474102740974,0.9452742384376972,1.8243851679415144,-0.35212187265361694,-0.34737666250868915,0.6666666666666666,2.092619498447823,1.8744744056968774,4.498064118090809,0.7333333333333334
cap500_rank_ridge,5,25.0,validation,24,0.181283535425792,0.08698189041321247,0.08686868361628308,0.04258423660307309,0.04428444701320999,0.12600076544137756,0.7214045383494971,-0.08061883644044965,-0.08239866000360974,0.5,0.3035560339956956,0.026839961044646542,0.09346427920497025,0.8166666666666668
cap500_rank_ridge,5,25.0,holdout_2024,12,0.04427684176704716,-0.013699490369203038,0.04427684176704716,-0.013699490369203038,0.0579763321362502,0.1269774609724858,0.39958020984208625,-0.08627656476714995,-0.07702368625268208,0.4166666666666667,0.37446465098950443,0.07643912104461961,0.052639665864150365,0.7499999999999999
cap500_rank_ridge,5,25.0,holdout_2025_2026,18,1.7300824858988944,-0.12280852134116271,0.953366997336456,-0.08364672551481533,1.0370137228512712,0.45185652281236827,1.6937586680846182,-0.02830214700271383,-0.34737666250868915,0.6111111111111112,1.6784290785843854,0.20788009631210744,1.1234726870747385,0.7555555555555556
cap500_rank_lightgbm,5,25.0,validation,24,0.46413459806533286,0.08698189041321247,0.21001429663675175,0.04258423660307309,0.16743006003367866,0.11891965365082664,1.6717470860760908,-0.10091965784092316,-0.08239866000360974,0.625,1.2519424597387487,0.436445949249699,0.19453071275123124,0.6666666666666666
cap500_rank_lightgbm,5,25.0,holdout_2024,12,-0.041728728304039286,-0.013699490369203038,-0.041728728304039286,-0.013699490369203038,-0.02802923793483625,0.15447309582099514,-0.20345997957812895,-0.13773002935742007,-0.07702368625268208,0.5,-0.22498991044480776,1.135801231338633,-0.021218218450212212,0.7166666666666667
cap500_rank_lightgbm,5,25.0,holdout_2025_2026,18,0.6065003157946802,-0.12280852134116271,0.37168338094333464,-0.08364672551481533,0.45533010645815,0.3247941041020711,1.1270971776924725,-0.2429170242769284,-0.34737666250868915,0.6111111111111112,1.5795361015814005,0.7748928369892291,0.4968778923610706,0.7444444444444446
cap500_raw_ensemble,5,25.0,validation,24,0.19764628656555838,0.08698189041321247,0.09437026940864879,0.04258423660307309,0.0517860328055757,0.3304108583125054,0.42735377773470584,-0.19106824047892235,-0.08239866000360974,0.5,0.2935669563693923,0.6553357009720054,0.11746853704800242,0.8250000000000001
cap500_raw_ensemble,5,25.0,holdout_2024,12,-0.038680333536028066,-0.013699490369203038,-0.038680333536028066,-0.013699490369203038,-0.02498084316682503,0.34100298214677055,0.049603225503668746,-0.26767687889788905,-0.07702368625268208,0.6666666666666666,0.07612384638639492,0.5980417859329032,0.022408004955121186,0.8333333333333335
cap500_raw_ensemble,5,25.0,holdout_2025_2026,18,1.0193083193860146,-0.12280852134116271,0.5976013653634134,-0.08364672551481533,0.6812480908782287,0.5833378926143329,1.0931339836411493,-0.3398910045937279,-0.34737666250868915,0.6666666666666666,1.3648620564038665,1.1616975579526245,0.9817991817531169,0.7666666666666668
cap500_rank_ensemble,5,25.0,validation,24,0.28278615446086275,0.08698189041321247,0.132601498524906,0.04258423660307309,0.0900172619218329,0.08709279625029293,1.478308102750181,-0.04548431245574602,-0.08239866000360974,0.5833333333333334,0.7445888320731342,0.1509933735108763,0.1289747450466816,0.6833333333333335
cap500_rank_ensemble,5,25.0,holdout_2024,12,0.018764428964171742,-0.013699490369203038,0.018764428964171742,-0.013699490369203038,0.03246391933337478,0.1402090973041956,0.19632506894493132,-0.0989170824383161,-0.07702368625268208,0.5,0.282230438236185,0.6427021762711693,0.033695546675696963,0.5833333333333334
cap500_rank_ensemble,5,25.0,holdout_2025_2026,18,1.3997206311437207,-0.12280852134116271,0.7924227887107862,-0.08364672551481533,0.8760695142256015,0.41181094764568205,1.6111115577428574,-0.11478451000220202,-0.34737666250868915,0.7222222222222222,1.6662126942192796,0.3584506996956779,0.9447322444921424,0.6777777777777778
cap500_rank_ensemble_volmanaged,5,25.0,validation,24,0.28278615446086275,0.08698189041321247,0.132601498524906,0.04258423660307309,0.0900172619218329,0.08709279625029293,1.478308102750181,-0.04548431245574602,-0.08239866000360974,0.5833333333333334,0.7445888320731342,0.1509933735108763,0.1289747450466816,0.6833333333333335
cap500_rank_ensemble_volmanaged,5,25.0,holdout_2024,12,0.020217261351526572,-0.013699490369203038,0.020217261351526572,-0.013699490369203038,0.03391675172072961,0.12619929497564011,0.21591029788941862,-0.08124698102387051,-0.07702368625268208,0.5833333333333334,0.3026978707599229,0.5804360673296373,0.03284321726358619,0.564120555835912
cap500_rank_ensemble_volmanaged,5,25.0,holdout_2025_2026,18,0.9103691159472829,-0.12280852134116271,0.5396128445964239,-0.08364672551481533,0.6232595701112392,0.3843621910615902,1.286590971689492,-0.07037822849220299,-0.34737666250868915,0.6111111111111112,1.249867920479569,0.11743561653896077,0.6339908827130949,0.49844218944135465
capall_composite,5,25.0,validation,24,0.36184631609406837,0.08698189041321247,0.16698171197927025,0.04258423660307309,0.12439747537619716,0.6614144370599285,0.49063440069236164,-0.5697000574857609,-0.08239866000360974,0.4583333333333333,0.4346644171289863,2.2109369738696416,0.2492004883136667,0.6166666666666666
capall_composite,5,25.0,holdout_2024,12,3.643888396066684,-0.013699490369203038,3.643888396066684,-0.013699490369203038,3.657587886435887,1.308180683212088,1.6714126514873135,-0.14338014107181085,-0.07702368625268208,0.5,1.7747393913434815,8.878883054418969,6.961139168696628,0.5833333333333334
capall_composite,5,25.0,holdout_2025_2026,18,0.28705225989106653,-0.12280852134116271,0.1832162376729063,-0.08364672551481533,0.2668629631877216,0.6896766313348219,0.5790305075443508,-0.5593362150639273,-0.34737666250868915,0.5,0.7935152017920482,1.6804332795583503,0.6244594841833249,0.5666666666666667
capall_raw_ridge,5,25.0,validation,24,-0.3709640497132155,0.08698189041321247,-0.20688213342102524,0.04258423660307309,-0.24946637002409833,0.6204413518529263,-0.11853536504710807,-0.5569444949307613,-0.08239866000360974,0.4166666666666667,-0.19216133962553306,0.716145024836143,-0.10092051147581782,0.9416666666666668
capall_raw_ridge,5,25.0,holdout_2024,12,0.4716317607292515,-0.013699490369203038,0.4716317607292515,-0.013699490369203038,0.48533125109845454,0.6188792402334693,0.9010111678298406,-0.32070855393475306,-0.07702368625268208,0.5833333333333334,1.0424767906592485,4.559043058572189,0.7920345730499623,0.9
capall_raw_ridge,5,25.0,holdout_2025_2026,18,0.7358922303465496,-0.12280852134116271,0.4443812415891848,-0.08364672551481533,0.5280279671040001,0.48067531356203147,0.998349984526258,-0.3748837454373344,-0.34737666250868915,0.7222222222222222,1.2426479683129212,0.8615330872872529,0.6780895159765183,0.7777777777777779
capall_raw_lightgbm,5,25.0,validation,24,1.258169869963389,0.08698189041321247,0.5027208223630193,0.04258423660307309,0.4601365857599462,0.6230585134585239,0.9332633407136078,-0.41627629996697835,-0.08239866000360974,0.5833333333333334,0.8918949058183976,2.3590203534947447,0.5931236415040688,0.7166666666666667
capall_raw_lightgbm,5,25.0,holdout_2024,12,4.433400300346969,-0.013699490369203038,4.433400300346969,-0.013699490369203038,4.447099790716172,1.5013620823583471,1.5960912903978424,-0.16057554190126788,-0.07702368625268208,0.75,1.667316337664278,8.510846986878816,8.46018881681305,0.7166666666666668
capall_raw_lightgbm,5,25.0,holdout_2025_2026,18,0.982933195074817,-0.12280852134116271,0.5783575379947714,-0.08364672551481533,0.6620042635095867,0.6717465343197486,0.9786365966899919,-0.3265645179151503,-0.34737666250868915,0.6111111111111112,1.1471022334055199,1.0163077204941273,1.0033269778934724,0.7222222222222223
capall_rank_ridge,5,25.0,validation,24,-0.29822359920995045,0.08698189041321247,-0.16227904360100343,0.04258423660307309,-0.20486328020407651,0.18505284523924231,-0.8621963307015961,-0.2159752540502754,-0.08239866000360974,0.3333333333333333,-0.903771377757604,-0.6908781218500668,-0.12103973340067498,0.7583333333333334
capall_rank_ridge,5,25.0,holdout_2024,12,0.8279236285510265,-0.013699490369203038,0.8279236285510265,-0.013699490369203038,0.8416231189202296,0.5537621644957914,1.3333893422516412,-0.19084385223056188,-0.07702368625268208,0.6666666666666666,1.419200976549849,1.862453310454966,1.0792233152972281,0.6833333333333335
capall_rank_ridge,5,25.0,holdout_2025_2026,18,0.8593906873510722,-0.12280852134116271,0.5120997247033003,-0.08364672551481533,0.5957464502181157,0.4194411931954297,1.1615774427615169,-0.10075652176636396,-0.34737666250868915,0.6666666666666666,1.227611362397632,0.3323136786513612,0.6417608456284891,0.6222222222222222
capall_rank_lightgbm,5,25.0,validation,24,0.09754403127516209,0.08698189041321247,0.0476373567581303,0.04258423660307309,0.005053120155057211,0.15003000913293885,0.3837840154722763,-0.13666158723664457,-0.08239866000360974,0.5416666666666666,0.0760153810614882,0.2202063167638255,0.04867937916496379,0.7666666666666666
capall_rank_lightgbm,5,25.0,holdout_2024,12,0.11826095462888775,-0.013699490369203038,0.11826095462888775,-0.013699490369203038,0.1319604449980908,0.12386664217906579,0.9628782928902404,-0.07258212041054535,-0.07702368625268208,0.75,0.8274877317180264,0.10179912877160975,0.12700904881356,0.8166666666666668
capall_rank_lightgbm,5,25.0,holdout_2025_2026,18,0.6592064856429589,-0.12280852134116271,0.4015231996410902,-0.08364672551481533,0.4851699251559055,0.2906911503337093,1.298078660726544,-0.06027356499245318,-0.34737666250868915,0.6666666666666666,1.348514754818777,0.34333142046799414,0.47769691225579547,0.8333333333333335
capall_raw_ensemble,5,25.0,validation,24,-0.4572184994050933,0.08698189041321247,-0.2632629365948075,0.04258423660307309,-0.3058471731978806,0.4776686974194509,-0.40674295956507384,-0.497021323179326,-0.08239866000360974,0.375,-0.4949438399642657,0.08436379782487455,-0.18106861836869959,0.9333333333333332
capall_raw_ensemble,5,25.0,holdout_2024,12,1.3661468932053418,-0.013699490369203038,1.3661468932053418,-0.013699490369203038,1.3798463835745447,1.2128423139626348,1.0660625113660605,-0.12917246703225227,-0.07702368625268208,0.5833333333333334,1.130413299361085,7.196341934272628,2.6147054200476427,0.8666666666666667
capall_raw_ensemble,5,25.0,holdout_2025_2026,18,0.16621669018403518,-0.12280852134116271,0.10794831582167297,-0.08364672551481533,0.1915950413364883,0.6167975170332255,0.4403737669680145,-0.48706935418660824,-0.34737666250868915,0.5,0.6125084905123181,1.2541976123215512,0.40254513786170776,0.8444444444444444
capall_rank_ensemble,5,25.0,validation,24,0.3232486107480308,0.08698189041321247,0.15032543688646238,0.04258423660307309,0.1077412002833893,0.499374722977588,0.45783281123015224,-0.20705897870507983,-0.08239866000360974,0.4166666666666667,0.38634395472547,2.169997378916417,0.1386487860475718,0.85
capall_rank_ensemble,5,25.0,holdout_2024,12,0.127548039103347,-0.013699490369203038,0.127548039103347,-0.013699490369203038,0.14124752947255004,0.49826113940313316,0.46875054053272697,-0.3582212954133269,-0.07702368625268208,0.5,0.493449017957912,0.8245245591152148,0.2692627464182815,0.8666666666666667
capall_rank_ensemble,5,25.0,holdout_2025_2026,18,0.8297527367670037,-0.12280852134116271,0.4959885525272105,-0.08364672551481533,0.5796352780420259,0.486573088216236,1.0313203819331778,-0.09039625938854678,-0.34737666250868915,0.5555555555555556,1.0809786100064935,0.2517670866970532,0.6575973191319371,0.8444444444444446
capall_rank_ensemble_volmanaged,5,25.0,validation,24,0.3232486107480308,0.08698189041321247,0.15032543688646238,0.04258423660307309,0.1077412002833893,0.499374722977588,0.45783281123015224,-0.20705897870507983,-0.08239866000360974,0.4166666666666667,0.38634395472547,2.169997378916417,0.1386487860475718,0.85
capall_rank_ensemble_volmanaged,5,25.0,holdout_2024,12,0.04547220190560153,-0.013699490369203038,0.04547220190560153,-0.013699490369203038,0.059171692274804566,0.4498052361476164,0.31031135343781047,-0.3582212954133269,-0.07702368625268208,0.5,0.3345354193485644,0.7580889899836292,0.15646875344715916,0.8272508904254168
capall_rank_ensemble_volmanaged,5,25.0,holdout_2025_2026,18,0.6968659363966718,-0.12280852134116271,0.42265093738938253,-0.08364672551481533,0.5062976629041979,0.4100250701831724,1.0336747917190343,-0.08667171827641762,-0.34737666250868915,0.5,1.0389294372532263,0.12476546593356308,0.5271232566328068,0.5932086898314418
cap150_composite,5,100.0,validation,24,-0.07885419476059263,0.08698189041321247,-0.04023658892443327,0.04258423660307309,-0.08282082552750636,0.3910000757355385,0.0927539544514849,-0.37411645029356255,-0.08239866000360974,0.5416666666666666,-0.023929328134415975,1.4433680693609843,-0.028591092579390853,0.5083333333333333
cap150_composite,5,100.0,holdout_2024,12,0.35455792506709294,-0.013699490369203038,0.35455792506709294,-0.013699490369203038,0.368257415436296,0.4489770551846871,0.8656247907208595,-0.16402145738329776,-0.07702368625268208,0.5,0.9470567978400454,1.6770484464199866,0.4870299357751129,0.48333333333333345
cap150_composite,5,100.0,holdout_2025_2026,18,-0.09796878227980776,-0.12280852134116271,-0.06642822731646003,-0.08364672551481533,0.017218498198355303,0.6853349585597714,0.22991755161546779,-0.6844033247827983,-0.34737666250868915,0.5,0.382222411981062,1.7588462154793314,0.2905675374287533,0.6000000000000001
cap150_raw_ridge,5,100.0,validation,24,-0.058615502126622254,0.08698189041321247,-0.029750290969702053,0.04258423660307309,-0.07233452757277514,0.4183648043391689,0.11509276482986264,-0.44441911172872217,-0.08239866000360974,0.4166666666666667,0.007007995548207787,0.3384909035245411,0.03335030771305658,0.6666666666666666
cap150_raw_ridge,5,100.0,holdout_2024,12,-0.4840362690339045,-0.013699490369203038,-0.4840362690339045,-0.013699490369203038,-0.47033677866470147,0.3909564664378572,-1.4529877059731855,-0.5340946651993426,-0.07702368625268208,0.3333333333333333,-1.5931419260760986,1.8695680671267076,-0.43145307960056034,0.7000000000000001
cap150_raw_ridge,5,100.0,holdout_2025_2026,18,-0.7291596254161072,-0.12280852134116271,-0.5813906377291945,-0.08364672551481533,-0.4977439122143792,0.5412616612876344,-1.259006667634952,-0.7838750250871748,-0.34737666250868915,0.3888888888888889,-1.6512383824630668,1.7212638387557473,-0.45009410222774016,0.8111111111111112
cap150_raw_lightgbm,5,100.0,validation,24,-0.3207500198566353,0.08698189041321247,-0.17583376668091732,0.04258423660307309,-0.21841800328399041,0.415901851586913,-0.2575942571148681,-0.5179184188315069,-0.08239866000360974,0.4166666666666667,-0.3791463995580987,1.3050448832904904,-0.15403890357032113,0.55
cap150_raw_lightgbm,5,100.0,holdout_2024,12,0.3895808781243406,-0.013699490369203038,0.3895808781243406,-0.013699490369203038,0.40328036849354365,0.5097556750518062,0.8528605506324418,-0.1294884054673725,-0.07702368625268208,0.4166666666666667,0.8834686874074212,0.859914412321858,0.5439833391380005,0.5166666666666667
cap150_raw_lightgbm,5,100.0,holdout_2025_2026,18,-0.24866143336654,-0.12280852134116271,-0.17353629089676492,-0.08364672551481533,-0.08988956538194959,0.67533954812142,0.06779018720260784,-0.705012293878856,-0.34737666250868915,0.5555555555555556,0.18832842408242084,1.789085748050614,0.1581740347172116,0.7000000000000001
cap150_rank_ridge,5,100.0,validation,24,-0.3157867426194806,0.08698189041321247,-0.17282815728500567,0.04258423660307309,-0.21541239388807876,0.12822630742495475,-1.4047294227880638,-0.39303000111753206,-0.08239866000360974,0.2916666666666667,-1.56390224330655,0.19907757247014482,-0.17355971341425414,0.45
cap150_rank_ridge,5,100.0,holdout_2024,12,0.034877172770958254,-0.013699490369203038,0.034877172770958254,-0.013699490369203038,0.04857666314016129,0.1619118171804495,0.2866250974848066,-0.1568988537356839,-0.07702368625268208,0.4166666666666667,0.37447657018886166,0.7069571565038857,0.05392179768984917,0.40000000000000013
cap150_rank_ridge,5,100.0,holdout_2025_2026,18,0.3140120399138553,-0.12280852134116271,0.19968224017915803,-0.08364672551481533,0.28332896569397337,0.18138595061943086,1.0925688826311426,-0.10562005508490901,-0.34737666250868915,0.5,1.1954977902075636,0.3969156942702319,0.24457153998346048,0.3777777777777778
cap150_rank_lightgbm,5,100.0,validation,24,0.4384835682333439,0.08698189041321247,0.19936798699704505,0.04258423660307309,0.15678375039397197,0.2738622714882138,0.8053273885396953,-0.2119209725157034,-0.08239866000360974,0.75,0.778064258302817,2.1879215819253326,0.12867371204821154,0.30833333333333335
cap150_rank_lightgbm,5,100.0,holdout_2024,12,-0.014669359514908997,-0.013699490369203038,-0.014669359514908997,-0.013699490369203038,-0.0009698691457059594,0.22011914548225223,0.03361438482948758,-0.19245544121792701,-0.07702368625268208,0.4166666666666667,0.08859602666848418,1.1933911156880652,0.01805570195373618,0.4333333333333334
cap150_rank_lightgbm,5,100.0,holdout_2025_2026,18,-0.5194499012759426,-0.12280852134116271,-0.38648415923628965,-0.08364672551481533,-0.3028374337214743,0.3975425404950079,-1.0098187762695254,-0.5862329408585696,-0.34737666250868915,0.2777777777777778,-1.3487721681236164,1.255983854490964,-0.284291405740126,0.5
cap150_raw_ensemble,5,100.0,validation,24,-0.5969596892843729,0.08698189041321247,-0.36514544128940285,0.04258423660307309,-0.40772967789247594,0.42179133021119,-0.8463109896147966,-0.5488149101274133,-0.08239866000360974,0.2916666666666667,-0.936116089572871,0.03581416115796576,-0.30514511216351736,0.5666666666666668
cap150_raw_ensemble,5,100.0,holdout_2024,12,0.37631439379487674,-0.013699490369203038,0.37631439379487674,-0.013699490369203038,0.3900138841640798,0.4769460761791178,0.8757501143392518,-0.28709680265747906,-0.07702368625268208,0.5833333333333334,0.9546389242054841,1.7893378095649823,0.5308111158450277,0.5833333333333333
cap150_raw_ensemble,5,100.0,holdout_2025_2026,18,-0.3273487911316063,-0.12280852134116271,-0.23229691699086508,-0.08364672551481533,-0.14865019147604974,0.6160865314063526,-0.12476064197987531,-0.683620709440877,-0.34737666250868915,0.4444444444444444,-0.036410763665656994,1.1657836665430368,-0.010372173958530073,0.7222222222222223
cap150_rank_ensemble,5,100.0,validation,24,-0.06913448518619691,0.08698189041321247,-0.03518627973385291,0.04258423660307309,-0.077770516336926,0.13578060543292253,-0.19661772850582265,-0.20543820584173988,-0.08239866000360974,0.4583333333333333,-0.5107076712486945,0.40364485635627917,-0.04402717876226803,0.30833333333333335
cap150_rank_ensemble,5,100.0,holdout_2024,12,-0.049427989439763786,-0.013699490369203038,-0.049427989439763786,-0.013699490369203038,-0.03572849907056075,0.15309163997376457,-0.25849615735646064,-0.1539887636074888,-0.07702368625268208,0.5,-0.23028828790610223,0.758305007311561,-0.032404604738347276,0.3166666666666667
cap150_rank_ensemble,5,100.0,holdout_2025_2026,18,-0.05740713145826104,-0.12280852134116271,-0.03864726444691502,-0.08364672551481533,0.044999461067900315,0.3038713537734408,0.012989993962411921,-0.37407295288448483,-0.34737666250868915,0.3888888888888889,0.3566258125248327,1.0142340200003273,0.0635296245199628,0.5
cap150_rank_ensemble_volmanaged,5,100.0,validation,24,-0.06913448518619691,0.08698189041321247,-0.03518627973385291,0.04258423660307309,-0.077770516336926,0.13578060543292253,-0.19661772850582265,-0.20543820584173988,-0.08239866000360974,0.4583333333333333,-0.5107076712486945,0.40364485635627917,-0.04402717876226803,0.30833333333333335
cap150_rank_ensemble_volmanaged,5,100.0,holdout_2024,12,-0.04725348990520284,-0.013699490369203038,-0.04725348990520284,-0.013699490369203038,-0.0335539995359998,0.14938565503578477,-0.2530771760613279,-0.1539887636074888,-0.07702368625268208,0.5,-0.22124187805190196,0.737388297465144,-0.030867269966193156,0.31425667187351725
cap150_rank_ensemble_volmanaged,5,100.0,holdout_2025_2026,18,-0.10040555152012443,-0.12280852134116271,-0.06811030099707471,-0.08364672551481533,0.015536424517740621,0.20796646320076367,-0.2382947995261364,-0.26662450334970533,-0.34737666250868915,0.3888888888888889,0.048121526697437925,0.6577931305813538,-0.01200118162474928,0.37994027766376803
cap300_composite,5,100.0,validation,24,-0.0774766908387674,0.08698189041321247,-0.039519230197068156,0.04258423660307309,-0.08210346680014124,0.41415586602671534,0.11081441686618188,-0.3630155490921382,-0.08239866000360974,0.375,0.0016230754748938596,-0.32166208225968496,0.06213575907047231,0.5666666666666667
cap300_composite,5,100.0,holdout_2024,12,0.26158240497542806,-0.013699490369203038,0.26158240497542806,-0.013699490369203038,0.2752818953446311,0.4106029861999573,0.7426414824460518,-0.16327579564415318,-0.07702368625268208,0.5,0.8456784465377982,1.9315926535224255,0.37396025622579354,0.48333333333333334
cap300_composite,5,100.0,holdout_2025_2026,18,-0.11798689387322903,-0.12280852134116271,-0.08029186976784619,-0.08364672551481533,0.003354855746969143,0.8182831492605744,0.22543579994229182,-0.5970915493247773,-0.34737666250868915,0.5,0.33156118090656084,1.6339133503353749,0.3157803790733078,0.5555555555555556
cap300_raw_ridge,5,100.0,validation,24,-0.49416206529590756,0.08698189041321247,-0.2887771553837064,0.04258423660307309,-0.3313613919867795,0.40191977600020756,-0.6470843619721925,-0.5197597361063766,-0.08239866000360974,0.375,-0.7541005903476373,0.33683958984765877,-0.2430878481455364,0.775
cap300_raw_ridge,5,100.0,holdout_2024,12,-0.004468181955231243,-0.013699490369203038,-0.004468181955231243,-0.013699490369203038,0.009231308413971795,0.2564198814667525,0.10003908645532023,-0.23492729656174116,-0.07702368625268208,0.5833333333333334,0.1517184841281492,1.155120283090288,0.036417909768050816,0.8000000000000002
cap300_raw_ridge,5,100.0,holdout_2025_2026,18,1.6725993888370274,-0.12280852134116271,0.9258505258892245,-0.08364672551481533,1.00949725140404,0.8531608023012414,1.1319231452076906,-0.4836607147613199,-0.34737666250868915,0.5,1.301438317292238,1.398835293872447,1.7247606316843136,0.788888888888889
cap300_raw_lightgbm,5,100.0,validation,24,-0.5815191596177853,0.08698189041321247,-0.35309904901738276,0.04258423660307309,-0.39568328562045585,0.3890103973474295,-0.9093707503059345,-0.6510671588900938,-0.08239866000360974,0.375,-1.0364545805655887,0.7205961981316553,-0.32475567605180133,0.5083333333333333
cap300_raw_lightgbm,5,100.0,holdout_2024,12,0.4422578650823299,-0.013699490369203038,0.4422578650823299,-0.013699490369203038,0.45595735545153293,0.48175749641014265,0.9630671929995033,-0.1756024147805786,-0.07702368625268208,0.5833333333333334,1.04234455798256,1.7192175714425382,0.5996534080905409,0.7000000000000001
cap300_raw_lightgbm,5,100.0,holdout_2025_2026,18,0.7042049755256743,-0.12280852134116271,0.4267500155251298,-0.08364672551481533,0.5103967410399451,1.122327125267861,0.6981917345697247,-0.6783302303215133,-0.34737666250868915,0.4444444444444444,0.7789904003739119,1.275415777255196,1.2867184622213261,0.8111111111111112
cap300_rank_ridge,5,100.0,validation,24,0.3568736555313732,0.08698189041321247,0.16484919862245406,0.04258423660307309,0.12226496201938097,0.14318577070571642,1.1373137523412866,-0.08388789230072058,-0.08239866000360974,0.4583333333333333,0.6900972221983276,-0.09686928400997867,0.1806570688283744,0.55
cap300_rank_ridge,5,100.0,holdout_2024,12,0.14025432026088747,-0.013699490369203038,0.14025432026088747,-0.013699490369203038,0.1539538106300905,0.18302508159852376,0.8008748808177725,-0.06852814811541275,-0.07702368625268208,0.5833333333333334,0.9575774982081594,0.8313582928464361,0.1652346242083924,0.5166666666666667
cap300_rank_ridge,5,100.0,holdout_2025_2026,18,0.5153043334269061,-0.12280852134116271,0.31926865343148014,-0.08364672551481533,0.4029153789462955,0.182792368971022,1.6150187921764463,-0.049665802026710226,-0.34737666250868915,0.6111111111111112,1.5007917348092437,0.32357282495381745,0.36291451323801893,0.4444444444444444
cap300_rank_lightgbm,5,100.0,validation,24,-0.004800909840210754,0.08698189041321247,-0.002403342948770093,0.04258423660307309,-0.04498757955184318,0.21249743992892056,0.10466450050058641,-0.2843584646408248,-0.08239866000360974,0.5416666666666666,-0.1011197642106328,0.054251303152070975,0.019969277437816624,0.4083333333333334
cap300_rank_lightgbm,5,100.0,holdout_2024,12,-0.06551248429454659,-0.013699490369203038,-0.06551248429454659,-0.013699490369203038,-0.05181299392534355,0.16262866388263675,-0.3404297667549071,-0.1307409160666937,-0.07702368625268208,0.5,-0.4724044097521662,1.273761971683837,-0.04326468023944596,0.41666666666666674
cap300_rank_lightgbm,5,100.0,holdout_2025_2026,18,0.28520886396535405,-0.12280852134116271,0.18208618411246902,-0.08364672551481533,0.26573290962728435,0.40448025612241467,0.608125999976667,-0.42953470602499266,-0.34737666250868915,0.6666666666666666,1.0848017024018908,1.197218578719393,0.3636499390938899,0.7222222222222222
cap300_raw_ensemble,5,100.0,validation,24,-0.5868948652334245,0.08698189041321247,-0.35726744693723855,0.04258423660307309,-0.39985168354031164,0.24419400559776963,-1.6541002150929152,-0.5279204753183275,-0.08239866000360974,0.3333333333333333,-1.703293693921081,-0.18988188985885682,-0.33101767764172085,0.7166666666666668
cap300_raw_ensemble,5,100.0,holdout_2024,12,0.3111589471097045,-0.013699490369203038,0.3111589471097045,-0.013699490369203038,0.3248584374789075,0.4124675884506438,0.8364569282718236,-0.1831677139959359,-0.07702368625268208,0.5833333333333334,0.9054653846757418,1.3062769553291047,0.42094325691016987,0.7166666666666667
cap300_raw_ensemble,5,100.0,holdout_2025_2026,18,0.8674786504117729,-0.12280852134116271,0.516481431646864,-0.08364672551481533,0.6001281571616793,0.8478440827724545,0.8038202284852377,-0.45499920313420605,-0.34737666250868915,0.6111111111111112,0.9536232287999798,1.4701032886524386,1.0998936431031914,0.8444444444444446
cap300_rank_ensemble,5,100.0,validation,24,0.01703746076519419,0.08698189041321247,0.008482751843180703,0.04258423660307309,-0.034101484759892386,0.10573639583499347,0.13088623785295436,-0.12375044657934287,-0.08239866000360974,0.5,-0.25189664745122575,0.19888578012709301,0.004860691584675836,0.5750000000000001
cap300_rank_ensemble,5,100.0,holdout_2024,12,-0.07444494201748686,-0.013699490369203038,-0.07444494201748686,-0.013699490369203038,-0.06074545164828382,0.2402440062762274,-0.21128403865517983,-0.19426329830431843,-0.07702368625268208,0.3333333333333333,-0.20294453788125907,1.1926916249216333,-0.039522524809637805,0.65
cap300_rank_ensemble,5,100.0,holdout_2025_2026,18,0.5714069138604743,-0.12280852134116271,0.3516339956655501,-0.08364672551481533,0.4352807211803654,0.40358949791471077,0.9237353411365077,-0.18219883341888066,-0.34737666250868915,0.5555555555555556,1.2602203628779887,0.8792698073397848,0.5153404036846478,0.6555555555555556
cap300_rank_ensemble_volmanaged,5,100.0,validation,24,0.01703746076519419,0.08698189041321247,0.008482751843180703,0.04258423660307309,-0.034101484759892386,0.10573639583499347,0.13088623785295436,-0.12375044657934287,-0.08239866000360974,0.5,-0.25189664745122575,0.19888578012709301,0.004860691584675836,0.5750000000000001
cap300_rank_ensemble_volmanaged,5,100.0,holdout_2024,12,-0.06855291208482406,-0.013699490369203038,-0.06855291208482406,-0.013699490369203038,-0.05485342171562102,0.2322767761603325,-0.1987792310464521,-0.19426329830431843,-0.07702368625268208,0.3333333333333333,-0.1868468288852623,1.145447167253405,-0.035494300660766864,0.6268703216181775
cap300_rank_ensemble_volmanaged,5,100.0,holdout_2025_2026,18,0.267750047154377,-0.12280852134116271,0.17135649569752776,-0.08364672551481533,0.2550032212123431,0.26763377910648484,0.7077713197386833,-0.11118198122655243,-0.34737666250868915,0.6111111111111112,0.9567319302571142,0.5430878151134773,0.24405550160069578,0.46847209464810036
cap500_composite,5,100.0,validation,24,0.40621202479992835,0.08698189041321247,0.1858381107047995,0.04258423660307309,0.1432538741017264,0.3766354852041115,0.6435850588842192,-0.3694014454533001,-0.08239866000360974,0.5416666666666666,0.5069471802650424,-0.1594647600630659,0.2802357104134656,0.5833333333333333
cap500_composite,5,100.0,holdout_2024,12,0.16482580427539806,-0.013699490369203038,0.16482580427539806,-0.013699490369203038,0.1785252946446011,0.46731216856494057,0.5250047643278793,-0.22829046167124167,-0.07702368625268208,0.4166666666666667,0.5813144309853646,1.7595838423979087,0.29439233892737926,0.4833333333333334
cap500_composite,5,100.0,holdout_2025_2026,18,0.32771350231020935,-0.12280852134116271,0.2080073626203327,-0.08364672551481533,0.29165408813514804,0.772093289894131,0.5944438940139861,-0.6091586663933413,-0.34737666250868915,0.5555555555555556,0.752747620304939,1.5287299945291206,0.7057960923247486,0.611111111111111
cap500_raw_ridge,5,100.0,validation,24,-0.8074230468234396,0.08698189041321247,-0.5611640931093258,0.04258423660307309,-0.6037483297123989,0.4076352916593823,-1.7413683058370086,-0.8291388237723828,-0.08239866000360974,0.25,-1.9577456159591857,1.7148781772375488,-0.5570833746029719,0.9333333333333332
cap500_raw_ridge,5,100.0,holdout_2024,12,-0.4127432661501187,-0.013699490369203038,-0.4127432661501187,-0.013699490369203038,-0.39904377578091565,0.3912350340968035,-1.1476524827665733,-0.4627683933537893,-0.07702368625268208,0.4166666666666667,-1.2040650518300355,1.3973355957364046,-0.3590740531786113,0.8166666666666668
cap500_raw_ridge,5,100.0,holdout_2025_2026,18,-0.44710856014505374,-0.12280852134116271,-0.32636200067774235,-0.08364672551481533,-0.242715275162927,0.49305262546047385,-0.5586706656153357,-0.639181536679196,-0.34737666250868915,0.4444444444444444,-0.5254361158887432,1.0720428003112967,-0.1945004923706497,0.8777777777777778
cap500_raw_lightgbm,5,100.0,validation,24,0.043580962150711056,0.08698189041321247,0.02155810512702172,0.04258423660307309,-0.02102613147605137,0.4188790428300115,0.23910729388556595,-0.43311332138505276,-0.08239866000360974,0.4166666666666667,0.14101763189662456,2.143764241510532,0.0032647851602112254,0.6
cap500_raw_lightgbm,5,100.0,holdout_2024,12,0.5594720678038605,-0.013699490369203038,0.5594720678038605,-0.013699490369203038,0.5731715581730635,0.7617830544660746,0.9127630836209948,-0.2656385318733765,-0.07702368625268208,0.75,0.9200892256981555,0.25252655856352957,0.9699930901711227,0.6666666666666669
cap500_raw_lightgbm,5,100.0,holdout_2025_2026,18,5.6197498947922675,-0.12280852134116271,2.5255568402777255,-0.08364672551481533,2.6092035657925408,0.9428739880249569,1.7590307096254791,-0.35818998638333766,-0.34737666250868915,0.6666666666666666,2.0191063212595406,1.860994910330258,4.187895652791078,0.7333333333333334
cap500_rank_ridge,5,100.0,validation,24,0.01982411995735811,0.08698189041321247,0.009863416486288079,0.04258423660307309,-0.03272082011678501,0.1279570104920092,0.13596382064589357,-0.1478023540363852,-0.08239866000360974,0.4166666666666667,-0.18273844672030018,0.02773903933100962,0.016263720804606585,0.8166666666666668
cap500_rank_ridge,5,100.0,holdout_2024,12,-0.023858916516391826,-0.013699490369203038,-0.023858916516391826,-0.013699490369203038,-0.010159426147188788,0.1268767841463849,-0.13211494610439675,-0.10312225052861779,-0.07702368625268208,0.4166666666666667,-0.04981002872808527,0.06454707342501513,-0.01607427238418091,0.7499999999999999
cap500_rank_ridge,5,100.0,holdout_2025_2026,18,1.4773351401809665,-0.12280852134116271,0.8308657848759615,-0.08364672551481533,0.9145125103907769,0.4514220570778016,1.5447537206269906,-0.05302660226818934,-0.34737666250868915,0.5,1.5417517911646939,0.2100448470303785,0.9919915422832721,0.7555555555555556
cap500_rank_lightgbm,5,100.0,validation,24,0.30052579711059946,0.08698189041321247,0.14040597907525876,0.04258423660307309,0.09782174247218567,0.11909582734050876,1.1654781495500417,-0.11205323352551921,-0.08239866000360974,0.5416666666666666,0.7533150177043108,0.41244903163843194,0.1270047599867863,0.6666666666666666
cap500_rank_lightgbm,5,100.0,holdout_2024,12,-0.10247450706463956,-0.013699490369203038,-0.10247450706463956,-0.013699490369203038,-0.08877501669543653,0.15792786270371684,-0.6074234861335354,-0.1516072663114486,-0.07702368625268208,0.4166666666666667,-0.8511069458023072,1.1686990658952885,-0.08235507171093737,0.7166666666666667
cap500_rank_lightgbm,5,100.0,holdout_2025_2026,18,0.45612521443361387,-0.12280852134116271,0.2846923799683012,-0.08364672551481533,0.36833910548311655,0.3242757700046773,0.9222845051305737,-0.27303991029347185,-0.34737666250868915,0.6111111111111112,1.3336817338284928,0.7759075773748003,0.40280952105651613,0.7444444444444446
cap500_raw_ensemble,5,100.0,validation,24,0.032250735229460537,0.08698189041321247,0.015997409066312862,0.04258423660307309,-0.026586827536760227,0.33061554830683026,0.20250810600800978,-0.21394366068691084,-0.08239866000360974,0.4166666666666667,0.06645478004563823,0.6505998175273492,0.03819840929432927,0.8250000000000001
cap500_raw_ensemble,5,100.0,holdout_2024,12,-0.10874701980138812,-0.013699490369203038,-0.10874701980138812,-0.013699490369203038,-0.09504752943218508,0.34084655199392033,-0.1704143751472841,-0.2873616992750404,-0.07702368625268208,0.5833333333333334,-0.14617917024465465,0.6169449308150817,-0.05140020675207535,0.8333333333333335
cap500_raw_ensemble,5,100.0,holdout_2025_2026,18,0.8246118613023088,-0.12280852134116271,0.49318515128411833,-0.08364672551481533,0.5768318767989337,0.5834445683883339,0.9746709544887581,-0.34836017126616237,-0.34737666250868915,0.6666666666666666,1.2269802571264545,1.1547560071931247,0.8557237001927196,0.7666666666666668
cap500_rank_ensemble,5,100.0,validation,24,0.1356992219069153,0.08698189041321247,0.06569189820834964,0.04258423660307309,0.023107661605276553,0.0853338621870314,0.7880808938494168,-0.056632124996607636,-0.08239866000360974,0.5,0.1999753616350171,0.16000614905291016,0.061696599523576534,0.6833333333333335
cap500_rank_ensemble,5,100.0,holdout_2024,12,-0.03317642954476707,-0.013699490369203038,-0.03317642954476707,-0.013699490369203038,-0.019476939175564034,0.13828330710943165,-0.18059619651187744,-0.10604363074423195,-0.07702368625268208,0.4166666666666667,-0.12893686924980446,0.6571670373224183,-0.0190187034863184,0.5833333333333334
cap500_rank_ensemble,5,100.0,holdout_2025_2026,18,1.197564543836589,-0.12280852134116271,0.6902894972624116,-0.08364672551481533,0.773936222777227,0.41236646918615555,1.4610144674130165,-0.1374064012198477,-0.34737666250868915,0.6666666666666666,1.5227174591978154,0.3573328890414816,0.8353103146030554,0.6777777777777778
cap500_rank_ensemble_volmanaged,5,100.0,validation,24,0.1356992219069153,0.08698189041321247,0.06569189820834964,0.04258423660307309,0.023107661605276553,0.0853338621870314,0.7880808938494168,-0.056632124996607636,-0.08239866000360974,0.5,0.1999753616350171,0.16000614905291016,0.061696599523576534,0.6833333333333335
cap500_rank_ensemble_volmanaged,5,100.0,holdout_2024,12,-0.03015651836750921,-0.013699490369203038,-0.03015651836750921,-0.013699490369203038,-0.016457027998306173,0.1245614835338316,-0.18884748307624324,-0.08821706997397782,-0.07702368625268208,0.5,-0.12668118007427123,0.5933395960635077,-0.018145583346268257,0.564120555835912
cap500_rank_ensemble_volmanaged,5,100.0,holdout_2025_2026,18,0.7899739932671226,-0.12280852134116271,0.4742274067988408,-0.08364672551481533,0.5578741323136561,0.3836511787885827,1.1720467776190582,-0.0889434349035706,-0.34737666250868915,0.5555555555555556,1.1518019007626947,0.12288062519498442,0.5654693570693701,0.49844218944135465
capall_composite,5,100.0,validation,24,0.21890397985350485,0.08698189041321247,0.10403984522910448,0.04258423660307309,0.06145560862603139,0.6613431230794987,0.4067671781079914,-0.5915862692300862,-0.08239866000360974,0.4583333333333333,0.3483982878260347,2.2212861138980573,0.18227198999688543,0.6166666666666666
capall_composite,5,100.0,holdout_2024,12,3.430567599231729,-0.013699490369203038,3.430567599231729,-0.013699490369203038,3.444267089600932,1.30700332753555,1.6327500469152068,-0.14638014107181074,-0.07702368625268208,0.5,1.7338108030152382,8.85998371506929,6.615496071463876,0.5833333333333334
capall_composite,5,100.0,holdout_2025_2026,18,0.1891671073193948,-0.12280852134116271,0.1224368733518133,-0.08364672551481533,0.20608359886662864,0.691397776315436,0.5038254703965891,-0.5681676731573417,-0.34737666250868915,0.5,0.7022187059565881,1.679705384309203,0.5465950421161034,0.5666666666666667
capall_raw_ridge,5,100.0,validation,24,-0.4723307939713456,0.08698189041321247,-0.273591570789095,0.04258423660307309,-0.3161758073921681,0.6208551030775223,-0.25496165103187135,-0.5982034330336041,-0.08239866000360974,0.3333333333333333,-0.3290510964917087,0.7098716074418274,-0.1746159266290046,0.9416666666666668
capall_raw_ridge,5,100.0,holdout_2024,12,0.35827495318937586,-0.013699490369203038,0.35827495318937586,-0.013699490369203038,0.3719744435585789,0.6197863475619465,0.7690022680610361,-0.3317313179836979,-0.07702368625268208,0.5833333333333334,0.892075522305537,4.57043717596489,0.6587132151792972,0.9
capall_raw_ridge,5,100.0,holdout_2025_2026,18,0.5692544421028489,-0.12280852134116271,0.35039942530525336,-0.08364672551481533,0.4340461508200687,0.4775593269015334,0.8582853873175862,-0.39093484471867,-0.34737666250868915,0.7222222222222222,1.0845920227514034,0.8483113348705205,0.5678380127716298,0.7777777777777779
capall_raw_lightgbm,5,100.0,validation,24,0.9916972950301512,0.08698189041321247,0.41127506001847536,0.04258423660307309,0.36869082341540227,0.621549857333947,0.8317557531874615,-0.43103771443314,-0.08239866000360974,0.5416666666666666,0.7864244503776332,2.3434133141948528,0.4980630104881003,0.7166666666666667
capall_raw_lightgbm,5,100.0,holdout_2024,12,4.124658133330352,-0.013699490369203038,4.124658133330352,-0.013699490369203038,4.138357623699555,1.5024977659565506,1.5519563464383597,-0.17019090108527812,-0.07702368625268208,0.75,1.6211552937883347,8.4967245241,7.965499931542002,0.7166666666666668
capall_raw_lightgbm,5,100.0,holdout_2025_2026,18,0.8037760862362018,-0.12280852134116271,0.4817959949218378,-0.08364672551481533,0.5654427204366531,0.6709342931490585,0.882941516380898,-0.3339425420919915,-0.34737666250868915,0.6111111111111112,1.0433135099826483,1.0109518255369536,0.8832877749217376,0.7222222222222223
capall_rank_ridge,5,100.0,validation,24,-0.38975881610301544,0.08698189041321247,-0.21882064550003333,0.04258423660307309,-0.2614048821031064,0.1867654293024584,-1.2197218992935244,-0.31247766732208426,-0.08239866000360974,0.2916666666666667,-1.1981074681105728,-0.6879323012426057,-0.1799071847945356,0.7583333333333334
capall_rank_ridge,5,100.0,holdout_2024,12,0.7237204365384569,-0.013699490369203038,0.7237204365384569,-0.013699490369203038,0.7374199269076599,0.552831462267992,1.2243886509352866,-0.20610152181424823,-0.07702368625268208,0.5,1.30502600412142,1.8665893604428252,0.9621253535313312,0.6833333333333335
capall_rank_ridge,5,100.0,holdout_2025_2026,18,0.7139689190284209,-0.12280852134116271,0.4321943676803428,-0.08364672551481533,0.5158410931951581,0.41895355262467254,1.0292630910498506,-0.10932717319135621,-0.34737666250868915,0.6111111111111112,1.1014403717288814,0.3294279954945254,0.5554371309125548,0.6222222222222222
capall_rank_lightgbm,5,100.0,validation,24,-0.04401864601309957,0.08698189041321247,-0.022257010259393195,0.04258423660307309,-0.06484124686246628,0.15015678559346157,-0.07605970391867362,-0.14416158723664463,-0.08239866000360974,0.4583333333333333,-0.34483825237849347,0.19235937473530476,-0.019931009572800806,0.7666666666666666
capall_rank_lightgbm,5,100.0,holdout_2024,12,0.039734902414560125,-0.013699490369203038,0.039734902414560125,-0.013699490369203038,0.05343439278376316,0.12141720192956934,0.37695236128052223,-0.0949594056500146,-0.07702368625268208,0.5833333333333334,0.3566020103524199,0.09871283419516944,0.04764769066855057,0.8166666666666668
capall_rank_lightgbm,5,100.0,holdout_2025_2026,18,0.4871037335905193,-0.12280852134116271,0.3028492760687025,-0.08364672551481533,0.3864960015835178,0.2892451621235086,1.0452723803246868,-0.07369211449296154,-0.34737666250868915,0.6666666666666666,1.1168258668375313,0.33827187558983,0.37353081038163904,0.8333333333333335
capall_raw_ensemble,5,100.0,validation,24,-0.5442775304593112,0.08698189041321247,-0.3249278042011441,0.04258423660307309,-0.3675120408042172,0.4779365449643099,-0.5822705599982159,-0.5721591037124925,-0.08239866000360974,0.375,-0.6679684268158476,0.074036693589257,-0.2479800034102133,0.9333333333333332
capall_raw_ensemble,5,100.0,holdout_2024,12,1.1936535566455238,-0.013699490369203038,1.1936535566455238,-0.013699490369203038,1.2073530470147267,1.2152250090891275,0.9997866354188251,-0.14314336635936376,-0.07702368625268208,0.5,1.0606081770505544,7.223952407764422,2.370110584310658,0.8666666666666667
capall_raw_ensemble,5,100.0,holdout_2025_2026,18,0.0410237044184385,-0.12280852134116271,0.027165472456363693,-0.08364672551481533,0.11081219797117903,0.6151920831270349,0.317984335946086,-0.5028439058263503,-0.34737666250868915,0.3888888888888889,0.4720221752190025,1.2497058839545188,0.3020270009302122,0.8444444444444444
capall_rank_ensemble,5,100.0,validation,24,0.13567845831614878,0.08698189041321247,0.06568215632811869,0.04258423660307309,0.0230979197250456,0.4997605273554604,0.30440606040481344,-0.3170024969725841,-0.08239866000360974,0.3333333333333333,0.22502002377256677,2.169114169035749,0.05544837489627619,0.85
capall_rank_ensemble,5,100.0,holdout_2024,12,0.04179456279528915,-0.013699490369203038,0.04179456279528915,-0.013699490369203038,0.055494053164492185,0.5002082977430707,0.3109907994800472,-0.37960952549468396,-0.07702368625268208,0.5,0.3337098149358605,0.8519011857996875,0.17581783815925767,0.8666666666666667
capall_rank_ensemble,5,100.0,holdout_2025_2026,18,0.6377463055445611,-0.12280852134116271,0.3894121284967327,-0.08364672551481533,0.473058854011548,0.4858027840629993,0.8765135918248556,-0.12326640549820156,-0.34737666250868915,0.5,0.9346357732756722,0.24880884001216794,0.5405178188661754,0.8444444444444446
capall_rank_ensemble_volmanaged,5,100.0,validation,24,0.13567845831614878,0.08698189041321247,0.06568215632811869,0.04258423660307309,0.0230979197250456,0.4997605273554604,0.30440606040481344,-0.3170024969725841,-0.08239866000360974,0.3333333333333333,0.22502002377256677,2.169114169035749,0.05544837489627619,0.85
capall_rank_ensemble_volmanaged,5,100.0,holdout_2024,12,-0.031112812040224536,-0.013699490369203038,-0.031112812040224536,-0.013699490369203038,-0.017413321671021498,0.4522166520772033,0.14401745529480117,-0.37960952549468396,-0.07702368625268208,0.5,0.1659704661227824,0.7805027760386448,0.07442424808199322,0.8272508904254168
capall_rank_ensemble_volmanaged,5,100.0,holdout_2025_2026,18,0.5702404359213109,-0.12280852134116271,0.35096502132158114,-0.08364672551481533,0.4346117468363965,0.40823948982662195,0.9074178421437621,-0.11209392605610191,-0.34737666250868915,0.5,0.9272437281787927,0.12665700621550482,0.45040280111167275,0.5932086898314418
cap150_composite,10,25.0,validation,24,0.40399469814458855,0.08698189041321247,0.18490282223673882,0.04258423660307309,0.14231858563366573,0.3088075153507693,0.7012593929055243,-0.24642982489621457,-0.08239866000360974,0.625,0.589130881847283,1.250340589563597,0.17231634482574543,0.4333333333333333
cap150_composite,10,25.0,holdout_2024,12,0.15470090334901898,-0.013699490369203038,0.15470090334901898,-0.013699490369203038,0.16840039371822202,0.37315495401255777,0.5498863745192369,-0.23242473955375198,-0.07702368625268208,0.5833333333333334,0.6458881038192874,1.8625134341299892,0.2455443637825918,0.44166666666666665
cap150_composite,10,25.0,holdout_2025_2026,18,-0.02815226788733005,-0.12280852134116271,-0.01885735999593463,-0.08364672551481533,0.0647893655188807,0.5509847298387383,0.23887757171083476,-0.5814946894479059,-0.34737666250868915,0.5555555555555556,0.47739075137320236,1.7012557152078924,0.25411215273994947,0.55
cap150_raw_ridge,10,25.0,validation,24,-0.19361548914490634,0.08698189041321247,-0.10201085148255062,0.04258423660307309,-0.1445950880856237,0.3081755090863031,-0.19992490852517328,-0.38544158449135624,-0.08239866000360974,0.5,-0.3578371433149544,0.9095750394611302,-0.098023239578649,0.5833333333333334
cap150_raw_ridge,10,25.0,holdout_2024,12,-0.23919428625842676,-0.013699490369203038,-0.23919428625842676,-0.013699490369203038,-0.22549479588922372,0.29840028710653427,-0.763563115238424,-0.36699696650285174,-0.07702368625268208,0.3333333333333333,-0.8358159636535045,1.4414821542343703,-0.19515547793500976,0.6333333333333333
cap150_raw_ridge,10,25.0,holdout_2025_2026,18,-0.3294952916641113,-0.12280852134116271,-0.2339310008704557,-0.08364672551481533,-0.15028427535564037,0.5220707251646017,-0.23767244139243207,-0.6427053824363518,-0.34737666250868915,0.4444444444444444,-0.1924500739878934,1.7301119595018108,-0.025182096582538005,0.6944444444444444
cap150_raw_lightgbm,10,25.0,validation,24,0.07434372850163706,0.08698189041321247,0.036505537130234966,0.04258423660307309,-0.006078699472838123,0.30556604110520647,0.26934553373449127,-0.27313578928018456,-0.08239866000360974,0.5833333333333334,0.12613229333871667,0.976825347049252,0.03882502445022373,0.43333333333333335
cap150_raw_lightgbm,10,25.0,holdout_2024,12,0.33885916704781427,-0.013699490369203038,0.33885916704781427,-0.013699490369203038,0.3525586574170173,0.27655977797125614,1.1866813089066088,-0.11396918223029895,-0.07702368625268208,0.6666666666666666,1.2953709345776898,0.9071516692120533,0.39313102156507296,0.4083333333333334
cap150_raw_lightgbm,10,25.0,holdout_2025_2026,18,-0.08030419033512926,-0.12280852134116271,-0.05427949564033474,-0.08364672551481533,0.029367229874480594,0.47287934588903685,0.12043864482241198,-0.5707790367667198,-0.34737666250868915,0.6111111111111112,0.32705092217480475,1.3326203863811654,0.14130510766621063,0.65
cap150_rank_ridge,10,25.0,validation,24,-0.13887337479654493,0.08698189041321247,-0.07203091365959013,0.04258423660307309,-0.11461515026266322,0.09256505158202838,-0.7603824775418246,-0.2046080772112172,-0.08239866000360974,0.4166666666666667,-1.1237469072193544,0.3597890417285251,-0.08328758671786596,0.3458333333333334
cap150_rank_ridge,10,25.0,holdout_2024,12,0.052852660886233194,-0.013699490369203038,0.052852660886233194,-0.013699490369203038,0.06655215125543623,0.15246377705406972,0.408396339660992,-0.11903994945746277,-0.07702368625268208,0.5,0.5558427830581567,0.8188613169531642,0.07173203130227535,0.3083333333333334
cap150_rank_ridge,10,25.0,holdout_2025_2026,18,0.24812318309214731,-0.12280852134116271,0.15923539589363522,-0.08364672551481533,0.24288212140845056,0.16344968001910556,0.9862039696430626,-0.14297271430394465,-0.34737666250868915,0.6666666666666666,1.6023909596378865,0.5665840415150089,0.21160116392592476,0.34444444444444444
cap150_rank_lightgbm,10,25.0,validation,24,0.05879859902964357,0.08698189041321247,0.028979396795506096,0.04258423660307309,-0.013604839807566993,0.19112281984776147,0.24236960427643348,-0.17214799320940288,-0.08239866000360974,0.5416666666666666,0.007207764207431106,1.354742772892998,-0.014809877986301068,0.27499999999999997
cap150_rank_lightgbm,10,25.0,holdout_2024,12,-0.0833750088609636,-0.013699490369203038,-0.0833750088609636,-0.013699490369203038,-0.06967551849176057,0.16695266528586605,-0.4415567080022807,-0.14793064584332205,-0.07702368625268208,0.5,-0.5458678892485885,1.1349067617109114,-0.061896566810460296,0.31666666666666665
cap150_rank_lightgbm,10,25.0,holdout_2025_2026,18,-0.19033524436860738,-0.12280852134116271,-0.1312993295663739,-0.08364672551481533,-0.04765260405155858,0.338897059937601,-0.24608340096538522,-0.4782594176374654,-0.34737666250868915,0.3333333333333333,-0.16670859204467253,1.2311102993267609,-0.013152282676481053,0.43333333333333335
cap150_raw_ensemble,10,25.0,validation,24,0.01751370972717381,0.08698189041321247,0.008718845728171054,0.04258423660307309,-0.033865390874902035,0.3049836220288364,0.1782864673433583,-0.29401073933892397,-0.08239866000360974,0.5416666666666666,0.030467728440275513,0.6625932416844766,0.024700862092219333,0.4583333333333333
cap150_raw_ensemble,10,25.0,holdout_2024,12,0.10580826313463332,-0.013699490369203038,0.10580826313463332,-0.013699490369203038,0.11950775350383636,0.2837973096915401,0.48010211795343194,-0.22091102682924246,-0.07702368625268208,0.3333333333333333,0.568753877648501,1.2163472668833037,0.15727721063592037,0.5416666666666666
cap150_raw_ensemble,10,25.0,holdout_2025_2026,18,-0.41127327519361534,-0.12280852134116271,-0.2975601084842665,-0.08364672551481533,-0.21391338296945117,0.41803223172966636,-0.6122642017561782,-0.6158641875667619,-0.34737666250868915,0.4444444444444444,-0.6324079152787637,1.117202012446527,-0.1762024568127608,0.688888888888889
cap150_rank_ensemble,10,25.0,validation,24,-0.07013988283402162,0.08698189041321247,-0.03570745249899476,0.04258423660307309,-0.07829168910206785,0.09554868583075848,-0.33380728043315827,-0.18020818906028802,-0.08239866000360974,0.375,-0.8360312464582581,0.543643504589462,-0.055028536699387454,0.2625
cap150_rank_ensemble,10,25.0,holdout_2024,12,-0.06148010170800755,-0.013699490369203038,-0.06148010170800755,-0.013699490369203038,-0.04778061133880451,0.1777179931525293,-0.2739278587580168,-0.1711964832854994,-0.07702368625268208,0.4166666666666667,-0.2985288382605417,1.1353463024126869,-0.038005664823460794,0.3333333333333333
cap150_rank_ensemble,10,25.0,holdout_2025_2026,18,0.0875416246939471,-0.12280852134116271,0.05754110999864137,-0.08364672551481533,0.1411878355134567,0.2373408258269004,0.3493971376824438,-0.2991030533166572,-0.34737666250868915,0.6666666666666666,1.3127093001220254,0.8662614416983266,0.1406212969841203,0.3944444444444445
cap150_rank_ensemble_volmanaged,10,25.0,validation,24,-0.07013988283402162,0.08698189041321247,-0.03570745249899476,0.04258423660307309,-0.07829168910206785,0.09554868583075848,-0.33380728043315827,-0.18020818906028802,-0.08239866000360974,0.375,-0.8360312464582581,0.543643504589462,-0.055028536699387454,0.2625
cap150_rank_ensemble_volmanaged,10,25.0,holdout_2024,12,-0.04590023416472355,-0.013699490369203038,-0.04590023416472355,-0.013699490369203038,-0.032200743795520514,0.1740151761382457,-0.18900218824555504,-0.1711964832854994,-0.07702368625268208,0.4166666666666667,-0.18316007743009888,1.1007049612045772,-0.022951576457805878,0.33541989000998534
cap150_rank_ensemble_volmanaged,10,25.0,holdout_2025_2026,18,0.0061452268055388615,-0.12280852134116271,0.004092633310388116,-0.08364672551481533,0.08773935882520345,0.14297399612384412,0.09781364646295096,-0.19539678083432555,-0.34737666250868915,0.6111111111111112,0.5385832644332216,0.52503633039834,0.04480271948172443,0.32890045903660226
cap300_composite,10,25.0,validation,24,0.5071844382716983,0.08698189041321247,0.22767440238513492,0.04258423660307309,0.18509016578206183,0.30266865974645685,0.8332911388889606,-0.28457735972413556,-0.08239866000360974,0.625,0.6640350841054843,0.11107954734154502,0.2772110577383424,0.5375
cap300_composite,10,25.0,holdout_2024,12,0.29605379772187157,-0.013699490369203038,0.29605379772187157,-0.013699490369203038,0.3097532880910746,0.3083896295385929,0.985266017171991,-0.1175065638967725,-0.07702368625268208,0.6666666666666666,1.0918144463760076,1.105799006190828,0.3628199581885836,0.45
cap300_composite,10,25.0,holdout_2025_2026,18,0.1628247319310825,-0.12280852134116271,0.105798950511099,-0.08364672551481533,0.18944567602591433,0.6183908075465779,0.45490546260092724,-0.6199295459956564,-0.34737666250868915,0.6111111111111112,0.6755584954413288,1.5720968155433566,0.44093349288819894,0.5333333333333333
cap300_raw_ridge,10,25.0,validation,24,-0.3783149663475813,0.08698189041321247,-0.2115299411820264,0.04258423660307309,-0.2541141777850995,0.2653722373323025,-0.7599981521291458,-0.4074386838731765,-0.08239866000360974,0.375,-0.9170565998094957,0.35692036849970993,-0.19733360559722402,0.6750000000000002
cap300_raw_ridge,10,25.0,holdout_2024,12,0.5178631709881261,-0.013699490369203038,0.5178631709881261,-0.013699490369203038,0.5315626613573291,0.33202104520625575,1.4127937386883864,-0.07942849583438416,-0.07702368625268208,0.75,1.4950286815489082,0.8728047473659857,0.5960561608272734,0.6833333333333335
cap300_raw_ridge,10,25.0,holdout_2025_2026,18,1.2043114734665235,-0.12280852134116271,0.6937473969751509,-0.08364672551481533,0.7773941224899662,0.598541170826993,1.1552884342137795,-0.39116114693963167,-0.34737666250868915,0.5555555555555556,1.4377888701283488,1.2106235101973617,1.090408380511557,0.7333333333333334
cap300_raw_lightgbm,10,25.0,validation,24,-0.07641022226953698,0.08698189041321247,-0.03896421620708468,0.04258423660307309,-0.08154845281015777,0.23572325026970098,-0.05458810783997094,-0.2949859269621218,-0.08239866000360974,0.4166666666666667,-0.23570431917480145,0.14263191943322423,-0.019144512533880498,0.5875
cap300_raw_lightgbm,10,25.0,holdout_2024,12,0.731452865144163,-0.013699490369203038,0.731452865144163,-0.013699490369203038,0.745152355513366,0.3215513484160304,1.8833827197315727,-0.11373141180249347,-0.07702368625268208,0.9166666666666666,2.0823112541895443,1.2552174874016628,0.8245543728084606,0.5666666666666668
cap300_raw_lightgbm,10,25.0,holdout_2025_2026,18,0.9750582221632453,-0.12280852134116271,0.5741759331905465,-0.08364672551481533,0.6578226587053618,0.6767081795168468,0.9615655722494266,-0.5258148512575136,-0.34737666250868915,0.7222222222222222,1.1846950895297985,1.323358692918988,1.0238477234598453,0.8055555555555557
cap300_rank_ridge,10,25.0,validation,24,0.27247553659640356,0.08698189041321247,0.12804057400272773,0.04258423660307309,0.08545633739965464,0.11728533851596826,1.088691150009624,-0.11318285406334838,-0.08239866000360974,0.7083333333333334,0.5863026719210422,0.07901915830389758,0.13142557547833245,0.45416666666666666
cap300_rank_ridge,10,25.0,holdout_2024,12,0.028535963009622467,-0.013699490369203038,0.028535963009622467,-0.013699490369203038,0.042235453378825505,0.13633158738668932,0.2678000128100587,-0.0999737369108038,-0.07702368625268208,0.5833333333333334,0.3888084982877573,0.7312968581432014,0.043804913941212,0.45
cap300_rank_ridge,10,25.0,holdout_2025_2026,18,0.6543139329547432,-0.12280852134116271,0.3987667010771925,-0.08364672551481533,0.4824134265920078,0.19412774582073627,1.8375601680936893,-0.017494998694144726,-0.34737666250868915,0.5555555555555556,1.8803680391375277,0.41267114377564557,0.45403261064841205,0.39444444444444443
cap300_rank_lightgbm,10,25.0,validation,24,0.24497928910204592,0.08698189041321247,0.11578639940718305,0.04258423660307309,0.07320216280410996,0.11833956231872869,0.988115445568741,-0.12124532399006016,-0.08239866000360974,0.5833333333333334,0.5684002212408498,0.36594188138141337,0.10514343491570366,0.45
cap300_rank_lightgbm,10,25.0,holdout_2024,12,0.07406159122831668,-0.013699490369203038,0.07406159122831668,-0.013699490369203038,0.08776108159751972,0.18877336275415638,0.4673614924015665,-0.10247247180851682,-0.07702368625268208,0.5833333333333334,0.7242757643938098,1.3177978429463924,0.10452652545752361,0.5
cap300_rank_lightgbm,10,25.0,holdout_2025_2026,18,0.30866172448561424,-0.12280852134116271,0.19642349674307624,-0.08364672551481533,0.2800702222578916,0.34193868266231564,0.6899375450572813,-0.30485586841756096,-0.34737666250868915,0.6666666666666666,1.247801825669098,1.0034938871425674,0.3358743771431423,0.7333333333333334
cap300_raw_ensemble,10,25.0,validation,24,-0.045482940860250176,0.08698189041321247,-0.02300611100183958,0.04258423660307309,-0.06559034760491267,0.25229366580985146,0.030191777577662875,-0.22296048502701182,-0.08239866000360974,0.5416666666666666,-0.1405636086139951,-0.04617156668803259,0.00974740494736559,0.6458333333333334
cap300_raw_ensemble,10,25.0,holdout_2024,12,0.41854756571675544,-0.013699490369203038,0.41854756571675544,-0.013699490369203038,0.4322470560859585,0.34958995482582106,1.15954348406283,-0.16203246661894444,-0.07702368625268208,0.6666666666666666,1.3038497220312397,1.4853052901649095,0.5087986800640747,0.6083333333333334
cap300_raw_ensemble,10,25.0,holdout_2025_2026,18,1.7534559849058522,-0.12280852134116271,0.9645002677273391,-0.08364672551481533,1.0481469932421543,0.5808453062618448,1.4345781330542289,-0.3007692350020118,-0.34737666250868915,0.6666666666666666,1.8001478146142489,1.2558446128267549,1.392530554310576,0.7444444444444446
cap300_rank_ensemble,10,25.0,validation,24,0.44084255463624045,0.08698189041321247,0.2003510130941868,0.04258423660307309,0.1577667764911137,0.08740924257631201,2.146260895454661,-0.04057722983633216,-0.08239866000360974,0.75,1.4340034011249898,0.3451506398754187,0.1862313482889233,0.4791666666666667
cap300_rank_ensemble,10,25.0,holdout_2024,12,0.02733606873138661,-0.013699490369203038,0.02733606873138661,-0.013699490369203038,0.04103555910058965,0.1969504258022253,0.22644596243783044,-0.13537414884817645,-0.07702368625268208,0.4166666666666667,0.3455566892105708,1.1891471610971032,0.056481547721203285,0.49166666666666664
cap300_rank_ensemble,10,25.0,holdout_2025_2026,18,0.5311262522098232,-0.12280852134116271,0.3284360987696131,-0.08364672551481533,0.41208282428442844,0.2571495518105999,1.235051577796944,-0.15142315171178744,-0.34737666250868915,0.6666666666666666,1.9939724008182471,0.7511385170012185,0.4263183030708142,0.5611111111111112
cap300_rank_ensemble_volmanaged,10,25.0,validation,24,0.44084255463624045,0.08698189041321247,0.2003510130941868,0.04258423660307309,0.1577667764911137,0.08740924257631201,2.146260895454661,-0.04057722983633216,-0.08239866000360974,0.75,1.4340034011249898,0.3451506398754187,0.1862313482889233,0.4791666666666667
cap300_rank_ensemble_volmanaged,10,25.0,holdout_2024,12,0.03151537947963812,-0.013699490369203038,0.03151537947963812,-0.013699490369203038,0.045214869848841155,0.19170003317423098,0.2489570210334164,-0.13537414884817645,-0.07702368625268208,0.5,0.3750785354808377,1.14883773841115,0.05939987986965889,0.4822970461187375
cap300_rank_ensemble_volmanaged,10,25.0,holdout_2025_2026,18,0.26943500733465653,-0.12280852134116271,0.1723941619216618,-0.08364672551481533,0.2560408874364771,0.1671216133156467,1.0340769180064535,-0.09139953024339353,-0.34737666250868915,0.6666666666666666,1.282028068450648,0.4657710641949961,0.21862645328409758,0.409429220042125
cap500_composite,10,25.0,validation,24,0.6819270251236489,0.08698189041321247,0.2968912927164131,0.04258423660307309,0.25430705611334004,0.2806033340532156,1.0730854622341308,-0.2307149739906562,-0.08239866000360974,0.625,0.8917716614510667,0.24806503707660524,0.33169505272328315,0.5083333333333334
cap500_composite,10,25.0,holdout_2024,12,0.15014916918725896,-0.013699490369203038,0.15014916918725896,-0.013699490369203038,0.163848659556462,0.2671494971994611,0.6441748446729769,-0.0947565502853086,-0.07702368625268208,0.6666666666666666,0.73872585441938,1.0272864024179487,0.19695831359520577,0.4416666666666667
cap500_composite,10,25.0,holdout_2025_2026,18,0.641828164112118,-0.12280852134116271,0.3917197836482871,-0.08364672551481533,0.4753665091631024,0.6731336491380595,0.8098832428796449,-0.5488638809608493,-0.34737666250868915,0.5555555555555556,0.98752019889874,1.1621486964454482,0.815441207615639,0.5944444444444444
cap500_raw_ridge,10,25.0,validation,24,-0.4505587015737036,0.08698189041321247,-0.2587569235221846,0.04258423660307309,-0.3013411601252577,0.2891185047177539,-0.8806155824722284,-0.49761590076161566,-0.08239866000360974,0.3333333333333333,-1.1739408651095498,1.7807363336255937,-0.2881287643717634,0.8625000000000002
cap500_raw_ridge,10,25.0,holdout_2024,12,-0.15089639501211782,-0.013699490369203038,-0.15089639501211782,-0.013699490369203038,-0.13719690464291479,0.2606417756973375,-0.5019643442890785,-0.21671411981302846,-0.07702368625268208,0.5,-0.5381196904015131,1.2634278950505482,-0.11335305609009094,0.8083333333333332
cap500_raw_ridge,10,25.0,holdout_2025_2026,18,0.15212675672330378,-0.12280852134116271,0.09900628260991717,-0.08364672551481533,0.1826530081247325,0.48147482879353276,0.41801300735024455,-0.3249261823094889,-0.34737666250868915,0.4444444444444444,0.6135091939887793,0.9448632557158368,0.28716149812305214,0.8222222222222223
cap500_raw_lightgbm,10,25.0,validation,24,0.4159276036260835,0.08698189041321247,0.18992756234406283,0.04258423660307309,0.14734332574098974,0.318520510739172,0.6983598729224199,-0.20238414492558177,-0.08239866000360974,0.5,0.6340728052357463,2.1257026079304318,0.1339425380982171,0.6416666666666667
cap500_raw_lightgbm,10,25.0,holdout_2024,12,0.34429329389715746,-0.013699490369203038,0.34429329389715746,-0.013699490369203038,0.3579927842663605,0.3529105312783651,1.0022416904496332,-0.16732091731266785,-0.07702368625268208,0.6666666666666666,1.0111140853107377,0.31538922780619794,0.4208945112110678,0.7083333333333334
cap500_raw_lightgbm,10,25.0,holdout_2025_2026,18,3.549661636541445,-0.12280852134116271,1.7456977801259042,-0.08364672551481533,1.8293445056407194,0.7207651145611172,1.7643043877307545,-0.350412979671462,-0.34737666250868915,0.6111111111111112,2.2031531421022414,1.7690674939162352,2.667465388862413,0.6944444444444444
cap500_rank_ridge,10,25.0,validation,24,0.22693177268137554,0.08698189041321247,0.10766952322494427,0.04258423660307309,0.06508528662187119,0.1005953042548504,1.0685284847451506,-0.05160015656806982,-0.08239866000360974,0.5416666666666666,0.4613609767487682,-0.06533762110154644,0.11620779881738441,0.7625000000000001
cap500_rank_ridge,10,25.0,holdout_2024,12,0.0721882980015911,-0.013699490369203038,0.0721882980015911,-0.013699490369203038,0.08588778837079414,0.08444312275413104,0.8663061259571925,-0.06589142330823639,-0.07702368625268208,0.4166666666666667,0.7432769955502652,0.2675097812238176,0.07817809398056053,0.6416666666666667
cap500_rank_ridge,10,25.0,holdout_2025_2026,18,1.007665732376279,-0.12280852134116271,0.5914546624415709,-0.08364672551481533,0.6751013879563862,0.2544818590941584,1.9696093797458833,-0.03389514986846698,-0.34737666250868915,0.6111111111111112,1.8361096002474677,0.2746372663085465,0.6587428144076968,0.6611111111111111
cap500_rank_lightgbm,10,25.0,validation,24,0.4058638083775796,0.08698189041321247,0.18569127869676927,0.04258423660307309,0.14310704209369618,0.08823009858343865,1.9859683591459598,-0.06818291422170819,-0.08239866000360974,0.625,1.4042010931112603,0.4449666319249739,0.16662620489673707,0.5791666666666667
cap500_rank_lightgbm,10,25.0,holdout_2024,12,-0.00910925140241281,-0.013699490369203038,-0.00910925140241281,-0.013699490369203038,0.004590238966790228,0.12571597253786496,-0.013763022294357097,-0.10928598918648069,-0.07702368625268208,0.5,0.08797144677711231,0.931632865779573,0.006492821721089337,0.6083333333333333
cap500_rank_lightgbm,10,25.0,holdout_2025_2026,18,1.5369776799314363,-0.12280852134116271,0.8601348563406812,-0.08364672551481533,0.9437815818554965,0.29171547850299234,2.3106247007228617,-0.07343899319962333,-0.34737666250868915,0.7777777777777778,2.6055198402161324,0.5519368937111704,0.9848459579528346,0.7
cap500_raw_ensemble,10,25.0,validation,24,0.9408473104087076,0.08698189041321247,0.39314296122426273,0.04258423660307309,0.35055872462118964,0.2920571893639711,1.2859757464116053,-0.1419363588758331,-0.08239866000360974,0.5416666666666666,1.2949113486229131,1.9085029799941213,0.3309360137540025,0.75
cap500_raw_ensemble,10,25.0,holdout_2024,12,0.13210268232312172,-0.013699490369203038,0.13210268232312172,-0.013699490369203038,0.14580217269232476,0.21667908436730438,0.6741439123500388,-0.07421125345036539,-0.07702368625268208,0.5,0.6691784519686322,0.1940341407036181,0.1582137505978456,0.7250000000000001
cap500_raw_ensemble,10,25.0,holdout_2025_2026,18,2.3874365468129612,-0.12280852134116271,1.2555239650595844,-0.08364672551481533,1.3391706905743996,0.5211072575143989,1.836230070931025,-0.24914271118000708,-0.34737666250868915,0.6666666666666666,2.307477527385172,1.1393179953396215,1.6661200269477234,0.7000000000000001
cap500_rank_ensemble,10,25.0,validation,24,0.2553225391537448,0.08698189041321247,0.12041177214171794,0.04258423660307309,0.07782753553864485,0.08215586999820973,1.4291686525560585,-0.0705133028306204,-0.08239866000360974,0.625,0.8047244565958617,0.4091240018765583,0.10353302721937929,0.6000000000000001
cap500_rank_ensemble,10,25.0,holdout_2024,12,-0.016857076290741513,-0.013699490369203038,-0.016857076290741513,-0.013699490369203038,-0.003157585921538475,0.09824046328593859,-0.1274172921762084,-0.08280225279707598,-0.07702368625268208,0.5,-0.039638842497629063,0.5408338760802504,-0.007727531256667697,0.5833333333333334
cap500_rank_ensemble,10,25.0,holdout_2025_2026,18,1.1212985066586243,-0.12280852134116271,0.6509522943995862,-0.08364672551481533,0.7345990199144016,0.256997072725277,2.1027879161506413,-0.0727828896981888,-0.34737666250868915,0.6666666666666666,2.1541985408420956,0.4115561389808743,0.7350207251854113,0.6000000000000001
cap500_rank_ensemble_volmanaged,10,25.0,validation,24,0.2553225391537448,0.08698189041321247,0.12041177214171794,0.04258423660307309,0.07782753553864485,0.08215586999820973,1.4291686525560585,-0.0705133028306204,-0.08239866000360974,0.625,0.8047244565958617,0.4091240018765583,0.10353302721937929,0.6000000000000001
cap500_rank_ensemble_volmanaged,10,25.0,holdout_2024,12,-0.013336604092754945,-0.013699490369203038,-0.013336604092754945,-0.013699490369203038,0.00036288627644809335,0.08707914524718774,-0.11383352529509955,-0.06965295000824145,-0.07702368625268208,0.5833333333333334,-0.01244294941252654,0.4848498350450486,-0.005628443124917615,0.5611193213239632
cap500_rank_ensemble_volmanaged,10,25.0,holdout_2025_2026,18,0.7022579620624105,-0.12280852134116271,0.42566312330059075,-0.08364672551481533,0.5093098488154061,0.22064291039589362,1.725674569258247,-0.05908621077521359,-0.34737666250868915,0.5555555555555556,1.516704890468816,0.2180486774460713,0.47238128134899426,0.4560189932846965
capall_composite,10,25.0,validation,24,0.5359964733448719,0.08698189041321247,0.2393532480067464,0.04258423660307309,0.1967690114036733,0.3626290313035515,0.761803850958179,-0.2650759815176964,-0.08239866000360974,0.5416666666666666,0.6730934844551788,1.4527426232516314,0.232152246262473,0.5041666666666667
capall_composite,10,25.0,holdout_2024,12,2.014312660829484,-0.013699490369203038,2.014312660829484,-0.013699490369203038,2.028012151198687,0.7528431930230671,1.8094206205349226,-0.0592732463437069,-0.07702368625268208,0.5833333333333334,1.9757022083741878,4.44034686942653,2.763504789339994,0.44166666666666665
capall_composite,10,25.0,holdout_2025_2026,18,0.3179482143237644,-0.12280852134116271,0.20207684233668521,-0.08364672551481533,0.28572356785150055,0.6709833007623759,0.5599414848046734,-0.5252967347600965,-0.34737666250868915,0.5,0.733075124146088,1.3292263647207279,0.5576566624087997,0.5444444444444444
capall_raw_ridge,10,25.0,validation,24,0.05882588868600225,0.08698189041321247,0.028992657255629828,0.04258423660307309,-0.013591579347443261,0.36592234465921303,0.24400174239469422,-0.263385715057774,-0.08239866000360974,0.4583333333333333,0.12228032945608798,0.7729250702439954,0.05572436687955773,0.8958333333333334
capall_raw_ridge,10,25.0,holdout_2024,12,0.05217950768027335,-0.013699490369203038,0.05217950768027335,-0.013699490369203038,0.06587899804947639,0.37948762005871095,0.3079376426607834,-0.3123883134359349,-0.07702368625268208,0.5833333333333334,0.3931185904816,2.4339752974267927,0.14740277911809563,0.8500000000000001
capall_raw_ridge,10,25.0,holdout_2025_2026,18,2.80747282354372,-0.12280852134116271,1.4383228476189167,-0.08364672551481533,1.521969573133732,0.6276895784675425,1.727860544799977,-0.28068348973884183,-0.34737666250868915,0.7222222222222222,2.0622410274634255,1.2132816923942025,2.0088716785420697,0.7055555555555555
capall_raw_lightgbm,10,25.0,validation,24,-0.12123682586645934,0.08698189041321247,-0.06257631023451271,0.04258423660307309,-0.1051605468375858,0.3515252176632027,-0.022834737587293576,-0.43215556808030875,-0.08239866000360974,0.4583333333333333,-0.15935209324573565,1.3367399860426448,-0.06634001736785233,0.7208333333333333
capall_raw_lightgbm,10,25.0,holdout_2024,12,2.20270803788996,-0.013699490369203038,2.20270803788996,-0.013699490369203038,2.216407528259163,0.8570012080631205,1.6910817711737836,-0.0944838928649292,-0.07702368625268208,0.75,1.8083154053744908,4.39832275900308,3.0662295475339,0.7083333333333335
capall_raw_lightgbm,10,25.0,holdout_2025_2026,18,2.2836333207604316,-0.12280852134116271,1.2092071291056832,-0.08364672551481533,1.2928538546204984,0.8186301345578436,1.3170223788745627,-0.28742150865644345,-0.34737666250868915,0.6111111111111112,1.5899754285775738,1.8067650138355655,2.085003532323679,0.7555555555555555
capall_rank_ridge,10,25.0,validation,24,0.04624082540807284,0.08698189041321247,0.02285914250598209,0.04258423660307309,-0.019725094097091,0.13293276557901104,0.23229572579355598,-0.09483249913449565,-0.08239866000360974,0.3333333333333333,-0.09868828908112766,0.26412278794543137,0.019106797959351995,0.7291666666666666
capall_rank_ridge,10,25.0,holdout_2024,12,0.22453328293768138,-0.013699490369203038,0.22453328293768138,-0.013699490369203038,0.23823277330688442,0.31424557546032394,0.7880026549099818,-0.239373741017333,-0.07702368625268208,0.6666666666666666,0.8367006104032717,0.7228653688250943,0.2857486170819432,0.625
capall_rank_ridge,10,25.0,holdout_2025_2026,18,0.18372461728591727,-0.12280852134116271,0.11900953292311378,-0.08364672551481533,0.20265625843792912,0.21190306918847224,0.6217953845011298,-0.04866842201294186,-0.34737666250868915,0.5,0.652228313642962,0.18359610049782304,0.15187129000144406,0.5388888888888889
capall_rank_lightgbm,10,25.0,validation,24,0.026230760558667354,0.08698189041321247,0.013030483528835957,0.04258423660307309,-0.029553753074237132,0.11996167875162678,0.16544523262706404,-0.11059155635130691,-0.08239866000360974,0.5,-0.19206580495186473,0.2885555003382016,0.006825778097268476,0.7083333333333334
capall_rank_lightgbm,10,25.0,holdout_2024,12,0.027928103454790465,-0.013699490369203038,0.027928103454790465,-0.013699490369203038,0.0416275938239935,0.12192288282035532,0.2817782399099452,-0.12764860958115298,-0.07702368625268208,0.6666666666666666,0.3089030211692035,0.28465477952100493,0.03749104256819713,0.7666666666666666
capall_rank_lightgbm,10,25.0,holdout_2025_2026,18,0.4884243083554358,-0.12280852134116271,0.30362046429516676,-0.08364672551481533,0.3872671898099821,0.22441493610478322,1.2899941486998756,-0.09510254092554038,-0.34737666250868915,0.6111111111111112,1.3080694300761024,0.33872313692740763,0.3564791577310493,0.8222222222222222
capall_raw_ensemble,10,25.0,validation,24,-0.03631825635125441,0.08698189041321247,-0.018327068902913246,0.04258423660307309,-0.060911305505986335,0.28282682571943824,0.0702803415603264,-0.22342409933463525,-0.08239866000360974,0.5,-0.08790443225392865,0.2914361477678583,0.006725030584758596,0.9041666666666668
capall_raw_ensemble,10,25.0,holdout_2024,12,1.2369693552735477,-0.013699490369203038,1.2369693552735477,-0.013699490369203038,1.2506688456427506,0.6957785239216112,1.4315979502324245,-0.09626437540339139,-0.07702368625268208,0.75,1.5779512494966859,4.1323086837940375,1.6924229286494188,0.8083333333333332
capall_raw_ensemble,10,25.0,holdout_2025_2026,18,0.6715704286541453,-0.12280852134116271,0.40847708716839604,-0.08364672551481533,0.49212381268321137,0.5282614169506312,0.8955439947418881,-0.3210650631543971,-0.34737666250868915,0.6111111111111112,1.2276513183804607,1.2544118260962578,0.7033193800588089,0.7944444444444445
capall_rank_ensemble,10,25.0,validation,24,0.013965555957046183,0.08698189041321247,0.006958567150131545,0.04258423660307309,-0.035625669452941544,0.27778341531165096,0.14409271091663214,-0.25855662774963917,-0.08239866000360974,0.4166666666666667,-0.01945417083544725,0.9502540593616465,-0.0029205495661573933,0.7875
capall_rank_ensemble,10,25.0,holdout_2024,12,0.013274305669545905,-0.013699490369203038,0.013274305669545905,-0.013699490369203038,0.026973796038748943,0.33177875518058897,0.20217245263523365,-0.2681781275516706,-0.07702368625268208,0.5,0.235351907393828,0.783054264377782,0.0765321634697651,0.8083333333333335
capall_rank_ensemble,10,25.0,holdout_2025_2026,18,0.4614243941678198,-0.12280852134116271,0.2878073562613057,-0.08364672551481533,0.37145408177612105,0.27133022246400174,1.0571580775693934,-0.11387135990245778,-0.34737666250868915,0.5,1.0514456590381847,0.22866419501794621,0.34471983842976917,0.7277777777777777
capall_rank_ensemble_volmanaged,10,25.0,validation,24,0.013965555957046183,0.08698189041321247,0.006958567150131545,0.04258423660307309,-0.035625669452941544,0.27778341531165096,0.14409271091663214,-0.25855662774963917,-0.08239866000360974,0.4166666666666667,-0.01945417083544725,0.9502540593616465,-0.0029205495661573933,0.7875
capall_rank_ensemble_volmanaged,10,25.0,holdout_2024,12,-0.0265263928301388,-0.013699490369203038,-0.0265263928301388,-0.013699490369203038,-0.012826902460935763,0.30950151506652746,0.06747768066114276,-0.2681781275516706,-0.07702368625268208,0.5,0.09843243837605975,0.7223893515100498,0.027588512240028784,0.7674437155163574
capall_rank_ensemble_volmanaged,10,25.0,holdout_2025_2026,18,0.3744810919965731,-0.12280852134116271,0.2362107425311275,-0.08364672551481533,0.31985746804594284,0.23813223152918983,0.9990607066336021,-0.10054073970757549,-0.34737666250868915,0.5555555555555556,0.9273704084887152,0.13825159666449502,0.27545710731828565,0.5240350946774004
cap150_composite,10,100.0,validation,24,0.2998996698755956,0.08698189041321247,0.14013142658010946,0.04258423660307309,0.09754718997703637,0.3082847586893834,0.5759420981250684,-0.2693204079870475,-0.08239866000360974,0.625,0.45560517216598984,1.2423247180576331,0.12838983992214748,0.4333333333333333
cap150_composite,10,100.0,holdout_2024,12,0.1106098335601029,-0.013699490369203038,0.1106098335601029,-0.013699490369203038,0.12430932392930594,0.37128988064233903,0.445589372135967,-0.24153141163286773,-0.07702368625268208,0.5833333333333334,0.5284803460405335,1.8474707575153064,0.19763562418687664,0.44166666666666665
cap150_composite,10,100.0,holdout_2025_2026,18,-0.0989391873782679,-0.12280852134116271,-0.06709790504189872,-0.08364672551481533,0.016548820472916614,0.5509404817605613,0.1490503911624278,-0.5951668204435933,-0.34737666250868915,0.5555555555555556,0.352381424780879,1.7028746148953569,0.19464069023678499,0.55
cap150_raw_ridge,10,100.0,validation,24,-0.275195186071688,0.08698189041321247,-0.14864530662695474,0.04258423660307309,-0.19122954323002783,0.308386140672342,-0.3700294708931844,-0.41318698670637144,-0.08239866000360974,0.5,-0.5333220353676612,0.9093245923681851,-0.14463374639003024,0.5833333333333334
cap150_raw_ridge,10,100.0,holdout_2024,12,-0.28253032594867844,-0.013699490369203038,-0.28253032594867844,-0.013699490369203038,-0.2688308355794754,0.29828923910700267,-0.9549370727011866,-0.3862829169805094,-0.07702368625268208,0.25,-1.0535421364467288,1.439782888837192,-0.24065793776079403,0.6333333333333333
cap150_raw_ridge,10,100.0,holdout_2025_2026,18,-0.392292283647812,-0.12280852134116271,-0.2825419702574634,-0.08364672551481533,-0.19889524474264808,0.5229566382652665,-0.3567825899453367,-0.657782640439798,-0.34737666250868915,0.4444444444444444,-0.37085052404263963,1.7329159222459312,-0.08436787758092701,0.6944444444444444
cap150_raw_lightgbm,10,100.0,validation,24,-0.006061819366430354,0.08698189041321247,-0.003035516864532628,0.04258423660307309,-0.04561975346760572,0.30488488013052323,0.14203016041359307,-0.28223712878696783,-0.08239866000360974,0.5416666666666666,-0.00646050303338058,0.9716723825145467,-0.0006161071839068111,0.43333333333333335
cap150_raw_lightgbm,10,100.0,holdout_2024,12,0.29135017045585876,-0.013699490369203038,0.29135017045585876,-0.013699490369203038,0.3050496608250618,0.2769948646803754,1.0521434021895761,-0.12102017071633686,-0.07702368625268208,0.5833333333333334,1.153856694469653,0.9169257341428575,0.3442494814655248,0.4083333333333334
cap150_raw_lightgbm,10,100.0,holdout_2025_2026,18,-0.15963829368868854,-0.12280852134116271,-0.10947899149017992,-0.08364672551481533,-0.025832265975364588,0.4743618436401037,-0.0032613340161262022,-0.5864675864968354,-0.34737666250868915,0.6111111111111112,0.1584729376767558,1.335684836199129,0.07718039504895913,0.65
cap150_rank_ridge,10,100.0,validation,24,-0.1911845266853165,0.08698189041321247,-0.1006583111438214,0.04258423660307309,-0.1432425477468945,0.0921919503271444,-1.101070569561881,-0.24347941829731534,-0.08239866000360974,0.25,-1.436786924557985,0.36565600482765315,-0.11185626890884415,0.3458333333333334
cap150_rank_ridge,10,100.0,holdout_2024,12,0.02424741398319652,-0.013699490369203038,0.02424741398319652,-0.013699490369203038,0.03794690435239956,0.15143206487644978,0.22792826940537492,-0.12325174512116766,-0.07702368625268208,0.5,0.3415539405266711,0.8164487003810992,0.042511662975549536,0.3083333333333334
cap150_rank_ridge,10,100.0,holdout_2025_2026,18,0.19203913526797334,-0.12280852134116271,0.12424338920596689,-0.08364672551481533,0.20789011472078223,0.1631476466483732,0.798017782949298,-0.15236415965635608,-0.34737666250868915,0.6666666666666666,1.3635529234771142,0.5632961911873469,0.1749327817698798,0.34444444444444444
cap150_rank_lightgbm,10,100.0,validation,24,0.007515427014592291,0.08698189041321247,0.0037506797081594545,0.04258423660307309,-0.038833556894913634,0.19143736534140043,0.11268626778386172,-0.20106098876996137,-0.08239866000360974,0.5416666666666666,-0.1513230780375382,1.355401052218566,-0.03897697127412003,0.27499999999999997
cap150_rank_lightgbm,10,100.0,holdout_2024,12,-0.1094318282858312,-0.013699490369203038,-0.1094318282858312,-0.013699490369203038,-0.09573233791662816,0.16735048550951728,-0.6108083222144008,-0.1527801313052537,-0.07702368625268208,0.5,-0.7780252224697,1.1283813215981562,-0.0884778544510244,0.31666666666666665
cap150_rank_lightgbm,10,100.0,holdout_2025_2026,18,-0.23769748028334614,-0.12280852134116271,-0.16551557204728584,-0.08364672551481533,-0.08186884653247051,0.3401409258830881,-0.3598418531049824,-0.4926148177212033,-0.34737666250868915,0.3333333333333333,-0.4108292438655594,1.2358785748258128,-0.05074071815098313,0.43333333333333335
cap150_raw_ensemble,10,100.0,validation,24,-0.0635512998957849,0.08698189041321247,-0.03229720466239472,0.04258423660307309,-0.07488144126546781,0.305099562237117,0.043016949853580004,-0.31582456778584256,-0.08239866000360974,0.5416666666666666,-0.10640865774204486,0.655048735769593,-0.01635947636185131,0.4583333333333333
cap150_raw_ensemble,10,100.0,holdout_2024,12,0.05325802210909214,-0.013699490369203038,0.05325802210909214,-0.013699490369203038,0.06695751247829518,0.284350033260412,0.30772526540293754,-0.2344929599348935,-0.07702368625268208,0.3333333333333333,0.37695262224904835,1.2203558385185245,0.10279507837388158,0.5416666666666666
cap150_raw_ensemble,10,100.0,holdout_2025_2026,18,-0.46637949325862804,-0.12280852134116271,-0.3421073911839638,-0.08364672551481533,-0.2584606656691485,0.42016671169316466,-0.7567143274798614,-0.6325098426423053,-0.34737666250868915,0.4444444444444444,-0.8255528171397017,1.124074749065641,-0.22632694508188844,0.688888888888889
cap150_rank_ensemble,10,100.0,validation,24,-0.11330673758484155,0.08698189041321247,-0.05835608512816348,0.04258423660307309,-0.10094032173123657,0.0959609123058575,-0.5785673107105171,-0.20125897123961245,-0.08239866000360974,0.3333333333333333,-1.0846932150034598,0.5408836511583061,-0.07710071805254093,0.2625
cap150_rank_ensemble,10,100.0,holdout_2024,12,-0.08924565166508758,-0.013699490369203038,-0.08924565166508758,-0.013699490369203038,-0.07554616129588454,0.17648785996450078,-0.4458205190026699,-0.17650436760185062,-0.07702368625268208,0.4166666666666667,-0.5288449440562434,1.1329605458188836,-0.06658248041609727,0.3333333333333333
cap150_rank_ensemble,10,100.0,holdout_2025_2026,18,0.0311402723942944,-0.12280852134116271,0.0206538999945729,-0.08364672551481533,0.10430062550938823,0.23755028824562688,0.19964701179426797,-0.3093332576573532,-0.34737666250868915,0.6111111111111112,0.9697109715626197,0.8651647801804743,0.10114081656228913,0.3944444444444445
cap150_rank_ensemble_volmanaged,10,100.0,validation,24,-0.11330673758484155,0.08698189041321247,-0.05835608512816348,0.04258423660307309,-0.10094032173123657,0.0959609123058575,-0.5785673107105171,-0.20125897123961245,-0.08239866000360974,0.3333333333333333,-1.0846932150034598,0.5408836511583061,-0.07710071805254093,0.2625
cap150_rank_ensemble_volmanaged,10,100.0,holdout_2024,12,-0.07426610607865847,-0.013699490369203038,-0.07426610607865847,-0.013699490369203038,-0.06056661570945543,0.17278679828806146,-0.3650570518345039,-0.17650436760185062,-0.07702368625268208,0.4166666666666667,-0.4172567189091447,1.0982002319692303,-0.05211838148310177,0.33541989000998534
cap150_rank_ensemble_volmanaged,10,100.0,holdout_2025_2026,18,-0.03780584173149382,-0.12280852134116271,-0.025365432339069738,-0.08364672551481533,0.0582812931757456,0.14390899552086672,-0.10851464390060903,-0.2064653389339819,-0.34737666250868915,0.5555555555555556,0.3127127993882177,0.5260821557483137,0.014461761480391688,0.32890045903660226
cap300_composite,10,100.0,validation,24,0.37005828305211375,0.08698189041321247,0.17049488809311497,0.04258423660307309,0.12791065149004188,0.3022014874707131,0.6745040002686102,-0.2962172241207369,-0.08239866000360974,0.5416666666666666,0.5096084278003119,0.11122202566084491,0.21796328052399794,0.5375
cap300_composite,10,100.0,holdout_2024,12,0.2449423053225286,-0.013699490369203038,0.2449423053225286,-0.013699490369203038,0.2586417956917316,0.30992711914594495,0.8497024163562318,-0.12200656389677256,-0.07702368625268208,0.6666666666666666,0.9431467066630994,1.091343083945869,0.30983074754632645,0.45
cap300_composite,10,100.0,holdout_2025_2026,18,0.08105912088656253,-0.12280852134116271,0.05333447071443276,-0.08364672551481533,0.1369811962292481,0.6185146063296832,0.3772091297238943,-0.6312458447876585,-0.34737666250868915,0.6111111111111112,0.5797779572108573,1.5738442799131545,0.37538917939707916,0.5333333333333333
cap300_raw_ridge,10,100.0,validation,24,-0.4512719077117525,0.08698189041321247,-0.2592381676353408,0.04258423660307309,-0.3018224042384139,0.26578475078141467,-0.9873870085750528,-0.4331150025308421,-0.08239866000360974,0.375,-1.141286655635205,0.35953357749078707,-0.2457038074053789,0.6750000000000002
cap300_raw_ridge,10,100.0,holdout_2024,12,0.4293830991773784,-0.013699490369203038,0.4293830991773784,-0.013699490369203038,0.4430825895465814,0.33341818755713726,1.222420578692415,-0.09349064958754094,-0.07702368625268208,0.75,1.293761375278411,0.8508043607178456,0.5038856851986933,0.6833333333333335
cap300_raw_ridge,10,100.0,holdout_2025_2026,18,1.002776868450849,-0.12280852134116271,0.5888700467987811,-0.08364672551481533,0.6725167723135964,0.5980707639634814,1.0458422811240975,-0.40614530116228764,-0.34737666250868915,0.5555555555555556,1.3133009900903112,1.2137442710827977,0.9646220783352142,0.7333333333333334
cap300_raw_lightgbm,10,100.0,validation,24,-0.16975388207876363,0.08698189041321247,-0.08882157733996121,0.04258423660307309,-0.1314058139430343,0.23569483492270055,-0.27893138272492113,-0.3075992410105578,-0.08239866000360974,0.375,-0.4496492101076151,0.1288265007204882,-0.06926421261257953,0.5875
cap300_raw_lightgbm,10,100.0,holdout_2024,12,0.6484606933204302,-0.013699490369203038,0.6484606933204302,-0.013699490369203038,0.6621601836896333,0.3222108421907361,1.7212464029526169,-0.11945024159975626,-0.07702368625268208,0.8333333333333334,1.9018849625999763,1.2426925873481767,0.7378085135003585,0.5666666666666668
cap300_raw_lightgbm,10,100.0,holdout_2025_2026,18,0.7744015791075729,-0.12280852134116271,0.46566463941325753,-0.08364672551481533,0.5493113649280729,0.6774348095360531,0.8535128100059829,-0.5427689773848628,-0.34737666250868915,0.7222222222222222,1.061845023191184,1.3232477384923553,0.889733314841046,0.8055555555555557
cap300_rank_ridge,10,100.0,validation,24,0.17347220781265604,0.08698189041321247,0.08326922222163047,0.04258423660307309,0.04068498561855738,0.11671530357257916,0.7437971492250233,-0.12353826579679372,-0.08239866000360974,0.6666666666666666,0.29528435547655363,0.06513870854290277,0.0871684361881444,0.45416666666666666
cap300_rank_ridge,10,100.0,holdout_2024,12,-0.012416571167911172,-0.013699490369203038,-0.012416571167911172,-0.013699490369203038,0.0012829192012918655,0.137369679561381,-0.029048616580967832,-0.1118108200412824,-0.07702368625268208,0.4166666666666667,0.040721770059672174,0.7259479742102662,0.002404830248516898,0.45
cap300_rank_ridge,10,100.0,holdout_2025_2026,18,0.5707870425645538,-0.12280852134116271,0.35127852049555486,-0.08364672551481533,0.4349252460103702,0.19364876804234277,1.6587836653407664,-0.021244998694144757,-0.34737666250868915,0.5555555555555556,1.712881194810511,0.40832848657835474,0.40444346832030265,0.39444444444444443
cap300_rank_lightgbm,10,100.0,validation,24,0.14879559822104582,0.08698189041321247,0.07181882714432941,0.04258423660307309,0.029234590541256322,0.11818969678330428,0.6466989207114837,-0.1340398026466323,-0.08239866000360974,0.5416666666666666,0.2475978156070705,0.364456820827293,0.06163542406598599,0.45
cap300_rank_lightgbm,10,100.0,holdout_2024,12,0.02714437781936274,-0.013699490369203038,0.02714437781936274,-0.013699490369203038,0.04084386818856578,0.18759596372837348,0.23041754035301262,-0.11231118865272949,-0.07702368625268208,0.5833333333333334,0.38892472256443167,1.2996329625272933,0.05606063885557311,0.5
cap300_rank_lightgbm,10,100.0,holdout_2025_2026,18,0.18571177293201635,-0.12280852134116271,0.12026152706201643,-0.08364672551481533,0.20390825257683176,0.3426351877582031,0.4959103482274808,-0.3318065920703718,-0.34737666250868915,0.6111111111111112,0.9647631282530705,1.0056294058754678,0.25245494265899526,0.7333333333333334
cap300_raw_ensemble,10,100.0,validation,24,-0.15132966344655063,0.08698189041321247,-0.07876694775238913,0.04258423660307309,-0.12135118435546222,0.2532174319310594,-0.19946417342770856,-0.24307669170851354,-0.08239866000360974,0.5416666666666666,-0.35656408701813863,-0.05271174518933698,-0.047077804597231765,0.6458333333333334
cap300_raw_ensemble,10,100.0,holdout_2024,12,0.344908326675631,-0.013699490369203038,0.344908326675631,-0.013699490369203038,0.358607817044834,0.3489430902268595,1.004790649340996,-0.17332818048029952,-0.07702368625268208,0.6666666666666666,1.131400711055984,1.4636657169242953,0.4306182048918883,0.6083333333333334
cap300_raw_ensemble,10,100.0,holdout_2025_2026,18,1.5012119176712324,-0.12280852134116271,0.8426110002836009,-0.08364672551481533,0.9262577257984163,0.5807190536719752,1.3195158144118055,-0.32213763576531107,-0.34737666250868915,0.6666666666666666,1.6651002582328154,1.2556776118859794,1.2476342756417007,0.7444444444444446
cap300_rank_ensemble,10,100.0,validation,24,0.323311415204947,0.08698189041321247,0.1503527351229914,0.04258423660307309,0.10776849851991832,0.08722036363402737,1.6564714158848528,-0.05258698778390836,-0.08239866000360974,0.7083333333333334,1.0001401587306675,0.34340847278772846,0.13685782211172692,0.4791666666666667
cap300_rank_ensemble,10,100.0,holdout_2024,12,-0.01743212709638553,-0.013699490369203038,-0.01743212709638553,-0.013699490369203038,-0.0037326367271824923,0.1984248042651384,0.0017569815659718578,-0.14375593932430342,-0.07702368625268208,0.3333333333333333,0.05822155471028418,1.1773380160037632,0.010768870145368759,0.49166666666666664
cap300_rank_ensemble,10,100.0,holdout_2025_2026,18,0.42086629157733557,-0.12280852134116271,0.2638692303786483,-0.08364672551481533,0.3475159558934636,0.2583834716832692,1.0337076050315845,-0.16375902679737986,-0.34737666250868915,0.6666666666666666,1.706522078020504,0.7500088494338037,0.3578543792440272,0.5611111111111112
cap300_rank_ensemble_volmanaged,10,100.0,validation,24,0.323311415204947,0.08698189041321247,0.1503527351229914,0.04258423660307309,0.10776849851991832,0.08722036363402737,1.6564714158848528,-0.05258698778390836,-0.08239866000360974,0.7083333333333334,1.0001401587306675,0.34340847278772846,0.13685782211172692,0.4791666666666667
cap300_rank_ensemble_volmanaged,10,100.0,holdout_2024,12,-0.012547828577399445,-0.013699490369203038,-0.012547828577399445,-0.013699490369203038,0.0011516617918035932,0.19298992529251363,0.022375960992948116,-0.14375593932430342,-0.07702368625268208,0.4166666666666667,0.08567334684107401,1.1370589844783903,0.014425604665413427,0.4822970461187375
cap300_rank_ensemble_volmanaged,10,100.0,holdout_2025_2026,18,0.20187093937588485,-0.12280852134116271,0.1304166774406308,-0.08364672551481533,0.21406340295544612,0.16721478322148614,0.8131336859482169,-0.11044716846750169,-0.34737666250868915,0.6666666666666666,1.0776227844720416,0.4665880925381328,0.17523603502588236,0.409429220042125
cap500_composite,10,100.0,validation,24,0.5371853174680021,0.08698189041321247,0.23983277802613445,0.04258423660307309,0.19724854142306136,0.2806890689012722,0.9097659535746018,-0.2405161875489129,-0.08239866000360974,0.625,0.7323389836562797,0.25128796563338895,0.2732283111641165,0.5083333333333334
cap500_composite,10,100.0,holdout_2024,12,0.10515692973555701,-0.013699490369203038,0.10515692973555701,-0.013699490369203038,0.11885642010476005,0.2691690969177001,0.49166485818166067,-0.09976655031108161,-0.07702368625268208,0.6666666666666666,0.5711930975055343,1.0265952372434295,0.15091197199150752,0.4416666666666667
cap500_composite,10,100.0,holdout_2025_2026,18,0.5154964489370932,-0.12280852134116271,0.31938015869571545,-0.08364672551481533,0.4030268842105308,0.6734715937006635,0.7300377139200728,-0.5615238040038015,-0.34737666250868915,0.5555555555555556,0.899416132866466,1.1633969731973268,0.7252671006317484,0.5944444444444444
cap500_raw_ridge,10,100.0,validation,24,-0.5319015459212487,0.08698189041321247,-0.31582279044186856,0.04258423660307309,-0.35840702704494165,0.28902214472568644,-1.1494872157662674,-0.5667290588119158,-0.08239866000360974,0.2916666666666667,-1.4778120784113848,1.776318119937047,-0.3428041391400084,0.8625000000000002
cap500_raw_ridge,10,100.0,holdout_2024,12,-0.2114595424724115,-0.013699490369203038,-0.2114595424724115,-0.013699490369203038,-0.19776005210320846,0.2600436472266615,-0.7828796442575906,-0.2646016345569163,-0.07702368625268208,0.5,-0.8614209502451797,1.2627282893197798,-0.17636155168397027,0.8083333333333332
cap500_raw_ridge,10,100.0,holdout_2025_2026,18,0.030127897542163495,-0.12280852134116271,0.01998573775221102,-0.08364672551481533,0.10363246326702635,0.48208345669259023,0.2639848751926374,-0.33870540771142765,-0.34737666250868915,0.4444444444444444,0.43728880332279374,0.9468203780418781,0.197061839660698,0.8222222222222223
cap500_raw_lightgbm,10,100.0,validation,24,0.2618292739658421,0.08698189041321247,0.12331174389206945,0.04258423660307309,0.08072750728899636,0.31964532030456416,0.5152333944575529,-0.21371308623422203,-0.08239866000360974,0.5,0.4260198635951006,2.1384421861066047,0.070197522759468,0.6416666666666667
cap500_raw_lightgbm,10,100.0,holdout_2024,12,0.26274086353566695,-0.013699490369203038,0.26274086353566695,-0.013699490369203038,0.27644035390487,0.35275545426561483,0.8219621948852459,-0.17548117750507064,-0.07702368625268208,0.6666666666666666,0.833804688377953,0.3175055744102725,0.33540378193639553,0.7083333333333334
cap500_raw_lightgbm,10,100.0,holdout_2025_2026,18,3.1699606943618788,-0.12280852134116271,1.590724949866607,-0.08364672551481533,1.6743716753814222,0.7200858511523079,1.679173465509028,-0.3576634114066053,-0.34737666250868915,0.6111111111111112,2.099184640545754,1.7601618367502276,2.4653940301241666,0.6944444444444444
cap500_rank_ridge,10,100.0,validation,24,0.07033645028370006,0.08698189041321247,0.034570659879594734,0.04258423660307309,-0.008013576723478355,0.10070299499196464,0.3859264367560646,-0.07053612247814744,-0.08239866000360974,0.375,-0.046861856092179785,-0.06730268290296151,0.04272032557728345,0.7625000000000001
cap500_rank_ridge,10,100.0,holdout_2024,12,0.012038703979977416,-0.013699490369203038,0.012038703979977416,-0.013699490369203038,0.025738194349180454,0.08658264613076454,0.17790625749177358,-0.08156361327625794,-0.07702368625268208,0.4166666666666667,0.21733874253708593,0.2729226108037869,0.017952960134188345,0.6416666666666667
cap500_rank_ridge,10,100.0,holdout_2025_2026,18,0.8412115153927695,-0.12280852134116271,0.5022277777609787,-0.08364672551481533,0.585874503275794,0.25537252499753543,1.7297469907981984,-0.039145149868466955,-0.34737666250868915,0.6111111111111112,1.6435634096338285,0.2812292450606415,0.5671252702696463,0.6611111111111111
cap500_rank_lightgbm,10,100.0,validation,24,0.2680321158294314,0.08698189041321247,0.12606932105862434,0.04258423660307309,0.08348508445555125,0.0891668158795107,1.380526857405973,-0.08030155018068874,-0.08239866000360974,0.5833333333333334,0.833586378313381,0.44548328722555014,0.10796206472283876,0.5791666666666667
cap500_rank_lightgbm,10,100.0,holdout_2024,12,-0.06228225726873893,-0.013699490369203038,-0.06228225726873893,-0.013699490369203038,-0.04858276689953589,0.127352105675472,-0.4434966460367956,-0.11989751614956834,-0.07702368625268208,0.4166666666666667,-0.59248820998253,0.9505245013955983,-0.04706326525061,0.6083333333333333
cap500_rank_lightgbm,10,100.0,holdout_2025_2026,18,1.3181634885395077,-0.12280852134116271,0.7515775662494011,-0.08364672551481533,0.8352242917642164,0.29175467335364114,2.094379442798315,-0.08019833408059995,-0.34737666250868915,0.7222222222222222,2.3806384148286415,0.5519395837347916,0.869912543412138,0.7
cap500_raw_ensemble,10,100.0,validation,24,0.7000211764803657,0.08698189041321247,0.30384860182475393,0.04258423660307309,0.26126436522168084,0.29273675923299397,1.0524078455142136,-0.16849846331599094,-0.08239866000360974,0.5416666666666666,1.0269616500180778,1.9062404160523796,0.2459400232376976,0.75
cap500_raw_ensemble,10,100.0,holdout_2024,12,0.06108266775488835,-0.013699490369203038,0.06108266775488835,-0.013699490369203038,0.07478215812409139,0.21626171712988929,0.37372719837998675,-0.07871125345036556,-0.07702368625268208,0.5,0.3875924109533997,0.1899855334209919,0.08568768335435961,0.7250000000000001
cap500_raw_ensemble,10,100.0,holdout_2025_2026,18,2.099676669892851,-0.12280852134116271,1.1259070053191595,-0.08364672551481533,1.2095537308339748,0.5205443779491257,1.7171884939956017,-0.2556331346253826,-0.34737666250868915,0.6666666666666666,2.1611163373464954,1.130205816109584,1.5141781453035073,0.7000000000000001
cap500_rank_ensemble,10,100.0,validation,24,0.12784855247509697,0.08698189041321247,0.062002143347694494,0.04258423660307309,0.019417906744621405,0.08106695524942907,0.7822496087314041,-0.08701391179409157,-0.08239866000360974,0.5,0.20349965566096143,0.39960419729555896,0.04630738222417485,0.6000000000000001
cap500_rank_ensemble,10,100.0,holdout_2024,12,-0.06748084473304317,-0.013699490369203038,-0.06748084473304317,-0.013699490369203038,-0.05378135436384013,0.09990447873123912,-0.6507969876799944,-0.09213530990122387,-0.07702368625268208,0.3333333333333333,-0.6012497935090256,0.5573448716103275,-0.05848094918102409,0.5833333333333334
cap500_rank_ensemble,10,100.0,holdout_2025_2026,18,0.961533401151339,-0.12280852134116271,0.5669812690646696,-0.08364672551481533,0.650627994579485,0.2577902658074743,1.8868452518531724,-0.09242914604844599,-0.34737666250868915,0.6666666666666666,1.9603308317760966,0.4154267058485938,0.6479685097960293,0.6000000000000001
cap500_rank_ensemble_volmanaged,10,100.0,validation,24,0.12784855247509697,0.08698189041321247,0.062002143347694494,0.04258423660307309,0.019417906744621405,0.08106695524942907,0.7822496087314041,-0.08701391179409157,-0.08239866000360974,0.5,0.20349965566096143,0.39960419729555896,0.04630738222417485,0.6000000000000001
cap500_rank_ensemble_volmanaged,10,100.0,holdout_2024,12,-0.06220261406175942,-0.013699490369203038,-0.06220261406175942,-0.013699490369203038,-0.04850312369255638,0.08850159072403031,-0.6826234930704406,-0.07830822128143744,-0.07702368625268208,0.4166666666666667,-0.5824130965491104,0.4991150693254965,-0.0546020192118718,0.5611193213239632
cap500_rank_ensemble_volmanaged,10,100.0,holdout_2025_2026,18,0.6033235119129547,-0.12280852134116271,0.3698744772582234,-0.08364672551481533,0.45352120277303876,0.22009719018314658,1.5434824482721181,-0.07561809036773093,-0.34737666250868915,0.5555555555555556,1.3837976464857855,0.22517134430716462,0.415481564552598,0.4560189932846965
capall_composite,10,100.0,validation,24,0.4040402050316765,0.08698189041321247,0.1849220248740744,0.04258423660307309,0.1423377882710013,0.3628457228658616,0.636295753172296,-0.2707427390533512,-0.08239866000360974,0.5416666666666666,0.5405597507238654,1.4530888632376864,0.17829855267476247,0.5041666666666667
capall_composite,10,100.0,holdout_2024,12,1.9024001820092757,-0.013699490369203038,1.9024001820092757,-0.013699490369203038,1.9160996723784787,0.7550132063983553,1.7515720073213426,-0.06752706501586137,-0.07702368625268208,0.5833333333333334,1.912111449796009,4.444464944762503,2.631830500010149,0.44166666666666665
capall_composite,10,100.0,holdout_2025_2026,18,0.2242658474128678,-0.12280852134116271,0.14441574157028758,-0.08364672551481533,0.22806246708510292,0.6710052485761108,0.48689840564036524,-0.5385675474135849,-0.34737666250868915,0.5,0.6500208917355117,1.3291181456250014,0.48566142097720477,0.5444444444444444
capall_raw_ridge,10,100.0,validation,24,-0.0996432653515611,0.08698189041321247,-0.05112870490859567,0.04258423660307309,-0.09371294151166876,0.3657990963879795,0.023676082755584308,-0.29795012501087415,-0.08239866000360974,0.4583333333333333,-0.10141332064479389,0.778566868015212,-0.026209930447632868,0.8958333333333334
capall_raw_ridge,10,100.0,holdout_2024,12,-0.02587036311573465,-0.013699490369203038,-0.02587036311573465,-0.013699490369203038,-0.012170872746531614,0.38012288822454776,0.10617230477315978,-0.33259651099609444,-0.07702368625268208,0.5833333333333334,0.15343743229723533,2.4338115697633844,0.06357060338078879,0.8500000000000001
capall_raw_ridge,10,100.0,holdout_2025_2026,18,2.4886897898083373,-0.12280852134116271,1.300249276669145,-0.08364672551481533,1.3838960021839601,0.624751110438235,1.6343469262503072,-0.2975373731019173,-0.34737666250868915,0.7222222222222222,1.9545757805444326,1.2012753875922473,1.8373404036593097,0.7055555555555555
capall_raw_lightgbm,10,100.0,validation,24,-0.22928636413286685,0.08698189041321247,-0.12209702365971375,0.04258423660307309,-0.16468126026278684,0.3510075128645883,-0.20769352059076762,-0.48775999010722493,-0.08239866000360974,0.4166666666666667,-0.3539926397176997,1.3295945828160325,-0.12518386961066397,0.7208333333333333
capall_raw_lightgbm,10,100.0,holdout_2024,12,2.0182807640766103,-0.013699490369203038,2.0182807640766103,-0.013699490369203038,2.031980254445813,0.8584907732345768,1.6138893556295368,-0.10441814412896522,-0.07702368625268208,0.75,1.7258206403726455,4.396832522707478,2.8414613583136084,0.7083333333333335
capall_raw_lightgbm,10,100.0,holdout_2025_2026,18,1.9776903391614682,-0.12280852134116271,1.069758562545685,-0.08364672551481533,1.1534052880605001,0.8192207442849041,1.2330671730188374,-0.3111457136563358,-0.34737666250868915,0.6111111111111112,1.4929332719517137,1.804648867960067,1.89902798864144,0.7555555555555555
capall_rank_ridge,10,100.0,validation,24,-0.0827458937993828,0.08698189041321247,-0.04226616108617254,0.04258423660307309,-0.08485039768924563,0.1334216617706107,-0.2604171337471113,-0.1492759034097917,-0.08239866000360974,0.2916666666666667,-0.5483395044467969,0.2591480721770801,-0.045482042796699984,0.7291666666666666
capall_rank_ridge,10,100.0,holdout_2024,12,0.15824916776881381,-0.013699490369203038,0.15824916776881381,-0.013699490369203038,0.17194865813801685,0.3144024237904182,0.6086987035571407,-0.25397020070914167,-0.07702368625268208,0.5833333333333334,0.6535972839945012,0.7331657650948309,0.21679390909157492,0.625
capall_rank_ridge,10,100.0,holdout_2025_2026,18,0.10120192602200007,-0.12280852134116271,0.06637832278401534,-0.08364672551481533,0.15002504829883068,0.21162762701041354,0.3934285497560232,-0.06806974395503618,-0.34737666250868915,0.5,0.48537631072593507,0.18471710293959054,0.09792642024024589,0.5388888888888889
capall_rank_lightgbm,10,100.0,validation,24,-0.09685709578828328,0.08698189041321247,-0.049661689601162795,0.04258423660307309,-0.09224592620423588,0.11988743252357151,-0.36620112073859,-0.15299163827146434,-0.08239866000360974,0.4583333333333333,-0.6701179869703662,0.26945827013824813,-0.054662959623219654,0.7083333333333334
capall_rank_lightgbm,10,100.0,holdout_2024,12,-0.04058230103944238,-0.013699490369203038,-0.04058230103944238,-0.013699490369203038,-0.026882810670239343,0.12090592531820671,-0.2865433152507104,-0.14651451546235128,-0.07702368625268208,0.5833333333333334,-0.1865232661315777,0.2886022261186996,-0.03163521510089262,0.7666666666666666
capall_rank_lightgbm,10,100.0,holdout_2025_2026,18,0.33520724293212467,-0.12280852134116271,0.2125485027574472,-0.08364672551481533,0.2961952282722625,0.22281365095678607,0.9671487969012325,-0.12047106939302965,-0.34737666250868915,0.5555555555555556,1.0308992063664433,0.33532366087308946,0.2615501081755853,0.8222222222222222
capall_raw_ensemble,10,100.0,validation,24,-0.18234946341831293,0.08698189041321247,-0.09575969091082481,0.04258423660307309,-0.1383439275138979,0.28323701743221347,-0.21712498826440677,-0.29241869758341776,-0.08239866000360974,0.5,-0.3695970856611595,0.2827467044177451,-0.07180058926902722,0.9041666666666668
capall_raw_ensemble,10,100.0,holdout_2024,12,1.0868269019167691,-0.013699490369203038,1.0868269019167691,-0.013699490369203038,1.100526392285972,0.6966843316915048,1.3253134406225937,-0.10376437540339134,-0.07702368625268208,0.6666666666666666,1.461725169355536,4.1395950404154656,1.5176519044519328,0.8083333333333332
capall_raw_ensemble,10,100.0,holdout_2025_2026,18,0.5055198795455569,-0.12280852134116271,0.31358343463803906,-0.08364672551481533,0.3972301601528544,0.5267699889810729,0.7623466560438534,-0.33501082961779804,-0.34737666250868915,0.5555555555555556,1.0649553786130115,1.2498488248750705,0.5900046791914653,0.7944444444444445
capall_rank_ensemble,10,100.0,validation,24,-0.12020930115025652,0.08698189041321247,-0.062028412557318724,0.04258423660307309,-0.10461264916039181,0.2767647814393711,-0.11146083862126525,-0.33267581715166106,-0.08239866000360974,0.375,-0.28741347431619274,0.9593452601962241,-0.07173757495875621,0.7875
capall_rank_ensemble,10,100.0,holdout_2024,12,-0.05826178401547166,-0.013699490369203038,-0.05826178401547166,-0.013699490369203038,-0.044562293646268625,0.3319027225371574,-0.017093789678812924,-0.28748620813526704,-0.07702368625268208,0.4166666666666667,0.009723957197229786,0.7955637831517294,0.001332946927279588,0.8083333333333335
capall_rank_ensemble,10,100.0,holdout_2025_2026,18,0.3269733626633764,-0.12280852134116271,0.20755838160587148,-0.08364672551481533,0.2912051071206868,0.27083756948587756,0.8172386747772126,-0.13946419866208193,-0.34737666250868915,0.5,0.8524532518775517,0.22915950392686005,0.26129568768739597,0.7277777777777777
capall_rank_ensemble_volmanaged,10,100.0,validation,24,-0.12020930115025652,0.08698189041321247,-0.062028412557318724,0.04258423660307309,-0.10461264916039181,0.2767647814393711,-0.11146083862126525,-0.33267581715166106,-0.08239866000360974,0.375,-0.28741347431619274,0.9593452601962241,-0.07173757495875621,0.7875
capall_rank_ensemble_volmanaged,10,100.0,holdout_2024,12,-0.09221666131404094,-0.013699490369203038,-0.09221666131404094,-0.013699490369203038,-0.0785171709448379,0.31018482870335906,-0.15534444479473447,-0.28748620813526704,-0.07702368625268208,0.5,-0.1303837940923895,0.7308704429957913,-0.04095986650501826,0.7674437155163574
capall_rank_ensemble_volmanaged,10,100.0,holdout_2025_2026,18,0.28235222626407785,-0.12280852134116271,0.18033391684754685,-0.08364672551481533,0.2639806423623622,0.23667901059101681,0.8059244311800527,-0.12210831912673781,-0.34737666250868915,0.5555555555555556,0.7833737383677347,0.1416826130061718,0.21797692520088052,0.5240350946774004
