model,cost_bps,period,months,strategy_total_return,benchmark_total_return,strategy_cagr,benchmark_cagr,excess_cagr,strategy_volatility,strategy_sharpe_rf0,strategy_max_drawdown,benchmark_max_drawdown,active_hit_rate,information_ratio,beta_to_benchmark,annualized_alpha_rf0,average_monthly_turnover
cap300_composite,25.0,2015-01-31_2015-12-31,12,0.0,-0.12747006008062733,0.0,-0.12747006008062733,0.12747006008062733,0.0,,0.0,-0.2346154234110901,0.5,0.7954681733349814,0.0,0.0,0.0
cap300_composite,25.0,2015-02-28_2016-01-31,12,0.016054624861049138,-0.12464244015822579,0.016054624861049138,-0.12464244015822579,0.14069706501927493,0.016054624861049124,0.9999999999999999,0.0,-0.2346154234110902,0.5,0.894870625059392,0.031091630560304142,0.019993539340658062,0.08333333333333333
cap300_composite,25.0,2015-03-31_2016-02-29,12,0.1456100266047473,-0.12200466014015787,0.1456100266047473,-0.12200466014015787,0.2676146867449052,0.1270587221478781,1.1298943212581853,0.0,-0.1902603904171294,0.5833333333333334,1.452200099992954,0.17298260723207676,0.1768407554146263,0.1111111111111111
cap300_composite,25.0,2015-04-30_2016-03-31,12,0.20085260995707177,-0.048726200591690305,0.20085260995707177,-0.048726200591690305,0.24957881054876208,0.13118883249120883,1.4618929957623228,0.0,-0.19026039041712928,0.5833333333333334,1.3506094577540857,0.17645712401822078,0.21819221520111554,0.16666666666666666
cap300_composite,25.0,2015-05-31_2016-04-30,12,0.1767108811095901,-0.08042168629585977,0.1767108811095901,-0.08042168629585977,0.2571325674054499,0.13533547311983932,1.2685529369641124,-0.020103823439534874,-0.13984875260474772,0.5833333333333334,1.4616447767646,0.22146061847523127,0.2054364904706265,0.16666666666666666
cap300_composite,25.0,2015-06-30_2016-05-31,12,0.3411674360822743,0.021583559353247406,0.3411674360822743,0.021583559353247406,0.3195838767290269,0.1829914750159937,1.70193577523588,-0.020103823439534874,-0.12048239811387595,0.5833333333333334,1.560391839351061,0.5233731003101492,0.3397451638808946,0.2222222222222222
cap300_composite,25.0,2015-07-31_2016-06-30,12,0.47098445075845286,0.08609325121736311,0.47098445075845286,0.08609325121736311,0.38489119954108975,0.19332347046120305,2.1116617505573845,-0.020103823439534874,-0.06335332759593715,0.5833333333333334,1.725057385692606,0.6007429535701245,0.41678328872435344,0.25
cap300_composite,25.0,2015-08-31_2016-07-31,12,0.5846884322973278,0.19435729107699262,0.5846884322973278,0.19435729107699262,0.3903311412203352,0.19393695820481208,2.5035540615871867,-0.020103823439534874,-0.010009943632593221,0.5833333333333334,1.66021163022344,0.6908874973632205,0.4228721545091976,0.2777777777777778
cap300_composite,25.0,2015-09-30_2016-08-31,12,0.7605524478911019,0.27010420996995776,0.7605524478911019,0.27010420996995776,0.4904482379211441,0.2003261366427811,2.9776877812374747,-0.020103823439534874,-0.010009943632593332,0.5833333333333334,1.7664091468312033,0.5284760194668172,0.5818884089966856,0.3333333333333333
cap300_composite,25.0,2015-10-31_2016-09-30,12,0.9573750173247304,0.2171792753369357,0.9573750173247304,0.2171792753369357,0.7401957419877947,0.2012558960820926,3.519422867992727,-0.020103823439534874,-0.010009943632593221,0.6666666666666666,2.698026603104783,1.0617186027749512,0.6254932935289161,0.3888888888888889
cap300_composite,25.0,2015-11-30_2016-10-31,12,1.2799245594300053,0.15802517726789156,1.2799245594300053,0.15802517726789156,1.1218993821621137,0.2154923226800612,4.051612513042354,-0.020103823439534874,-0.05046191183613391,0.6666666666666666,2.8933756278977714,-0.39326232396769845,1.4553313003157884,0.4166666666666667
cap300_composite,25.0,2015-12-31_2016-11-30,12,1.3195869394444277,0.15325670090751609,1.3195869394444277,0.15325670090751609,1.1663302385369116,0.20970934429815744,4.246295034365354,-0.020103823439534874,-0.05046191183613402,0.6666666666666666,3.0790616132125517,-0.3258423283829032,1.4685434619730313,0.4166666666666666
cap300_composite,25.0,2016-01-31_2016-12-31,12,1.4461177767862807,0.1471553785298949,1.4461177767862807,0.1471553785298949,1.2989623982563858,0.1952479246507167,4.840187751716228,-0.020103823439534874,-0.05046191183613402,0.75,3.4842426044426853,-0.35626499346825463,1.6025885046636277,0.4444444444444444
cap300_composite,25.0,2016-02-29_2017-01-31,12,1.656673535290437,0.12910312615333996,1.656673535290437,0.12910312615333996,1.527570409137097,0.18386613497555282,5.615477143927034,-0.020103823439534985,-0.05046191183613391,0.8333333333333334,4.2875858385306485,-0.1622567178702969,1.7435588446442245,0.4166666666666667
cap300_composite,25.0,2016-03-31_2017-02-28,12,1.2857537704493893,0.1492046756740173,1.2857537704493893,0.1492046756740173,1.136549094775372,0.21058401059143572,4.155469763439339,-0.02991228606075913,-0.05046191183613402,0.75,2.9460318487787993,-0.48402263464998013,1.482798996274131,0.4166666666666667
cap300_composite,25.0,2016-04-30_2017-03-31,12,1.424319896561435,0.17503808646495478,1.424319896561435,0.17503808646495478,1.2492818100964802,0.21203497118359024,4.426724321138702,-0.029912286060758908,-0.05046191183613402,0.75,3.0947111723886738,-0.5049810485592773,1.668140690906033,0.38888888888888884
cap300_composite,25.0,2016-05-31_2017-04-30,12,1.2825531478231524,0.19627580709932912,1.2825531478231524,0.19627580709932912,1.0862773407238233,0.24603782176979436,3.582047069099809,-0.07740512895168505,-0.05046191183613402,0.75,2.4586521918330244,-0.731523561330062,1.6521876775091608,0.4444444444444444
cap300_composite,25.0,2016-06-30_2017-05-31,12,0.8916674345329729,0.16211773486732262,0.8916674345329729,0.16211773486732262,0.7295496996656503,0.2653111220588186,2.5861561695539175,-0.12853860011071683,-0.05046191183613402,0.6666666666666666,1.727191460712181,-1.251042052109147,1.3363521655644228,0.4444444444444445
cap300_composite,25.0,2016-07-31_2017-06-30,12,0.7695135229433749,0.11985678631409691,0.7695135229433749,0.11985678631409691,0.649656736629278,0.2632193443119769,2.3376352489005616,-0.12853860011071672,-0.05046191183613402,0.6666666666666666,1.6184837443663975,-1.5775931698328196,1.1679301340134782,0.47222222222222227
cap300_composite,25.0,2016-08-31_2017-07-31,12,0.5462153224345121,0.08878533946639733,0.5462153224345121,0.08878533946639733,0.45742998296811477,0.28292652869835994,1.6943076975069777,-0.1583447664327441,-0.05046191183613402,0.5833333333333334,1.2037725948563074,-1.8068438320547755,0.8624380733711887,0.5
cap300_composite,25.0,2016-09-30_2017-08-31,12,0.6273583288167432,0.09996258200034913,0.6273583288167432,0.09996258200034913,0.5273957468163941,0.3041084798140024,1.7680104306800806,-0.1583447664327441,-0.05046191183613402,0.5833333333333334,1.2866698261517426,-1.7320509843871434,0.9890039047162666,0.5
cap300_composite,25.0,2016-10-31_2017-09-30,12,0.5472519369025977,0.1075588143605537,0.5472519369025977,0.1075588143605537,0.43969312254204396,0.2957668670183821,1.6328368192636327,-0.1583447664327441,-0.0004923640702735321,0.5833333333333334,1.1297835297791408,-1.709317561433855,0.9060597664493959,0.47222222222222215
cap300_composite,25.0,2016-11-30_2017-10-31,12,0.2868513956271568,0.1559996199134983,0.2868513956271568,0.1559996199134983,0.13085177571365847,0.26951674239933143,1.0645234380969135,-0.1583447664327442,-0.008932388259170088,0.5,0.5189788437067805,0.40391262304318787,0.25298024454462253,0.5
cap300_composite,25.0,2016-12-31_2017-11-30,12,0.25770215283572684,0.19992461049678534,0.25770215283572684,0.19992461049678534,0.0577775423389415,0.2711048450879333,0.9732811454403053,-0.1583447664327441,-0.008932388259169977,0.5,0.2761123727298053,-0.1749229408600242,0.34011779904575024,0.5555555555555556
cap300_composite,25.0,2017-01-31_2017-12-31,12,0.6684682359252672,0.24773371905633135,0.6684682359252672,0.24773371905633135,0.4207345168689358,0.465390107273873,1.307026844450583,-0.1583447664327442,-0.008932388259170088,0.5,0.8451789152977262,1.6589221059172146,0.26083067655683534,0.5277777777777778
cap300_composite,25.0,2017-02-28_2018-01-31,12,0.7337428356088773,0.22472528642954592,0.7337428356088773,0.22472528642954592,0.5090175491793314,0.4726812007981944,1.378200698282137,-0.1583447664327442,-0.008932388259170088,0.5,0.9563035486685628,1.1728468324829526,0.49488505713891584,0.5
cap300_composite,25.0,2017-03-31_2018-02-28,12,0.7558879934676814,0.11150665310004948,0.7558879934676814,0.11150665310004948,0.644381340367632,0.4704303642111807,1.4111345180851282,-0.1583447664327442,-0.06307407298992962,0.5833333333333334,1.2230684156190688,1.2742752152666357,0.6669611706259082,0.49999999999999994
cap300_composite,25.0,2017-04-30_2018-03-31,12,0.8892299189571076,0.054403018339003184,0.8892299189571076,0.054403018339003184,0.8348269006181044,0.4887027153168501,1.5311310503193387,-0.08773042211809612,-0.09250223900477905,0.5833333333333334,1.4186398201927246,0.6057077889554011,0.998264864591466,0.5277777777777778
cap300_composite,25.0,2017-05-31_2018-04-30,12,1.1513541960619,0.042771960341875914,1.1513541960619,0.042771960341875914,1.1085822357200241,0.4649544373878458,1.884646659782777,-0.05864834070602176,-0.09416874157139277,0.6666666666666666,1.8004919209382524,0.6756081187506421,1.2607407275884635,0.49999999999999994
cap300_composite,25.0,2017-06-30_2018-05-31,12,1.454578166275879,-0.005226881237519021,1.454578166275879,-0.005226881237519021,1.459805047513398,0.44339250946949393,2.2765579693774507,-0.05864834070602176,-0.12207676452647664,0.75,2.3195596785854704,0.7805115428155085,1.634062861307679,0.5
cap300_composite,25.0,2017-07-31_2018-06-30,12,1.4078016079087141,0.0163507796990916,1.4078016079087141,0.0163507796990916,1.3914508282096225,0.4466091235543167,2.2163833010794183,-0.03671813752604358,-0.12207676452647676,0.6666666666666666,2.1839169362084427,0.6182487141994537,1.5553715913001191,0.47222222222222215
cap300_composite,25.0,2017-08-31_2018-07-31,12,1.3568727460360437,0.02633003466478856,1.3568727460360437,0.02633003466478856,1.3305427113712551,0.4538584192305196,2.1371111928225974,-0.07855943656720954,-0.12207676452647653,0.6666666666666666,2.0637814035962836,0.4881470652614733,1.5043851833331687,0.47222222222222215
cap300_composite,25.0,2017-09-30_2018-08-31,12,0.9851471542551233,0.012828519177035869,0.9851471542551233,0.012828519177035869,0.9723186350780875,0.4521150408860262,1.7374501559470001,-0.09250927314440394,-0.12207676452647664,0.5833333333333334,1.6968215737382062,0.5169900599099054,1.1202375605388166,0.47222222222222227
cap300_composite,25.0,2017-10-31_2018-09-30,12,0.9010309085219201,-0.028994428060318933,0.9010309085219201,-0.028994428060318933,0.9300253365822391,0.45523006641465524,1.6271693624351764,-0.09250927314440383,-0.12207676452647676,0.5833333333333334,1.6900567359359242,0.6084420730966429,1.0788253374391652,0.47222222222222227
cap300_composite,25.0,2017-11-30_2018-10-31,12,1.0048506332258742,0.017470333624036494,1.0048506332258742,0.017470333624036494,0.9873802996018377,0.4464318837691505,1.7777457052643475,-0.09250927314440394,-0.12207676452647676,0.5833333333333334,1.7063659129569355,0.38238958553127184,1.1375207535980683,0.49999999999999994
cap300_composite,25.0,2017-12-31_2018-11-30,12,1.6023270574862782,-0.025356283802123625,1.6023270574862782,-0.025356283802123625,1.6276833412884018,0.4906130944167731,2.2216574091100125,-0.09250927314440383,-0.12207676452647687,0.6666666666666666,2.382523472175956,1.5113102182873301,1.919253934725302,0.5277777777777778
cap300_composite,25.0,2018-01-31_2018-12-31,12,0.9290770318166388,-0.01099995180484914,0.9290770318166388,-0.01099995180484914,0.940076983621488,0.3582900623094652,2.032004199043186,-0.09250927314440383,-0.12095719505337177,0.5833333333333334,1.9617933706464514,0.0759457816509879,1.0282452602898524,0.5833333333333334
cap300_composite,25.0,2018-02-28_2019-01-31,12,0.6851564909925376,-0.023323412109537922,0.6851564909925376,-0.023323412109537922,0.7084799031020755,0.3495478304481232,1.6680267087848177,-0.09250927314440383,-0.06297476655901424,0.5833333333333334,1.6523822718063546,0.13248961967176565,0.7709779869712814,0.6111111111111112
cap300_composite,25.0,2018-03-31_2019-02-28,12,0.8551057165969245,0.045204178762284775,0.8551057165969245,0.045204178762284775,0.8099015378346397,0.3430883172368036,1.9882308823710189,-0.09250927314440394,-0.032589089243883484,0.5833333333333334,1.7393477188340665,-0.3279705202857688,0.9708634947717396,0.638888888888889
cap300_composite,25.0,2018-04-30_2019-03-31,12,0.26851579533103864,0.07686204312787948,0.26851579533103864,0.07686204312787948,0.19165375220315917,0.38180832225768396,0.7959462580495117,-0.18204652390073917,-0.031039511736595693,0.5,0.5971235282898902,0.6530156967254565,0.28465543122366754,0.6111111111111112
cap300_composite,25.0,2018-05-31_2019-04-30,12,0.04996400459327366,0.03769148450195714,0.04996400459327366,0.03769148450195714,0.012272520091316519,0.410559168846297,0.2993268452814326,-0.2887123423852267,-0.04957195403333192,0.4166666666666667,0.20769809825313565,1.2667164741383135,0.07270465623734479,0.6666666666666666
cap300_composite,25.0,2018-06-30_2019-05-31,12,0.05604525590502085,0.09645960452265201,0.05604525590502085,0.09645960452265201,-0.04041434861763116,0.411723993214662,0.31364053975613565,-0.2887123423852268,-0.04957195403333203,0.4166666666666667,0.08603078073888532,1.912896036040126,-0.05377546110431308,0.6388888888888888
cap300_composite,25.0,2018-07-31_2019-06-30,12,0.028161936336028592,0.07648721996967378,0.028161936336028592,0.07648721996967378,-0.04832528363364519,0.4128857255457934,0.24839893343939434,-0.2887123423852268,-0.04957195403333203,0.4166666666666667,0.06514660957317003,1.9953669372293883,-0.051216814957891876,0.6666666666666666
cap300_composite,25.0,2018-08-31_2019-07-31,12,0.20653465531026383,0.051509897202665744,0.20653465531026383,0.051509897202665744,0.15502475810759808,0.4069990459081219,0.6447639761773084,-0.2887123423852268,-0.04957195403333203,0.5,0.5534633234688224,1.924690470697356,0.17014823511055277,0.6666666666666666
cap300_composite,25.0,2018-09-30_2019-08-31,12,0.19169632116163715,0.032217370272061396,0.19169632116163715,0.032217370272061396,0.15947895088957575,0.4083783781319507,0.6129271654351789,-0.2887123423852268,-0.05569706120271434,0.5,0.5703056512241376,1.880390004055969,0.1988158916413285,0.6388888888888888
cap300_composite,25.0,2018-10-31_2019-09-30,12,0.305909938057606,0.0680196854801034,0.305909938057606,0.0680196854801034,0.23789025257750263,0.41757491372318034,0.8317646656400334,-0.2887123423852267,-0.05569706120271445,0.5,0.7218059838345908,2.0849569737399594,0.22156672330400484,0.6666666666666666
cap300_composite,25.0,2018-11-30_2019-10-31,12,0.28547436121071024,-0.007313909877188718,0.28547436121071024,-0.007313909877188718,0.29278827108789895,0.41818471431769455,0.7923210868205609,-0.2887123423852267,-0.07977064350808971,0.5833333333333334,0.8758262487981487,2.1888408289116157,0.39683882401898685,0.638888888888889
cap300_composite,25.0,2018-12-31_2019-11-30,12,0.10720014744546802,0.01695714726683817,0.10720014744546802,0.01695714726683817,0.09024300017862985,0.3227676555381585,0.4719805721336381,-0.2887123423852268,-0.07977064350808971,0.5833333333333334,0.4597007719240934,1.6168058570575066,0.12403876662395952,0.5833333333333334
cap300_composite,25.0,2019-01-31_2019-12-31,12,-0.055757476712644305,-0.0907583313333864,-0.055757476712644305,-0.0907583313333864,0.035000854620742095,0.3454978712508579,-0.000842427458364982,-0.2887123423852269,-0.08173242622854304,0.5833333333333334,0.30793735298400576,2.210143808632671,0.21815770701231085,0.5833333333333334
cap300_composite,25.0,2019-02-28_2020-01-31,12,-0.1278638964548271,-0.15374678206850467,-0.1278638964548271,-0.15374678206850467,0.025882885613677575,0.35345892825032216,-0.2172381287503049,-0.2887123423852268,-0.157070533612218,0.5833333333333334,0.2800706678197294,1.777506749619248,0.2253061524777391,0.5555555555555555
cap300_composite,25.0,2019-03-31_2020-02-29,12,-0.2059787968378124,-0.2983301643039218,-0.2059787968378124,-0.2983301643039218,0.09235136746610939,0.3401855403764972,-0.5104785039806321,-0.19427404807531323,-0.2968733323797681,0.5833333333333334,0.48907508994093374,0.6752327061848844,0.05029867377491026,0.5277777777777777
cap300_composite,25.0,2019-04-30_2020-03-31,12,-0.19836228550525603,-0.26938100433105683,-0.19836228550525603,-0.26938100433105683,0.0710187188258008,0.33603436276091236,-0.4934356321039094,-0.3346318685533467,-0.2897384073692094,0.5833333333333334,0.3591393908056407,0.4480338300825387,-0.03580159954350237,0.5555555555555555
cap300_composite,25.0,2019-05-31_2020-04-30,12,-0.08072911125012783,-0.23441422140073764,-0.08072911125012783,-0.23441422140073764,0.15368511015060982,0.31103492637117636,-0.12283551743148946,-0.336495255877569,-0.2897384073692094,0.5833333333333334,0.6291466560675375,0.395906347147676,0.05948367682398392,0.49999999999999994
cap300_composite,25.0,2019-06-30_2020-05-31,12,-0.20975579120265075,-0.22854562482453433,-0.20975579120265075,-0.22854562482453433,0.018789833621883578,0.3016044971782506,-0.6311149721271746,-0.3817387397848361,-0.2897384073692095,0.5,0.13074024570875215,0.21160870201395987,-0.13190974833718916,0.5555555555555555
cap300_composite,25.0,2019-07-31_2020-06-30,12,-0.04431717847845418,-0.1941752572672133,-0.04431717847845418,-0.1941752572672133,0.14985807878875912,0.3621085583772435,0.040828872754172275,-0.3817387397848361,-0.2827760862119635,0.5833333333333334,0.5641165887008527,0.4908576763106171,0.1136577462509949,0.5555555555555555
cap300_composite,25.0,2019-08-31_2020-07-31,12,-0.1756474838508083,-0.1722348942847023,-0.1756474838508083,-0.1722348942847023,-0.003412589566106017,0.3567136647299575,-0.3751131272342607,-0.3817387397848361,-0.27948217627529803,0.5,0.0801770164453626,0.4267202331327287,-0.06230777723835146,0.5277777777777778
cap300_composite,25.0,2019-09-30_2020-08-31,12,-0.18473620002671376,-0.21057570090232802,-0.18473620002671376,-0.21057570090232802,0.025839500875614263,0.3574023066579328,-0.40439807259465066,-0.3817387397848361,-0.27948217627529803,0.5833333333333334,0.173500698529797,0.42778119890821564,-0.05401266497178758,0.5555555555555555
cap300_composite,25.0,2019-10-31_2020-09-30,12,-0.08878186718392012,-0.1766274605970889,-0.08878186718392012,-0.1766274605970889,0.08784559341316878,0.42349420221828604,-0.032991737160968426,-0.38173873978483597,-0.2794821762752979,0.5833333333333334,0.37638924194380463,0.6612307551831719,0.09935413619683842,0.5555555555555556
cap300_composite,25.0,2019-11-30_2020-10-31,12,-0.10356164974259896,-0.06643817837031618,-0.10356164974259896,-0.06643817837031618,-0.03712347137228278,0.42352104433341536,-0.07150443594110327,-0.3817387397848361,-0.2794821762752979,0.5,0.013191802003733042,0.54520755934231,-0.010726237222881907,0.5
cap300_composite,25.0,2019-12-31_2020-11-30,12,-0.04448814043579086,-0.050871312509224054,-0.04448814043579086,-0.050871312509224054,0.0063831720734331965,0.45054583553179917,0.09538268684019847,-0.30093095096843037,-0.2358764964179022,0.5,0.14283063798207957,0.6348759945496003,0.0559803389305531,0.5277777777777778
cap300_composite,25.0,2020-01-31_2020-12-31,12,0.25617787895868416,-0.013079995771551722,0.25617787895868416,-0.013079995771551722,0.2692578747302359,0.45615473757672803,0.7042916107500867,-0.24441369563975535,-0.16758179221927783,0.5833333333333334,0.6613016764184405,0.49622621217008356,0.3603432628636618,0.5277777777777778
cap300_composite,25.0,2020-02-29_2021-01-31,12,0.8085823760605169,0.14471568274700242,0.8085823760605169,0.14471568274700242,0.6638666933135144,0.5323966821464986,1.367632877985942,-0.23266557476734417,-0.07033476780972703,0.5833333333333334,1.0897670865412121,0.6405953556115404,0.8334573352682573,0.5277777777777778
cap300_composite,25.0,2020-03-31_2021-02-28,12,1.2698150468567206,0.3187076559568369,1.2698150468567206,0.3187076559568369,0.9511073908998837,0.5521541330025291,1.7734959627203086,-0.10271449511728681,-0.07033476780972703,0.5833333333333334,1.2328792320153963,0.4033296141954773,1.2973386065674566,0.5555555555555556
cap300_composite,25.0,2020-04-30_2021-03-31,12,1.7017995173753877,0.2712264885896778,1.7017995173753877,0.2712264885896778,1.43057302878571,0.4917913526101882,2.3107499603048636,-0.10271449511728681,-0.07033476780972714,0.5833333333333334,1.8247345104941868,0.6538234141625247,1.5406487661305963,0.5277777777777778
cap300_composite,25.0,2020-05-31_2021-04-30,12,1.8595594368377517,0.2511461011810818,1.8595594368377517,0.2511461011810818,1.6084133356566699,0.48255827765890125,2.475626389067591,-0.10271449511728692,-0.07033476780972703,0.6666666666666666,2.013585914569501,0.6345659069958792,1.7182713554212117,0.5555555555555555
cap300_composite,25.0,2020-06-30_2021-05-31,12,2.426507552639431,0.22018559574957508,2.426507552639431,0.22018559574957508,2.206321956889856,0.44651984690281726,3.08917689143471,-0.10271449511728692,-0.07033476780972703,0.75,2.6964240049242902,0.7177035852297381,2.213504730315788,0.49999999999999994
cap300_composite,25.0,2020-07-31_2021-06-30,12,3.039379233723926,0.1787337447456181,3.039379233723926,0.1787337447456181,2.8606454889783075,0.52600791961965,3.0252887037539535,-0.037976107551810356,-0.07033476780972703,0.75,2.7261953343789798,0.6443022130353445,3.025351174553177,0.5
cap300_composite,25.0,2020-08-31_2021-07-31,12,3.4193354536984097,0.17406019021811336,3.4193354536984097,0.17406019021811336,3.2452752634802966,0.49610097117445273,3.3845105434277016,-0.01703672352811747,-0.0471551797914731,0.8333333333333334,3.0937605933045202,0.6720235027962316,3.3427661823797816,0.5
cap300_composite,25.0,2020-09-30_2021-08-31,12,2.6218068028325816,0.29094300690606567,2.6218068028325816,0.29094300690606567,2.3308637959265157,0.5862096840337515,2.5681063108138122,-0.2115862860692197,-0.0471551797914731,0.75,2.060414223453482,0.025416186459961233,3.105052060657381,0.5
cap300_composite,25.0,2020-10-31_2021-09-30,12,1.817811751281719,0.285307502281577,1.817811751281719,0.285307502281577,1.532504249000142,0.592195501479114,2.077382458234579,-0.23947747988704005,-0.04715517979147299,0.6666666666666666,1.5596457335255665,-0.4344978971899613,2.574919382524945,0.47222222222222215
cap300_composite,25.0,2020-11-30_2021-10-31,12,1.941259279071113,0.164192612882329,1.941259279071113,0.164192612882329,1.777066666188784,0.5846992230041315,2.1781458423158515,-0.23947747988704016,-0.04715517979147299,0.75,1.890956554587996,0.2803585658452553,2.222292132403996,0.5555555555555555
cap300_composite,25.0,2020-12-31_2021-11-30,12,1.2358416557197018,0.10075285366229347,1.2358416557197018,0.10075285366229347,1.1350888020574084,0.611366506133916,1.6182909182220842,-0.29255307274529363,-0.04715517979147321,0.6666666666666666,1.4312284396091985,-0.10654492851293788,1.6132832631352816,0.5277777777777778
cap300_composite,25.0,2021-01-31_2021-12-31,12,1.0670028778544984,0.1311417024200292,1.0670028778544984,0.1311417024200292,0.9358611754344692,0.6050658650050618,1.490033030526503,-0.2925530727452934,-0.04715517979147299,0.6666666666666666,1.2693377873304885,0.18713783207332133,1.3327283344894254,0.49999999999999994
cap300_composite,25.0,2021-02-28_2022-01-31,12,0.8064965271101017,0.1035559333431273,0.8064965271101017,0.1035559333431273,0.7029405937669744,0.5478868319687962,1.3391224818746497,-0.2925530727452935,-0.008710521467504728,0.6666666666666666,1.1017137004347854,-1.7586135538703243,1.4102920748403371,0.49999999999999994
cap300_composite,25.0,2021-03-31_2022-02-28,12,0.4518613241287941,0.1814244316261513,0.4518613241287941,0.1814244316261513,0.2704368925026428,0.5163149978565122,0.9511335347968464,-0.2925530727452934,-0.008710521467504728,0.5833333333333334,0.6150123802698736,-0.4399741680471376,0.7380049446950767,0.49999999999999994
cap300_composite,25.0,2021-04-30_2022-03-31,12,0.678387053224204,0.2056999327796627,0.678387053224204,0.2056999327796627,0.4726871204445413,0.520295891843253,1.2386235062416364,-0.2925530727452935,-0.008710521467504728,0.6666666666666666,0.8619868558231151,-0.5217800655634539,1.0575305587681498,0.5277777777777778
cap300_composite,25.0,2021-05-31_2022-04-30,12,0.8921741339172411,0.20202014645819677,0.8921741339172411,0.20202014645819677,0.6901539874590443,0.537853334247537,1.4481406529275318,-0.2925530727452935,-0.011058901373715124,0.6666666666666666,1.0726542591634298,-1.5685199935451377,1.7928747753194187,0.5
cap300_composite,25.0,2021-06-30_2022-05-31,12,0.2613238538352207,0.1547230806668567,0.2613238538352207,0.1547230806668567,0.10660077316836403,0.6212197543660518,0.6545635349039718,-0.29255307274529363,-0.04389760737316839,0.5833333333333334,0.425532367020382,1.746296662338861,0.1597295649608843,0.5
cap300_composite,25.0,2021-07-31_2022-06-30,12,-0.1589799545548347,0.14515293481688385,-0.1589799545548347,0.14515293481688385,-0.30413288937171856,0.483620670063695,-0.1217087586072282,-0.30673669693645433,-0.04389760737316839,0.5,-0.42233699343753905,1.6779896503253189,-0.2560810546524026,0.49999999999999994
cap300_composite,25.0,2021-08-31_2022-07-31,12,-0.34301868307699446,0.16719366722844042,-0.34301868307699446,0.16719366722844042,-0.5102123503054349,0.5209648469713146,-0.5416133835424722,-0.44737310393378693,-0.04389760737316839,0.4166666666666667,-0.854506866939344,0.9142548898523131,-0.35268135191435146,0.5277777777777778
cap300_composite,25.0,2021-09-30_2022-08-31,12,-0.1142697609223966,0.11990803732841937,-0.1142697609223966,0.11990803732841937,-0.23417779825081597,0.48385706818454244,-0.0158109622101691,-0.44737310393378693,-0.04389760737316817,0.5,-0.26024173797067923,0.7793241000815994,-0.09458305612287898,0.5277777777777778
cap300_composite,25.0,2021-10-31_2022-09-30,12,-0.14573013026257342,0.07700156092153554,-0.14573013026257342,0.07700156092153554,-0.22273169118410896,0.487738126387723,-0.08593308300146635,-0.453505033501615,-0.04389760737316828,0.5,-0.24842092101352914,1.2829037525642957,-0.1319512564478338,0.5277777777777778
cap300_composite,25.0,2021-11-30_2022-10-31,12,-0.13871758662040157,0.0837751064100245,-0.13871758662040157,0.0837751064100245,-0.22249269303042607,0.4884975456680511,-0.06844570094188254,-0.453505033501615,-0.04389760737316839,0.5,-0.24359868477835156,1.3511954414507537,-0.1365112447625466,0.5277777777777778
cap300_composite,25.0,2021-12-31_2022-11-30,12,0.38906088456278765,0.04089310124175727,0.38906088456278765,0.04089310124175727,0.3481677833210304,0.6535506756113494,0.7934037582463475,-0.45350503350161486,-0.052330809109684795,0.5833333333333334,0.704758467127614,-1.4540494538704194,0.764607997730895,0.5277777777777778
cap300_composite,25.0,2022-01-31_2022-12-31,12,0.21956331478200708,0.03139589518781816,0.21956331478200708,0.03139589518781816,0.18816741959418892,0.6597455476949037,0.5871463546096647,-0.4535050335016151,-0.0538908420070876,0.5,0.5195917828158665,-1.4066241663425596,0.5337542184551487,0.5833333333333333
cap300_composite,25.0,2022-02-28_2023-01-31,12,0.37345604352710104,-0.006523085673795559,0.37345604352710104,-0.006523085673795559,0.3799791292008966,0.7064843565138395,0.7562389184422835,-0.453505033501615,-0.053890842007087936,0.5,0.7358711511581608,-2.772637939312908,0.668701773057462,0.6388888888888888
cap300_composite,25.0,2022-03-31_2023-02-28,12,0.2544350158961102,-0.03763942955797195,0.2544350158961102,-0.03763942955797195,0.2920744454540821,0.7184459586387519,0.6238487577681767,-0.453505033501615,-0.05860315994470999,0.5,0.6547963325957116,-2.845063796909976,0.405527535202757,0.611111111111111
cap300_composite,25.0,2022-04-30_2023-03-31,12,0.10913273170251125,-0.0433257664262765,0.10913273170251125,-0.0433257664262765,0.15245849812878776,0.710678917795121,0.44546079977349273,-0.453505033501615,-0.052003665957635614,0.4166666666666667,0.48700176002801987,-3.8424498919216887,0.16578229783292597,0.6388888888888888
cap300_composite,25.0,2022-05-31_2023-04-30,12,-0.29961627620435827,-0.07213752035282106,-0.29961627620435827,-0.07213752035282106,-0.2274787558515372,0.7354861284477155,-0.16576930444755233,-0.3152025111583945,-0.07596598010903766,0.3333333333333333,-0.0668739082512161,-0.93217835051406,-0.1734870498512855,0.6666666666666666
cap300_composite,25.0,2022-06-30_2023-05-31,12,0.04005187324104953,-0.0361282154897381,0.04005187324104953,-0.0361282154897381,0.07618008873078763,0.6912709318211591,0.34580331271801495,-0.3152025111583946,-0.07596598010903755,0.4166666666666667,0.38381096837173584,-2.5613025370679887,0.16160154537453764,0.7222222222222222
cap300_composite,25.0,2022-07-31_2023-06-30,12,0.22015094346261033,-0.0028433046031512976,0.22015094346261033,-0.0028433046031512976,0.22299424806576162,0.6875545374094643,0.5822581177304261,-0.3152025111583947,-0.07596598010903743,0.5,0.5674639350842919,-1.3008106443285339,0.48307891843338857,0.75
cap300_composite,25.0,2022-08-31_2023-07-31,12,0.47113707873410093,-0.031389184091800915,0.47113707873410093,-0.031389184091800915,0.5025262628259018,0.6442885316642579,0.8758596343301046,-0.3152025111583946,-0.0655917893195096,0.5,0.9149136671643835,-0.03084986133172048,0.7342518276461549,0.7222222222222222
cap300_composite,25.0,2022-09-30_2023-08-31,12,0.6551528373862152,-0.014331580574544756,0.6551528373862152,-0.014331580574544756,0.66948441796076,0.6613598909214465,1.0542841698004775,-0.3152025111583946,-0.06559178931950937,0.5,1.0661700560027234,-0.000795416501249859,0.9694356170960867,0.7222222222222222
cap300_composite,25.0,2022-10-31_2023-09-30,12,0.6593745147813999,-0.04883569016310929,0.6593745147813999,-0.04883569016310929,0.7082102049445091,0.6608639393869977,1.058666127501515,-0.3152025111583946,-0.06327241269436523,0.5,1.1354829392521342,0.848285832616867,1.0500794677325387,0.7499999999999999
cap300_composite,25.0,2022-11-30_2023-10-31,12,0.5998179876222696,-8.074453772832779e-05,0.5998179876222696,-8.074453772832779e-05,0.5998987321599979,0.6629732107992531,0.9989321421884502,-0.3152025111583946,-0.04084242285001627,0.4166666666666667,0.9879983375760217,0.22691969614564922,0.9037379718393828,0.7222222222222222
cap300_composite,25.0,2022-12-31_2023-11-30,12,-0.25028536285194336,0.06162621592425688,-0.25028536285194336,0.06162621592425688,-0.31191157877620024,0.6048901826451183,-0.18131011631504265,-0.3940786586387902,-0.04084242285001627,0.3333333333333333,-0.290726802634084,1.2125844012228242,-0.17150026286089493,0.7222222222222223
cap300_composite,25.0,2023-01-31_2023-12-31,12,-0.20393863881622398,0.05389394652891433,-0.20393863881622398,0.05389394652891433,-0.2578325853451383,0.6027414284042594,-0.0851638853272663,-0.3940786586387902,-0.04084242285001627,0.4166666666666667,-0.18094462384790969,1.1257797751902037,-0.1087975135036855,0.6944444444444445
cap300_composite,25.0,2023-02-28_2024-01-31,12,-0.4400253561765902,0.06910062416905749,-0.4400253561765902,0.06910062416905749,-0.5091259803456477,0.49693947369687785,-0.8857360296169583,-0.41092647460770215,-0.04084242285001627,0.3333333333333333,-1.0539991911669615,1.2517294848167106,-0.41760596346751544,0.6666666666666666
cap300_composite,25.0,2023-03-31_2024-02-29,12,-0.30984265745273953,0.07105311702696282,-0.30984265745273953,0.07105311702696282,-0.38089577447970235,0.5153373360599843,-0.44488581971348584,-0.41092647460770204,-0.04084242285001627,0.4166666666666667,-0.5938496663507915,0.9626755333179895,-0.26127675669596795,0.7222222222222222
cap300_composite,25.0,2023-04-30_2024-03-31,12,-0.30860671680375773,0.04605177038880415,-0.30860671680375773,0.04605177038880415,-0.3546584871925619,0.5154311669269551,-0.4413140834808496,-0.41092647460770215,-0.028914327222309355,0.5,-0.5421455716979128,0.8787151240793921,-0.23921496841447054,0.6666666666666666
cap300_composite,25.0,2023-05-31_2024-04-30,12,-0.17141743952305033,0.05087612226469651,-0.17141743952305033,0.05087612226469651,-0.22229356178774684,0.46171940203883033,-0.16975329651377294,-0.41092647460770215,-0.04720745865673304,0.5,-0.2790967217952741,-0.09325446116834221,-0.0709978989423895,0.6388888888888888
cap300_composite,25.0,2023-06-30_2024-05-31,12,-0.19965255249851932,0.06029804021364593,-0.19965255249851932,0.06029804021364593,-0.25995059271216525,0.45322929443806315,-0.25603315350444894,-0.41092647460770215,-0.04720745865673304,0.5,-0.3861923631956878,0.007152556628632712,-0.11046426287777755,0.611111111111111
cap300_composite,25.0,2023-07-31_2024-06-30,12,-0.2574371492946541,0.046802268590376395,-0.2574371492946541,0.046802268590376395,-0.3042394178850305,0.44047203645462646,-0.4425610562731242,-0.41092647460770215,-0.04720745865673304,0.4166666666666667,-0.5351527010554507,-0.4994905105533221,-0.15777731733799716,0.5277777777777778
cap300_composite,25.0,2023-08-31_2024-07-31,12,-0.25069230872042414,0.10318514893952901,-0.25069230872042414,0.10318514893952901,-0.35387745765995315,0.44006875532752676,-0.42312892113707873,-0.41092647460770226,-0.04720745865673315,0.4166666666666667,-0.628240100370224,-0.4443186755201647,-0.13175337625021877,0.5555555555555556
cap300_composite,25.0,2023-09-30_2024-08-31,12,-0.2988679538219873,0.08473288946892565,-0.2988679538219873,0.08473288946892565,-0.38360084329091293,0.40510420489476034,-0.6494456770494412,-0.3708433774195855,-0.04720745865673315,0.4166666666666667,-0.809307325606856,-0.5792921879777901,-0.19347877466891705,0.5555555555555556
cap300_composite,25.0,2023-10-31_2024-09-30,12,-0.17841888888245183,0.12170948346779942,-0.17841888888245183,0.12170948346779942,-0.30012837235025125,0.4170532945041536,-0.2466271687101788,-0.3708433774195855,-0.047207458656732815,0.5,-0.4978009078082958,-0.9272656963697872,0.007933417139672105,0.5555555555555556
cap300_composite,25.0,2023-11-30_2024-10-31,12,-0.29968400060581946,0.004734660022875703,-0.29968400060581946,0.004734660022875703,-0.30441866062869516,0.43804348858147474,-0.5730462548360957,-0.1443493273418508,-0.07254414974326939,0.5,-0.57929938030691,0.01606779890600457,-0.22418986330007928,0.5555555555555557
cap300_composite,25.0,2023-12-31_2024-11-30,12,0.12691400000601027,-0.026522408525777696,0.12691400000601027,-0.026522408525777696,0.15343640853178797,0.30651941242886876,0.5339900895224593,-0.1443493273418507,-0.07702368625268241,0.5833333333333334,0.631397733843719,0.8505413958806197,0.19829688900622133,0.6111111111111112
cap300_composite,25.0,2024-01-31_2024-12-31,12,0.30413354070174137,-0.013699490369203038,0.30413354070174137,-0.013699490369203038,0.3178330310709444,0.3388391816783131,0.9481363283947091,-0.1443493273418509,-0.07702368625268208,0.5833333333333334,1.014615314385736,0.9152403466932907,0.3838746055297366,0.5833333333333334
cap300_composite,25.0,2024-02-29_2025-01-31,12,0.20236838555403103,-0.14290566323586873,0.20236838555403103,-0.14290566323586873,0.34527404878989976,0.3693263689748098,0.675011524546373,-0.14971030852461764,-0.18252959118595857,0.5833333333333334,1.27862192201826,1.395513628849126,0.5511796294736935,0.5833333333333334
cap300_composite,25.0,2024-03-31_2025-02-28,12,-0.08824278677221775,-0.10676537761977256,-0.08824278677221775,-0.10676537761977256,0.01852259084755481,0.38998105037573644,-0.05366072491159898,-0.2791227771085303,-0.1825295911859588,0.5,0.21841038788951425,0.9122421284712721,0.07237765132738705,0.5555555555555556
cap300_composite,25.0,2024-04-30_2025-03-31,12,-0.0012039978805543639,-0.06461005552580057,-0.0012039978805543639,-0.06461005552580057,0.0634060576452462,0.4037907334930886,0.18612899665252078,-0.2791227771085302,-0.18252959118595868,0.5,0.35052508687457545,1.0143011629903875,0.13672441666261426,0.5555555555555555
cap300_composite,25.0,2024-05-31_2025-04-30,12,0.010759541729550737,0.02942056800377868,0.010759541729550737,0.02942056800377868,-0.018661026274227943,0.4008407456124082,0.2144061810166716,-0.2791227771085303,-0.18252959118595857,0.5,0.10675835067735999,0.5939724560500763,0.061511915571998754,0.5833333333333334
cap300_composite,25.0,2024-06-30_2025-05-31,12,-0.15106311330135258,-0.019239253194651806,-0.15106311330135258,-0.019239253194651806,-0.13182386010670077,0.4090841168523327,-0.2077318087713288,-0.35055532261051414,-0.18252959118595835,0.4166666666666667,-0.20494536061605312,0.669554198446733,-0.07929321432407943,0.5833333333333334
cap300_composite,25.0,2024-07-31_2025-06-30,12,-0.15546958111821219,0.03150250800801424,-0.15546958111821219,0.03150250800801424,-0.18697208912622643,0.4088244171467589,-0.22073569891721334,-0.35055532261051425,-0.1825295911859589,0.4166666666666667,-0.3479802950098062,0.5853138316233365,-0.11274812002753754,0.638888888888889
cap300_composite,25.0,2024-08-31_2025-07-31,12,-0.21040748428951206,0.02082724764079913,-0.21040748428951206,0.02082724764079913,-0.2312347319303112,0.4174134348466856,-0.36733760559539785,-0.4060696882162753,-0.1720911800730176,0.4166666666666667,-0.46209350808972055,0.5313743351908942,-0.16047865015794416,0.638888888888889
cap300_composite,25.0,2024-09-30_2025-08-31,12,0.48010825606559004,0.07082064647411035,0.48010825606559004,0.07082064647411035,0.4092876095914797,1.1887811015474712,0.6941997820656634,-0.4060696882162753,-0.1720911800730176,0.4166666666666667,0.6360893189940021,1.3486003501553046,0.9911452241655889,0.6666666666666666
cap300_composite,25.0,2024-10-31_2025-09-30,12,0.4266196003618039,0.07787885846139209,0.4266196003618039,0.07787885846139209,0.3487407419004118,1.188560113327787,0.6610969277874289,-0.4060696882162753,-0.11858833109117162,0.4166666666666667,0.5964720849868841,1.346490196907968,0.902309420510103,0.6666666666666666
cap300_composite,25.0,2024-11-30_2025-10-31,12,1.1735775253844274,0.1960061542824556,1.1735775253844274,0.1960061542824556,0.9775713711019718,1.1867114040087268,1.0396462638979522,-0.4060696882162753,-0.11795970406671652,0.5,0.8894014596852641,1.2101457177482169,1.6051284890136244,0.6944444444444445
cap300_composite,25.0,2024-12-31_2025-11-30,12,1.2293802905577715,0.22133541890163522,1.2293802905577715,0.22133541890163522,1.0080448716561363,1.186854997061421,1.063217095803025,-0.4060696882162752,-0.11795970406671652,0.5,0.8953554416315241,1.22301048097049,1.604715847489584,0.6388888888888888
cap300_composite,25.0,2025-01-31_2025-12-31,12,0.5952429718540904,0.17166648362633885,0.5952429718540904,0.17166648362633885,0.4235764882277515,1.2158145573183088,0.7665835208161306,-0.30149651614243955,-0.03669877287899381,0.4166666666666667,0.6383110276945163,1.5787325220644923,0.890383577000134,0.6666666666666666
cap300_composite,25.0,2025-02-28_2026-01-31,12,0.4911301816946687,0.31334945156909844,0.4911301816946687,0.31334945156909844,0.17778073012557027,1.228338316969228,0.7135897585344044,-0.3404764758180552,-0.04758367670999886,0.4166666666666667,0.4910209169476672,1.989103392715551,0.3634424641099516,0.6666666666666666
cap300_composite,25.0,2025-03-31_2026-02-28,12,0.3131938907606693,0.08257309459079365,0.3131938907606693,0.08257309459079365,0.23062079616987563,1.2525046008951612,0.6190489011696845,-0.5075774040509162,-0.18488813271044613,0.4166666666666667,0.5652234349072297,2.154019256483319,0.7273572758634341,0.6944444444444443
cap300_composite,25.0,2025-04-30_2026-03-31,12,0.19541033470829983,0.028079656548997578,0.19541033470829983,0.028079656548997578,0.16733067815930225,1.2531374773156814,0.5398191181728245,-0.5075774040509162,-0.19546042589812018,0.4166666666666667,0.5259542592875195,2.186808696369182,0.7476414534960234,0.75
cap300_composite,25.0,2025-05-31_2026-04-30,12,-0.004104484183201418,-0.14610708694572017,-0.004104484183201418,-0.14610708694572017,0.14200260276251875,1.281266238106675,0.409268191166362,-0.6247951934077713,-0.29138146686445754,0.4166666666666667,0.5512395309975464,2.6483487574390194,1.3227236691616429,0.7499999999999999
cap300_composite,25.0,2025-06-30_2026-05-31,12,0.24197652941188474,-0.18541351506394133,0.24197652941188474,-0.18541351506394133,0.42739004447582607,1.2726590867954113,0.5861316480493814,-0.6247951934077713,-0.34737666250868915,0.5,0.7749907603216366,2.3005846172125435,2.0016016622678023,0.6944444444444443
cap300_composite,25.0,2025-07-31_2026-06-30,12,0.26552437948430874,-0.1667764227923394,0.26552437948430874,-0.1667764227923394,0.43230080227664813,1.2719240492061992,0.6015046260210807,-0.6247951934077713,-0.34737666250868904,0.5,0.7697862017844935,2.1054114791540965,1.822410351925623,0.6666666666666666
cap300_composite,25.0,2025-08-31_2026-07-31,11,0.3956689931221944,-0.20361006057922837,0.43861461891941533,-0.2199234939209873,0.6585381128404026,1.3218548314084513,0.7083576172358431,-0.6247951934077713,-0.34737666250868904,0.5454545454545454,0.9411625684194496,2.4429304046999145,2.9767978804973185,0.6666666666666666
paper_factor,25.0,2015-01-31_2015-12-31,12,0.0,-0.12747006008062733,0.0,-0.12747006008062733,0.12747006008062733,0.0,,0.0,-0.2346154234110901,0.5,0.7954681733349814,0.0,0.0,0.0
paper_factor,25.0,2015-02-28_2016-01-31,12,0.004499145695858298,-0.12464244015822579,0.004499145695858298,-0.12464244015822579,0.12914158585408408,0.004499145695858318,0.9999999999999999,0.0,-0.2346154234110902,0.5,0.804578105458396,0.008713113948367166,0.005566440100068348,0.08333333333333333
paper_factor,25.0,2015-03-31_2016-02-29,12,-0.04021988658874076,-0.12200466014015787,-0.04021988658874076,-0.12200466014015787,0.08178477355141711,0.04515061099084125,-0.8863576689444181,-0.04451873600511658,-0.1902603904171294,0.5,0.4574082673338404,-0.04106594351955827,-0.04394700377532623,0.1111111111111111
paper_factor,25.0,2015-04-30_2016-03-31,12,-0.049180196258712394,-0.048726200591690305,-0.049180196258712394,-0.048726200591690305,-0.00045399566702208904,0.04536303328497485,-1.088008913675893,-0.05343891250139865,-0.19026039041712928,0.4166666666666667,-0.05598030810615379,-0.039495842158912456,-0.049796461890554755,0.16666666666666666
paper_factor,25.0,2015-05-31_2016-04-30,12,-0.038285787956461204,-0.08042168629585977,-0.038285787956461204,-0.08042168629585977,0.04213589833939857,0.04787388043912004,-0.7916106574992222,-0.05343891250139865,-0.13984875260474772,0.5,0.2480113821782739,-0.05164400843262836,-0.040983453636552425,0.16666666666666666
paper_factor,25.0,2015-06-30_2016-05-31,12,-0.040710397196217385,0.021583559353247406,-0.040710397196217385,0.021583559353247406,-0.06229395654946479,0.047758693448132224,-0.8463088884690071,-0.05343891250139865,-0.12048239811387595,0.4166666666666667,-0.48219238372609985,-0.040768956607419596,-0.03852413932495524,0.19444444444444445
paper_factor,25.0,2015-07-31_2016-06-30,12,-0.04189849990026895,0.08609325121736311,-0.04189849990026895,0.08609325121736311,-0.12799175111763206,0.04767939840578433,-0.8736924467762878,-0.05343891250139865,-0.06335332759593715,0.3333333333333333,-0.9143891252281863,-0.02925745988610279,-0.03830194396752995,0.22222222222222224
paper_factor,25.0,2015-08-31_2016-07-31,12,-0.03142791641021758,0.19435729107699262,-0.03142791641021758,0.19435729107699262,-0.2257852074872102,0.049754688011707196,-0.6176033152484863,-0.05343891250139865,-0.010009943632593221,0.25,-1.7637218079289991,0.0031748496314301794,-0.030869545697743916,0.25000000000000006
paper_factor,25.0,2015-09-30_2016-08-31,12,-0.08283571766327624,0.27010420996995776,-0.08283571766327624,0.27010420996995776,-0.352939927633234,0.0706826713619284,-1.1856445682569616,-0.0869436910258734,-0.010009943632593332,0.16666666666666666,-3.756655799909204,0.27568256967458055,-0.14106689165146735,0.25000000000000006
paper_factor,25.0,2015-10-31_2016-09-30,12,0.018048387978716995,0.2171792753369357,0.018048387978716995,0.2171792753369357,-0.1991308873582187,0.13700771326754926,0.19116552232667203,-0.0869436910258734,-0.010009943632593221,0.25,-1.1701111553435886,0.12766741652930708,0.0006360131371809796,0.25
paper_factor,25.0,2015-11-30_2016-10-31,12,-0.022542211271234236,0.15802517726789156,-0.022542211271234236,0.15802517726789156,-0.1805673885391258,0.1433550705997067,-0.09542627957531352,-0.0869436910258734,-0.05046191183613391,0.25,-1.102502075627043,0.38975779944371525,-0.07041299654502542,0.3055555555555555
paper_factor,25.0,2015-12-31_2016-11-30,12,-0.0026447552449849754,0.15325670090751609,-0.0026447552449849754,0.15325670090751609,-0.15590145615250106,0.1449678851123759,0.046054970931892765,-0.0869436910258734,-0.05046191183613402,0.25,-0.9473846170334412,0.4390682749912455,-0.05652829988803543,0.3611111111111111
paper_factor,25.0,2016-01-31_2016-12-31,12,-0.01208925615222567,0.1471553785298949,-0.01208925615222567,0.1471553785298949,-0.15924463468212058,0.14531639673424884,-0.01922049999400963,-0.0869436910258734,-0.05046191183613402,0.25,-0.9763473864147397,0.44823809491687444,-0.0644974196121636,0.38888888888888884
paper_factor,25.0,2016-02-29_2017-01-31,12,-0.01906900664126221,0.12910312615333996,-0.01906900664126221,0.12910312615333996,-0.14817213279460217,0.14523757059812467,-0.0680953558693197,-0.05307586510497786,-0.05046191183613391,0.25,-0.919990691343163,0.45938838369435453,-0.06563332151591639,0.3333333333333333
paper_factor,25.0,2016-03-31_2017-02-28,12,0.008384010573117662,0.1492046756740173,0.008384010573117662,0.1492046756740173,-0.14082066510089963,0.13877941837079866,0.12142116983452422,-0.05307586510497786,-0.05046191183613402,0.25,-0.8785577487431951,0.40553389633240366,-0.04072908775673434,0.3333333333333333
paper_factor,25.0,2016-04-30_2017-03-31,12,0.07756772513403698,0.17503808646495478,0.07756772513403698,0.17503808646495478,-0.0974703613309178,0.1492872906201943,0.5681578405197383,-0.05307586510497786,-0.05046191183613402,0.3333333333333333,-0.5347411838585988,0.44399898892382195,0.01101100980731684,0.3055555555555556
paper_factor,25.0,2016-05-31_2017-04-30,12,0.052533761126400735,0.19627580709932912,0.052533761126400735,0.19627580709932912,-0.1437420459729284,0.15037886591895797,0.40777431057968383,-0.05307586510497786,-0.05046191183613402,0.25,-0.8190090121199309,0.5046854579829889,-0.031225056746314928,0.3333333333333333
paper_factor,25.0,2016-06-30_2017-05-31,12,0.05171276378509315,0.16211773486732262,0.05171276378509315,0.16211773486732262,-0.11040497108222946,0.1504239447796733,0.4024797052047291,-0.05307586510497786,-0.05046191183613402,0.25,-0.6482875997158648,0.6192317527855319,-0.03451741887700288,0.3055555555555556
paper_factor,25.0,2016-07-31_2017-06-30,12,0.07254411118654724,0.11985678631409691,0.07254411118654724,0.11985678631409691,-0.047312675127549664,0.15082272323973928,0.5325797122605832,-0.05307586510497786,-0.05046191183613402,0.3333333333333333,-0.2557771779792205,0.7128852007422978,-0.0027966306121013362,0.3333333333333333
paper_factor,25.0,2016-08-31_2017-07-31,12,0.03882566376107088,0.08878533946639733,0.03882566376107088,0.08878533946639733,-0.049959675705326445,0.15317934084823617,0.3169078559450743,-0.049331120742170165,-0.05046191183613402,0.3333333333333333,-0.276906670280873,0.7882555105573439,-0.020589153665649618,0.3333333333333333
paper_factor,25.0,2016-09-30_2017-08-31,12,0.11289528160658935,0.09996258200034913,0.11289528160658935,0.09996258200034913,0.012932699606240217,0.1400283713876998,0.8288367201274828,-0.049331120742170054,-0.05046191183613402,0.4166666666666667,0.1340028456662437,0.6661390541180624,0.051853005564361565,0.3611111111111111
paper_factor,25.0,2016-10-31_2017-09-30,12,-0.006352089858414067,0.1075588143605537,-0.006352089858414067,0.1075588143605537,-0.11391090421896777,0.08786348347190553,-0.032732836431510925,-0.02960662700711114,-0.0004923640702735321,0.3333333333333333,-1.3081342353881582,0.5816536382667434,-0.062195462681537306,0.4166666666666667
paper_factor,25.0,2016-11-30_2017-10-31,12,0.04659588571667328,0.1559996199134983,0.04659588571667328,0.1559996199134983,-0.10940373419682503,0.07690023796332435,0.6279024917628315,-0.02960662700711114,-0.008932388259170088,0.3333333333333333,-1.1497339112269338,0.12163623705475038,0.030871581475796273,0.36111111111111116
paper_factor,25.0,2016-12-31_2017-11-30,12,0.10582415608661977,0.19992461049678534,0.10582415608661977,0.19992461049678534,-0.09410045441016557,0.10632778983323056,0.9971917025592548,-0.02085291607329698,-0.008932388259169977,0.4166666666666667,-0.9107514905371111,0.8790952996462862,-0.055805897595341825,0.3611111111111111
paper_factor,25.0,2017-01-31_2017-12-31,12,0.15394990434308498,0.24773371905633135,0.15394990434308498,0.24773371905633135,-0.09378381471324637,0.10696831527243164,1.394219647749416,-0.02085291607329709,-0.008932388259170088,0.4166666666666667,-0.8735804430456183,0.8783366898650148,-0.047929665304311864,0.38888888888888884
paper_factor,25.0,2017-02-28_2018-01-31,12,0.16445132652143535,0.22472528642954592,0.16445132652143535,0.22472528642954592,-0.060273959908110575,0.10595771341696018,1.4931815241326432,-0.02085291607329698,-0.008932388259170088,0.5,-0.5576348140695976,0.8353796449966566,-0.014477155830107558,0.38888888888888884
paper_factor,25.0,2017-03-31_2018-02-28,12,0.25329517707122284,0.11150665310004948,0.25329517707122284,0.11150665310004948,0.14178852397117336,0.10853817169382744,2.148133175938554,-0.02085291607329709,-0.06307407298992962,0.5833333333333334,0.8832694006601213,0.17323115496209313,0.2361399363391381,0.4166666666666667
paper_factor,25.0,2017-04-30_2018-03-31,12,0.1411174813249254,0.054403018339003184,0.1411174813249254,0.054403018339003184,0.08671446298592222,0.11249120431002949,1.2303210532198894,-0.03612195943443208,-0.09250223900477905,0.5,0.588301045241015,0.27449516555078246,0.1293415731749714,0.4166666666666667
paper_factor,25.0,2017-05-31_2018-04-30,12,0.16351984485356175,0.042771960341875914,0.16351984485356175,0.042771960341875914,0.12074788451168583,0.10969449700823189,1.4385031213571344,-0.03612195943443197,-0.09416874157139277,0.5833333333333334,0.8355345029598937,0.28715970978403477,0.15400981475271047,0.38888888888888884
paper_factor,25.0,2017-06-30_2018-05-31,12,0.1733145730552641,-0.005226881237519021,0.1733145730552641,-0.005226881237519021,0.17854145429278312,0.10863776192849546,1.5297285926484092,-0.03612195943443208,-0.12207676452647664,0.6666666666666666,1.2679958126018298,0.3078747659816632,0.17911573393295654,0.4166666666666666
paper_factor,25.0,2017-07-31_2018-06-30,12,0.21234097462897417,0.0163507796990916,0.21234097462897417,0.0163507796990916,0.19599019492988257,0.11531246544880949,1.7349795121889995,-0.03612195943443208,-0.12207676452647676,0.6666666666666666,1.3523409184094624,0.360788462033933,0.20969898346307514,0.38888888888888884
paper_factor,25.0,2017-08-31_2018-07-31,12,0.25157995585683013,0.02633003466478856,0.25157995585683013,0.02633003466478856,0.22524992119204157,0.10819727496834021,2.141977466036578,-0.036121959434432194,-0.12207676452647653,0.6666666666666666,1.5850745308020566,0.35580808488299476,0.24382426958966996,0.38888888888888884
paper_factor,25.0,2017-09-30_2018-08-31,12,0.30682369549370825,0.012828519177035869,0.30682369549370825,0.012828519177035869,0.2939951763166724,0.11504622037202725,2.403666473380303,-0.036121959434432194,-0.12207676452647664,0.6666666666666666,1.912282247569645,0.32959400898619845,0.30627801561839774,0.38888888888888884
paper_factor,25.0,2017-10-31_2018-09-30,12,0.3409163150020298,-0.028994428060318933,0.3409163150020298,-0.028994428060318933,0.3699107430623487,0.10999904715554236,2.7490023931652314,-0.03612195943443208,-0.12207676452647676,0.75,2.605464207167041,0.3806499087150797,0.35945508148842675,0.3611111111111111
paper_factor,25.0,2017-11-30_2018-10-31,12,0.3913319945386464,0.017470333624036494,0.3913319945386464,0.017470333624036494,0.37386166091460993,0.11131805101164571,3.0579954090680435,-0.03612195943443208,-0.12207676452647676,0.75,2.5116895948037006,0.39389276096808806,0.38571438126752566,0.38888888888888884
paper_factor,25.0,2017-12-31_2018-11-30,12,0.27548149112595954,-0.025356283802123625,0.27548149112595954,-0.025356283802123625,0.30083777492808317,0.10348745605222336,2.4219472072066646,-0.03612195943443208,-0.12207676452647687,0.6666666666666666,1.946202859777966,0.12782933710841868,0.28479238258080186,0.3611111111111111
paper_factor,25.0,2018-01-31_2018-12-31,12,0.37671589998632116,-0.01099995180484914,0.37671589998632116,-0.01099995180484914,0.3877158517911703,0.14043731457512684,2.3688903460010886,-0.03612195943443208,-0.12095719505337177,0.75,2.404755769612051,0.5003415587663951,0.39175671252543265,0.36111111111111116
paper_factor,25.0,2018-02-28_2019-01-31,12,0.4558257006253359,-0.023323412109537922,0.4558257006253359,-0.023323412109537922,0.4791491127348738,0.14278231597525246,2.7350417047569264,-0.036121959434432194,-0.06297476655901424,0.75,2.7802319155871733,0.45753143137893754,0.4799456062501619,0.3611111111111111
paper_factor,25.0,2018-03-31_2019-02-28,12,0.4813998168802891,0.045204178762284775,0.4813998168802891,0.045204178762284775,0.4361956381180043,0.14740829472992387,2.7751931438014386,-0.011669262254079604,-0.032589089243883484,0.75,2.9456387520385063,0.8709769952341971,0.4353626806194002,0.3611111111111111
paper_factor,25.0,2018-04-30_2019-03-31,12,0.5395257403597467,0.07686204312787948,0.5395257403597467,0.07686204312787948,0.4626636972318672,0.131779702970011,3.391313813109519,-0.011669262254079493,-0.031039511736595693,0.8333333333333334,3.0740804417488024,0.6919538126717821,0.47226418994952213,0.38888888888888884
paper_factor,25.0,2018-05-31_2019-04-30,12,0.5280667088983066,0.03769148450195714,0.5280667088983066,0.03769148450195714,0.4903752243963495,0.13383211180975743,3.283280458889455,-0.011669262254079604,-0.04957195403333192,0.8333333333333334,3.376126034400813,0.7081220396752518,0.4966177791458042,0.4166666666666667
paper_factor,25.0,2018-06-30_2019-05-31,12,0.5099722646351721,0.09645960452265201,0.5099722646351721,0.09645960452265201,0.4135126601125201,0.13737297106178253,3.112014467644033,-0.011669262254079493,-0.04957195403333203,0.75,2.471379589724492,0.5534381777540863,0.44552823850826284,0.4444444444444444
paper_factor,25.0,2018-07-31_2019-06-30,12,0.44541028298879626,0.07648721996967378,0.44541028298879626,0.07648721996967378,0.3689230630191225,0.1387339165265552,2.7571352894000802,-0.011669262254079382,-0.04957195403333203,0.75,2.2359961696759605,0.5400871034795415,0.39906761578735384,0.47222222222222227
paper_factor,25.0,2018-08-31_2019-07-31,12,0.48891419455788854,0.051509897202665744,0.48891419455788854,0.051509897202665744,0.4374042973552228,0.1370265591474596,3.0135206063850664,-0.011669262254079493,-0.04957195403333203,0.8333333333333334,2.662711378191205,0.5368316278680011,0.45913290528641637,0.5
paper_factor,25.0,2018-09-30_2019-08-31,12,0.41400399615806127,0.032217370272061396,0.41400399615806127,0.032217370272061396,0.3817866258859999,0.1368646250998256,2.627713605363935,-0.011669262254079493,-0.05569706120271434,0.8333333333333334,2.511774025405469,0.6150077554325629,0.39497060580914867,0.47222222222222227
paper_factor,25.0,2018-10-31_2019-09-30,12,0.378840894841044,0.0680196854801034,0.378840894841044,0.0680196854801034,0.3108212093609406,0.14174553570241197,2.3588233145314033,-0.011669262254079493,-0.05569706120271445,0.75,1.9570749854415117,0.6085863337384173,0.33427160886911755,0.5
paper_factor,25.0,2018-11-30_2019-10-31,12,0.23714181371555543,-0.007313909877188718,0.23714181371555543,-0.007313909877188718,0.24445572359274415,0.16331960737922044,1.3869620079291574,-0.06640563734854832,-0.07977064350808971,0.6666666666666666,1.613440862234254,0.8733249927672531,0.2552964649170062,0.5
paper_factor,25.0,2018-12-31_2019-11-30,12,0.2438883027827803,0.01695714726683817,0.2438883027827803,0.01695714726683817,0.22693115551594212,0.16230572233625373,1.4288328111222721,-0.07226824708776847,-0.07977064350808971,0.6666666666666666,1.3870636572086772,0.6607163932679841,0.24075423037382038,0.5555555555555555
paper_factor,25.0,2019-01-31_2019-12-31,12,0.09362774091458026,-0.0907583313333864,0.09362774091458026,-0.0907583313333864,0.18438607224796666,0.12717886657453265,0.7637657463462281,-0.08998314062933821,-0.08173242622854304,0.6666666666666666,1.2820299444759138,0.24158096078902488,0.12561549341731149,0.5277777777777778
paper_factor,25.0,2019-02-28_2020-01-31,12,0.12082582825767463,-0.15374678206850467,0.12082582825767463,-0.15374678206850467,0.2745726103261793,0.14185127345552784,0.8713628307164656,-0.0899831406293381,-0.157070533612218,0.6666666666666666,1.3565743283982874,-0.241292494588512,0.0887833270096694,0.5277777777777777
paper_factor,25.0,2019-03-31_2020-02-29,12,0.04452271526526075,-0.2983301643039218,0.04452271526526075,-0.2983301643039218,0.34285287956918253,0.12259653142569028,0.41086485592988603,-0.0899831406293381,-0.2968733323797681,0.6666666666666666,1.5124064421742456,-0.12475341657706529,0.009239831530674536,0.5277777777777777
paper_factor,25.0,2019-04-30_2020-03-31,12,0.02566282622064242,-0.26938100433105683,0.02566282622064242,-0.26938100433105683,0.29504383055169925,0.12432086588879164,0.25968256944509494,-0.0899831406293381,-0.2897384073692094,0.5833333333333334,1.2104596590224497,-0.14500540062511474,-0.009556752195138407,0.5277777777777778
paper_factor,25.0,2019-05-31_2020-04-30,12,0.04059409067414821,-0.23441422140073764,0.04059409067414821,-0.23441422140073764,0.27500831207488585,0.12481016110843837,0.3752864283382192,-0.08998314062933821,-0.2897384073692094,0.5833333333333334,1.0901106071606144,-0.1356110209424928,0.014001887311727135,0.5555555555555556
paper_factor,25.0,2019-06-30_2020-05-31,12,-0.14910151149488238,-0.22854562482453433,-0.14910151149488238,-0.22854562482453433,0.07944411332965196,0.22932582772010687,-0.585256397864111,-0.19362139335601747,-0.2897384073692095,0.5833333333333334,0.28052135995147764,-0.36585930153924856,-0.19925997908724224,0.5277777777777778
paper_factor,25.0,2019-07-31_2020-06-30,12,-0.15009437184396046,-0.1941752572672133,-0.15009437184396046,-0.1941752572672133,0.044080885423252836,0.22922476144134984,-0.5906425955436888,-0.1936213933560177,-0.2827760862119635,0.5,0.15098321770480666,-0.31561467420662354,-0.17882663557913914,0.5277777777777778
paper_factor,25.0,2019-08-31_2020-07-31,12,-0.1772832109959097,-0.1722348942847023,-0.1772832109959097,-0.1722348942847023,-0.005048316711207423,0.22323695606643992,-0.7557007638104992,-0.1936213933560177,-0.27948217627529803,0.4166666666666667,-0.015263899181311514,-0.30013495192965084,-0.19722851136006658,0.47222222222222227
paper_factor,25.0,2019-09-30_2020-08-31,12,-0.17275591380946376,-0.21057570090232802,-0.17275591380946376,-0.21057570090232802,0.037819787092864265,0.22384535588208423,-0.728917798613702,-0.18966083909665266,-0.27948217627529803,0.4166666666666667,0.12290180830446838,-0.3067654786872623,-0.2048785693534334,0.49999999999999994
paper_factor,25.0,2019-10-31_2020-09-30,12,-0.16595236971666316,-0.1766274605970889,-0.16595236971666316,-0.1766274605970889,0.01067509088042573,0.22420121539505583,-0.6913851436825058,-0.18966083909665266,-0.2794821762752979,0.4166666666666667,0.026739849730170462,-0.2682603942249912,-0.182031633433425,0.4444444444444444
paper_factor,25.0,2019-11-30_2020-10-31,12,-0.16620943504200836,-0.06643817837031618,-0.16620943504200836,-0.06643817837031618,-0.09977125667169218,0.22426578335699035,-0.6924799865347652,-0.2177545835893081,-0.2794821762752979,0.4166666666666667,-0.29706784385590385,-0.32077152615308324,-0.15459936096395754,0.49999999999999994
paper_factor,25.0,2019-12-31_2020-11-30,12,-0.04050414043367545,-0.050871312509224054,-0.04050414043367545,-0.050871312509224054,0.010367172075548603,0.2737113070086216,-0.020030852460636173,-0.21775458358930833,-0.2358764964179022,0.5,0.03140130694904157,-0.15311719735031626,-0.008253538386304604,0.47222222222222227
paper_factor,25.0,2020-01-31_2020-12-31,12,0.008340331791228284,-0.013079995771551722,0.008340331791228284,-0.013079995771551722,0.021420327562780006,0.27455556192875874,0.1619041009935633,-0.21775458358930833,-0.16758179221927783,0.5,0.06153950683319406,-0.18881858447025412,0.0491591937518665,0.47222222222222215
paper_factor,25.0,2020-02-29_2021-01-31,12,-0.002842471467258356,0.14471568274700242,-0.002842471467258356,0.14471568274700242,-0.14755815421426077,0.27060814150252077,0.11956238001371979,-0.21775458358930833,-0.07033476780972703,0.5,-0.36531922886255425,0.00977218016418893,0.031168848286802664,0.5
paper_factor,25.0,2020-03-31_2021-02-28,12,-0.004604254545154451,0.3187076559568369,-0.004604254545154451,0.3187076559568369,-0.3233119105019914,0.27061533939300664,0.11301403466315774,-0.21602044806085796,-0.07033476780972703,0.5,-0.8300670060937555,0.02534188206665559,0.023417547047893228,0.4444444444444444
paper_factor,25.0,2020-04-30_2021-03-31,12,-0.017543064104093564,0.2712264885896778,-0.017543064104093564,0.2712264885896778,-0.28876955269377136,0.2718904367076122,0.06545910492880296,-0.21602044806085774,-0.07033476780972714,0.5,-0.7566068308612056,0.06256565652016569,0.0018373148781740678,0.4166666666666666
paper_factor,25.0,2020-05-31_2021-04-30,12,-0.04358559452034161,0.2511461011810818,-0.04358559452034161,0.2511461011810818,-0.29473169570142344,0.27182510542006433,-0.03344762137074372,-0.05901754503753731,-0.07033476780972703,0.4166666666666667,-0.7936323811830717,0.08177093434744855,-0.028278419269021637,0.3611111111111111
paper_factor,25.0,2020-06-30_2021-05-31,12,0.43061426940258407,0.22018559574957508,0.43061426940258407,0.22018559574957508,0.210428673653009,0.26766931412663125,1.470370521110482,-0.05901754503753731,-0.07033476780972703,0.5,0.5830102257076639,0.08877224513346975,0.4461101192190078,0.3611111111111111
paper_factor,25.0,2020-07-31_2021-06-30,12,0.4455539338529293,0.1787337447456181,0.4455539338529293,0.1787337447456181,0.2668201891073112,0.2667369374285827,1.5149051223646426,-0.05901754503753742,-0.07033476780972703,0.5833333333333334,0.7475604959186495,0.1300422187557507,0.4550087966170955,0.3333333333333333
paper_factor,25.0,2020-08-31_2021-07-31,12,0.4289299465703931,0.17406019021811336,0.4289299465703931,0.17406019021811336,0.2548697563522797,0.26820414465068204,1.463398790793117,-0.05901754503753731,-0.0471551797914731,0.5833333333333334,0.720517882939522,0.1347775185367551,0.43832814885425964,0.3611111111111111
paper_factor,25.0,2020-09-30_2021-08-31,12,0.4043843894360981,0.29094300690606567,0.4043843894360981,0.29094300690606567,0.11344138253003244,0.27026045498517154,1.3879764819036566,-0.05881143586477344,-0.0471551797914731,0.5,0.36438778347083045,0.08228977019494321,0.416353284572474,0.3333333333333333
paper_factor,25.0,2020-10-31_2021-09-30,12,0.528054684692576,0.285307502281577,0.528054684692576,0.285307502281577,0.24274718241099902,0.2733957064772918,1.694086655466575,-0.04128699122518942,-0.04715517979147299,0.5833333333333334,0.691004825882484,0.22942624277425772,0.48652645824241425,0.3611111111111111
paper_factor,25.0,2020-11-30_2021-10-31,12,0.6420313724524216,0.164192612882329,0.6420313724524216,0.164192612882329,0.4778387595700926,0.2544675414783447,2.095979348404378,-0.04128699122518942,-0.04715517979147299,0.6666666666666666,1.66577395730708,1.0503908195963152,0.43486609151340927,0.3055555555555556
paper_factor,25.0,2020-12-31_2021-11-30,12,0.3334963275596585,0.10075285366229347,0.3334963275596585,0.10075285366229347,0.23274347389736505,0.25390576968942075,1.254362600372084,-0.07133152576101254,-0.04715517979147321,0.5833333333333334,0.8958835727244857,0.7790915977537826,0.26824156558339896,0.2777777777777778
paper_factor,25.0,2021-01-31_2021-12-31,12,0.20439664888300713,0.1311417024200292,0.20439664888300713,0.1311417024200292,0.07325494646297792,0.27109388500272685,0.8066995517603589,-0.13537165702795306,-0.04715517979147299,0.5,0.35306845550888605,0.9138003692973979,0.10679076907459706,0.3055555555555556
paper_factor,25.0,2021-02-28_2022-01-31,12,0.037818132286190576,0.1035559333431273,0.037818132286190576,0.1035559333431273,-0.06573780105693672,0.2758065109727364,0.25198711296977644,-0.19633290350156907,-0.008710521467504728,0.4166666666666667,-0.11457040282664832,0.21311755747234173,0.04885507485537044,0.3055555555555555
paper_factor,25.0,2021-03-31_2022-02-28,12,0.051439918390484785,0.1814244316261513,0.051439918390484785,0.1814244316261513,-0.1299845132356665,0.2758562407169171,0.2995569678776368,-0.19633290350156907,-0.008710521467504728,0.3333333333333333,-0.31227617013158065,0.3202336310080989,0.0287224235441621,0.3055555555555555
paper_factor,25.0,2021-04-30_2022-03-31,12,0.044976022571042495,0.2056999327796627,0.044976022571042495,0.2056999327796627,-0.1607239102086202,0.2767704082137159,0.27700343089939133,-0.2138256841974594,-0.008710521467504728,0.3333333333333333,-0.4023573466002027,0.08856254796418171,0.06149938545326927,0.3055555555555555
paper_factor,25.0,2021-05-31_2022-04-30,12,0.2499916899473189,0.20202014645819677,0.2499916899473189,0.20202014645819677,0.04797154348912214,0.32582798837141336,0.8299173192664141,-0.2138256841974595,-0.011058901373715124,0.4166666666666667,0.2402491916227438,-1.43902843248175,0.6952409552572347,0.3611111111111111
paper_factor,25.0,2021-06-30_2022-05-31,12,-0.03318036731045848,0.1547230806668567,-0.03318036731045848,0.1547230806668567,-0.18790344797731517,0.2577890423456358,-0.018579514739630557,-0.2138256841974594,-0.04389760737316839,0.3333333333333333,-0.5662886144910793,0.015231793605964472,-0.007013147285414689,0.3611111111111111
paper_factor,25.0,2021-07-31_2022-06-30,12,-0.08058589034274377,0.14515293481688385,-0.08058589034274377,0.14515293481688385,-0.22573882515962762,0.258987544045991,-0.21098948439557666,-0.2138256841974595,-0.04389760737316839,0.25,-0.7187979281198181,0.041861219524907366,-0.058817137824234256,0.3888888888888889
paper_factor,25.0,2021-08-31_2022-07-31,12,-0.09679709403514825,0.16719366722844042,-0.09679709403514825,0.16719366722844042,-0.26399076126358867,0.2595151923005282,-0.2782557004164021,-0.2138256841974594,-0.04389760737316839,0.25,-0.8480316609748635,-0.015521705762088491,-0.06756319317519877,0.4166666666666667
paper_factor,25.0,2021-09-30_2022-08-31,12,-0.061413193728318105,0.11990803732841937,-0.061413193728318105,0.11990803732841937,-0.18132123105673748,0.2624380340641658,-0.12676207449220162,-0.21382568419745962,-0.04389760737316817,0.3333333333333333,-0.5353284359639808,-0.1803733386737228,-0.01206883853775187,0.4166666666666667
paper_factor,25.0,2021-10-31_2022-09-30,12,-0.09915037429601714,0.07700156092153554,-0.09915037429601714,0.07700156092153554,-0.17615193521755268,0.24928207280105294,-0.3089053762344196,-0.21382568419745962,-0.04389760737316828,0.3333333333333333,-0.5493981061302073,-0.9575486136475848,-0.003283378674840187,0.4444444444444444
paper_factor,25.0,2021-11-30_2022-10-31,12,-0.03196086448509572,0.0837751064100245,-0.03196086448509572,0.0837751064100245,-0.11573597089512022,0.2660128377915377,-0.005903320935948381,-0.1534392115046398,-0.04389760737316839,0.3333333333333333,-0.28530338434782504,-1.1063215886287345,0.09434595522213374,0.4444444444444444
paper_factor,25.0,2021-12-31_2022-11-30,12,0.49914274149004445,0.04089310124175727,0.49914274149004445,0.04089310124175727,0.4582496402482872,0.5012052686068922,1.0134230730898257,-0.11076460034412461,-0.052330809109684795,0.4166666666666667,0.8420800279854201,-3.2839339233043185,0.8838654023097701,0.44444444444444436
paper_factor,25.0,2022-01-31_2022-12-31,12,0.5366156078763709,0.03139589518781816,0.5366156078763709,0.03139589518781816,0.5052197126885527,0.4960822444648298,1.0708012047737983,-0.11076460034412461,-0.0538908420070876,0.4166666666666667,0.9116339808976515,-3.1387756251792647,0.8627507390203384,0.4444444444444444
paper_factor,25.0,2022-02-28_2023-01-31,12,0.6284865182552417,-0.006523085673795559,0.6284865182552417,-0.006523085673795559,0.6350096039290373,0.4850461840307621,1.2097361627576277,-0.11076460034412461,-0.053890842007087936,0.4166666666666667,1.1261494734749506,-3.1347567317893317,0.7521883680965327,0.4444444444444445
paper_factor,25.0,2022-03-31_2023-02-28,12,0.6038535978694328,-0.03763942955797195,0.6038535978694328,-0.03763942955797195,0.6414930274274048,0.48649486755082716,1.174610412939433,-0.11076460034412483,-0.05860315994470999,0.5,1.1624199936440696,-3.439219469750589,0.5510148650627582,0.47222222222222227
paper_factor,25.0,2022-04-30_2023-03-31,12,0.7149800281525229,-0.0433257664262765,0.7149800281525229,-0.0433257664262765,0.7583057945787994,0.4786175257960585,1.333620493778819,-0.11076460034412483,-0.052003665957635614,0.5833333333333334,1.3311046517568281,-3.2170339867919235,0.6360034985329355,0.47222222222222215
paper_factor,25.0,2022-05-31_2023-04-30,12,0.3459623177678499,-0.07213752035282106,0.3459623177678499,-0.07213752035282106,0.418099838120671,0.47186200694380487,0.814045382316876,-0.10216555874122879,-0.07596598010903766,0.5,0.9208927863554277,-1.481042750738127,0.3156449245196904,0.4166666666666666
paper_factor,25.0,2022-06-30_2023-05-31,12,0.5044829259295027,-0.0361282154897381,0.5044829259295027,-0.0361282154897381,0.5406111414192408,0.461072841199488,1.0731026406522735,-0.1021655587412289,-0.07596598010903755,0.5833333333333334,1.0797482904734594,-2.3234212789023236,0.5033121236528124,0.4166666666666666
paper_factor,25.0,2022-07-31_2023-06-30,12,0.5892094506639745,-0.0028433046031512976,0.5892094506639745,-0.0028433046031512976,0.5920527552671258,0.45466753456392184,1.2079829006007463,-0.1021655587412289,-0.07596598010903743,0.5833333333333334,1.1274681368300823,-1.7461932270421456,0.7116462083710573,0.4166666666666667
paper_factor,25.0,2022-08-31_2023-07-31,12,0.663139146298426,-0.031389184091800915,0.663139146298426,-0.031389184091800915,0.6945283303902269,0.4496020988947761,1.322867140744257,-0.10216555874122879,-0.0655917893195096,0.6666666666666666,1.3116190066701439,-1.695287276361841,0.7041338772007879,0.38888888888888884
paper_factor,25.0,2022-09-30_2023-08-31,12,0.6182900194899339,-0.014331580574544756,0.6182900194899339,-0.014331580574544756,0.6326216000644787,0.45157820878037636,1.2553894950953264,-0.10216555874122879,-0.06559178931950937,0.6666666666666666,1.2113908502751103,-1.8586968835350852,0.7032491364929394,0.4166666666666666
paper_factor,25.0,2022-10-31_2023-09-30,12,0.6452476839535572,-0.04883569016310929,0.6452476839535572,-0.04883569016310929,0.6940833741166665,0.4517804226830456,1.293325234523776,-0.10216555874122901,-0.06327241269436523,0.6666666666666666,1.3177478060090724,-1.7408957856831049,0.635069326373745,0.4166666666666667
paper_factor,25.0,2022-11-30_2023-10-31,12,0.5846972815599327,-8.074453772832779e-05,0.5846972815599327,-8.074453772832779e-05,0.584778026097661,0.4498638753363239,1.2099223358344642,-0.10216555874122879,-0.04084242285001627,0.5833333333333334,1.1251458359289348,-1.1698606121944857,0.710125959977258,0.47222222222222227
paper_factor,25.0,2022-12-31_2023-11-30,12,0.16526948205431546,0.06162621592425688,0.16526948205431546,0.06162621592425688,0.10364326613005859,0.14504183245316898,1.1283227417931914,-0.07290971117448786,-0.04084242285001627,0.5833333333333334,0.8000207346742019,0.8447497647072169,0.11573270425821192,0.5
paper_factor,25.0,2023-01-31_2023-12-31,12,0.20733935807855564,0.05389394652891433,0.20733935807855564,0.05389394652891433,0.1534454115496413,0.13328417390162042,1.4863557549010062,-0.07290971117448786,-0.04084242285001627,0.5833333333333334,1.2617456676536,0.8222978631171326,0.1629015446779687,0.5
paper_factor,25.0,2023-02-28_2024-01-31,12,0.21776257735201732,0.06910062416905749,0.21776257735201732,0.06910062416905749,0.14866195318295983,0.1313529165062802,1.572953204270916,-0.07290971117448786,-0.04084242285001627,0.5833333333333334,1.1908076975168849,0.763038480512896,0.1638437461528015,0.47222222222222227
paper_factor,25.0,2023-03-31_2024-02-29,12,0.1259889541414818,0.07105311702696282,0.1259889541414818,0.07105311702696282,0.05493583711451899,0.16119861295327953,0.8148981538063867,-0.0929639360601725,-0.04084242285001627,0.5,0.41434706391465703,0.8629325636360516,0.0710259106445974,0.47222222222222215
paper_factor,25.0,2023-04-30_2024-03-31,12,0.0013644340518301767,0.04605177038880415,0.0013644340518301767,0.04605177038880415,-0.04468733633697397,0.1839875151964985,0.09332582516004467,-0.1677764160887133,-0.028914327222309355,0.4166666666666667,-0.1948274143097848,0.9716868759667309,-0.02979410889939016,0.5
paper_factor,25.0,2023-05-31_2024-04-30,12,0.07627211773397269,0.05087612226469651,0.07627211773397269,0.05087612226469651,0.025395995469276178,0.16556684890629972,0.5225825563262427,-0.17073759302053526,-0.04720745865673304,0.5,0.2054357299565366,0.5708330411845068,0.057631783956086924,0.5555555555555555
paper_factor,25.0,2023-06-30_2024-05-31,12,0.015178257992901623,0.06029804021364593,0.015178257992901623,0.06029804021364593,-0.04511978222074431,0.15926918776849278,0.1689274067016128,-0.17849563970269378,-0.04720745865673304,0.4166666666666667,-0.22504512613213834,0.5511434029138801,-0.0073448858406041095,0.5555555555555555
paper_factor,25.0,2023-07-31_2024-06-30,12,-0.06613241375603096,0.046802268590376395,-0.06613241375603096,0.046802268590376395,-0.11293468234640736,0.16925571306196635,-0.32436387262775035,-0.22815617203886085,-0.04720745865673304,0.4166666666666667,-0.5832674775261559,0.27686594238601253,-0.06634441077330333,0.5277777777777778
paper_factor,25.0,2023-08-31_2024-07-31,12,-0.06624404606480494,0.10318514893952901,-0.06624404606480494,0.10318514893952901,-0.16942919500433395,0.16923294710056272,-0.32513103969505114,-0.22815617203886074,-0.04720745865673315,0.3333333333333333,-0.8958226952139471,0.3720916477190225,-0.08944847788787258,0.5555555555555555
paper_factor,25.0,2023-09-30_2024-08-31,12,0.0008434969784822943,0.08473288946892565,0.0008434969784822943,0.08473288946892565,-0.08388939249044336,0.18813068282373407,0.0914038137812865,-0.22815617203886085,-0.04720745865673315,0.3333333333333333,-0.3333839115091014,0.13376732990955223,0.005668672211311732,0.5555555555555555
paper_factor,25.0,2023-10-31_2024-09-30,12,-0.07574338101883604,0.12170948346779942,-0.07574338101883604,0.12170948346779942,-0.19745286448663546,0.1770588091831881,-0.3616359522477838,-0.22815617203886085,-0.047207458656732815,0.25,-1.0177683111700204,0.4356255261722235,-0.11008650458642855,0.5277777777777777
paper_factor,25.0,2023-11-30_2024-10-31,12,-0.20734708245234257,0.004734660022875703,-0.20734708245234257,0.004734660022875703,-0.21208174247521827,0.1913206111547521,-1.1137699199248265,-0.2504644621759058,-0.07254414974326939,0.25,-1.2302468180426682,0.6584318260072608,-0.19889985702083435,0.5
paper_factor,25.0,2023-12-31_2024-11-30,12,-0.22529679741255593,-0.026522408525777696,-0.22529679741255593,-0.026522408525777696,-0.19877438888677823,0.18232819858860055,-1.3000453431446841,-0.2419493505483158,-0.07702368625268241,0.25,-1.1698769182972366,0.4729710212276811,-0.2045633817191087,0.5
paper_factor,25.0,2024-01-31_2024-12-31,12,-0.21492034447559138,-0.013699490369203038,-0.21492034447559138,-0.013699490369203038,-0.20122085410638835,0.18348066286377018,-1.2196995350192632,-0.23704431866042186,-0.07702368625268208,0.25,-1.1687385112848068,0.49208501468669225,-0.19867574957496026,0.5000000000000001
paper_factor,25.0,2024-02-29_2025-01-31,12,-0.1716348958011913,-0.14290566323586873,-0.1716348958011913,-0.14290566323586873,-0.02872923256532256,0.1952604877566445,-0.8655649675583532,-0.17364306930819218,-0.18252959118595857,0.3333333333333333,-0.10472818060633364,-0.116789454092924,-0.17057116191496002,0.5
paper_factor,25.0,2024-03-31_2025-02-28,12,-0.1620501916533773,-0.10676537761977256,-0.1620501916533773,-0.10676537761977256,-0.055284814033604746,0.19178313679349604,-0.8255561744409651,-0.11996022545216345,-0.1825295911859588,0.3333333333333333,-0.21607743221461037,-0.19377677706664978,-0.16388400333784026,0.47222222222222227
paper_factor,25.0,2024-04-30_2025-03-31,12,-0.13237644790869185,-0.06461005552580057,-0.13237644790869185,-0.06461005552580057,-0.06776639238289128,0.1814517393703473,-0.6934970714629897,-0.15222340291816483,-0.18252959118595868,0.3333333333333333,-0.26472804979093373,-0.24769424003267182,-0.13042941031997635,0.47222222222222227
paper_factor,25.0,2024-05-31_2025-04-30,12,-0.08088942368978469,0.02942056800377868,-0.08088942368978469,0.02942056800377868,-0.11030999169356337,0.19317115684141636,-0.34531456978742525,-0.1522234029181646,-0.18252959118595857,0.25,-0.40653022604924466,-0.0867085567164596,-0.0611130014389234,0.47222222222222227
paper_factor,25.0,2024-06-30_2025-05-31,12,-0.048357429450314515,-0.019239253194651806,-0.048357429450314515,-0.019239253194651806,-0.02911817625566271,0.1955866115606999,-0.16177419458758052,-0.15222340291816472,-0.18252959118595835,0.3333333333333333,-0.09879008279781297,-0.11737957228013159,-0.03163716917443915,0.47222222222222215
paper_factor,25.0,2024-07-31_2025-06-30,12,0.11563756664541902,0.03150250800801424,0.11563756664541902,0.03150250800801424,0.08413505863740478,0.2098711542299312,0.6207147080601859,-0.1522234029181646,-0.1825295911859589,0.4166666666666667,0.3062454594270318,0.16278468889099812,0.12935259858784764,0.5
paper_factor,25.0,2024-08-31_2025-07-31,12,0.28258793679637395,0.02082724764079913,0.28258793679637395,0.02082724764079913,0.2617606891555748,0.26832884485693487,1.0566801730391338,-0.1522234029181646,-0.1720911800730176,0.5,0.8523184747234656,0.3556083759982468,0.3059697206256693,0.47222222222222215
paper_factor,25.0,2024-09-30_2025-08-31,12,0.23625230544027986,0.07082064647411035,0.23625230544027986,0.07082064647411035,0.16543165896616951,0.26258236701613613,0.9315748976394366,-0.13514271375453457,-0.1720911800730176,0.5,0.5740539813280301,0.40535076442057133,0.23099187555748246,0.47222222222222215
paper_factor,25.0,2024-10-31_2025-09-30,12,0.292803329326651,0.07787885846139209,0.292803329326651,0.07787885846139209,0.2149244708652589,0.2589086259707015,1.117983724421631,-0.11272828211053731,-0.11858833109117162,0.5833333333333334,0.721176277930772,0.40383567391658953,0.28314666173345726,0.4722222222222221
paper_factor,25.0,2024-11-30_2025-10-31,12,1.237094384792937,0.1960061542824556,1.237094384792937,0.1960061542824556,1.0410882305104814,0.5623778762298052,1.6807316496600604,-0.11272828211053731,-0.11795970406671652,0.6666666666666666,1.3458045594366401,0.5954954011304143,1.2282317597582169,0.4166666666666666
paper_factor,25.0,2024-12-31_2025-11-30,12,1.3548202000228677,0.22133541890163522,1.3548202000228677,0.22133541890163522,1.1334847811212325,0.560236168255735,1.7842434812850128,-0.11272828211053731,-0.11795970406671652,0.6666666666666666,1.4070867275824586,0.5696488962525014,1.3291660027879098,0.4166666666666667
paper_factor,25.0,2025-01-31_2025-12-31,12,1.296222809385554,0.17166648362633885,1.296222809385554,0.17166648362633885,1.124556325759215,0.5647198638228691,1.725924195890292,-0.11272828211053743,-0.03669877287899381,0.75,1.4405356753996053,0.6652969570996817,1.2892867214823083,0.38888888888888884
paper_factor,25.0,2025-02-28_2026-01-31,12,0.9821404603297375,0.31334945156909844,0.9821404603297375,0.31334945156909844,0.668791008760639,0.5914007201429353,1.4055915550213547,-0.11578875092971397,-0.04758367670999886,0.6666666666666666,0.9766615282589852,1.5978556593605913,0.4528860788753939,0.38888888888888884
paper_factor,25.0,2025-03-31_2026-02-28,12,0.9715986039597506,0.08257309459079365,0.9715986039597506,0.08257309459079365,0.889025509368957,0.5926600559150279,1.394223657478536,-0.17857491939402914,-0.18488813271044613,0.75,1.350891977731056,1.22484149610258,0.9809153860682114,0.38888888888888884
paper_factor,25.0,2025-04-30_2026-03-31,12,0.8881915614736657,0.028079656548997578,0.8881915614736657,0.028079656548997578,0.8601119049246682,0.6027291218616768,1.3042527805533586,-0.2526495506609775,-0.19546042589812018,0.75,1.382629300978635,1.426042406380962,1.0077067348908502,0.3611111111111111
paper_factor,25.0,2025-05-31_2026-04-30,12,0.3222115033524975,-0.14610708694572017,0.3222115033524975,-0.14610708694572017,0.46831859029821765,0.6857505116108082,0.6849517878793535,-0.4475823209927108,-0.29138146686445754,0.75,1.0573316729311388,1.8996191515688723,1.011801046523236,0.3888888888888889
paper_factor,25.0,2025-06-30_2026-05-31,12,0.35525328105124365,-0.18541351506394133,0.35525328105124365,-0.18541351506394133,0.540666796115185,0.685681780681392,0.7224025595517551,-0.4475823209927108,-0.34737666250868915,0.75,1.1689115455405061,1.7365099820998147,1.1717071698889527,0.4166666666666667
paper_factor,25.0,2025-07-31_2026-06-30,12,0.3152509360748148,-0.1667764227923394,0.3152509360748148,-0.1667764227923394,0.4820273588671542,0.6833356072826798,0.6773055691395709,-0.4475823209927109,-0.34737666250868904,0.6666666666666666,1.0571329813880126,1.536121654694396,0.9659071638665806,0.38888888888888884
paper_factor,25.0,2025-08-31_2026-07-31,11,0.11701327313948084,-0.20361006057922837,0.12830697574349603,-0.2199234939209873,0.34823046966448334,0.698845418593519,0.4454451072275055,-0.4475823209927109,-0.34737666250868904,0.6363636363636364,0.874583069266184,1.4778803756794563,0.8476908978614395,0.3939393939393939
cap300_rank_ridge,25.0,2015-02-28_2016-01-31,12,0.0,-0.12464244015822579,0.0,-0.12464244015822579,0.12464244015822579,0.0,,0.0,-0.2346154234110902,0.5,0.7692360062999882,0.0,0.0,0.0
cap300_rank_ridge,25.0,2015-03-31_2016-02-29,12,0.0,-0.12200466014015787,0.0,-0.12200466014015787,0.12200466014015787,0.0,,0.0,-0.1902603904171294,0.5,0.7474014716436923,0.0,0.0,0.0
cap300_rank_ridge,25.0,2015-04-30_2016-03-31,12,0.0,-0.048726200591690305,0.0,-0.048726200591690305,0.048726200591690305,0.0,,0.0,-0.19026039041712928,0.5,0.2945970850581079,0.0,0.0,0.0
cap300_rank_ridge,25.0,2015-05-31_2016-04-30,12,0.0,-0.08042168629585977,0.0,-0.08042168629585977,0.08042168629585977,0.0,,0.0,-0.13984875260474772,0.5833333333333334,0.5552293857372526,0.0,0.0,0.0
cap300_rank_ridge,25.0,2015-06-30_2016-05-31,12,-0.038085331650382415,0.021583559353247406,-0.038085331650382415,0.021583559353247406,-0.05966889100362982,0.03808533165038239,-0.9999999999999999,-0.038085331650382415,-0.12048239811387595,0.5,-0.45156802191149265,-0.10443430086100317,-0.03446238267396573,0.08333333333333333
cap300_rank_ridge,25.0,2015-07-31_2016-06-30,12,0.0016613166845758087,0.08609325121736311,0.0016613166845758087,0.08609325121736311,-0.0844319345327873,0.05868552392238861,0.055124596420877366,-0.038085331650382415,-0.06335332759593715,0.5,-0.59943928562396,-0.007831257027593278,0.003955734011171552,0.13888888888888887
cap300_rank_ridge,25.0,2015-08-31_2016-07-31,12,-0.0645515158744493,0.19435729107699262,-0.0645515158744493,0.19435729107699262,-0.2589088069514419,0.08861422023497495,-0.709457224014739,-0.06610301451810541,-0.010009943632593221,0.4166666666666667,-1.625675460914817,-0.11241950291814566,-0.04129890837914385,0.16666666666666666
cap300_rank_ridge,25.0,2015-09-30_2016-08-31,12,-0.1934490771199724,0.27010420996995776,-0.1934490771199724,0.27010420996995776,-0.46355328708993015,0.1589469925088673,-1.2624350801983877,-0.1947867912582958,-0.010009943632593332,0.3333333333333333,-2.761274525622736,0.44167726066303914,-0.26839749503568333,0.19444444444444442
cap300_rank_ridge,25.0,2015-10-31_2016-09-30,12,-0.1713404448479494,0.2171792753369357,-0.1713404448479494,0.2171792753369357,-0.3885197201848851,0.164364210179482,-1.0540550803580702,-0.1947867912582958,-0.010009943632593221,0.4166666666666667,-2.2203402785239956,0.35834758331473376,-0.2192614444046933,0.24999999999999997
cap300_rank_ridge,25.0,2015-11-30_2016-10-31,12,-0.181290892385641,0.15802517726789156,-0.181290892385641,0.15802517726789156,-0.33931606965353256,0.16365065492376318,-1.1320261108755059,-0.1947867912582958,-0.05046191183613391,0.4166666666666667,-1.8761240855617565,0.1894538053668961,-0.19420158545876587,0.3055555555555555
cap300_rank_ridge,25.0,2015-12-31_2016-11-30,12,0.12499306990644676,0.15325670090751609,0.12499306990644676,0.15325670090751609,-0.028263631001069323,0.423482991366942,0.44594270912320605,-0.1947867912582958,-0.05046191183613402,0.5,0.10009199735030858,0.9609641257365423,0.04822432905027885,0.38888888888888884
cap300_rank_ridge,25.0,2016-01-31_2016-12-31,12,0.2767170346485295,0.1471553785298949,0.2767170346485295,0.1471553785298949,0.12956165611863457,0.43919930620976566,0.737058836586371,-0.1947867912582958,-0.05046191183613402,0.5833333333333334,0.4183196032909293,0.7514030834123167,0.23986888136951845,0.4444444444444444
cap300_rank_ridge,25.0,2016-02-29_2017-01-31,12,0.22280067919387658,0.12910312615333996,0.22280067919387658,0.12910312615333996,0.09369755304053662,0.4440326772950129,0.633929163223828,-0.1947867912582958,-0.05046191183613391,0.5833333333333334,0.3552893240143891,0.8171713274108143,0.19404174652781103,0.5
cap300_rank_ridge,25.0,2016-03-31_2017-02-28,12,0.22570856183368893,0.1492046756740173,0.22570856183368893,0.1492046756740173,0.07650388615967163,0.44390197906758877,0.6394729651173412,-0.1947867912582958,-0.05046191183613402,0.5833333333333334,0.31843244995585557,0.7215293561167584,0.19565083717207643,0.5833333333333334
cap300_rank_ridge,25.0,2016-04-30_2017-03-31,12,0.21174910321280516,0.17503808646495478,0.21174910321280516,0.17503808646495478,0.03671101674785038,0.44470942376260275,0.6127021630923922,-0.1947867912582958,-0.05046191183613402,0.5,0.24026390619298804,0.6566516810435093,0.17601864083674124,0.6666666666666666
cap300_rank_ridge,25.0,2016-05-31_2017-04-30,12,0.15346043475334437,0.19627580709932912,0.15346043475334437,0.19627580709932912,-0.04281537234598476,0.44995935333690357,0.4986483904294618,-0.1947867912582958,-0.05046191183613402,0.4166666666666667,0.08977664186462815,0.6865070259410123,0.10237556725043873,0.75
cap300_rank_ridge,25.0,2016-06-30_2017-05-31,12,0.2747073118878369,0.16211773486732262,0.2747073118878369,0.16211773486732262,0.11258957702051431,0.4473927946190596,0.7275126206596941,-0.1947867912582958,-0.05046191183613402,0.5,0.3907341881204411,1.1088510992033005,0.16564895131062052,0.75
cap300_rank_ridge,25.0,2016-07-31_2017-06-30,12,-0.017347398304879635,0.11985678631409691,-0.017347398304879635,0.11985678631409691,-0.13720418461897654,0.4996917102057837,0.17391057987498015,-0.22904992089462917,-0.05046191183613402,0.4166666666666667,-0.06094267543326019,1.483658698198706,-0.08278134485174515,0.7222222222222222
cap300_rank_ridge,25.0,2016-08-31_2017-07-31,12,0.04806699816238491,0.08878533946639733,0.04806699816238491,0.08878533946639733,-0.04071834130401242,0.4935668138113559,0.30202688889224566,-0.23208302381355828,-0.05046191183613402,0.4166666666666667,0.12835600757635987,2.017122745014185,-0.027977129000526624,0.75
cap300_rank_ridge,25.0,2016-09-30_2017-08-31,12,0.23771474663877012,0.09996258200034913,0.23771474663877012,0.09996258200034913,0.137752164638421,0.4656353564600562,0.6552057444866006,-0.2320830238135585,-0.05046191183613402,0.5,0.45834717568519323,1.7027398028349972,0.14697465421269618,0.7777777777777777
cap300_rank_ridge,25.0,2016-10-31_2017-09-30,12,0.16277432770942557,0.1075588143605537,0.16277432770942557,0.1075588143605537,0.05521551334887187,0.4694851078113886,0.5173324225673989,-0.24529552673574717,-0.0004923640702735321,0.4166666666666667,0.3014911708026188,1.5669447503825098,0.0809585634386929,0.8055555555555555
cap300_rank_ridge,25.0,2016-11-30_2017-10-31,12,0.2426861902868256,0.1559996199134983,0.2426861902868256,0.1559996199134983,0.08668657037332728,0.46930725098263976,0.6622096569686673,-0.24529552673574684,-0.008932388259170088,0.4166666666666667,0.3573008090908549,3.002706183274831,-0.12224613971484877,0.8333333333333334
cap300_rank_ridge,25.0,2016-12-31_2017-11-30,12,-0.0984539606727437,0.19992461049678534,-0.0984539606727437,0.19992461049678534,-0.29837857116952904,0.2756092860124602,-0.2410568135690942,-0.24529552673574684,-0.008932388259169977,0.3333333333333333,-0.8758997038325038,-0.2245608124874396,-0.02444115442579564,0.75
cap300_rank_ridge,25.0,2017-01-31_2017-12-31,12,-0.16020745433625416,0.24773371905633135,-0.16020745433625416,0.24773371905633135,-0.4079411733925855,0.24122664472513425,-0.5976654164100311,-0.2141773313335147,-0.008932388259170088,0.3333333333333333,-1.5539279678622575,0.6566098071077212,-0.25615557945129575,0.7222222222222222
cap300_rank_ridge,25.0,2017-02-28_2018-01-31,12,-0.13152901187166988,0.22472528642954592,-0.13152901187166988,0.22472528642954592,-0.3562542983012158,0.23896401718802848,-0.4664532100363604,-0.2141773313335148,-0.008932388259170088,0.3333333333333333,-1.3447371850220369,0.5995308409425352,-0.2116492851045172,0.7222222222222222
cap300_rank_ridge,25.0,2017-03-31_2018-02-28,12,-0.013838452787258482,0.11150665310004948,-0.013838452787258482,0.11150665310004948,-0.12534510588730796,0.28109285576029236,0.08670230177171387,-0.2141773313335149,-0.06307407298992962,0.4166666666666667,-0.2654890891548994,-0.767257034533379,0.11544483813916329,0.7222222222222222
cap300_rank_ridge,25.0,2017-04-30_2018-03-31,12,0.3381298490421323,0.054403018339003184,0.3381298490421323,0.054403018339003184,0.2837268307031291,0.43952242939826386,0.858235988786384,-0.2141773313335148,-0.09250223900477905,0.5,0.6378648272735146,-1.7370091327116715,0.6000967620467781,0.7222222222222222
cap300_rank_ridge,25.0,2017-05-31_2018-04-30,12,0.3953417372342696,0.042771960341875914,0.3953417372342696,0.042771960341875914,0.35256977689239366,0.4333285992749331,0.964423837742752,-0.2141773313335148,-0.09416874157139277,0.5,0.7520471307892493,-1.6781041642619863,0.6288732413830858,0.7222222222222223
cap300_rank_ridge,25.0,2017-06-30_2018-05-31,12,0.2681655325552561,-0.005226881237519021,0.2681655325552561,-0.005226881237519021,0.2733924137927751,0.4372636227953691,0.7341669917751692,-0.04101458018417614,-0.12207676452647664,0.4166666666666667,0.6492407290833163,-1.4228077684826645,0.3744986617779704,0.7222222222222222
cap300_rank_ridge,25.0,2017-07-31_2018-06-30,12,0.576122131702268,0.0163507796990916,0.576122131702268,0.0163507796990916,0.5597713520031764,0.36595527274850576,1.4098948549954469,-0.04324704480533503,-0.12207676452647676,0.4166666666666667,1.1385289221027564,-1.4145903444419017,0.7089291679033662,0.7499999999999999
cap300_rank_ridge,25.0,2017-08-31_2018-07-31,12,0.5336308046112412,0.02633003466478856,0.5336308046112412,0.02633003466478856,0.5073007699464527,0.3706669624938841,1.3195271166786862,-0.07270316089638362,-0.12207676452647653,0.4166666666666667,1.039306873971708,-1.458948544992874,0.6902833696084976,0.7499999999999999
cap300_rank_ridge,25.0,2017-09-30_2018-08-31,12,0.5276700318163174,0.012828519177035869,0.5276700318163174,0.012828519177035869,0.5148415126392816,0.3709504499829086,1.3078500632394863,-0.07270316089638362,-0.12207676452647664,0.4166666666666667,1.0616480125674854,-1.4261520041524,0.6520128206483451,0.75
cap300_rank_ridge,25.0,2017-10-31_2018-09-30,12,0.669296577728183,-0.028994428060318933,0.669296577728183,-0.028994428060318933,0.6982910057885019,0.36183542809538355,1.5880957056110652,-0.0727031608963834,-0.12207676452647676,0.5,1.394049932200473,-1.311301708446782,0.703686109773602,0.7222222222222222
cap300_rank_ridge,25.0,2017-11-30_2018-10-31,12,0.6082077855560686,0.017470333624036494,0.6082077855560686,0.017470333624036494,0.5907374519320321,0.36296419949507963,1.4766975968012077,-0.07270316089638351,-0.12207676452647676,0.4166666666666667,1.1785902032063806,-1.2569884454869709,0.7402312782120888,0.6944444444444445
cap300_rank_ridge,25.0,2017-12-31_2018-11-30,12,0.6363256160558768,-0.025356283802123625,0.6363256160558768,-0.025356283802123625,0.6616818998580004,0.3608738411470909,1.5335495497660425,-0.07270316089638362,-0.12207676452647687,0.4166666666666667,1.3649372178021693,-1.4935684562659812,0.6687303343741295,0.7222222222222223
cap300_rank_ridge,25.0,2018-01-31_2018-12-31,12,0.6910334986247706,-0.01099995180484914,0.6910334986247706,-0.01099995180484914,0.7020334504296197,0.36376962776931565,1.6185006490824172,-0.07270316089638362,-0.12095719505337177,0.4166666666666667,1.4162572351083194,-1.1385653708577523,0.7671888664240709,0.7777777777777778
cap300_rank_ridge,25.0,2018-02-28_2019-01-31,12,0.7673502753500081,-0.023323412109537922,0.7673502753500081,-0.023323412109537922,0.790673687459546,0.35862601719436166,1.766357771353829,-0.07270316089638351,-0.06297476655901424,0.5,1.5702349216863605,-1.1087684333314638,0.820233364236103,0.8055555555555555
cap300_rank_ridge,25.0,2018-03-31_2019-02-28,12,0.5486392316042024,0.045204178762284775,0.5486392316042024,0.045204178762284775,0.5034350528419176,0.3495704285620226,1.4091775969357017,-0.0727031608963834,-0.032589089243883484,0.4166666666666667,1.1516725927040428,-0.962321512242031,0.6945849597262248,0.8055555555555555
cap300_rank_ridge,25.0,2018-04-30_2019-03-31,12,0.18071518071178527,0.07686204312787948,0.18071518071178527,0.07686204312787948,0.1038531375839058,0.12200498158782462,1.4253982486799228,-0.065785814316904,-0.031039511736595693,0.4166666666666667,0.7887611166442302,0.5016683641238461,0.14355922066240456,0.8055555555555555
cap300_rank_ridge,25.0,2018-05-31_2019-04-30,12,0.1734275082761465,0.03769148450195714,0.1734275082761465,0.03769148450195714,0.13573602377418936,0.12335089121984191,1.3601777410264078,-0.03304386079018107,-0.04957195403333192,0.5,1.0357729058783347,0.5175759494361531,0.1565504325340059,0.7777777777777777
cap300_rank_ridge,25.0,2018-06-30_2019-05-31,12,0.1270260721803076,0.09645960452265201,0.1270260721803076,0.09645960452265201,0.030566467657655583,0.14374613388536017,0.9014128240871674,-0.08462126291824401,-0.04957195403333203,0.5,0.20495260974127766,0.1706533618702323,0.11918919475846446,0.7777777777777777
cap300_rank_ridge,25.0,2018-07-31_2019-06-30,12,0.13860631674863888,0.07648721996967378,0.13860631674863888,0.07648721996967378,0.0621190967789651,0.14308900409255057,0.9771941282421666,-0.08462126291824401,-0.04957195403333203,0.5833333333333334,0.39046842097564566,0.20690736994848283,0.13101711283023953,0.7777777777777778
cap300_rank_ridge,25.0,2018-08-31_2019-07-31,12,0.1916700291179274,0.051509897202665744,0.1916700291179274,0.051509897202665744,0.14016013191526167,0.13539661087684676,1.366319266228973,-0.08462126291824412,-0.04957195403333203,0.6666666666666666,0.8706340492825941,0.24855242142523248,0.18568096662230937,0.7777777777777777
cap300_rank_ridge,25.0,2018-09-30_2019-08-31,12,0.16341899173906227,0.032217370272061396,0.16341899173906227,0.032217370272061396,0.13120162146700087,0.1377342633159427,1.168552214106897,-0.08462126291824423,-0.05569706120271434,0.6666666666666666,0.8336643307199183,0.3098482245020452,0.1605384156394074,0.8055555555555555
cap300_rank_ridge,25.0,2018-10-31_2019-09-30,12,0.1318343881364923,0.0680196854801034,0.1318343881364923,0.0680196854801034,0.06381470265638889,0.1311950779306516,1.0085513197834668,-0.08462126291824401,-0.05569706120271445,0.6666666666666666,0.47888998363078555,0.509868767641712,0.10113870030611083,0.8055555555555555
cap300_rank_ridge,25.0,2018-11-30_2019-10-31,12,0.030777268873910524,-0.007313909877188718,0.030777268873910524,-0.007313909877188718,0.03809117875109924,0.15565365055092403,0.26655685522562983,-0.11906883524735246,-0.07977064350808971,0.6666666666666666,0.3316462415226081,0.8440659942969899,0.04532597427779561,0.8333333333333331
cap300_rank_ridge,25.0,2018-12-31_2019-11-30,12,0.07252923350618334,0.01695714726683817,0.07252923350618334,0.01695714726683817,0.055572086239345175,0.16398054275488422,0.5035709254104467,-0.11906883524735246,-0.07977064350808971,0.75,0.4523864196489193,0.9178408171613291,0.06463677650163158,0.8888888888888888
cap300_rank_ridge,25.0,2019-01-31_2019-12-31,12,-0.061369236000793914,-0.0907583313333864,-0.061369236000793914,-0.0907583313333864,0.029389095332592485,0.14149557691987696,-0.3803136713402222,-0.11906883524735246,-0.08173242622854304,0.75,0.2783985092450755,0.6488735315927914,0.004698556800842413,0.8611111111111112
cap300_rank_ridge,25.0,2019-02-28_2020-01-31,12,-0.0183422620759226,-0.15374678206850467,-0.0183422620759226,-0.15374678206850467,0.13540451999258207,0.1624162980321566,-0.039158760579682664,-0.11906883524735234,-0.157070533612218,0.75,0.7419815628068075,-0.002009564921134845,-0.006658098936344947,0.8333333333333331
cap300_rank_ridge,25.0,2019-03-31_2020-02-29,12,-0.11631173191694844,-0.2983301643039218,-0.11631173191694844,-0.2983301643039218,0.18201843238697335,0.1916893848625701,-0.5524383711979384,-0.1359706047108229,-0.2968733323797681,0.8333333333333334,1.0660905573990382,0.40352556584391,0.02761369666113178,0.8055555555555554
cap300_rank_ridge,25.0,2019-04-30_2020-03-31,12,-0.16107547938646471,-0.26938100433105683,-0.16107547938646471,-0.26938100433105683,0.10830552494459211,0.18936614636788857,-0.8328030371093804,-0.14956828343174833,-0.2897384073692094,0.75,0.5773322253351587,0.3152638796608218,-0.06464653549623178,0.7777777777777777
cap300_rank_ridge,25.0,2019-05-31_2020-04-30,12,-0.16708300514847452,-0.23441422140073764,-0.16708300514847452,-0.23441422140073764,0.06733121625226313,0.18951367606177413,-0.8694295564724713,-0.14621688196071947,-0.2897384073692094,0.6666666666666666,0.3395233736923631,0.3046662847958469,-0.08711028406262833,0.8055555555555555
cap300_rank_ridge,25.0,2019-06-30_2020-05-31,12,-0.18847499699381554,-0.22854562482453433,-0.18847499699381554,-0.22854562482453433,0.0400706278307188,0.19878805467266558,-0.9487549055644415,-0.22809274098199894,-0.2897384073692095,0.6666666666666666,0.18779062679799943,0.2573034693703621,-0.12088199459777493,0.8055555555555555
cap300_rank_ridge,25.0,2019-07-31_2020-06-30,12,-0.15385429206868162,-0.1941752572672133,-0.15385429206868162,-0.1941752572672133,0.04032096519853168,0.20876650016022144,-0.6974387030139052,-0.22809274098199916,-0.2827760862119635,0.6666666666666666,0.18058216517293607,0.3212021592616808,-0.08131842807587808,0.8333333333333334
cap300_rank_ridge,25.0,2019-08-31_2020-07-31,12,-0.10745397382165689,-0.1722348942847023,-0.10745397382165689,-0.1722348942847023,0.0647809204630454,0.22337350789372376,-0.40280478659725716,-0.22809274098199916,-0.27948217627529803,0.6666666666666666,0.29172742181286193,0.3676337241466565,-0.02956468408567281,0.8333333333333331
cap300_rank_ridge,25.0,2019-09-30_2020-08-31,12,-0.12439361432703211,-0.21057570090232802,-0.12439361432703211,-0.21057570090232802,0.08618208657529591,0.22437118952388624,-0.48477409565094104,-0.22809274098199916,-0.27948217627529803,0.6666666666666666,0.39290693929745985,0.36819070577146557,-0.031584325348203546,0.8333333333333331
cap300_rank_ridge,25.0,2019-10-31_2020-09-30,12,-0.09730256144011629,-0.1766274605970889,-0.09730256144011629,-0.1766274605970889,0.0793248991569726,0.23191072835013174,-0.3321256335220442,-0.22809274098199916,-0.2794821762752979,0.6666666666666666,0.34705904811368543,0.40910480284632955,-0.009500354602615113,0.861111111111111
cap300_rank_ridge,25.0,2019-11-30_2020-10-31,12,-0.13356209427808075,-0.06643817837031618,-0.13356209427808075,-0.06643817837031618,-0.06712391590776456,0.2462110725583257,-0.46397631541712325,-0.22809274098199905,-0.2794821762752979,0.6666666666666666,-0.238069739634162,0.14694928113988326,-0.10369722037214324,0.861111111111111
cap300_rank_ridge,25.0,2019-12-31_2020-11-30,12,-0.14624737291890344,-0.050871312509224054,-0.14624737291890344,-0.050871312509224054,-0.09537606040967939,0.24221867303741051,-0.5354169302642553,-0.22809274098199916,-0.2358764964179022,0.5833333333333334,-0.33785728486744465,0.14382923683579096,-0.11991177668822872,0.861111111111111
cap300_rank_ridge,25.0,2020-01-31_2020-12-31,12,-0.07081559085866773,-0.013079995771551722,-0.07081559085866773,-0.013079995771551722,-0.05773559508711601,0.24434385060691385,-0.18504537350896105,-0.22809274098199905,-0.16758179221927783,0.5833333333333334,-0.19158837514643906,0.10132823601146704,-0.046158264968484186,0.861111111111111
cap300_rank_ridge,25.0,2020-02-29_2021-01-31,12,-0.0512927515135827,0.14471568274700242,-0.0512927515135827,0.14471568274700242,-0.19600843426058512,0.25398664737238535,-0.08846077974618523,-0.1402459957818356,-0.07033476780972703,0.5833333333333334,-0.6559656716197544,0.35404695440525463,-0.07828606318023701,0.861111111111111
cap300_rank_ridge,25.0,2020-03-31_2021-02-28,12,0.03978545751965701,0.3187076559568369,0.03978545751965701,0.3187076559568369,-0.2789221984371799,0.23038114319253405,0.276608481432981,-0.11451779735941625,-0.07033476780972703,0.5833333333333334,-0.824314793073311,0.06828734026509914,0.04463681073526038,0.8888888888888887
cap300_rank_ridge,25.0,2020-04-30_2021-03-31,12,0.03796052752920409,0.2712264885896778,0.03796052752920409,0.2712264885896778,-0.2332659610604737,0.23066458284267777,0.26888077261841997,-0.11078791662854792,-0.07033476780972714,0.5833333333333334,-0.7074702888654563,0.11926412404115977,0.03205580156122423,0.9166666666666665
cap300_rank_ridge,25.0,2020-05-31_2021-04-30,12,0.05041024300932051,0.2511461011810818,0.05041024300932051,0.2511461011810818,-0.20073585817176132,0.22952955103931533,0.32139063028726833,-0.11078791662854792,-0.07033476780972703,0.5833333333333334,-0.6060313950383163,0.11938474481936885,0.04616028425248353,0.9166666666666666
cap300_rank_ridge,25.0,2020-06-30_2021-05-31,12,0.10547410820405156,0.22018559574957508,0.10547410820405156,0.22018559574957508,-0.11471148754552352,0.2106608524969227,0.575156027645107,-0.11078791662854792,-0.07033476780972703,0.5833333333333334,-0.37243584668470675,0.1980369910945524,0.08176188099930326,0.9166666666666666
cap300_rank_ridge,25.0,2020-07-31_2021-06-30,12,0.050397081419150336,0.1787337447456181,0.050397081419150336,0.1787337447456181,-0.12833666332646776,0.20604765619732548,0.3339213325500343,-0.11078791662854792,-0.07033476780972703,0.5,-0.43981131500505516,0.15042339512325678,0.04284695407317929,0.8888888888888888
cap300_rank_ridge,25.0,2020-08-31_2021-07-31,12,-0.17132554738882866,0.17406019021811336,-0.17132554738882866,0.17406019021811336,-0.345385737606942,0.24858753711206732,-0.6318031851595445,-0.24181637376860354,-0.0471551797914731,0.4166666666666667,-1.1636982083026444,0.15159529638484545,-0.16876924277135952,0.8888888888888887
cap300_rank_ridge,25.0,2020-09-30_2021-08-31,12,-0.3343891013375021,0.29094300690606567,-0.3343891013375021,0.29094300690606567,-0.6253321082435678,0.3237180607253302,-1.0756658753951487,-0.40840910777213024,-0.0471551797914731,0.3333333333333333,-1.7859199868276696,0.13747768718207728,-0.3237279643749883,0.8611111111111108
cap300_rank_ridge,25.0,2020-10-31_2021-09-30,12,-0.33204738571246206,0.285307502281577,-0.33204738571246206,0.285307502281577,-0.617354887994039,0.32482634029577295,-1.0605389339006162,-0.40840910777213013,-0.04715517979147299,0.3333333333333333,-1.7537364012553047,0.1219953825774612,-0.3178295559435571,0.861111111111111
cap300_rank_ridge,25.0,2020-11-30_2021-10-31,12,-0.17177702782866133,0.164192612882329,-0.17177702782866133,0.164192612882329,-0.33596964071099034,0.33589460983716646,-0.3903933648595465,-0.40840910777213024,-0.04715517979147299,0.4166666666666667,-0.8627569852434074,0.49596102535925246,-0.1908297582501144,0.8055555555555557
cap300_rank_ridge,25.0,2020-12-31_2021-11-30,12,-0.1914771832386869,0.10075285366229347,-0.1914771832386869,0.10075285366229347,-0.29223003690098037,0.33270273968946523,-0.4684883928757603,-0.40840910777213013,-0.04715517979147321,0.5,-0.7601861764036473,0.33136980415351025,-0.17366882920877158,0.75
cap300_rank_ridge,25.0,2021-01-31_2021-12-31,12,-0.23035883849541483,0.1311417024200292,-0.23035883849541483,0.1311417024200292,-0.36150054091544404,0.3276412570022533,-0.6284544612152545,-0.40840910777213024,-0.04715517979147299,0.4166666666666667,-1.0240954435007148,0.5661632347819895,-0.24538563448244288,0.7222222222222222
cap300_rank_ridge,25.0,2021-02-28_2022-01-31,12,-0.30271858254351847,0.1035559333431273,-0.30271858254351847,0.1035559333431273,-0.40627451588664576,0.30060735050992266,-1.03068798304703,-0.3987999042830165,-0.008710521467504728,0.3333333333333333,-1.297805578401626,-0.3065400306104261,-0.2456487760834163,0.7222222222222222
cap300_rank_ridge,25.0,2021-03-31_2022-02-28,12,-0.28428548375340235,0.1814244316261513,-0.28428548375340235,0.1814244316261513,-0.46570991537955364,0.3026544456359203,-0.9377666600376642,-0.37972029514843764,-0.008710521467504728,0.25,-1.455841996935241,-0.23988727136713997,-0.21780617441705807,0.6944444444444443
cap300_rank_ridge,25.0,2021-04-30_2022-03-31,12,-0.24615033072649373,0.2056999327796627,-0.24615033072649373,0.2056999327796627,-0.4518502635061564,0.30572187433981685,-0.7594339606604886,-0.37418324444577933,-0.008710521467504728,0.25,-1.3469112649339299,-0.19112449621636646,-0.17918665785956445,0.6388888888888888
cap300_rank_ridge,25.0,2021-05-31_2022-04-30,12,-0.23952569343155472,0.20202014645819677,-0.23952569343155472,0.20202014645819677,-0.4415458398897515,0.3061719632253994,-0.7298695146043002,-0.342281590773861,-0.011058901373715124,0.3333333333333333,-1.3027431577650301,-0.26114662176732356,-0.16129521133524116,0.6111111111111112
cap300_rank_ridge,25.0,2021-06-30_2022-05-31,12,-0.21638906389807322,0.1547230806668567,-0.21638906389807322,0.1547230806668567,-0.3711121445649299,0.30445355871264096,-0.6389063241999282,-0.3413353106612945,-0.04389760737316839,0.4166666666666667,-1.0765554739130332,-0.18286787763407156,-0.15526383331786509,0.5833333333333334
cap300_rank_ridge,25.0,2021-07-31_2022-06-30,12,-0.21280049610658736,0.14515293481688385,-0.21280049610658736,0.14515293481688385,-0.3579534309234712,0.30472984370011386,-0.6233204912753103,-0.21972610359786748,-0.04389760737316839,0.4166666666666667,-1.0329685366237815,-0.2089548509171204,-0.14953735119285738,0.5833333333333334
cap300_rank_ridge,25.0,2021-08-31_2022-07-31,12,-0.09677479968223957,0.16719366722844042,-0.09677479968223957,0.16719366722844042,-0.26396846691068,0.26519617039874904,-0.24708262020799002,-0.047528935601399036,-0.04389760737316839,0.4166666666666667,-0.7921445980254366,-0.24536633225936563,-0.026296679588399763,0.5555555555555556
cap300_rank_ridge,25.0,2021-09-30_2022-08-31,12,0.1590475187412117,0.11990803732841937,0.1590475187412117,0.11990803732841937,0.03913948141279233,0.12591680353454549,1.2347296028673256,-0.047528935601399036,-0.04389760737316817,0.5,0.2640844410446142,0.14883597715035013,0.1471136366975201,0.5555555555555556
cap300_rank_ridge,25.0,2021-10-31_2022-09-30,12,0.13296143061670973,0.07700156092153554,0.13296143061670973,0.07700156092153554,0.05595986969517419,0.11787430704356679,1.1162916566511525,-0.047528935601398814,-0.04389760737316828,0.5,0.37085800596756946,-0.19059503638680245,0.1564683584699973,0.49999999999999994
cap300_rank_ridge,25.0,2021-11-30_2022-10-31,12,0.1080475850480318,0.0837751064100245,0.1080475850480318,0.0837751064100245,0.0242724786380073,0.09816439139671328,1.0934364466697564,-0.047528935601398925,-0.04389760737316839,0.5,0.19368767392152766,-0.03687664698926448,0.1161670718827641,0.49999999999999994
cap300_rank_ridge,25.0,2021-12-31_2022-11-30,12,0.3534158748428411,0.04089310124175727,0.3534158748428411,0.04089310124175727,0.3125227736010838,0.2514996760834538,1.320669077494628,-0.047528935601398925,-0.052330809109684795,0.5,0.9681349772909728,-1.3311299631230962,0.46766261682832333,0.5555555555555555
cap300_rank_ridge,25.0,2022-01-31_2022-12-31,12,0.34818139970598794,0.03139589518781816,0.34818139970598794,0.03139589518781816,0.3167855045181698,0.25214551251433576,1.3020930134682418,-0.04752893560139926,-0.0538908420070876,0.5,0.98862513364135,-1.274381982233958,0.44226955825375436,0.5833333333333333
cap300_rank_ridge,25.0,2022-02-28_2023-01-31,12,0.35156038478159224,-0.006523085673795559,0.35156038478159224,-0.006523085673795559,0.3580834704553878,0.2518765199349495,1.3134486605818276,-0.047528935601399036,-0.053890842007087936,0.5833333333333334,1.150602642817261,-1.4332007879199786,0.3781497923516779,0.5833333333333334
cap300_rank_ridge,25.0,2022-03-31_2023-02-28,12,0.3251067546145614,-0.03763942955797195,0.3251067546145614,-0.03763942955797195,0.36274618417253335,0.2541438505525713,1.223944270769937,-0.047528935601398814,-0.05860315994470999,0.5833333333333334,1.200615785608495,-1.5532998997936796,0.28685525476824103,0.5555555555555556
cap300_rank_ridge,25.0,2022-04-30_2023-03-31,12,0.26987534997351115,-0.0433257664262765,0.26987534997351115,-0.0433257664262765,0.31320111639978765,0.2585872701126715,1.0383601994341716,-0.04739773641515421,-0.052003665957635614,0.5833333333333334,1.0510791205914205,-1.8628293921811405,0.20729704351929246,0.611111111111111
cap300_rank_ridge,25.0,2022-05-31_2023-04-30,12,0.23156269759676973,-0.07213752035282106,0.23156269759676973,-0.07213752035282106,0.3037002179495908,0.26317131678305355,0.905647634901864,-0.06938709326755088,-0.07596598010903766,0.5833333333333334,1.0497084974988307,-1.0860325694901638,0.17244380342823717,0.6388888888888888
cap300_rank_ridge,25.0,2022-06-30_2023-05-31,12,0.32371105447220283,-0.0361282154897381,0.32371105447220283,-0.0361282154897381,0.35983926996194093,0.26140347162606864,1.192408094592864,-0.06938709326755099,-0.07596598010903755,0.5833333333333334,1.1687311208369746,-1.479456752021286,0.29421137011582,0.611111111111111
cap300_rank_ridge,25.0,2022-07-31_2023-06-30,12,0.3608003316954027,-0.0028433046031512976,0.3608003316954027,-0.0028433046031512976,0.363643636298554,0.2602329935097932,1.3057785297093731,-0.06938709326755088,-0.07596598010903743,0.5833333333333334,1.1431307498805734,-1.01745205171775,0.39840894744499833,0.611111111111111
cap300_rank_ridge,25.0,2022-08-31_2023-07-31,12,0.48323220329078387,-0.031389184091800915,0.48323220329078387,-0.031389184091800915,0.5146213873825848,0.25289183352752737,1.6882667572845254,-0.06938709326755088,-0.0655917893195096,0.6666666666666666,1.6304361839452086,-0.7996727032172365,0.4871686891812963,0.611111111111111
cap300_rank_ridge,25.0,2022-09-30_2023-08-31,12,0.5115196164594549,-0.014331580574544756,0.5115196164594549,-0.014331580574544756,0.5258511970339996,0.25077798138186114,1.7786434338962378,-0.06938709326755099,-0.06559178931950937,0.6666666666666666,1.6376476223607603,-0.9792273420977996,0.5320144165796281,0.5833333333333333
cap300_rank_ridge,25.0,2022-10-31_2023-09-30,12,0.4459277317888115,-0.04883569016310929,0.4459277317888115,-0.04883569016310929,0.4947634219519208,0.2546997771482387,1.5744694894845672,-0.06938709326755088,-0.06327241269436523,0.6666666666666666,1.5999767494763122,-0.6928313414418764,0.4371855776424305,0.5555555555555555
cap300_rank_ridge,25.0,2022-11-30_2023-10-31,12,0.3531400670930005,-8.074453772832779e-05,0.3531400670930005,-8.074453772832779e-05,0.3532208116307288,0.25075922879854184,1.3232572534767268,-0.06938709326755099,-0.04084242285001627,0.5833333333333334,1.148306402927707,-0.6009873024098894,0.3903218591051665,0.5833333333333333
cap300_rank_ridge,25.0,2022-12-31_2023-11-30,12,0.03121422748237168,0.06162621592425688,0.03121422748237168,0.06162621592425688,-0.030411988441885196,0.11495559975937232,0.3201581494758007,-0.060554005500181085,-0.04084242285001627,0.5,-0.2012127818024398,0.21803083497710798,0.02320219748489727,0.5277777777777778
cap300_rank_ridge,25.0,2023-01-31_2023-12-31,12,0.0333868484103359,0.05389394652891433,0.0333868484103359,0.05389394652891433,-0.020507098118578426,0.114650879940475,0.33914073089066754,-0.0656035995937404,-0.04084242285001627,0.5,-0.13113016606374606,0.2260307559046943,0.026489713411171012,0.5277777777777778
cap300_rank_ridge,25.0,2023-02-28_2024-01-31,12,-0.023388136040702223,0.06910062416905749,-0.023388136040702223,0.06910062416905749,-0.09248876020975971,0.1268873753671027,-0.12826792724832844,-0.11344128377361995,-0.04084242285001627,0.4166666666666667,-0.5914728752484852,0.15683520453280855,-0.02701798027141944,0.5277777777777778
cap300_rank_ridge,25.0,2023-03-31_2024-02-29,12,-0.02463691618419528,0.07105311702696282,-0.02463691618419528,0.07105311702696282,-0.0956900332111581,0.1269849153937564,-0.13814092346848317,-0.12319824850163075,-0.04084242285001627,0.4166666666666667,-0.6125992569743387,0.15727111190257537,-0.02856028357506346,0.5555555555555556
cap300_rank_ridge,25.0,2023-04-30_2024-03-31,12,-0.06344609282856584,0.04605177038880415,-0.06344609282856584,0.04605177038880415,-0.10949786321736998,0.13912798808840632,-0.4058791810261974,-0.17632764064727113,-0.028914327222309355,0.4166666666666667,-0.6963658044435213,0.2830325093542558,-0.06805029767518955,0.5277777777777778
cap300_rank_ridge,25.0,2023-05-31_2024-04-30,12,-0.05353957175138857,0.05087612226469651,-0.05353957175138857,0.05087612226469651,-0.10441569401608508,0.13743704010025998,-0.33624172703859573,-0.1928397096228327,-0.04720745865673304,0.4166666666666667,-0.6537693938020445,0.22206046791145195,-0.05650368482732149,0.5277777777777778
cap300_rank_ridge,25.0,2023-06-30_2024-05-31,12,-0.026966581850025984,0.06029804021364593,-0.026966581850025984,0.06029804021364593,-0.08726462206367191,0.15325179913465128,-0.10848344803750579,-0.1928397096228328,-0.04720745865673304,0.4166666666666667,-0.48753846476798185,0.3277114655579442,-0.036383871183581995,0.5555555555555556
cap300_rank_ridge,25.0,2023-07-31_2024-06-30,12,0.03889012501277578,0.046802268590376395,0.03889012501277578,0.046802268590376395,-0.007912143577600617,0.18255539485040473,0.2912605115254065,-0.19283970962283292,-0.04720745865673304,0.5,0.023423922711679535,0.5567866674541972,0.02622932280550483,0.5555555555555556
cap300_rank_ridge,25.0,2023-08-31_2024-07-31,12,0.024716076794699227,0.10318514893952901,0.024716076794699227,0.10318514893952901,-0.07846907214482979,0.1786688314498855,0.21698072916859062,-0.1928397096228327,-0.04720745865673315,0.4166666666666667,-0.3742238043624636,0.6286556841891847,-0.025662698803154194,0.5833333333333334
cap300_rank_ridge,25.0,2023-09-30_2024-08-31,12,0.02251450946358058,0.08473288946892565,0.02251450946358058,0.08473288946892565,-0.062218380005345075,0.1784527600769892,0.2049588207249221,-0.1928397096228328,-0.04720745865673315,0.4166666666666667,-0.2845092293368952,0.5640435892141094,-0.012025190781493444,0.6111111111111112
cap300_rank_ridge,25.0,2023-10-31_2024-09-30,12,0.09557860764359472,0.12170948346779942,0.09557860764359472,0.12170948346779942,-0.026130875824204702,0.18777503521654826,0.5725050205625083,-0.1928397096228328,-0.047207458656732815,0.4166666666666667,-0.06487880874210855,0.575509920595282,0.03945375969149745,0.638888888888889
cap300_rank_ridge,25.0,2023-11-30_2024-10-31,12,0.03696789941739409,0.004734660022875703,0.03696789941739409,0.004734660022875703,0.03223323939451839,0.19533029619476117,0.2739785522208106,-0.14587263561126962,-0.07254414974326939,0.5,0.24153363050019394,0.7501655970721232,0.04692491057995718,0.638888888888889
cap300_rank_ridge,25.0,2023-12-31_2024-11-30,12,0.10768707824039869,-0.026522408525777696,0.10768707824039869,-0.026522408525777696,0.1342094867661764,0.1842505085040008,0.6402384121049273,-0.136169306702993,-0.07702368625268241,0.5833333333333334,0.9105103341289374,0.9778483666640937,0.14859318352140027,0.6666666666666666
cap300_rank_ridge,25.0,2024-01-31_2024-12-31,12,0.11002009216552322,-0.013699490369203038,0.11002009216552322,-0.013699490369203038,0.12371958253472626,0.18400239412499625,0.652419757114374,-0.08955800038509665,-0.07702368625268208,0.5833333333333334,0.8310863734529552,0.9539974734707991,0.13628590501006266,0.6666666666666666
cap300_rank_ridge,25.0,2024-02-29_2025-01-31,12,0.15101317314991136,-0.14290566323586873,0.15101317314991136,-0.14290566323586873,0.2939188363857801,0.17437290241487088,0.8893936344923868,-0.07942669024348048,-0.18252959118595857,0.6666666666666666,1.9138087743036731,0.632598182218575,0.27418696089957284,0.638888888888889
cap300_rank_ridge,25.0,2024-03-31_2025-02-28,12,0.1798936423787889,-0.10676537761977256,0.1798936423787889,-0.10676537761977256,0.28665901999856147,0.17241263874904367,1.0434348379578837,-0.06008045386728578,-0.1825295911859588,0.6666666666666666,1.7493811709019178,0.5788633272943409,0.2653241892178624,0.638888888888889
cap300_rank_ridge,25.0,2024-04-30_2025-03-31,12,0.23202729589291837,-0.06461005552580057,0.23202729589291837,-0.06461005552580057,0.29663735141871894,0.1568558018571573,1.4115450233740687,-0.06528824346261652,-0.18252959118595868,0.6666666666666666,1.6860283386983528,0.46742411553437835,0.2759056430810247,0.5833333333333334
cap300_rank_ridge,25.0,2024-05-31_2025-04-30,12,0.3478888675291034,0.02942056800377868,0.3478888675291034,0.02942056800377868,0.31846829952532474,0.15923522639145762,1.9691948568262787,-0.06528824346261652,-0.18252959118595857,0.6666666666666666,1.6543177452625994,0.4807320658189426,0.3350046174979817,0.5833333333333334
cap300_rank_ridge,25.0,2024-06-30_2025-05-31,12,0.22411780416636318,-0.019239253194651806,0.22411780416636318,-0.019239253194651806,0.24335705736101498,0.1510767678468044,1.4170405117130498,-0.06528824346261664,-0.18252959118595835,0.6666666666666666,1.4113711786517449,0.4840212376836547,0.23871746323695908,0.5555555555555555
cap300_rank_ridge,25.0,2024-07-31_2025-06-30,12,0.2713940849785361,0.03150250800801424,0.2713940849785361,0.03150250800801424,0.23989157697052188,0.17986501647661537,1.4266522060775852,-0.06528824346261652,-0.1825295911859589,0.6666666666666666,1.3770033378219968,0.625054300253378,0.25077196794722645,0.5555555555555555
cap300_rank_ridge,25.0,2024-08-31_2025-07-31,12,0.23872389154899198,0.02082724764079913,0.23872389154899198,0.02082724764079913,0.21789664390819286,0.17861828206629754,1.2868062724290512,-0.06528824346261641,-0.1720911800730176,0.6666666666666666,1.23461426008267,0.6043143986928081,0.22749300691210883,0.5555555555555556
cap300_rank_ridge,25.0,2024-09-30_2025-08-31,12,0.17782625848316314,0.07082064647411035,0.17782625848316314,0.07082064647411035,0.10700561200905279,0.1857870068749083,0.9677317130615205,-0.06528824346261652,-0.1720911800730176,0.5833333333333334,0.5465801748603034,0.5701714096513563,0.13868763477404777,0.5555555555555556
cap300_rank_ridge,25.0,2024-10-31_2025-09-30,12,0.15289870404173755,0.07787885846139209,0.15289870404173755,0.07787885846139209,0.07501984558034547,0.18066371424413827,0.8705866836416364,-0.03187917327973855,-0.11858833109117162,0.5833333333333334,0.3919655153138252,0.575818245561085,0.10884738321981602,0.5833333333333334
cap300_rank_ridge,25.0,2024-11-30_2025-10-31,12,0.5209093698764653,0.1960061542824556,0.5209093698764653,0.1960061542824556,0.3249032155940097,0.2950196376315945,1.5665716523765072,-0.03187917327973866,-0.11795970406671652,0.5833333333333334,0.9900132377752232,0.724183469394521,0.3717896459637411,0.5833333333333334
cap300_rank_ridge,25.0,2024-12-31_2025-11-30,12,0.4387160064922002,0.22133541890163522,0.4387160064922002,0.22133541890163522,0.217380587590565,0.3057301202523881,1.333254097386648,-0.04509389734272784,-0.11795970406671652,0.5,0.6767493323507116,0.7187180779526549,0.2828486332375928,0.5833333333333334
cap300_rank_ridge,25.0,2025-01-31_2025-12-31,12,0.5128504203954478,0.17166648362633885,0.5128504203954478,0.17166648362633885,0.34118393676910896,0.302116635794545,1.5181971375353775,-0.04509389734272806,-0.03669877287899381,0.5833333333333334,0.986920532995791,0.6324376549847667,0.4082637938591869,0.5833333333333334
cap300_rank_ridge,25.0,2025-02-28_2026-01-31,12,0.6191043560908627,0.31334945156909844,0.6191043560908627,0.31334945156909844,0.30575490452176424,0.29639631937840377,1.780629738968322,-0.04509389734272795,-0.04758367670999886,0.5833333333333334,0.8830979480057569,0.8477887268578139,0.32927317821983193,0.6111111111111112
cap300_rank_ridge,25.0,2025-03-31_2026-02-28,12,0.5297680200079022,0.08257309459079365,0.5297680200079022,0.08257309459079365,0.4471949254171086,0.3076722255574733,1.5335597325327526,-0.04509389734272795,-0.18488813271044613,0.6666666666666666,1.3087100343559157,0.6634549697416245,0.4896946808240874,0.6111111111111112
cap300_rank_ridge,25.0,2025-04-30_2026-03-31,12,0.5367682480923848,0.028079656548997578,0.5367682480923848,0.028079656548997578,0.5086885915433872,0.3067740975497671,1.5526812871095106,-0.056111789510323584,-0.19546042589812018,0.6666666666666666,1.5881952725036486,0.7528823801551633,0.540779090424238,0.6666666666666666
cap300_rank_ridge,25.0,2025-05-31_2026-04-30,12,0.5178109162694204,-0.14610708694572017,0.5178109162694204,-0.14610708694572017,0.6639180032151406,0.30553214180693855,1.5157064204116846,-0.056111789510323584,-0.29138146686445754,0.6666666666666666,1.9639800289508005,0.5156890276621388,0.681313467820736,0.6111111111111112
cap300_rank_ridge,25.0,2025-06-30_2026-05-31,12,0.7308353636025828,-0.18541351506394133,0.7308353636025828,-0.18541351506394133,0.9162488786665242,0.30974719606089074,1.9408996611239062,-0.056111789510323584,-0.34737666250868915,0.6666666666666666,2.3158883197349605,0.3527016071652579,0.9071551262001321,0.6666666666666666
cap300_rank_ridge,25.0,2025-07-31_2026-06-30,12,0.6033555588109327,-0.1667764227923394,0.6033555588109327,-0.1667764227923394,0.7701319816032721,0.2930220422590584,1.7642438530184816,-0.056111789510323584,-0.34737666250868904,0.5833333333333334,1.8911931619478746,0.1874737621630222,0.7045691158027998,0.6666666666666666
cap300_rank_ridge,25.0,2025-08-31_2026-07-31,11,0.5803682827078298,-0.20361006057922837,0.6475068987031822,-0.2199234939209873,0.8674303926241695,0.30558503044534135,1.7935795930930813,-0.056111789510323695,-0.34737666250868904,0.6363636363636364,2.139775555224823,0.23501324448641653,0.7937323581069609,0.6666666666666666
