model,cost_bps,period,months,strategy_total_return,benchmark_total_return,strategy_cagr,benchmark_cagr,excess_cagr,strategy_volatility,strategy_sharpe_rf0,strategy_max_drawdown,benchmark_max_drawdown,active_hit_rate,information_ratio,beta_to_benchmark,annualized_alpha_rf0,average_monthly_turnover
existing_composite,25.0,2020-01-31_2020-12-31,12,0.378103383319524,-0.013079995771551722,0.378103383319524,-0.013079995771551722,0.3911833790910757,0.6646236812800149,0.7537488757820489,-0.25855263290962316,-0.16758179221927783,0.5,0.8843460782518318,1.5808373576214516,0.5865278053660414,0.49999999999999994
existing_composite,25.0,2020-02-29_2021-01-31,12,0.8085108745240681,0.14471568274700242,0.8085108745240681,0.14471568274700242,0.6637951917770657,0.6518413050518964,1.1934927721993107,-0.05581618482978423,-0.07033476780972703,0.5833333333333334,1.1296610660073687,1.562785482797105,0.6613584583904601,0.44444444444444436
existing_composite,25.0,2020-03-31_2021-02-28,12,1.149053927564819,0.3187076559568369,1.149053927564819,0.3187076559568369,0.8303462716079821,0.5889569839732021,1.5593749952171474,-0.11374939018890162,-0.07033476780972703,0.5833333333333334,1.1632659761175,1.5335976605076829,0.5853564238517095,0.4166666666666666
existing_composite,25.0,2020-04-30_2021-03-31,12,1.227761361374426,0.2712264885896778,1.227761361374426,0.2712264885896778,0.9565348727847482,0.5885322548109092,1.6260230277241827,-0.11374939018890162,-0.07033476780972714,0.5833333333333334,1.305794119128416,1.5277640537215416,0.7405523326507577,0.38888888888888884
existing_composite,25.0,2020-05-31_2021-04-30,12,1.3004365016440098,0.2511461011810818,1.3004365016440098,0.2511461011810818,1.049290400462928,0.5823771409833325,1.696978743523982,-0.11374939018890173,-0.07033476780972703,0.5833333333333334,1.4152521477322062,1.5287826132506042,0.8348820426033867,0.38888888888888884
existing_composite,25.0,2020-06-30_2021-05-31,12,1.2282149583285027,0.22018559574957508,1.2282149583285027,0.22018559574957508,1.0080293625789276,0.5888712096376604,1.6258244722698765,-0.11374939018890162,-0.07033476780972703,0.5833333333333334,1.4018562105814933,1.6390160336115607,0.8082070015889278,0.3611111111111111
existing_composite,25.0,2020-07-31_2021-06-30,12,1.1959649043940024,0.1787337447456181,1.1959649043940024,0.1787337447456181,1.0172311596483843,0.5890302850840573,1.5988117846561762,-0.11374939018890162,-0.07033476780972703,0.5833333333333334,1.44193810786078,1.7097213619404048,0.860899977945156,0.3888888888888889
existing_composite,25.0,2020-08-31_2021-07-31,12,1.0208587296014593,0.17406019021811336,1.0208587296014593,0.17406019021811336,0.8467985393833459,0.6067185640497895,1.4217946162448736,-0.11374939018890173,-0.0471551797914731,0.5833333333333334,1.2558239696289057,1.7278764164289084,0.7319814112913945,0.3611111111111111
existing_composite,25.0,2020-09-30_2021-08-31,12,1.3188412405093497,0.29094300690606567,1.3188412405093497,0.29094300690606567,1.027898233603284,0.5950572102745908,1.6879385775006452,-0.11374939018890162,-0.0471551797914731,0.5833333333333334,1.3463091776418672,1.9219543410627777,0.6198784281831256,0.3333333333333333
existing_composite,25.0,2020-10-31_2021-09-30,12,1.080544019097177,0.285307502281577,1.080544019097177,0.285307502281577,0.7952365168155999,0.6033102451282237,1.4783311079408563,-0.11374939018890162,-0.04715517979147299,0.5,1.1195169240475085,1.7730847257361255,0.5220203661378113,0.3611111111111111
existing_composite,25.0,2020-11-30_2021-10-31,12,1.0603036369057386,0.164192612882329,1.0603036369057386,0.164192612882329,0.8961110240234096,0.6044274597684036,1.459240882203654,-0.11374939018890162,-0.04715517979147299,0.5833333333333334,1.323104662102076,3.081203178690057,0.47171257790998533,0.3888888888888889
existing_composite,25.0,2020-12-31_2021-11-30,12,0.5480504748747779,0.10075285366229347,0.5480504748747779,0.10075285366229347,0.4472976212124844,0.3488718019460581,1.430247377565667,-0.11374939018890162,-0.04715517979147321,0.5833333333333334,1.1999080635839392,1.0983393185401005,0.4654603063837053,0.4166666666666667
existing_composite,25.0,2021-01-31_2021-12-31,12,0.2919616061324337,0.1311417024200292,0.2919616061324337,0.1311417024200292,0.1608199037124045,0.31458369802227293,0.9632026191838893,-0.11374939018890151,-0.04715517979147299,0.5,0.632560656447411,1.771901656624047,0.07927650201260317,0.4444444444444444
existing_composite,25.0,2021-02-28_2022-01-31,12,0.20121567522842154,0.1035559333431273,0.20121567522842154,0.1035559333431273,0.09765974188529425,0.284440416300607,0.7778545726770162,-0.08690212355605131,-0.008710521467504728,0.5,0.45287010795171767,1.3952866389642624,0.08208124913406611,0.44444444444444436
existing_composite,25.0,2021-03-31_2022-02-28,12,0.4550681645823105,0.1814244316261513,0.4550681645823105,0.1814244316261513,0.2736437329561592,0.24893369070621185,1.6411772522008168,-0.08690212355605142,-0.008710521467504728,0.5833333333333334,0.9579762318168482,0.45984161937300655,0.385586528758743,0.44444444444444436
existing_composite,25.0,2021-04-30_2022-03-31,12,0.5804359222071387,0.2056999327796627,0.5804359222071387,0.2056999327796627,0.374735989427476,0.28739456289379106,1.748764195998443,-0.08690212355605131,-0.008710521467504728,0.5833333333333334,1.1128219952274556,1.0362283770924154,0.352260011865819,0.44444444444444436
existing_composite,25.0,2021-05-31_2022-04-30,12,0.655167358752232,0.20202014645819677,0.655167358752232,0.20202014645819677,0.4531472122940352,0.2821559854644208,1.9473471735809988,-0.08690212355605131,-0.011058901373715124,0.6666666666666666,1.2940177586146517,0.6620010954876507,0.5192897185314682,0.44444444444444436
existing_composite,25.0,2021-06-30_2022-05-31,12,0.5863022371381272,0.1547230806668567,0.5863022371381272,0.1547230806668567,0.43157915647127054,0.29871545949014683,1.7066941526036241,-0.08690212355605131,-0.04389760737316839,0.6666666666666666,1.293813658985111,1.396913916430373,0.34990477933589403,0.4166666666666666
existing_composite,25.0,2021-07-31_2022-06-30,12,0.6497236528726933,0.14515293481688385,0.6497236528726933,0.14515293481688385,0.5045707180558094,0.3053131016395462,1.8093820640331995,-0.08690211612617926,-0.04389760737316839,0.6666666666666666,1.4311065127386502,1.3080131164357525,0.4404084300976727,0.4166666666666667
existing_composite,25.0,2021-08-31_2022-07-31,12,1.014287223543843,0.16719366722844042,1.014287223543843,0.16719366722844042,0.8470935563154025,0.2746012102754523,2.74655980373955,-0.08690211612617926,-0.04389760737316839,0.75,2.3705287573758422,1.442997714471081,0.6723403493470486,0.4166666666666666
existing_composite,25.0,2021-09-30_2022-08-31,12,0.7558261288097541,0.11990803732841937,0.7558261288097541,0.11990803732841937,0.6359180914813347,0.2879732459006024,2.127380121417885,-0.08690211612617915,-0.04389760737316817,0.6666666666666666,1.9245782987824929,1.6239629185143503,0.5145445336429866,0.4166666666666666
existing_composite,25.0,2021-10-31_2022-09-30,12,1.1710496057728785,0.07700156092153554,1.1710496057728785,0.07700156092153554,1.094048044851343,0.31959548103969565,2.6438586239422417,-0.08690211612617937,-0.04389760737316828,0.75,2.7716443327491773,2.75172070759997,0.8533392854128146,0.38888888888888884
existing_composite,25.0,2021-11-30_2022-10-31,12,1.1415877395955514,0.0837751064100245,1.1415877395955514,0.0837751064100245,1.0578126331855269,0.3228540042085098,2.5748722721523776,-0.08690211612617926,-0.04389760737316839,0.6666666666666666,2.656664543472713,2.781760248186821,0.7955365792565665,0.3611111111111111
existing_composite,25.0,2021-12-31_2022-11-30,12,0.662192834558599,0.04089310124175727,0.662192834558599,0.04089310124175727,0.6212997333168417,0.34853431899983656,1.6417101440696589,-0.10807883759165826,-0.052330809109684795,0.5833333333333334,1.8105969135298832,3.0745930323774546,0.5388450082646308,0.3055555555555556
existing_composite,25.0,2022-01-31_2022-12-31,12,0.9013302348350272,0.03139589518781816,0.9013302348350272,0.03139589518781816,0.869934339647209,0.35126021349089737,2.033895186140228,-0.10807883759165837,-0.0538908420070876,0.6666666666666666,2.300593903119483,3.0571781466338757,0.8129666891425904,0.2777777777777778
existing_composite,25.0,2022-02-28_2023-01-31,12,0.619762005274807,-0.006523085673795559,0.619762005274807,-0.006523085673795559,0.6262850909486025,0.3756918246002315,1.4750492685071446,-0.10807883759165837,-0.053890842007087936,0.5833333333333334,1.7155620427389286,3.7098349319042976,0.7436704658758857,0.2777777777777778
existing_composite,25.0,2022-03-31_2023-02-28,12,0.43121114759059576,-0.03763942955797195,0.43121114759059576,-0.03763942955797195,0.4688505771485677,0.3863947966232669,1.1107724757009168,-0.1254777060423976,-0.05860315994470999,0.5,1.3759464332385087,4.261983896902032,0.7676114637082103,0.25
existing_composite,25.0,2022-04-30_2023-03-31,12,0.23323888433494688,-0.0433257664262765,0.23323888433494688,-0.0433257664262765,0.2765646507612234,0.35016125689718347,0.7573935513438588,-0.1254777060423975,-0.052003665957635614,0.5,0.989911714485932,3.5125901220303177,0.5015887847361611,0.25
existing_composite,25.0,2022-05-31_2023-04-30,12,0.2554477262601609,-0.07213752035282106,0.2554477262601609,-0.07213752035282106,0.32758524661298194,0.35158885693284614,0.8074898792774143,-0.1254777060423976,-0.07596598010903766,0.5,1.1182993422158327,2.4518863496713137,0.5711674835674274,0.2777777777777778
existing_composite,25.0,2022-06-30_2023-05-31,12,0.36152487141636924,-0.0361282154897381,0.36152487141636924,-0.0361282154897381,0.39765308690610734,0.3331011477199367,1.083920791942947,-0.1254777060423975,-0.07596598010903755,0.5,1.2789227419129865,2.0618661550797865,0.5288905559977537,0.27777777777777773
existing_composite,25.0,2022-07-31_2023-06-30,12,0.2454455524765662,-0.0028433046031512976,0.2454455524765662,-0.0028433046031512976,0.24828885707971748,0.3220774058659208,0.827608433239272,-0.1254777060423976,-0.07596598010903743,0.4166666666666667,0.8747297953048161,1.317652460200763,0.3012300379521624,0.25
existing_composite,25.0,2022-08-31_2023-07-31,12,0.12910454147331651,-0.031389184091800915,0.12910454147331651,-0.031389184091800915,0.16049372556511743,0.30581700384716143,0.5310680844741321,-0.1254777060423976,-0.0655917893195096,0.4166666666666667,0.6445073760318595,0.9560067145983191,0.2079632151458426,0.25
existing_composite,25.0,2022-09-30_2023-08-31,12,0.14665726681888902,-0.014331580574544756,0.14665726681888902,-0.014331580574544756,0.16098884739343378,0.30341419472409575,0.5845528666508928,-0.1254777060423976,-0.06559178931950937,0.4166666666666667,0.6360516325862448,0.8266537202701284,0.20426120313141416,0.22222222222222224
existing_composite,25.0,2022-10-31_2023-09-30,12,-0.13680904156521856,-0.04883569016310929,-0.13680904156521856,-0.04883569016310929,-0.08797335140210927,0.22624691536116576,-0.543436916874458,-0.14421131116699415,-0.06327241269436523,0.3333333333333333,-0.3430175876996487,0.7262655135967895,-0.08506582329305867,0.24999999999999997
existing_composite,25.0,2022-11-30_2023-10-31,12,-0.2120471141151914,-8.074453772832779e-05,-0.2120471141151914,-8.074453772832779e-05,-0.21196636957746307,0.24105510540662606,-0.8690243330945154,-0.22445857565396132,-0.04084242285001627,0.3333333333333333,-0.8234443940967362,-0.0281134554567469,-0.19040737756166803,0.25
existing_composite,25.0,2022-12-31_2023-11-30,12,-0.08499406312595315,0.06162621592425688,-0.08499406312595315,0.06162621592425688,-0.14662027905021002,0.22914210180970387,-0.2819945900017727,-0.2244585756539611,-0.04084242285001627,0.4166666666666667,-0.5032066626423036,-0.2914092568829697,-0.045150196400616016,0.25
existing_composite,25.0,2023-01-31_2023-12-31,12,-0.20142180843849167,0.05389394652891433,-0.20142180843849167,0.05389394652891433,-0.255315754967406,0.17445157912868478,-1.1952432908685677,-0.19052140102982285,-0.04084242285001627,0.3333333333333333,-1.3106203380804051,-0.1526774576985588,-0.18258753621884483,0.3055555555555555
existing_composite,25.0,2023-02-28_2024-01-31,12,-0.1292035067359022,0.06910062416905749,-0.1292035067359022,0.06910062416905749,-0.19830413090495969,0.16230990919320315,-0.7709839437764323,-0.19052140102982296,-0.04084242285001627,0.3333333333333333,-1.0173110364953453,-0.1669502291142266,-0.1076343750791805,0.27777777777777773
existing_composite,25.0,2023-03-31_2024-02-29,12,-0.03856816829886833,0.07105311702696282,-0.03856816829886833,0.07105311702696282,-0.10962128532583115,0.16510877486224246,-0.15994072877576515,-0.19052140102982285,-0.04084242285001627,0.4166666666666667,-0.4932941050847273,-0.3098864843411945,-0.0039393536728912215,0.3055555555555555
existing_composite,25.0,2023-04-30_2024-03-31,12,-0.16609980843414085,0.04605177038880415,-0.16609980843414085,0.04605177038880415,-0.212151578822945,0.19648371999372075,-0.8240446317438423,-0.22243419292879396,-0.028914327222309355,0.3333333333333333,-0.9480554873510416,-0.1720156152795809,-0.1431688098102223,0.27777777777777773
existing_composite,25.0,2023-05-31_2024-04-30,12,-0.2835069487418892,0.05087612226469651,-0.2835069487418892,0.05087612226469651,-0.3343830710065857,0.19475238318873792,-1.595356968152282,-0.29396998148890785,-0.04720745865673304,0.25,-1.96340176806051,0.735475867709076,-0.2988371238892834,0.25
existing_composite,25.0,2023-06-30_2024-05-31,12,-0.2630097782421905,0.06029804021364593,-0.2630097782421905,0.06029804021364593,-0.32330781845583645,0.1993203606208227,-1.4166686181975598,-0.29396998148890774,-0.04720745865673304,0.3333333333333333,-1.8311234826251952,0.7813133514837476,-0.285097453905679,0.3055555555555555
existing_composite,25.0,2023-07-31_2024-06-30,12,-0.22907496958902618,0.046802268590376395,-0.22907496958902618,0.046802268590376395,-0.2758772381794026,0.2138316346992952,-1.102196148525526,-0.29396998148890807,-0.04720745865673304,0.4166666666666667,-1.4360335846369,0.9708667777802543,-0.24918723470829063,0.27777777777777773
existing_composite,25.0,2023-08-31_2024-07-31,12,-0.22756256667063302,0.10318514893952901,-0.22756256667063302,0.10318514893952901,-0.33074771561016203,0.21414786303675512,-1.091309246616189,-0.2771716312272344,-0.04720745865673315,0.3333333333333333,-1.7171968762614147,0.8844580642279608,-0.2805417076632656,0.2777777777777778
existing_composite,25.0,2023-09-30_2024-08-31,12,-0.20833016635823431,0.08473288946892565,-0.20833016635823431,0.08473288946892565,-0.29306305582715997,0.21506045603805177,-0.9735952865113046,-0.20958303505114317,-0.04720745865673315,0.4166666666666667,-1.4650902810132647,0.7679628770607492,-0.2433535995378031,0.3055555555555555
existing_composite,25.0,2023-10-31_2024-09-30,12,-0.11634659612905174,0.12170948346779942,-0.11634659612905174,0.12170948346779942,-0.23805607959685116,0.2043585256989467,-0.5046419848666953,-0.19548635783907986,-0.047207458656732815,0.5,-1.1036347848152983,0.5609564059250426,-0.15747455761099183,0.2777777777777778
existing_composite,25.0,2023-11-30_2024-10-31,12,-0.0676249484924375,0.004734660022875703,-0.0676249484924375,0.004734660022875703,-0.0723596085153132,0.1870116713882508,-0.2842680594898906,-0.19548635783907986,-0.07254414974326939,0.5833333333333334,-0.41712410528210525,1.0137432381138958,-0.06158324048714414,0.27777777777777785
existing_composite,25.0,2023-12-31_2024-11-30,12,-0.1272475759970344,-0.026522408525777696,-0.1272475759970344,-0.026522408525777696,-0.1007251674712567,0.1802168874177048,-0.6651804743933695,-0.19548635783907986,-0.07702368625268241,0.5,-0.6523054291975748,0.9563886891728024,-0.09460127536029017,0.3611111111111111
existing_composite,25.0,2024-01-31_2024-12-31,12,-0.10045235472732372,-0.013699490369203038,-0.10045235472732372,-0.013699490369203038,-0.08675286435812068,0.18219731866309424,-0.49163504781764317,-0.19548635783907986,-0.07702368625268208,0.5833333333333334,-0.5322406143200925,0.9700873712550779,-0.07808936178005532,0.36111111111111116
existing_composite,25.0,2024-02-29_2025-01-31,12,-0.12022677109562308,-0.14290566323586873,-0.12022677109562308,-0.14290566323586873,0.022678892140245654,0.1818472975943208,-0.6141079555789499,-0.19548635783907986,-0.18252959118595857,0.6666666666666666,0.16180680514545323,0.46795194777680116,-0.044401036205292566,0.3611111111111111
existing_composite,25.0,2024-03-31_2025-02-28,12,-0.17023854030267005,-0.10676537761977256,-0.17023854030267005,-0.10676537761977256,-0.06347316268289749,0.17105367446672895,-1.0009091802756989,-0.09199965830488632,-0.1825295911859588,0.5833333333333334,-0.38654758220681124,0.4072661121341358,-0.1230404369708138,0.3611111111111111
existing_composite,25.0,2024-04-30_2025-03-31,12,-0.015114051015474583,-0.06461005552580057,-0.015114051015474583,-0.06461005552580057,0.049496004510325986,0.14374793994971874,-0.03871813319303722,-0.077441011379619,-0.18252959118595868,0.6666666666666666,0.31770731984346556,0.47290632246465936,0.019636751669320773,0.38888888888888884
existing_composite,25.0,2024-05-31_2025-04-30,12,0.051093608693086434,0.02942056800377868,0.051093608693086434,0.02942056800377868,0.021673040689307754,0.11044836386621162,0.5022570935146,-0.07744101137961912,-0.18252959118595857,0.6666666666666666,0.06872855227758894,0.24533617081039283,0.0456201125024247,0.38888888888888884
existing_composite,25.0,2024-06-30_2025-05-31,12,0.05987041808218252,-0.019239253194651806,0.05987041808218252,-0.019239253194651806,0.07910967127683433,0.1119380914988486,0.5715549253536595,-0.07744101137961934,-0.18252959118595835,0.6666666666666666,0.3805741051434222,0.203568018152967,0.06674309044250526,0.3888888888888889
existing_composite,25.0,2024-07-31_2025-06-30,12,0.2463102459701545,0.03150250800801424,0.2463102459701545,0.03150250800801424,0.21480773796214025,0.2642782263132473,0.9480526860899406,-0.077441011379619,-0.1825295911859589,0.6666666666666666,0.837951031047823,0.6565716483902122,0.2414669747467355,0.4166666666666667
existing_composite,25.0,2024-08-31_2025-07-31,12,0.1968365241845893,0.02082724764079913,0.1968365241845893,0.02082724764079913,0.17600927654379017,0.268654070037252,0.7829723681234229,-0.0774410113796189,-0.1720911800730176,0.6666666666666666,0.6883424845841628,0.6288902176170955,0.20305583584905063,0.38888888888888884
existing_composite,25.0,2024-09-30_2025-08-31,12,0.5805461515013224,0.07082064647411035,0.5805461515013224,0.07082064647411035,0.509725505027212,0.4045553206856063,1.3132892519262154,-0.077441011379619,-0.1720911800730176,0.6666666666666666,1.1885727872254144,0.8132272680470789,0.5721933299825508,0.3611111111111111
existing_composite,25.0,2024-10-31_2025-09-30,12,0.5947052541004083,0.07787885846139209,0.5947052541004083,0.07787885846139209,0.5168263956390162,0.40407815915392625,1.337469829346345,-0.035178445452748064,-0.11858833109117162,0.6666666666666666,1.1957818805319045,0.8094057191770516,0.5784215174380729,0.3611111111111111
existing_composite,25.0,2024-11-30_2025-10-31,12,0.8730314724355297,0.1960061542824556,0.8730314724355297,0.1960061542824556,0.6770253181530741,0.39847464628412155,1.7750908689019003,-0.03096053220080197,-0.11795970406671652,0.6666666666666666,1.3606260271383812,0.7668940111823294,0.7238576348737134,0.3333333333333333
existing_composite,25.0,2024-12-31_2025-11-30,12,1.2603828955803498,0.22133541890163522,1.2603828955803498,0.22133541890163522,1.0390474766787146,0.4040725927621213,2.2503104772679956,-0.03096053220080186,-0.11795970406671652,0.75,1.7884619912737783,0.708177828013435,1.0809155735937477,0.2777777777777778
existing_composite,25.0,2025-01-31_2025-12-31,12,0.817325570873433,0.17166648362633885,0.817325570873433,0.17166648362633885,0.6456590872470942,0.4779973796564764,1.4851375973747436,-0.18211689223018068,-0.03669877287899381,0.6666666666666666,1.2232414250888966,1.0417053984905231,0.6739856556258434,0.2777777777777778
existing_composite,25.0,2025-02-28_2026-01-31,12,0.968216888722421,0.31334945156909844,0.968216888722421,0.31334945156909844,0.6548674371533225,0.4707633370536653,1.681369157636049,-0.18211689223018068,-0.04758367670999886,0.6666666666666666,1.1735244955995934,1.5758757723599321,0.40636730568494084,0.3055555555555555
existing_composite,25.0,2025-03-31_2026-02-28,12,0.7105107877066452,0.08257309459079365,0.7105107877066452,0.08257309459079365,0.6279376931158516,0.510302721948883,1.297650360275659,-0.2523723702009667,-0.18488813271044613,0.75,1.3243246314453487,1.433300644566487,0.6611268757681887,0.3333333333333333
existing_composite,25.0,2025-04-30_2026-03-31,12,0.7683372960964354,0.028079656548997578,0.7683372960964354,0.028079656548997578,0.7402576395474378,0.511273437233708,1.3647255423586562,-0.2523723702009667,-0.19546042589812018,0.75,1.5267508851452778,1.4495852749826308,0.8445785959958925,0.3611111111111111
existing_composite,25.0,2025-05-31_2026-04-30,12,0.4956734568080905,-0.14610708694572017,0.4956734568080905,-0.14610708694572017,0.6417805437538107,0.559263186202207,0.980449980210728,-0.3337797009284772,-0.29138146686445754,0.75,1.6376192044725602,1.838453222544547,1.1499054824596993,0.38888888888888884
existing_composite,25.0,2025-06-30_2026-05-31,12,0.38051154845496993,-0.18541351506394133,0.38051154845496993,-0.18541351506394133,0.5659250635189113,0.567662344641949,0.8266315649463507,-0.36842269174322173,-0.34737666250868915,0.75,1.5504972082056676,1.8140114522270325,1.146509975791465,0.3333333333333333
existing_composite,25.0,2025-07-31_2026-06-30,12,0.24632922094369536,-0.1667764227923394,0.24632922094369536,-0.1667764227923394,0.41310564373603476,0.5309429498605165,0.6554831332343745,-0.36842269174322184,-0.34737666250868904,0.75,1.2542527941218902,1.4879624173531814,0.7506545041094699,0.3333333333333333
forecast_rank_ensemble,25.0,2020-01-31_2020-12-31,12,0.8312800410270016,-0.013079995771551722,0.8312800410270016,-0.013079995771551722,0.8443600367985533,0.41881426417136214,1.6649748230915205,-0.14664782514709773,-0.16758179221927783,0.75,2.278442453051039,1.1472441746975466,0.9288511409214519,0.6944444444444445
forecast_rank_ensemble,25.0,2020-02-29_2021-01-31,12,1.1841213762454177,0.14471568274700242,1.1841213762454177,0.14471568274700242,1.0394056934984153,0.39873391050256135,2.2000628386580874,-0.04294456136015168,-0.07033476780972703,0.75,2.4150732514572373,1.084280165158423,0.9694055687613421,0.638888888888889
forecast_rank_ensemble,25.0,2020-03-31_2021-02-28,12,1.2067419375499564,0.3187076559568369,1.2067419375499564,0.3187076559568369,0.8880342815931195,0.3934836616813865,2.2518792108137857,-0.1378098066214034,-0.07033476780972703,0.6666666666666666,1.7861821123785158,1.299699816437317,0.6413117738457097,0.611111111111111
forecast_rank_ensemble,25.0,2020-04-30_2021-03-31,12,1.128578839319084,0.2712264885896778,1.128578839319084,0.2712264885896778,0.8573523507294063,0.3913247546035088,2.163687124215199,-0.1378098066214034,-0.07033476780972714,0.6666666666666666,1.7810486383353343,1.2654352377885882,0.669877619417135,0.5833333333333334
forecast_rank_ensemble,25.0,2020-05-31_2021-04-30,12,0.9643624156450468,0.2511461011810818,0.9643624156450468,0.2511461011810818,0.7132163144639649,0.40291027355823383,1.8992431511464531,-0.1378098066214034,-0.07033476780972703,0.5833333333333334,1.5526865963057304,1.3291549625166519,0.5513928378573694,0.5277777777777778
forecast_rank_ensemble,25.0,2020-06-30_2021-05-31,12,0.9977115175506777,0.22018559574957508,0.9977115175506777,0.22018559574957508,0.7775259218011026,0.3988880615815741,1.959513838183419,-0.1378098066214034,-0.07033476780972703,0.5833333333333334,1.7403708858819267,1.417668554716456,0.5990605218935114,0.5555555555555556
forecast_rank_ensemble,25.0,2020-07-31_2021-06-30,12,1.2192118326106471,0.1787337447456181,1.2192118326106471,0.1787337447456181,1.040478087865029,0.3942867925503352,2.263381230907376,-0.1378098066214034,-0.07033476780972703,0.6666666666666666,2.2976598256864333,1.5707715211095699,0.8179040829150217,0.5277777777777778
forecast_rank_ensemble,25.0,2020-08-31_2021-07-31,12,0.7626950217709414,0.17406019021811336,0.7626950217709414,0.17406019021811336,0.588634831552828,0.4030245957472472,1.6163130177254112,-0.1378098066214034,-0.0471551797914731,0.5833333333333334,1.4817316286486704,1.567691306479399,0.4518382582765559,0.5277777777777778
forecast_rank_ensemble,25.0,2020-09-30_2021-08-31,12,0.7730318854757279,0.29094300690606567,0.7730318854757279,0.29094300690606567,0.4820888785696622,0.4015840271186269,1.6360867399730308,-0.1378098066214034,-0.0471551797914731,0.5,1.1579152278057028,1.7588854949150234,0.20536580141944194,0.5277777777777778
forecast_rank_ensemble,25.0,2020-10-31_2021-09-30,12,0.5321013876702161,0.285307502281577,0.5321013876702161,0.285307502281577,0.2467938853886391,0.43017056710714596,1.1979558910334087,-0.206704299812427,-0.04715517979147299,0.5,0.6647137686377655,1.5682438125853528,0.10972216162096071,0.5277777777777778
forecast_rank_ensemble,25.0,2020-11-30_2021-10-31,12,0.2562736978104392,0.164192612882329,0.2562736978104392,0.164192612882329,0.09208108492811018,0.40861303508837643,0.741570728289613,-0.23290041261419014,-0.04715517979147299,0.4166666666666667,0.38263270602491545,1.4657793529264214,0.07255924392388224,0.5277777777777778
forecast_rank_ensemble,25.0,2020-12-31_2021-11-30,12,0.1329020054262906,0.10075285366229347,0.1329020054262906,0.10075285366229347,0.03214915176399713,0.3495319229671728,0.5160392600174103,-0.23290041261419014,-0.04715517979147321,0.4166666666666667,0.22791246844955693,0.5057321826906799,0.13738178375774512,0.47222222222222215
forecast_rank_ensemble,25.0,2021-01-31_2021-12-31,12,0.007753382207276838,0.1311417024200292,0.007753382207276838,0.1311417024200292,-0.12338832021275237,0.3049688212753399,0.16495276219558802,-0.23290041261419048,-0.04715517979147299,0.4166666666666667,-0.2714881389207229,1.1571128145147707,-0.09334094059354403,0.47222222222222215
forecast_rank_ensemble,25.0,2021-02-28_2022-01-31,12,-0.012902507834586574,0.1035559333431273,-0.012902507834586574,0.1035559333431273,-0.11645844117771387,0.29676646154399766,0.09258782479117152,-0.21942904378687833,-0.008710521467504728,0.4166666666666667,-0.2598778305633985,0.9853115487726367,-0.07048954761963555,0.5
forecast_rank_ensemble,25.0,2021-03-31_2022-02-28,12,0.15977350416916325,0.1814244316261513,0.15977350416916325,0.1814244316261513,-0.021650927456988045,0.2543925486682291,0.7008953471708482,-0.21942904378687844,-0.008710521467504728,0.4166666666666667,0.03267248800106484,-0.5578054522063004,0.3097045373121112,0.5555555555555556
forecast_rank_ensemble,25.0,2021-04-30_2022-03-31,12,0.07988827312472746,0.2056999327796627,0.07988827312472746,0.2056999327796627,-0.12581165965493524,0.24682885941841123,0.42315524171235874,-0.21942904378687833,-0.008710521467504728,0.3333333333333333,-0.3310946745333319,-0.3585655842534396,0.18694015998947444,0.5555555555555556
forecast_rank_ensemble,25.0,2021-05-31_2022-04-30,12,0.1327452128553821,0.20202014645819677,0.1327452128553821,0.20202014645819677,-0.06927493360281467,0.24424832673294417,0.6229457909686372,-0.21942904378687833,-0.011058901373715124,0.4166666666666667,-0.13353099091985837,-0.6907963739541848,0.3206586014106534,0.638888888888889
forecast_rank_ensemble,25.0,2021-06-30_2022-05-31,12,0.06513678692218794,0.1547230806668567,0.06513678692218794,0.1547230806668567,-0.08958629374466875,0.25875313236870934,0.3613884900209492,-0.21942904378687822,-0.04389760737316839,0.4166666666666667,-0.20452851073277142,0.2803477277257813,0.05343381035859762,0.6666666666666666
forecast_rank_ensemble,25.0,2021-07-31_2022-06-30,12,0.04489828232415216,0.14515293481688385,0.04489828232415216,0.14515293481688385,-0.10025465249273169,0.25038413503905566,0.28922949946384463,-0.16119393602069665,-0.04389760737316839,0.4166666666666667,-0.2575108216804953,0.14609379349078785,0.05336467644992915,0.7222222222222222
forecast_rank_ensemble,25.0,2021-08-31_2022-07-31,12,0.13560543403033942,0.16719366722844042,0.13560543403033942,0.16719366722844042,-0.031588233198101,0.23646946714517633,0.6478687313609455,-0.12866512281865916,-0.04389760737316839,0.4166666666666667,-0.021817108778845577,0.15351184120086497,0.13674934815543294,0.6944444444444445
forecast_rank_ensemble,25.0,2021-09-30_2022-08-31,12,0.08024245840829658,0.11990803732841937,0.08024245840829658,0.11990803732841937,-0.03966557892012279,0.25149630551600954,0.4225479265972073,-0.0842640914184899,-0.04389760737316817,0.4166666666666667,-0.04400188018893049,0.6405741931096287,0.031675551220023745,0.7222222222222222
forecast_rank_ensemble,25.0,2021-10-31_2022-09-30,12,0.2709420332459722,0.07700156092153554,0.2709420332459722,0.07700156092153554,0.19394047232443667,0.22616970726166938,1.1732004869659212,-0.08426409141848978,-0.04389760737316828,0.5,0.9763983255073851,1.737308562543504,0.13983159526094746,0.7222222222222222
forecast_rank_ensemble,25.0,2021-11-30_2022-10-31,12,0.23234489341712883,0.0837751064100245,0.23234489341712883,0.0837751064100245,0.14856978700710433,0.23568538891372426,1.0012344350747786,-0.08973809165076718,-0.04389760737316839,0.5,0.7490484063493381,1.7769080589938635,0.09175041116657656,0.75
forecast_rank_ensemble,25.0,2021-12-31_2022-11-30,12,0.0019141676027669696,0.04089310124175727,0.0019141676027669696,0.04089310124175727,-0.0389789336389903,0.22569725665204848,0.11249905925122708,-0.1665392241440682,-0.052330809109684795,0.4166666666666667,-0.10178967373450121,1.9067616266107292,-0.055812543118131996,0.7777777777777777
forecast_rank_ensemble,25.0,2022-01-31_2022-12-31,12,0.08143881166787814,0.03139589518781816,0.08143881166787814,0.03139589518781816,0.050042916480059985,0.25701305890723253,0.4222440725456754,-0.16653922414406774,-0.0538908420070876,0.4166666666666667,0.33929237891625236,1.7827249460882744,0.04865791266201147,0.7777777777777777
forecast_rank_ensemble,25.0,2022-02-28_2023-01-31,12,-0.09915285018336895,-0.006523085673795559,-0.09915285018336895,-0.006523085673795559,-0.09262976450957339,0.25826228976037735,-0.28518629549011315,-0.16653922414406797,-0.053890842007087936,0.3333333333333333,-0.29879203550286143,1.62687846723365,-0.06508789791630032,0.75
forecast_rank_ensemble,25.0,2022-03-31_2023-02-28,12,-0.15100413038757932,-0.03763942955797195,-0.15100413038757932,-0.03763942955797195,-0.11336470082960737,0.2601202313823442,-0.507305361763398,-0.18254436993743117,-0.05860315994470999,0.3333333333333333,-0.40681008718776956,1.8170104312825825,-0.06425950011553894,0.6944444444444445
forecast_rank_ensemble,25.0,2022-04-30_2023-03-31,12,-0.17616583284406917,-0.0433257664262765,-0.17616583284406917,-0.0433257664262765,-0.13284006641779267,0.2606390164074113,-0.6198204547890389,-0.20805624839679482,-0.052003665957635614,0.3333333333333333,-0.5006654692006507,1.780162279673673,-0.08306193580955523,0.6666666666666666
forecast_rank_ensemble,25.0,2022-05-31_2023-04-30,12,-0.2377740598694129,-0.07213752035282106,-0.2377740598694129,-0.07213752035282106,-0.16563653951659185,0.26038589425296294,-0.9140456728961321,-0.250888585496833,-0.07596598010903766,0.25,-0.7106129534622754,1.6561065227295304,-0.11251334242885636,0.6388888888888888
forecast_rank_ensemble,25.0,2022-06-30_2023-05-31,12,-0.16272882389113952,-0.0361282154897381,-0.16272882389113952,-0.0361282154897381,-0.12660060840140142,0.2547676782506149,-0.5771629791892445,-0.2508885854968329,-0.07596598010903755,0.3333333333333333,-0.4842211154012473,1.6085310292326085,-0.0878373538571503,0.611111111111111
forecast_rank_ensemble,25.0,2022-07-31_2023-06-30,12,-0.2155746024167935,-0.0028433046031512976,-0.2155746024167935,-0.0028433046031512976,-0.2127312978136422,0.2333509763472498,-0.9246757908617093,-0.250888585496833,-0.07596598010903743,0.25,-1.0317688441392387,1.285307776062987,-0.19593017714154826,0.6111111111111112
forecast_rank_ensemble,25.0,2022-08-31_2023-07-31,12,-0.16351021432939028,-0.031389184091800915,-0.16351021432939028,-0.031389184091800915,-0.13212103023758937,0.2515061792992839,-0.5910295844282202,-0.22838045296079046,-0.0655917893195096,0.3333333333333333,-0.5209412423651409,1.475777975237974,-0.10044680476018031,0.6666666666666666
forecast_rank_ensemble,25.0,2022-09-30_2023-08-31,12,-0.008454471857513246,-0.014331580574544756,-0.008454471857513246,-0.014331580574544756,0.0058771087170315095,0.2558300033337569,0.08246722220019063,-0.22838045296079046,-0.06559178931950937,0.4166666666666667,0.1383220362217259,1.276699062142977,0.03708262363355774,0.638888888888889
forecast_rank_ensemble,25.0,2022-10-31_2023-09-30,12,-0.12496158330378726,-0.04883569016310929,-0.12496158330378726,-0.04883569016310929,-0.07612589314067797,0.2551325942810387,-0.4055624417547017,-0.20494833194001794,-0.06327241269436523,0.3333333333333333,-0.23769179140383076,1.3133369693712493,-0.04053491836963952,0.638888888888889
forecast_rank_ensemble,25.0,2022-11-30_2023-10-31,12,-0.0757286879554685,-8.074453772832779e-05,-0.0757286879554685,-8.074453772832779e-05,-0.07564794341774017,0.2483692151336776,-0.20420678638179854,-0.20494833194001782,-0.04084242285001627,0.3333333333333333,-0.23122325035623947,0.8585859017241396,-0.052664178792826144,0.638888888888889
forecast_rank_ensemble,25.0,2022-12-31_2023-11-30,12,0.0022324233357964296,0.06162621592425688,0.0022324233357964296,0.06162621592425688,-0.05939379258846045,0.23269497345912996,0.11394028648338306,-0.20494833194001771,-0.04084242285001627,0.3333333333333333,-0.15903121037584494,0.503624690102598,-0.005453066493145808,0.6666666666666666
forecast_rank_ensemble,25.0,2023-01-31_2023-12-31,12,-0.1480979621215749,0.05389394652891433,-0.1480979621215749,0.05389394652891433,-0.20199190865048922,0.18825926138342322,-0.7598818354893919,-0.12511109907029183,-0.04084242285001627,0.25,-1.1045673175801438,0.6819781948318715,-0.16705394950482688,0.6666666666666666
forecast_rank_ensemble,25.0,2023-02-28_2024-01-31,12,-0.06450868213689875,0.06910062416905749,-0.06450868213689875,0.06910062416905749,-0.13360930630595624,0.16720762139972678,-0.3222816828784367,-0.11783390079595824,-0.04084242285001627,0.25,-0.7743706230966373,0.6300925286927614,-0.09409390256153416,0.6944444444444445
forecast_rank_ensemble,25.0,2023-03-31_2024-02-29,12,-0.02915897874568485,0.07105311702696282,-0.02915897874568485,0.07105311702696282,-0.10021209577264767,0.16139505678234928,-0.11036331492447808,-0.12596383445656922,-0.04084242285001627,0.25,-0.5727915619056041,0.5750923525928717,-0.05789995728133168,0.6944444444444445
forecast_rank_ensemble,25.0,2023-04-30_2024-03-31,12,-0.00703772777884637,0.04605177038880415,-0.00703772777884637,0.04605177038880415,-0.05308949816765052,0.15844253641439968,0.02690217621325946,-0.1339475798264117,-0.028914327222309355,0.25,-0.29367096110077173,0.6337964825413176,-0.026318691284714202,0.75
forecast_rank_ensemble,25.0,2023-05-31_2024-04-30,12,0.007226960914631597,0.05087612226469651,0.007226960914631597,0.05087612226469651,-0.04364916135006491,0.15386562354050726,0.11601854235627433,-0.16901946254693512,-0.04720745865673304,0.25,-0.23372701700643772,0.5540789033202044,-0.011555116460855941,0.7222222222222222
forecast_rank_ensemble,25.0,2023-06-30_2024-05-31,12,0.01570132530948043,0.06029804021364593,0.01570132530948043,0.06029804021364593,-0.0445967149041655,0.15490819481251691,0.17035768465228404,-0.16901946254693523,-0.04720745865673304,0.25,-0.23687902649218806,0.5753589728829878,-0.009350468718326344,0.7499999999999999
forecast_rank_ensemble,25.0,2023-07-31_2024-06-30,12,-0.0043197128514742555,0.046802268590376395,-0.0043197128514742555,0.046802268590376395,-0.05112198144185065,0.15365516853367503,0.04086768502117602,-0.16901946254693534,-0.04720745865673304,0.25,-0.2804496546395395,0.5340442479840625,-0.01967956122420822,0.7499999999999999
forecast_rank_ensemble,25.0,2023-08-31_2024-07-31,12,-0.08801126503857981,0.10318514893952901,-0.08801126503857981,0.10318514893952901,-0.19119641397810883,0.12809510101701863,-0.658666613779455,-0.16901946254693512,-0.04720745865673315,0.16666666666666666,-1.3528577438157325,0.3564748222836492,-0.11458231761341409,0.7222222222222222
forecast_rank_ensemble,25.0,2023-09-30_2024-08-31,12,-0.08237185569862182,0.08473288946892565,-0.08237185569862182,0.08473288946892565,-0.16710474516754747,0.13344749760468674,-0.5819497880442129,-0.1118149826141327,-0.04720745865673315,0.16666666666666666,-1.0371440721243768,0.15185387455326488,-0.08708011589975417,0.75
forecast_rank_ensemble,25.0,2023-10-31_2024-09-30,12,-0.02273742274088919,0.12170948346779942,-0.02273742274088919,0.12170948346779942,-0.1444469062086886,0.11755681284422671,-0.14340091993120987,-0.10317457045309741,-0.047207458656732815,0.16666666666666666,-0.874028549561059,-0.08786009010318031,-0.006344390966838587,0.7777777777777778
forecast_rank_ensemble,25.0,2023-11-30_2024-10-31,12,-0.1332699009654279,0.004734660022875703,-0.1332699009654279,0.004734660022875703,-0.1380045609883036,0.16845809559265787,-0.7650106382025278,-0.1270364573768984,-0.07254414974326939,0.16666666666666666,-0.8860004311250086,0.6620318057958426,-0.12744144234736787,0.7777777777777777
forecast_rank_ensemble,25.0,2023-12-31_2024-11-30,12,-0.11640107343738082,-0.026522408525777696,-0.11640107343738082,-0.026522408525777696,-0.08987866491160312,0.17000958939912852,-0.6443671921066856,-0.12481454491570432,-0.07702368625268241,0.25,-0.5580348401170786,0.6941412204934113,-0.0903972207931949,0.7499999999999999
forecast_rank_ensemble,25.0,2024-01-31_2024-12-31,12,-0.144603389334913,-0.013699490369203038,-0.144603389334913,-0.013699490369203038,-0.13090389896570997,0.17846053679917234,-0.7857132483292913,-0.1759404173982113,-0.07702368625268208,0.25,-0.77456908254994,0.6416598360479893,-0.12657120518408227,0.7499999999999999
forecast_rank_ensemble,25.0,2024-02-29_2025-01-31,12,-0.25131993423442456,-0.14290566323586873,-0.25131993423442456,-0.14290566323586873,-0.10841427099855583,0.2115195824321771,-1.2514926584008281,-0.2802529245971698,-0.18252959118595857,0.25,-0.7251699897369593,0.8342994113164929,-0.13699535709293031,0.75
forecast_rank_ensemble,25.0,2024-03-31_2025-02-28,12,-0.16039226515480365,-0.10676537761977256,-0.16039226515480365,-0.10676537761977256,-0.05362688753503109,0.25018428442263885,-0.5771099663934347,-0.2802529245971698,-0.1825295911859588,0.3333333333333333,-0.23618540675318686,1.0088610328700174,-0.04286981063235906,0.8055555555555555
forecast_rank_ensemble,25.0,2024-04-30_2025-03-31,12,-0.08994250165868767,-0.06461005552580057,-0.08994250165868767,-0.06461005552580057,-0.0253324461328871,0.2646324203487941,-0.23142417024051912,-0.28025292459716966,-0.18252959118595868,0.4166666666666667,-0.04314698598231711,1.0722095492962775,-0.00448800343154554,0.8055555555555555
forecast_rank_ensemble,25.0,2024-05-31_2025-04-30,12,0.013139560760380586,0.02942056800377868,0.013139560760380586,0.02942056800377868,-0.016281007243398093,0.27101611153158234,0.17504675879918896,-0.2802529245971698,-0.18252959118595857,0.5,0.01813752477026404,1.0781286283304348,6.636959973804757e-05,0.8333333333333331
forecast_rank_ensemble,25.0,2024-06-30_2025-05-31,12,-0.05247673855170698,-0.019239253194651806,-0.05247673855170698,-0.019239253194651806,-0.033237485357055174,0.2739190912210927,-0.06877889703778617,-0.2802529245971698,-0.18252959118595835,0.4166666666666667,-0.07719107974086341,1.0804359243297301,-0.01446706173536505,0.8055555555555554
forecast_rank_ensemble,25.0,2024-07-31_2025-06-30,12,0.2917582729554047,0.03150250800801424,0.2917582729554047,0.03150250800801424,0.26025576494739044,0.4564949798705043,0.7546694181640441,-0.28025292459716966,-0.1825295911859589,0.5,0.8674562879935326,1.6970653675327096,0.2946371462977415,0.8333333333333331
forecast_rank_ensemble,25.0,2024-08-31_2025-07-31,12,0.22016910469558382,0.02082724764079913,0.22016910469558382,0.02082724764079913,0.1993418570547847,0.46504549066613454,0.6230728974527232,-0.2802529245971698,-0.1720911800730176,0.5,0.7063184776550616,1.6934308745813507,0.24970436198801615,0.8333333333333331
forecast_rank_ensemble,25.0,2024-09-30_2025-08-31,12,0.19427349668759897,0.07082064647411035,0.19427349668759897,0.07082064647411035,0.12345285021348862,0.4619125713295456,0.5771171337649761,-0.27764953570321693,-0.1720911800730176,0.5,0.5249915111513134,1.7724874499608276,0.1197035377699549,0.8333333333333331
forecast_rank_ensemble,25.0,2024-10-31_2025-09-30,12,0.2579010823277801,0.07787885846139209,0.2579010823277801,0.07787885846139209,0.180022223866388,0.46172596269750527,0.6923216424423941,-0.18750491107331202,-0.11858833109117162,0.5833333333333334,0.6612591969551954,1.7738937581578793,0.16626711191078924,0.8333333333333334
forecast_rank_ensemble,25.0,2024-11-30_2025-10-31,12,0.5345486040734575,0.1960061542824556,0.5345486040734575,0.1960061542824556,0.3385424497910019,0.43359917078127735,1.1827438897172438,-0.1875049110733119,-0.11795970406671652,0.6666666666666666,0.9557461749007755,1.6909030053210536,0.19753208069909056,0.8333333333333334
forecast_rank_ensemble,25.0,2024-12-31_2025-11-30,12,0.9885130609870825,0.22133541890163522,0.9885130609870825,0.22133541890163522,0.7671776420854473,0.5076493369461903,1.6000615662607356,-0.12658369540417758,-0.11795970406671652,0.6666666666666666,1.3963809618611032,1.6782514017409838,0.5527047431511505,0.8333333333333331
forecast_rank_ensemble,25.0,2025-01-31_2025-12-31,12,1.1004378685638199,0.17166648362633885,1.1004378685638199,0.17166648362633885,0.928771384937481,0.4947204910465246,1.7477139798977812,-0.06691414371660676,-0.03669877287899381,0.75,1.693310208907582,1.6300112535798057,0.7578387993617031,0.8333333333333331
forecast_rank_ensemble,25.0,2025-02-28_2026-01-31,12,1.2742396416475068,0.31334945156909844,1.2742396416475068,0.31334945156909844,0.9608901900784084,0.4676002539287297,2.0036370291518173,-0.07075866076345849,-0.04758367670999886,0.75,1.5796942647053804,2.0074389131390227,0.43860191852536135,0.8333333333333331
forecast_rank_ensemble,25.0,2025-03-31_2026-02-28,12,0.7586014960002481,0.08257309459079365,0.7586014960002481,0.08257309459079365,0.6760284014094544,0.5137651115021411,1.3332514339871182,-0.20160292933860202,-0.18488813271044613,0.75,1.403535812391127,1.5497016495347427,0.6788949871453276,0.8055555555555554
forecast_rank_ensemble,25.0,2025-04-30_2026-03-31,12,0.7985517414413734,0.028079656548997578,0.7985517414413734,0.028079656548997578,0.7704720848923758,0.5152192375236384,1.3768436791323535,-0.20160292933860202,-0.19546042589812018,0.75,1.571789467141432,1.5454852769266751,0.8569269607708458,0.7777777777777777
forecast_rank_ensemble,25.0,2025-05-31_2026-04-30,12,0.3058991273027767,-0.14610708694572017,0.3058991273027767,-0.14610708694572017,0.45200621424849685,0.5875972895119748,0.7092998197340776,-0.31983321429472156,-0.29138146686445754,0.6666666666666666,1.2218590923344201,1.8712493644019423,0.9068618453567419,0.7777777777777777
forecast_rank_ensemble,25.0,2025-06-30_2026-05-31,12,0.16051344268893697,-0.18541351506394133,0.16051344268893697,-0.18541351506394133,0.3459269577528783,0.6121028702686442,0.5068223000976869,-0.42147934227693806,-0.34737666250868915,0.6666666666666666,1.0546110296290887,1.9288086371275452,0.8830369936509919,0.8055555555555555
forecast_rank_ensemble,25.0,2025-07-31_2026-06-30,12,-0.0022583485225993183,-0.1667764227923394,-0.0022583485225993183,-0.1667764227923394,0.16451807426974008,0.5199773049839085,0.22883795407394258,-0.42147934227693795,-0.34737666250868904,0.6666666666666666,0.7100489740934411,1.504186846373202,0.4074370989515703,0.8055555555555555
stack_ridge_raw,25.0,2020-01-31_2020-12-31,12,0.0631512909216152,-0.013079995771551722,0.0631512909216152,-0.013079995771551722,0.07623128669316692,0.4061515912630701,0.3465827758480665,-0.2740233829893646,-0.16758179221927783,0.5833333333333334,0.5583472539233524,1.3764524865484589,0.12045738051712651,0.6666666666666666
stack_ridge_raw,25.0,2020-02-29_2021-01-31,12,0.37940957654640917,0.14471568274700242,0.37940957654640917,0.14471568274700242,0.23469389379940675,0.3536110118924778,1.0918607279325387,-0.07678168883842773,-0.07033476780972703,0.6666666666666666,1.1788362047275216,1.2292135162874653,0.19801054687869568,0.611111111111111
stack_ridge_raw,25.0,2020-03-31_2021-02-28,12,0.6053327515358022,0.3187076559568369,0.6053327515358022,0.3187076559568369,0.2866250955789653,0.2693560997700152,1.911540345743962,-0.08485470254952054,-0.07033476780972703,0.6666666666666666,1.1963702004028562,1.1844999934085119,0.18199666966585526,0.611111111111111
stack_ridge_raw,25.0,2020-04-30_2021-03-31,12,0.6993974299120518,0.2712264885896778,0.6993974299120518,0.2712264885896778,0.428170941322374,0.2560715344731428,2.2304377872494947,-0.08485470254952066,-0.07033476780972714,0.75,2.0652551095374148,1.253774512309888,0.2823446055266714,0.638888888888889
stack_ridge_raw,25.0,2020-05-31_2021-04-30,12,0.7776488046532772,0.2511461011810818,0.7776488046532772,0.2511461011810818,0.5265027034721954,0.24332953950794042,2.529170636159882,-0.08485470254952066,-0.07033476780972703,0.8333333333333334,2.845737668915009,1.2274840792857271,0.37377942761076377,0.6111111111111112
stack_ridge_raw,25.0,2020-06-30_2021-05-31,12,0.8440783767630324,0.22018559574957508,0.8440783767630324,0.22018559574957508,0.6238927810134574,0.24214269335880262,2.70003343021667,-0.08485470254952066,-0.07033476780972703,0.9166666666666666,3.4286992110157786,1.235295394094168,0.4676366904400622,0.6111111111111112
stack_ridge_raw,25.0,2020-07-31_2021-06-30,12,0.4691079349503846,0.1787337447456181,0.4691079349503846,0.1787337447456181,0.2903741902047665,0.25665205570260674,1.6385200105919226,-0.08923680044200577,-0.07033476780972703,0.8333333333333334,1.4156370423598745,1.1652365411896237,0.23521291882277207,0.5833333333333334
stack_ridge_raw,25.0,2020-08-31_2021-07-31,12,0.40766679767128644,0.17406019021811336,0.40766679767128644,0.17406019021811336,0.23360660745317308,0.2564377312051011,1.4675969170302723,-0.08923680044200555,-0.0471551797914731,0.75,1.1822869750823872,1.1642608558798182,0.18833627998434155,0.5555555555555556
stack_ridge_raw,25.0,2020-09-30_2021-08-31,12,0.6853516379134756,0.29094300690606567,0.6853516379134756,0.29094300690606567,0.39440863100740997,0.28283718800875896,2.0119556718489107,-0.08923680044200566,-0.0471551797914731,0.75,1.4110622560408097,1.4012223340466012,0.21412306446741303,0.5277777777777778
stack_ridge_raw,25.0,2020-10-31_2021-09-30,12,0.5555386859450344,0.285307502281577,0.5555386859450344,0.285307502281577,0.27023118366345744,0.27461481197838566,1.7605274926980632,-0.08923680044200555,-0.04715517979147299,0.6666666666666666,1.025152534480799,1.2721678359010509,0.16104569876885466,0.5555555555555555
stack_ridge_raw,25.0,2020-11-30_2021-10-31,12,0.2519281638252324,0.164192612882329,0.2519281638252324,0.164192612882329,0.08773555094290342,0.2592450884342056,0.9910171485106617,-0.08923680044200577,-0.04715517979147299,0.5833333333333334,0.44302344308645425,1.204113172024772,0.06772069430161065,0.5555555555555556
stack_ridge_raw,25.0,2020-12-31_2021-11-30,12,0.12279631162752436,0.10075285366229347,0.12279631162752436,0.10075285366229347,0.022043457965230884,0.2534459699340657,0.5721746919898154,-0.09107257504170818,-0.04715517979147321,0.5,0.19677433730841834,1.2045951463483902,0.02391586994540318,0.5833333333333334
stack_ridge_raw,25.0,2021-01-31_2021-12-31,12,0.11673257636975776,0.1311417024200292,0.11673257636975776,0.1311417024200292,-0.014409126050271448,0.2527357365093017,0.5514761874437999,-0.09107257504170818,-0.04715517979147299,0.5,0.05310139139661321,1.4402640807837679,-0.043803379922773944,0.6111111111111112
stack_ridge_raw,25.0,2021-02-28_2022-01-31,12,0.1428091847540225,0.1035559333431273,0.1428091847540225,0.1035559333431273,0.039253251410895196,0.2601629014212162,0.6317735264627031,-0.09107257504170807,-0.008710521467504728,0.5,0.27818711872060853,1.8508528023479083,-0.023876271871995924,0.638888888888889
stack_ridge_raw,25.0,2021-03-31_2022-02-28,12,0.3703323095002715,0.1814244316261513,0.3703323095002715,0.1814244316261513,0.18890787787412022,0.24840325553691253,1.3951560598770174,-0.09107257504170807,-0.008710521467504728,0.5833333333333334,0.7811304857910764,1.925303607005713,0.020386622852441416,0.6666666666666666
stack_ridge_raw,25.0,2021-04-30_2022-03-31,12,0.3122105350668971,0.2056999327796627,0.3122105350668971,0.2056999327796627,0.10651060228723441,0.25441143429140745,1.1927371384563354,-0.09107257504170807,-0.008710521467504728,0.5,0.4815012716069365,1.8336469250886445,-0.04419900236597318,0.6944444444444443
stack_ridge_raw,25.0,2021-05-31_2022-04-30,12,0.35200836282302816,0.20202014645819677,0.35200836282302816,0.20202014645819677,0.1499882163648314,0.2536763915526624,1.3164313056809083,-0.09107257504170818,-0.011058901373715124,0.5,0.6159911205724394,1.5251192011396288,0.04974729534855071,0.7222222222222222
stack_ridge_raw,25.0,2021-06-30_2022-05-31,12,0.20092949844579966,0.1547230806668567,0.20092949844579966,0.1547230806668567,0.046206417778942965,0.26233096285632546,0.8192674080557232,-0.09107257504170807,-0.04389760737316839,0.4166666666666667,0.2873599456356078,1.6398283029367788,-0.026573114180627244,0.75
stack_ridge_raw,25.0,2021-07-31_2022-06-30,12,0.3304231076779083,0.14515293481688385,0.3304231076779083,0.14515293481688385,0.18527017286102443,0.23699832117217454,1.3226434607929825,-0.09107257504170807,-0.04389760737316839,0.5,0.8526222926509306,1.6831235443169883,0.08235908019799498,0.75
stack_ridge_raw,25.0,2021-08-31_2022-07-31,12,0.3716913664072894,0.16719366722844042,0.3716913664072894,0.16719366722844042,0.20449769917884897,0.23707375186783497,1.4546665073053386,-0.09107257504170818,-0.04389760737316839,0.5833333333333334,0.9136401439578775,1.6241135670969884,0.0909192838560493,0.7222222222222222
stack_ridge_raw,25.0,2021-09-30_2022-08-31,12,-0.024460162027323706,0.11990803732841937,-0.024460162027323706,0.11990803732841937,-0.14436819935574308,0.2578500231083454,0.027438470552527128,-0.1683811435361805,-0.04389760737316817,0.5,-0.5238826299414701,2.0079149734339277,-0.20574667623574383,0.7222222222222222
stack_ridge_raw,25.0,2021-10-31_2022-09-30,12,-0.06042860786735593,0.07700156092153554,-0.06042860786735593,0.07700156092153554,-0.13743016878889147,0.2566176329433719,-0.11978673356280349,-0.1785339212856989,-0.04389760737316828,0.5,-0.5130583602584863,2.4323702913008955,-0.19747972578277995,0.7222222222222222
stack_ridge_raw,25.0,2021-11-30_2022-10-31,12,0.006306344835787625,0.0837751064100245,0.006306344835787625,0.0837751064100245,-0.07746876157423688,0.2471771631167638,0.14407564141452084,-0.178533921285699,-0.04389760737316839,0.5833333333333334,-0.23401656047586486,2.303277896104263,-0.14537077715395896,0.7222222222222222
stack_ridge_raw,25.0,2021-12-31_2022-11-30,12,-0.06028226043030793,0.04089310124175727,-0.06028226043030793,0.04089310124175727,-0.1011753616720652,0.26354304694854713,-0.10916917542693698,-0.25323065386623944,-0.052330809109684795,0.5833333333333334,-0.3454219732827062,2.339721046403921,-0.12273077352545625,0.6944444444444443
stack_ridge_raw,25.0,2022-01-31_2022-12-31,12,-0.025022807140773318,0.03139589518781816,-0.025022807140773318,0.03139589518781816,-0.056418702328591475,0.27281532309349293,0.037336810893821966,-0.25323065386623966,-0.0538908420070876,0.5833333333333334,-0.1074925381160962,2.252683568253242,-0.06478253964879732,0.6666666666666666
stack_ridge_raw,25.0,2022-02-28_2023-01-31,12,-0.15178613348475767,-0.006523085673795559,-0.15178613348475767,-0.006523085673795559,-0.1452630478109621,0.2558196859957014,-0.5167140635998315,-0.25323065386623966,-0.053890842007087936,0.5,-0.5887135395459194,2.1419059958440503,-0.11681265798511009,0.6666666666666666
stack_ridge_raw,25.0,2022-03-31_2023-02-28,12,-0.26838575651817187,-0.03763942955797195,-0.26838575651817187,-0.03763942955797195,-0.23074632696019992,0.22920643884614292,-1.2348331185163426,-0.2746571023855935,-0.05860315994470999,0.4166666666666667,-1.2281705820208648,1.807795238069628,-0.1971890883081956,0.638888888888889
stack_ridge_raw,25.0,2022-04-30_2023-03-31,12,-0.32534697735471296,-0.0433257664262765,-0.32534697735471296,-0.0433257664262765,-0.28202121092843646,0.24243701264488754,-1.4800483899243102,-0.34891429014480657,-0.052003665957635614,0.4166666666666667,-1.422047358387955,1.5599617327463633,-0.2566608253350755,0.6111111111111112
stack_ridge_raw,25.0,2022-05-31_2023-04-30,12,-0.42692388315031293,-0.07213752035282106,-0.42692388315031293,-0.07213752035282106,-0.35478636279749187,0.24620342380139837,-2.0910760514235336,-0.4267868093607894,-0.07596598010903766,0.3333333333333333,-2.082418841183287,1.8456527393157842,-0.3216958896472034,0.6111111111111112
stack_ridge_raw,25.0,2022-06-30_2023-05-31,12,-0.4034007910346845,-0.0361282154897381,-0.4034007910346845,-0.0361282154897381,-0.3672725755449464,0.24738142963569965,-1.9241259605825367,-0.43538722511937133,-0.07596598010903755,0.3333333333333333,-2.0751144597344386,2.1250184720962224,-0.336112480745243,0.5833333333333334
stack_ridge_raw,25.0,2022-07-31_2023-06-30,12,-0.3365518658811334,-0.0028433046031512976,-0.3365518658811334,-0.0028433046031512976,-0.3337085612779821,0.29490467315034774,-1.2293712024416255,-0.4353872251193711,-0.07596598010903743,0.3333333333333333,-1.4943644367687936,2.573567966671545,-0.308442754405184,0.6111111111111112
stack_ridge_raw,25.0,2022-08-31_2023-07-31,12,-0.29963874176365624,-0.031389184091800915,-0.29963874176365624,-0.031389184091800915,-0.2682495576718553,0.31575069800470057,-0.9643060396855094,-0.3212302085975156,-0.0655917893195096,0.3333333333333333,-1.0082055094969273,2.7821621779096968,-0.20150780285586345,0.638888888888889
stack_ridge_raw,25.0,2022-09-30_2023-08-31,12,-0.09785587437047427,-0.014331580574544756,-0.09785587437047427,-0.014331580574544756,-0.08352429379592952,0.28716016364779035,-0.2257387164313517,-0.31320208269609406,-0.06559178931950937,0.4166666666666667,-0.21066334623305644,2.395857964918365,-0.035393581304981936,0.6666666666666666
stack_ridge_raw,25.0,2022-10-31_2023-09-30,12,-0.2383859377999129,-0.04883569016310929,-0.2383859377999129,-0.04883569016310929,-0.18955024763680361,0.3292757663984668,-0.6641691962682856,-0.31320208269609406,-0.06327241269436523,0.4166666666666667,-0.6021103068435857,2.8960131523140897,-0.07863298358314796,0.6111111111111112
stack_ridge_raw,25.0,2022-11-30_2023-10-31,12,-0.06070840335209049,-8.074453772832779e-05,-0.06070840335209049,-8.074453772832779e-05,-0.06062765881436216,0.41527484047520846,0.035442995478018956,-0.298289710355896,-0.04084242285001627,0.4166666666666667,0.03138083035361498,3.520491650126605,0.001347483066607591,0.6111111111111112
stack_ridge_raw,25.0,2022-12-31_2023-11-30,12,-0.012380154706753577,0.06162621592425688,-0.012380154706753577,0.06162621592425688,-0.07400637063101045,0.4064358674565851,0.15123481192679133,-0.29828971035589613,-0.04084242285001627,0.4166666666666667,-0.005796585393086569,3.2141676856252053,-0.1336672800971498,0.611111111111111
stack_ridge_raw,25.0,2023-01-31_2023-12-31,12,-0.09252375285733583,0.05389394652891433,-0.09252375285733583,0.05389394652891433,-0.14641769938625016,0.3988503972988557,-0.06505410853005604,-0.26341565743746553,-0.04084242285001627,0.3333333333333333,-0.24173567307072263,3.239549861003394,-0.189356643920904,0.6388888888888888
stack_ridge_raw,25.0,2023-02-28_2024-01-31,12,-0.010885227605289982,0.06910062416905749,-0.010885227605289982,0.06910062416905749,-0.07998585177434747,0.39746429164343594,0.15034303885906478,-0.22177805892242064,-0.04084242285001627,0.4166666666666667,-0.03227604977793484,3.225295310561399,-0.15578744932121502,0.611111111111111
stack_ridge_raw,25.0,2023-03-31_2024-02-29,12,0.08149126951481422,0.07105311702696282,0.08149126951481422,0.07105311702696282,0.010438152487851404,0.3930806920471651,0.3769003076998703,-0.16608010499430148,-0.04084242285001627,0.5,0.22524528112615744,3.1096828458096377,-0.07456639245857355,0.611111111111111
stack_ridge_raw,25.0,2023-04-30_2024-03-31,12,0.21765733264338727,0.04605177038880415,0.21765733264338727,0.04605177038880415,0.17160556225458312,0.372823041771038,0.7005157807919059,-0.16608010499430148,-0.028914327222309355,0.5833333333333334,0.691724510684201,3.288563401992121,0.10560885941751863,0.611111111111111
stack_ridge_raw,25.0,2023-05-31_2024-04-30,12,0.43483027615061975,0.05087612226469651,0.43483027615061975,0.05087612226469651,0.38395415388592324,0.33933583649561055,1.2322665534483725,-0.16608010499430148,-0.04720745865673304,0.6666666666666666,1.248980120769707,2.4574286792445728,0.3285229874451068,0.5555555555555555
stack_ridge_raw,25.0,2023-06-30_2024-05-31,12,0.353025877912742,0.06029804021364593,0.353025877912742,0.06029804021364593,0.29272783769909605,0.3527186372179413,1.026297708649249,-0.16608010499430148,-0.04720745865673304,0.6666666666666666,0.9640854615917042,2.3035742686982768,0.24205752317242313,0.5833333333333334
stack_ridge_raw,25.0,2023-07-31_2024-06-30,12,0.2048514596667097,0.046802268590376395,0.2048514596667097,0.046802268590376395,0.1580491910763333,0.3374294865103367,0.7073862891511689,-0.16608010499430148,-0.04720745865673304,0.5833333333333334,0.6179101187089274,1.9304937190737006,0.15412808910342157,0.5555555555555555
stack_ridge_raw,25.0,2023-08-31_2024-07-31,12,0.15254258366889406,0.10318514893952901,0.15254258366889406,0.10318514893952901,0.049357434729365046,0.32803507953827055,0.5818330247386535,-0.16608010499430148,-0.04720745865673315,0.5,0.2991893370900257,1.605033559902608,0.0258816119299905,0.5277777777777777
stack_ridge_raw,25.0,2023-09-30_2024-08-31,12,0.18333304754271862,0.08473288946892565,0.18333304754271862,0.08473288946892565,0.09860015807379297,0.33450999842911194,0.6561429082016409,-0.07116174176458878,-0.04720745865673315,0.5,0.4324619049829231,1.3257454296273337,0.11031009120685975,0.5277777777777778
stack_ridge_raw,25.0,2023-10-31_2024-09-30,12,0.30694034536501746,0.12170948346779942,0.30694034536501746,0.12170948346779942,0.18523086189721805,0.2905929171131961,1.0550671726801033,-0.07897142072662178,-0.047207458656732815,0.5,0.661201381302426,0.7425701270096717,0.2410289123581717,0.5555555555555555
stack_ridge_raw,25.0,2023-11-30_2024-10-31,12,0.051500616249712694,0.004734660022875703,0.051500616249712694,0.004734660022875703,0.04676595622683699,0.1815350978403371,0.36038937655410885,-0.08563291136375761,-0.07254414974326939,0.5,0.2507662974806055,-0.1746705388330799,0.06929427455472759,0.5555555555555555
stack_ridge_raw,25.0,2023-12-31_2024-11-30,12,0.1881294637158859,-0.026522408525777696,0.1881294637158859,-0.026522408525777696,0.2146518722416636,0.1865262794116735,1.0162501148221341,-0.08563291136375761,-0.07702368625268241,0.5833333333333334,0.9748754189506293,-0.06423597786702792,0.20525755854814265,0.5833333333333334
stack_ridge_raw,25.0,2024-01-31_2024-12-31,12,0.09019098891884125,-0.013699490369203038,0.09019098891884125,-0.013699490369203038,0.10389047928804429,0.21465447193514645,0.5029815532495691,-0.10356336583163506,-0.07702368625268208,0.5833333333333334,0.47715569186472157,-0.13875081485356877,0.11212593969851725,0.5277777777777778
stack_ridge_raw,25.0,2024-02-29_2025-01-31,12,-0.0007044733309919948,-0.14290566323586873,-0.0007044733309919948,-0.14290566323586873,0.14220118990487673,0.2191479273892326,0.09762107421830638,-0.14678646685394559,-0.18252959118595857,0.5833333333333334,0.64790095892427,0.17826867791503623,0.04767828765517401,0.5555555555555556
stack_ridge_raw,25.0,2024-03-31_2025-02-28,12,0.07818456438171473,-0.10676537761977256,0.07818456438171473,-0.10676537761977256,0.1849499420014873,0.24617580464641636,0.4187767511115145,-0.14678646685394559,-0.1825295911859588,0.5833333333333334,0.7827403959675607,0.3758680043614182,0.15001335349670808,0.5833333333333334
stack_ridge_raw,25.0,2024-04-30_2025-03-31,12,0.06617732320446312,-0.06461005552580057,0.06617732320446312,-0.06461005552580057,0.1307873787302637,0.2463308056224755,0.3728224924162885,-0.1467864668539458,-0.18252959118595868,0.5,0.5456503788841136,0.3309829339326692,0.11500532273382325,0.5833333333333334
stack_ridge_raw,25.0,2024-05-31_2025-04-30,12,0.18254543913079613,0.02942056800377868,0.18254543913079613,0.02942056800377868,0.15312487112701745,0.2842245748933566,0.7214002463491869,-0.14678646685394559,-0.18252959118595857,0.5,0.5968900946692748,0.6267100123611649,0.19267823207519896,0.638888888888889
stack_ridge_raw,25.0,2024-06-30_2025-05-31,12,0.20595995863013394,-0.019239253194651806,0.20595995863013394,-0.019239253194651806,0.22519921182478575,0.2785332746162961,0.8021690416296005,-0.1467864668539457,-0.18252959118595835,0.5,0.90537505876287,0.7223347279786546,0.25129915043570317,0.611111111111111
stack_ridge_raw,25.0,2024-07-31_2025-06-30,12,0.3895180821932964,0.03150250800801424,0.3895180821932964,0.03150250800801424,0.3580155741852822,0.30908841253749203,1.2165961646394317,-0.1467864668539457,-0.1825295911859589,0.5833333333333334,1.2968679534298435,0.9143872835261689,0.3862125673514851,0.611111111111111
stack_ridge_raw,25.0,2024-08-31_2025-07-31,12,0.37552982200436724,0.02082724764079913,0.37552982200436724,0.02082724764079913,0.3547025743635681,0.3084253485219879,1.1848128178480535,-0.1467864668539457,-0.1720911800730176,0.5833333333333334,1.2984086673148627,0.9219068504466409,0.3850088809344221,0.6666666666666666
stack_ridge_raw,25.0,2024-09-30_2025-08-31,12,0.5067036420798605,0.07082064647411035,0.5067036420798605,0.07082064647411035,0.43588299560575017,0.34939025217186714,1.3461578858915964,-0.1355797620520719,-0.1720911800730176,0.5833333333333334,1.3744122948991235,1.0865860368147473,0.4488445643949901,0.6944444444444443
stack_ridge_raw,25.0,2024-10-31_2025-09-30,12,0.7510129188918981,0.07787885846139209,0.7510129188918981,0.07787885846139209,0.673134060430506,0.3253825060604531,1.9044587642679622,-0.13557976205207178,-0.11858833109117162,0.6666666666666666,2.1158217371777583,1.0847280474319134,0.6618961791060942,0.6944444444444443
stack_ridge_raw,25.0,2024-11-30_2025-10-31,12,0.5961272897474938,0.1960061542824556,0.5961272897474938,0.1960061542824556,0.40012113546503825,0.3533624664499911,1.5051469954292906,-0.1355797620520719,-0.11795970406671652,0.5833333333333334,1.0936470666962805,0.9652799460391562,0.40211154587462183,0.7222222222222222
stack_ridge_raw,25.0,2024-12-31_2025-11-30,12,0.7544020026549088,0.22133541890163522,0.7544020026549088,0.22133541890163522,0.5330665837532735,0.3801747415571192,1.6805560251062828,-0.09504777515381102,-0.11795970406671652,0.5833333333333334,1.258955741499662,0.9995403969673874,0.5140632634778524,0.7499999999999999
stack_ridge_raw,25.0,2025-01-31_2025-12-31,12,1.167842238530421,0.17166648362633885,1.167842238530421,0.17166648362633885,0.9961757549040822,0.35016517268496056,2.4358015300746065,-0.09504777515381113,-0.03669877287899381,0.6666666666666666,2.0947579246493384,0.7592818688409417,1.0106946560435541,0.8055555555555555
stack_ridge_raw,25.0,2025-02-28_2026-01-31,12,1.429385680727556,0.31334945156909844,1.429385680727556,0.31334945156909844,1.1160362291584576,0.3254440138230908,2.97366840641636,-0.09504777515381113,-0.04758367670999886,0.6666666666666666,2.1169572947048545,0.538862906760982,1.2009197258646265,0.8055555555555555
stack_ridge_raw,25.0,2025-03-31_2026-02-28,12,0.8597610341199451,0.08257309459079365,0.8597610341199451,0.08257309459079365,0.7771879395291514,0.392333796751538,1.7993663473713621,-0.14521836036885383,-0.18488813271044613,0.5833333333333334,1.848656601711237,1.040924128830916,0.7984377716222171,0.8055555555555555
stack_ridge_raw,25.0,2025-04-30_2026-03-31,12,0.7830413406913379,0.028079656548997578,0.7830413406913379,0.028079656548997578,0.7549616841423403,0.4012136942114288,1.6567857180519758,-0.1809834911999736,-0.19546042589812018,0.5833333333333334,1.9008887932495317,1.1589116487586988,0.8114376855399208,0.8055555555555555
stack_ridge_raw,25.0,2025-05-31_2026-04-30,12,0.40952928952001555,-0.14610708694572017,0.40952928952001555,-0.14610708694572017,0.5556363764657357,0.4112263584352334,1.0304422449273654,-0.2551937129355558,-0.29138146686445754,0.5833333333333334,1.7233757877397504,1.1221792222941414,0.7476807560846637,0.75
stack_ridge_raw,25.0,2025-06-30_2026-05-31,12,0.3896264816806203,-0.18541351506394133,0.3896264816806203,-0.18541351506394133,0.5750399967445616,0.41455570630690275,0.9899030610873613,-0.3044594457445504,-0.34737666250868915,0.6666666666666666,1.8503536649479708,1.1296586012880954,0.8118139136460756,0.7222222222222222
stack_ridge_raw,25.0,2025-07-31_2026-06-30,12,0.4679063343028864,-0.1667764227923394,0.4679063343028864,-0.1667764227923394,0.6346827570952258,0.4396271194560185,1.0814722517987658,-0.3044594457445504,-0.34737666250868904,0.6666666666666666,1.940224751703694,1.2119533360988914,0.8992290055261414,0.7499999999999999
stack_ridge_excess,25.0,2020-01-31_2020-12-31,12,0.005387843115862712,-0.013079995771551722,0.005387843115862712,-0.013079995771551722,0.018467838887414434,0.357102285653813,0.1801436840442142,-0.23728762528778935,-0.16758179221927783,0.5833333333333334,0.20693330019438758,1.0966577125062091,0.04409320649932735,0.6666666666666666
stack_ridge_excess,25.0,2020-02-29_2021-01-31,12,0.3182147544466092,0.14471568274700242,0.3182147544466092,0.14471568274700242,0.17349907169960677,0.3036923421944128,1.0567896454704024,-0.11796001339517903,-0.07033476780972703,0.6666666666666666,0.8132714787275785,0.9523082841008136,0.17556486791501325,0.6388888888888888
stack_ridge_excess,25.0,2020-03-31_2021-02-28,12,0.39636511854877465,0.3187076559568369,0.39636511854877465,0.3187076559568369,0.07765746259193773,0.2770089302775197,1.343651616805503,-0.0840213692161873,-0.07033476780972703,0.5833333333333334,0.40460238949901,1.1836382121038733,0.026256757820140253,0.611111111111111
stack_ridge_excess,25.0,2020-04-30_2021-03-31,12,0.5645812038280287,0.2712264885896778,0.5645812038280287,0.2712264885896778,0.2933547152383509,0.2684016809970258,1.8173615675892874,-0.08402136921618741,-0.07033476780972714,0.6666666666666666,1.273708776859067,1.191489615815354,0.20010980681415558,0.6111111111111112
stack_ridge_excess,25.0,2020-05-31_2021-04-30,12,0.6697484448981517,0.2511461011810818,0.6697484448981517,0.2511461011810818,0.41860234371706984,0.2501408925890866,2.2034701328051307,-0.0840213692161873,-0.07033476780972703,0.75,1.9693472950863278,1.1532855875328212,0.3128479896828127,0.5555555555555555
stack_ridge_excess,25.0,2020-06-30_2021-05-31,12,0.5670086148869709,0.22018559574957508,0.5670086148869709,0.22018559574957508,0.34682301913739577,0.2747358188217233,1.7878998555163204,-0.09333675880704817,-0.07033476780972703,0.75,1.5387552683458199,1.2491410075550389,0.24885872249880236,0.5277777777777777
stack_ridge_excess,25.0,2020-07-31_2021-06-30,12,0.36914757122135433,0.1787337447456181,0.36914757122135433,0.1787337447456181,0.19041382647573624,0.3024360144577532,1.1874482188810114,-0.17139014291785992,-0.07033476780972703,0.75,0.8311347318595714,1.3010705187126654,0.13525739573359696,0.47222222222222215
stack_ridge_excess,25.0,2020-08-31_2021-07-31,12,0.35690611582161225,0.17406019021811336,0.35690611582161225,0.17406019021811336,0.18284592560349888,0.3021336198665039,1.157766065858711,-0.1713901429178597,-0.0471551797914731,0.75,0.8076694332538051,1.299656808274987,0.13095864248470956,0.44444444444444436
stack_ridge_excess,25.0,2020-09-30_2021-08-31,12,0.6245775978931531,0.29094300690606567,0.6245775978931531,0.29094300690606567,0.3336345909870875,0.32626898004502863,1.6627652229114662,-0.17139014291785992,-0.0471551797914731,0.75,1.086323339115253,1.6098706773954823,0.11953075475889263,0.4166666666666666
stack_ridge_excess,25.0,2020-10-31_2021-09-30,12,0.4994457209957006,0.285307502281577,0.4994457209957006,0.285307502281577,0.21413821871412364,0.3185196228685704,1.434510536539986,-0.1713901429178598,-0.04715517979147299,0.6666666666666666,0.7654957909990692,1.4834496856245782,0.070550187957513,0.4444444444444444
stack_ridge_excess,25.0,2020-11-30_2021-10-31,12,0.1755758575630586,0.164192612882329,0.1755758575630586,0.164192612882329,0.011383244680729598,0.28551554759446784,0.6989315450155399,-0.1713901429178598,-0.04715517979147299,0.5833333333333334,0.1644024329530027,1.27780898605568,-0.003352686078527345,0.47222222222222227
stack_ridge_excess,25.0,2020-12-31_2021-11-30,12,0.05431946899984186,0.10075285366229347,0.05431946899984186,0.10075285366229347,-0.046433384662451616,0.27817069608926037,0.31511178393735495,-0.1713901429178598,-0.04715517979147321,0.5,-0.052378295040602166,1.2715870196841206,-0.03971035439688042,0.5
stack_ridge_excess,25.0,2021-01-31_2021-12-31,12,0.04862554743017,0.1311417024200292,0.04862554743017,0.1311417024200292,-0.0825161549898592,0.27741779526262694,0.29564518319383476,-0.17139014291785992,-0.04715517979147299,0.5,-0.18865401215517952,1.5304029658926932,-0.10785871925065116,0.5277777777777778
stack_ridge_excess,25.0,2021-02-28_2022-01-31,12,0.0619170607857904,0.1035559333431273,0.0619170607857904,0.1035559333431273,-0.04163887255733689,0.2817372588635397,0.33976037882198806,-0.1639590341923649,-0.008710521467504728,0.5,-0.024544390945642692,1.844749147599137,-0.0883658927145824,0.5277777777777778
stack_ridge_excess,25.0,2021-03-31_2022-02-28,12,0.27217683746168286,0.1814244316261513,0.27217683746168286,0.1814244316261513,0.09075240583553157,0.27543555658876245,1.0059961083745161,-0.1639590341923649,-0.008710521467504728,0.5833333333333334,0.42302801196862094,2.0449443433538734,-0.06738105608000733,0.5833333333333334
stack_ridge_excess,25.0,2021-04-30_2022-03-31,12,0.15194815589421973,0.2056999327796627,0.15194815589421973,0.2056999327796627,-0.05375177688544297,0.27327373121589554,0.6421848943270431,-0.1639590341923649,-0.008710521467504728,0.5,-0.058438028852734594,2.253991396664675,-0.22561346986595254,0.611111111111111
stack_ridge_excess,25.0,2021-05-31_2022-04-30,12,0.18590275534631462,0.20202014645819677,0.18590275534631462,0.20202014645819677,-0.01611739111188215,0.2739246234215455,0.7489670097272234,-0.09107257504170818,-0.011058901373715124,0.5,0.07116876488978699,1.9225199435076672,-0.14399821245397748,0.6666666666666666
stack_ridge_excess,25.0,2021-06-30_2022-05-31,12,0.22656273912338754,0.1547230806668567,0.22656273912338754,0.1547230806668567,0.07183965845653084,0.2627121536199834,0.9003208865719039,-0.09107257504170818,-0.04389760737316839,0.5,0.3788703398698333,1.6434834569726036,-0.005819764802785232,0.7222222222222222
stack_ridge_excess,25.0,2021-07-31_2022-06-30,12,0.3588203248053654,0.14515293481688385,0.3588203248053654,0.14515293481688385,0.21366738998848156,0.23660351728574197,1.4161679193506111,-0.09107257504170818,-0.04389760737316839,0.5833333333333334,0.961288346165489,1.6894826719302998,0.10485140872390941,0.7222222222222222
stack_ridge_excess,25.0,2021-08-31_2022-07-31,12,0.3716913664072894,0.16719366722844042,0.3716913664072894,0.16719366722844042,0.20449769917884897,0.23707375186783497,1.4546665073053386,-0.09107257504170818,-0.04389760737316839,0.5833333333333334,0.9136401439578775,1.6241135670969884,0.0909192838560493,0.7222222222222222
stack_ridge_excess,25.0,2021-09-30_2022-08-31,12,-0.024460162027323706,0.11990803732841937,-0.024460162027323706,0.11990803732841937,-0.14436819935574308,0.2578500231083454,0.027438470552527128,-0.1683811435361805,-0.04389760737316817,0.5,-0.5238826299414701,2.0079149734339277,-0.20574667623574383,0.7222222222222222
stack_ridge_excess,25.0,2021-10-31_2022-09-30,12,-0.06042860786735593,0.07700156092153554,-0.06042860786735593,0.07700156092153554,-0.13743016878889147,0.2566176329433719,-0.11978673356280349,-0.1785339212856989,-0.04389760737316828,0.5,-0.5130583602584863,2.4323702913008955,-0.19747972578277995,0.7222222222222222
stack_ridge_excess,25.0,2021-11-30_2022-10-31,12,0.006306344835787625,0.0837751064100245,0.006306344835787625,0.0837751064100245,-0.07746876157423688,0.2471771631167638,0.14407564141452084,-0.178533921285699,-0.04389760737316839,0.5833333333333334,-0.23401656047586486,2.303277896104263,-0.14537077715395896,0.7222222222222222
stack_ridge_excess,25.0,2021-12-31_2022-11-30,12,-0.06028226043030793,0.04089310124175727,-0.06028226043030793,0.04089310124175727,-0.1011753616720652,0.26354304694854713,-0.10916917542693698,-0.25323065386623944,-0.052330809109684795,0.5833333333333334,-0.3454219732827062,2.339721046403921,-0.12273077352545625,0.6944444444444443
stack_ridge_excess,25.0,2022-01-31_2022-12-31,12,-0.0913829570846113,0.03139589518781816,-0.0913829570846113,0.03139589518781816,-0.12277885227242946,0.259976223768072,-0.24284049960517853,-0.25323065386623966,-0.0538908420070876,0.5833333333333334,-0.47351561480558585,2.30381267667339,-0.13298646263158354,0.6666666666666666
stack_ridge_excess,25.0,2022-02-28_2023-01-31,12,-0.20951835509839833,-0.006523085673795559,-0.20951835509839833,-0.006523085673795559,-0.20299526942460278,0.23812861016803166,-0.8629976866166809,-0.2858149200586486,-0.053890842007087936,0.5,-1.0275621256094079,2.1609890717149263,-0.18000028666927304,0.6666666666666666
stack_ridge_excess,25.0,2022-03-31_2023-02-28,12,-0.3181818248304198,-0.03763942955797195,-0.3181818248304198,-0.03763942955797195,-0.28054239527244784,0.20441680998323922,-1.7432544411891142,-0.32402632230060724,-0.05860315994470999,0.4166666666666667,-1.852584488749878,1.7842084634202706,-0.25577876837511904,0.638888888888889
stack_ridge_excess,25.0,2022-04-30_2023-03-31,12,-0.37126607789440014,-0.0433257664262765,-0.37126607789440014,-0.0433257664262765,-0.32794031146812364,0.21683185890232975,-1.9929604561032856,-0.39322932197193494,-0.052003665957635614,0.4166666666666667,-1.9974186172951633,1.5254933707417677,-0.31167468013266364,0.6111111111111112
stack_ridge_excess,25.0,2022-05-31_2023-04-30,12,-0.4659293258641597,-0.07213752035282106,-0.4659293258641597,-0.07213752035282106,-0.39379180551133863,0.21627929507579596,-2.719395276723316,-0.46580158176695385,-0.07596598010903766,0.3333333333333333,-2.881846709799006,1.7847775734630076,-0.37417546304263194,0.6111111111111112
stack_ridge_excess,25.0,2022-06-30_2023-05-31,12,-0.4440072926567482,-0.0361282154897381,-0.4440072926567482,-0.0361282154897381,-0.4078790771670101,0.21880563093389316,-2.5105013923824386,-0.4738166249819531,-0.07596598010903755,0.3333333333333333,-2.8715404888372933,2.1049949307417286,-0.3852054611770923,0.5833333333333334
stack_ridge_excess,25.0,2022-07-31_2023-06-30,12,-0.3817083249065748,-0.0028433046031512976,-0.3817083249065748,-0.0028433046031512976,-0.3788650203034235,0.27415216333531267,-1.5898693540345306,-0.4738166249819532,-0.07596598010903743,0.3333333333333333,-2.01454956712845,2.5933007477795393,-0.35895839022597,0.6111111111111112
stack_ridge_excess,25.0,2022-08-31_2023-07-31,12,-0.3473076292533449,-0.031389184091800915,-0.3473076292533449,-0.031389184091800915,-0.315918445161544,0.29776369681811576,-1.2687883692692252,-0.36742950993986023,-0.0655917893195096,0.3333333333333333,-1.3820317977994623,2.770628532092374,-0.2594165174592057,0.638888888888889
stack_ridge_excess,25.0,2022-09-30_2023-08-31,12,-0.15925876654702187,-0.014331580574544756,-0.15925876654702187,-0.014331580574544756,-0.1449271859724771,0.2731674781492926,-0.505704331571843,-0.3599478046547241,-0.06559178931950937,0.4166666666666667,-0.5384943745080308,2.4057675678572554,-0.10387941873247464,0.6666666666666666
stack_ridge_excess,25.0,2022-10-31_2023-09-30,12,-0.2902238923049997,-0.04883569016310929,-0.2902238923049997,-0.04883569016310929,-0.24138820214189038,0.31389620278098146,-0.9302872373891972,-0.3599478046547242,-0.06327241269436523,0.4166666666666667,-0.9152182943032366,2.8638925277881757,-0.1457112912311863,0.6111111111111112
stack_ridge_excess,25.0,2022-11-30_2023-10-31,12,-0.08672902977798136,-8.074453772832779e-05,-0.08672902977798136,-8.074453772832779e-05,-0.08664828524025303,0.44314199933757636,-0.011644195949114592,-0.29828971035589613,-0.04084242285001627,0.4166666666666667,-0.02402212585187729,3.870453113827373,-0.019681424254687996,0.6111111111111112
stack_ridge_excess,25.0,2022-12-31_2023-11-30,12,-0.039739589345456516,0.06162621592425688,-0.039739589345456516,0.06162621592425688,-0.1013658052697134,0.43506403692538115,0.09559198618746087,-0.29828971035589613,-0.04084242285001627,0.4166666666666667,-0.058377101879878456,3.610401761243192,-0.17234113977975496,0.611111111111111
stack_ridge_excess,25.0,2023-01-31_2023-12-31,12,-0.053222212092690846,0.05389394652891433,-0.053222212092690846,0.05389394652891433,-0.10711615862160517,0.43527709167616846,0.06316283838166331,-0.26341565743746553,-0.04084242285001627,0.3333333333333333,-0.07657483119640332,3.5622458479267007,-0.1597554676093802,0.6388888888888888
stack_ridge_excess,25.0,2023-02-28_2024-01-31,12,0.031951964740607464,0.06910062416905749,0.031951964740607464,0.06910062416905749,-0.037148659428450026,0.433046934183863,0.2613947222207949,-0.22177805892242064,-0.04084242285001627,0.4166666666666667,0.11415105330418533,3.536079201631346,-0.12843735275800772,0.611111111111111
stack_ridge_excess,25.0,2023-03-31_2024-02-29,12,0.1283291601475176,0.07105311702696282,0.1283291601475176,0.07105311702696282,0.05727604312055479,0.42802490741619703,0.4709829356106858,-0.16608010499430148,-0.04084242285001627,0.5,0.3493506076372135,3.4209974386141226,-0.045394845252765825,0.611111111111111
stack_ridge_excess,25.0,2023-04-30_2024-03-31,12,0.27039238708358315,0.04605177038880415,0.27039238708358315,0.04605177038880415,0.224340616694779,0.4081565888260965,0.7708037220083087,-0.16608010499430148,-0.028914327222309355,0.5833333333333334,0.7782538748534183,3.6128801160602944,0.14757526559292145,0.611111111111111
stack_ridge_excess,25.0,2023-05-31_2024-04-30,12,0.4969707903139782,0.05087612226469651,0.4969707903139782,0.05087612226469651,0.44609466804928166,0.3757901987322009,1.2549353253940374,-0.16608010499430148,-0.04720745865673304,0.6666666666666666,1.283306811688189,2.796573856150029,0.37519150670122836,0.5555555555555555
stack_ridge_excess,25.0,2023-06-30_2024-05-31,12,0.4116235567653186,0.06029804021364593,0.4116235567653186,0.06029804021364593,0.35132551655167266,0.38862006235063973,1.0689991666609926,-0.16608010499430148,-0.04720745865673304,0.6666666666666666,1.0272454608161394,2.6335458686788824,0.28281428227720373,0.5833333333333334
stack_ridge_excess,25.0,2023-07-31_2024-06-30,12,0.25703190946529153,0.046802268590376395,0.25703190946529153,0.046802268590376395,0.21022964087491514,0.3763931709711951,0.7761383799415585,-0.16608010499430148,-0.04720745865673304,0.5833333333333334,0.7112287116431445,2.3105938536209147,0.19448886849543912,0.5555555555555555
stack_ridge_excess,25.0,2023-08-31_2024-07-31,12,0.20245760841767013,0.10318514893952901,0.20245760841767013,0.10318514893952901,0.09927245947814112,0.3686257216557481,0.6627368135808035,-0.16608010499430148,-0.04720745865673315,0.5,0.4263236371222163,1.847178115399278,0.05544539803271187,0.5277777777777777
stack_ridge_excess,25.0,2023-09-30_2024-08-31,12,0.2345815646830689,0.08473288946892565,0.2345815646830689,0.08473288946892565,0.14984867521414325,0.3740276983127023,0.7296961108734364,-0.07116174176458878,-0.04720745865673315,0.5,0.5432567596889479,1.560224769978025,0.1474183745523343,0.5277777777777778
stack_ridge_excess,25.0,2023-10-31_2024-09-30,12,0.3635421235625771,0.12170948346779942,0.3635421235625771,0.12170948346779942,0.24183264009477767,0.33406233073117375,1.0777486952730646,-0.07897142072662189,-0.047207458656732815,0.5,0.7505420922288417,0.995165327282999,0.269688940892687,0.5555555555555555
stack_ridge_excess,25.0,2023-11-30_2024-10-31,12,0.051500616249712694,0.004734660022875703,0.051500616249712694,0.004734660022875703,0.04676595622683699,0.1815350978403371,0.36038937655410885,-0.08563291136375761,-0.07254414974326939,0.5,0.2507662974806055,-0.1746705388330799,0.06929427455472759,0.5555555555555555
stack_ridge_excess,25.0,2023-12-31_2024-11-30,12,0.1881294637158859,-0.026522408525777696,0.1881294637158859,-0.026522408525777696,0.2146518722416636,0.1865262794116735,1.0162501148221341,-0.08563291136375761,-0.07702368625268241,0.5833333333333334,0.9748754189506293,-0.06423597786702792,0.20525755854814265,0.5833333333333334
stack_ridge_excess,25.0,2024-01-31_2024-12-31,12,0.09019098891884125,-0.013699490369203038,0.09019098891884125,-0.013699490369203038,0.10389047928804429,0.21465447193514645,0.5029815532495691,-0.10356336583163506,-0.07702368625268208,0.5833333333333334,0.47715569186472157,-0.13875081485356877,0.11212593969851725,0.5277777777777778
stack_ridge_excess,25.0,2024-02-29_2025-01-31,12,-0.0007044733309919948,-0.14290566323586873,-0.0007044733309919948,-0.14290566323586873,0.14220118990487673,0.2191479273892326,0.09762107421830638,-0.14678646685394559,-0.18252959118595857,0.5833333333333334,0.64790095892427,0.17826867791503623,0.04767828765517401,0.5555555555555556
stack_ridge_excess,25.0,2024-03-31_2025-02-28,12,-0.04701120619916421,-0.10676537761977256,-0.04701120619916421,-0.10676537761977256,0.05975417142060835,0.2164746221329903,-0.12270643729286393,-0.15793245813589274,-0.1825295911859588,0.5,0.28364056462414045,0.12656184607593385,-0.013847853046223824,0.5555555555555556
stack_ridge_excess,25.0,2024-04-30_2025-03-31,12,-0.05762420017477965,-0.06461005552580057,-0.05762420017477965,-0.06461005552580057,0.00698585535102092,0.21603767669217006,-0.17505218990643934,-0.1584496020866072,-0.18252959118595868,0.4166666666666667,0.05773529539210077,0.12068568848936148,-0.030981905813846078,0.5555555555555556
stack_ridge_excess,25.0,2024-05-31_2025-04-30,12,0.04523157618954454,0.02942056800377868,0.04523157618954454,0.02942056800377868,0.015811008185765862,0.26352535931567944,0.2860603063931683,-0.15844960208660697,-0.18252959118595857,0.4166666666666667,0.11775651874927665,0.47042939825564933,0.05610606724360956,0.6111111111111112
stack_ridge_excess,25.0,2024-06-30_2025-05-31,12,0.09677447675340423,-0.019239253194651806,0.09677447675340423,-0.019239253194651806,0.11601372994805603,0.2525950501485847,0.47976953273172196,-0.15844960208660708,-0.18252959118595835,0.5,0.5014973875970771,0.5234969825676015,0.13046661890791866,0.5833333333333334
stack_ridge_excess,25.0,2024-07-31_2025-06-30,12,0.26280196464967687,0.03150250800801424,0.26280196464967687,0.03150250800801424,0.23129945664166263,0.2904410238916873,0.9398089824090655,-0.15844960208660708,-0.1825295911859589,0.5833333333333334,0.8813768710323389,0.7575136730395153,0.2629045231700218,0.6111111111111112
stack_ridge_excess,25.0,2024-08-31_2025-07-31,12,0.2500893539431448,0.02082724764079913,0.2500893539431448,0.02082724764079913,0.22926210630234567,0.28939195359703784,0.9065546187552331,-0.15844960208660708,-0.1720911800730176,0.5833333333333334,0.8827911955760797,0.7574948313726981,0.26003315676603656,0.6666666666666666
stack_ridge_excess,25.0,2024-09-30_2025-08-31,12,0.36930087038521187,0.07082064647411035,0.36930087038521187,0.07082064647411035,0.2984802239111015,0.33565035629302037,1.0941676128598812,-0.14739608908085355,-0.1720911800730176,0.5833333333333334,0.992791373502413,0.9342845709566181,0.3274400399009554,0.6944444444444445
stack_ridge_excess,25.0,2024-10-31_2025-09-30,12,0.5913305357015535,0.07787885846139209,0.5913305357015535,0.07787885846139209,0.5134516772401614,0.31505596406704434,1.6397114487959994,-0.14739608908085344,-0.11858833109117162,0.6666666666666666,1.6408639684448854,0.9341977991214128,0.525404736380809,0.6944444444444445
stack_ridge_excess,25.0,2024-11-30_2025-10-31,12,0.45056959182752787,0.1960061542824556,0.45056959182752787,0.1960061542824556,0.25456343754507227,0.3414758496347139,1.2556839993787607,-0.14739608908085355,-0.11795970406671652,0.5833333333333334,0.7536980469099734,0.8222483981460745,0.3031460279522489,0.7222222222222222
stack_ridge_excess,25.0,2024-12-31_2025-11-30,12,0.3571959567597982,0.22133541890163522,0.3571959567597982,0.22133541890163522,0.135860537858163,0.33882522182838537,1.0604277368826518,-0.09504777515381102,-0.11795970406671652,0.5,0.4722014907817313,0.8712464485428321,0.18421635818527604,0.7499999999999999
stack_ridge_excess,25.0,2025-01-31_2025-12-31,12,0.6770311003830554,0.17166648362633885,0.6770311003830554,0.17166648362633885,0.5053646167567165,0.3221272287882471,1.7798171741853708,-0.09504777515381113,-0.03669877287899381,0.5833333333333334,1.2827243044765113,0.6120731487108849,0.5788972383055255,0.8055555555555555
stack_ridge_excess,25.0,2025-02-28_2026-01-31,12,0.8793597010856464,0.31334945156909844,0.8793597010856464,0.31334945156909844,0.566010249516548,0.3047978760734726,2.257749632291953,-0.09504777515381113,-0.04758367670999886,0.5833333333333334,1.3042203036016344,0.3815647471320849,0.7623812670342875,0.8055555555555555
stack_ridge_excess,25.0,2025-03-31_2026-02-28,12,0.6277057703161686,0.08257309459079365,0.6277057703161686,0.08257309459079365,0.5451326757253749,0.3614809812428557,1.5381237288972476,-0.14521836036885383,-0.18488813271044613,0.5833333333333334,1.5205861778074217,0.9743513313324187,0.5678505557256925,0.8333333333333331
stack_ridge_excess,25.0,2025-04-30_2026-03-31,12,0.5605589243507005,0.028079656548997578,0.5605589243507005,0.028079656548997578,0.532479267801703,0.3695823602106846,1.3928569592619582,-0.1809834911999736,-0.19546042589812018,0.5833333333333334,1.5731128664454548,1.0742114515711172,0.57534731619146,0.8333333333333331
stack_ridge_excess,25.0,2025-05-31_2026-04-30,12,0.23365255852188604,-0.14610708694572017,0.23365255852188604,-0.14610708694572017,0.3797596454676062,0.3716931895039887,0.7366162837371902,-0.2551937129355558,-0.29138146686445754,0.5833333333333334,1.39092446501229,1.0071728509670943,0.4913177514416853,0.7777777777777777
stack_ridge_excess,25.0,2025-06-30_2026-05-31,12,-0.017653843695521365,-0.18541351506394133,-0.017653843695521365,-0.18541351506394133,0.16775967136841996,0.4454704808717822,0.1689265472588437,-0.4219572880033443,-0.34737666250868915,0.5,0.7348819158429488,1.2184236140480411,0.33157265894294663,0.7777777777777777
stack_ridge_excess,25.0,2025-07-31_2026-06-30,12,0.03843236168132136,-0.1667764227923394,0.03843236168132136,-0.1667764227923394,0.20520878447366075,0.47337581370220483,0.2981979384080056,-0.4219572880033443,-0.34737666250868904,0.5,0.8326113433949401,1.3059784783610289,0.39675780507058667,0.7777777777777777
stack_lightgbm_raw,25.0,2020-01-31_2020-12-31,12,0.28104982154844427,-0.013079995771551722,0.28104982154844427,-0.013079995771551722,0.294129817319996,0.41462398438539344,0.7999010607448593,-0.17734144660506534,-0.16758179221927783,0.5833333333333334,1.2002097296738912,1.2763323631020733,0.35423076901219397,0.861111111111111
stack_lightgbm_raw,25.0,2020-02-29_2021-01-31,12,0.6858588346411345,0.14471568274700242,0.6858588346411345,0.14471568274700242,0.5411431518941321,0.3502140803319227,1.6884105041280226,-0.06712164316892544,-0.07033476780972703,0.6666666666666666,1.894904484007046,1.0844025605917396,0.49838777820796,0.8333333333333331
stack_lightgbm_raw,25.0,2020-03-31_2021-02-28,12,0.8705226535394381,0.3187076559568369,0.8705226535394381,0.3187076559568369,0.5518149975826012,0.2936248303076652,2.3207050719959783,-0.08722994557206165,-0.07033476780972703,0.6666666666666666,1.653832012152119,1.0568931796801098,0.44279184409583006,0.7777777777777777
stack_lightgbm_raw,25.0,2020-04-30_2021-03-31,12,0.6932665433623688,0.2712264885896778,0.6932665433623688,0.2712264885896778,0.422040054772691,0.2866701468270674,2.0058022249152097,-0.08722994557206165,-0.07033476780972714,0.6666666666666666,1.3986308219757255,1.0341087057789788,0.3596298529058044,0.75
stack_lightgbm_raw,25.0,2020-05-31_2021-04-30,12,0.6558042083700946,0.2511461011810818,0.6558042083700946,0.2511461011810818,0.40465810718901274,0.2926433905705648,1.8903830676384943,-0.10615672590872027,-0.07033476780972703,0.6666666666666666,1.364263125999234,1.0694216159651118,0.34148141683837263,0.7499999999999999
stack_lightgbm_raw,25.0,2020-06-30_2021-05-31,12,0.5793882383019584,0.22018559574957508,0.5793882383019584,0.22018559574957508,0.3592026425523833,0.28504394998965077,1.7612482097118336,-0.10615672590872016,-0.07033476780972703,0.6666666666666666,1.2795103678239195,1.0312499639496027,0.3210597897361578,0.7499999999999999
stack_lightgbm_raw,25.0,2020-07-31_2021-06-30,12,0.4920890361096817,0.1787337447456181,0.4920890361096817,0.1787337447456181,0.3133552913640636,0.30343244684018106,1.4770072765346363,-0.12966931172796026,-0.07033476780972703,0.6666666666666666,1.1512717467624192,1.1740065260358683,0.26724118789608853,0.6944444444444445
stack_lightgbm_raw,25.0,2020-08-31_2021-07-31,12,0.38933420132484486,0.17406019021811336,0.38933420132484486,0.17406019021811336,0.2152740111067315,0.28690050456144633,1.2907591504794467,-0.12966931172796048,-0.0471551797914731,0.6666666666666666,0.9163961280270497,1.1632362880023577,0.18150239234095977,0.7222222222222222
stack_lightgbm_raw,25.0,2020-09-30_2021-08-31,12,0.8413642572126896,0.29094300690606567,0.8413642572126896,0.29094300690606567,0.5504212503066239,0.3309832500884761,2.0358681468472644,-0.12966931172796026,-0.0471551797914731,0.6666666666666666,1.4023481639901085,1.1670535735611463,0.4296313151887756,0.6944444444444443
stack_lightgbm_raw,25.0,2020-10-31_2021-09-30,12,0.7110721776215543,0.285307502281577,0.7110721776215543,0.285307502281577,0.4257646753399773,0.34211864486835813,1.753789860592817,-0.12966931172796037,-0.04715517979147299,0.6666666666666666,1.092701348484254,1.0733391328382929,0.369857239026409,0.6388888888888888
stack_lightgbm_raw,25.0,2020-11-30_2021-10-31,12,0.43705377599048667,0.164192612882329,0.43705377599048667,0.164192612882329,0.27286116310815767,0.32919764241511473,1.260101154866662,-0.12966931172796026,-0.04715517979147299,0.5833333333333334,0.8245269069188956,0.9635735595630004,0.29562542972516814,0.611111111111111
stack_lightgbm_raw,25.0,2020-12-31_2021-11-30,12,0.4982735282250641,0.10075285366229347,0.4982735282250641,0.10075285366229347,0.3975206745627706,0.3420297619891248,1.3495308431452298,-0.12966931172796015,-0.04715517979147321,0.5833333333333334,1.0884744266456239,0.8667364670396942,0.4456255026133358,0.6111111111111112
stack_lightgbm_raw,25.0,2021-01-31_2021-12-31,12,0.35306228780102433,0.1311417024200292,0.35306228780102433,0.1311417024200292,0.22192058538099513,0.3253770162188683,1.080463662523232,-0.12966931172796037,-0.04715517979147299,0.5833333333333334,0.7400499448862006,1.3265290926094313,0.1979868242086522,0.6111111111111112
stack_lightgbm_raw,25.0,2021-02-28_2022-01-31,12,0.3761590990266763,0.1035559333431273,0.3761590990266763,0.1035559333431273,0.27260316568354903,0.3290988006556853,1.124331680371236,-0.07942196617432096,-0.008710521467504728,0.5833333333333334,0.8784989520657579,1.6890042522909576,0.2169878726702652,0.6111111111111112
stack_lightgbm_raw,25.0,2021-03-31_2022-02-28,12,0.5667040555212508,0.1814244316261513,0.5667040555212508,0.1814244316261513,0.3852796238950995,0.30285802292940767,1.6390506996313663,-0.07942196617432096,-0.008710521467504728,0.6666666666666666,1.1028671793319615,1.034129245651764,0.37283920763780176,0.6666666666666666
stack_lightgbm_raw,25.0,2021-04-30_2022-03-31,12,0.4885187393731565,0.2056999327796627,0.4885187393731565,0.2056999327796627,0.2828188065934938,0.31152163700165125,1.4306247447691238,-0.07942196617432096,-0.008710521467504728,0.5833333333333334,0.8297820908267681,0.8123348897421483,0.3334529366963035,0.6666666666666666
stack_lightgbm_raw,25.0,2021-05-31_2022-04-30,12,0.6014450004767307,0.20202014645819677,0.6014450004767307,0.20202014645819677,0.3994248540185339,0.3010312608165735,1.7232578150614477,-0.07942196617432096,-0.011058901373715124,0.6666666666666666,1.0913548437419467,0.26078611357680326,0.5856594907772188,0.6944444444444445
stack_lightgbm_raw,25.0,2021-06-30_2022-05-31,12,0.545809956986641,0.1547230806668567,0.545809956986641,0.1547230806668567,0.39108687631978434,0.30134688331020487,1.5995169027252811,-0.05832994210613429,-0.04389760737316839,0.6666666666666666,1.0998215143266905,0.3575646751116032,0.524673322091856,0.7222222222222222
stack_lightgbm_raw,25.0,2021-07-31_2022-06-30,12,0.7947548935994484,0.14515293481688385,0.7947548935994484,0.14515293481688385,0.6496019587825645,0.2722249521673988,2.315231947903168,-0.05832994210613418,-0.04389760737316839,0.75,1.7869212615174128,0.3797468366335226,0.7576744090418048,0.7499999999999999
stack_lightgbm_raw,25.0,2021-08-31_2022-07-31,12,0.8065298046256155,0.16719366722844042,0.8065298046256155,0.16719366722844042,0.6393361373971751,0.2723156041764949,2.3398216682912496,-0.05832994210613418,-0.04389760737316839,0.75,1.7387955911641586,0.3764459294821756,0.7577143727283557,0.75
stack_lightgbm_raw,25.0,2021-09-30_2022-08-31,12,0.3324596996889495,0.11990803732841937,0.3324596996889495,0.11990803732841937,0.21255166236053014,0.22286509077682226,1.403154833357804,-0.08805856066943385,-0.04389760737316817,0.6666666666666666,0.8903876002640712,0.5964186225648981,0.2717808250893463,0.7499999999999999
stack_lightgbm_raw,25.0,2021-10-31_2022-09-30,12,0.5253993931052912,0.07700156092153554,0.5253993931052912,0.07700156092153554,0.4483978321837556,0.22824575146252665,1.9852137871311526,-0.08805856066943396,-0.04389760737316828,0.75,1.8057820543760494,1.2732071371269735,0.41899237187972194,0.8055555555555555
stack_lightgbm_raw,25.0,2021-11-30_2022-10-31,12,0.5738932641990595,0.0837751064100245,0.5738932641990595,0.0837751064100245,0.490118157789035,0.22037062031047316,2.196258131235194,-0.08805856066943396,-0.04389760737316839,0.8333333333333334,1.9738358760537984,1.1712148840951673,0.462912272631133,0.8333333333333334
stack_lightgbm_raw,25.0,2021-12-31_2022-11-30,12,0.28660820507643914,0.04089310124175727,0.28660820507643914,0.04089310124175727,0.24571510383468187,0.21165881980691223,1.2998053474020683,-0.08805856066943385,-0.052330809109684795,0.75,1.3043141828706404,1.4416737086601512,0.23458856625358537,0.8333333333333331
stack_lightgbm_raw,25.0,2022-01-31_2022-12-31,12,0.4089559423365603,0.03139589518781816,0.4089559423365603,0.03139589518781816,0.37756004714874214,0.2340519205589004,1.5919629068130203,-0.08805856066943396,-0.0538908420070876,0.75,1.6405186024443579,1.3693375163180534,0.37914844555269345,0.8055555555555555
stack_lightgbm_raw,25.0,2022-02-28_2023-01-31,12,0.19687446481081938,-0.006523085673795559,0.19687446481081938,-0.006523085673795559,0.20339755048461494,0.2395020092437092,0.8645401777652171,-0.08805856066943385,-0.053890842007087936,0.6666666666666666,0.9472129834171165,1.2007848062381232,0.2337227255834995,0.8055555555555555
stack_lightgbm_raw,25.0,2022-03-31_2023-02-28,12,0.09424173125583568,-0.03763942955797195,0.09424173125583568,-0.03763942955797195,0.13188116081380763,0.2470708216889908,0.47739772145577425,-0.11243389543780113,-0.05860315994470999,0.5833333333333334,0.6661580890415114,1.3098798062397932,0.17845558529812466,0.7777777777777777
stack_lightgbm_raw,25.0,2022-04-30_2023-03-31,12,0.10543207975926738,-0.0433257664262765,0.10543207975926738,-0.0433257664262765,0.14875784618554388,0.24534198656240258,0.521019069787552,-0.13402431687144456,-0.052003665957635614,0.5833333333333334,0.7502032531849192,1.515165122950046,0.209578035113692,0.7777777777777777
stack_lightgbm_raw,25.0,2022-05-31_2023-04-30,12,0.12491020679909681,-0.07213752035282106,0.12491020679909681,-0.07213752035282106,0.19704772715191787,0.24809917717464483,0.5888374670717615,-0.13402431687144445,-0.07596598010903766,0.5833333333333334,0.912061435306164,0.8826412144410998,0.23100065847555373,0.7777777777777778
stack_lightgbm_raw,25.0,2022-06-30_2023-05-31,12,0.22879712731897928,-0.0361282154897381,0.22879712731897928,-0.0361282154897381,0.2649253428087174,0.26879247189870425,0.8942831048728569,-0.13402431687144434,-0.07596598010903755,0.5833333333333334,1.079266439543492,1.2543979538283678,0.32355877518706455,0.7777777777777778
stack_lightgbm_raw,25.0,2022-07-31_2023-06-30,12,0.21572424138495117,-0.0028433046031512976,0.21572424138495117,-0.0028433046031512976,0.21856754598810246,0.26677323380446544,0.8584275993970205,-0.13402431687144456,-0.07596598010903743,0.5833333333333334,0.911831693341538,1.1090205104455086,0.25429292029201855,0.8055555555555555
stack_lightgbm_raw,25.0,2022-08-31_2023-07-31,12,0.19971513427186238,-0.031389184091800915,0.19971513427186238,-0.031389184091800915,0.2311043183636633,0.2648227896772773,0.8120641974955704,-0.13402431687144456,-0.0655917893195096,0.5833333333333334,0.9701556773166922,1.1054108410043073,0.27754030795890827,0.75
stack_lightgbm_raw,25.0,2022-09-30_2023-08-31,12,0.2936504649148146,-0.014331580574544756,0.2936504649148146,-0.014331580574544756,0.30798204548935937,0.2423202063720514,1.1821396487452536,-0.13402431687144434,-0.06559178931950937,0.5833333333333334,1.2632199841736635,0.7777553991233878,0.33941348371411384,0.7777777777777778
stack_lightgbm_raw,25.0,2022-10-31_2023-09-30,12,0.052539556024761236,-0.04883569016310929,0.052539556024761236,-0.04883569016310929,0.10137524618787053,0.25025687630106425,0.3179445560941728,-0.13402431687144456,-0.06327241269436523,0.5,0.5339377552125298,1.0365908535658057,0.13649408774295702,0.7777777777777777
stack_lightgbm_raw,25.0,2022-11-30_2023-10-31,12,0.03874743491372401,-8.074453772832779e-05,0.03874743491372401,-8.074453772832779e-05,0.03882817945145234,0.2508635621418789,0.2648350609999815,-0.13402431687144445,-0.04084242285001627,0.4166666666666667,0.2526544685604162,0.586231676528394,0.066134608893474,0.7777777777777777
stack_lightgbm_raw,25.0,2022-12-31_2023-11-30,12,0.12488182879840681,0.06162621592425688,0.12488182879840681,0.06162621592425688,0.06325561287414994,0.23893098604146437,0.6027109790924963,-0.13402431687144456,-0.04084242285001627,0.4166666666666667,0.32775061740700623,0.29129061600413286,0.1329871156136173,0.8055555555555555
stack_lightgbm_raw,25.0,2023-01-31_2023-12-31,12,-0.04941237743546334,0.05389394652891433,-0.04941237743546334,0.05389394652891433,-0.10330632396437767,0.21295446694835962,-0.14060785746305138,-0.1559491914623825,-0.04084242285001627,0.3333333333333333,-0.404631917189932,0.4997824870200782,-0.05652543495482065,0.8333333333333331
stack_lightgbm_raw,25.0,2023-02-28_2024-01-31,12,0.05005089487084269,0.06910062416905749,0.05005089487084269,0.06910062416905749,-0.0190497292982148,0.20349736759322584,0.33321912109511265,-0.1559491914623825,-0.04084242285001627,0.4166666666666667,-0.014014647482748685,0.4918681267920963,0.03355632968388944,0.861111111111111
stack_lightgbm_raw,25.0,2023-03-31_2024-02-29,12,0.08267883391671926,0.07105311702696282,0.08267883391671926,0.07105311702696282,0.011625716889756443,0.19672618142237575,0.4947471182159759,-0.1559491914623823,-0.04084242285001627,0.4166666666666667,0.12480342106531071,0.44122100794109537,0.0673425048642291,0.8888888888888888
stack_lightgbm_raw,25.0,2023-04-30_2024-03-31,12,0.07477063927606076,0.04605177038880415,0.07477063927606076,0.04605177038880415,0.02871886888725661,0.1981320986867684,0.45526750523507087,-0.17358550492361358,-0.028914327222309355,0.4166666666666667,0.2115660725511306,0.5551983741787647,0.06499065356532774,0.8611111111111112
stack_lightgbm_raw,25.0,2023-05-31_2024-04-30,12,0.06144733498622812,0.05087612226469651,0.06144733498622812,0.05087612226469651,0.010571212721531609,0.19514514018700352,0.39523779729289527,-0.1735855049236139,-0.04720745865673304,0.4166666666666667,0.12769524018093176,0.6920142891448495,0.04107847133827347,0.8611111111111112
stack_lightgbm_raw,25.0,2023-06-30_2024-05-31,12,-0.04797614177939591,0.06029804021364593,-0.04797614177939591,0.06029804021364593,-0.10827418199304184,0.15493399006762262,-0.24423478635654508,-0.17358550492361358,-0.04720745865673304,0.3333333333333333,-0.6891616839241175,0.6912204509070347,-0.077898071838998,0.8611111111111112
stack_lightgbm_raw,25.0,2023-07-31_2024-06-30,12,-0.0981169420342014,0.046802268590376395,-0.0981169420342014,0.046802268590376395,-0.1449192106245778,0.14050197833373945,-0.6657145671891188,-0.1735855049236138,-0.04720745865673304,0.25,-0.9945935652055573,0.4428947776825993,-0.1093185119227229,0.8333333333333331
stack_lightgbm_raw,25.0,2023-08-31_2024-07-31,12,-0.11498687105330563,0.10318514893952901,-0.11498687105330563,0.10318514893952901,-0.21817201999283464,0.13358687128175573,-0.8465813079449274,-0.15958815725100228,-0.04720745865673315,0.16666666666666666,-1.6466179684602582,0.532478987369261,-0.15558520751684657,0.861111111111111
stack_lightgbm_raw,25.0,2023-09-30_2024-08-31,12,-0.009907046378219153,0.08473288946892565,-0.009907046378219153,0.08473288946892565,-0.09463993584714481,0.17214867180161808,0.02127710266168074,-0.07111601592432737,-0.04720745865673315,0.25,-0.43556604270997346,0.19226110516085024,-0.01284976043054109,0.8333333333333331
stack_lightgbm_raw,25.0,2023-10-31_2024-09-30,12,0.009697157381029387,0.12170948346779942,0.009697157381029387,0.12170948346779942,-0.11201232608677003,0.16175328721713497,0.13319943400404888,-0.078971420726622,-0.047207458656732815,0.25,-0.5001859636297292,-0.18002615616131976,0.04390912322883689,0.7777777777777778
stack_lightgbm_raw,25.0,2023-11-30_2024-10-31,12,-0.02559248626274435,0.004734660022875703,-0.02559248626274435,0.004734660022875703,-0.030327146285620055,0.1683173136638135,-0.07733923758250313,-0.1210227686312838,-0.07254414974326939,0.3333333333333333,-0.12267918374815553,0.1930271489481011,-0.014863513363346237,0.75
stack_lightgbm_raw,25.0,2023-12-31_2024-11-30,12,0.013636602926723196,-0.026522408525777696,0.013636602926723196,-0.026522408525777696,0.04015901145250089,0.1767739613128183,0.1570708974699254,-0.12102276863128358,-0.07702368625268241,0.4166666666666667,0.2517938438105226,0.14979538289647873,0.03148611477539309,0.7222222222222222
stack_lightgbm_raw,25.0,2024-01-31_2024-12-31,12,0.024595570485720142,-0.013699490369203038,0.024595570485720142,-0.013699490369203038,0.03829506085492318,0.17365074297503988,0.21896263610766084,-0.1210227686312837,-0.07702368625268208,0.4166666666666667,0.23671107246699294,0.0846767234899388,0.0394650266876051,0.7222222222222222
stack_lightgbm_raw,25.0,2024-02-29_2025-01-31,12,-0.1606302457307519,-0.14290566323586873,-0.1606302457307519,-0.14290566323586873,-0.01772458249488318,0.23071486419019036,-0.6438212780240133,-0.24904364034005766,-0.18252959118595857,0.3333333333333333,-0.033631371182452796,0.7664065420019579,-0.039162636995432654,0.6666666666666666
stack_lightgbm_raw,25.0,2024-03-31_2025-02-28,12,-0.06678394536872312,-0.10676537761977256,-0.06678394536872312,-0.10676537761977256,0.03998143225104944,0.2515933829415637,-0.15508400661146518,-0.24904364034005777,-0.1825295911859588,0.4166666666666667,0.29410355710225766,0.8903834103618172,0.0509630081794159,0.638888888888889
stack_lightgbm_raw,25.0,2024-04-30_2025-03-31,12,0.06209428988165566,-0.06461005552580057,0.06209428988165566,-0.06461005552580057,0.12670434540745623,0.2701118971035678,0.35074169512718206,-0.24904364034005755,-0.18252959118595868,0.5,0.698326997841789,0.991939722835642,0.15759024476252037,0.6944444444444443
stack_lightgbm_raw,25.0,2024-05-31_2025-04-30,12,0.21053473200640305,0.02942056800377868,0.21053473200640305,0.02942056800377868,0.18111416400262437,0.3238268974216153,0.7421179301054786,-0.24904364034005744,-0.18252959118595857,0.5,0.844514646100745,1.3106306895631148,0.19883467239217611,0.6388888888888888
stack_lightgbm_raw,25.0,2024-06-30_2025-05-31,12,0.17915151387196304,-0.019239253194651806,0.17915151387196304,-0.019239253194651806,0.19839076706661485,0.3265792860575381,0.6564580742773862,-0.24904364034005755,-0.18252959118595835,0.5833333333333334,0.9471361458199109,1.320347445931293,0.2431216828409506,0.611111111111111
stack_lightgbm_raw,25.0,2024-07-31_2025-06-30,12,0.3520797248330738,0.03150250800801424,0.3520797248330738,0.03150250800801424,0.3205772168250596,0.35082433946273694,1.029859008414862,-0.24904364034005755,-0.1825295911859589,0.6666666666666666,1.3556094108325225,1.4068770672634934,0.33455896847942723,0.611111111111111
stack_lightgbm_raw,25.0,2024-08-31_2025-07-31,12,0.2736963851387495,0.02082724764079913,0.2736963851387495,0.02082724764079913,0.25286913749795037,0.3565742692002359,0.8464386519006944,-0.24904364034005744,-0.1720911800730176,0.6666666666666666,1.0635133152384026,1.3767049152996098,0.2796840210147491,0.6111111111111112
stack_lightgbm_raw,25.0,2024-09-30_2025-08-31,12,0.5307636058519634,0.07082064647411035,0.5307636058519634,0.07082064647411035,0.459942959377853,0.4612482312616108,1.1357199744326052,-0.18926728978071572,-0.1720911800730176,0.6666666666666666,1.2210121067075332,1.6243126753273893,0.45885615824118875,0.6111111111111112
stack_lightgbm_raw,25.0,2024-10-31_2025-09-30,12,0.7986938131620176,0.07787885846139209,0.7986938131620176,0.07787885846139209,0.7208149547006255,0.4422751536876345,1.5489381419182764,-0.1892672897807156,-0.11858833109117162,0.75,1.774780686620921,1.622914227076966,0.6865315707244941,0.638888888888889
stack_lightgbm_raw,25.0,2024-11-30_2025-10-31,12,0.7259782717443004,0.1960061542824556,0.7259782717443004,0.1960061542824556,0.5299721174618448,0.453590753744976,1.4252401686626637,-0.18926728978071572,-0.11795970406671652,0.6666666666666666,1.1960671819671014,1.474026345998569,0.4226415575287856,0.638888888888889
stack_lightgbm_raw,25.0,2024-12-31_2025-11-30,12,0.6927152437036705,0.22133541890163522,0.6927152437036705,0.22133541890163522,0.47137982480203533,0.4540485972591906,1.3790746025101506,-0.15457445268040626,-0.11795970406671652,0.6666666666666666,1.0869465435059849,1.4994069779535606,0.3460208989918372,0.6666666666666666
stack_lightgbm_raw,25.0,2025-01-31_2025-12-31,12,0.9823908974560671,0.17166648362633885,0.9823908974560671,0.17166648362633885,0.8107244138297283,0.4468949147547061,1.7683690603618372,-0.08423803383411621,-0.03669877287899381,0.75,1.5948581580429735,1.2316885927200447,0.7508037621159089,0.6666666666666666
stack_lightgbm_raw,25.0,2025-02-28_2026-01-31,12,1.3794314344115066,0.31334945156909844,1.3794314344115066,0.31334945156909844,1.0660819828424082,0.3833417638423988,2.50324949618208,-0.0842380338341161,-0.04758367670999886,0.8333333333333334,1.8075000483637815,0.7152283904008161,1.084250584616604,0.6666666666666666
stack_lightgbm_raw,25.0,2025-03-31_2026-02-28,12,0.6557915985044342,0.08257309459079365,0.6557915985044342,0.08257309459079365,0.5732185039136406,0.5000643919256962,1.256605524760333,-0.24212943443812573,-0.18488813271044613,0.75,1.3032699190879635,1.4970024812915308,0.598229476529754,0.6944444444444443
stack_lightgbm_raw,25.0,2025-04-30_2026-03-31,12,0.5460336627810993,0.028079656548997578,0.5460336627810993,0.028079656548997578,0.5179540062321017,0.497435248465939,1.1163560096106688,-0.24212943443812573,-0.19546042589812018,0.75,1.253687400615778,1.4899048861746602,0.6068447692868928,0.6666666666666666
stack_lightgbm_raw,25.0,2025-05-31_2026-04-30,12,0.09266268489092622,-0.14610708694572017,0.09266268489092622,-0.14610708694572017,0.23876977183664638,0.5114747136754717,0.4050502492530261,-0.3455160935103274,-0.29138146686445754,0.6666666666666666,0.8442461422947742,1.4586969149663396,0.48099521731185213,0.6944444444444443
stack_lightgbm_raw,25.0,2025-06-30_2026-05-31,12,-0.027550873454810998,-0.18541351506394133,-0.027550873454810998,-0.18541351506394133,0.15786264160913033,0.5321058179727868,0.18788960866029591,-0.432468194203974,-0.34737666250868915,0.5833333333333334,0.6742378006732209,1.518409675074337,0.435975189073613,0.7222222222222222
stack_lightgbm_raw,25.0,2025-07-31_2026-06-30,12,0.07756110297088892,-0.1667764227923394,0.07756110297088892,-0.1667764227923394,0.2443375257632283,0.5801490227342233,0.38634569712025973,-0.43246819420397387,-0.34737666250868904,0.5833333333333334,0.8674989364144753,1.6948423591530721,0.6020971150937671,0.7222222222222222
stack_lightgbm_excess,25.0,2020-01-31_2020-12-31,12,0.0713424502497082,-0.013079995771551722,0.0713424502497082,-0.013079995771551722,0.08442244602125992,0.45638255880892686,0.3780427207991665,-0.2638898282760497,-0.16758179221927783,0.5833333333333334,0.5492763584575296,1.4719555460004294,0.1541305048233097,0.7777777777777778
stack_lightgbm_excess,25.0,2020-02-29_2021-01-31,12,0.3510700297248597,0.14471568274700242,0.3510700297248597,0.14471568274700242,0.20635434697785726,0.39909867861522713,0.9630480920137655,-0.048701603320914444,-0.07033476780972703,0.5833333333333334,0.855360364150033,1.261040946642179,0.18974475300406457,0.75
stack_lightgbm_excess,25.0,2020-03-31_2021-02-28,12,0.6737852840573542,0.3187076559568369,0.6737852840573542,0.3187076559568369,0.35507762810051724,0.2769003152044476,2.0230304538391763,-0.088063278905395,-0.07033476780972703,0.5833333333333334,1.1384238234640782,0.8854134893641643,0.34641413208185967,0.7499999999999999
stack_lightgbm_excess,25.0,2020-04-30_2021-03-31,12,0.4446177446716144,0.2712264885896778,0.4446177446716144,0.2712264885896778,0.17339125608193662,0.23780527621866132,1.6775094870915543,-0.088063278905395,-0.07033476780972714,0.5833333333333334,0.7266419326921552,0.8109280017402065,0.20987120229921352,0.7499999999999999
stack_lightgbm_excess,25.0,2020-05-31_2021-04-30,12,0.37032546401941935,0.2511461011810818,0.37032546401941935,0.2511461011810818,0.11917936283833752,0.2540050524407854,1.3712356185226808,-0.13446567020781008,-0.07033476780972703,0.5833333333333334,0.525762246046574,0.8741051541244026,0.148448071876645,0.75
stack_lightgbm_excess,25.0,2020-06-30_2021-05-31,12,0.3718841329953466,0.22018559574957508,0.3718841329953466,0.22018559574957508,0.15169853724577154,0.2545129154931443,1.373510401714022,-0.13446567020781008,-0.07033476780972703,0.5833333333333334,0.617321237013903,0.7844212399026527,0.19794274593845507,0.7777777777777778
stack_lightgbm_excess,25.0,2020-07-31_2021-06-30,12,0.4040897977575555,0.1787337447456181,0.4040897977575555,0.1787337447456181,0.2253560530119374,0.25022112684783326,1.4885679404186651,-0.1344656702078102,-0.07033476780972703,0.5833333333333334,0.961203816302133,0.8948884735574514,0.23529114428279052,0.75
stack_lightgbm_excess,25.0,2020-08-31_2021-07-31,12,0.3468485003760753,0.17406019021811336,0.3468485003760753,0.17406019021811336,0.17278831015796192,0.23395504890199564,1.3950715535187201,-0.13446567020780997,-0.0471551797914731,0.5833333333333334,0.8290432648443427,0.8814453037812532,0.18744425249614727,0.7499999999999999
stack_lightgbm_excess,25.0,2020-09-30_2021-08-31,12,0.7504914003439507,0.29094300690606567,0.7504914003439507,0.29094300690606567,0.459548393437885,0.2979995728003087,2.0519586400288437,-0.13446567020780997,-0.0471551797914731,0.5833333333333334,1.262779958898966,0.8755130231525328,0.45107340281123354,0.7222222222222222
stack_lightgbm_excess,25.0,2020-10-31_2021-09-30,12,0.6373730869912626,0.285307502281577,0.6373730869912626,0.285307502281577,0.35206558470968563,0.2951581552259623,1.8321320185206451,-0.13446567020781008,-0.04715517979147299,0.5,1.003651389941881,0.7670422445535153,0.3981321655632606,0.6944444444444445
stack_lightgbm_excess,25.0,2020-11-30_2021-10-31,12,0.4728259646879025,0.164192612882329,0.4728259646879025,0.164192612882329,0.3086333518055735,0.3015065390722615,1.4340039980950938,-0.13446567020780997,-0.04715517979147299,0.5,0.9816238175387069,1.0134706492608658,0.3078704802294796,0.6944444444444445
stack_lightgbm_excess,25.0,2020-12-31_2021-11-30,12,0.5795463755392429,0.10075285366229347,0.5795463755392429,0.10075285366229347,0.47879352187694946,0.3195463658563225,1.595001009640486,-0.13446567020781008,-0.04715517979147321,0.5,1.3649785329401363,1.1392466177501075,0.4748317732765408,0.6666666666666666
stack_lightgbm_excess,25.0,2021-01-31_2021-12-31,12,0.4954008627503059,0.1311417024200292,0.4954008627503059,0.1311417024200292,0.3642591603302767,0.32393417239991656,1.4015872467485186,-0.13446567020781008,-0.04715517979147299,0.4166666666666667,1.0804778257962384,1.2876834653568348,0.33109580643566305,0.6944444444444445
stack_lightgbm_excess,25.0,2021-02-28_2022-01-31,12,0.6518444496314781,0.1035559333431273,0.6518444496314781,0.1035559333431273,0.5482885162883508,0.33606877106265787,1.6694576507704117,-0.06631424131048969,-0.008710521467504728,0.5,1.5404311414814595,2.3929257519949125,0.3678148360715361,0.7222222222222222
stack_lightgbm_excess,25.0,2021-03-31_2022-02-28,12,0.8822796622276181,0.1814244316261513,0.8822796622276181,0.1814244316261513,0.7008552306014668,0.30282967905385216,2.272793615676473,-0.06631424131048969,-0.008710521467504728,0.5833333333333334,1.8190111600388337,1.931371208370554,0.4269768553222162,0.75
stack_lightgbm_excess,25.0,2021-04-30_2022-03-31,12,0.9790091737110374,0.2056999327796627,0.9790091737110374,0.2056999327796627,0.7733092409313747,0.29963512602085984,2.47136653379273,-0.029671105175070767,-0.008710521467504728,0.5833333333333334,1.9414906915538508,1.8483278384127602,0.46664023680624034,0.7499999999999999
stack_lightgbm_excess,25.0,2021-05-31_2022-04-30,12,1.1967767713372743,0.20202014645819677,1.1967767713372743,0.20202014645819677,0.9947566248790776,0.2676544538471291,3.1505165640927797,-0.029671105175070878,-0.011058901373715124,0.6666666666666666,2.5251822605338785,1.0626566901076095,0.8733941213633802,0.75
stack_lightgbm_excess,25.0,2021-06-30_2022-05-31,12,0.8978368519551121,0.1547230806668567,0.8978368519551121,0.1547230806668567,0.7431137712882554,0.2784901317998483,2.479423545361761,-0.03022757870082937,-0.04389760737316839,0.6666666666666666,2.127351794116315,1.5300964859164614,0.5778726467482826,0.7777777777777777
stack_lightgbm_excess,25.0,2021-07-31_2022-06-30,12,1.1810611650480634,0.14515293481688385,1.1810611650480634,0.14515293481688385,1.0359082302311795,0.28363620368176445,2.9596252217132215,-0.03022757870082937,-0.04389760737316839,0.75,2.6681831347630056,1.4531973524551285,0.8608269776513693,0.8055555555555555
stack_lightgbm_excess,25.0,2021-08-31_2022-07-31,12,1.131061358438711,0.16719366722844042,1.131061358438711,0.16719366722844042,0.9638676912102706,0.28334447151573,2.87493712645101,-0.03022757870082937,-0.04389760737316839,0.75,2.486089123476049,1.318613435906251,0.8053076041487326,0.8333333333333331
stack_lightgbm_excess,25.0,2021-09-30_2022-08-31,12,0.6653666648716345,0.11990803732841937,0.6653666648716345,0.11990803732841937,0.5454586275432152,0.2322630968590834,2.3439420282231964,-0.03378914511560416,-0.04389760737316817,0.6666666666666666,2.076115463692302,1.2826394388569542,0.47375410684597585,0.8333333333333331
stack_lightgbm_excess,25.0,2021-10-31_2022-09-30,12,0.7375145466166606,0.07700156092153554,0.7375145466166606,0.07700156092153554,0.6605129856951251,0.2319575855544999,2.538201914794922,-0.03378914511560416,-0.04389760737316828,0.75,2.6133466449511458,1.8719768254705271,0.5474408724958459,0.861111111111111
stack_lightgbm_excess,25.0,2021-11-30_2022-10-31,12,0.6906328459202367,0.0837751064100245,0.6906328459202367,0.0837751064100245,0.6068577395102122,0.242873072873423,2.316328115118703,-0.055852565878726335,-0.04389760737316839,0.75,2.287867713075518,1.8803381768288887,0.4908911853473177,0.861111111111111
stack_lightgbm_excess,25.0,2021-12-31_2022-11-30,12,0.4055344054847936,0.04089310124175727,0.4055344054847936,0.04089310124175727,0.3646413042430363,0.23494347231552606,1.5731498601010043,-0.10178203517787687,-0.052330809109684795,0.6666666666666666,1.7462022334611125,1.9445897389383588,0.32569745213719137,0.8333333333333334
stack_lightgbm_excess,25.0,2022-01-31_2022-12-31,12,0.6498901755932915,0.03139589518781816,0.6498901755932915,0.03139589518781816,0.6184942804054734,0.2628919217031931,2.0599889752718124,-0.10178203517787698,-0.0538908420070876,0.75,2.276553137563457,1.882647765926817,0.5967625943101307,0.8333333333333331
stack_lightgbm_excess,25.0,2022-02-28_2023-01-31,12,0.39933221330906643,-0.006523085673795559,0.39933221330906643,-0.006523085673795559,0.405855298982862,0.25835423131419216,1.4318816137394141,-0.10178203517787687,-0.053890842007087936,0.6666666666666666,1.6213950348183424,1.7330902874592111,0.4493283996663888,0.8055555555555554
stack_lightgbm_excess,25.0,2022-03-31_2023-02-28,12,0.27933860125873733,-0.03763942955797195,0.27933860125873733,-0.03763942955797195,0.3169780308167093,0.27031181592012626,1.0388913646283167,-0.10178203517787676,-0.05860315994470999,0.5833333333333334,1.3078336191623852,2.043023259107553,0.41847884844639793,0.7777777777777777
stack_lightgbm_excess,25.0,2022-04-30_2023-03-31,12,0.22944574404253482,-0.0433257664262765,0.22944574404253482,-0.0433257664262765,0.2727715104688113,0.2658578545014114,0.8995178075954718,-0.10178203517787676,-0.052003665957635614,0.5833333333333334,1.1636802636329802,1.9070417005691644,0.3708943821379489,0.7777777777777777
stack_lightgbm_excess,25.0,2022-05-31_2023-04-30,12,0.2931740877984039,-0.07213752035282106,0.2931740877984039,-0.07213752035282106,0.365311608151225,0.274773478845914,1.0658492442668108,-0.10178203517787687,-0.07596598010903766,0.5833333333333334,1.3809118409708547,0.9972296670914735,0.43223108643404906,0.7777777777777778
stack_lightgbm_excess,25.0,2022-06-30_2023-05-31,12,0.48715378128327,-0.0361282154897381,0.48715378128327,-0.0361282154897381,0.5232819967730081,0.28164119697264495,1.5563619868681613,-0.10178203517787687,-0.07596598010903755,0.5833333333333334,1.7264073556306736,0.9404029438975865,0.5868618022518917,0.7777777777777778
stack_lightgbm_excess,25.0,2022-07-31_2023-06-30,12,0.40183457145167245,-0.0028433046031512976,0.40183457145167245,-0.0028433046031512976,0.40467787605482375,0.2603301043188066,1.4309674743953493,-0.10178203517787687,-0.07596598010903743,0.5833333333333334,1.486266340013269,0.8724927398613965,0.4428844133443335,0.8055555555555555
stack_lightgbm_excess,25.0,2022-08-31_2023-07-31,12,0.3833746945772629,-0.031389184091800915,0.3833746945772629,-0.031389184091800915,0.41476387866906383,0.25903473198780047,1.3842603601231238,-0.10178203517787687,-0.0655917893195096,0.5833333333333334,1.5473571285187164,0.8858167018894032,0.46009687085858997,0.75
stack_lightgbm_excess,25.0,2022-09-30_2023-08-31,12,0.4079060563068151,-0.014331580574544756,0.4079060563068151,-0.014331580574544756,0.42223763688135985,0.254975273672356,1.4734970489001222,-0.10178203517787676,-0.06559178931950937,0.5833333333333334,1.5466296586023844,0.7081726812303012,0.45966561135344475,0.7777777777777778
stack_lightgbm_excess,25.0,2022-10-31_2023-09-30,12,0.21911276709458516,-0.04883569016310929,0.21911276709458516,-0.04883569016310929,0.26794845725769445,0.2721766862523552,0.8542329811667605,-0.09068314968509317,-0.06327241269436523,0.5,1.0726881316047754,1.0264391170926876,0.32028171752824885,0.7777777777777777
stack_lightgbm_excess,25.0,2022-11-30_2023-10-31,12,0.27798250524307533,-8.074453772832779e-05,0.27798250524307533,-8.074453772832779e-05,0.27806324978080366,0.26206033403796997,1.061184020522661,-0.10001331260804358,-0.04084242285001627,0.5,1.044133846797885,0.4801990480512921,0.31408164903295166,0.7499999999999999
stack_lightgbm_excess,25.0,2022-12-31_2023-11-30,12,0.3605532199552899,0.06162621592425688,0.3605532199552899,0.06162621592425688,0.298927004031033,0.25064297660601664,1.354761223934959,-0.10001331260804369,-0.04084242285001627,0.5,1.0519747057927153,0.11162836745822172,0.38812037638466745,0.7777777777777777
stack_lightgbm_excess,25.0,2023-01-31_2023-12-31,12,0.1578917478064481,0.05389394652891433,0.1578917478064481,0.05389394652891433,0.10399780127753377,0.20651308256065593,0.8068266554661957,-0.10001331260804358,-0.04084242285001627,0.4166666666666667,0.5156752728704487,0.29987763411547347,0.16047782911438047,0.8055555555555555
stack_lightgbm_excess,25.0,2023-02-28_2024-01-31,12,0.24546552387649512,0.06910062416905749,0.24546552387649512,0.06910062416905749,0.17636489970743763,0.19783918072582765,1.20862024822286,-0.10001331260804369,-0.04084242285001627,0.5,0.8151578239294108,0.2780536842732637,0.24294167557269364,0.8333333333333334
stack_lightgbm_excess,25.0,2023-03-31_2024-02-29,12,0.2841655272718364,0.07105311702696282,0.2841655272718364,0.07105311702696282,0.2131124102448736,0.18844337782859918,1.4255366263024913,-0.10001331260804358,-0.04084242285001627,0.5,0.9815386465550837,0.22273668123819468,0.2838572083427282,0.861111111111111
stack_lightgbm_excess,25.0,2023-04-30_2024-03-31,12,0.21097663032858294,0.04605177038880415,0.21097663032858294,0.04605177038880415,0.1649248599397788,0.19579927914454384,1.0730168292456472,-0.11901749645736981,-0.028914327222309355,0.4166666666666667,0.7913434685025232,0.2986495424038256,0.21404497648031473,0.8333333333333334
stack_lightgbm_excess,25.0,2023-05-31_2024-04-30,12,0.1570618834322317,0.05087612226469651,0.1570618834322317,0.05087612226469651,0.1061857611675352,0.18166048110081207,0.8893544532815228,-0.1190174964573697,-0.04720745865673304,0.4166666666666667,0.6176579827286265,0.645550597307723,0.13491525715905772,0.8333333333333334
stack_lightgbm_excess,25.0,2023-06-30_2024-05-31,12,0.022830068905058454,0.06029804021364593,0.022830068905058454,0.06029804021364593,-0.03746797130858748,0.1449467886324372,0.2220154469856006,-0.1190174964573697,-0.04720745865673304,0.3333333333333333,-0.21671739635344225,0.6195806949325275,-0.00633178057603756,0.8333333333333331
stack_lightgbm_excess,25.0,2023-07-31_2024-06-30,12,-0.06655824102717511,0.046802268590376395,-0.06655824102717511,0.046802268590376395,-0.11336050961755151,0.11716014211674745,-0.5319155586396013,-0.11901749645736981,-0.04720745865673304,0.25,-0.8273232584356073,0.1811221575003439,-0.0689071931258971,0.8055555555555554
stack_lightgbm_excess,25.0,2023-08-31_2024-07-31,12,-0.059147607613332376,0.10318514893952901,-0.059147607613332376,0.10318514893952901,-0.1623327565528614,0.12130575368060798,-0.4453073798121858,-0.10409590630007903,-0.04720745865673315,0.16666666666666666,-1.281019229089257,0.48420873656950847,-0.09907486467550386,0.8055555555555555
stack_lightgbm_excess,25.0,2023-09-30_2024-08-31,12,0.07051230533737884,0.08473288946892565,0.07051230533737884,0.08473288946892565,-0.01422058413154681,0.17171515415809188,0.47460850014071454,-0.051243399588552396,-0.04720745865673315,0.25,-0.024667130367672884,0.104551023533997,0.07493316831411567,0.7777777777777777
stack_lightgbm_excess,25.0,2023-10-31_2024-09-30,12,0.06527607259204093,0.12170948346779942,0.06527607259204093,0.12170948346779942,-0.05643341087575848,0.17411633712149097,0.4420858326593737,-0.07980475405995524,-0.047207458656732815,0.25,-0.20484705751017004,-0.20966566606770495,0.1069268801006682,0.7499999999999999
stack_lightgbm_excess,25.0,2023-11-30_2024-10-31,12,0.027178321090796542,0.004734660022875703,0.027178321090796542,0.004734660022875703,0.02244366106792084,0.1812655298299943,0.22937650399006032,-0.12181805451342032,-0.07254414974326939,0.3333333333333333,0.15836209846300997,0.2138588077493392,0.040139654058159335,0.7499999999999999
stack_lightgbm_excess,25.0,2023-12-31_2024-11-30,12,0.020527238669784342,-0.026522408525777696,0.020527238669784342,-0.026522408525777696,0.04704964719556204,0.18101473014165778,0.1934645786183852,-0.12181805451342043,-0.07702368625268241,0.4166666666666667,0.2871608948708298,0.20177094265671114,0.04015125725711699,0.75
stack_lightgbm_excess,25.0,2024-01-31_2024-12-31,12,-0.01965035415691374,-0.013699490369203038,-0.01965035415691374,-0.013699490369203038,-0.005950863787710703,0.18851628916803953,-0.020584363297228955,-0.16122157848637264,-0.07702368625268208,0.4166666666666667,0.023804368186484435,0.16371451736009282,-0.002436119384154556,0.75
stack_lightgbm_excess,25.0,2024-02-29_2025-01-31,12,-0.22020977480735437,-0.14290566323586873,-0.22020977480735437,-0.14290566323586873,-0.07730411157148565,0.2561651072135092,-0.838510520874467,-0.3121514376444239,-0.18252959118595857,0.3333333333333333,-0.3395879785993101,0.9049488617777331,-0.08315188923676986,0.7222222222222222
stack_lightgbm_excess,25.0,2024-03-31_2025-02-28,12,-0.17609123315173603,-0.10676537761977256,-0.17609123315173603,-0.10676537761977256,-0.06932585553196347,0.2615064841294436,-0.6094525581632987,-0.312151437644424,-0.1825295911859588,0.3333333333333333,-0.27760785675996663,0.9213412868789943,-0.06541205801462824,0.6666666666666666
stack_lightgbm_excess,25.0,2024-04-30_2025-03-31,12,-0.10608998125277014,-0.06461005552580057,-0.10608998125277014,-0.06461005552580057,-0.04147992572696957,0.2681322444677309,-0.2874911689378328,-0.3121514376444239,-0.18252959118595868,0.4166666666666667,-0.11278098280570052,0.9527215289671233,-0.02634083306653867,0.6944444444444443
stack_lightgbm_excess,25.0,2024-05-31_2025-04-30,12,-0.004375690298557,0.02942056800377868,-0.004375690298557,0.02942056800377868,-0.03379625830233568,0.3136313268984464,0.13211497199510935,-0.31215143764442377,-0.18252959118595857,0.4166666666666667,-0.011188957536948131,1.269486330900502,-0.014253223111852509,0.6388888888888888
stack_lightgbm_excess,25.0,2024-06-30_2025-05-31,12,-0.034250503822684686,-0.019239253194651806,-0.034250503822684686,-0.019239253194651806,-0.01501125062803288,0.3168203417608372,0.037414088394525744,-0.312151437644424,-0.18252959118595835,0.4166666666666667,0.07114040997577312,1.281540974303464,0.017057329741517302,0.6388888888888888
stack_lightgbm_excess,25.0,2024-07-31_2025-06-30,12,0.1241572262106756,0.03150250800801424,0.1241572262106756,0.03150250800801424,0.09265471820266136,0.3486699913460051,0.49822770461214616,-0.3121514376444239,-0.1825295911859589,0.5,0.5496896773844245,1.4091998682071432,0.10954602888382081,0.638888888888889
stack_lightgbm_excess,25.0,2024-08-31_2025-07-31,12,0.030993410068097083,0.02082724764079913,0.030993410068097083,0.02082724764079913,0.010166162427297953,0.3488393569165107,0.24761196082175385,-0.312151437644424,-0.1720911800730176,0.5,0.19741566474630176,1.3303349242411606,0.036079987301000704,0.6666666666666666
stack_lightgbm_excess,25.0,2024-09-30_2025-08-31,12,0.21976884814298114,0.07082064647411035,0.21976884814298114,0.07082064647411035,0.1489482016688708,0.4621347597133525,0.6302073914702598,-0.2524971571083374,-0.1720911800730176,0.5,0.5690650081320323,1.6181833283611506,0.16256601022846695,0.638888888888889
stack_lightgbm_excess,25.0,2024-10-31_2025-09-30,12,0.4345634825530782,0.07787885846139209,0.4345634825530782,0.07787885846139209,0.3566846240916861,0.450589424997197,1.0059758950553799,-0.22161039380481606,-0.11858833109117162,0.5833333333333334,1.0449598117528647,1.6204862947797156,0.34840274286129813,0.638888888888889
stack_lightgbm_excess,25.0,2024-11-30_2025-10-31,12,0.36684112318132733,0.1960061542824556,0.36684112318132733,0.1960061542824556,0.17083496889887173,0.46180234855502295,0.883992504362221,-0.22161039380481617,-0.11795970406671652,0.5,0.5564064896041218,1.5318686981527434,0.11369530029681152,0.638888888888889
stack_lightgbm_excess,25.0,2024-12-31_2025-11-30,12,0.40383056782408167,0.22133541890163522,0.40383056782408167,0.22133541890163522,0.18249514892244645,0.4608186487185365,0.9449732236208533,-0.17994008344383605,-0.11795970406671652,0.5,0.5726353037498317,1.5354974782801274,0.1072650111316007,0.6666666666666666
stack_lightgbm_excess,25.0,2025-01-31_2025-12-31,12,0.66100511248034,0.17166648362633885,0.66100511248034,0.17166648362633885,0.48933862885400115,0.45776051071556506,1.3311487430211764,-0.09070922693042016,-0.03669877287899381,0.5833333333333334,1.0918596483481156,1.2414451329926925,0.46884899290275794,0.638888888888889
stack_lightgbm_excess,25.0,2025-02-28_2026-01-31,12,1.1299604886034484,0.31334945156909844,1.1299604886034484,0.31334945156909844,0.81661103703435,0.3828859694185394,2.19615444100198,-0.09070922693042016,-0.04758367670999886,0.6666666666666666,1.4590851582964395,0.5094855907159545,0.9686036720386897,0.638888888888889
stack_lightgbm_excess,25.0,2025-03-31_2026-02-28,12,0.6427855232073136,0.08257309459079365,0.6427855232073136,0.08257309459079365,0.56021242861652,0.46985441198565386,1.2858225053423624,-0.20174006694222602,-0.18488813271044613,0.6666666666666666,1.2790649663743223,1.261530343490198,0.597295895767185,0.6666666666666666
stack_lightgbm_excess,25.0,2025-04-30_2026-03-31,12,0.6302762670049955,0.028079656548997578,0.6302762670049955,0.028079656548997578,0.6021966104559979,0.4699133979076651,1.2686329075711722,-0.20174006694222602,-0.19546042589812018,0.6666666666666666,1.3960090211194602,1.2882342434505965,0.6866324114955213,0.6666666666666666
stack_lightgbm_excess,25.0,2025-05-31_2026-04-30,12,0.17907346479851016,-0.14610708694572017,0.17907346479851016,-0.14610708694572017,0.32518055174423033,0.49652120377141634,0.5539802233009528,-0.30152777720874424,-0.29138146686445754,0.5833333333333334,1.0248275548536439,1.3490048794872351,0.5594469369313273,0.6944444444444445
stack_lightgbm_excess,25.0,2025-06-30_2026-05-31,12,0.06917177643941486,-0.18541351506394133,0.06917177643941486,-0.18541351506394133,0.2545852915033562,0.5171448702818723,0.35952780395622186,-0.3943239887666501,-0.34737666250868915,0.5833333333333334,0.8947814244160801,1.414887321386727,0.5332272896148484,0.6944444444444445
stack_lightgbm_excess,25.0,2025-07-31_2026-06-30,12,0.184738499152596,-0.1667764227923394,0.184738499152596,-0.1667764227923394,0.3515149219449354,0.5647431177962583,0.5490795274616423,-0.3943239887666502,-0.34737666250868904,0.5833333333333334,1.082097539148403,1.5977368843483275,0.7153653094775569,0.6944444444444445
stack_ridge_lgbm_50,25.0,2020-01-31_2020-12-31,12,0.28224924787446004,-0.013079995771551722,0.28224924787446004,-0.013079995771551722,0.29532924364601176,0.4115977666264615,0.8179999950775391,-0.2612648736885743,-0.16758179221927783,0.5833333333333334,1.2821990920129738,1.30585754743155,0.36013253327761774,0.75
stack_ridge_lgbm_50,25.0,2020-02-29_2021-01-31,12,0.6143958269199326,0.14471568274700242,0.6143958269199326,0.14471568274700242,0.46968014417293014,0.3698294044112146,1.5119357485905491,0.0,-0.07033476780972703,0.6666666666666666,1.7094348131167603,1.1782266283385199,0.43069364421702594,0.7222222222222222
stack_ridge_lgbm_50,25.0,2020-03-31_2021-02-28,12,0.9947232970545599,0.3187076559568369,0.9947232970545599,0.3187076559568369,0.6760156410977229,0.22397120712176816,3.2736048304957275,-0.08722994557206165,-0.07033476780972703,0.6666666666666666,2.1490731192975705,0.646216423148605,0.702630593729815,0.6944444444444445
stack_ridge_lgbm_50,25.0,2020-04-30_2021-03-31,12,0.9544071021171632,0.2712264885896778,0.9544071021171632,0.2712264885896778,0.6831806135274854,0.2273382720368315,3.132881879628508,-0.08722994557206165,-0.07033476780972714,0.75,2.2591479353325568,0.692102737445834,0.6888397718938146,0.6944444444444443
stack_ridge_lgbm_50,25.0,2020-05-31_2021-04-30,12,0.8799851302083239,0.2511461011810818,0.8799851302083239,0.2511461011810818,0.6288390290272421,0.24073284753484944,2.8001521032317758,-0.10615672590872016,-0.07033476780972703,0.75,2.082985006105573,0.7503859207625438,0.6236449793109504,0.6944444444444445
stack_ridge_lgbm_50,25.0,2020-06-30_2021-05-31,12,0.842867154013822,0.22018559574957508,0.842867154013822,0.22018559574957508,0.6226815582642469,0.23946824268460618,2.725977369555523,-0.10615672590872027,-0.07033476780972703,0.75,2.100416562372372,0.7378785527103466,0.6244725060805585,0.6666666666666666
stack_ridge_lgbm_50,25.0,2020-07-31_2021-06-30,12,0.6815972143638509,0.1787337447456181,0.6815972143638509,0.1787337447456181,0.5028634696182328,0.2678767199640643,2.1031913214560585,-0.11879610174321764,-0.07033476780972703,0.75,1.655359399500766,0.8197779365783794,0.5073832325168441,0.6111111111111112
stack_ridge_lgbm_50,25.0,2020-08-31_2021-07-31,12,0.5057263312917757,0.17406019021811336,0.5057263312917757,0.17406019021811336,0.3316661410736623,0.25335321580460657,1.7570863895522517,-0.11879610174321775,-0.0471551797914731,0.6666666666666666,1.250471469635029,0.81252892036251,0.3498936120425691,0.6111111111111112
stack_ridge_lgbm_50,25.0,2020-09-30_2021-08-31,12,0.7131894095581701,0.29094300690606567,0.7131894095581701,0.29094300690606567,0.42224640265210445,0.32106204441567515,1.853190393492,-0.11879610174321786,-0.0471551797914731,0.6666666666666666,1.267076550288547,1.4502345165526305,0.22958822640488363,0.5833333333333334
stack_ridge_lgbm_50,25.0,2020-10-31_2021-09-30,12,0.4927120593625969,0.285307502281577,0.4927120593625969,0.285307502281577,0.2074045570810199,0.3222154159759893,1.4020805958914233,-0.11879610174321764,-0.04715517979147299,0.5833333333333334,0.6859484019137707,1.2321573173412872,0.13695078310366404,0.5555555555555555
stack_ridge_lgbm_50,25.0,2020-11-30_2021-10-31,12,0.19517657460564908,0.164192612882329,0.19517657460564908,0.164192612882329,0.030983961723320075,0.3118609307225747,0.7095572570971697,-0.11879610174321764,-0.04715517979147299,0.5,0.22090729104366524,1.1689096170679647,0.03625125943964669,0.5555555555555555
stack_ridge_lgbm_50,25.0,2020-12-31_2021-11-30,12,0.09693065030399839,0.10075285366229347,0.09693065030399839,0.10075285366229347,-0.0038222033582950843,0.30903184113961524,0.4320080740636362,-0.12015728309348139,-0.04715517979147321,0.4166666666666667,0.11505506440701607,1.246726402712161,0.00793067664241387,0.5555555555555555
stack_ridge_lgbm_50,25.0,2021-01-31_2021-12-31,12,0.03869881412135068,0.1311417024200292,0.03869881412135068,0.1311417024200292,-0.09244288829867853,0.30742527901880373,0.2538619391117662,-0.1295991022264119,-0.04715517979147299,0.3333333333333333,-0.1795943219013764,1.5121419699683079,-0.10933437396321621,0.611111111111111
stack_ridge_lgbm_50,25.0,2021-02-28_2022-01-31,12,0.05642943202886608,0.1035559333431273,0.05642943202886608,0.1035559333431273,-0.047126501314261215,0.3128322918676167,0.30847756090720996,-0.1295991022264119,-0.008710521467504728,0.3333333333333333,-0.018809983522836714,1.8428292913981867,-0.08747057771101796,0.611111111111111
stack_ridge_lgbm_50,25.0,2021-03-31_2022-02-28,12,0.18985209724191288,0.1814244316261513,0.18985209724191288,0.1814244316261513,0.008427665615761581,0.29528079506634547,0.7172184113081839,-0.12959910222641213,-0.008710521467504728,0.4166666666666667,0.15105505456192123,1.7266224952397926,-0.07796948395472858,0.6666666666666666
stack_ridge_lgbm_50,25.0,2021-04-30_2022-03-31,12,0.13115450317564492,0.2056999327796627,0.13115450317564492,0.2056999327796627,-0.07454542960401778,0.29971351914117017,0.5392939297738644,-0.1295991022264118,-0.008710521467504728,0.3333333333333333,-0.09966005549587414,1.685428204290001,-0.14770001777654285,0.6666666666666666
stack_ridge_lgbm_50,25.0,2021-05-31_2022-04-30,12,0.21696937765138613,0.20202014645819677,0.21696937765138613,0.20202014645819677,0.01494923119318936,0.29525677074064327,0.7949609125292131,-0.12959910222641213,-0.011058901373715124,0.4166666666666667,0.16540748014244702,1.0726482008305305,0.03459710430713603,0.6944444444444445
stack_ridge_lgbm_50,25.0,2021-06-30_2022-05-31,12,0.18349846450131868,0.1547230806668567,0.18349846450131868,0.1547230806668567,0.028775383834461987,0.2925783375597947,0.7028105979462003,-0.1295991022264119,-0.04389760737316839,0.4166666666666667,0.20044852608514832,0.6177039335629736,0.12074392283736213,0.7222222222222222
stack_ridge_lgbm_50,25.0,2021-07-31_2022-06-30,12,0.3560818239124488,0.14515293481688385,0.3560818239124488,0.14515293481688385,0.21092888909556495,0.2808070120185691,1.2163062937848514,-0.1295991022264119,-0.04389760737316839,0.5,0.7266292101410154,0.5990477949140792,0.2911104325715266,0.7777777777777777
stack_ridge_lgbm_50,25.0,2021-08-31_2022-07-31,12,0.4277651656712511,0.16719366722844042,0.4277651656712511,0.16719366722844042,0.2605714984428107,0.282530242590584,1.3982774220960168,-0.1295991022264119,-0.04389760737316839,0.5833333333333334,0.8495814799939314,0.6796822786122665,0.3282967913713295,0.8055555555555555
stack_ridge_lgbm_50,25.0,2021-09-30_2022-08-31,12,0.04665077252217409,0.11990803732841937,0.04665077252217409,0.11990803732841937,-0.07325726480624528,0.2041454892650268,0.3174247177958733,-0.10233901122082578,-0.04389760737316817,0.5,-0.2691445341335841,0.7593348567581606,-0.02389099617204471,0.8055555555555555
stack_ridge_lgbm_50,25.0,2021-10-31_2022-09-30,12,0.10595054789428682,0.07700156092153554,0.10595054789428682,0.07700156092153554,0.02894898697275128,0.20101290101241812,0.5956681126930372,-0.093024340334811,-0.04389760737316828,0.5833333333333334,0.24113033032763465,1.2963342681288477,0.020122784819406103,0.8055555555555557
stack_ridge_lgbm_50,25.0,2021-11-30_2022-10-31,12,0.1989410448592801,0.0837751064100245,0.1989410448592801,0.0837751064100245,0.1151659384492556,0.17938293516152654,1.1014688252313192,-0.093024340334811,-0.04389760737316839,0.6666666666666666,0.7122383657672804,1.0850042948122096,0.11272852776174647,0.75
stack_ridge_lgbm_50,25.0,2021-12-31_2022-11-30,12,0.14436263134031768,0.04089310124175727,0.14436263134031768,0.04089310124175727,0.10346953009856041,0.1941956557072296,0.7877107539129155,-0.12750580748701712,-0.052330809109684795,0.6666666666666666,0.6773091473977495,1.3203249678359184,0.10002865642729697,0.7499999999999999
stack_ridge_lgbm_50,25.0,2022-01-31_2022-12-31,12,0.3430494538954765,0.03139589518781816,0.3430494538954765,0.03139589518781816,0.3116535587076583,0.2416909917897151,1.3435712909955035,-0.1275058074870169,-0.0538908420070876,0.75,1.3247080131782765,1.2329869611071473,0.32223156063114633,0.7222222222222222
stack_ridge_lgbm_50,25.0,2022-02-28_2023-01-31,12,0.14088847496526857,-0.006523085673795559,0.14088847496526857,-0.006523085673795559,0.14741156063906413,0.24403797715321315,0.6523009802261882,-0.127505807487017,-0.053890842007087936,0.6666666666666666,0.7016676926571686,0.996139776630473,0.17596615995502018,0.7222222222222222
stack_ridge_lgbm_50,25.0,2022-03-31_2023-02-28,12,0.06968496353797704,-0.03763942955797195,0.06968496353797704,-0.03763942955797195,0.10732439309594899,0.24819681365338406,0.3828617601883136,-0.12750580748701723,-0.05860315994470999,0.5833333333333334,0.5545394535698028,1.1064039868933613,0.1437276524540112,0.6944444444444445
stack_ridge_lgbm_50,25.0,2022-04-30_2023-03-31,12,0.08089584795034832,-0.0433257664262765,0.08089584795034832,-0.0433257664262765,0.12422161437662482,0.24654880747041946,0.42650077647563756,-0.12750580748701723,-0.052003665957635614,0.5833333333333334,0.6348786876233128,1.2952530482799214,0.1720744056655199,0.6666666666666666
stack_ridge_lgbm_50,25.0,2022-05-31_2023-04-30,12,-0.0003195382051202067,-0.07213752035282106,-0.0003195382051202067,-0.07213752035282106,0.07181798214770085,0.24929959823207654,0.10942299107875542,-0.15710228380317792,-0.07596598010903766,0.5,0.43328662078343305,1.343760524620167,0.1313245394416993,0.638888888888889
stack_ridge_lgbm_50,25.0,2022-06-30_2023-05-31,12,0.08387589564231024,-0.0361282154897381,0.08387589564231024,-0.0361282154897381,0.12000411113204834,0.27319084764204515,0.41696484400040307,-0.15710228380317792,-0.07596598010903755,0.5,0.6025523521069148,1.9269919177637391,0.19602727061434977,0.638888888888889
stack_ridge_lgbm_50,25.0,2022-07-31_2023-06-30,12,0.11983499938231157,-0.0028433046031512976,0.11983499938231157,-0.0028433046031512976,0.12267830398546287,0.28356949900490863,0.526655197023614,-0.15710228380317792,-0.07596598010903743,0.5,0.6050203353429746,1.9566221935673314,0.15943400434269073,0.6388888888888888
stack_ridge_lgbm_50,25.0,2022-08-31_2023-07-31,12,0.047878866686842825,-0.031389184091800915,0.047878866686842825,-0.031389184091800915,0.07926805077864374,0.2777323033304337,0.29115010172476646,-0.15710228380317803,-0.0655917893195096,0.4166666666666667,0.4479599575061976,2.0071678255943484,0.14899354797088726,0.5833333333333333
stack_ridge_lgbm_50,25.0,2022-09-30_2023-08-31,12,0.17275459784639802,-0.014331580574544756,0.17275459784639802,-0.014331580574544756,0.18708617842094277,0.2555217218874733,0.7394521376120644,-0.15710228380317803,-0.06559178931950937,0.5,0.8789502231517766,1.7528526331951346,0.2314967811109916,0.5555555555555555
stack_ridge_lgbm_50,25.0,2022-10-31_2023-09-30,12,0.03377065145610225,-0.04883569016310929,0.03377065145610225,-0.04883569016310929,0.08260634161921154,0.27874251692919155,0.2422443633427086,-0.15710228380317803,-0.06327241269436523,0.4166666666666667,0.46973794595706797,2.0648683275152333,0.17837042028778227,0.611111111111111
stack_ridge_lgbm_50,25.0,2022-11-30_2023-10-31,12,0.018530370918931505,-8.074453772832779e-05,0.018530370918931505,-8.074453772832779e-05,0.018611115456659832,0.2792462270899141,0.18881827973229182,-0.15710228380317803,-0.04084242285001627,0.3333333333333333,0.19247553176434892,1.2856436114290146,0.04890670855809476,0.6666666666666666
stack_ridge_lgbm_50,25.0,2022-12-31_2023-11-30,12,0.11514411920968182,0.06162621592425688,0.11514411920968182,0.06162621592425688,0.05351790328542494,0.269266780474102,0.5253522444769624,-0.15710228380317814,-0.04084242285001627,0.3333333333333333,0.31015711488799236,1.0992057376248467,0.07406168100572774,0.6666666666666666
stack_ridge_lgbm_50,25.0,2023-01-31_2023-12-31,12,-0.05389753492821214,0.05389394652891433,-0.05389753492821214,0.05389394652891433,-0.10779148145712647,0.21487800620971603,-0.1607290168351257,-0.10687350938591822,-0.04084242285001627,0.25,-0.49112532994766256,1.2564209071156587,-0.10025810956248804,0.6944444444444443
stack_ridge_lgbm_50,25.0,2023-02-28_2024-01-31,12,0.04594035850310485,0.06910062416905749,0.04594035850310485,0.06910062416905749,-0.02316026566595264,0.20582773844589783,0.3111752014025443,-0.10687350938591822,-0.04084242285001627,0.3333333333333333,-0.037923266281260866,1.2428606625530787,-0.023521607425442626,0.6944444444444445
stack_ridge_lgbm_50,25.0,2023-03-31_2024-02-29,12,0.07583235463277815,0.07105311702696282,0.07583235463277815,0.07105311702696282,0.004779237605815334,0.20157549747413878,0.45439800687311727,-0.10687350938591833,-0.04084242285001627,0.3333333333333333,0.11142930236931696,1.2023182047448047,0.004458388269735103,0.6944444444444445
stack_ridge_lgbm_50,25.0,2023-04-30_2024-03-31,12,0.09336645860395998,0.04605177038880415,0.09336645860395998,0.04605177038880415,0.04731468821515583,0.19951236257094204,0.5388678660798486,-0.10687350938591833,-0.028914327222309355,0.3333333333333333,0.35478591190483155,1.272460396172914,0.04642483461132918,0.7222222222222222
stack_ridge_lgbm_50,25.0,2023-05-31_2024-04-30,12,0.18113810406960829,0.05087612226469651,0.18113810406960829,0.05087612226469651,0.13026198180491178,0.1930381724394148,0.9555628513172573,-0.10687350938591822,-0.04720745865673304,0.4166666666666667,0.7360318638883029,0.8586340066634274,0.14797341305524703,0.75
stack_ridge_lgbm_50,25.0,2023-06-30_2024-05-31,12,0.05937583322709772,0.06029804021364593,0.05937583322709772,0.06029804021364593,-0.000922206986548213,0.15946864299789493,0.4357665547247397,-0.10687350938591833,-0.04720745865673304,0.3333333333333333,0.0514649401568894,0.8446922947978474,0.01709361848374691,0.75
stack_ridge_lgbm_50,25.0,2023-07-31_2024-06-30,12,-0.03822915998568821,0.046802268590376395,-0.03822915998568821,0.046802268590376395,-0.0850314285760646,0.11877676545543328,-0.2708689699235346,-0.10687350938591822,-0.04720745865673304,0.25,-0.6428859060329708,0.36741431832917365,-0.04901899533351706,0.7222222222222222
stack_ridge_lgbm_50,25.0,2023-08-31_2024-07-31,12,0.01636314653386184,0.10318514893952901,0.01636314653386184,0.10318514893952901,-0.08682200240566718,0.13155801318788654,0.18573496756330357,-0.10687350938591822,-0.04720745865673315,0.25,-0.622246781766089,0.5712597161321235,-0.03385490396775093,0.7222222222222222
stack_ridge_lgbm_50,25.0,2023-09-30_2024-08-31,12,0.10151200053205711,0.08473288946892565,0.10151200053205711,0.08473288946892565,0.016779111063131458,0.16418188393371844,0.6667885390833481,-0.01607688992116263,-0.04720745865673315,0.25,0.1306596364450448,0.27938233586036837,0.08878934783948433,0.7777777777777777
stack_ridge_lgbm_50,25.0,2023-10-31_2024-09-30,12,0.12332234230117622,0.12170948346779942,0.12332234230117622,0.12170948346779942,0.0016128588333768068,0.15212040246850647,0.8372132719087728,-0.078971420726622,-0.047207458656732815,0.25,0.042803765945156745,-0.11518917496478555,0.15061111843437347,0.7222222222222222
stack_ridge_lgbm_50,25.0,2023-11-30_2024-10-31,12,0.06873408163037609,0.004734660022875703,0.06873408163037609,0.004734660022875703,0.06399942160750038,0.1665112784130642,0.47624983437257645,-0.13345045785688436,-0.07254414974326939,0.3333333333333333,0.4008516868729015,0.4106603242199474,0.07779989432373613,0.6944444444444443
stack_ridge_lgbm_50,25.0,2023-12-31_2024-11-30,12,0.09964180416819657,-0.026522408525777696,0.09964180416819657,-0.026522408525777696,0.12616421269397426,0.17245024033052142,0.631604180462762,-0.13345045785688425,-0.07702368625268241,0.4166666666666667,0.7262209288699532,0.3759305125869956,0.12363655387970662,0.6944444444444445
stack_ridge_lgbm_50,25.0,2024-01-31_2024-12-31,12,0.060556976558919784,-0.013699490369203038,0.060556976558919784,-0.013699490369203038,0.07425646692812282,0.181112363797897,0.4080842982857385,-0.13345045785688425,-0.07702368625268208,0.4166666666666667,0.43284168091911635,0.3281607107104977,0.07956062972864619,0.6666666666666666
stack_ridge_lgbm_50,25.0,2024-02-29_2025-01-31,12,-0.13187093956212004,-0.14290566323586873,-0.13187093956212004,-0.14290566323586873,0.011034723673748692,0.23878374676364256,-0.4752684642320484,-0.26656656227171127,-0.18252959118595857,0.3333333333333333,0.14475550724221914,0.8935587625064162,0.013275861465400718,0.638888888888889
stack_ridge_lgbm_50,25.0,2024-03-31_2025-02-28,12,-0.04636407246230345,-0.10676537761977256,-0.04636407246230345,-0.10676537761977256,0.06040130515746911,0.25834797263175263,-0.061291086041635,-0.26656656227171127,-0.1825295911859588,0.4166666666666667,0.4175285396403269,0.9981739350329818,0.08703780509685122,0.638888888888889
stack_ridge_lgbm_50,25.0,2024-04-30_2025-03-31,12,-0.005643186937492106,-0.06461005552580057,-0.005643186937492106,-0.06461005552580057,0.05896686858830846,0.2606932200217905,0.10181584392287256,-0.26656656227171127,-0.18252959118595868,0.4166666666666667,0.39489107742332435,0.9783015179639013,0.08119117364185868,0.6666666666666666
stack_ridge_lgbm_50,25.0,2024-05-31_2025-04-30,12,0.008512308337835783,0.02942056800377868,0.008512308337835783,0.02942056800377868,-0.020908259665942897,0.26315199857946103,0.15688248035515412,-0.26656656227171105,-0.18252959118595857,0.3333333333333333,-0.014094669841577256,1.0379829729107843,-0.004317575423216757,0.638888888888889
stack_ridge_lgbm_50,25.0,2024-06-30_2025-05-31,12,-0.04496727647996346,-0.019239253194651806,-0.04496727647996346,-0.019239253194651806,-0.025728023285311652,0.2691266727177451,-0.04369197557210184,-0.2665665622717114,-0.18252959118595835,0.3333333333333333,-0.041281557828761445,1.0629275924713224,-0.007525914457950256,0.6111111111111112
stack_ridge_lgbm_50,25.0,2024-07-31_2025-06-30,12,0.0942983852187893,0.03150250800801424,0.0942983852187893,0.03150250800801424,0.06279587721077506,0.3076432664041256,0.43661605004125886,-0.26656656227171094,-0.1825295911859589,0.4166666666666667,0.42933556515711924,1.2160416291600566,0.07710617781085483,0.638888888888889
stack_ridge_lgbm_50,25.0,2024-08-31_2025-07-31,12,0.0841473850299097,0.02082724764079913,0.0841473850299097,0.02082724764079913,0.06332013738911058,0.3063156883472431,0.4065931159288446,-0.26656656227171127,-0.1720911800730176,0.4166666666666667,0.4353494436663171,1.2274278685582527,0.08042204453758983,0.6666666666666666
stack_ridge_lgbm_50,25.0,2024-09-30_2025-08-31,12,0.24793350557910054,0.07082064647411035,0.24793350557910054,0.07082064647411035,0.1771128591049902,0.3924080398348416,0.740917375159232,-0.203680043992867,-0.1720911800730176,0.4166666666666667,0.7139302223039377,1.459642432464048,0.17779331752139216,0.6666666666666666
stack_ridge_lgbm_50,25.0,2024-10-31_2025-09-30,12,0.4502836716918477,0.07787885846139209,0.4502836716918477,0.07787885846139209,0.3724048132304556,0.3777046796286739,1.165156485458306,-0.19682916428684938,-0.11858833109117162,0.5,1.3068439060433488,1.4603857225441053,0.35061744420287,0.6666666666666666
stack_ridge_lgbm_50,25.0,2024-11-30_2025-10-31,12,0.3949489644657376,0.1960061542824556,0.3949489644657376,0.1960061542824556,0.19894281018328197,0.3891716591034505,1.0385840951613914,-0.19682916428684938,-0.11795970406671652,0.4166666666666667,0.6649683818444541,1.3138430307295508,0.15712856157570299,0.6944444444444443
stack_ridge_lgbm_50,25.0,2024-12-31_2025-11-30,12,0.4977279011898661,0.22133541890163522,0.4977279011898661,0.22133541890163522,0.2763924822882309,0.40111295562024085,1.2012352188038264,-0.15457445268040626,-0.11795970406671652,0.4166666666666667,0.8119300042334111,1.3449208765680674,0.20750232876982166,0.6944444444444443
stack_ridge_lgbm_50,25.0,2025-01-31_2025-12-31,12,0.7705495096163841,0.17166648362633885,0.7705495096163841,0.17166648362633885,0.5988830259900453,0.395989105365584,1.653792266661456,-0.09504777515381113,-0.03669877287899381,0.5,1.4019673860481876,1.0718201165793404,0.5797878192543817,0.6944444444444443
stack_ridge_lgbm_50,25.0,2025-02-28_2026-01-31,12,1.167238150110125,0.31334945156909844,1.167238150110125,0.31334945156909844,0.8538886985410266,0.32596146925466485,2.5901831108470152,-0.09504777515381113,-0.04758367670999886,0.5833333333333334,1.6957299594556148,0.39133834314717814,1.0382375688060477,0.6944444444444445
stack_ridge_lgbm_50,25.0,2025-03-31_2026-02-28,12,0.623297358666038,0.08257309459079365,0.623297358666038,0.08257309459079365,0.5407242640752443,0.412065129515048,1.3855992808156867,-0.18425578020887534,-0.18488813271044613,0.5,1.375170968800392,1.111409244292735,0.569667665136355,0.7222222222222222
stack_ridge_lgbm_50,25.0,2025-04-30_2026-03-31,12,0.46714451662178824,0.028079656548997578,0.46714451662178824,0.028079656548997578,0.43906486007279066,0.42717894830581804,1.103553179486454,-0.2370687951995496,-0.19546042589812018,0.5,1.2030473112925022,1.193275498408707,0.5024968883161502,0.6944444444444443
stack_ridge_lgbm_50,25.0,2025-05-31_2026-04-30,12,0.25184358412015717,-0.14610708694572017,0.25184358412015717,-0.14610708694572017,0.39795067106587734,0.4500556576922663,0.7050088651811781,-0.3163203634577688,-0.29138146686445754,0.5833333333333334,1.2854504695403306,1.2683266426607136,0.6076164474894568,0.6944444444444443
stack_ridge_lgbm_50,25.0,2025-06-30_2026-05-31,12,0.29820657936342654,-0.18541351506394133,0.29820657936342654,-0.18541351506394133,0.48362009442736786,0.44465473920706167,0.7924678833558154,-0.3284141630522591,-0.34737666250868915,0.6666666666666666,1.5341883193484505,1.1972390052320259,0.7339124694628842,0.6944444444444445
stack_ridge_lgbm_50,25.0,2025-07-31_2026-06-30,12,0.43492758999205305,-0.1667764227923394,0.43492758999205305,-0.1667764227923394,0.6017040127843925,0.49353971656742257,0.958910811019534,-0.32841416305225923,-0.34737666250868904,0.6666666666666666,1.7139178412896159,1.3869986547625388,0.943467175938375,0.6666666666666666
stack_base_ridge_50,25.0,2020-01-31_2020-12-31,12,-0.03745330064762875,-0.013079995771551722,-0.03745330064762875,-0.013079995771551722,-0.02437330487607703,0.4153898252317261,0.1131299731465475,-0.24163053021486414,-0.16758179221927783,0.5,0.10990849155347687,1.310956989616165,0.021984386668663536,0.8055555555555555
stack_base_ridge_50,25.0,2020-02-29_2021-01-31,12,0.3280469892328097,0.14471568274700242,0.3280469892328097,0.14471568274700242,0.1833313064858073,0.34371619656034963,1.002542382745283,-0.08851588861425974,-0.07033476780972703,0.5833333333333334,0.8759568117702102,1.1191957795014724,0.17087121352529744,0.7777777777777777
stack_base_ridge_50,25.0,2020-03-31_2021-02-28,12,0.5335781053448236,0.3187076559568369,0.5335781053448236,0.3187076559568369,0.21487044938798672,0.26364597335059703,1.7710116100087139,-0.08851588861425974,-0.07033476780972703,0.5833333333333334,0.8499021133526,0.9935925709766933,0.1912175722919809,0.7222222222222223
stack_base_ridge_50,25.0,2020-04-30_2021-03-31,12,0.6822011020730563,0.2712264885896778,0.6822011020730563,0.2712264885896778,0.4109746134833785,0.24905846855952313,2.2480689598757757,-0.08851588861425974,-0.07033476780972714,0.6666666666666666,1.6958092145695345,1.031566574310593,0.34059711208530064,0.7222222222222222
stack_base_ridge_50,25.0,2020-05-31_2021-04-30,12,0.6323115466845894,0.2511461011810818,0.6323115466845894,0.2511461011810818,0.3811654455035076,0.2522006587051359,2.098080661759303,-0.08851588861425985,-0.07033476780972703,0.6666666666666666,1.6109655563467729,1.0441387039138568,0.3180777842207636,0.6666666666666666
stack_base_ridge_50,25.0,2020-06-30_2021-05-31,12,0.7134282040154649,0.22018559574957508,0.7134282040154649,0.22018559574957508,0.49324260826588984,0.25500062085998954,2.276399973907467,-0.08851588861425985,-0.07033476780972703,0.6666666666666666,1.9757703328580625,1.0329826906033306,0.42544210922905545,0.6944444444444443
stack_base_ridge_50,25.0,2020-07-31_2021-06-30,12,0.749369953305512,0.1787337447456181,0.749369953305512,0.1787337447456181,0.5706362085598939,0.25350604781888414,2.374411693414841,-0.08851588861425974,-0.07033476780972703,0.75,2.4275276886308426,1.1151254364158716,0.48705623926295694,0.6944444444444445
stack_base_ridge_50,25.0,2020-08-31_2021-07-31,12,0.5985557357304896,0.17406019021811336,0.5985557357304896,0.17406019021811336,0.4244955455123762,0.2380830205384673,2.1188739771428895,-0.08722994557206154,-0.0471551797914731,0.75,2.1630645563574524,1.1073925475974742,0.3604731660650131,0.6944444444444443
stack_base_ridge_50,25.0,2020-09-30_2021-08-31,12,1.0398922582817773,0.29094300690606567,1.0398922582817773,0.29094300690606567,0.7489492513757117,0.21983805078409885,3.4394163528811337,-0.08722994557206165,-0.0471551797914731,0.8333333333333334,2.7039285375291917,0.9116538774379853,0.6527992803753544,0.6666666666666666
stack_base_ridge_50,25.0,2020-10-31_2021-09-30,12,0.614967346668436,0.285307502281577,0.614967346668436,0.285307502281577,0.329659844386859,0.2605887811318877,1.9957243447692556,-0.10286502460489788,-0.04715517979147299,0.75,1.0012116452118527,0.5385240927130768,0.4522993087373779,0.611111111111111
stack_base_ridge_50,25.0,2020-11-30_2021-10-31,12,0.39482398827039744,0.164192612882329,0.39482398827039744,0.164192612882329,0.23063137538806844,0.2723554011527607,1.3628155079235917,-0.15365681431978195,-0.04715517979147299,0.75,0.7974102400992802,0.6259252345933574,0.3083182664267594,0.5833333333333334
stack_base_ridge_50,25.0,2020-12-31_2021-11-30,12,0.29378772326142144,0.10075285366229347,0.29378772326142144,0.10075285366229347,0.19303486959912797,0.27215253622838476,1.0798340169966731,-0.16235710067317444,-0.04715517979147321,0.6666666666666666,0.7199047558329674,0.6083486303687266,0.25906035430790264,0.5555555555555555
stack_base_ridge_50,25.0,2021-01-31_2021-12-31,12,0.2797624396295033,0.1311417024200292,0.2797624396295033,0.1311417024200292,0.1486207372094741,0.26948509787341546,1.0468312337542254,-0.16235710067317422,-0.04715517979147299,0.6666666666666666,0.6010713778299943,0.884631875203177,0.18276810949253308,0.5833333333333334
stack_base_ridge_50,25.0,2021-02-28_2022-01-31,12,0.37162516896037956,0.1035559333431273,0.37162516896037956,0.1035559333431273,0.26806923561725227,0.2973837919239097,1.2096279391767355,-0.16235710067317444,-0.008710521467504728,0.6666666666666666,0.9265198941684724,1.3625115201019296,0.2447629378268783,0.5833333333333334
stack_base_ridge_50,25.0,2021-03-31_2022-02-28,12,0.5453283332762535,0.1814244316261513,0.5453283332762535,0.1814244316261513,0.3639039016501022,0.26877299003827376,1.7684712699115428,-0.16235710067317444,-0.008710521467504728,0.75,1.1342639289864345,0.4380847670677072,0.4836426046950275,0.6111111111111112
stack_base_ridge_50,25.0,2021-04-30_2022-03-31,12,0.39352019124988225,0.2056999327796627,0.39352019124988225,0.2056999327796627,0.18782025847021955,0.2829145864793842,1.3146446435161536,-0.16235710067317433,-0.008710521467504728,0.6666666666666666,0.63800833668645,0.3296212456925299,0.35710626120415645,0.638888888888889
stack_base_ridge_50,25.0,2021-05-31_2022-04-30,12,0.45122093824748544,0.20202014645819677,0.45122093824748544,0.20202014645819677,0.24920079178928867,0.2820512866254207,1.466431681418894,-0.16235710067317444,-0.011058901373715124,0.6666666666666666,0.7855329453039983,0.005278489195909325,0.5003314145814346,0.6944444444444445
stack_base_ridge_50,25.0,2021-06-30_2022-05-31,12,0.33772808883458993,0.1547230806668567,0.33772808883458993,0.1547230806668567,0.18300500816773324,0.27833918409759173,1.18125289857694,-0.16235710067317444,-0.04389760737316839,0.6666666666666666,0.6436344816485574,0.3429397830317231,0.31658369510300655,0.6944444444444445
stack_base_ridge_50,25.0,2021-07-31_2022-06-30,12,0.4702310745546292,0.14515293481688385,0.4702310745546292,0.14515293481688385,0.32507813973774535,0.3030645527661801,1.4260089693441733,-0.16235710067317433,-0.04389760737316839,0.6666666666666666,0.9489843967298797,0.20681129708128906,0.48702927096015536,0.6944444444444445
stack_base_ridge_50,25.0,2021-08-31_2022-07-31,12,0.43939113313299516,0.16719366722844042,0.43939113313299516,0.16719366722844042,0.27219746590455474,0.30407067752350614,1.3500274595395974,-0.16235710067317444,-0.04389760737316839,0.5833333333333334,0.8068146580719833,0.11183997254024976,0.47178950589874336,0.6666666666666666
stack_base_ridge_50,25.0,2021-09-30_2022-08-31,12,0.1302489440405301,0.11990803732841937,0.1302489440405301,0.11990803732841937,0.010340906712110742,0.29085402664700416,0.5524929817818532,-0.08667817423253255,-0.04389760737316817,0.5,0.14812464740780587,0.37731949390633623,0.12291651952852978,0.6666666666666666
stack_base_ridge_50,25.0,2021-10-31_2022-09-30,12,0.24551183531670961,0.07700156092153554,0.24551183531670961,0.07700156092153554,0.16851027439517408,0.2641212813122417,0.9548064983778632,-0.09706731712739114,-0.04389760737316828,0.5,0.7197761612439114,1.4331582818996327,0.15145008293007534,0.6666666666666666
stack_base_ridge_50,25.0,2021-11-30_2022-10-31,12,0.19356039876854036,0.0837751064100245,0.19356039876854036,0.0837751064100245,0.10978529235851586,0.2792369978330642,0.7622030393857313,-0.18371723119869254,-0.04389760737316839,0.5,0.4987367428310737,1.4542285017328886,0.09578022177523726,0.6388888888888887
stack_base_ridge_50,25.0,2021-12-31_2022-11-30,12,0.05867656282628464,0.04089310124175727,0.05867656282628464,0.04089310124175727,0.01778346158452737,0.3119616738615636,0.32371722448455015,-0.2834080316274349,-0.052330809109684795,0.5,0.20741934254612268,1.9336278862650225,0.01727353839120571,0.611111111111111
stack_base_ridge_50,25.0,2022-01-31_2022-12-31,12,0.1458167258009957,0.03139589518781816,0.1458167258009957,0.03139589518781816,0.11442083061317754,0.343310465256918,0.5517394060953058,-0.283408031627435,-0.0538908420070876,0.5,0.49113844095126025,1.7763474583644643,0.13659105746446754,0.5555555555555555
stack_base_ridge_50,25.0,2022-02-28_2023-01-31,12,-0.06575354052714188,-0.006523085673795559,-0.06575354052714188,-0.006523085673795559,-0.059230454853346326,0.31115519026280614,-0.07898060778375499,-0.2834080316274349,-0.053890842007087936,0.4166666666666667,-0.06863925901074996,1.148510809786801,-0.01977773755209178,0.5277777777777777
stack_base_ridge_50,25.0,2022-03-31_2023-02-28,12,-0.13053626761755288,-0.03763942955797195,-0.13053626761755288,-0.03763942955797195,-0.09289683805958093,0.3117226296112143,-0.30759475693359867,-0.2834080316274351,-0.05860315994470999,0.3333333333333333,-0.19802147021921895,1.1730007644938965,-0.05216293692990159,0.5555555555555555
stack_base_ridge_50,25.0,2022-04-30_2023-03-31,12,-0.1631972641251136,-0.0433257664262765,-0.1631972641251136,-0.0433257664262765,-0.11987149769883709,0.3190383720489151,-0.41228214386005796,-0.3117242528713049,-0.052003665957635614,0.3333333333333333,-0.28796138363671375,1.1415423847071668,-0.08023427232160685,0.5277777777777778
stack_base_ridge_50,25.0,2022-05-31_2023-04-30,12,-0.25169063301613404,-0.07213752035282106,-0.25169063301613404,-0.07213752035282106,-0.17955311266331297,0.3158535166236296,-0.7673918315671738,-0.35484065934500886,-0.07596598010903766,0.25,-0.5648694310183711,1.2672398482064493,-0.14110281957827298,0.5
stack_base_ridge_50,25.0,2022-06-30_2023-05-31,12,-0.19886481203119633,-0.0361282154897381,-0.19886481203119633,-0.0361282154897381,-0.16273659654145822,0.3283572769383873,-0.5232304081358462,-0.35484065934500886,-0.07596598010903755,0.25,-0.4444338352316431,1.7587616797358654,-0.10567713278980706,0.5000000000000001
stack_base_ridge_50,25.0,2022-07-31_2023-06-30,12,-0.20778447447506543,-0.0028433046031512976,-0.20778447447506543,-0.0028433046031512976,-0.20494116987191413,0.3216873638244525,-0.5737819360514622,-0.35484065934500875,-0.07596598010903743,0.25,-0.6458727218196502,2.0971342353243387,-0.17018492079055347,0.5
stack_base_ridge_50,25.0,2022-08-31_2023-07-31,12,-0.057391801151198796,-0.031389184091800915,-0.057391801151198796,-0.031389184091800915,-0.02600261705939788,0.3892876877152512,0.019049094274598125,-0.2936122597170373,-0.0655917893195096,0.3333333333333333,0.10261287096163914,2.6225643918715518,0.0876181004690828,0.5277777777777778
stack_base_ridge_50,25.0,2022-09-30_2023-08-31,12,0.08372673263259078,-0.014331580574544756,0.08372673263259078,-0.014331580574544756,0.09805831320713554,0.37973431328005613,0.3796065385074734,-0.28548456281096435,-0.06559178931950937,0.4166666666666667,0.44357191437956817,2.447459815190624,0.18811618894097348,0.5277777777777778
stack_base_ridge_50,25.0,2022-10-31_2023-09-30,12,0.011578059700326548,-0.04883569016310929,0.011578059700326548,-0.04883569016310929,0.06041374986343584,0.3897288241288533,0.2009918640410855,-0.2257237073408367,-0.06327241269436523,0.4166666666666667,0.3525006748624774,2.666637886677495,0.22486214595118148,0.5833333333333334
stack_base_ridge_50,25.0,2022-11-30_2023-10-31,12,0.37979466378006843,-8.074453772832779e-05,0.37979466378006843,-8.074453772832779e-05,0.37987540831779676,0.4319596881360059,0.9431505761100885,-0.2257237073408367,-0.04084242285001627,0.5,1.0737177906475504,3.1639193509986754,0.47552132515330947,0.6388888888888888
stack_base_ridge_50,25.0,2022-12-31_2023-11-30,12,0.5652722553285403,0.06162621592425688,0.5652722553285403,0.06162621592425688,0.5036460394042834,0.4004115724241292,1.3121752901287702,-0.2257237073408367,-0.04084242285001627,0.5,1.2859361084854168,2.511642650098179,0.4339790175682794,0.6944444444444443
stack_base_ridge_50,25.0,2023-01-31_2023-12-31,12,0.27491073085917495,0.05389394652891433,0.27491073085917495,0.05389394652891433,0.22101678433026062,0.3883969922385893,0.7974085995689655,-0.18061259086617076,-0.04084242285001627,0.4166666666666667,0.7468385725530248,2.7442530807378214,0.16696748399146388,0.7222222222222222
stack_base_ridge_50,25.0,2023-02-28_2024-01-31,12,0.40094112597540743,0.06910062416905749,0.40094112597540743,0.06910062416905749,0.33184050180634994,0.37828204488450795,1.0656678137966447,-0.14384465866188756,-0.04084242285001627,0.5,1.0106524021165058,2.674372111700354,0.2364552137180529,0.7222222222222222
stack_base_ridge_50,25.0,2023-03-31_2024-02-29,12,0.4238039406718719,0.07105311702696282,0.4238039406718719,0.07105311702696282,0.35275082364490906,0.37514398547746697,1.116216106662032,-0.07719242267809967,-0.04084242285001627,0.5,1.0613276468157684,2.648588221959647,0.2518860616032239,0.7222222222222222
stack_base_ridge_50,25.0,2023-04-30_2024-03-31,12,0.5767286827300027,0.04605177038880415,0.5767286827300027,0.04605177038880415,0.5306769123411985,0.35262771274277466,1.46569096099834,-0.07719242267809978,-0.028914327222309355,0.5833333333333334,1.5936235151347207,2.8749200644045194,0.4489960708444116,0.6944444444444445
stack_base_ridge_50,25.0,2023-05-31_2024-04-30,12,0.796069633203285,0.05087612226469651,0.796069633203285,0.05087612226469651,0.7451935109385885,0.3335770889363162,1.9403015835279611,-0.07719242267809978,-0.04720745865673304,0.6666666666666666,2.032475410694538,2.199894135314896,0.6801122230215988,0.6944444444444443
stack_base_ridge_50,25.0,2023-06-30_2024-05-31,12,0.5685002565014179,0.06029804021364593,0.5685002565014179,0.06029804021364593,0.508202216287772,0.3532869661651018,1.4481813135775354,-0.07719242267809967,-0.04720745865673304,0.5833333333333334,1.413270771306615,2.0415900457905134,0.46027403992863003,0.6944444444444443
stack_base_ridge_50,25.0,2023-07-31_2024-06-30,12,0.40503627681103826,0.046802268590376395,0.40503627681103826,0.046802268590376395,0.35823400822066187,0.3393070433527851,1.1594352204720413,-0.07719242267809978,-0.04720745865673304,0.5,1.0935453982191787,1.663418238798399,0.3607031395862992,0.7222222222222222
stack_base_ridge_50,25.0,2023-08-31_2024-07-31,12,0.16231973088522222,0.10318514893952901,0.16231973088522222,0.10318514893952901,0.05913458194569321,0.28457255132372666,0.6519557574279744,-0.07719242267809978,-0.04720745865673315,0.4166666666666667,0.31240919561254527,1.0782542012096408,0.07708973405713948,0.6944444444444445
stack_base_ridge_50,25.0,2023-09-30_2024-08-31,12,0.1741560359845915,0.08473288946892565,0.1741560359845915,0.08473288946892565,0.08942314651566585,0.28618699555756777,0.6856419040784537,-0.06527569862567661,-0.04720745865673315,0.4166666666666667,0.40615544159471734,0.9187762048834058,0.12342350430372817,0.7499999999999999
stack_base_ridge_50,25.0,2023-10-31_2024-09-30,12,0.23084005134975283,0.12170948346779942,0.23084005134975283,0.12170948346779942,0.10913056788195341,0.27348714723577167,0.8803763467483728,-0.06527569862567661,-0.047207458656732815,0.4166666666666667,0.4523771092589039,0.6606766514747662,0.17441755849745122,0.7222222222222222
stack_base_ridge_50,25.0,2023-11-30_2024-10-31,12,-0.0736077751016665,0.004734660022875703,-0.0736077751016665,0.004734660022875703,-0.0783424351245422,0.16140641188648241,-0.3979806294364511,-0.1021980304599871,-0.07254414974326939,0.3333333333333333,-0.3929390863228436,0.08262883998447323,-0.06316457936312103,0.7222222222222222
stack_base_ridge_50,25.0,2023-12-31_2024-11-30,12,-0.05656040845432975,-0.026522408525777696,-0.05656040845432975,-0.026522408525777696,-0.03003799992855205,0.16259505357487164,-0.2823613825992791,-0.10219803045998699,-0.07702368625268241,0.4166666666666667,-0.12753114141407784,0.07930378303620854,-0.04329333372549704,0.6666666666666666
stack_base_ridge_50,25.0,2024-01-31_2024-12-31,12,-0.05363715760002541,-0.013699490369203038,-0.05363715760002541,-0.013699490369203038,-0.03993766723082237,0.1616522905428258,-0.265854679029071,-0.13495431035543015,-0.07702368625268208,0.4166666666666667,-0.17862910069323887,0.016330052530004722,-0.042001284636284275,0.6666666666666666
stack_base_ridge_50,25.0,2024-02-29_2025-01-31,12,-0.18412805666088372,-0.14290566323586873,-0.18412805666088372,-0.14290566323586873,-0.04122239342501499,0.18311155416302688,-1.016602816942722,-0.22562709487294552,-0.18252959118595857,0.4166666666666667,-0.23353224595215027,0.44602103121767644,-0.11622434429495354,0.6666666666666666
stack_base_ridge_50,25.0,2024-03-31_2025-02-28,12,-0.06271107290447075,-0.10676537761977256,-0.06271107290447075,-0.10676537761977256,0.044054304715301806,0.22528170563917677,-0.18376884312562192,-0.22562709487294563,-0.1825295911859588,0.5,0.28408209949473073,0.6615947957308764,0.024882848209613506,0.6388888888888888
stack_base_ridge_50,25.0,2024-04-30_2025-03-31,12,0.009369352563574518,-0.06461005552580057,0.009369352563574518,-0.06461005552580057,0.07397940808937509,0.2435883365087959,0.14937393110118988,-0.22562709487294563,-0.18252959118595868,0.5,0.4251917902457959,0.7649939510596779,0.07963900095337739,0.6666666666666666
stack_base_ridge_50,25.0,2024-05-31_2025-04-30,12,0.13359789392547383,0.02942056800377868,0.13359789392547383,0.02942056800377868,0.10417732592169515,0.30848300721539607,0.5439517025365311,-0.22562709487294563,-0.18252959118595857,0.5,0.5400297804432127,1.1792051552016911,0.12235302049996322,0.6666666666666666
stack_base_ridge_50,25.0,2024-06-30_2025-05-31,12,0.1597385936677409,-0.019239253194651806,0.1597385936677409,-0.019239253194651806,0.1789778468623927,0.30314838742030875,0.6246265901769129,-0.22562709487294563,-0.18252959118595835,0.5,0.9220632857409665,1.2350336568522782,0.21250325293628558,0.6944444444444445
stack_base_ridge_50,25.0,2024-07-31_2025-06-30,12,0.5561440108038438,0.03150250800801424,0.5561440108038438,0.03150250800801424,0.5246415027958296,0.4613064154826216,1.1633842581289346,-0.22562709487294563,-0.1825295911859589,0.5833333333333334,1.449874821456936,1.7910906013223462,0.5533236716855361,0.6944444444444445
stack_base_ridge_50,25.0,2024-08-31_2025-07-31,12,0.4594008551510851,0.02082724764079913,0.4594008551510851,0.02082724764079913,0.43857360751028596,0.4725288064938981,1.0047841281078187,-0.22562709487294563,-0.1720911800730176,0.5833333333333334,1.2248692554329879,1.7840500647922375,0.49155809935024,0.7222222222222222
stack_base_ridge_50,25.0,2024-09-30_2025-08-31,12,0.8201612337842188,0.07082064647411035,0.8201612337842188,0.07082064647411035,0.7493405873101084,0.5515060774205802,1.3363479834138658,-0.19949657896471684,-0.1720911800730176,0.5833333333333334,1.4812757410347002,1.9822533059793508,0.7384276824173188,0.6666666666666666
stack_base_ridge_50,25.0,2024-10-31_2025-09-30,12,1.0363157618844117,0.07787885846139209,1.0363157618844117,0.07787885846139209,0.9584369034230196,0.5420152807374577,1.571695988973679,-0.14956002649323263,-0.11858833109117162,0.6666666666666666,1.7754669333943767,1.9793440141040874,0.9155365236292925,0.6666666666666666
stack_base_ridge_50,25.0,2024-11-30_2025-10-31,12,0.9052816834134918,0.1960061542824556,0.9052816834134918,0.1960061542824556,0.7092755291310362,0.562108957065392,1.4092667518453739,-0.14956002649323263,-0.11795970406671652,0.6666666666666666,1.2284604698974977,1.7265534255377468,0.5614093633293304,0.638888888888889
stack_base_ridge_50,25.0,2024-12-31_2025-11-30,12,1.0039629986828258,0.22133541890163522,1.0039629986828258,0.22133541890163522,0.7826275797811906,0.5592746380134923,1.51033269370206,-0.13162429058390734,-0.11795970406671652,0.6666666666666666,1.2963301760573762,1.7146476794663288,0.5898130418289969,0.6666666666666666
stack_base_ridge_50,25.0,2025-01-31_2025-12-31,12,1.2587683159138416,0.17166648362633885,1.2587683159138416,0.17166648362633885,1.0871018322875028,0.5437419917265206,1.7756333900922832,-0.13162429058390734,-0.03669877287899381,0.75,1.6712731190788064,1.5326091237724044,0.9662970629344712,0.6666666666666666
stack_base_ridge_50,25.0,2025-02-28_2026-01-31,12,1.5976464399213546,0.31334945156909844,1.5976464399213546,0.31334945156909844,1.2842969883522561,0.5093156245270621,2.159345852078883,-0.13162429058390734,-0.04758367670999886,0.75,1.7392201372837357,1.7373320551636529,0.810459724993452,0.6666666666666666
stack_base_ridge_50,25.0,2025-03-31_2026-02-28,12,0.9135919901683445,0.08257309459079365,0.9135919901683445,0.08257309459079365,0.8310188955775508,0.5739700935833028,1.4034354845738435,-0.17683326068612004,-0.18488813271044613,0.6666666666666666,1.4689131523087955,1.6486458026793593,0.8656696919032671,0.6944444444444443
stack_base_ridge_50,25.0,2025-04-30_2026-03-31,12,0.7193975343958374,0.028079656548997578,0.7193975343958374,0.028079656548997578,0.6913178778468398,0.5799335504018939,1.198396143173601,-0.19435035126752065,-0.19546042589812018,0.5833333333333334,1.3346284715479666,1.6983637775716467,0.8189691743357654,0.6666666666666666
stack_base_ridge_50,25.0,2025-05-31_2026-04-30,12,0.2848840103447414,-0.14610708694572017,0.2848840103447414,-0.14610708694572017,0.4309910972904616,0.5785891644515401,0.677415844051698,-0.278039414877696,-0.29138146686445754,0.5833333333333334,1.098040405515789,1.5239673965325002,0.7832005093167398,0.6666666666666666
stack_base_ridge_50,25.0,2025-06-30_2026-05-31,12,0.41210754615786227,-0.18541351506394133,0.41210754615786227,-0.18541351506394133,0.5975210612218036,0.5726701148369546,0.849759701863457,-0.2780394148776959,-0.34737666250868915,0.6666666666666666,1.3797185973190331,1.357442192446573,1.0229764708562814,0.611111111111111
stack_base_ridge_50,25.0,2025-07-31_2026-06-30,12,0.43287667707960553,-0.1667764227923394,0.43287667707960553,-0.1667764227923394,0.5996530998719449,0.5852192118128267,0.8658048346264269,-0.278039414877696,-0.34737666250868904,0.6666666666666666,1.3768803026323164,1.4134330223529403,1.0134141542142392,0.611111111111111
