model,cost_bps,period,months,strategy_total_return,benchmark_total_return,strategy_cagr,benchmark_cagr,excess_cagr,strategy_volatility,strategy_sharpe_rf0,strategy_max_drawdown,benchmark_max_drawdown,active_hit_rate,information_ratio,beta_to_benchmark,annualized_alpha_rf0,average_monthly_turnover
cap300_composite,25.0,2019-01-31_2019-12-31,12,-0.05654301439342335,-0.0907583313333864,-0.05654301439342335,-0.0907583313333864,0.03421531693996305,0.3454943537689278,-0.003254438790724015,-0.2887123423852268,-0.08173242622854304,0.5833333333333334,0.30510642416542577,2.210707941408235,0.21722040989588165,0.6111111111111112
cap300_composite,25.0,2019-02-28_2020-01-31,12,-0.1278638964548271,-0.15374678206850467,-0.1278638964548271,-0.15374678206850467,0.025882885613677575,0.35345892825032216,-0.2172381287503049,-0.2887123423852268,-0.157070533612218,0.5833333333333334,0.2800706678197294,1.777506749619248,0.2253061524777391,0.5555555555555555
cap300_composite,25.0,2019-03-31_2020-02-29,12,-0.2059787968378124,-0.2983301643039218,-0.2059787968378124,-0.2983301643039218,0.09235136746610939,0.3401855403764972,-0.5104785039806321,-0.19427404807531323,-0.2968733323797681,0.5833333333333334,0.48907508994093374,0.6752327061848844,0.05029867377491026,0.5277777777777777
cap300_composite,25.0,2019-04-30_2020-03-31,12,-0.19836228550525603,-0.26938100433105683,-0.19836228550525603,-0.26938100433105683,0.0710187188258008,0.33603436276091236,-0.4934356321039094,-0.3346318685533467,-0.2897384073692094,0.5833333333333334,0.3591393908056407,0.4480338300825387,-0.03580159954350237,0.5555555555555555
cap300_composite,25.0,2019-05-31_2020-04-30,12,-0.08072911125012783,-0.23441422140073764,-0.08072911125012783,-0.23441422140073764,0.15368511015060982,0.31103492637117636,-0.12283551743148946,-0.336495255877569,-0.2897384073692094,0.5833333333333334,0.6291466560675375,0.395906347147676,0.05948367682398392,0.49999999999999994
cap300_composite,25.0,2019-06-30_2020-05-31,12,-0.20975579120265075,-0.22854562482453433,-0.20975579120265075,-0.22854562482453433,0.018789833621883578,0.3016044971782506,-0.6311149721271746,-0.3817387397848361,-0.2897384073692095,0.5,0.13074024570875215,0.21160870201395987,-0.13190974833718916,0.5555555555555555
cap300_composite,25.0,2019-07-31_2020-06-30,12,-0.04431717847845418,-0.1941752572672133,-0.04431717847845418,-0.1941752572672133,0.14985807878875912,0.3621085583772435,0.040828872754172275,-0.3817387397848361,-0.2827760862119635,0.5833333333333334,0.5641165887008527,0.4908576763106171,0.1136577462509949,0.5555555555555555
cap300_composite,25.0,2019-08-31_2020-07-31,12,-0.1756474838508083,-0.1722348942847023,-0.1756474838508083,-0.1722348942847023,-0.003412589566106017,0.3567136647299575,-0.3751131272342607,-0.3817387397848361,-0.27948217627529803,0.5,0.0801770164453626,0.4267202331327287,-0.06230777723835146,0.5277777777777778
cap300_composite,25.0,2019-09-30_2020-08-31,12,-0.18473620002671376,-0.21057570090232802,-0.18473620002671376,-0.21057570090232802,0.025839500875614263,0.3574023066579328,-0.40439807259465066,-0.3817387397848361,-0.27948217627529803,0.5833333333333334,0.173500698529797,0.42778119890821564,-0.05401266497178758,0.5555555555555555
cap300_composite,25.0,2019-10-31_2020-09-30,12,-0.08878186718392012,-0.1766274605970889,-0.08878186718392012,-0.1766274605970889,0.08784559341316878,0.42349420221828604,-0.032991737160968426,-0.38173873978483597,-0.2794821762752979,0.5833333333333334,0.37638924194380463,0.6612307551831719,0.09935413619683842,0.5555555555555556
cap300_composite,25.0,2019-11-30_2020-10-31,12,-0.10356164974259896,-0.06643817837031618,-0.10356164974259896,-0.06643817837031618,-0.03712347137228278,0.42352104433341536,-0.07150443594110327,-0.3817387397848361,-0.2794821762752979,0.5,0.013191802003733042,0.54520755934231,-0.010726237222881907,0.5
cap300_composite,25.0,2019-12-31_2020-11-30,12,-0.04448814043579086,-0.050871312509224054,-0.04448814043579086,-0.050871312509224054,0.0063831720734331965,0.45054583553179917,0.09538268684019847,-0.30093095096843037,-0.2358764964179022,0.5,0.14283063798207957,0.6348759945496003,0.0559803389305531,0.5277777777777778
cap300_composite,25.0,2020-01-31_2020-12-31,12,0.25617787895868416,-0.013079995771551722,0.25617787895868416,-0.013079995771551722,0.2692578747302359,0.45615473757672803,0.7042916107500867,-0.24441369563975535,-0.16758179221927783,0.5833333333333334,0.6613016764184405,0.49622621217008356,0.3603432628636618,0.5277777777777778
cap300_composite,25.0,2020-02-29_2021-01-31,12,0.8085823760605169,0.14471568274700242,0.8085823760605169,0.14471568274700242,0.6638666933135144,0.5323966821464986,1.367632877985942,-0.23266557476734417,-0.07033476780972703,0.5833333333333334,1.0897670865412121,0.6405953556115404,0.8334573352682573,0.5277777777777778
cap300_composite,25.0,2020-03-31_2021-02-28,12,1.2698150468567206,0.3187076559568369,1.2698150468567206,0.3187076559568369,0.9511073908998837,0.5521541330025291,1.7734959627203086,-0.10271449511728681,-0.07033476780972703,0.5833333333333334,1.2328792320153963,0.4033296141954773,1.2973386065674566,0.5555555555555556
cap300_composite,25.0,2020-04-30_2021-03-31,12,1.7017995173753877,0.2712264885896778,1.7017995173753877,0.2712264885896778,1.43057302878571,0.4917913526101882,2.3107499603048636,-0.10271449511728681,-0.07033476780972714,0.5833333333333334,1.8247345104941868,0.6538234141625247,1.5406487661305963,0.5277777777777778
cap300_composite,25.0,2020-05-31_2021-04-30,12,1.8595594368377517,0.2511461011810818,1.8595594368377517,0.2511461011810818,1.6084133356566699,0.48255827765890125,2.475626389067591,-0.10271449511728692,-0.07033476780972703,0.6666666666666666,2.013585914569501,0.6345659069958792,1.7182713554212117,0.5555555555555555
cap300_composite,25.0,2020-06-30_2021-05-31,12,2.426507552639431,0.22018559574957508,2.426507552639431,0.22018559574957508,2.206321956889856,0.44651984690281726,3.08917689143471,-0.10271449511728692,-0.07033476780972703,0.75,2.6964240049242902,0.7177035852297381,2.213504730315788,0.49999999999999994
cap300_composite,25.0,2020-07-31_2021-06-30,12,3.039379233723926,0.1787337447456181,3.039379233723926,0.1787337447456181,2.8606454889783075,0.52600791961965,3.0252887037539535,-0.037976107551810356,-0.07033476780972703,0.75,2.7261953343789798,0.6443022130353445,3.025351174553177,0.5
cap300_composite,25.0,2020-08-31_2021-07-31,12,3.4193354536984097,0.17406019021811336,3.4193354536984097,0.17406019021811336,3.2452752634802966,0.49610097117445273,3.3845105434277016,-0.01703672352811747,-0.0471551797914731,0.8333333333333334,3.0937605933045202,0.6720235027962316,3.3427661823797816,0.5
cap300_composite,25.0,2020-09-30_2021-08-31,12,2.6218068028325816,0.29094300690606567,2.6218068028325816,0.29094300690606567,2.3308637959265157,0.5862096840337515,2.5681063108138122,-0.2115862860692197,-0.0471551797914731,0.75,2.060414223453482,0.025416186459961233,3.105052060657381,0.5
cap300_composite,25.0,2020-10-31_2021-09-30,12,1.817811751281719,0.285307502281577,1.817811751281719,0.285307502281577,1.532504249000142,0.592195501479114,2.077382458234579,-0.23947747988704005,-0.04715517979147299,0.6666666666666666,1.5596457335255665,-0.4344978971899613,2.574919382524945,0.47222222222222215
cap300_composite,25.0,2020-11-30_2021-10-31,12,1.941259279071113,0.164192612882329,1.941259279071113,0.164192612882329,1.777066666188784,0.5846992230041315,2.1781458423158515,-0.23947747988704016,-0.04715517979147299,0.75,1.890956554587996,0.2803585658452553,2.222292132403996,0.5555555555555555
cap300_composite,25.0,2020-12-31_2021-11-30,12,1.2358416557197018,0.10075285366229347,1.2358416557197018,0.10075285366229347,1.1350888020574084,0.611366506133916,1.6182909182220842,-0.29255307274529363,-0.04715517979147321,0.6666666666666666,1.4312284396091985,-0.10654492851293788,1.6132832631352816,0.5277777777777778
cap300_composite,25.0,2021-01-31_2021-12-31,12,1.0670028778544984,0.1311417024200292,1.0670028778544984,0.1311417024200292,0.9358611754344692,0.6050658650050618,1.490033030526503,-0.2925530727452934,-0.04715517979147299,0.6666666666666666,1.2693377873304885,0.18713783207332133,1.3327283344894254,0.49999999999999994
cap300_composite,25.0,2021-02-28_2022-01-31,12,0.8064965271101017,0.1035559333431273,0.8064965271101017,0.1035559333431273,0.7029405937669744,0.5478868319687962,1.3391224818746497,-0.2925530727452935,-0.008710521467504728,0.6666666666666666,1.1017137004347854,-1.7586135538703243,1.4102920748403371,0.49999999999999994
cap300_composite,25.0,2021-03-31_2022-02-28,12,0.4518613241287941,0.1814244316261513,0.4518613241287941,0.1814244316261513,0.2704368925026428,0.5163149978565122,0.9511335347968464,-0.2925530727452934,-0.008710521467504728,0.5833333333333334,0.6150123802698736,-0.4399741680471376,0.7380049446950767,0.49999999999999994
cap300_composite,25.0,2021-04-30_2022-03-31,12,0.678387053224204,0.2056999327796627,0.678387053224204,0.2056999327796627,0.4726871204445413,0.520295891843253,1.2386235062416364,-0.2925530727452935,-0.008710521467504728,0.6666666666666666,0.8619868558231151,-0.5217800655634539,1.0575305587681498,0.5277777777777778
cap300_composite,25.0,2021-05-31_2022-04-30,12,0.8921741339172411,0.20202014645819677,0.8921741339172411,0.20202014645819677,0.6901539874590443,0.537853334247537,1.4481406529275318,-0.2925530727452935,-0.011058901373715124,0.6666666666666666,1.0726542591634298,-1.5685199935451377,1.7928747753194187,0.5
cap300_composite,25.0,2021-06-30_2022-05-31,12,0.2613238538352207,0.1547230806668567,0.2613238538352207,0.1547230806668567,0.10660077316836403,0.6212197543660518,0.6545635349039718,-0.29255307274529363,-0.04389760737316839,0.5833333333333334,0.425532367020382,1.746296662338861,0.1597295649608843,0.5
cap300_composite,25.0,2021-07-31_2022-06-30,12,-0.1589799545548347,0.14515293481688385,-0.1589799545548347,0.14515293481688385,-0.30413288937171856,0.483620670063695,-0.1217087586072282,-0.30673669693645433,-0.04389760737316839,0.5,-0.42233699343753905,1.6779896503253189,-0.2560810546524026,0.49999999999999994
cap300_composite,25.0,2021-08-31_2022-07-31,12,-0.34301868307699446,0.16719366722844042,-0.34301868307699446,0.16719366722844042,-0.5102123503054349,0.5209648469713146,-0.5416133835424722,-0.44737310393378693,-0.04389760737316839,0.4166666666666667,-0.854506866939344,0.9142548898523131,-0.35268135191435146,0.5277777777777778
cap300_composite,25.0,2021-09-30_2022-08-31,12,-0.1142697609223966,0.11990803732841937,-0.1142697609223966,0.11990803732841937,-0.23417779825081597,0.48385706818454244,-0.0158109622101691,-0.44737310393378693,-0.04389760737316817,0.5,-0.26024173797067923,0.7793241000815994,-0.09458305612287898,0.5277777777777778
cap300_composite,25.0,2021-10-31_2022-09-30,12,-0.14573013026257342,0.07700156092153554,-0.14573013026257342,0.07700156092153554,-0.22273169118410896,0.487738126387723,-0.08593308300146635,-0.453505033501615,-0.04389760737316828,0.5,-0.24842092101352914,1.2829037525642957,-0.1319512564478338,0.5277777777777778
cap300_composite,25.0,2021-11-30_2022-10-31,12,-0.13871758662040157,0.0837751064100245,-0.13871758662040157,0.0837751064100245,-0.22249269303042607,0.4884975456680511,-0.06844570094188254,-0.453505033501615,-0.04389760737316839,0.5,-0.24359868477835156,1.3511954414507537,-0.1365112447625466,0.5277777777777778
cap300_composite,25.0,2021-12-31_2022-11-30,12,0.38906088456278765,0.04089310124175727,0.38906088456278765,0.04089310124175727,0.3481677833210304,0.6535506756113494,0.7934037582463475,-0.45350503350161486,-0.052330809109684795,0.5833333333333334,0.704758467127614,-1.4540494538704194,0.764607997730895,0.5277777777777778
cap300_composite,25.0,2022-01-31_2022-12-31,12,0.21956331478200708,0.03139589518781816,0.21956331478200708,0.03139589518781816,0.18816741959418892,0.6597455476949037,0.5871463546096647,-0.4535050335016151,-0.0538908420070876,0.5,0.5195917828158665,-1.4066241663425596,0.5337542184551487,0.5833333333333333
cap300_composite,25.0,2022-02-28_2023-01-31,12,0.37345604352710104,-0.006523085673795559,0.37345604352710104,-0.006523085673795559,0.3799791292008966,0.7064843565138395,0.7562389184422835,-0.453505033501615,-0.053890842007087936,0.5,0.7358711511581608,-2.772637939312908,0.668701773057462,0.6388888888888888
cap300_composite,25.0,2022-03-31_2023-02-28,12,0.2544350158961102,-0.03763942955797195,0.2544350158961102,-0.03763942955797195,0.2920744454540821,0.7184459586387519,0.6238487577681767,-0.453505033501615,-0.05860315994470999,0.5,0.6547963325957116,-2.845063796909976,0.405527535202757,0.611111111111111
cap300_composite,25.0,2022-04-30_2023-03-31,12,0.10913273170251125,-0.0433257664262765,0.10913273170251125,-0.0433257664262765,0.15245849812878776,0.710678917795121,0.44546079977349273,-0.453505033501615,-0.052003665957635614,0.4166666666666667,0.48700176002801987,-3.8424498919216887,0.16578229783292597,0.6388888888888888
cap300_composite,25.0,2022-05-31_2023-04-30,12,-0.29961627620435827,-0.07213752035282106,-0.29961627620435827,-0.07213752035282106,-0.2274787558515372,0.7354861284477155,-0.16576930444755233,-0.3152025111583945,-0.07596598010903766,0.3333333333333333,-0.0668739082512161,-0.93217835051406,-0.1734870498512855,0.6666666666666666
cap300_composite,25.0,2022-06-30_2023-05-31,12,0.04005187324104953,-0.0361282154897381,0.04005187324104953,-0.0361282154897381,0.07618008873078763,0.6912709318211591,0.34580331271801495,-0.3152025111583946,-0.07596598010903755,0.4166666666666667,0.38381096837173584,-2.5613025370679887,0.16160154537453764,0.7222222222222222
cap300_composite,25.0,2022-07-31_2023-06-30,12,0.22015094346261033,-0.0028433046031512976,0.22015094346261033,-0.0028433046031512976,0.22299424806576162,0.6875545374094643,0.5822581177304261,-0.3152025111583947,-0.07596598010903743,0.5,0.5674639350842919,-1.3008106443285339,0.48307891843338857,0.75
cap300_composite,25.0,2022-08-31_2023-07-31,12,0.47113707873410093,-0.031389184091800915,0.47113707873410093,-0.031389184091800915,0.5025262628259018,0.6442885316642579,0.8758596343301046,-0.3152025111583946,-0.0655917893195096,0.5,0.9149136671643835,-0.03084986133172048,0.7342518276461549,0.7222222222222222
cap300_composite,25.0,2022-09-30_2023-08-31,12,0.6551528373862152,-0.014331580574544756,0.6551528373862152,-0.014331580574544756,0.66948441796076,0.6613598909214465,1.0542841698004775,-0.3152025111583946,-0.06559178931950937,0.5,1.0661700560027234,-0.000795416501249859,0.9694356170960867,0.7222222222222222
cap300_composite,25.0,2022-10-31_2023-09-30,12,0.6593745147813999,-0.04883569016310929,0.6593745147813999,-0.04883569016310929,0.7082102049445091,0.6608639393869977,1.058666127501515,-0.3152025111583946,-0.06327241269436523,0.5,1.1354829392521342,0.848285832616867,1.0500794677325387,0.7499999999999999
cap300_composite,25.0,2022-11-30_2023-10-31,12,0.5998179876222696,-8.074453772832779e-05,0.5998179876222696,-8.074453772832779e-05,0.5998987321599979,0.6629732107992531,0.9989321421884502,-0.3152025111583946,-0.04084242285001627,0.4166666666666667,0.9879983375760217,0.22691969614564922,0.9037379718393828,0.7222222222222222
cap300_composite,25.0,2022-12-31_2023-11-30,12,-0.25028536285194336,0.06162621592425688,-0.25028536285194336,0.06162621592425688,-0.31191157877620024,0.6048901826451183,-0.18131011631504265,-0.3940786586387902,-0.04084242285001627,0.3333333333333333,-0.290726802634084,1.2125844012228242,-0.17150026286089493,0.7222222222222223
cap300_composite,25.0,2023-01-31_2023-12-31,12,-0.20393863881622398,0.05389394652891433,-0.20393863881622398,0.05389394652891433,-0.2578325853451383,0.6027414284042594,-0.0851638853272663,-0.3940786586387902,-0.04084242285001627,0.4166666666666667,-0.18094462384790969,1.1257797751902037,-0.1087975135036855,0.6944444444444445
cap300_composite,25.0,2023-02-28_2024-01-31,12,-0.4400253561765902,0.06910062416905749,-0.4400253561765902,0.06910062416905749,-0.5091259803456477,0.49693947369687785,-0.8857360296169583,-0.41092647460770215,-0.04084242285001627,0.3333333333333333,-1.0539991911669615,1.2517294848167106,-0.41760596346751544,0.6666666666666666
cap300_composite,25.0,2023-03-31_2024-02-29,12,-0.30984265745273953,0.07105311702696282,-0.30984265745273953,0.07105311702696282,-0.38089577447970235,0.5153373360599843,-0.44488581971348584,-0.41092647460770204,-0.04084242285001627,0.4166666666666667,-0.5938496663507915,0.9626755333179895,-0.26127675669596795,0.7222222222222222
cap300_composite,25.0,2023-04-30_2024-03-31,12,-0.30860671680375773,0.04605177038880415,-0.30860671680375773,0.04605177038880415,-0.3546584871925619,0.5154311669269551,-0.4413140834808496,-0.41092647460770215,-0.028914327222309355,0.5,-0.5421455716979128,0.8787151240793921,-0.23921496841447054,0.6666666666666666
cap300_composite,25.0,2023-05-31_2024-04-30,12,-0.17141743952305033,0.05087612226469651,-0.17141743952305033,0.05087612226469651,-0.22229356178774684,0.46171940203883033,-0.16975329651377294,-0.41092647460770215,-0.04720745865673304,0.5,-0.2790967217952741,-0.09325446116834221,-0.0709978989423895,0.6388888888888888
cap300_composite,25.0,2023-06-30_2024-05-31,12,-0.19965255249851932,0.06029804021364593,-0.19965255249851932,0.06029804021364593,-0.25995059271216525,0.45322929443806315,-0.25603315350444894,-0.41092647460770215,-0.04720745865673304,0.5,-0.3861923631956878,0.007152556628632712,-0.11046426287777755,0.611111111111111
cap300_composite,25.0,2023-07-31_2024-06-30,12,-0.2574371492946541,0.046802268590376395,-0.2574371492946541,0.046802268590376395,-0.3042394178850305,0.44047203645462646,-0.4425610562731242,-0.41092647460770215,-0.04720745865673304,0.4166666666666667,-0.5351527010554507,-0.4994905105533221,-0.15777731733799716,0.5277777777777778
cap300_composite,25.0,2023-08-31_2024-07-31,12,-0.25069230872042414,0.10318514893952901,-0.25069230872042414,0.10318514893952901,-0.35387745765995315,0.44006875532752676,-0.42312892113707873,-0.41092647460770226,-0.04720745865673315,0.4166666666666667,-0.628240100370224,-0.4443186755201647,-0.13175337625021877,0.5555555555555556
cap300_composite,25.0,2023-09-30_2024-08-31,12,-0.2988679538219873,0.08473288946892565,-0.2988679538219873,0.08473288946892565,-0.38360084329091293,0.40510420489476034,-0.6494456770494412,-0.3708433774195855,-0.04720745865673315,0.4166666666666667,-0.809307325606856,-0.5792921879777901,-0.19347877466891705,0.5555555555555556
cap300_composite,25.0,2023-10-31_2024-09-30,12,-0.17841888888245183,0.12170948346779942,-0.17841888888245183,0.12170948346779942,-0.30012837235025125,0.4170532945041536,-0.2466271687101788,-0.3708433774195855,-0.047207458656732815,0.5,-0.4978009078082958,-0.9272656963697872,0.007933417139672105,0.5555555555555556
cap300_composite,25.0,2023-11-30_2024-10-31,12,-0.29968400060581946,0.004734660022875703,-0.29968400060581946,0.004734660022875703,-0.30441866062869516,0.43804348858147474,-0.5730462548360957,-0.1443493273418508,-0.07254414974326939,0.5,-0.57929938030691,0.01606779890600457,-0.22418986330007928,0.5555555555555557
cap300_composite,25.0,2023-12-31_2024-11-30,12,0.12691400000601027,-0.026522408525777696,0.12691400000601027,-0.026522408525777696,0.15343640853178797,0.30651941242886876,0.5339900895224593,-0.1443493273418507,-0.07702368625268241,0.5833333333333334,0.631397733843719,0.8505413958806197,0.19829688900622133,0.6111111111111112
cap300_composite,25.0,2024-01-31_2024-12-31,12,0.30413354070174137,-0.013699490369203038,0.30413354070174137,-0.013699490369203038,0.3178330310709444,0.3388391816783131,0.9481363283947091,-0.1443493273418509,-0.07702368625268208,0.5833333333333334,1.014615314385736,0.9152403466932907,0.3838746055297366,0.5833333333333334
cap300_composite,25.0,2024-02-29_2025-01-31,12,0.20236838555403103,-0.14290566323586873,0.20236838555403103,-0.14290566323586873,0.34527404878989976,0.3693263689748098,0.675011524546373,-0.14971030852461764,-0.18252959118595857,0.5833333333333334,1.27862192201826,1.395513628849126,0.5511796294736935,0.5833333333333334
cap300_composite,25.0,2024-03-31_2025-02-28,12,-0.08824278677221775,-0.10676537761977256,-0.08824278677221775,-0.10676537761977256,0.01852259084755481,0.38998105037573644,-0.05366072491159898,-0.2791227771085303,-0.1825295911859588,0.5,0.21841038788951425,0.9122421284712721,0.07237765132738705,0.5555555555555556
cap300_composite,25.0,2024-04-30_2025-03-31,12,-0.0012039978805543639,-0.06461005552580057,-0.0012039978805543639,-0.06461005552580057,0.0634060576452462,0.4037907334930886,0.18612899665252078,-0.2791227771085302,-0.18252959118595868,0.5,0.35052508687457545,1.0143011629903875,0.13672441666261426,0.5555555555555555
cap300_composite,25.0,2024-05-31_2025-04-30,12,0.010759541729550737,0.02942056800377868,0.010759541729550737,0.02942056800377868,-0.018661026274227943,0.4008407456124082,0.2144061810166716,-0.2791227771085303,-0.18252959118595857,0.5,0.10675835067735999,0.5939724560500763,0.061511915571998754,0.5833333333333334
cap300_composite,25.0,2024-06-30_2025-05-31,12,-0.15106311330135258,-0.019239253194651806,-0.15106311330135258,-0.019239253194651806,-0.13182386010670077,0.4090841168523327,-0.2077318087713288,-0.35055532261051414,-0.18252959118595835,0.4166666666666667,-0.20494536061605312,0.669554198446733,-0.07929321432407943,0.5833333333333334
cap300_composite,25.0,2024-07-31_2025-06-30,12,-0.15546958111821219,0.03150250800801424,-0.15546958111821219,0.03150250800801424,-0.18697208912622643,0.4088244171467589,-0.22073569891721334,-0.35055532261051425,-0.1825295911859589,0.4166666666666667,-0.3479802950098062,0.5853138316233365,-0.11274812002753754,0.638888888888889
cap300_composite,25.0,2024-08-31_2025-07-31,12,-0.21040748428951206,0.02082724764079913,-0.21040748428951206,0.02082724764079913,-0.2312347319303112,0.4174134348466856,-0.36733760559539785,-0.4060696882162753,-0.1720911800730176,0.4166666666666667,-0.46209350808972055,0.5313743351908942,-0.16047865015794416,0.638888888888889
cap300_composite,25.0,2024-09-30_2025-08-31,12,0.48010825606559004,0.07082064647411035,0.48010825606559004,0.07082064647411035,0.4092876095914797,1.1887811015474712,0.6941997820656634,-0.4060696882162753,-0.1720911800730176,0.4166666666666667,0.6360893189940021,1.3486003501553046,0.9911452241655889,0.6666666666666666
cap300_composite,25.0,2024-10-31_2025-09-30,12,0.4266196003618039,0.07787885846139209,0.4266196003618039,0.07787885846139209,0.3487407419004118,1.188560113327787,0.6610969277874289,-0.4060696882162753,-0.11858833109117162,0.4166666666666667,0.5964720849868841,1.346490196907968,0.902309420510103,0.6666666666666666
cap300_composite,25.0,2024-11-30_2025-10-31,12,1.1735775253844274,0.1960061542824556,1.1735775253844274,0.1960061542824556,0.9775713711019718,1.1867114040087268,1.0396462638979522,-0.4060696882162753,-0.11795970406671652,0.5,0.8894014596852641,1.2101457177482169,1.6051284890136244,0.6944444444444445
cap300_composite,25.0,2024-12-31_2025-11-30,12,1.2293802905577715,0.22133541890163522,1.2293802905577715,0.22133541890163522,1.0080448716561363,1.186854997061421,1.063217095803025,-0.4060696882162752,-0.11795970406671652,0.5,0.8953554416315241,1.22301048097049,1.604715847489584,0.6388888888888888
cap300_composite,25.0,2025-01-31_2025-12-31,12,0.5952429718540904,0.17166648362633885,0.5952429718540904,0.17166648362633885,0.4235764882277515,1.2158145573183088,0.7665835208161306,-0.30149651614243955,-0.03669877287899381,0.4166666666666667,0.6383110276945163,1.5787325220644923,0.890383577000134,0.6666666666666666
cap300_composite,25.0,2025-02-28_2026-01-31,12,0.4911301816946687,0.31334945156909844,0.4911301816946687,0.31334945156909844,0.17778073012557027,1.228338316969228,0.7135897585344044,-0.3404764758180552,-0.04758367670999886,0.4166666666666667,0.4910209169476672,1.989103392715551,0.3634424641099516,0.6666666666666666
cap300_composite,25.0,2025-03-31_2026-02-28,12,0.3131938907606693,0.08257309459079365,0.3131938907606693,0.08257309459079365,0.23062079616987563,1.2525046008951612,0.6190489011696845,-0.5075774040509162,-0.18488813271044613,0.4166666666666667,0.5652234349072297,2.154019256483319,0.7273572758634341,0.6944444444444443
cap300_composite,25.0,2025-04-30_2026-03-31,12,0.19541033470829983,0.028079656548997578,0.19541033470829983,0.028079656548997578,0.16733067815930225,1.2531374773156814,0.5398191181728245,-0.5075774040509162,-0.19546042589812018,0.4166666666666667,0.5259542592875195,2.186808696369182,0.7476414534960234,0.75
cap300_composite,25.0,2025-05-31_2026-04-30,12,-0.004104484183201418,-0.14610708694572017,-0.004104484183201418,-0.14610708694572017,0.14200260276251875,1.281266238106675,0.409268191166362,-0.6247951934077713,-0.29138146686445754,0.4166666666666667,0.5512395309975464,2.6483487574390194,1.3227236691616429,0.7499999999999999
cap300_composite,25.0,2025-06-30_2026-05-31,12,0.24197652941188474,-0.18541351506394133,0.24197652941188474,-0.18541351506394133,0.42739004447582607,1.2726590867954113,0.5861316480493814,-0.6247951934077713,-0.34737666250868915,0.5,0.7749907603216366,2.3005846172125435,2.0016016622678023,0.6944444444444443
cap300_composite,25.0,2025-07-31_2026-06-30,12,0.26552437948430874,-0.1667764227923394,0.26552437948430874,-0.1667764227923394,0.43230080227664813,1.2719240492061992,0.6015046260210807,-0.6247951934077713,-0.34737666250868904,0.5,0.7697862017844935,2.1054114791540965,1.822410351925623,0.6666666666666666
cap300_composite,25.0,2025-08-31_2026-07-31,11,0.3956689931221944,-0.20361006057922837,0.43861461891941533,-0.2199234939209873,0.6585381128404026,1.3218548314084513,0.7083576172358431,-0.6247951934077713,-0.34737666250868904,0.5454545454545454,0.9411625684194496,2.4429304046999145,2.9767978804973185,0.6666666666666666
cap300_rank_ridge,25.0,2019-01-31_2019-12-31,12,-0.05261584938161923,-0.0907583313333864,-0.05261584938161923,-0.0907583313333864,0.03814248195176717,0.1063066029925359,-0.45840078141135987,-0.08909213730945176,-0.08173242622854304,0.5,0.4820735316495776,0.6958240786832361,0.014093334605635333,0.47222222222222215
cap300_rank_ridge,25.0,2019-02-28_2020-01-31,12,-0.09306292835028529,-0.15374678206850467,-0.09306292835028529,-0.15374678206850467,0.06068385371821938,0.11289619579470625,-0.8098099257585705,-0.1279819184308424,-0.157070533612218,0.5,0.7224463925603986,0.6324197160846603,0.008839246549102286,0.5277777777777778
cap300_rank_ridge,25.0,2019-03-31_2020-02-29,12,-0.11718614732274168,-0.2983301643039218,-0.11718614732274168,-0.2983301643039218,0.1811440169811801,0.11406531627070621,-1.034696808216456,-0.15117634259454982,-0.2968733323797681,0.5833333333333334,1.299625105145637,0.32387993711956503,-0.011083216786184402,0.5833333333333334
cap300_rank_ridge,25.0,2019-04-30_2020-03-31,12,-0.17935580744979618,-0.26938100433105683,-0.17935580744979618,-0.26938100433105683,0.09002519688126065,0.1282926617788475,-1.4688695209504106,-0.21095233968460947,-0.2897384073692094,0.5,0.4849435857523067,0.18999648265736457,-0.1256864314076077,0.638888888888889
cap300_rank_ridge,25.0,2019-05-31_2020-04-30,12,-0.18147276644924348,-0.23441422140073764,-0.18147276644924348,-0.23441422140073764,0.05294145495149416,0.1279737328178393,-1.4926876570616532,-0.2129877912976973,-0.2897384073692094,0.4166666666666667,0.2524688829391257,0.20329208867673282,-0.13281918509550783,0.6944444444444445
cap300_rank_ridge,25.0,2019-06-30_2020-05-31,12,-0.2109850976282892,-0.22854562482453433,-0.2109850976282892,-0.22854562482453433,0.017560527196245124,0.12935429208315016,-1.7543772863067255,-0.24439339759820522,-0.2897384073692095,0.4166666666666667,0.03695056308642044,0.15606833279559218,-0.17452152957570366,0.638888888888889
cap300_rank_ridge,25.0,2019-07-31_2020-06-30,12,-0.2073434444448563,-0.1941752572672133,-0.2073434444448563,-0.1941752572672133,-0.01316818717764301,0.1304095375697501,-1.704576333520149,-0.24439339759820533,-0.2827760862119635,0.3333333333333333,-0.14560921658066214,0.17384573121456912,-0.17365218160014861,0.6666666666666666
cap300_rank_ridge,25.0,2019-08-31_2020-07-31,12,-0.21997926455882055,-0.1722348942847023,-0.21997926455882055,-0.1722348942847023,-0.047744370274118264,0.13145098797456067,-1.8099945408423899,-0.26305628103342316,-0.27948217627529803,0.3333333333333333,-0.3304689774497722,0.1589284240896588,-0.19255556390014594,0.6666666666666666
cap300_rank_ridge,25.0,2019-09-30_2020-08-31,12,-0.22221869910136094,-0.21057570090232802,-0.22221869910136094,-0.21057570090232802,-0.011642998199032917,0.1311066015619207,-1.8365590362246893,-0.2681283600383041,-0.27948217627529803,0.3333333333333333,-0.13770251006184064,0.13773416299227784,-0.19263747741173376,0.6944444444444443
cap300_rank_ridge,25.0,2019-10-31_2020-09-30,12,-0.2640221500593556,-0.1766274605970889,-0.2640221500593556,-0.1766274605970889,-0.0873946894622667,0.10066491388355144,-2.9593585084690073,-0.2480704636667661,-0.2794821762752979,0.25,-0.5759564254015695,0.12287935120049648,-0.24489377062306805,0.7222222222222222
cap300_rank_ridge,25.0,2019-11-30_2020-10-31,12,-0.21219305232205377,-0.06643817837031618,-0.21219305232205377,-0.06643817837031618,-0.14575487395173758,0.10998093656325098,-2.095518766158161,-0.248070463666766,-0.2794821762752979,0.25,-0.8180985323813147,0.1724019294698977,-0.20261874513828948,0.7222222222222222
cap300_rank_ridge,25.0,2019-12-31_2020-11-30,12,-0.1235281598243444,-0.050871312509224054,-0.1235281598243444,-0.050871312509224054,-0.07265684731512034,0.18458818486334463,-0.6288211719925357,-0.19654701651167328,-0.2358764964179022,0.3333333333333333,-0.39011441744398395,0.2953724070122282,-0.10522295039159535,0.75
cap300_rank_ridge,25.0,2020-01-31_2020-12-31,12,-0.045058635389796264,-0.013079995771551722,-0.045058635389796264,-0.013079995771551722,-0.03197863961824454,0.17646053447277654,-0.1829608124021945,-0.16071506379234057,-0.16758179221927783,0.4166666666666667,-0.20201900626267516,0.24716623364431475,-0.036419205369434215,0.75
cap300_rank_ridge,25.0,2020-02-29_2021-01-31,12,0.017803242977750156,0.14471568274700242,0.017803242977750156,0.14471568274700242,-0.12691243976925226,0.1720738480702557,0.17859897189820312,-0.1377812887558233,-0.07033476780972703,0.3333333333333333,-0.5343293889917233,0.22112936932609464,-0.005961685818531848,0.7499999999999999
cap300_rank_ridge,25.0,2020-03-31_2021-02-28,12,0.07420263221051693,0.3187076559568369,0.07420263221051693,0.3187076559568369,-0.24450502374632,0.1705496281592694,0.4964606000795146,-0.07246206183646864,-0.07033476780972703,0.3333333333333333,-0.9771214763755557,0.2088531406676538,0.023830365105318885,0.7777777777777777
cap300_rank_ridge,25.0,2020-04-30_2021-03-31,12,0.1563465009885221,0.2712264885896778,0.1563465009885221,0.2712264885896778,-0.1148799876011557,0.14874084058511255,1.0471611940817593,-0.07006316818328351,-0.07033476780972714,0.3333333333333333,-0.5296218579884637,0.2661776589709155,0.09147240625773256,0.8055555555555555
cap300_rank_ridge,25.0,2020-05-31_2021-04-30,12,0.12963453128065305,0.2511461011810818,0.12963453128065305,0.2511461011810818,-0.12151156990042877,0.15309110868157005,0.8669014912275966,-0.041629598229076414,-0.07033476780972703,0.3333333333333333,-0.5668896828772642,0.29344390711489027,0.06434560020704949,0.8333333333333331
cap300_rank_ridge,25.0,2020-06-30_2021-05-31,12,0.159165943941741,0.22018559574957508,0.159165943941741,0.22018559574957508,-0.061019651807834085,0.14586276631861045,1.0819357977544275,-0.041629598229076414,-0.07033476780972703,0.3333333333333333,-0.3177634519183028,0.3322372711438514,0.09036618372350103,0.861111111111111
cap300_rank_ridge,25.0,2020-07-31_2021-06-30,12,0.19068368659952784,0.1787337447456181,0.19068368659952784,0.1787337447456181,0.01194994185390974,0.14792507797514265,1.252620981835237,-0.04004664617416587,-0.07033476780972703,0.4166666666666667,0.04200134931715073,0.34972088805206725,0.1302242564524405,0.861111111111111
cap300_rank_ridge,25.0,2020-08-31_2021-07-31,12,0.07989493968205874,0.17406019021811336,0.07989493968205874,0.17406019021811336,-0.09416525053605462,0.1995585895986039,0.4785723077127292,-0.12778289209477567,-0.0471551797914731,0.4166666666666667,-0.360504853585845,0.3624218711913677,0.03293978942150555,0.861111111111111
cap300_rank_ridge,25.0,2020-09-30_2021-08-31,12,0.10202368671269402,0.29094300690606567,0.10202368671269402,0.29094300690606567,-0.18891932019337165,0.19894423571534214,0.5823428523212613,-0.12778289209477556,-0.0471551797914731,0.3333333333333333,-0.7390478572461601,0.4474698503295983,-0.0034015663678094166,0.8611111111111108
cap300_rank_ridge,25.0,2020-10-31_2021-09-30,12,0.17786471117936808,0.285307502281577,0.17786471117936808,0.285307502281577,-0.10744279110220889,0.2091833035784303,0.8846769561102864,-0.12778289209477545,-0.04715517979147299,0.4166666666666667,-0.37778510297367873,0.5634713567082651,0.038122557423324155,0.8333333333333331
cap300_rank_ridge,25.0,2020-11-30_2021-10-31,12,0.2669559271056394,0.164192612882329,0.2669559271056394,0.164192612882329,0.10276331422331042,0.22670668323876808,1.1582875778190032,-0.12778289209477567,-0.04715517979147299,0.5,0.46786882056641627,0.5846000546287256,0.1836094252724374,0.8055555555555555
cap300_rank_ridge,25.0,2020-12-31_2021-11-30,12,0.1367156770763036,0.10075285366229347,0.1367156770763036,0.10075285366229347,0.03596282341401014,0.1930848246207392,0.7579397038640838,-0.12778289209477545,-0.04715517979147321,0.5,0.21405156081742838,0.08080539831965984,0.14730538802941084,0.75
cap300_rank_ridge,25.0,2021-01-31_2021-12-31,12,0.09201526574407493,0.1311417024200292,0.09201526574407493,0.1311417024200292,-0.03912643667595428,0.19554157843454548,0.5433594214361598,-0.12778289209477567,-0.04715517979147299,0.4166666666666667,-0.10198457298604761,0.12997974663003975,0.0934119145493677,0.6944444444444443
cap300_rank_ridge,25.0,2021-02-28_2022-01-31,12,0.10325164567136724,0.1035559333431273,0.10325164567136724,0.1035559333431273,-0.00030428767176005067,0.19649291958953802,0.5941591558444024,-0.12778289209477567,-0.008710521467504728,0.4166666666666667,0.07214759990362044,0.18223777789877194,0.10272897438285522,0.6666666666666665
cap300_rank_ridge,25.0,2021-03-31_2022-02-28,12,0.08466191062566808,0.1814244316261513,0.08466191062566808,0.1814244316261513,-0.09676252100048321,0.19556064740567364,0.5084736331398466,-0.12778289209477556,-0.008710521467504728,0.3333333333333333,-0.3622455441596123,0.6135005346433212,-0.004548969486861676,0.6388888888888887
cap300_rank_ridge,25.0,2021-04-30_2022-03-31,12,0.15807806062481378,0.2056999327796627,0.15807806062481378,0.2056999327796627,-0.04762187215484892,0.20421736638058952,0.8185788007248089,-0.12477865992933967,-0.008710521467504728,0.4166666666666667,-0.11443366953617701,0.7242897609417579,0.029886120831067453,0.5833333333333333
cap300_rank_ridge,25.0,2021-05-31_2022-04-30,12,0.20078536355623622,0.20202014645819677,0.20078536355623622,0.20202014645819677,-0.0012347829019605516,0.19973768514661636,1.0168382945112757,-0.12477865992933967,-0.011058901373715124,0.5,0.07984524767791872,0.44123593150542495,0.12745015199416,0.5555555555555555
cap300_rank_ridge,25.0,2021-06-30_2022-05-31,12,0.18206609572802557,0.1547230806668567,0.18206609572802557,0.1547230806668567,0.027343015061168874,0.20296377151512182,0.9250052164726312,-0.12477865992933967,-0.04389760737316839,0.5833333333333334,0.20208179181218353,0.6224349819661071,0.10028798448295917,0.5555555555555556
cap300_rank_ridge,25.0,2021-07-31_2022-06-30,12,0.14220781696469964,0.14515293481688385,0.14220781696469964,0.14515293481688385,-0.002945117852184209,0.20174612939030478,0.7570766504384479,-0.030163994427548246,-0.04389760737316839,0.5,0.06904136928735562,0.621575697715717,0.06835149569898413,0.5277777777777778
cap300_rank_ridge,25.0,2021-08-31_2022-07-31,12,0.3544357550524522,0.16719366722844042,0.3544357550524522,0.16719366722844042,0.18724208782401175,0.13549308873724888,2.3274825243065385,-0.030163994427548246,-0.04389760737316839,0.5833333333333334,1.2294530285599097,0.6609603536334139,0.2321089483340666,0.5277777777777778
cap300_rank_ridge,25.0,2021-09-30_2022-08-31,12,0.21013389300795304,0.11990803732841937,0.21013389300795304,0.11990803732841937,0.09022585567953367,0.18175599059988198,1.140995203713331,-0.09450713040234937,-0.04389760737316817,0.5833333333333334,0.5841065973530565,1.1191830313713464,0.07899169701360198,0.5277777777777778
cap300_rank_ridge,25.0,2021-10-31_2022-09-30,12,0.09988596598112398,0.07700156092153554,0.09988596598112398,0.07700156092153554,0.022884405059588442,0.17415990357949318,0.6285185722657273,-0.11542720724659294,-0.04389760737316828,0.5,0.20615679275616974,0.9893220779725772,0.033813417983934,0.5555555555555556
cap300_rank_ridge,25.0,2021-11-30_2022-10-31,12,0.06665785468072505,0.0837751064100245,0.06665785468072505,0.0837751064100245,-0.017117251729299454,0.15700227167280054,0.48504696312219797,-0.11542720724659294,-0.04389760737316839,0.5,-0.05416379702900852,1.198386419068095,-0.023321752953916364,0.611111111111111
cap300_rank_ridge,25.0,2021-12-31_2022-11-30,12,0.30369404784673093,0.04089310124175727,0.30369404784673093,0.04089310124175727,0.26280094660497366,0.2820029926776972,1.069540877919012,-0.11542720724659283,-0.052330809109684795,0.5,0.8515729587924489,-0.38568587082247563,0.36914876754023074,0.6666666666666666
cap300_rank_ridge,25.0,2022-01-31_2022-12-31,12,0.3379058731698341,0.03139589518781816,0.3379058731698341,0.03139589518781816,0.30650997798201596,0.27862262135221033,1.174777655305013,-0.11542720724659294,-0.0538908420070876,0.5833333333333334,0.9803457535892701,-0.3382912046000951,0.3967980620204874,0.6944444444444443
cap300_rank_ridge,25.0,2022-02-28_2023-01-31,12,0.3030431676958987,-0.006523085673795559,0.3030431676958987,-0.006523085673795559,0.30956625336969423,0.27954291627884187,1.0748216959595394,-0.11542720724659283,-0.053890842007087936,0.6666666666666666,1.0220775477346071,-0.46440814275966324,0.3430429847317833,0.7222222222222222
cap300_rank_ridge,25.0,2022-03-31_2023-02-28,12,0.28728170873645165,-0.03763942955797195,0.28728170873645165,-0.03763942955797195,0.3249211382944236,0.2805237307587306,1.0275123168553688,-0.11542720724659283,-0.05860315994470999,0.75,1.0978660391890047,-0.42936475854086387,0.3095159216790311,0.6944444444444445
cap300_rank_ridge,25.0,2022-04-30_2023-03-31,12,0.17977449126992018,-0.0433257664262765,0.17977449126992018,-0.0433257664262765,0.22310025769619668,0.2793145942742214,0.7125114706499802,-0.11542720724659294,-0.052003665957635614,0.6666666666666666,0.8006632344421408,-0.9685815011134239,0.17010676938665004,0.7222222222222222
cap300_rank_ridge,25.0,2022-05-31_2023-04-30,12,0.19032108857005237,-0.07213752035282106,0.19032108857005237,-0.07213752035282106,0.2624586089228734,0.2792393613589068,0.7450473431163742,-0.11542720724659294,-0.07596598010903766,0.6666666666666666,0.9213398367248872,-0.7597904227543713,0.16459398575154238,0.7499999999999999
cap300_rank_ridge,25.0,2022-06-30_2023-05-31,12,0.3809024998937478,-0.0361282154897381,0.3809024998937478,-0.0361282154897381,0.4170307153834859,0.29324627237380163,1.2389799617460913,-0.11542720724659283,-0.07596598010903755,0.6666666666666666,1.25147285236955,-1.035123072765865,0.3816046953430776,0.7777777777777777
cap300_rank_ridge,25.0,2022-07-31_2023-06-30,12,0.4232944737690989,-0.0028433046031512976,0.4232944737690989,-0.0028433046031512976,0.4261377783722502,0.2917501253983792,1.350886413102817,-0.11542720724659294,-0.07596598010903743,0.6666666666666666,1.2371218929610426,-0.7018140085046948,0.47397026978698387,0.7777777777777777
cap300_rank_ridge,25.0,2022-08-31_2023-07-31,12,0.42625839308331837,-0.031389184091800915,0.42625839308331837,-0.031389184091800915,0.4576475771751193,0.29179852002734624,1.3580689832658972,-0.02310352466225296,-0.0655917893195096,0.6666666666666666,1.3428187169831403,-0.8856022612283855,0.44011884494855735,0.75
cap300_rank_ridge,25.0,2022-09-30_2023-08-31,12,0.6058880302431882,-0.014331580574544756,0.6058880302431882,-0.014331580574544756,0.6202196108177329,0.25772060665409297,1.98014634219471,-0.022975723470666676,-0.06559178931950937,0.75,1.7768432429980248,-1.4274869765680582,0.6213781564024472,0.7499999999999999
cap300_rank_ridge,25.0,2022-10-31_2023-09-30,12,0.6317056606770419,-0.04883569016310929,0.6317056606770419,-0.04883569016310929,0.6805413508401512,0.2538063228229575,2.0725643655156407,-0.022975723470666676,-0.06327241269436523,0.8333333333333334,2.018398417404121,-0.9221105516303812,0.6047057260721505,0.6666666666666666
cap300_rank_ridge,25.0,2022-11-30_2023-10-31,12,0.4820437253372494,-8.074453772832779e-05,0.4820437253372494,-8.074453772832779e-05,0.4821244698749777,0.26190706862258256,1.633999115541412,-0.03599619609380644,-0.04084242285001627,0.75,1.375009416335649,-1.062283551746351,0.5286681261802064,0.638888888888889
cap300_rank_ridge,25.0,2022-12-31_2023-11-30,12,0.11775264286889375,0.06162621592425688,0.11775264286889375,0.06162621592425688,0.056126426944636876,0.15997885182238727,0.7698105809361243,-0.0984403929600034,-0.04084242285001627,0.6666666666666666,0.30078320156227906,-0.3830019288774579,0.15786191890971413,0.6111111111111112
cap300_rank_ridge,25.0,2023-01-31_2023-12-31,12,0.09940461955518831,0.05389394652891433,0.09940461955518831,0.05389394652891433,0.045510673026273984,0.16138568840223783,0.6608505764253745,-0.10856752720680418,-0.04084242285001627,0.5833333333333334,0.25409453227719303,-0.33933056248229276,0.13323651672508197,0.6111111111111112
cap300_rank_ridge,25.0,2023-02-28_2024-01-31,12,0.06741799409496751,0.06910062416905749,0.06741799409496751,0.06910062416905749,-0.0016826300740899747,0.16496200776119166,0.46945387889458623,-0.13107419668002318,-0.04084242285001627,0.5,0.03331950213150086,-0.3818864837955876,0.10957442692882124,0.6111111111111112
cap300_rank_ridge,25.0,2023-03-31_2024-02-29,12,0.057984870085806994,0.07105311702696282,0.057984870085806994,0.07105311702696282,-0.013068246941155826,0.1656999290693705,0.41414656536397,-0.14063710352316838,-0.04084242285001627,0.4166666666666667,-0.018957475045744,-0.37426389003750166,0.10006733037841586,0.638888888888889
cap300_rank_ridge,25.0,2023-04-30_2024-03-31,12,0.03390164167868637,0.04605177038880415,0.03390164167868637,0.04605177038880415,-0.01215012871011778,0.17101033759271667,0.2709485474640176,-0.17769533461903486,-0.028914327222309355,0.4166666666666667,-0.011934097240882862,-0.2518319607018799,0.060214979009505454,0.638888888888889
cap300_rank_ridge,25.0,2023-05-31_2024-04-30,12,-0.012683754202425623,0.05087612226469651,-0.012683754202425623,0.05087612226469651,-0.06355987646712213,0.1726340166555429,0.002349081420245665,-0.19955648144129656,-0.04720745865673304,0.4166666666666667,-0.2736480702863709,0.013539507528490266,-0.0003145060690753487,0.6111111111111112
cap300_rank_ridge,25.0,2023-06-30_2024-05-31,12,-0.04929847943982657,0.06029804021364593,-0.04929847943982657,0.06029804021364593,-0.1095965196534725,0.1419734825034942,-0.2910367541609231,-0.19955648144129623,-0.04720745865673304,0.4166666666666667,-0.6429847415527307,0.1251531118320766,-0.04801242317190413,0.5833333333333334
cap300_rank_ridge,25.0,2023-07-31_2024-06-30,12,0.033912088324918876,0.046802268590376395,0.033912088324918876,0.046802268590376395,-0.012890180265457518,0.1890112916173024,0.2601738211799004,-0.19955648144129645,-0.04720745865673304,0.5,0.0011967018503413088,0.3955932241850127,0.03022420832916839,0.5555555555555556
cap300_rank_ridge,25.0,2023-08-31_2024-07-31,12,0.03603305054630512,0.10318514893952901,0.03603305054630512,0.10318514893952901,-0.06715209839322389,0.18946490880784655,0.27081134751791064,-0.19955648144129645,-0.04720745865673315,0.4166666666666667,-0.27354589205425583,0.5114160561531101,-0.0013541700609572827,0.5555555555555555
cap300_rank_ridge,25.0,2023-09-30_2024-08-31,12,0.07923965595130111,0.08473288946892565,0.07923965595130111,0.08473288946892565,-0.005493233517624541,0.19778860615431687,0.47438432423600396,-0.19359058328136258,-0.04720745865673315,0.4166666666666667,0.03659225689973597,0.33554568960868897,0.0668401406525112,0.5555555555555555
cap300_rank_ridge,25.0,2023-10-31_2024-09-30,12,0.1563570674426622,0.12170948346779942,0.1563570674426622,0.12170948346779942,0.03464758397486278,0.20444093630384264,0.8058782178757247,-0.1696676762941548,-0.047207458656732815,0.4166666666666667,0.21238449630811904,0.2924531700941028,0.13783111241859647,0.5833333333333333
cap300_rank_ridge,25.0,2023-11-30_2024-10-31,12,0.137251475117266,0.004734660022875703,0.137251475117266,0.004734660022875703,0.13251681509439028,0.2086694160281149,0.7126501838344463,-0.11215685318165225,-0.07254414974326939,0.5,0.7141815381822362,0.7518676882397667,0.1506148082457599,0.5833333333333334
cap300_rank_ridge,25.0,2023-12-31_2024-11-30,12,0.22752328704047686,-0.026522408525777696,0.22752328704047686,-0.026522408525777696,0.25404569556625456,0.19119367670628146,1.1660623515534954,-0.10207049553556113,-0.07702368625268241,0.5833333333333334,1.5489313153179514,1.0336693731800326,0.275147808820009,0.5833333333333334
cap300_rank_ridge,25.0,2024-01-31_2024-12-31,12,0.23476462292780242,-0.013699490369203038,0.23476462292780242,-0.013699490369203038,0.24846411329700546,0.19028834515153192,1.202262949679967,-0.07881258042932715,-0.07702368625268208,0.5833333333333334,1.491046919748197,1.0003037872062124,0.2652424803418032,0.5833333333333334
cap300_rank_ridge,25.0,2024-02-29_2025-01-31,12,0.17401321509953016,-0.14290566323586873,0.17401321509953016,-0.14290566323586873,0.3169188783353989,0.2077171197254183,0.8705013660416375,-0.11123157184919585,-0.18252959118595857,0.6666666666666666,2.2012180431002277,0.952807290493249,0.36589996558259497,0.5833333333333334
cap300_rank_ridge,25.0,2024-03-31_2025-02-28,12,0.2007229216980828,-0.10676537761977256,0.2007229216980828,-0.10676537761977256,0.3074882993178554,0.2058462295403064,0.9877199424526547,-0.11123157184919619,-0.1825295911859588,0.6666666666666666,1.9850641522851962,0.8605512345281487,0.33074799077279593,0.6111111111111112
cap300_rank_ridge,25.0,2024-04-30_2025-03-31,12,0.22197687984314318,-0.06461005552580057,0.22197687984314318,-0.06461005552580057,0.28658693536894375,0.2010965402429922,1.0952753167094422,-0.12455537143099804,-0.18252959118595868,0.6666666666666666,1.6273911390116103,0.7135351778881448,0.2908282654345975,0.5833333333333334
cap300_rank_ridge,25.0,2024-05-31_2025-04-30,12,0.3190442443532062,0.02942056800377868,0.3190442443532062,0.02942056800377868,0.28962367634942754,0.19707127655488774,1.510006894511283,-0.12455537143099815,-0.18252959118595857,0.5833333333333334,1.4865612544723812,0.6552182855191938,0.30450272329482564,0.611111111111111
cap300_rank_ridge,25.0,2024-06-30_2025-05-31,12,0.19893645921801695,-0.019239253194651806,0.19893645921801695,-0.019239253194651806,0.21817571241266875,0.1896251164865987,1.0490647806002809,-0.12455537143099837,-0.18252959118595835,0.5833333333333334,1.2518040322172495,0.6485432554894545,0.22118627141211444,0.5555555555555555
cap300_rank_ridge,25.0,2024-07-31_2025-06-30,12,0.07278259392605757,0.03150250800801424,0.07278259392605757,0.03150250800801424,0.04128008591804333,0.1487136132639683,0.5420835495221775,-0.12455537143099815,-0.1825295911859589,0.5,0.19633833795284208,0.45461082847998796,0.05983500505531647,0.5555555555555555
cap300_rank_ridge,25.0,2024-08-31_2025-07-31,12,0.03692075324385802,0.02082724764079913,0.03692075324385802,0.02082724764079913,0.01609350560305889,0.14365672402489607,0.31866119498186996,-0.12455537143099815,-0.1720911800730176,0.5,0.04573948047318199,0.4135906784311121,0.03037444824632063,0.5833333333333334
cap300_rank_ridge,25.0,2024-09-30_2025-08-31,12,-0.05478901065268604,0.07082064647411035,-0.05478901065268604,0.07082064647411035,-0.1256096571267964,0.13238180333803704,-0.3637568192225766,-0.12455537143099826,-0.1720911800730176,0.4166666666666667,-0.8968167246410804,0.43394654077986033,-0.08232735788754897,0.5833333333333334
cap300_rank_ridge,25.0,2024-10-31_2025-09-30,12,-0.0625862911970897,0.07787885846139209,-0.0625862911970897,0.07787885846139209,-0.14046514965848178,0.12770688814692518,-0.44577153455173185,-0.09202987758066172,-0.11858833109117162,0.4166666666666667,-1.0489962475561616,0.4453576558895441,-0.09400764105554749,0.6111111111111112
cap300_rank_ridge,25.0,2024-11-30_2025-10-31,12,0.23745842039504428,0.1960061542824556,0.23745842039504428,0.1960061542824556,0.041452266112588676,0.2881262292451935,0.8634799263256008,-0.09202987758066172,-0.11795970406671652,0.4166666666666667,0.19442096824279909,0.636613536516813,0.1313984904214862,0.5833333333333334
cap300_rank_ridge,25.0,2024-12-31_2025-11-30,12,0.1506409515616245,0.22133541890163522,0.1506409515616245,0.22133541890163522,-0.07069446734001072,0.2996236343566399,0.5939773896576571,-0.08710019393369473,-0.11795970406671652,0.3333333333333333,-0.13738102315442455,0.6434061140589974,0.0390616026037216,0.611111111111111
cap300_rank_ridge,25.0,2025-01-31_2025-12-31,12,0.18633969839686926,0.17166648362633885,0.18633969839686926,0.17166648362633885,0.014673214770530407,0.29893888781023326,0.6985615893702709,-0.061361982641907176,-0.03669877287899381,0.4166666666666667,0.11239448392659449,0.5665624637024171,0.11466299687083614,0.5833333333333333
cap300_rank_ridge,25.0,2025-02-28_2026-01-31,12,0.34226571495672786,0.31334945156909844,0.34226571495672786,0.31334945156909844,0.028916263387629426,0.283057333807362,1.1681023091656442,-0.06136198264190729,-0.04758367670999886,0.4166666666666667,0.16291365105141328,0.30244814134093934,0.274614772284991,0.5555555555555555
cap300_rank_ridge,25.0,2025-03-31_2026-02-28,12,0.27221247573017604,0.08257309459079365,0.27221247573017604,0.08257309459079365,0.1896393811393824,0.29113200271725204,0.9543770726998482,-0.061361982641907176,-0.18488813271044613,0.5,0.5777202672448732,0.3879677997373357,0.2669019888489883,0.49999999999999983
cap300_rank_ridge,25.0,2025-04-30_2026-03-31,12,0.29385683802402185,0.028079656548997578,0.29385683802402185,0.028079656548997578,0.26577718147502427,0.28852872880722596,1.0204092387276433,-0.061361982641907176,-0.19546042589812018,0.5833333333333334,0.8349657710163734,0.45465486003225586,0.30935542373938496,0.49999999999999983
cap300_rank_ridge,25.0,2025-05-31_2026-04-30,12,0.15903600939338958,-0.14610708694572017,0.15903600939338958,-0.14610708694572017,0.30514309633910974,0.2982900647176364,0.6199661549297366,-0.10629783976005602,-0.29138146686445754,0.6666666666666666,1.070982266025999,0.5152457155395237,0.2842011172528365,0.44444444444444436
cap300_rank_ridge,25.0,2025-06-30_2026-05-31,12,0.23861382380302887,-0.18541351506394133,0.23861382380302887,-0.18541351506394133,0.4240273388669702,0.29836875074359714,0.8464046070083552,-0.10629783976005613,-0.34737666250868915,0.6666666666666666,1.3677661953303926,0.4190158267350934,0.3798396244666207,0.5277777777777777
cap300_rank_ridge,25.0,2025-07-31_2026-06-30,12,0.3041373299223853,-0.1667764227923394,0.3041373299223853,-0.1667764227923394,0.4709137527147247,0.30020442356437543,1.0185217305748049,-0.10629783976005602,-0.34737666250868904,0.6666666666666666,1.5056583203676968,0.4835164769019186,0.45222301963199807,0.5555555555555555
cap300_rank_ridge,25.0,2025-08-31_2026-07-31,11,0.29468718975793484,-0.20361006057922837,0.32544483019116766,-0.2199234939209873,0.545368324112155,0.31416912071680386,1.0363806359068652,-0.10629783976005591,-0.34737666250868904,0.7272727272727273,1.7686638590492831,0.5395535884184032,0.543385068130511,0.5454545454545454
timesfm_daily_abs_point,25.0,2019-01-31_2019-12-31,12,-0.7939485761907049,-0.0907583313333864,-0.7939485761907049,-0.0907583313333864,-0.7031902448573185,0.6226435626435142,-2.0387293897088457,-0.7979958210065011,-0.08173242622854304,0.3333333333333333,-1.9652923240390705,1.8822439096104344,-0.6844375197574191,0.9166666666666666
timesfm_daily_abs_point,25.0,2019-02-28_2020-01-31,12,-0.8403972234476278,-0.15374678206850467,-0.8403972234476278,-0.15374678206850467,-0.686650441379123,0.6143577759834615,-2.4405010083530025,-0.8271473052186146,-0.157070533612218,0.25,-2.300879831431926,1.7129947469117315,-0.7261900470887159,0.8888888888888888
timesfm_daily_abs_point,25.0,2019-03-31_2020-02-29,12,-0.8218528918249569,-0.2983301643039218,-0.8218528918249569,-0.2983301643039218,-0.5235227275210351,0.6325231946817373,-2.2009102240977176,-0.8271473052186147,-0.2968733323797681,0.3333333333333333,-1.6087629257560405,0.036354684124894766,-0.7691894051014244,0.8888888888888888
timesfm_daily_abs_point,25.0,2019-04-30_2020-03-31,12,-0.8045611515756207,-0.26938100433105683,-0.8045611515756207,-0.26938100433105683,-0.5351801472445639,0.6589705420705004,-1.965184950911751,-0.8208842020057594,-0.2897384073692094,0.3333333333333333,-1.4996583617277743,0.31324566195685144,-0.7189863317756409,0.9166666666666665
timesfm_daily_abs_point,25.0,2019-05-31_2020-04-30,12,-0.7507479408757683,-0.23441422140073764,-0.7507479408757683,-0.23441422140073764,-0.5163337194750307,0.6624637923396899,-1.6220455048263185,-0.8208842020057593,-0.2897384073692094,0.4166666666666667,-1.2383454149049773,0.3583058853098588,-0.6431932719839577,0.9166666666666666
timesfm_daily_abs_point,25.0,2019-06-30_2020-05-31,12,-0.7782940338058308,-0.22854562482453433,-0.7782940338058308,-0.22854562482453433,-0.5497484089812965,0.6090176269821338,-1.9831169875503065,-0.8184391939601081,-0.2897384073692095,0.4166666666666667,-1.549981133635094,0.2391723450206186,-0.7019885032283573,0.9444444444444443
timesfm_daily_abs_point,25.0,2019-07-31_2020-06-30,12,-0.7838124411657605,-0.1941752572672133,-0.7838124411657605,-0.1941752572672133,-0.5896371838985472,0.6056688456988684,-2.0346244911394638,-0.7241746816558146,-0.2827760862119635,0.4166666666666667,-1.6703593202470226,0.26898204655544045,-0.711599474889084,0.9444444444444443
timesfm_daily_abs_point,25.0,2019-08-31_2020-07-31,12,-0.6673464786072076,-0.1722348942847023,-0.6673464786072076,-0.1722348942847023,-0.4951115843225053,0.5546375883540416,-1.5824645550198981,-0.7163671876382773,-0.27948217627529803,0.4166666666666667,-1.2604513220908913,0.36198210242404255,-0.5716756198355109,0.9444444444444443
timesfm_daily_abs_point,25.0,2019-09-30_2020-08-31,12,-0.5728981447027266,-0.21057570090232802,-0.5728981447027266,-0.21057570090232802,-0.36232244380039863,0.6219075948032547,-0.9819859716723133,-0.7163671876382771,-0.27948217627529803,0.5,-0.609446318403197,0.035239680163849214,-0.46154900018731637,0.9722222222222222
timesfm_daily_abs_point,25.0,2019-10-31_2020-09-30,12,-0.6757588451369552,-0.1766274605970889,-0.6757588451369552,-0.1766274605970889,-0.49913138453986633,0.634496271440185,-1.3550340979889786,-0.6821903247489082,-0.2794821762752979,0.4166666666666667,-0.998413562432297,-0.21412368871976373,-0.6055349238699564,0.9722222222222222
timesfm_daily_abs_point,25.0,2019-11-30_2020-10-31,12,-0.646778175156679,-0.06643817837031618,-0.646778175156679,-0.06643817837031618,-0.5803399967863627,0.6345879680625264,-1.2291375663613093,-0.5183922286775541,-0.2794821762752979,0.4166666666666667,-1.0649707271665358,-0.12994258424016394,-0.5557969009430722,0.9722222222222222
timesfm_daily_abs_point,25.0,2019-12-31_2020-11-30,12,-0.4075259392346112,-0.050871312509224054,-0.4075259392346112,-0.050871312509224054,-0.35665462672538717,0.5780991922780911,-0.5760638962320783,-0.2367081825828512,-0.2358764964179022,0.5,-0.5192407619664557,0.2637570230647341,-0.28306242039303575,0.9722222222222222
timesfm_daily_abs_point,25.0,2020-01-31_2020-12-31,12,-0.05456785809589759,-0.013079995771551722,-0.05456785809589759,-0.013079995771551722,-0.04148786232434587,0.4227369130416641,0.07123143064448391,-0.2367081825828513,-0.16758179221927783,0.5,0.021515435751788287,-0.07009318246666592,0.0319186209035327,0.9444444444444443
timesfm_daily_abs_point,25.0,2020-02-29_2021-01-31,12,0.3412509437350706,0.14471568274700242,0.3412509437350706,0.14471568274700242,0.19653526098806817,0.36718407511564277,0.9828787159438045,-0.2367081825828513,-0.07033476780972703,0.5833333333333334,0.40001569625367706,-0.3290449306952493,0.5045453162956641,0.9722222222222222
timesfm_daily_abs_point,25.0,2020-03-31_2021-02-28,12,0.25104273712307856,0.3187076559568369,0.25104273712307856,0.3187076559568369,-0.06766491883375836,0.37368501691594036,0.7804054604225248,-0.2367081825828513,-0.07033476780972703,0.5833333333333334,-0.0020455916118660034,-0.5553140388624501,0.561575497548914,0.9444444444444443
timesfm_daily_abs_point,25.0,2020-04-30_2021-03-31,12,-0.0716926779522602,0.2712264885896778,-0.0716926779522602,0.2712264885896778,-0.342919166541938,0.4176602898090744,0.02017878586341324,-0.2791636021822551,-0.07033476780972714,0.5,-0.5176170522504139,-0.4423780544436791,0.12826360378169865,0.9444444444444443
timesfm_daily_abs_point,25.0,2020-05-31_2021-04-30,12,-0.0773207037159035,0.2511461011810818,-0.0773207037159035,0.2511461011810818,-0.3284668048969853,0.41737637609654915,0.005360452460268398,-0.2791636021822552,-0.07033476780972703,0.5,-0.4963155399618103,-0.4370675490444735,0.11216942726788481,0.9444444444444443
timesfm_daily_abs_point,25.0,2020-06-30_2021-05-31,12,-0.14534314238431556,0.22018559574957508,-0.14534314238431556,0.22018559574957508,-0.36552873813389064,0.4099331852496602,-0.18735333164511644,-0.27916360218225533,-0.07033476780972703,0.4166666666666667,-0.6139706876941868,-0.47289492203550887,0.024510535950104995,0.9166666666666665
timesfm_daily_abs_point,25.0,2020-07-31_2021-06-30,12,-0.03259710701016283,0.1787337447456181,-0.03259710701016283,0.1787337447456181,-0.21133085175578092,0.4188010174719869,0.11963066828217844,-0.27916360218225533,-0.07033476780972703,0.5,-0.26804303443078104,-0.4526075247469263,0.13878370302652043,0.8888888888888887
timesfm_daily_abs_point,25.0,2020-08-31_2021-07-31,12,-0.008141784334219082,0.17406019021811336,-0.008141784334219082,0.17406019021811336,-0.18220197455233245,0.420160745249969,0.18018316667558454,-0.2791636021822552,-0.0471551797914731,0.5833333333333334,-0.20535343668410774,-0.45538106028099984,0.16641730101511487,0.8611111111111108
timesfm_daily_abs_point,25.0,2020-09-30_2021-08-31,12,-0.16641861128464563,0.29094300690606567,-0.16641861128464563,0.29094300690606567,-0.4573616181907113,0.35937010120517354,-0.32545182007925183,-0.2174421076173868,-0.0471551797914731,0.5,-1.0537861421117891,0.41310049339575355,-0.2048573300397487,0.861111111111111
timesfm_daily_abs_point,25.0,2020-10-31_2021-09-30,12,0.12648811841191798,0.285307502281577,0.12648811841191798,0.285307502281577,-0.158819383869659,0.2859477428298561,0.5557362819060636,-0.2174421076173868,-0.04715517979147299,0.5833333333333334,-0.3988808760277526,0.9052776844580296,-0.07546054106516509,0.8333333333333334
timesfm_daily_abs_point,25.0,2020-11-30_2021-10-31,12,0.047515109640033026,0.164192612882329,0.047515109640033026,0.164192612882329,-0.11667750324229598,0.3041558415389085,0.2983763532649159,-0.2174421076173868,-0.04715517979147299,0.5833333333333334,-0.2795410050699787,1.789723325401797,-0.17718844592768068,0.8333333333333331
timesfm_daily_abs_point,25.0,2020-12-31_2021-11-30,12,-0.17360075559669186,0.10075285366229347,-0.17360075559669186,0.10075285366229347,-0.27435360925898533,0.31060931373271655,-0.46003550559280987,-0.24202352668590998,-0.04715517979147321,0.5,-0.9079879642509832,1.7663531463479887,-0.2776250222009997,0.8333333333333334
timesfm_daily_abs_point,25.0,2021-01-31_2021-12-31,12,-0.3059968330188936,0.1311417024200292,-0.3059968330188936,0.1311417024200292,-0.4371385354389228,0.35496326468741535,-0.8415642190383853,-0.38084171813689405,-0.04715517979147299,0.5,-1.345755772767326,1.9596248833515506,-0.430021251458951,0.861111111111111
timesfm_daily_abs_point,25.0,2021-02-28_2022-01-31,12,-0.37565078521570605,0.1035559333431273,-0.37565078521570605,0.1035559333431273,-0.47920671855883334,0.3207399987809663,-1.282104497502231,-0.3555036425984155,-0.008710521467504728,0.4166666666666667,-1.7042535933098906,1.462382646054132,-0.43653996933922956,0.8333333333333331
timesfm_daily_abs_point,25.0,2021-03-31_2022-02-28,12,-0.4569280409072657,0.1814244316261513,-0.4569280409072657,0.1814244316261513,-0.638352472533417,0.3462532575772456,-1.548818412304915,-0.45661160735553896,-0.008710521467504728,0.3333333333333333,-2.137162524597739,1.993777166113823,-0.5965635980110475,0.8055555555555555
timesfm_daily_abs_point,25.0,2021-04-30_2022-03-31,12,-0.3862216898925772,0.2056999327796627,-0.3862216898925772,0.2056999327796627,-0.5919216226722399,0.31396765171831403,-1.3702913649349249,-0.4997354004710448,-0.008710521467504728,0.3333333333333333,-2.0402003698026383,1.3784155374140636,-0.5098416655579929,0.7777777777777777
timesfm_daily_abs_point,25.0,2021-05-31_2022-04-30,12,-0.3538514134966604,0.20202014645819677,-0.3538514134966604,0.20202014645819677,-0.5558715599548572,0.3276702989239009,-1.1496369654339782,-0.4997354004710448,-0.011058901373715124,0.3333333333333333,-1.7410539428264833,0.8440369899457841,-0.4212399690127865,0.7222222222222222
timesfm_daily_abs_point,25.0,2021-06-30_2022-05-31,12,-0.4012874037546269,0.1547230806668567,-0.4012874037546269,0.1547230806668567,-0.5560104844214836,0.3298336096979538,-1.3631339432803513,-0.5081695837326254,-0.04389760737316839,0.3333333333333333,-1.8557831188653677,0.9382512915345315,-0.4527568570511561,0.7222222222222222
timesfm_daily_abs_point,25.0,2021-07-31_2022-06-30,12,-0.5094513245983585,0.14515293481688385,-0.5094513245983585,0.14515293481688385,-0.6546042594152424,0.30538312896339515,-2.1164419860315955,-0.561206886714968,-0.04389760737316839,0.25,-2.650267480322252,0.9491549622654544,-0.5527805763167343,0.75
timesfm_daily_abs_point,25.0,2021-08-31_2022-07-31,12,-0.6223727320764498,0.16719366722844042,-0.6223727320764498,0.16719366722844042,-0.7895663993048903,0.31976555263192485,-2.7688224718013053,-0.6492217502080644,-0.04389760737316839,0.16666666666666666,-3.2448062499667554,0.4033433233652335,-0.6280466815912503,0.7777777777777777
timesfm_daily_abs_point,25.0,2021-09-30_2022-08-31,12,-0.6565396340008349,0.11990803732841937,-0.6565396340008349,0.11990803732841937,-0.7764476713292543,0.30489128258960213,-3.205012418501926,-0.6762750556318557,-0.04389760737316817,0.16666666666666666,-3.5080797526454623,0.20622853403493968,-0.6485187357616449,0.7499999999999999
timesfm_daily_abs_point,25.0,2021-10-31_2022-09-30,12,-0.6716866486818223,0.07700156092153554,-0.6716866486818223,0.07700156092153554,-0.7486882096033578,0.28392130371237756,-3.606527937446791,-0.6419252188051252,-0.04389760737316828,0.16666666666666666,-3.5559940773182577,-0.8532504409609609,-0.6316469265432235,0.7499999999999999
timesfm_daily_abs_point,25.0,2021-11-30_2022-10-31,12,-0.6416576769300602,0.0837751064100245,-0.6416576769300602,0.0837751064100245,-0.7254327833400847,0.2924668817272144,-3.218415194038218,-0.5899387981629036,-0.04389760737316839,0.16666666666666666,-3.200681042736518,-1.0478176949583016,-0.58769812801058,0.75
timesfm_daily_abs_point,25.0,2021-12-31_2022-11-30,12,-0.6164974514509953,0.04089310124175727,-0.6164974514509953,0.04089310124175727,-0.6573905526927526,0.2878018023866414,-3.0575500705094147,-0.5344177547231015,-0.052330809109684795,0.16666666666666666,-2.8918317911936557,-0.860729569491461,-0.5825922610136443,0.75
timesfm_daily_abs_point,25.0,2022-01-31_2022-12-31,12,-0.525489764098832,0.03139589518781816,-0.525489764098832,0.03139589518781816,-0.5568856592866501,0.27196022846776136,-2.5228795321226825,-0.5344177547231013,-0.0538908420070876,0.25,-2.364708508504753,-0.8385622436883176,-0.4914368368000781,0.75
timesfm_daily_abs_point,25.0,2022-02-28_2023-01-31,12,-0.5585125488125875,-0.006523085673795559,-0.5585125488125875,-0.006523085673795559,-0.551989463138792,0.26239082063108143,-2.8823407835074173,-0.471667489778579,-0.053890842007087936,0.25,-2.4837622752139303,-1.5821690209617194,-0.5452340196167508,0.7777777777777777
timesfm_daily_abs_point,25.0,2022-03-31_2023-02-28,12,-0.4895701518274478,-0.03763942955797195,-0.4895701518274478,-0.03763942955797195,-0.45193072226947584,0.2387917170644674,-2.620732522144775,-0.4810783878974775,-0.05860315994470999,0.25,-2.1873913340735056,-1.1856222757667079,-0.4974452421312233,0.8055555555555555
timesfm_daily_abs_point,25.0,2022-04-30_2023-03-31,12,-0.4921393153997735,-0.0433257664262765,-0.4921393153997735,-0.0433257664262765,-0.448813548973497,0.23941190319796363,-2.6332989044105575,-0.5246650975115268,-0.052003665957635614,0.25,-2.184566790774421,-1.2483236835186422,-0.5050779330102563,0.8055555555555554
timesfm_daily_abs_point,25.0,2022-05-31_2023-04-30,12,-0.5530343743072448,-0.07213752035282106,-0.5530343743072448,-0.07213752035282106,-0.4808968539544237,0.19979802914268588,-3.7965985192268676,-0.5142605213380544,-0.07596598010903766,0.16666666666666666,-2.938079089097312,-0.7836014542463745,-0.5699974778412047,0.8333333333333331
timesfm_daily_abs_point,25.0,2022-06-30_2023-05-31,12,-0.45356310807678446,-0.0361282154897381,-0.45356310807678446,-0.0361282154897381,-0.41743489258704636,0.27282470898867184,-2.029763879831823,-0.4555487705828778,-0.07596598010903755,0.25,-1.7661873440895153,-0.7257257663816764,-0.4474516430949226,0.8333333333333331
timesfm_daily_abs_point,25.0,2022-07-31_2023-06-30,12,-0.3611440021579576,-0.0028433046031512976,-0.3611440021579576,-0.0028433046031512976,-0.3583006975548063,0.27729497081393245,-1.452885186906782,-0.3189388163903927,-0.07596598010903743,0.3333333333333333,-1.406697068608294,0.1126489016652114,-0.33623394251079397,0.7777777777777778
timesfm_daily_abs_point,25.0,2022-08-31_2023-07-31,12,-0.20430053935526504,-0.031389184091800915,-0.20430053935526504,-0.031389184091800915,-0.17291135526346413,0.2095134956136924,-0.9861690245275204,-0.2723370858095987,-0.0655917893195096,0.3333333333333333,-0.9514892738016965,1.3303397040821894,-0.1553258210497177,0.7777777777777778
timesfm_daily_abs_point,25.0,2022-09-30_2023-08-31,12,-0.18767888431860313,-0.014331580574544756,-0.18767888431860313,-0.014331580574544756,-0.17334730374405838,0.20432283239742588,-0.9168697326253359,-0.2723370858095989,-0.06559178931950937,0.3333333333333333,-0.9432383921604847,1.194469533111412,-0.1598850576576678,0.7777777777777777
timesfm_daily_abs_point,25.0,2022-10-31_2023-09-30,12,-0.1458934873641945,-0.04883569016310929,-0.1458934873641945,-0.04883569016310929,-0.0970577972010852,0.2187683917826712,-0.6178626682555628,-0.26257433050141765,-0.06327241269436523,0.3333333333333333,-0.4090600978821021,0.6530971535685104,-0.09941555131057822,0.7777777777777777
timesfm_daily_abs_point,25.0,2022-11-30_2023-10-31,12,-0.1903615937161096,-8.074453772832779e-05,-0.1903615937161096,-8.074453772832779e-05,-0.19028084917838128,0.2252117384900961,-0.8283024675748445,-0.21927200000329938,-0.04084242285001627,0.3333333333333333,-0.7945760830702892,0.10802018825438894,-0.17173767642460347,0.7777777777777778
timesfm_daily_abs_point,25.0,2022-12-31_2023-11-30,12,-0.10011369868433351,0.06162621592425688,-0.10011369868433351,0.06162621592425688,-0.16173991460859038,0.2241110193964252,-0.3675579803989226,-0.21927200000329927,-0.04084242285001627,0.4166666666666667,-0.6072253107121466,0.01902202288199418,-0.08045300453592841,0.7777777777777778
timesfm_daily_abs_point,25.0,2023-01-31_2023-12-31,12,0.06910952404876602,0.05389394652891433,0.06910952404876602,0.05389394652891433,0.015215577519851697,0.30599675385181524,0.351926430084246,-0.16785100455136026,-0.04084242285001627,0.4166666666666667,0.1571699205537412,-0.35398053325519374,0.13532453818528833,0.7499999999999999
timesfm_daily_abs_point,25.0,2023-02-28_2024-01-31,12,0.1083651274892592,0.06910062416905749,0.1083651274892592,0.06910062416905749,0.039264503320201705,0.2991684856934129,0.4751084125344813,-0.1386644624767548,-0.04084242285001627,0.4166666666666667,0.22089142176640236,-0.4467219066894477,0.18822444287410112,0.75
timesfm_daily_abs_point,25.0,2023-03-31_2024-02-29,12,0.16763606558089728,0.07105311702696282,0.16763606558089728,0.07105311702696282,0.09658294855393446,0.29498508226464204,0.6569871970764866,-0.0646135850750531,-0.04084242285001627,0.5,0.3772009265896674,-0.5294370925760961,0.2585477395379514,0.7777777777777777
timesfm_daily_abs_point,25.0,2023-04-30_2024-03-31,12,0.18024570328413603,0.04605177038880415,0.18024570328413603,0.04605177038880415,0.13419393289533188,0.29146634108132463,0.6988581439203762,-0.08340905052369907,-0.028914327222309355,0.5,0.49878751817575473,-0.2193475112406222,0.23676173214266227,0.7777777777777778
timesfm_daily_abs_point,25.0,2023-05-31_2024-04-30,12,0.19545229490377025,0.05087612226469651,0.19545229490377025,0.05087612226469651,0.14457617263907374,0.28822404669856205,0.7487540346194859,-0.12700891882699739,-0.04720745865673304,0.5,0.5248398202288901,-0.3509746703533993,0.2613892953584358,0.7777777777777777
timesfm_daily_abs_point,25.0,2023-06-30_2024-05-31,12,-0.06066890325826024,0.06029804021364593,-0.06066890325826024,0.06029804021364593,-0.12096694347190617,0.29139215426588555,-0.08651333749685958,-0.22832777864821852,-0.04720745865673304,0.4166666666666667,-0.27623304315338765,-0.48909108377846533,0.005218866514183684,0.8055555555555555
timesfm_daily_abs_point,25.0,2023-07-31_2024-06-30,12,-0.1154317539545564,0.046802268590376395,-0.1154317539545564,0.046802268590376395,-0.1622340225449328,0.2874301360850465,-0.2992701837409421,-0.2420284664318405,-0.04720745865673304,0.3333333333333333,-0.4239646709640646,-0.8692816618307543,-0.04261637328145107,0.8333333333333334
timesfm_daily_abs_point,25.0,2023-08-31_2024-07-31,12,-0.12865889905019023,0.10318514893952901,-0.12865889905019023,0.10318514893952901,-0.23184404798971925,0.28765481441436797,-0.350794978870597,-0.25658949852407054,-0.04720745865673315,0.3333333333333333,-0.6276408788486616,-0.6804463343144781,-0.03040518406412207,0.8055555555555554
timesfm_daily_abs_point,25.0,2023-09-30_2024-08-31,12,-0.24408577982771873,0.08473288946892565,-0.24408577982771873,0.08473288946892565,-0.3288186692966444,0.3343413185948379,-0.6751048328395077,-0.3923756159518368,-0.04720745865673315,0.3333333333333333,-0.8775802888697481,-0.20864246054056493,-0.18903617368584802,0.8055555555555554
timesfm_daily_abs_point,25.0,2023-10-31_2024-09-30,12,-0.2685746313673938,0.12170948346779942,-0.2685746313673938,0.12170948346779942,-0.3902841148351932,0.3264344071240794,-0.7972842968026314,-0.3923756159518367,-0.047207458656732815,0.3333333333333333,-1.1278608268996546,0.12027862046125888,-0.24256651611676538,0.8333333333333334
timesfm_daily_abs_point,25.0,2023-11-30_2024-10-31,12,-0.24859961283439336,0.004734660022875703,-0.24859961283439336,0.004734660022875703,-0.25333427285726906,0.32375847284412335,-0.7249721931534989,-0.39754887264018823,-0.07254414974326939,0.4166666666666667,-0.746603692855932,0.3843343875270975,-0.21415746936500457,0.8055555555555555
timesfm_daily_abs_point,25.0,2023-12-31_2024-11-30,12,-0.35555247699832204,-0.026522408525777696,-0.35555247699832204,-0.026522408525777696,-0.32903006847254435,0.328456890069309,-1.1647280989746738,-0.4633023302647429,-0.07702368625268241,0.3333333333333333,-1.0736859995942594,0.2705591036458128,-0.31797300757206515,0.8055555555555555
timesfm_daily_abs_point,25.0,2024-01-31_2024-12-31,12,-0.4791532201239874,-0.013699490369203038,-0.4791532201239874,-0.013699490369203038,-0.4654537297547844,0.20981999137073928,-2.920892354405764,-0.4738648805546516,-0.07702368625268208,0.25,-2.854190797617696,0.46456953925163447,-0.46460762178481985,0.8333333333333334
timesfm_daily_abs_point,25.0,2024-02-29_2025-01-31,12,-0.5158873351975661,-0.14290566323586873,-0.5158873351975661,-0.14290566323586873,-0.3729816719616974,0.2125532836518391,-3.206070381230255,-0.5243439015420804,-0.18252959118595857,0.3333333333333333,-2.412218316568253,0.3980949333858868,-0.4737017726536721,0.8333333333333334
timesfm_daily_abs_point,25.0,2024-03-31_2025-02-28,12,-0.45469099821234993,-0.10676537761977256,-0.45469099821234993,-0.10676537761977256,-0.34792562059257737,0.2875114726014482,-1.9227201503169018,-0.48627559685685495,-0.1825295911859588,0.3333333333333333,-1.7107157421198222,0.7370233116887653,-0.38682787199912805,0.8333333333333334
timesfm_daily_abs_point,25.0,2024-04-30_2025-03-31,12,-0.3957317737396151,-0.06461005552580057,-0.3957317737396151,-0.06461005552580057,-0.33112171821381453,0.2942126815487131,-1.5386670812950973,-0.46061861501101997,-0.18252959118595868,0.3333333333333333,-1.5151564518980005,0.7950953562752924,-0.3415099483592512,0.861111111111111
timesfm_daily_abs_point,25.0,2024-05-31_2025-04-30,12,-0.33730979216796453,0.02942056800377868,-0.33730979216796453,0.02942056800377868,-0.3667303601717432,0.3050621634206252,-1.1820937963495337,-0.3897990294100999,-0.18252959118595857,0.3333333333333333,-1.5355775927265916,0.8775274367309909,-0.3336642918039877,0.861111111111111
timesfm_daily_abs_point,25.0,2024-06-30_2025-05-31,12,-0.35901610846228404,-0.019239253194651806,-0.35901610846228404,-0.019239253194651806,-0.33977685526763224,0.3151736842474989,-1.2360341231274496,-0.37876936323786303,-0.18252959118595835,0.3333333333333333,-1.5031156012653295,1.0139198506038811,-0.32421644799930005,0.8333333333333331
timesfm_daily_abs_point,25.0,2024-07-31_2025-06-30,12,-0.1923531587341737,0.03150250800801424,-0.1923531587341737,0.03150250800801424,-0.22385566674218793,0.4156408180927632,-0.3228043677385125,-0.36660144360179237,-0.1825295911859589,0.4166666666666667,-0.5767896288596135,1.4280063891920733,-0.1863063016317058,0.861111111111111
timesfm_daily_abs_point,25.0,2024-08-31_2025-07-31,12,0.23078199659826648,0.02082724764079913,0.23078199659826648,0.02082724764079913,0.20995474895746735,0.6540591227729363,0.5804916097648732,-0.24893695633557034,-0.1720911800730176,0.5,0.6167438176092286,2.11828820415929,0.3431312677285052,0.8888888888888888
timesfm_daily_abs_point,25.0,2024-09-30_2025-08-31,12,2.135613507322635,0.07082064647411035,2.135613507322635,0.07082064647411035,2.0647928608485246,1.1985487701490654,1.3722018237334754,-0.24893695633557045,-0.1720911800730176,0.5833333333333334,1.3794006823016502,2.6361233673830036,2.817171993392062,0.9166666666666666
timesfm_daily_abs_point,25.0,2024-10-31_2025-09-30,12,3.9525388865762903,0.07787885846139209,3.9525388865762903,0.07787885846139209,3.8746600281148984,1.2871161265036641,1.7422853180729903,-0.21840110000343194,-0.11858833109117162,0.5833333333333334,1.760155243133338,2.700876360226719,5.312456399972987,0.8888888888888888
timesfm_daily_abs_point,25.0,2024-11-30_2025-10-31,12,6.569443962277892,0.1960061542824556,6.569443962277892,0.1960061542824556,6.373437807995436,1.2900283483033017,2.1319504872087878,-0.14501278193157918,-0.11795970406671652,0.5833333333333334,2.074477702432738,2.7583052431148625,6.602336510534074,0.9166666666666665
timesfm_daily_abs_point,25.0,2024-12-31_2025-11-30,12,10.2255692310149,0.22133541890163522,10.2255692310149,0.22133541890163522,10.004233812113265,1.2376151231679935,2.5699187058697985,-0.14501278193157918,-0.11795970406671652,0.6666666666666666,2.504283733051205,2.535483277991057,9.787708292990436,0.8888888888888887
timesfm_daily_abs_point,25.0,2025-01-31_2025-12-31,12,9.46187159372499,0.17166648362633885,9.46187159372499,0.17166648362633885,9.29020511009865,1.2563775480215684,2.4789901334670272,-0.14501278193157918,-0.03669877287899381,0.6666666666666666,2.4688882902076927,2.804275944260502,9.70110998809189,0.8888888888888888
timesfm_daily_abs_point,25.0,2025-02-28_2026-01-31,12,7.628195138169071,0.31334945156909844,7.628195138169071,0.31334945156909844,7.3148456865999725,1.3139609360819875,2.2497559203496134,-0.32564646674132536,-0.04758367670999886,0.5833333333333334,2.103127510158793,4.038557879659283,4.416077164514389,0.8888888888888888
timesfm_daily_abs_point,25.0,2025-03-31_2026-02-28,12,5.330232288830708,0.08257309459079365,5.330232288830708,0.08257309459079365,5.2476591942399144,1.373417675324924,1.9300459123689562,-0.4327990845605296,-0.18488813271044613,0.5,1.9785808004500167,3.1081163892901205,7.4725541262010875,0.8611111111111112
timesfm_daily_abs_point,25.0,2025-04-30_2026-03-31,12,6.202994574087879,0.028079656548997578,6.202994574087879,0.028079656548997578,6.1749149175388816,1.3587260197373516,2.055025612776165,-0.4327990845605295,-0.19546042589812018,0.5833333333333334,2.1670322382954184,3.368048559900885,9.78770165534453,0.8055555555555555
timesfm_daily_abs_point,25.0,2025-05-31_2026-04-30,12,4.467600165792773,-0.14610708694572017,4.467600165792773,-0.14610708694572017,4.613707252738493,1.418725059517589,1.790738025872923,-0.47497615781624836,-0.29138146686445754,0.5833333333333334,2.082076963967243,3.9859254706436134,14.330741963537529,0.8055555555555555
timesfm_daily_abs_point,25.0,2025-06-30_2026-05-31,12,6.198143261477439,-0.18541351506394133,6.198143261477439,-0.18541351506394133,6.38355677654138,1.3694492428910647,2.052778393634917,-0.47497615781624836,-0.34737666250868915,0.6666666666666666,2.4249969522306194,3.656152534592449,19.828108310167185,0.8333333333333334
timesfm_daily_abs_point,25.0,2025-07-31_2026-06-30,12,6.780307298519792,-0.1667764227923394,6.780307298519792,-0.1667764227923394,6.947083721312131,1.3733709457777337,2.1198004951890446,-0.47497615781624847,-0.34737666250868904,0.6666666666666666,2.49391697668755,3.527557121478544,19.671127990606188,0.8055555555555555
timesfm_daily_abs_lower10,25.0,2019-01-31_2019-12-31,12,-0.2936838712384017,-0.0907583313333864,-0.2936838712384017,-0.0907583313333864,-0.20292553990501527,0.28757400884973705,-1.0487103382764242,-0.384415617213,-0.08173242622854304,0.6666666666666666,-0.7610391841686623,0.7760549311261145,-0.20854213666851418,0.861111111111111
timesfm_daily_abs_lower10,25.0,2019-02-28_2020-01-31,12,-0.3421119454844379,-0.15374678206850467,-0.3421119454844379,-0.15374678206850467,-0.18836516341593323,0.2747981238094316,-1.360339256645553,-0.3959107179990139,-0.157070533612218,0.6666666666666666,-0.7787047800767647,0.46938386448291,-0.26156939116535805,0.8333333333333331
timesfm_daily_abs_lower10,25.0,2019-03-31_2020-02-29,12,-0.37419254509036726,-0.2983301643039218,-0.37419254509036726,-0.2983301643039218,-0.07586238078644547,0.27883383478889845,-1.5100803555815525,-0.443282071291046,-0.2968733323797681,0.75,-0.30824211536051116,0.37680225224105623,-0.25951025248001813,0.8333333333333331
timesfm_daily_abs_lower10,25.0,2019-04-30_2020-03-31,12,-0.34287336917418565,-0.26938100433105683,-0.34287336917418565,-0.26938100433105683,-0.07349236484312882,0.29654080312623643,-1.245797127939782,-0.44328207129104613,-0.2897384073692094,0.75,-0.27120118292883194,0.49560085110529695,-0.20422820616576842,0.8888888888888888
timesfm_daily_abs_lower10,25.0,2019-05-31_2020-04-30,12,-0.26340142571217584,-0.23441422140073764,-0.26340142571217584,-0.23441422140073764,-0.028987204311438197,0.3232173207117658,-0.7766797795975491,-0.443282071291046,-0.2897384073692094,0.75,-0.02639469356221249,0.5827476798512303,-0.1042076551841471,0.888888888888889
timesfm_daily_abs_lower10,25.0,2019-06-30_2020-05-31,12,-0.19389155239595768,-0.22854562482453433,-0.19389155239595768,-0.22854562482453433,0.034654072428576654,0.3673049623617668,-0.40833887880245606,-0.44328207129104613,-0.2897384073692095,0.75,0.24985923247357938,0.7184793099985112,0.01898701987323248,0.9166666666666666
timesfm_daily_abs_lower10,25.0,2019-07-31_2020-06-30,12,-0.19042866838635952,-0.1941752572672133,-0.19042866838635952,-0.1941752572672133,0.003746588880853774,0.36769426350953544,-0.39604163746582294,-0.44328207129104613,-0.2827760862119635,0.6666666666666666,0.1302727786713682,0.6878960824424242,-0.014700459751572748,0.8888888888888888
timesfm_daily_abs_lower10,25.0,2019-08-31_2020-07-31,12,-0.18591759566906585,-0.1722348942847023,-0.18591759566906585,-0.1722348942847023,-0.01368270138436356,0.36781688099300935,-0.3808693497596968,-0.44328207129104613,-0.27948217627529803,0.5833333333333334,0.06746257107577631,0.6794846180732442,-0.02880158503086594,0.861111111111111
timesfm_daily_abs_lower10,25.0,2019-09-30_2020-08-31,12,-0.12853513690390772,-0.21057570090232802,-0.12853513690390772,-0.21057570090232802,0.0820405639984203,0.37476225187459844,-0.1875680827580177,-0.443282071291046,-0.27948217627529803,0.5833333333333334,0.3770803953758004,0.5603720912922336,0.047471538218371245,0.8055555555555554
timesfm_daily_abs_lower10,25.0,2019-10-31_2020-09-30,12,-0.10904699828035602,-0.1766274605970889,-0.10904699828035602,-0.1766274605970889,0.06758046231673287,0.3786446630590637,-0.12416066203906596,-0.3844892482350336,-0.2794821762752979,0.5833333333333334,0.3226559623897217,0.5853671163559994,0.05068369722899746,0.8055555555555555
timesfm_daily_abs_lower10,25.0,2019-11-30_2020-10-31,12,0.05065590086358962,-0.06643817837031618,0.05065590086358962,-0.06643817837031618,0.1170940792339058,0.3704792392636786,0.310719320673129,-0.27158491619156466,-0.2794821762752979,0.5833333333333334,0.41911389044585623,0.5562000467656497,0.14368869464446266,0.8055555555555555
timesfm_daily_abs_lower10,25.0,2019-12-31_2020-11-30,12,0.376256016298278,-0.050871312509224054,0.376256016298278,-0.050871312509224054,0.42712732880750204,0.33434960520548135,1.1275085823388844,-0.0956269452638383,-0.2358764964179022,0.6666666666666666,1.448503230683927,0.7657273165041404,0.46926323650728086,0.8333333333333334
timesfm_daily_abs_lower10,25.0,2020-01-31_2020-12-31,12,0.8057658327188737,-0.013079995771551722,0.8057658327188737,-0.013079995771551722,0.8188458284904254,0.22592019551826978,2.781279752035768,-0.07841780131426801,-0.16758179221927783,0.75,3.020084143740992,0.577242950592012,0.8255641314180342,0.8333333333333334
timesfm_daily_abs_lower10,25.0,2020-02-29_2021-01-31,12,1.2632323807456372,0.14471568274700242,1.2632323807456372,0.14471568274700242,1.1185166979986347,0.27260617518939834,3.2169233662787553,-0.0016666666666667052,-0.07033476780972703,0.75,3.06367433776646,0.6654699581866413,1.102218122842519,0.861111111111111
timesfm_daily_abs_lower10,25.0,2020-03-31_2021-02-28,12,1.499311968821233,0.3187076559568369,1.499311968821233,0.3187076559568369,1.1806043128643962,0.22755266223078124,4.27630309761266,-0.0016666666666667052,-0.07033476780972703,0.75,2.9620052837270183,0.48183007616186685,1.2356846688700283,0.8333333333333331
timesfm_daily_abs_lower10,25.0,2020-04-30_2021-03-31,12,1.4589722592070857,0.2712264885896778,1.4589722592070857,0.2712264885896778,1.187745770617408,0.22803715206759517,4.190541027935366,-0.0016666666666667052,-0.07033476780972714,0.75,3.0529695516193476,0.48851762990835773,1.233251815477979,0.7777777777777777
timesfm_daily_abs_lower10,25.0,2020-05-31_2021-04-30,12,1.178070230717633,0.2511461011810818,1.178070230717633,0.2511461011810818,0.9269241295365511,0.2507391555754202,3.3111818224169425,-0.028008421643118897,-0.07033476780972703,0.6666666666666666,2.4713293309097657,0.5988968513049424,0.9504119549457766,0.75
timesfm_daily_abs_lower10,25.0,2020-06-30_2021-05-31,12,0.8069202390045618,0.22018559574957508,0.8069202390045618,0.22018559574957508,0.5867346432549867,0.2408266235556068,2.6182651431325485,-0.0550274848717327,-0.07033476780972703,0.5833333333333334,1.809820464480393,0.5861493123959998,0.6404294639678638,0.75
timesfm_daily_abs_lower10,25.0,2020-07-31_2021-06-30,12,0.7686674357707315,0.1787337447456181,0.7686674357707315,0.1787337447456181,0.5899336910251134,0.24494981967237234,2.486043734948719,-0.056602439063613286,-0.07033476780972703,0.5833333333333334,1.9032031009146713,0.6589756961731731,0.6190687922262157,0.7499999999999999
timesfm_daily_abs_lower10,25.0,2020-08-31_2021-07-31,12,0.7197199293750298,0.17406019021811336,0.7197199293750298,0.17406019021811336,0.5456597391569165,0.25283047949530735,2.299276957024104,-0.08423958731270309,-0.0471551797914731,0.5833333333333334,1.7424875540230391,0.6689005883085032,0.578029709189011,0.7777777777777778
timesfm_daily_abs_lower10,25.0,2020-09-30_2021-08-31,12,0.6220042971428119,0.29094300690606567,0.6220042971428119,0.29094300690606567,0.33106129023674624,0.2569675159568633,2.027872619689565,-0.0844501339335304,-0.0471551797914731,0.5,1.1887119777215092,1.0341179399474432,0.27507483049202563,0.8333333333333331
timesfm_daily_abs_lower10,25.0,2020-10-31_2021-09-30,12,0.5346959332164594,0.285307502281577,0.5346959332164594,0.285307502281577,0.2493884309348824,0.258264089490038,1.795862334518949,-0.08445013393353029,-0.04715517979147299,0.4166666666666667,0.9048472040811436,0.9550951075625107,0.23585572899004448,0.8055555555555554
timesfm_daily_abs_lower10,25.0,2020-11-30_2021-10-31,12,0.4141986496060368,0.164192612882329,0.4141986496060368,0.164192612882329,0.2500060367237078,0.26192578088526614,1.4510274577516369,-0.09379696736966858,-0.04715517979147299,0.4166666666666667,1.0071287901340469,1.2886893633473526,0.1902343613187929,0.8055555555555555
timesfm_daily_abs_lower10,25.0,2020-12-31_2021-11-30,12,0.22270723522089653,0.10075285366229347,0.22270723522089653,0.10075285366229347,0.12195438155860305,0.2578352914583617,0.8927588132264564,-0.13277255242753006,-0.04715517979147321,0.3333333333333333,0.5672413149282679,1.2453586022646483,0.10989562939953479,0.8055555555555557
timesfm_daily_abs_lower10,25.0,2021-01-31_2021-12-31,12,0.09273593029759164,0.1311417024200292,0.09273593029759164,0.1311417024200292,-0.038405772122437565,0.26434435768032855,0.4458156172891641,-0.18093329351429643,-0.04715517979147299,0.25,-0.04388159236477822,1.5461990440584839,-0.07692377352055402,0.7500000000000001
timesfm_daily_abs_lower10,25.0,2021-02-28_2022-01-31,12,-0.1335125071131794,0.1035559333431273,-0.1335125071131794,0.1035559333431273,-0.2370684404563067,0.11149277634627032,-1.2270374471042387,-0.20118244264686003,-0.008710521467504728,0.16666666666666666,-1.6459221406468143,-0.17559512648846742,-0.11264929264185042,0.75
timesfm_daily_abs_lower10,25.0,2021-03-31_2022-02-28,12,-0.16194824225647586,0.1814244316261513,-0.16194824225647586,0.1814244316261513,-0.34337267388262716,0.10688593180077156,-1.5923925140681499,-0.2137121897636991,-0.008710521467504728,0.08333333333333333,-2.8821103486287276,0.1593651648936652,-0.18033317579818275,0.7499999999999999
timesfm_daily_abs_lower10,25.0,2021-04-30_2022-03-31,12,-0.2017696203637629,0.2056999327796627,-0.2017696203637629,0.2056999327796627,-0.4074695531434256,0.0717481553618051,-3.078115985411285,-0.1910549147293088,-0.008710521467504728,0.0,-6.059926319024933,0.5786969116030666,-0.28502165345634045,0.7777777777777777
timesfm_daily_abs_lower10,25.0,2021-05-31_2022-04-30,12,-0.17648120670816347,0.20202014645819677,-0.17648120670816347,0.20202014645819677,-0.37850135316636024,0.07382921948396867,-2.574263596324775,-0.1679252066610919,-0.011058901373715124,0.08333333333333333,-4.574849507904431,0.3161030748408311,-0.22260916574961265,0.8055555555555555
timesfm_daily_abs_lower10,25.0,2021-06-30_2022-05-31,12,-0.16685475372115766,0.1547230806668567,-0.16685475372115766,0.1547230806668567,-0.32157783438801435,0.07268674576924444,-2.4583766016076756,-0.1665361001613609,-0.04389760737316839,0.16666666666666666,-3.421837584465437,0.18414256718771801,-0.18749437843141215,0.7777777777777778
timesfm_daily_abs_lower10,25.0,2021-07-31_2022-06-30,12,-0.16890362993249586,0.14515293481688385,-0.16890362993249586,0.14515293481688385,-0.3140565647493797,0.07223955554688002,-2.5075805284896058,-0.14961817021826684,-0.04389760737316839,0.16666666666666666,-3.326045627135119,0.16559001717431007,-0.1861106166357701,0.7777777777777777
timesfm_daily_abs_lower10,25.0,2021-08-31_2022-07-31,12,-0.133600633290211,0.16719366722844042,-0.133600633290211,0.16719366722844042,-0.3007943005186514,0.07510839162746759,-1.8628181883279769,-0.14961817021826695,-0.04389760737316839,0.16666666666666666,-3.147966544633003,0.24260782231564257,-0.16449698132391455,0.7777777777777778
timesfm_daily_abs_lower10,25.0,2021-09-30_2022-08-31,12,-0.18325711012264667,0.11990803732841937,-0.18325711012264667,0.11990803732841937,-0.30316514745106604,0.08657771636215718,-2.277880737893156,-0.18897320412073582,-0.04389760737316817,0.16666666666666666,-3.284921171220636,0.38775630222513635,-0.21739466680228292,0.7777777777777778
timesfm_daily_abs_lower10,25.0,2021-10-31_2022-09-30,12,-0.2368825519461556,0.07700156092153554,-0.2368825519461556,0.07700156092153554,-0.31388411286769113,0.09208675102581203,-2.859631175484046,-0.22357763863890956,-0.04389760737316828,0.16666666666666666,-3.291345900150896,0.30370991799654257,-0.2518829548440409,0.8055555555555555
timesfm_daily_abs_lower10,25.0,2021-11-30_2022-10-31,12,-0.22881374613400396,0.0837751064100245,-0.22881374613400396,0.0837751064100245,-0.31258885254402846,0.09325767488591255,-2.7122899544084462,-0.194154516289349,-0.04389760737316839,0.16666666666666666,-3.2214223939888296,0.29944570617306626,-0.2450689550702635,0.8055555555555557
timesfm_daily_abs_lower10,25.0,2021-12-31_2022-11-30,12,-0.35087656747174367,0.04089310124175727,-0.35087656747174367,0.04089310124175727,-0.39176966871350094,0.197201970901802,-2.0507584055441272,-0.31270841178942954,-0.052330809109684795,0.16666666666666666,-2.6398464664394785,1.2201440486531612,-0.372659454926228,0.7777777777777777
timesfm_daily_abs_lower10,25.0,2022-01-31_2022-12-31,12,-0.32256365206069615,0.03139589518781816,-0.32256365206069615,0.03139589518781816,-0.3539595472485143,0.19652809086000644,-1.8481769573192202,-0.30681085781339057,-0.0538908420070876,0.16666666666666666,-2.354838248665551,1.2215876970370383,-0.33764389371315395,0.8333333333333331
timesfm_daily_abs_lower10,25.0,2022-02-28_2023-01-31,12,-0.31917784371360114,-0.006523085673795559,-0.31917784371360114,-0.006523085673795559,-0.3126547580398056,0.19673848774384844,-1.8214243762460451,-0.3205691445836938,-0.053890842007087936,0.16666666666666666,-2.137460508780947,1.5213478340818005,-0.3005792404470875,0.8333333333333334
timesfm_daily_abs_lower10,25.0,2022-03-31_2023-02-28,12,-0.332226854734749,-0.03763942955797195,-0.332226854734749,-0.03763942955797195,-0.29458742517677705,0.1961591595257884,-1.9229802604167379,-0.34404435170352643,-0.05860315994470999,0.16666666666666666,-2.064582634552892,1.7061422923031584,-0.2736442478120382,0.861111111111111
timesfm_daily_abs_lower10,25.0,2022-04-30_2023-03-31,12,-0.39111251869137964,-0.0433257664262765,-0.39111251869137964,-0.0433257664262765,-0.34778675226510314,0.19335506196828786,-2.413858131963266,-0.3928034700917057,-0.052003665957635614,0.16666666666666666,-2.4360524999639535,1.3079476962451897,-0.3421251631566402,0.861111111111111
timesfm_daily_abs_lower10,25.0,2022-05-31_2023-04-30,12,-0.3968692012422613,-0.07213752035282106,-0.3968692012422613,-0.07213752035282106,-0.32473168088944027,0.191347640138782,-2.4887291268026304,-0.39151828641779596,-0.07596598010903766,0.16666666666666666,-2.2264579575648984,0.8193238384684529,-0.34600101405143613,0.8333333333333331
timesfm_daily_abs_lower10,25.0,2022-06-30_2023-05-31,12,-0.3740416910079951,-0.0361282154897381,-0.3740416910079951,-0.0361282154897381,-0.337913475518257,0.19972034328266508,-2.198003710065604,-0.39151828641779585,-0.07596598010903755,0.16666666666666666,-2.2291673767036246,1.2100645578415097,-0.3323503859688296,0.8333333333333331
timesfm_daily_abs_lower10,25.0,2022-07-31_2023-06-30,12,-0.35046479313453516,-0.0028433046031512976,-0.35046479313453516,-0.0028433046031512976,-0.34762148853138386,0.20964679788736226,-1.9150114513465744,-0.39151828641779585,-0.07596598010903743,0.16666666666666666,-2.2087392849706307,1.3042727004599588,-0.3354781895892931,0.8333333333333331
timesfm_daily_abs_lower10,25.0,2022-08-31_2023-07-31,12,-0.3958196038273065,-0.031389184091800915,-0.3958196038273065,-0.031389184091800915,-0.3644304197355056,0.2048080023911361,-2.3052622817653634,-0.3589391494019025,-0.0655917893195096,0.16666666666666666,-2.4146656623318057,1.2527426950972982,-0.358222363084049,0.8055555555555555
timesfm_daily_abs_lower10,25.0,2022-09-30_2023-08-31,12,-0.38424909605615687,-0.014331580574544756,-0.38424909605615687,-0.014331580574544756,-0.3699175154816121,0.20385273905821202,-2.2275254395261737,-0.34559158100903586,-0.06559178931950937,0.16666666666666666,-2.4104961221576575,1.263604548818965,-0.36052143835581885,0.8333333333333334
timesfm_daily_abs_lower10,25.0,2022-10-31_2023-09-30,12,-0.3008875388064709,-0.04883569016310929,-0.3008875388064709,-0.04883569016310929,-0.2520518486433616,0.22777577549342518,-1.4343165226845065,-0.341148357584923,-0.06327241269436523,0.25,-1.2585488099425566,0.7278365550986643,-0.25611555303967715,0.7777777777777778
timesfm_daily_abs_lower10,25.0,2022-11-30_2023-10-31,12,-0.2754368577482311,-8.074453772832779e-05,-0.2754368577482311,-8.074453772832779e-05,-0.2753561132105028,0.23410482661197468,-1.2410841573252072,-0.18207756203220515,-0.04084242285001627,0.25,-1.331372526623591,0.8486583437809113,-0.25727011473829065,0.7777777777777778
timesfm_daily_abs_lower10,25.0,2022-12-31_2023-11-30,12,-0.09410323084526129,0.06162621592425688,-0.09410323084526129,0.06162621592425688,-0.15572944676951817,0.14336530893470267,-0.6204414694083886,-0.1701785516322567,-0.04084242285001627,0.25,-0.9368175781921732,0.1190604408598204,-0.09235349158372963,0.8055555555555555
timesfm_daily_abs_lower10,25.0,2023-01-31_2023-12-31,12,-0.08322207238610979,0.05389394652891433,-0.08322207238610979,0.05389394652891433,-0.13711601891502412,0.1432300730009632,-0.5383683713959864,-0.15337489697957507,-0.04084242285001627,0.3333333333333333,-0.8137812128916823,0.10141749491121411,-0.07974102589184595,0.8055555555555555
timesfm_daily_abs_lower10,25.0,2023-02-28_2024-01-31,12,-0.07317610644694239,0.06910062416905749,-0.07317610644694239,0.06910062416905749,-0.14227673061599988,0.14253310386529192,-0.46564709686434186,-0.12307605025439028,-0.04084242285001627,0.3333333333333333,-0.8349648403497465,0.0873884957862732,-0.07018130530411948,0.8055555555555555
timesfm_daily_abs_lower10,25.0,2023-03-31_2024-02-29,12,-0.019482321637677602,0.07105311702696282,-0.019482321637677602,0.07105311702696282,-0.09053543866464042,0.14107651415122624,-0.0739930761356659,-0.09588516946249981,-0.04084242285001627,0.4166666666666667,-0.4974297029997363,0.005933712668522697,-0.010814791616299724,0.8055555555555555
timesfm_daily_abs_lower10,25.0,2023-04-30_2024-03-31,12,0.05307624207135353,0.04605177038880415,0.05307624207135353,0.04605177038880415,0.0070244716825493825,0.1166852772211937,0.4975856341873708,-0.09588516946249981,-0.028914327222309355,0.5,0.06666955057588551,0.1353409039249696,0.052692990190531974,0.8333333333333334
timesfm_daily_abs_lower10,25.0,2023-05-31_2024-04-30,12,0.008096928066555709,0.05087612226469651,0.008096928066555709,0.05087612226469651,-0.0427791941981408,0.12838666859783573,0.12177751857363248,-0.09588516946249992,-0.04720745865673304,0.4166666666666667,-0.2779881581942983,0.384102270076614,-0.004782900262442102,0.861111111111111
timesfm_daily_abs_lower10,25.0,2023-06-30_2024-05-31,12,-0.0030097035062625066,0.06029804021364593,-0.0030097035062625066,0.06029804021364593,-0.06330774371990844,0.12700932834012832,0.034549412980010394,-0.09588516946249992,-0.04720745865673304,0.3333333333333333,-0.4333650843242637,0.3920931619356766,-0.019813264029037936,0.8888888888888888
timesfm_daily_abs_lower10,25.0,2023-07-31_2024-06-30,12,0.4133998203944331,0.046802268590376395,0.4133998203944331,0.046802268590376395,0.36659755180405673,0.4832363576147647,0.9022496518420722,-0.05466901430838644,-0.04720745865673304,0.4166666666666667,0.8376614968982351,1.963555917110062,0.3981762500022423,0.8888888888888888
timesfm_daily_abs_lower10,25.0,2023-08-31_2024-07-31,12,0.5279686268099868,0.10318514893952901,0.5279686268099868,0.10318514893952901,0.4247834778704578,0.4727736862953118,1.0836027960528904,-0.05466901430838644,-0.04720745865673315,0.4166666666666667,0.8944334691944925,1.2300770887563786,0.46164458798053976,0.9166666666666665
timesfm_daily_abs_lower10,25.0,2023-09-30_2024-08-31,12,0.5690338338831653,0.08473288946892565,0.5690338338831653,0.08473288946892565,0.48430094441423965,0.46856498597606955,1.1484287205438073,-0.054669014308386554,-0.04720745865673315,0.5,0.9989325931728702,1.225840662965157,0.5291895296409013,0.8888888888888887
timesfm_daily_abs_lower10,25.0,2023-10-31_2024-09-30,12,0.40530488330266734,0.12170948346779942,0.40530488330266734,0.12170948346779942,0.2835953998348679,0.4756808373039681,0.8968932481581342,-0.05624321670130328,-0.047207458656732815,0.4166666666666667,0.6746869368700259,1.5620926215383901,0.26829626522424777,0.9444444444444443
timesfm_daily_abs_lower10,25.0,2023-11-30_2024-10-31,12,0.26273448195542093,0.004734660022875703,0.26273448195542093,0.004734660022875703,0.2579998219325452,0.4884441625373895,0.6596438035304151,-0.12704469044415156,-0.07254414974326939,0.4166666666666667,0.6862518297084432,1.861241726146586,0.3493748456282937,0.9444444444444443
timesfm_daily_abs_lower10,25.0,2023-12-31_2024-11-30,12,0.2574947031707553,-0.026522408525777696,0.2574947031707553,-0.026522408525777696,0.284017111696533,0.4886462212629388,0.6508187080371144,-0.12704469044415156,-0.07702368625268241,0.5,0.7509930144699549,2.0651719785394915,0.43014970976851563,0.9444444444444443
timesfm_daily_abs_lower10,25.0,2024-01-31_2024-12-31,12,0.2574947031707555,-0.013699490369203038,0.2574947031707555,-0.013699490369203038,0.27119419353995855,0.4886462212629388,0.6508187080371143,-0.12704469044415156,-0.07702368625268208,0.4166666666666667,0.7207510846720341,2.033029130310422,0.3927869588449955,0.9444444444444443
timesfm_daily_abs_lower10,25.0,2024-02-29_2025-01-31,12,0.2476564139399493,-0.14290566323586873,0.2476564139399493,-0.14290566323586873,0.39056207717581803,0.4893235525870228,0.634074596035572,-0.14139690633060187,-0.18252959118595857,0.5,0.9929107758527834,1.1722109744397156,0.595583410433006,0.9166666666666665
timesfm_daily_abs_lower10,25.0,2024-03-31_2025-02-28,12,0.24783472008875207,-0.10676537761977256,0.24783472008875207,-0.10676537761977256,0.35460009770852463,0.4893221179234493,0.634374762408462,-0.14139690633060198,-0.1825295911859588,0.4166666666666667,0.894722257572243,1.0536188344807706,0.5045506902613874,0.9166666666666665
timesfm_daily_abs_lower10,25.0,2024-04-30_2025-03-31,12,0.3399120294411937,-0.06461005552580057,0.3399120294411937,-0.06461005552580057,0.40452208496699427,0.48963633111604843,0.7837915711720033,-0.14139690633060198,-0.18252959118595868,0.4166666666666667,0.9552498115303354,1.0355750323094388,0.5384178354359754,0.8888888888888887
timesfm_daily_abs_lower10,25.0,2024-05-31_2025-04-30,12,0.41658513811182263,0.02942056800377868,0.41658513811182263,0.02942056800377868,0.38716457010804395,0.4827795397174205,0.9076284143033486,-0.14139690633060198,-0.18252959118595857,0.4166666666666667,0.8495766530379699,0.7830689697853795,0.4875508856031847,0.8888888888888888
timesfm_daily_abs_lower10,25.0,2024-06-30_2025-05-31,12,0.3939383665530567,-0.019239253194651806,0.3939383665530567,-0.019239253194651806,0.4131776197477085,0.48403122469531423,0.8719374036941079,-0.14139690633060187,-0.18252959118595835,0.5,0.9212934365619151,0.8139122560403307,0.5187749506260508,0.861111111111111
timesfm_daily_abs_lower10,25.0,2024-07-31_2025-06-30,12,-0.03740547383651238,0.03150250800801424,-0.03740547383651238,0.03150250800801424,-0.06890798184452662,0.12106526519200635,-0.25844245181306874,-0.14139690633060187,-0.1825295911859589,0.4166666666666667,-0.5012094419444767,0.3560298869305728,-0.04772365295560632,0.8055555555555555
timesfm_daily_abs_lower10,25.0,2024-08-31_2025-07-31,12,-0.04178533489285974,0.02082724764079913,-0.04178533489285974,0.02082724764079913,-0.06261258253365887,0.12030934046888474,-0.2985506978495039,-0.1295000011459213,-0.1720911800730176,0.4166666666666667,-0.46565112113875357,0.3547010776541167,-0.04837731490558317,0.8055555555555555
timesfm_daily_abs_lower10,25.0,2024-09-30_2025-08-31,12,-0.05539410751569518,0.07082064647411035,-0.05539410751569518,0.07082064647411035,-0.12621475398980553,0.12246134976385659,-0.4076923578727362,-0.09022842657793928,-0.1720911800730176,0.3333333333333333,-0.818368999962551,0.3304918455933831,-0.07569032840799328,0.8055555555555555
timesfm_daily_abs_lower10,25.0,2024-10-31_2025-09-30,12,0.0212203466373595,0.07787885846139209,0.0212203466373595,0.07787885846139209,-0.05665851182403259,0.12006219162157421,0.23054429526209758,-0.02767486810368147,-0.11858833109117162,0.4166666666666667,-0.39807931454436707,0.33402131742678576,-0.003358938859436611,0.8055555555555555
timesfm_daily_abs_lower10,25.0,2024-11-30_2025-10-31,12,0.14432114239188398,0.1960061542824556,0.14432114239188398,0.1960061542824556,-0.05168501189057162,0.08964083789995457,1.5526322697513024,-0.02767486810368136,-0.11795970406671652,0.4166666666666667,-0.34646363957384363,0.2138691321709424,0.10174406968260818,0.7777777777777777
timesfm_daily_abs_lower10,25.0,2024-12-31_2025-11-30,12,0.04370133300059753,0.22133541890163522,0.04370133300059753,0.22133541890163522,-0.17763408590103769,0.1322109481967094,0.38568384383302245,-0.08525420098079128,-0.11795970406671652,0.3333333333333333,-0.877831825762857,0.21666807169341445,0.0039916060287683575,0.75
timesfm_daily_abs_lower10,25.0,2025-01-31_2025-12-31,12,0.06889372002697947,0.17166648362633885,0.06889372002697947,0.17166648362633885,-0.10277276359935938,0.13305972928710127,0.5641739045302947,-0.08525420098079128,-0.03669877287899381,0.4166666666666667,-0.4991961341331775,0.16888307455164123,0.04627878611413139,0.75
timesfm_daily_abs_lower10,25.0,2025-02-28_2026-01-31,12,0.12056811787468891,0.31334945156909844,0.12056811787468891,0.31334945156909844,-0.19278133369440953,0.13253983043979106,0.9249866190740472,-0.08525420098079128,-0.04758367670999886,0.4166666666666667,-0.919563663962893,0.0918376853815817,0.10102414768908008,0.75
timesfm_daily_abs_lower10,25.0,2025-03-31_2026-02-28,12,-0.0016981692426077943,0.08257309459079365,-0.0016981692426077943,0.08257309459079365,-0.08427126383340144,0.16504465118203634,0.06748386738979353,-0.12347589789130142,-0.18488813271044613,0.5,-0.47778514178675074,0.4116169310617533,-0.029749318329571284,0.7222222222222222
timesfm_daily_abs_lower10,25.0,2025-04-30_2026-03-31,12,-0.09006167073085325,0.028079656548997578,-0.09006167073085325,0.028079656548997578,-0.11814132727985083,0.1497943396703978,-0.5564491612632686,-0.147111288006199,-0.19546042589812018,0.4166666666666667,-0.7193089608112464,0.3708821506623069,-0.09660153526271087,0.75
timesfm_daily_abs_lower10,25.0,2025-05-31_2026-04-30,12,-0.21504756361352384,-0.14610708694572017,-0.21504756361352384,-0.14610708694572017,-0.06894047666780367,0.1944712074292617,-1.138656525814359,-0.26036944203331314,-0.29138146686445754,0.4166666666666667,-0.5093335070845221,0.5643107967572428,-0.13761523743335957,0.75
timesfm_daily_abs_lower10,25.0,2025-06-30_2026-05-31,12,-0.28517631612196015,-0.18541351506394133,-0.28517631612196015,-0.18541351506394133,-0.09976280105801882,0.20832524314549494,-1.4889616863868138,-0.3308896440369751,-0.34737666250868915,0.3333333333333333,-0.7793066426218652,0.6216092641342598,-0.18325350176311772,0.7777777777777777
timesfm_daily_abs_lower10,25.0,2025-07-31_2026-06-30,12,-0.2627389154142823,-0.1667764227923394,-0.2627389154142823,-0.1667764227923394,-0.0959624926219429,0.2168109757375695,-1.284221808068042,-0.3308896440369753,-0.34737666250868904,0.3333333333333333,-0.7490274141329706,0.646003296901113,-0.16641483579863026,0.8333333333333331
timesfm_daily_norm_point,25.0,2019-01-31_2019-12-31,12,-0.7939485761907049,-0.0907583313333864,-0.7939485761907049,-0.0907583313333864,-0.7031902448573185,0.6226435626435142,-2.0387293897088457,-0.7979958210065011,-0.08173242622854304,0.3333333333333333,-1.9652923240390705,1.8822439096104344,-0.6844375197574191,0.9166666666666666
timesfm_daily_norm_point,25.0,2019-02-28_2020-01-31,12,-0.8403972234476278,-0.15374678206850467,-0.8403972234476278,-0.15374678206850467,-0.686650441379123,0.6143577759834615,-2.4405010083530025,-0.8271473052186146,-0.157070533612218,0.25,-2.300879831431926,1.7129947469117315,-0.7261900470887159,0.8888888888888888
timesfm_daily_norm_point,25.0,2019-03-31_2020-02-29,12,-0.8218528918249569,-0.2983301643039218,-0.8218528918249569,-0.2983301643039218,-0.5235227275210351,0.6325231946817373,-2.2009102240977176,-0.8271473052186147,-0.2968733323797681,0.3333333333333333,-1.6087629257560405,0.036354684124894766,-0.7691894051014244,0.8888888888888888
timesfm_daily_norm_point,25.0,2019-04-30_2020-03-31,12,-0.8045611515756207,-0.26938100433105683,-0.8045611515756207,-0.26938100433105683,-0.5351801472445639,0.6589705420705004,-1.965184950911751,-0.8208842020057594,-0.2897384073692094,0.3333333333333333,-1.4996583617277743,0.31324566195685144,-0.7189863317756409,0.9166666666666665
timesfm_daily_norm_point,25.0,2019-05-31_2020-04-30,12,-0.7507479408757683,-0.23441422140073764,-0.7507479408757683,-0.23441422140073764,-0.5163337194750307,0.6624637923396899,-1.6220455048263185,-0.8208842020057593,-0.2897384073692094,0.4166666666666667,-1.2383454149049773,0.3583058853098588,-0.6431932719839577,0.9166666666666666
timesfm_daily_norm_point,25.0,2019-06-30_2020-05-31,12,-0.7782940338058308,-0.22854562482453433,-0.7782940338058308,-0.22854562482453433,-0.5497484089812965,0.6090176269821338,-1.9831169875503065,-0.8184391939601081,-0.2897384073692095,0.4166666666666667,-1.549981133635094,0.2391723450206186,-0.7019885032283573,0.9444444444444443
timesfm_daily_norm_point,25.0,2019-07-31_2020-06-30,12,-0.7838124411657605,-0.1941752572672133,-0.7838124411657605,-0.1941752572672133,-0.5896371838985472,0.6056688456988684,-2.0346244911394638,-0.7241746816558146,-0.2827760862119635,0.4166666666666667,-1.6703593202470226,0.26898204655544045,-0.711599474889084,0.9444444444444443
timesfm_daily_norm_point,25.0,2019-08-31_2020-07-31,12,-0.6673464786072076,-0.1722348942847023,-0.6673464786072076,-0.1722348942847023,-0.4951115843225053,0.5546375883540416,-1.5824645550198981,-0.7163671876382773,-0.27948217627529803,0.4166666666666667,-1.2604513220908913,0.36198210242404255,-0.5716756198355109,0.9444444444444443
timesfm_daily_norm_point,25.0,2019-09-30_2020-08-31,12,-0.5728981447027266,-0.21057570090232802,-0.5728981447027266,-0.21057570090232802,-0.36232244380039863,0.6219075948032547,-0.9819859716723133,-0.7163671876382771,-0.27948217627529803,0.5,-0.609446318403197,0.035239680163849214,-0.46154900018731637,0.9722222222222222
timesfm_daily_norm_point,25.0,2019-10-31_2020-09-30,12,-0.6757588451369552,-0.1766274605970889,-0.6757588451369552,-0.1766274605970889,-0.49913138453986633,0.634496271440185,-1.3550340979889786,-0.6821903247489082,-0.2794821762752979,0.4166666666666667,-0.998413562432297,-0.21412368871976373,-0.6055349238699564,0.9722222222222222
timesfm_daily_norm_point,25.0,2019-11-30_2020-10-31,12,-0.646778175156679,-0.06643817837031618,-0.646778175156679,-0.06643817837031618,-0.5803399967863627,0.6345879680625264,-1.2291375663613093,-0.5183922286775541,-0.2794821762752979,0.4166666666666667,-1.0649707271665358,-0.12994258424016394,-0.5557969009430722,0.9722222222222222
timesfm_daily_norm_point,25.0,2019-12-31_2020-11-30,12,-0.4075259392346112,-0.050871312509224054,-0.4075259392346112,-0.050871312509224054,-0.35665462672538717,0.5780991922780911,-0.5760638962320783,-0.2367081825828512,-0.2358764964179022,0.5,-0.5192407619664557,0.2637570230647341,-0.28306242039303575,0.9722222222222222
timesfm_daily_norm_point,25.0,2020-01-31_2020-12-31,12,-0.05456785809589759,-0.013079995771551722,-0.05456785809589759,-0.013079995771551722,-0.04148786232434587,0.4227369130416641,0.07123143064448391,-0.2367081825828513,-0.16758179221927783,0.5,0.021515435751788287,-0.07009318246666592,0.0319186209035327,0.9444444444444443
timesfm_daily_norm_point,25.0,2020-02-29_2021-01-31,12,0.3412509437350706,0.14471568274700242,0.3412509437350706,0.14471568274700242,0.19653526098806817,0.36718407511564277,0.9828787159438045,-0.2367081825828513,-0.07033476780972703,0.5833333333333334,0.40001569625367706,-0.3290449306952493,0.5045453162956641,0.9722222222222222
timesfm_daily_norm_point,25.0,2020-03-31_2021-02-28,12,0.25104273712307856,0.3187076559568369,0.25104273712307856,0.3187076559568369,-0.06766491883375836,0.37368501691594036,0.7804054604225248,-0.2367081825828513,-0.07033476780972703,0.5833333333333334,-0.0020455916118660034,-0.5553140388624501,0.561575497548914,0.9444444444444443
timesfm_daily_norm_point,25.0,2020-04-30_2021-03-31,12,-0.0716926779522602,0.2712264885896778,-0.0716926779522602,0.2712264885896778,-0.342919166541938,0.4176602898090744,0.02017878586341324,-0.2791636021822551,-0.07033476780972714,0.5,-0.5176170522504139,-0.4423780544436791,0.12826360378169865,0.9444444444444443
timesfm_daily_norm_point,25.0,2020-05-31_2021-04-30,12,-0.0773207037159035,0.2511461011810818,-0.0773207037159035,0.2511461011810818,-0.3284668048969853,0.41737637609654915,0.005360452460268398,-0.2791636021822552,-0.07033476780972703,0.5,-0.4963155399618103,-0.4370675490444735,0.11216942726788481,0.9444444444444443
timesfm_daily_norm_point,25.0,2020-06-30_2021-05-31,12,-0.14534314238431556,0.22018559574957508,-0.14534314238431556,0.22018559574957508,-0.36552873813389064,0.4099331852496602,-0.18735333164511644,-0.27916360218225533,-0.07033476780972703,0.4166666666666667,-0.6139706876941868,-0.47289492203550887,0.024510535950104995,0.9166666666666665
timesfm_daily_norm_point,25.0,2020-07-31_2021-06-30,12,-0.03259710701016283,0.1787337447456181,-0.03259710701016283,0.1787337447456181,-0.21133085175578092,0.4188010174719869,0.11963066828217844,-0.27916360218225533,-0.07033476780972703,0.5,-0.26804303443078104,-0.4526075247469263,0.13878370302652043,0.8888888888888887
timesfm_daily_norm_point,25.0,2020-08-31_2021-07-31,12,-0.008141784334219082,0.17406019021811336,-0.008141784334219082,0.17406019021811336,-0.18220197455233245,0.420160745249969,0.18018316667558454,-0.2791636021822552,-0.0471551797914731,0.5833333333333334,-0.20535343668410774,-0.45538106028099984,0.16641730101511487,0.8611111111111108
timesfm_daily_norm_point,25.0,2020-09-30_2021-08-31,12,-0.16641861128464563,0.29094300690606567,-0.16641861128464563,0.29094300690606567,-0.4573616181907113,0.35937010120517354,-0.32545182007925183,-0.2174421076173868,-0.0471551797914731,0.5,-1.0537861421117891,0.41310049339575355,-0.2048573300397487,0.861111111111111
timesfm_daily_norm_point,25.0,2020-10-31_2021-09-30,12,0.12648811841191798,0.285307502281577,0.12648811841191798,0.285307502281577,-0.158819383869659,0.2859477428298561,0.5557362819060636,-0.2174421076173868,-0.04715517979147299,0.5833333333333334,-0.3988808760277526,0.9052776844580296,-0.07546054106516509,0.8333333333333334
timesfm_daily_norm_point,25.0,2020-11-30_2021-10-31,12,0.047515109640033026,0.164192612882329,0.047515109640033026,0.164192612882329,-0.11667750324229598,0.3041558415389085,0.2983763532649159,-0.2174421076173868,-0.04715517979147299,0.5833333333333334,-0.2795410050699787,1.789723325401797,-0.17718844592768068,0.8333333333333331
timesfm_daily_norm_point,25.0,2020-12-31_2021-11-30,12,-0.17360075559669186,0.10075285366229347,-0.17360075559669186,0.10075285366229347,-0.27435360925898533,0.31060931373271655,-0.46003550559280987,-0.24202352668590998,-0.04715517979147321,0.5,-0.9079879642509832,1.7663531463479887,-0.2776250222009997,0.8333333333333334
timesfm_daily_norm_point,25.0,2021-01-31_2021-12-31,12,-0.3059968330188936,0.1311417024200292,-0.3059968330188936,0.1311417024200292,-0.4371385354389228,0.35496326468741535,-0.8415642190383853,-0.38084171813689405,-0.04715517979147299,0.5,-1.345755772767326,1.9596248833515506,-0.430021251458951,0.861111111111111
timesfm_daily_norm_point,25.0,2021-02-28_2022-01-31,12,-0.37565078521570605,0.1035559333431273,-0.37565078521570605,0.1035559333431273,-0.47920671855883334,0.3207399987809663,-1.282104497502231,-0.3555036425984155,-0.008710521467504728,0.4166666666666667,-1.7042535933098906,1.462382646054132,-0.43653996933922956,0.8333333333333331
timesfm_daily_norm_point,25.0,2021-03-31_2022-02-28,12,-0.4569280409072657,0.1814244316261513,-0.4569280409072657,0.1814244316261513,-0.638352472533417,0.3462532575772456,-1.548818412304915,-0.45661160735553896,-0.008710521467504728,0.3333333333333333,-2.137162524597739,1.993777166113823,-0.5965635980110475,0.8055555555555555
timesfm_daily_norm_point,25.0,2021-04-30_2022-03-31,12,-0.3862216898925772,0.2056999327796627,-0.3862216898925772,0.2056999327796627,-0.5919216226722399,0.31396765171831403,-1.3702913649349249,-0.4997354004710448,-0.008710521467504728,0.3333333333333333,-2.0402003698026383,1.3784155374140636,-0.5098416655579929,0.7777777777777777
timesfm_daily_norm_point,25.0,2021-05-31_2022-04-30,12,-0.3538514134966604,0.20202014645819677,-0.3538514134966604,0.20202014645819677,-0.5558715599548572,0.3276702989239009,-1.1496369654339782,-0.4997354004710448,-0.011058901373715124,0.3333333333333333,-1.7410539428264833,0.8440369899457841,-0.4212399690127865,0.7222222222222222
timesfm_daily_norm_point,25.0,2021-06-30_2022-05-31,12,-0.4012874037546269,0.1547230806668567,-0.4012874037546269,0.1547230806668567,-0.5560104844214836,0.3298336096979538,-1.3631339432803513,-0.5081695837326254,-0.04389760737316839,0.3333333333333333,-1.8557831188653677,0.9382512915345315,-0.4527568570511561,0.7222222222222222
timesfm_daily_norm_point,25.0,2021-07-31_2022-06-30,12,-0.5094513245983585,0.14515293481688385,-0.5094513245983585,0.14515293481688385,-0.6546042594152424,0.30538312896339515,-2.1164419860315955,-0.561206886714968,-0.04389760737316839,0.25,-2.650267480322252,0.9491549622654544,-0.5527805763167343,0.75
timesfm_daily_norm_point,25.0,2021-08-31_2022-07-31,12,-0.6223727320764498,0.16719366722844042,-0.6223727320764498,0.16719366722844042,-0.7895663993048903,0.31976555263192485,-2.7688224718013053,-0.6492217502080644,-0.04389760737316839,0.16666666666666666,-3.2448062499667554,0.4033433233652335,-0.6280466815912503,0.7777777777777777
timesfm_daily_norm_point,25.0,2021-09-30_2022-08-31,12,-0.6565396340008349,0.11990803732841937,-0.6565396340008349,0.11990803732841937,-0.7764476713292543,0.30489128258960213,-3.205012418501926,-0.6762750556318557,-0.04389760737316817,0.16666666666666666,-3.5080797526454623,0.20622853403493968,-0.6485187357616449,0.7499999999999999
timesfm_daily_norm_point,25.0,2021-10-31_2022-09-30,12,-0.6716866486818223,0.07700156092153554,-0.6716866486818223,0.07700156092153554,-0.7486882096033578,0.28392130371237756,-3.606527937446791,-0.6419252188051252,-0.04389760737316828,0.16666666666666666,-3.5559940773182577,-0.8532504409609609,-0.6316469265432235,0.7499999999999999
timesfm_daily_norm_point,25.0,2021-11-30_2022-10-31,12,-0.6416576769300602,0.0837751064100245,-0.6416576769300602,0.0837751064100245,-0.7254327833400847,0.2924668817272144,-3.218415194038218,-0.5899387981629036,-0.04389760737316839,0.16666666666666666,-3.200681042736518,-1.0478176949583016,-0.58769812801058,0.75
timesfm_daily_norm_point,25.0,2021-12-31_2022-11-30,12,-0.6164974514509953,0.04089310124175727,-0.6164974514509953,0.04089310124175727,-0.6573905526927526,0.2878018023866414,-3.0575500705094147,-0.5344177547231015,-0.052330809109684795,0.16666666666666666,-2.8918317911936557,-0.860729569491461,-0.5825922610136443,0.75
timesfm_daily_norm_point,25.0,2022-01-31_2022-12-31,12,-0.525489764098832,0.03139589518781816,-0.525489764098832,0.03139589518781816,-0.5568856592866501,0.27196022846776136,-2.5228795321226825,-0.5344177547231013,-0.0538908420070876,0.25,-2.364708508504753,-0.8385622436883176,-0.4914368368000781,0.75
timesfm_daily_norm_point,25.0,2022-02-28_2023-01-31,12,-0.5585125488125875,-0.006523085673795559,-0.5585125488125875,-0.006523085673795559,-0.551989463138792,0.26239082063108143,-2.8823407835074173,-0.471667489778579,-0.053890842007087936,0.25,-2.4837622752139303,-1.5821690209617194,-0.5452340196167508,0.7777777777777777
timesfm_daily_norm_point,25.0,2022-03-31_2023-02-28,12,-0.4895701518274478,-0.03763942955797195,-0.4895701518274478,-0.03763942955797195,-0.45193072226947584,0.2387917170644674,-2.620732522144775,-0.4810783878974775,-0.05860315994470999,0.25,-2.1873913340735056,-1.1856222757667079,-0.4974452421312233,0.8055555555555555
timesfm_daily_norm_point,25.0,2022-04-30_2023-03-31,12,-0.4921393153997735,-0.0433257664262765,-0.4921393153997735,-0.0433257664262765,-0.448813548973497,0.23941190319796363,-2.6332989044105575,-0.5246650975115268,-0.052003665957635614,0.25,-2.184566790774421,-1.2483236835186422,-0.5050779330102563,0.8055555555555554
timesfm_daily_norm_point,25.0,2022-05-31_2023-04-30,12,-0.5530343743072448,-0.07213752035282106,-0.5530343743072448,-0.07213752035282106,-0.4808968539544237,0.19979802914268588,-3.7965985192268676,-0.5142605213380544,-0.07596598010903766,0.16666666666666666,-2.938079089097312,-0.7836014542463745,-0.5699974778412047,0.8333333333333331
timesfm_daily_norm_point,25.0,2022-06-30_2023-05-31,12,-0.45356310807678446,-0.0361282154897381,-0.45356310807678446,-0.0361282154897381,-0.41743489258704636,0.27282470898867184,-2.029763879831823,-0.4555487705828778,-0.07596598010903755,0.25,-1.7661873440895153,-0.7257257663816764,-0.4474516430949226,0.8333333333333331
timesfm_daily_norm_point,25.0,2022-07-31_2023-06-30,12,-0.3611440021579576,-0.0028433046031512976,-0.3611440021579576,-0.0028433046031512976,-0.3583006975548063,0.27729497081393245,-1.452885186906782,-0.3189388163903927,-0.07596598010903743,0.3333333333333333,-1.406697068608294,0.1126489016652114,-0.33623394251079397,0.7777777777777778
timesfm_daily_norm_point,25.0,2022-08-31_2023-07-31,12,-0.20430053935526504,-0.031389184091800915,-0.20430053935526504,-0.031389184091800915,-0.17291135526346413,0.2095134956136924,-0.9861690245275204,-0.2723370858095987,-0.0655917893195096,0.3333333333333333,-0.9514892738016965,1.3303397040821894,-0.1553258210497177,0.7777777777777778
timesfm_daily_norm_point,25.0,2022-09-30_2023-08-31,12,-0.18767888431860313,-0.014331580574544756,-0.18767888431860313,-0.014331580574544756,-0.17334730374405838,0.20432283239742588,-0.9168697326253359,-0.2723370858095989,-0.06559178931950937,0.3333333333333333,-0.9432383921604847,1.194469533111412,-0.1598850576576678,0.7777777777777777
timesfm_daily_norm_point,25.0,2022-10-31_2023-09-30,12,-0.1458934873641945,-0.04883569016310929,-0.1458934873641945,-0.04883569016310929,-0.0970577972010852,0.2187683917826712,-0.6178626682555628,-0.26257433050141765,-0.06327241269436523,0.3333333333333333,-0.4090600978821021,0.6530971535685104,-0.09941555131057822,0.7777777777777777
timesfm_daily_norm_point,25.0,2022-11-30_2023-10-31,12,-0.1903615937161096,-8.074453772832779e-05,-0.1903615937161096,-8.074453772832779e-05,-0.19028084917838128,0.2252117384900961,-0.8283024675748445,-0.21927200000329938,-0.04084242285001627,0.3333333333333333,-0.7945760830702892,0.10802018825438894,-0.17173767642460347,0.7777777777777778
timesfm_daily_norm_point,25.0,2022-12-31_2023-11-30,12,-0.10011369868433351,0.06162621592425688,-0.10011369868433351,0.06162621592425688,-0.16173991460859038,0.2241110193964252,-0.3675579803989226,-0.21927200000329927,-0.04084242285001627,0.4166666666666667,-0.6072253107121466,0.01902202288199418,-0.08045300453592841,0.7777777777777778
timesfm_daily_norm_point,25.0,2023-01-31_2023-12-31,12,0.06910952404876602,0.05389394652891433,0.06910952404876602,0.05389394652891433,0.015215577519851697,0.30599675385181524,0.351926430084246,-0.16785100455136026,-0.04084242285001627,0.4166666666666667,0.1571699205537412,-0.35398053325519374,0.13532453818528833,0.7499999999999999
timesfm_daily_norm_point,25.0,2023-02-28_2024-01-31,12,0.1083651274892592,0.06910062416905749,0.1083651274892592,0.06910062416905749,0.039264503320201705,0.2991684856934129,0.4751084125344813,-0.1386644624767548,-0.04084242285001627,0.4166666666666667,0.22089142176640236,-0.4467219066894477,0.18822444287410112,0.75
timesfm_daily_norm_point,25.0,2023-03-31_2024-02-29,12,0.16763606558089728,0.07105311702696282,0.16763606558089728,0.07105311702696282,0.09658294855393446,0.29498508226464204,0.6569871970764866,-0.0646135850750531,-0.04084242285001627,0.5,0.3772009265896674,-0.5294370925760961,0.2585477395379514,0.7777777777777777
timesfm_daily_norm_point,25.0,2023-04-30_2024-03-31,12,0.18024570328413603,0.04605177038880415,0.18024570328413603,0.04605177038880415,0.13419393289533188,0.29146634108132463,0.6988581439203762,-0.08340905052369907,-0.028914327222309355,0.5,0.49878751817575473,-0.2193475112406222,0.23676173214266227,0.7777777777777778
timesfm_daily_norm_point,25.0,2023-05-31_2024-04-30,12,0.19545229490377025,0.05087612226469651,0.19545229490377025,0.05087612226469651,0.14457617263907374,0.28822404669856205,0.7487540346194859,-0.12700891882699739,-0.04720745865673304,0.5,0.5248398202288901,-0.3509746703533993,0.2613892953584358,0.7777777777777777
timesfm_daily_norm_point,25.0,2023-06-30_2024-05-31,12,-0.06066890325826024,0.06029804021364593,-0.06066890325826024,0.06029804021364593,-0.12096694347190617,0.29139215426588555,-0.08651333749685958,-0.22832777864821852,-0.04720745865673304,0.4166666666666667,-0.27623304315338765,-0.48909108377846533,0.005218866514183684,0.8055555555555555
timesfm_daily_norm_point,25.0,2023-07-31_2024-06-30,12,-0.1154317539545564,0.046802268590376395,-0.1154317539545564,0.046802268590376395,-0.1622340225449328,0.2874301360850465,-0.2992701837409421,-0.2420284664318405,-0.04720745865673304,0.3333333333333333,-0.4239646709640646,-0.8692816618307543,-0.04261637328145107,0.8333333333333334
timesfm_daily_norm_point,25.0,2023-08-31_2024-07-31,12,-0.12865889905019023,0.10318514893952901,-0.12865889905019023,0.10318514893952901,-0.23184404798971925,0.28765481441436797,-0.350794978870597,-0.25658949852407054,-0.04720745865673315,0.3333333333333333,-0.6276408788486616,-0.6804463343144781,-0.03040518406412207,0.8055555555555554
timesfm_daily_norm_point,25.0,2023-09-30_2024-08-31,12,-0.24408577982771873,0.08473288946892565,-0.24408577982771873,0.08473288946892565,-0.3288186692966444,0.3343413185948379,-0.6751048328395077,-0.3923756159518368,-0.04720745865673315,0.3333333333333333,-0.8775802888697481,-0.20864246054056493,-0.18903617368584802,0.8055555555555554
timesfm_daily_norm_point,25.0,2023-10-31_2024-09-30,12,-0.2685746313673938,0.12170948346779942,-0.2685746313673938,0.12170948346779942,-0.3902841148351932,0.3264344071240794,-0.7972842968026314,-0.3923756159518367,-0.047207458656732815,0.3333333333333333,-1.1278608268996546,0.12027862046125888,-0.24256651611676538,0.8333333333333334
timesfm_daily_norm_point,25.0,2023-11-30_2024-10-31,12,-0.24859961283439336,0.004734660022875703,-0.24859961283439336,0.004734660022875703,-0.25333427285726906,0.32375847284412335,-0.7249721931534989,-0.39754887264018823,-0.07254414974326939,0.4166666666666667,-0.746603692855932,0.3843343875270975,-0.21415746936500457,0.8055555555555555
timesfm_daily_norm_point,25.0,2023-12-31_2024-11-30,12,-0.35555247699832204,-0.026522408525777696,-0.35555247699832204,-0.026522408525777696,-0.32903006847254435,0.328456890069309,-1.1647280989746738,-0.4633023302647429,-0.07702368625268241,0.3333333333333333,-1.0736859995942594,0.2705591036458128,-0.31797300757206515,0.8055555555555555
timesfm_daily_norm_point,25.0,2024-01-31_2024-12-31,12,-0.4791532201239874,-0.013699490369203038,-0.4791532201239874,-0.013699490369203038,-0.4654537297547844,0.20981999137073928,-2.920892354405764,-0.4738648805546516,-0.07702368625268208,0.25,-2.854190797617696,0.46456953925163447,-0.46460762178481985,0.8333333333333334
timesfm_daily_norm_point,25.0,2024-02-29_2025-01-31,12,-0.5158873351975661,-0.14290566323586873,-0.5158873351975661,-0.14290566323586873,-0.3729816719616974,0.2125532836518391,-3.206070381230255,-0.5243439015420804,-0.18252959118595857,0.3333333333333333,-2.412218316568253,0.3980949333858868,-0.4737017726536721,0.8333333333333334
timesfm_daily_norm_point,25.0,2024-03-31_2025-02-28,12,-0.45469099821234993,-0.10676537761977256,-0.45469099821234993,-0.10676537761977256,-0.34792562059257737,0.2875114726014482,-1.9227201503169018,-0.48627559685685495,-0.1825295911859588,0.3333333333333333,-1.7107157421198222,0.7370233116887653,-0.38682787199912805,0.8333333333333334
timesfm_daily_norm_point,25.0,2024-04-30_2025-03-31,12,-0.3957317737396151,-0.06461005552580057,-0.3957317737396151,-0.06461005552580057,-0.33112171821381453,0.2942126815487131,-1.5386670812950973,-0.46061861501101997,-0.18252959118595868,0.3333333333333333,-1.5151564518980005,0.7950953562752924,-0.3415099483592512,0.861111111111111
timesfm_daily_norm_point,25.0,2024-05-31_2025-04-30,12,-0.33730979216796453,0.02942056800377868,-0.33730979216796453,0.02942056800377868,-0.3667303601717432,0.3050621634206252,-1.1820937963495337,-0.3897990294100999,-0.18252959118595857,0.3333333333333333,-1.5355775927265916,0.8775274367309909,-0.3336642918039877,0.861111111111111
timesfm_daily_norm_point,25.0,2024-06-30_2025-05-31,12,-0.35901610846228404,-0.019239253194651806,-0.35901610846228404,-0.019239253194651806,-0.33977685526763224,0.3151736842474989,-1.2360341231274496,-0.37876936323786303,-0.18252959118595835,0.3333333333333333,-1.5031156012653295,1.0139198506038811,-0.32421644799930005,0.8333333333333331
timesfm_daily_norm_point,25.0,2024-07-31_2025-06-30,12,-0.1923531587341737,0.03150250800801424,-0.1923531587341737,0.03150250800801424,-0.22385566674218793,0.4156408180927632,-0.3228043677385125,-0.36660144360179237,-0.1825295911859589,0.4166666666666667,-0.5767896288596135,1.4280063891920733,-0.1863063016317058,0.861111111111111
timesfm_daily_norm_point,25.0,2024-08-31_2025-07-31,12,0.23078199659826648,0.02082724764079913,0.23078199659826648,0.02082724764079913,0.20995474895746735,0.6540591227729363,0.5804916097648732,-0.24893695633557034,-0.1720911800730176,0.5,0.6167438176092286,2.11828820415929,0.3431312677285052,0.8888888888888888
timesfm_daily_norm_point,25.0,2024-09-30_2025-08-31,12,2.135613507322635,0.07082064647411035,2.135613507322635,0.07082064647411035,2.0647928608485246,1.1985487701490654,1.3722018237334754,-0.24893695633557045,-0.1720911800730176,0.5833333333333334,1.3794006823016502,2.6361233673830036,2.817171993392062,0.9166666666666666
timesfm_daily_norm_point,25.0,2024-10-31_2025-09-30,12,3.9525388865762903,0.07787885846139209,3.9525388865762903,0.07787885846139209,3.8746600281148984,1.2871161265036641,1.7422853180729903,-0.21840110000343194,-0.11858833109117162,0.5833333333333334,1.760155243133338,2.700876360226719,5.312456399972987,0.8888888888888888
timesfm_daily_norm_point,25.0,2024-11-30_2025-10-31,12,6.569443962277892,0.1960061542824556,6.569443962277892,0.1960061542824556,6.373437807995436,1.2900283483033017,2.1319504872087878,-0.14501278193157918,-0.11795970406671652,0.5833333333333334,2.074477702432738,2.7583052431148625,6.602336510534074,0.9166666666666665
timesfm_daily_norm_point,25.0,2024-12-31_2025-11-30,12,10.2255692310149,0.22133541890163522,10.2255692310149,0.22133541890163522,10.004233812113265,1.2376151231679935,2.5699187058697985,-0.14501278193157918,-0.11795970406671652,0.6666666666666666,2.504283733051205,2.535483277991057,9.787708292990436,0.8888888888888887
timesfm_daily_norm_point,25.0,2025-01-31_2025-12-31,12,9.46187159372499,0.17166648362633885,9.46187159372499,0.17166648362633885,9.29020511009865,1.2563775480215684,2.4789901334670272,-0.14501278193157918,-0.03669877287899381,0.6666666666666666,2.4688882902076927,2.804275944260502,9.70110998809189,0.8888888888888888
timesfm_daily_norm_point,25.0,2025-02-28_2026-01-31,12,7.628195138169071,0.31334945156909844,7.628195138169071,0.31334945156909844,7.3148456865999725,1.3139609360819875,2.2497559203496134,-0.32564646674132536,-0.04758367670999886,0.5833333333333334,2.103127510158793,4.038557879659283,4.416077164514389,0.8888888888888888
timesfm_daily_norm_point,25.0,2025-03-31_2026-02-28,12,5.330232288830708,0.08257309459079365,5.330232288830708,0.08257309459079365,5.2476591942399144,1.373417675324924,1.9300459123689562,-0.4327990845605296,-0.18488813271044613,0.5,1.9785808004500167,3.1081163892901205,7.4725541262010875,0.8611111111111112
timesfm_daily_norm_point,25.0,2025-04-30_2026-03-31,12,6.202994574087879,0.028079656548997578,6.202994574087879,0.028079656548997578,6.1749149175388816,1.3587260197373516,2.055025612776165,-0.4327990845605295,-0.19546042589812018,0.5833333333333334,2.1670322382954184,3.368048559900885,9.78770165534453,0.8055555555555555
timesfm_daily_norm_point,25.0,2025-05-31_2026-04-30,12,4.467600165792773,-0.14610708694572017,4.467600165792773,-0.14610708694572017,4.613707252738493,1.418725059517589,1.790738025872923,-0.47497615781624836,-0.29138146686445754,0.5833333333333334,2.082076963967243,3.9859254706436134,14.330741963537529,0.8055555555555555
timesfm_daily_norm_point,25.0,2025-06-30_2026-05-31,12,6.198143261477439,-0.18541351506394133,6.198143261477439,-0.18541351506394133,6.38355677654138,1.3694492428910647,2.052778393634917,-0.47497615781624836,-0.34737666250868915,0.6666666666666666,2.4249969522306194,3.656152534592449,19.828108310167185,0.8333333333333334
timesfm_daily_norm_point,25.0,2025-07-31_2026-06-30,12,6.780307298519792,-0.1667764227923394,6.780307298519792,-0.1667764227923394,6.947083721312131,1.3733709457777337,2.1198004951890446,-0.47497615781624847,-0.34737666250868904,0.6666666666666666,2.49391697668755,3.527557121478544,19.671127990606188,0.8055555555555555
timesfm_daily_norm_lower10,25.0,2019-01-31_2019-12-31,12,-0.5055958228327583,-0.0907583313333864,-0.5055958228327583,-0.0907583313333864,-0.4148374914993719,0.2576692925709219,-2.527184847433854,-0.5154200887724454,-0.08173242622854304,0.25,-2.269834594081877,0.7652026144191779,-0.44942136366899577,0.8888888888888888
timesfm_daily_norm_lower10,25.0,2019-02-28_2020-01-31,12,-0.5679637835426483,-0.15374678206850467,-0.5679637835426483,-0.15374678206850467,-0.41421700147414364,0.2595432074424477,-2.994992186015968,-0.5765345604183971,-0.157070533612218,0.16666666666666666,-2.5966196726194157,0.83870041021937,-0.48436589739448876,0.861111111111111
timesfm_daily_norm_lower10,25.0,2019-03-31_2020-02-29,12,-0.5925233516015334,-0.2983301643039218,-0.5925233516015334,-0.2983301643039218,-0.2941931872976116,0.2556744808961428,-3.2575632267105026,-0.6097417891229664,-0.2968733323797681,0.25,-1.8179369730922823,0.35560419378481606,-0.5218082452906498,0.9166666666666665
timesfm_daily_norm_lower10,25.0,2019-04-30_2020-03-31,12,-0.5772260814273997,-0.26938100433105683,-0.5772260814273997,-0.26938100433105683,-0.3078450770963429,0.27679418062217814,-2.867393987738126,-0.5874875725898716,-0.2897384073692094,0.25,-1.8295698159632665,0.5055797748570667,-0.4861277519802659,0.9166666666666665
timesfm_daily_norm_lower10,25.0,2019-05-31_2020-04-30,12,-0.5096147182618702,-0.23441422140073764,-0.5096147182618702,-0.23441422140073764,-0.2752004968611326,0.3217606601480769,-1.996460016701234,-0.5706275426707581,-0.2897384073692094,0.3333333333333333,-1.3084981321691516,0.6187316239731897,-0.39500162097404046,0.9166666666666666
timesfm_daily_norm_lower10,25.0,2019-06-30_2020-05-31,12,-0.4018306657954209,-0.22854562482453433,-0.4018306657954209,-0.22854562482453433,-0.1732850409708866,0.3933096032062803,-1.0963837713210418,-0.566596305069741,-0.2897384073692095,0.4166666666666667,-0.5636186185899764,0.8790449902611633,-0.2029312580352558,0.9166666666666666
timesfm_daily_norm_lower10,25.0,2019-07-31_2020-06-30,12,-0.3841840315298697,-0.1941752572672133,-0.3841840315298697,-0.1941752572672133,-0.1900087742626564,0.396541282228356,-1.0137446354422845,-0.4995895961710688,-0.2827760862119635,0.4166666666666667,-0.6078396702899984,0.8691373940860578,-0.21263833629737727,0.8888888888888888
timesfm_daily_norm_lower10,25.0,2019-08-31_2020-07-31,12,-0.2901603750282521,-0.1722348942847023,-0.2901603750282521,-0.1722348942847023,-0.1179254807435498,0.38178956929498525,-0.7065534974757646,-0.4938672189929413,-0.27948217627529803,0.4166666666666667,-0.32412943945897654,0.8802714123707284,-0.11904557476910704,0.8888888888888887
timesfm_daily_norm_lower10,25.0,2019-09-30_2020-08-31,12,-0.2608974825455782,-0.21057570090232802,-0.2608974825455782,-0.21057570090232802,-0.050321781643250185,0.380019228751882,-0.6074611234433825,-0.4938672189929413,-0.27948217627529803,0.5,-0.06746224226357302,0.8161067723266962,-0.05913226302074093,0.8611111111111108
timesfm_daily_norm_lower10,25.0,2019-10-31_2020-09-30,12,-0.2484762101196093,-0.1766274605970889,-0.2484762101196093,-0.1766274605970889,-0.0718487495225204,0.38378457562103424,-0.5556284323242104,-0.440416497358014,-0.2794821762752979,0.5,-0.14595822002605716,0.8304999252352646,-0.0736420745578884,0.8333333333333331
timesfm_daily_norm_lower10,25.0,2019-11-30_2020-10-31,12,-0.11376593046637251,-0.06643817837031618,-0.11376593046637251,-0.06643817837031618,-0.04732775209605633,0.38219595107113313,-0.13373713763528153,-0.35133874300892165,-0.2794821762752979,0.5,-0.047009660257366415,0.7912331989321145,-0.022571225272742135,0.8333333333333334
timesfm_daily_norm_lower10,25.0,2019-12-31_2020-11-30,12,0.13709549311879066,-0.050871312509224054,0.13709549311879066,-0.050871312509224054,0.1879668056280147,0.3671625167174788,0.5258672494902502,-0.19464632801550097,-0.2358764964179022,0.5833333333333334,0.817184479244118,0.9834530562955298,0.23274374400532172,0.8611111111111112
timesfm_daily_norm_lower10,25.0,2020-01-31_2020-12-31,12,0.27144117888718133,-0.013079995771551722,0.27144117888718133,-0.013079995771551722,0.28452117465873306,0.3164289580867361,0.9109139330346562,-0.0994026784558325,-0.16758179221927783,0.5833333333333334,1.194297306877238,0.8681800057355524,0.308009347888893,0.861111111111111
timesfm_daily_norm_lower10,25.0,2020-02-29_2021-01-31,12,0.7906846668177121,0.14471568274700242,0.7906846668177121,0.14471568274700242,0.6459689840707097,0.3325468076402321,1.9399487730412843,-0.0994026784558325,-0.07033476780972703,0.6666666666666666,1.888007601174061,0.8734796137726968,0.6322746283736227,0.861111111111111
timesfm_daily_norm_lower10,25.0,2020-03-31_2021-02-28,12,0.977472423175429,0.3187076559568369,0.977472423175429,0.3187076559568369,0.6587647672185921,0.30348882081812484,2.44244499375984,-0.0994026784558325,-0.07033476780972703,0.6666666666666666,1.801287991661459,1.041128679316137,0.5356112492876386,0.8333333333333331
timesfm_daily_norm_lower10,25.0,2020-04-30_2021-03-31,12,0.8290283265504443,0.2712264885896778,0.8290283265504443,0.2712264885896778,0.5578018379607665,0.3080513364626599,2.1422813793817084,-0.0994026784558325,-0.07033476780972714,0.6666666666666666,1.6085968270445674,1.0644041802321602,0.465543529877938,0.8055555555555554
timesfm_daily_norm_lower10,25.0,2020-05-31_2021-04-30,12,1.330592044719174,0.2511461011810818,1.330592044719174,0.2511461011810818,1.079445943538092,0.4617955260132537,2.080686824112823,-0.0994026784558325,-0.07033476780972703,0.6666666666666666,1.6047014658411876,0.6920448723891454,1.1599121381880648,0.7777777777777777
timesfm_daily_norm_lower10,25.0,2020-06-30_2021-05-31,12,0.8091829608204038,0.22018559574957508,0.8091829608204038,0.22018559574957508,0.5889973650708287,0.4790266900576928,1.4585209228579723,-0.0994026784558325,-0.07033476780972703,0.5833333333333334,1.0411024856201474,0.717064967652067,0.7047597744751692,0.7777777777777778
timesfm_daily_norm_lower10,25.0,2020-07-31_2021-06-30,12,1.0415570701297092,0.1787337447456181,1.0415570701297092,0.1787337447456181,0.8628233253840911,0.48547054989725646,1.7090040838136145,-0.0994026784558325,-0.07033476780972703,0.6666666666666666,1.3917583659911685,0.7994490231768063,0.9511152664168239,0.8055555555555557
timesfm_daily_norm_lower10,25.0,2020-08-31_2021-07-31,12,0.9420707198007934,0.17406019021811336,0.9420707198007934,0.17406019021811336,0.76801052958268,0.49554420129113486,1.5760889620673606,-0.0994026784558325,-0.0471551797914731,0.6666666666666666,1.2703233647342573,0.8134141808867014,0.8646133131132745,0.8333333333333334
timesfm_daily_norm_lower10,25.0,2020-09-30_2021-08-31,12,0.6787505156035132,0.29094300690606567,0.6787505156035132,0.29094300690606567,0.3878075086974475,0.5359716366599246,1.208606747149384,-0.19327624561689172,-0.0471551797914731,0.5833333333333334,0.7229188197107868,0.7418077171404506,0.5555603829645246,0.861111111111111
timesfm_daily_norm_lower10,25.0,2020-10-31_2021-09-30,12,0.4191716753450594,0.285307502281577,0.4191716753450594,0.285307502281577,0.13386417306348242,0.5571099961298106,0.8671096054811307,-0.2735707219304392,-0.04715517979147299,0.5,0.3967999129433054,0.49328404154716,0.41730118716984,0.861111111111111
timesfm_daily_norm_lower10,25.0,2020-11-30_2021-10-31,12,0.32005528830348595,0.164192612882329,0.32005528830348595,0.164192612882329,0.15586267542115695,0.5582451407535413,0.7319049310757556,-0.27929788086293195,-0.04715517979147299,0.5833333333333334,0.4496767821326268,0.6196349251405862,0.3583141273787849,0.8333333333333331
timesfm_daily_norm_lower10,25.0,2020-12-31_2021-11-30,12,-0.020412902344043138,0.10075285366229347,-0.020412902344043138,0.10075285366229347,-0.12116575600633661,0.5897300137798412,0.20873895727122183,-0.40802662544888735,-0.04715517979147321,0.5,0.03778541419362079,0.3855070671598539,0.08759301831280286,0.8055555555555554
timesfm_daily_norm_lower10,25.0,2021-01-31_2021-12-31,12,0.32279596552402356,0.1311417024200292,0.32279596552402356,0.1311417024200292,0.19165426310399436,0.6097937427455403,0.7193146604461798,-0.40802662544888724,-0.04715517979147299,0.5833333333333334,0.5030528222612418,-0.06638009330825499,0.5511388690268453,0.7777777777777777
timesfm_daily_norm_lower10,25.0,2021-02-28_2022-01-31,12,0.07776023322868264,0.1035559333431273,0.07776023322868264,0.1035559333431273,-0.025795700114444653,0.5720313783528402,0.3682413220473636,-0.40802662544888746,-0.008710521467504728,0.5,0.1811275825773279,-2.140156245327353,0.5236961768910586,0.7777777777777777
timesfm_daily_norm_lower10,25.0,2021-03-31_2022-02-28,12,-0.004027251591781966,0.1814244316261513,-0.004027251591781966,0.1814244316261513,-0.18545168321793326,0.577198082424955,0.23114225934794022,-0.40802662544888724,-0.008710521467504728,0.4166666666666667,-0.05966046758844471,-4.042767576406345,1.207793730981852,0.8055555555555555
timesfm_daily_norm_lower10,25.0,2021-04-30_2022-03-31,12,-0.007668234787995609,0.2056999327796627,-0.007668234787995609,0.2056999327796627,-0.2133681675676583,0.5772728502200393,0.2247669627118989,-0.4080266254488871,-0.008710521467504728,0.3333333333333333,-0.09967603292378345,-4.26524664307314,1.473197806308376,0.8055555555555555
timesfm_daily_norm_lower10,25.0,2021-05-31_2022-04-30,12,-0.27867484502346296,0.20202014645819677,-0.27867484502346296,0.20202014645819677,-0.48069499148165973,0.39528876033023336,-0.6378020015372066,-0.40802662544888735,-0.011058901373715124,0.3333333333333333,-1.0650836635668237,-1.3841106097391531,0.006826964287956816,0.8333333333333331
timesfm_daily_norm_lower10,25.0,2021-06-30_2022-05-31,12,-0.27948363469328097,0.1547230806668567,-0.27948363469328097,0.1547230806668567,-0.43420671536013766,0.39548503780891614,-0.6400646349568218,-0.40802662544888735,-0.04389760737316839,0.3333333333333333,-0.9818814590921576,-0.3351164183151453,-0.1857323719416174,0.8333333333333334
timesfm_daily_norm_lower10,25.0,2021-07-31_2022-06-30,12,-0.3360975528614648,0.14515293481688385,-0.3360975528614648,0.14515293481688385,-0.48125048767834866,0.3614490673768534,-0.9505321306205786,-0.376662742404268,-0.04389760737316839,0.3333333333333333,-1.2774856880260022,-0.4979472030218115,-0.24232991407896032,0.8333333333333334
timesfm_daily_norm_lower10,25.0,2021-08-31_2022-07-31,12,-0.29257722284189813,0.16719366722844042,-0.29257722284189813,0.16719366722844042,-0.45977089007033856,0.36273342133880493,-0.7755419635501076,-0.2662006401388447,-0.04389760737316839,0.3333333333333333,-1.1657428711956968,-0.33075257109472755,-0.20632417761378963,0.8333333333333334
timesfm_daily_norm_lower10,25.0,2021-09-30_2022-08-31,12,-0.25087784160962723,0.11990803732841937,-0.25087784160962723,0.11990803732841937,-0.3707858789380466,0.3466961392203894,-0.6669899180805002,-0.18509152587538313,-0.04389760737316817,0.3333333333333333,-0.9910203325406526,0.27113603667283326,-0.23350870073629504,0.8055555555555555
timesfm_daily_norm_lower10,25.0,2021-10-31_2022-09-30,12,-0.17546901499842005,0.07700156092153554,-0.17546901499842005,0.07700156092153554,-0.2524705759199556,0.33547185544990116,-0.4191083148548763,-0.17861574313127937,-0.04389760737316828,0.3333333333333333,-0.6659178746213932,1.013190472970097,-0.1979741291899908,0.8333333333333331
timesfm_daily_norm_lower10,25.0,2021-11-30_2022-10-31,12,-0.20077703009134196,0.0837751064100245,-0.20077703009134196,0.0837751064100245,-0.28455213650136646,0.3364729425220581,-0.5083644599700018,-0.20212212010039265,-0.04389760737316839,0.25,-0.7788232142474919,1.106096887481535,-0.23358082298607885,0.861111111111111
timesfm_daily_norm_lower10,25.0,2021-12-31_2022-11-30,12,-0.10078428993429844,0.04089310124175727,-0.10078428993429844,0.04089310124175727,-0.1416773911760557,0.2948260275372693,-0.23161283733696938,-0.2626414366838584,-0.052330809109684795,0.25,-0.4058542765147451,1.3003980595092182,-0.11779219053580203,0.861111111111111
timesfm_daily_norm_lower10,25.0,2022-01-31_2022-12-31,12,-0.2665288781667693,0.03139589518781816,-0.2665288781667693,0.03139589518781816,-0.29792477335458745,0.1693586941231769,-1.7267750188196793,-0.26856065412752617,-0.0538908420070876,0.16666666666666666,-2.3273253795114726,1.1392264348558336,-0.28540106267902343,0.8888888888888888
timesfm_daily_norm_lower10,25.0,2022-02-28_2023-01-31,12,-0.3008908768514298,-0.006523085673795559,-0.3008908768514298,-0.006523085673795559,-0.29436779117763423,0.1676505452451316,-2.024586110264153,-0.26742105141680306,-0.053890842007087936,0.16666666666666666,-2.375205985124068,1.2429368596692478,-0.28764298032095426,0.9166666666666665
timesfm_daily_norm_lower10,25.0,2022-03-31_2023-02-28,12,-0.3133973565311361,-0.03763942955797195,-0.3133973565311361,-0.03763942955797195,-0.27575792697316415,0.17186110358239584,-2.0728798159558592,-0.32334758716686673,-0.05860315994470999,0.16666666666666666,-2.370616349396433,1.7184349062866442,-0.2575130763245661,0.8888888888888888
timesfm_daily_norm_lower10,25.0,2022-04-30_2023-03-31,12,-0.4314360086199802,-0.0433257664262765,-0.4314360086199802,-0.0433257664262765,-0.3881102421937037,0.22022822153873456,-2.3969582988025384,-0.4406094996238551,-0.052003665957635614,0.16666666666666666,-2.2981228704428887,0.9420488276658012,-0.39244689526731935,0.9166666666666665
timesfm_daily_norm_lower10,25.0,2022-05-31_2023-04-30,12,-0.48082922171767006,-0.07213752035282106,-0.48082922171767006,-0.07213752035282106,-0.408691701364849,0.2113364261370877,-2.915617264391368,-0.46760988943684134,-0.07596598010903766,0.08333333333333333,-2.7411103495275646,0.9589783167007514,-0.4287900119207513,0.9166666666666665
timesfm_daily_norm_lower10,25.0,2022-06-30_2023-05-31,12,-0.4236680936981243,-0.0361282154897381,-0.4236680936981243,-0.0361282154897381,-0.3875398782083862,0.21436144980215838,-2.4077462113357195,-0.46760988943684123,-0.07596598010903755,0.16666666666666666,-2.361984623445821,0.9456709829822829,-0.3895358609838694,0.8888888888888888
timesfm_daily_norm_lower10,25.0,2022-07-31_2023-06-30,12,-0.48041954542000165,-0.0028433046031512976,-0.48041954542000165,-0.0028433046031512976,-0.47757624081685035,0.18241016578488936,-3.401974925515234,-0.4865490657586442,-0.07596598010903743,0.08333333333333333,-3.463330585247748,0.584510048108038,-0.4712988267366388,0.861111111111111
timesfm_daily_norm_lower10,25.0,2022-08-31_2023-07-31,12,-0.6091048303836564,-0.031389184091800915,-0.6091048303836564,-0.031389184091800915,-0.5777156462918553,0.24755223819818906,-3.519188594185444,-0.5654488116427372,-0.0655917893195096,0.08333333333333333,-3.2751583546921887,0.06620628705107985,-0.5943777981349618,0.861111111111111
timesfm_daily_norm_lower10,25.0,2022-09-30_2023-08-31,12,-0.549437162463887,-0.014331580574544756,-0.549437162463887,-0.014331580574544756,-0.5351055818893422,0.26793339587912945,-2.7390176190546183,-0.5615519831432464,-0.06559178931950937,0.16666666666666666,-2.5917034072350833,-0.057244765630333615,-0.5314009862339211,0.8888888888888888
timesfm_daily_norm_lower10,25.0,2022-10-31_2023-09-30,12,-0.5504438949754475,-0.04883569016310929,-0.5504438949754475,-0.04883569016310929,-0.5016082048123383,0.2674708645601574,-2.7520336587078966,-0.544073669468543,-0.06327241269436523,0.25,-2.4086038742508236,-0.3938206893933729,-0.5413684567784108,0.8888888888888888
timesfm_daily_norm_lower10,25.0,2022-11-30_2023-10-31,12,-0.4673258859286562,-8.074453772832779e-05,-0.4673258859286562,-8.074453772832779e-05,-0.4672451413909279,0.33478085026386345,-1.6676211607102498,-0.506653137167298,-0.04084242285001627,0.3333333333333333,-1.744898073704452,0.9887473914829905,-0.437650298277823,0.861111111111111
timesfm_daily_norm_lower10,25.0,2022-12-31_2023-11-30,12,-0.4302575436423631,0.06162621592425688,-0.4302575436423631,0.06162621592425688,-0.49188375956662,0.33481215728412494,-1.4753850024396067,-0.5026606976400333,-0.04084242285001627,0.3333333333333333,-1.7301131531926215,1.0316810159598744,-0.43614114968247164,0.8888888888888888
timesfm_daily_norm_lower10,25.0,2023-01-31_2023-12-31,12,-0.41308993200429334,0.05389394652891433,-0.41308993200429334,0.05389394652891433,-0.46698387853320766,0.3393429849440297,-1.3676030267673212,-0.47966129757179565,-0.04084242285001627,0.4166666666666667,-1.5799368620090923,0.9215872753991453,-0.4098179787161881,0.861111111111111
timesfm_daily_norm_lower10,25.0,2023-02-28_2024-01-31,12,-0.38251312004323457,0.06910062416905749,-0.38251312004323457,0.06910062416905749,-0.45161374421229206,0.3421004984648129,-1.2110222481831323,-0.4366543703938548,-0.04084242285001627,0.4166666666666667,-1.464884857546594,0.9634286645422518,-0.38880283093870893,0.861111111111111
timesfm_daily_norm_lower10,25.0,2023-03-31_2024-02-29,12,-0.3247956622479288,0.07105311702696282,-0.3247956622479288,0.07105311702696282,-0.3958487792748916,0.34148126639796983,-0.9603910910030383,-0.3185633662429379,-0.04084242285001627,0.5,-1.201165725885263,0.8427968846933809,-0.32664941279981075,0.861111111111111
timesfm_daily_norm_lower10,25.0,2023-04-30_2024-03-31,12,-0.23059847714546078,0.04605177038880415,-0.23059847714546078,0.04605177038880415,-0.2766502475342649,0.3052549234212661,-0.6965422370128997,-0.27213752781005107,-0.028914327222309355,0.5,-0.9067389929374594,1.1289231298834026,-0.23715463163665196,0.861111111111111
timesfm_daily_norm_lower10,25.0,2023-05-31_2024-04-30,12,-0.21724292732841477,0.05087612226469651,-0.21724292732841477,0.05087612226469651,-0.2681190495931113,0.3025486318729198,-0.6495241327818201,-0.27213752781005107,-0.04720745865673304,0.5,-0.8667189674382378,1.061542865734856,-0.22560563631137764,0.861111111111111
timesfm_daily_norm_lower10,25.0,2023-06-30_2024-05-31,12,-0.21662009290301276,0.06029804021364593,-0.21662009290301276,0.06029804021364593,-0.2769181331166587,0.30262238881915243,-0.6467135091233513,-0.2386903138195533,-0.04720745865673304,0.4166666666666667,-0.8972681704666241,1.0837109344579479,-0.23358485649116534,0.8888888888888888
timesfm_daily_norm_lower10,25.0,2023-07-31_2024-06-30,12,-0.1071142716078648,0.046802268590376395,-0.1071142716078648,0.046802268590376395,-0.1539165401982412,0.31841209410736343,-0.19492028429070113,-0.11051960143225936,-0.04720745865673304,0.5,-0.38294459369772293,1.76902844539543,-0.13892930765151235,0.9166666666666666
timesfm_daily_norm_lower10,25.0,2023-08-31_2024-07-31,12,0.38680488948007574,0.10318514893952901,0.38680488948007574,0.10318514893952901,0.2836197405405467,0.25332797120073863,1.417411720974302,-0.11051960143225936,-0.04720745865673315,0.5833333333333334,1.4206027198625921,2.141649673783001,0.1476715904922592,0.9166666666666666
timesfm_daily_norm_lower10,25.0,2023-09-30_2024-08-31,12,0.3181278318545311,0.08473288946892565,0.3181278318545311,0.08473288946892565,0.23339494238560543,0.2569744092849506,1.1974871299432588,-0.11051960143225947,-0.04720745865673315,0.5833333333333334,1.2305932138761042,2.1322615710886463,0.1310106910170863,0.9166666666666666
timesfm_daily_norm_lower10,25.0,2023-10-31_2024-09-30,12,0.2614589609561133,0.12170948346779942,0.2614589609561133,0.12170948346779942,0.1397494774883139,0.26693044793005394,0.9935506457384718,-0.11051960143225947,-0.047207458656732815,0.5,0.7426375790261707,2.332089812024633,-0.013276474697845875,0.8888888888888888
timesfm_daily_norm_lower10,25.0,2023-11-30_2024-10-31,12,-0.052344167985571066,0.004734660022875703,-0.052344167985571066,0.004734660022875703,-0.05707882800844677,0.2810960781134501,-0.06491314842851754,-0.2016337055797195,-0.07254414974326939,0.4166666666666667,-0.14359063514058876,2.2183629866213797,-0.039888231852608924,0.9166666666666665
timesfm_daily_norm_lower10,25.0,2023-12-31_2024-11-30,12,-0.02511117769385074,-0.026522408525777696,-0.02511117769385074,-0.026522408525777696,0.0014112308319269573,0.2814266299585181,0.036097400629784816,-0.2016337055797195,-0.07702368625268241,0.5,0.16465637515420703,2.4079127943407936,0.06463666262735934,0.9166666666666665
timesfm_daily_norm_lower10,25.0,2024-01-31_2024-12-31,12,-0.08010341221643968,-0.013699490369203038,-0.08010341221643968,-0.013699490369203038,-0.06640392184723665,0.28263131418123427,-0.16800404405754818,-0.21721513064809084,-0.07702368625268208,0.4166666666666667,-0.19717615674645922,2.41432113020446,-0.02591018623739716,0.9444444444444443
timesfm_daily_norm_lower10,25.0,2024-02-29_2025-01-31,12,-0.14973277388523532,-0.14290566323586873,-0.14973277388523532,-0.14290566323586873,-0.006827110649366586,0.28997916675616,-0.4262349369329259,-0.27241844629861944,-0.18252959118595857,0.5,0.08981574496452883,1.4016003403664044,0.0777496207183761,0.9166666666666665
timesfm_daily_norm_lower10,25.0,2024-03-31_2025-02-28,12,-0.1400242030265496,-0.10676537761977256,-0.1400242030265496,-0.10676537761977256,-0.03325882540677705,0.2910868138496706,-0.3849947055751779,-0.27241844629861944,-0.1825295911859588,0.4166666666666667,-0.06071696185138541,1.326101287980671,0.02041875000571869,0.9444444444444443
timesfm_daily_norm_lower10,25.0,2024-04-30_2025-03-31,12,-0.00038429914109083807,-0.06461005552580057,-0.00038429914109083807,-0.06461005552580057,0.06422575638470973,0.30315231538311893,0.13490773922952118,-0.27241844629861944,-0.18252959118595868,0.5,0.4640750099685342,1.3886708041802596,0.12058304517570506,0.9166666666666665
timesfm_daily_norm_lower10,25.0,2024-05-31_2025-04-30,12,0.06427792332334681,0.02942056800377868,0.06427792332334681,0.02942056800377868,0.03485735531956813,0.29621476739415614,0.3442632398029957,-0.27241844629861933,-0.18252959118595857,0.5,0.27580821412041795,1.1937278646416716,0.050661821905556126,0.9166666666666665
timesfm_daily_norm_lower10,25.0,2024-06-30_2025-05-31,12,0.03425534364127647,-0.019239253194651806,0.03425534364127647,-0.019239253194651806,0.053494596835928276,0.2974711051642633,0.24707343220555303,-0.27241844629861955,-0.18252959118595835,0.5833333333333334,0.36804977686874274,1.1776381132563771,0.08101934930172816,0.9166666666666665
timesfm_daily_norm_lower10,25.0,2024-07-31_2025-06-30,12,-0.07124406431417929,0.03150250800801424,-0.07124406431417929,0.03150250800801424,-0.10274657232219353,0.2838541025378374,-0.13267022927791888,-0.27241844629861933,-0.1825295911859589,0.5,-0.38384492843616563,0.8802921284287236,-0.07802059751202328,0.8888888888888887
timesfm_daily_norm_lower10,25.0,2024-08-31_2025-07-31,12,-0.2087326650127186,0.02082724764079913,-0.2087326650127186,0.02082724764079913,-0.22955991265351772,0.20084029210784024,-1.059062711734548,-0.2617132271404481,-0.1720911800730176,0.4166666666666667,-1.4326309120250231,0.6287701539061858,-0.2126772909525596,0.8888888888888888
timesfm_daily_norm_lower10,25.0,2024-09-30_2025-08-31,12,-0.05452663468601027,0.07082064647411035,-0.05452663468601027,0.07082064647411035,-0.12534728116012062,0.2803122174926736,-0.07364446331464598,-0.2198858988658674,-0.1720911800730176,0.4166666666666667,-0.4392627813503818,0.757188798409567,-0.08268495544185506,0.8888888888888888
timesfm_daily_norm_lower10,25.0,2024-10-31_2025-09-30,12,0.03427798860335951,0.07787885846139209,0.03427798860335951,0.07787885846139209,-0.043600869858032576,0.27642620199839946,0.24688913124855572,-0.10377771144082792,-0.11858833109117162,0.5,-0.1034939746205222,0.7595524926868683,-0.002343284100826737,0.8888888888888888
timesfm_daily_norm_lower10,25.0,2024-11-30_2025-10-31,12,0.2523307025175541,0.1960061542824556,0.2523307025175541,0.1960061542824556,0.05632454823509847,0.22370710686643433,1.1117917967832711,-0.10377771144082792,-0.11795970406671652,0.5,0.23821282957569906,0.5129489745279474,0.1587379079745821,0.861111111111111
timesfm_daily_norm_lower10,25.0,2024-12-31_2025-11-30,12,0.18317576722087492,0.22133541890163522,0.18317576722087492,0.22133541890163522,-0.0381596516807603,0.23166979257390244,0.8311976249045623,-0.07052169480004533,-0.11795970406671652,0.4166666666666667,-0.10671303332103646,0.5220912123646404,0.08223901471128636,0.8333333333333331
timesfm_daily_norm_lower10,25.0,2025-01-31_2025-12-31,12,0.1425351788718947,0.17166648362633885,0.1425351788718947,0.17166648362633885,-0.029131304754444143,0.24189427077327125,0.6591459117457149,-0.10547850307669249,-0.03669877287899381,0.4166666666666667,-0.07336231674444287,0.5973823673175845,0.05560156585681231,0.8333333333333334
timesfm_daily_norm_lower10,25.0,2025-02-28_2026-01-31,12,0.49974998035225093,0.31334945156909844,0.49974998035225093,0.31334945156909844,0.1864005287831525,0.299707181210449,1.5016189072614528,-0.10547850307669238,-0.04758367670999886,0.4166666666666667,0.515951631808155,0.012025788758740661,0.5504323356375884,0.861111111111111
timesfm_daily_norm_lower10,25.0,2025-03-31_2026-02-28,12,0.3576825609933587,0.08257309459079365,0.3576825609933587,0.08257309459079365,0.27510946640256506,0.32025220824362693,1.103128861292479,-0.10547850307669238,-0.18488813271044613,0.5,0.7743422511532534,0.45193610749405344,0.35533492151637347,0.8333333333333331
timesfm_daily_norm_lower10,25.0,2025-04-30_2026-03-31,12,0.23923237582451562,0.028079656548997578,0.23923237582451562,0.028079656548997578,0.21115271927551804,0.31308619717350583,0.8232456506064613,-0.10547850307669249,-0.19546042589812018,0.5,0.6462766399230608,0.4138210608499618,0.26560229846585237,0.861111111111111
timesfm_daily_norm_lower10,25.0,2025-05-31_2026-04-30,12,0.06656173565392276,-0.14610708694572017,0.06656173565392276,-0.14610708694572017,0.21266882259964293,0.35013054527177084,0.33608342074002945,-0.20030971602921288,-0.29138146686445754,0.5,0.7860630448016744,0.7096712178893159,0.23277317105631812,0.861111111111111
timesfm_daily_norm_lower10,25.0,2025-06-30_2026-05-31,12,-0.029768889448423708,-0.18541351506394133,-0.029768889448423708,-0.18541351506394133,0.15564462561551762,0.36878018119741596,0.07881154274556554,-0.28630909788387904,-0.34737666250868915,0.4166666666666667,0.639088890802389,0.790573453665595,0.18188163160263637,0.861111111111111
timesfm_daily_norm_lower10,25.0,2025-07-31_2026-06-30,12,0.7634075035074301,-0.1667764227923394,0.7634075035074301,-0.1667764227923394,0.9301839262997695,0.856919576510461,0.9674717023966156,-0.28630909788387904,-0.34737666250868904,0.5,1.382414658660899,2.352621419855617,2.0963740511894255,0.8888888888888888
